═══════════════════════════════════════════════════════════════
TRAINING SESSION LOG
Started: 29-Oct-2025 13:29:08
Log file: C:\Users\Thuan\Desktop\Copy_of_New Folder - Copy\algorithms\rlampso\matlabimplementation\training\logs\training_advanced_20251029_132907.log
═══════════════════════════════════════════════════════════════

Creating RLAMPSO configuration...

╔════════════════════════════════════════════════════════╗
║     RLAM-PSO Configuration (GPU-Optimized)            ║
╚════════════════════════════════════════════════════════╝

Mode: advanced

--- Features Enabled ---
  Transformer State: ON (state: 64D)
  TD3:               ON
  PER:               ON
  Curriculum:        ON

--- Compute Configuration ---
  Mode:              GPU-Optimized Sequential
  GPU:               OFF (CPU fallback)
  Parallel:          OFF (disabled for dlnetwork compatibility)

--- Training Parameters ---
  Episodes:          1000
  Population:        40
  Max Iterations:    600
  Batch Size:        256 (GPU-optimized)
  Actor LR:          0.00010
  Critic LR:         0.00100

--- GPU Optimization (2025) ---
  Gradient Steps/Call:  1
  Train Every:          1 iterations
  Mid-Episode Training: ON
  Estimated UTD Ratio:  ~600.0

════════════════════════════════════════════════════════

⚠ No GPU detected - using CPU (slower)
  Batch Size (CPU): 256

════════ Training Configuration (from RLAMPSO_Config) ════════
Mode: advanced

  Features Enabled:
    Transformer: ON
    TD3: ON
    PER: ON
    GPU: OFF
    Parallel: OFF (disabled for dlnetwork)

  Training Parameters:
    Episodes: 1000
    PSO Population: 40
    Max PSO Iterations: 600
    Batch Size: 256 (GPU-optimized)
    Actor LR: 0.000100
    Critic LR: 0.001000
═══════════════════════════════════════════════════════════════

Estimated Time (CPU): ~83.3 hours (1000 episodes)

(Batch mode: auto-approved)

╔════════════════════════════════════════════════════════════════╗
║            UAV PATH PLANNING TRAINING                         ║
║                  (1000 episodes)                                   ║
╚════════════════════════════════════════════════════════════════╝

Training Configuration:
  Episodes: 1000
  Actor LR: 0.000100
  Critic LR: 0.001000
  Tau: 0.001000


╔════════════════════════════════════════════════════════╗
║  RLAM-PSO GPU-Optimized Sequential Training          ║
╚════════════════════════════════════════════════════════╝

ℹ Running in CPU mode

=== Training Configuration ===
Episodes: 1000
Population: 40
Max Iterations: 600
Batch Size: 256
===============================

Initializing new agent from scratch...
✓ Agent initialized

Initializing Curriculum Manager...
Curriculum Manager Initialized:
  Starting Level: 1 (Easy)
  Success Threshold: 80.0%
  Evaluation Window: 20 episodes
✓ Curriculum Manager initialized

Starting GPU-optimized sequential training...

  → Initializing Transformer state encoder (64D)
Transformer State Encoder Initialized:
  Input Feature Dim: 34
  Hidden Dim: 64
  Number of Heads: 4
  Head Dim: 16
  Total Parameters: 47936
[REWARD DEBUG] Stagnation (normal): 0.0000 → Reward: 0.0
[REWARD DEBUG] Improvement: 360.0652 → Reward: +1.0000
[REWARD DEBUG] Stagnation (normal): 0.0000 → Reward: 0.0
[REWARD DEBUG] Stagnation (normal): 0.0000 → Reward: 0.0
[REWARD DEBUG] Improvement: 0.5005 → Reward: +0.0881
[REWARD DEBUG] Improvement: 1.1425 → Reward: +0.1655
[REWARD DEBUG] Improvement: 0.7490 → Reward: +0.1214
[REWARD DEBUG] Stagnation (normal): 0.0000 → Reward: 0.0
[REWARD DEBUG] Stagnation (normal): 0.0000 → Reward: 0.0
[REWARD DEBUG] Stagnation (normal): 0.0000 → Reward: 0.0
[REWARD DEBUG] Stagnation (normal): 0.0000 → Reward: 0.0
[ACTION DEBUG iter 100] Raw action[1:3]: [0.0000, 0.0000, 0.0000], noise: 0.0500
[RLAMPSO DEBUG iter 100] w=0.7152, c1=1.4561, c2=1.4613 | fitness=2065.50
[REWARD DEBUG iter 100] FitnessImprovement: 0.0000 → Reward: +0.0000 (prevFit=2065.50, currFit=2065.50)
[REWARD DEBUG] Stagnation (normal): 0.0000 → Reward: 0.0
[REWARD DEBUG] Stagnation (normal): 0.0000 → Reward: 0.0
[REWARD DEBUG] Improvement: 0.0167 → Reward: +0.0036
[REWARD DEBUG] Stagnation (normal): 0.0000 → Reward: 0.0
[REWARD DEBUG] Stagnation (normal): 0.0000 → Reward: 0.0
[REWARD DEBUG] Stagnation (normal): 0.0000 → Reward: 0.0
[REWARD DEBUG] Stagnation (normal): 0.0000 → Reward: 0.0
[REWARD DEBUG] Stagnation (normal): 0.0000 → Reward: 0.0
[REWARD DEBUG] Stagnation (normal): 0.0000 → Reward: 0.0
[ACTION DEBUG iter 200] Raw action[1:3]: [0.0000, 0.0000, 0.0000], noise: 0.0500
[RLAMPSO DEBUG iter 200] w=0.7338, c1=1.4564, c2=1.5280 | fitness=2058.84
[REWARD DEBUG iter 200] FitnessImprovement: 0.0000 → Reward: +0.0000 (prevFit=2058.84, currFit=2058.84)
[REWARD DEBUG] Improvement: 0.0515 → Reward: +0.0109
[REWARD DEBUG] Improvement: 0.0088 → Reward: +0.0019
[REWARD DEBUG] Stagnation (normal): 0.0000 → Reward: 0.0
[REWARD DEBUG] Stagnation (normal): 0.0000 → Reward: 0.0
[REWARD DEBUG] Stagnation (normal): 0.0000 → Reward: 0.0
[ACTION DEBUG iter 300] Raw action[1:3]: [0.0000, 0.0000, 0.0000], noise: 0.0500
[RLAMPSO DEBUG iter 300] w=0.6877, c1=1.5644, c2=1.4956 | fitness=2058.38
[REWARD DEBUG iter 300] FitnessImprovement: 0.0000 → Reward: +0.0000 (prevFit=2058.38, currFit=2058.38)
[REWARD DEBUG] Stagnation (normal): 0.0000 → Reward: 0.0
[REWARD DEBUG] Stagnation (normal): 0.0000 → Reward: 0.0
[REWARD DEBUG] Stagnation (normal): 0.0000 → Reward: 0.0
[REWARD DEBUG] Stagnation (normal): 0.0000 → Reward: 0.0
[REWARD DEBUG] Stagnation (normal): 0.0000 → Reward: 0.0
[REWARD DEBUG] Stagnation (normal): 0.0000 → Reward: 0.0
[REWARD DEBUG] Improvement: 0.0197 → Reward: +0.0042
[ACTION DEBUG iter 400] Raw action[1:3]: [0.0013, 0.0001, -0.0017], noise: 0.0500
[RLAMPSO DEBUG iter 400] w=0.7320, c1=1.5361, c2=1.3253 | fitness=2052.15
[REWARD DEBUG iter 400] FitnessImprovement: 0.0000 → Reward: +0.0000 (prevFit=2052.15, currFit=2052.15)
[REWARD DEBUG] Improvement: 0.0042 → Reward: +0.0009
[REWARD DEBUG] Stagnation (normal): 0.0000 → Reward: 0.0
[REWARD DEBUG] Stagnation (normal): 0.0000 → Reward: 0.0
[REWARD DEBUG] Stagnation (normal): 0.0000 → Reward: 0.0
[ACTION DEBUG iter 500] Raw action[1:3]: [0.0020, 0.0015, -0.0024], noise: 0.0500
[RLAMPSO DEBUG iter 500] w=0.7049, c1=1.5236, c2=1.2965 | fitness=2051.30
[REWARD DEBUG iter 500] FitnessImprovement: 0.0118 → Reward: +0.0025 (prevFit=2051.30, currFit=2051.29)
[REWARD DEBUG] Stagnation (normal): 0.0000 → Reward: 0.0
[REWARD DEBUG] Stagnation (normal): 0.0000 → Reward: 0.0
[REWARD DEBUG] Stagnation (normal): 0.0000 → Reward: 0.0
[REWARD DEBUG] Improvement: 0.0001 → Reward: +0.0000
[REWARD DEBUG] Stagnation (normal): 0.0000 → Reward: 0.0
[ACTION DEBUG iter 600] Raw action[1:3]: [-0.0019, 0.0134, -0.0028], noise: 0.0500
[RLAMPSO DEBUG iter 600] w=0.6956, c1=1.4790, c2=1.5476 | fitness=2050.91
[REWARD DEBUG iter 600] FitnessImprovement: 0.0000 → Reward: +0.0000 (prevFit=2050.91, currFit=2050.91)
[Ep   1/1000] Fit:  2050.9 | Avg:  2050.9 | Reward:   +0.0 | Time:  43.7s
          Buffer:   550 | Noise: 0.0995 | ActorLoss: -2.078e-02 | CriticLoss: 1.554e-04
[REWARD DEBUG] Stagnation (normal): 0.0000 → Reward: 0.0
[REWARD DEBUG] Stagnation (normal): 0.0000 → Reward: 0.0
[REWARD DEBUG] Stagnation (normal): 0.0000 → Reward: 0.0
[REWARD DEBUG] Stagnation (normal): 0.0000 → Reward: 0.0
[ACTION DEBUG iter 100] Raw action[1:3]: [-0.0053, 0.0247, -0.0042], noise: 0.0500
[RLAMPSO DEBUG iter 100] w=0.6783, c1=1.5021, c2=1.5680 | fitness=2000.88
[REWARD DEBUG iter 100] FitnessImprovement: 2.3054 → Reward: +0.2596 (prevFit=2000.88, currFit=1998.57)
[REWARD DEBUG] Stagnation (normal): 0.0000 → Reward: 0.0
[REWARD DEBUG] Stagnation (normal): 0.0000 → Reward: 0.0
[REWARD DEBUG] Stagnation (normal): 0.0000 → Reward: 0.0
[REWARD DEBUG] Improvement: 0.1702 → Reward: +0.0341
[REWARD DEBUG] Stagnation (normal): 0.0000 → Reward: 0.0
[REWARD DEBUG] Stagnation (normal): 0.0000 → Reward: 0.0
[REWARD DEBUG] Stagnation (normal): 0.0000 → Reward: 0.0
[REWARD DEBUG] Stagnation (normal): 0.0000 → Reward: 0.0
[REWARD DEBUG] Improvement: 0.3153 → Reward: +0.0595
[REWARD DEBUG] Stagnation (normal): 0.0000 → Reward: 0.0
[ACTION DEBUG iter 200] Raw action[1:3]: [-0.0168, 0.0662, -0.0013], noise: 0.0500
[RLAMPSO DEBUG iter 200] w=0.7218, c1=1.5897, c2=1.6151 | fitness=1925.61
[REWARD DEBUG iter 200] FitnessImprovement: 0.1838 → Reward: +0.0366 (prevFit=1925.61, currFit=1925.43)
[REWARD DEBUG] Stagnation (normal): 0.0000 → Reward: 0.0
[REWARD DEBUG] Stagnation (normal): 0.0000 → Reward: 0.0
[REWARD DEBUG] Improvement: 0.0040 → Reward: +0.0009
[REWARD DEBUG] Stagnation (normal): 0.0000 → Reward: 0.0
[REWARD DEBUG] Stagnation (normal): 0.0000 → Reward: 0.0
[ACTION DEBUG iter 300] Raw action[1:3]: [-0.0255, 0.1511, -0.0143], noise: 0.0500
[RLAMPSO DEBUG iter 300] w=0.6989, c1=1.6311, c2=1.3467 | fitness=1918.98
[REWARD DEBUG iter 300] FitnessImprovement: 0.0076 → Reward: +0.0016 (prevFit=1918.98, currFit=1918.97)
[REWARD DEBUG] Stagnation (normal): 0.0000 → Reward: 0.0
[REWARD DEBUG] Stagnation (normal): 0.0000 → Reward: 0.0
[REWARD DEBUG] Stagnation (normal): 0.0000 → Reward: 0.0
[REWARD DEBUG] Improvement: 0.0033 → Reward: +0.0007
[REWARD DEBUG] Improvement: 0.0016 → Reward: +0.0004
[REWARD DEBUG] Improvement: 0.0369 → Reward: +0.0079
[REWARD DEBUG] Improvement: 0.0046 → Reward: +0.0010
[REWARD DEBUG] Stagnation (normal): 0.0000 → Reward: 0.0
[REWARD DEBUG] Stagnation (normal): 0.0000 → Reward: 0.0
[REWARD DEBUG] Stagnation (normal): 0.0000 → Reward: 0.0
[ACTION DEBUG iter 400] Raw action[1:3]: [-0.0168, 0.2855, -0.0511], noise: 0.0500
[RLAMPSO DEBUG iter 400] w=0.6706, c1=1.8984, c2=1.4317 | fitness=1918.73
[REWARD DEBUG iter 400] FitnessImprovement: 0.0000 → Reward: +0.0000 (prevFit=1918.73, currFit=1918.73)
[REWARD DEBUG] Stagnation (normal): 0.0000 → Reward: 0.0
[REWARD DEBUG] Stagnation (normal): 0.0000 → Reward: 0.0
[REWARD DEBUG] Improvement: 0.0005 → Reward: +0.0001
[REWARD DEBUG] Stagnation (normal): 0.0000 → Reward: 0.0
[REWARD DEBUG] Stagnation (normal): 0.0000 → Reward: 0.0
[REWARD DEBUG] Stagnation (normal): 0.0000 → Reward: 0.0
[REWARD DEBUG] Stagnation (normal): 0.0000 → Reward: 0.0
[REWARD DEBUG] Improvement: 0.0000 → Reward: +0.0000
[REWARD DEBUG] Stagnation (normal): 0.0000 → Reward: 0.0
[ACTION DEBUG iter 500] Raw action[1:3]: [0.0170, 0.3919, -0.1404], noise: 0.0500
[RLAMPSO DEBUG iter 500] w=0.6862, c1=2.1873, c2=1.2712 | fitness=1918.72
[REWARD DEBUG iter 500] FitnessImprovement: 0.0000 → Reward: +0.0000 (prevFit=1918.72, currFit=1918.72)
[REWARD DEBUG] Stagnation (normal): 0.0000 → Reward: 0.0
[REWARD DEBUG] Stagnation (normal): 0.0000 → Reward: 0.0
[REWARD DEBUG] Improvement: 0.0000 → Reward: +0.0000
[REWARD DEBUG] Stagnation (normal): 0.0000 → Reward: 0.0
[REWARD DEBUG] Stagnation (normal): 0.0000 → Reward: 0.0
[REWARD DEBUG] Stagnation (normal): 0.0000 → Reward: 0.0
[REWARD DEBUG] Stagnation (normal): 0.0000 → Reward: 0.0
[REWARD DEBUG] Stagnation (normal): 0.0000 → Reward: 0.0
[REWARD DEBUG] Stagnation (normal): 0.0000 → Reward: 0.0
[ACTION DEBUG iter 600] Raw action[1:3]: [0.0105, 0.4183, -0.2200], noise: 0.0500
[RLAMPSO DEBUG iter 600] w=0.6814, c1=2.0093, c2=1.1491 | fitness=1918.72
[REWARD DEBUG] Stagnation (normal): 0.0000 → Reward: 0.0
[REWARD DEBUG iter 600] FitnessImprovement: 0.0000 → Reward: +0.0000 (prevFit=1918.72, currFit=1918.72)
[Ep   2/1000] Fit:  1918.7 | Avg:  1984.8 | Reward:  +66.1 | Time:  48.4s
          Buffer:  1100 | Noise: 0.0990 | ActorLoss: -4.962e-02 | CriticLoss: 2.505e-04
[REWARD DEBUG] Stagnation (normal): 0.0000 → Reward: 0.0
[REWARD DEBUG] Stagnation (normal): 0.0000 → Reward: 0.0
[REWARD DEBUG] Stagnation (normal): 0.0000 → Reward: 0.0
[REWARD DEBUG] Stagnation (normal): 0.0000 → Reward: 0.0
[REWARD DEBUG] Stagnation (normal): 0.0000 → Reward: 0.0
[REWARD DEBUG] Stagnation (normal): 0.0000 → Reward: 0.0
[REWARD DEBUG] Stagnation (normal): 0.0000 → Reward: 0.0
[REWARD DEBUG] Improvement: 9.9923 → Reward: +0.5205
[REWARD DEBUG] Stagnation (normal): 0.0000 → Reward: 0.0
[REWARD DEBUG] Stagnation (normal): 0.0000 → Reward: 0.0
[REWARD DEBUG] Stagnation (normal): 0.0000 → Reward: 0.0
[REWARD DEBUG] Stagnation (normal): 0.0000 → Reward: 0.0
[REWARD DEBUG] Stagnation (normal): 0.0000 → Reward: 0.0
[REWARD DEBUG] Stagnation (normal): 0.0000 → Reward: 0.0
[ACTION DEBUG iter 100] Raw action[1:3]: [0.0027, 0.4224, -0.2370], noise: 0.0500
[RLAMPSO DEBUG iter 100] w=0.7045, c1=2.1268, c2=1.1605 | fitness=1841.84
[REWARD DEBUG iter 100] FitnessImprovement: 0.0000 → Reward: +0.0000 (prevFit=1841.84, currFit=1841.84)
[REWARD DEBUG] Stagnation (normal): 0.0000 → Reward: 0.0
[REWARD DEBUG] Stagnation (normal): 0.0000 → Reward: 0.0
[REWARD DEBUG] Stagnation (normal): 0.0000 → Reward: 0.0
[REWARD DEBUG] Stagnation (normal): 0.0000 → Reward: 0.0
[REWARD DEBUG] Stagnation (normal): 0.0000 → Reward: 0.0
[REWARD DEBUG] Improvement: 0.1481 → Reward: +0.0300
[REWARD DEBUG] Improvement: 0.0091 → Reward: +0.0020
[REWARD DEBUG] Stagnation (normal): 0.0000 → Reward: 0.0
[REWARD DEBUG] Stagnation (normal): 0.0000 → Reward: 0.0
[REWARD DEBUG] Improvement: 0.0094 → Reward: +0.0020
[REWARD DEBUG] Improvement: 0.0196 → Reward: +0.0042
[ACTION DEBUG iter 200] Raw action[1:3]: [-0.0249, 0.5062, -0.2538], noise: 0.0500
[RLAMPSO DEBUG iter 200] w=0.6828, c1=2.1924, c2=1.1748 | fitness=1820.27
[REWARD DEBUG iter 200] FitnessImprovement: 0.0000 → Reward: +0.0000 (prevFit=1820.27, currFit=1820.27)
[REWARD DEBUG] Improvement: 0.0008 → Reward: +0.0002
[REWARD DEBUG] Stagnation (normal): 0.0000 → Reward: 0.0
[REWARD DEBUG] Improvement: 0.0044 → Reward: +0.0010
[REWARD DEBUG] Stagnation (normal): 0.0000 → Reward: 0.0
[REWARD DEBUG] Stagnation (normal): 0.0000 → Reward: 0.0
[REWARD DEBUG] Stagnation (normal): 0.0000 → Reward: 0.0
[REWARD DEBUG] Improvement: 0.0083 → Reward: +0.0018
[REWARD DEBUG] Improvement: 0.0083 → Reward: +0.0018
[ACTION DEBUG iter 300] Raw action[1:3]: [-0.1456, 0.5131, -0.2276], noise: 0.0500
[RLAMPSO DEBUG iter 300] w=0.6240, c1=2.1147, c2=1.1230 | fitness=1819.45
[REWARD DEBUG iter 300] FitnessImprovement: 0.0000 → Reward: +0.0000 (prevFit=1819.45, currFit=1819.45)
[REWARD DEBUG] Stagnation (normal): 0.0000 → Reward: 0.0
[REWARD DEBUG] Stagnation (normal): 0.0000 → Reward: 0.0
[REWARD DEBUG] Stagnation (normal): 0.0000 → Reward: 0.0
[REWARD DEBUG] Improvement: 0.0008 → Reward: +0.0002
[REWARD DEBUG] Improvement: 0.0002 → Reward: +0.0000
[REWARD DEBUG] Improvement: 0.0000 → Reward: +0.0000
[REWARD DEBUG] Stagnation (normal): 0.0000 → Reward: 0.0
[ACTION DEBUG iter 400] Raw action[1:3]: [-0.2452, 0.5621, -0.2053], noise: 0.0500
[RLAMPSO DEBUG iter 400] w=0.5868, c1=2.4368, c2=1.1019 | fitness=1819.38
[REWARD DEBUG iter 400] FitnessImprovement: 0.0000 → Reward: +0.0000 (prevFit=1819.38, currFit=1819.38)
[REWARD DEBUG] Improvement: 0.0002 → Reward: +0.0000
[ACTION DEBUG iter 500] Raw action[1:3]: [-0.2736, 0.5562, -0.1899], noise: 0.0500
[RLAMPSO DEBUG iter 500] w=0.6155, c1=2.3812, c2=1.2456 | fitness=1819.31
[REWARD DEBUG iter 500] FitnessImprovement: 0.0015 → Reward: +0.0003 (prevFit=1819.31, currFit=1819.31)
[REWARD DEBUG] Improvement: 0.0113 → Reward: +0.0025
[REWARD DEBUG] Improvement: 0.0045 → Reward: +0.0010
[REWARD DEBUG] Improvement: 0.0321 → Reward: +0.0069
[REWARD DEBUG] Stagnation (normal): 0.0000 → Reward: 0.0
[REWARD DEBUG] Stagnation (normal): 0.0000 → Reward: 0.0
[REWARD DEBUG] Stagnation (normal): 0.0000 → Reward: 0.0
[REWARD DEBUG] Stagnation (normal): 0.0000 → Reward: 0.0
[ACTION DEBUG iter 600] Raw action[1:3]: [-0.2813, 0.5856, -0.1769], noise: 0.0500
[RLAMPSO DEBUG iter 600] w=0.6101, c1=2.4121, c2=1.3812 | fitness=1818.94
[REWARD DEBUG iter 600] FitnessImprovement: 0.0000 → Reward: +0.0000 (prevFit=1818.94, currFit=1818.94)
[Ep   3/1000] Fit:  1818.9 | Avg:  1929.5 | Reward: +121.4 | Time:  46.4s
          Buffer:  1650 | Noise: 0.0985 | ActorLoss: -1.557e-01 | CriticLoss: 5.915e-04
[REWARD DEBUG] Improvement: 172.6302 → Reward: +1.0000
[REWARD DEBUG] Stagnation (normal): 0.0000 → Reward: 0.0
[REWARD DEBUG] Stagnation (normal): 0.0000 → Reward: 0.0
[REWARD DEBUG] Improvement: 29.4758 → Reward: +0.7420
[REWARD DEBUG] Improvement: 2.7039 → Reward: +0.2843
[REWARD DEBUG] Improvement: 5.5593 → Reward: +0.4084
[REWARD DEBUG] Improvement: 0.8852 → Reward: +0.1377
[REWARD DEBUG] Improvement: 0.1563 → Reward: +0.0315
[REWARD DEBUG] Stagnation (normal): 0.0000 → Reward: 0.0
[ACTION DEBUG iter 100] Raw action[1:3]: [-0.2556, 0.5729, -0.2078], noise: 0.0500
[RLAMPSO DEBUG iter 100] w=0.5639, c1=2.3274, c2=1.2174 | fitness=2083.84
[REWARD DEBUG iter 100] FitnessImprovement: 0.0000 → Reward: +0.0000 (prevFit=2083.84, currFit=2083.84)
[REWARD DEBUG] Stagnation (normal): 0.0000 → Reward: 0.0
[REWARD DEBUG] Improvement: 1.8432 → Reward: +0.2269
[REWARD DEBUG] Improvement: 0.7995 → Reward: +0.1276
[REWARD DEBUG] Improvement: 0.1339 → Reward: +0.0273
[REWARD DEBUG] Improvement: 0.0798 → Reward: +0.0167
[REWARD DEBUG] Stagnation (normal): 0.0000 → Reward: 0.0
[REWARD DEBUG] Improvement: 0.0325 → Reward: +0.0069
[REWARD DEBUG] Stagnation (normal): 0.0000 → Reward: 0.0
[ACTION DEBUG iter 200] Raw action[1:3]: [-0.2141, 0.5919, -0.1982], noise: 0.0500
[RLAMPSO DEBUG iter 200] w=0.6217, c1=2.3421, c2=1.2476 | fitness=2045.32
[REWARD DEBUG iter 200] FitnessImprovement: 0.2898 → Reward: +0.0553 (prevFit=2045.32, currFit=2045.03)
[REWARD DEBUG] Stagnation (normal): 0.0000 → Reward: 0.0
[REWARD DEBUG] Improvement: 0.0090 → Reward: +0.0019
[REWARD DEBUG] Stagnation (normal): 0.0000 → Reward: 0.0
[REWARD DEBUG] Stagnation (normal): 0.0000 → Reward: 0.0
[REWARD DEBUG] Improvement: 0.0106 → Reward: +0.0023
[REWARD DEBUG] Stagnation (normal): 0.0000 → Reward: 0.0
[REWARD DEBUG] Improvement: 0.0508 → Reward: +0.0108
[ACTION DEBUG iter 300] Raw action[1:3]: [-0.1937, 0.7289, -0.1814], noise: 0.0500
[RLAMPSO DEBUG iter 300] w=0.6124, c1=2.5220, c2=1.2767 | fitness=2041.27
[REWARD DEBUG iter 300] FitnessImprovement: 0.0294 → Reward: +0.0063 (prevFit=2041.27, currFit=2041.24)
[REWARD DEBUG] Improvement: 0.0059 → Reward: +0.0013
[REWARD DEBUG] Improvement: 0.0133 → Reward: +0.0029
[REWARD DEBUG] Improvement: 0.0393 → Reward: +0.0084
[REWARD DEBUG] Improvement: 0.1915 → Reward: +0.0381
[REWARD DEBUG] Stagnation (normal): 0.0000 → Reward: 0.0
[REWARD DEBUG] Stagnation (normal): 0.0000 → Reward: 0.0
[REWARD DEBUG] Stagnation (normal): 0.0000 → Reward: 0.0
[ACTION DEBUG iter 400] Raw action[1:3]: [-0.1574, 0.8093, -0.1782], noise: 0.0500
[RLAMPSO DEBUG iter 400] w=0.6195, c1=2.6809, c2=1.1836 | fitness=2036.20
[REWARD DEBUG iter 400] FitnessImprovement: 0.0000 → Reward: +0.0000 (prevFit=2036.20, currFit=2036.20)
[REWARD DEBUG] Stagnation (normal): 0.0000 → Reward: 0.0
[REWARD DEBUG] Stagnation (normal): 0.0000 → Reward: 0.0
[REWARD DEBUG] Stagnation (normal): 0.0000 → Reward: 0.0
[REWARD DEBUG] Stagnation (normal): 0.0000 → Reward: 0.0
[REWARD DEBUG] Stagnation (normal): 0.0000 → Reward: 0.0
[REWARD DEBUG] Stagnation (normal): 0.0000 → Reward: 0.0
[REWARD DEBUG] Stagnation (normal): 0.0000 → Reward: 0.0
[REWARD DEBUG] Stagnation (normal): 0.0000 → Reward: 0.0
[REWARD DEBUG] Stagnation (normal): 0.0000 → Reward: 0.0
[REWARD DEBUG] Stagnation (normal): 0.0000 → Reward: 0.0
[ACTION DEBUG iter 500] Raw action[1:3]: [-0.1166, 0.8720, -0.2879], noise: 0.0500
[ACTION DEBUG iter 500] WARNING: 1/20 actions clipped (network saturating)
[RLAMPSO DEBUG iter 500] w=0.6302, c1=2.8130, c2=1.0332 | fitness=1978.51
[REWARD DEBUG iter 500] FitnessImprovement: 0.0000 → Reward: +0.0000 (prevFit=1978.51, currFit=1978.51)
[REWARD DEBUG] Stagnation (normal): 0.0000 → Reward: 0.0
[REWARD DEBUG] Stagnation (normal): 0.0000 → Reward: 0.0
[REWARD DEBUG] Stagnation (normal): 0.0000 → Reward: 0.0
[REWARD DEBUG] Stagnation (normal): 0.0000 → Reward: 0.0
[REWARD DEBUG] Stagnation (normal): 0.0000 → Reward: 0.0
[REWARD DEBUG] Stagnation (normal): 0.0000 → Reward: 0.0
[REWARD DEBUG] Stagnation (normal): 0.0000 → Reward: 0.0
[REWARD DEBUG] Stagnation (normal): 0.0000 → Reward: 0.0
[REWARD DEBUG] Stagnation (normal): 0.0000 → Reward: 0.0
[ACTION DEBUG iter 600] Raw action[1:3]: [-0.0669, 0.9137, -0.3976], noise: 0.0500
[ACTION DEBUG iter 600] WARNING: 2/20 actions clipped (network saturating)
[RLAMPSO DEBUG iter 600] w=0.6341, c1=2.8453, c2=0.8433 | fitness=1978.51
[REWARD DEBUG] Stagnation (normal): 0.0000 → Reward: 0.0
[REWARD DEBUG iter 600] FitnessImprovement: 0.0000 → Reward: +0.0000 (prevFit=1978.51, currFit=1978.51)
[Ep   4/1000] Fit:  1978.5 | Avg:  1941.8 | Reward: +109.1 | Time:  47.8s
          Buffer:  2200 | Noise: 0.0980 | ActorLoss: -1.215e-01 | CriticLoss: 6.302e-04
[REWARD DEBUG] Stagnation (normal): 0.0000 → Reward: 0.0
[REWARD DEBUG] Improvement: 3.4597 → Reward: +0.3247
[REWARD DEBUG] Stagnation (normal): 0.0000 → Reward: 0.0
[ACTION DEBUG iter 100] Raw action[1:3]: [0.0195, 0.9323, -0.3537], noise: 0.0500
[ACTION DEBUG iter 100] WARNING: 1/20 actions clipped (network saturating)
[RLAMPSO DEBUG iter 100] w=0.7019, c1=2.9499, c2=0.9717 | fitness=1874.14
[REWARD DEBUG iter 100] FitnessImprovement: 0.0000 → Reward: +0.0000 (prevFit=1874.14, currFit=1874.14)
[REWARD DEBUG] Stagnation (normal): 0.0000 → Reward: 0.0
[REWARD DEBUG] Improvement: 3.7586 → Reward: +0.3387
[REWARD DEBUG] Stagnation (normal): 0.0000 → Reward: 0.0
[REWARD DEBUG] Stagnation (normal): 0.0000 → Reward: 0.0
[REWARD DEBUG] Stagnation (normal): 0.0000 → Reward: 0.0
[REWARD DEBUG] Improvement: 2.3186 → Reward: +0.2605
[REWARD DEBUG] Stagnation (normal): 0.0000 → Reward: 0.0
[REWARD DEBUG] Improvement: 8.5033 → Reward: +0.4889
[REWARD DEBUG] Stagnation (normal): 0.0000 → Reward: 0.0
[ACTION DEBUG iter 200] Raw action[1:3]: [0.2025, 0.9581, -0.1749], noise: 0.0500
[ACTION DEBUG iter 200] WARNING: 2/20 actions clipped (network saturating)
[RLAMPSO DEBUG iter 200] w=0.7920, c1=2.8465, c2=1.1534 | fitness=1847.73
[REWARD DEBUG iter 200] FitnessImprovement: 0.0000 → Reward: +0.0000 (prevFit=1847.73, currFit=1847.73)
[REWARD DEBUG] Stagnation (normal): 0.0000 → Reward: 0.0
[REWARD DEBUG] Stagnation (normal): 0.0000 → Reward: 0.0
[REWARD DEBUG] Stagnation (normal): 0.0000 → Reward: 0.0
[REWARD DEBUG] Stagnation (normal): 0.0000 → Reward: 0.0
[REWARD DEBUG] Stagnation (normal): 0.0000 → Reward: 0.0
[REWARD DEBUG] Stagnation (normal): 0.0000 → Reward: 0.0
[REWARD DEBUG] Stagnation (normal): 0.0000 → Reward: 0.0
[REWARD DEBUG] Stagnation (normal): 0.0000 → Reward: 0.0
[REWARD DEBUG] Stagnation (normal): 0.0000 → Reward: 0.0
[REWARD DEBUG] Stagnation (normal): 0.0000 → Reward: 0.0
[REWARD DEBUG] Stagnation (normal): 0.0000 → Reward: 0.0
[REWARD DEBUG] Stagnation (normal): 0.0000 → Reward: 0.0
[ACTION DEBUG iter 300] Raw action[1:3]: [0.2613, 0.9699, -0.1161], noise: 0.0500
[ACTION DEBUG iter 300] WARNING: 2/20 actions clipped (network saturating)
[RLAMPSO DEBUG iter 300] w=0.7801, c1=2.7951, c2=1.5037 | fitness=1841.95
[REWARD DEBUG] Stagnation (normal): 0.0000 → Reward: 0.0
[REWARD DEBUG iter 300] FitnessImprovement: 0.0000 → Reward: +0.0000 (prevFit=1841.95, currFit=1841.95)
[REWARD DEBUG] Stagnation (normal): 0.0000 → Reward: 0.0
[REWARD DEBUG] Stagnation (normal): 0.0000 → Reward: 0.0
[REWARD DEBUG] Stagnation (normal): 0.0000 → Reward: 0.0
[REWARD DEBUG] Stagnation (normal): 0.0000 → Reward: 0.0
[REWARD DEBUG] Stagnation (normal): 0.0000 → Reward: 0.0
[REWARD DEBUG] Stagnation (normal): 0.0000 → Reward: 0.0
[REWARD DEBUG] Stagnation (normal): 0.0000 → Reward: 0.0
[REWARD DEBUG] Stagnation (normal): 0.0000 → Reward: 0.0
[ACTION DEBUG iter 400] Raw action[1:3]: [0.2203, 0.9750, -0.2086], noise: 0.0500
[ACTION DEBUG iter 400] WARNING: 6/20 actions clipped (network saturating)
[RLAMPSO DEBUG iter 400] w=0.8089, c1=3.0000, c2=1.2496 | fitness=1833.08
[REWARD DEBUG iter 400] FitnessImprovement: 0.0000 → Reward: +0.0000 (prevFit=1833.08, currFit=1833.08)
[REWARD DEBUG] Stagnation (normal): 0.0000 → Reward: 0.0
[REWARD DEBUG] Stagnation (normal): 0.0000 → Reward: 0.0
[REWARD DEBUG] Stagnation (normal): 0.0000 → Reward: 0.0
[REWARD DEBUG] Stagnation (normal): 0.0000 → Reward: 0.0
[REWARD DEBUG] Stagnation (normal): 0.0000 → Reward: 0.0
[REWARD DEBUG] Stagnation (normal): 0.0000 → Reward: 0.0
[REWARD DEBUG] Stagnation (normal): 0.0000 → Reward: 0.0
[REWARD DEBUG] Stagnation (normal): 0.0000 → Reward: 0.0
[REWARD DEBUG] Stagnation (normal): 0.0000 → Reward: 0.0
[REWARD DEBUG] Stagnation (normal): 0.0000 → Reward: 0.0
[REWARD DEBUG] Stagnation (normal): 0.0000 → Reward: 0.0
[REWARD DEBUG] Stagnation (normal): 0.0000 → Reward: 0.0
[REWARD DEBUG] Stagnation (normal): 0.0000 → Reward: 0.0
[REWARD DEBUG] Stagnation (normal): 0.0000 → Reward: 0.0
[ACTION DEBUG iter 500] Raw action[1:3]: [-0.1966, 0.9812, -0.6108], noise: 0.0500
[ACTION DEBUG iter 500] WARNING: 2/20 actions clipped (network saturating)
[RLAMPSO DEBUG iter 500] w=0.6187, c1=2.8468, c2=0.5904 | fitness=1825.84
[REWARD DEBUG iter 500] FitnessImprovement: 1.6428 → Reward: +0.2110 (prevFit=1825.84, currFit=1824.20)
[REWARD DEBUG] Stagnation (normal): 0.0000 → Reward: 0.0
[REWARD DEBUG] Stagnation (normal): 0.0000 → Reward: 0.0
[REWARD DEBUG] Stagnation (normal): 0.0000 → Reward: 0.0
[REWARD DEBUG] Stagnation (normal): 0.0000 → Reward: 0.0
[REWARD DEBUG] Stagnation (normal): 0.0000 → Reward: 0.0
[REWARD DEBUG] Stagnation (normal): 0.0000 → Reward: 0.0
[REWARD DEBUG] Stagnation (normal): 0.0000 → Reward: 0.0
[REWARD DEBUG] Stagnation (normal): 0.0000 → Reward: 0.0
[ACTION DEBUG iter 600] Raw action[1:3]: [-0.1216, 0.9856, -0.7889], noise: 0.0500
[ACTION DEBUG iter 600] WARNING: 5/20 actions clipped (network saturating)
[RLAMPSO DEBUG iter 600] w=0.6629, c1=3.0000, c2=0.2399 | fitness=1776.75
[REWARD DEBUG iter 600] FitnessImprovement: 0.4245 → Reward: +0.0768 (prevFit=1776.75, currFit=1776.32)
[Ep   5/1000] Fit:  1776.3 | Avg:  1908.7 | Reward: +142.2 | Time:  39.3s
          Buffer:  2750 | Noise: 0.0975 | ActorLoss: -2.139e-01 | CriticLoss: 3.584e-04
[REWARD DEBUG] Improvement: 48.5753 → Reward: +0.8476
[REWARD DEBUG] Improvement: 61.4162 → Reward: +0.8976
[REWARD DEBUG] Improvement: 0.2715 → Reward: +0.0522
[REWARD DEBUG] Improvement: 0.0786 → Reward: +0.0164
[REWARD DEBUG] Improvement: 0.0513 → Reward: +0.0109
[REWARD DEBUG] Improvement: 0.0141 → Reward: +0.0030
[ACTION DEBUG iter 100] Raw action[1:3]: [-0.0123, 0.9874, -0.8305], noise: 0.0500
[ACTION DEBUG iter 100] WARNING: 5/20 actions clipped (network saturating)
[RLAMPSO DEBUG iter 100] w=0.7162, c1=2.9946, c2=0.2059 | fitness=2221.71
[REWARD DEBUG iter 100] FitnessImprovement: 0.0019 → Reward: +0.0004 (prevFit=2221.71, currFit=2221.70)
[REWARD DEBUG] Stagnation (normal): 0.0000 → Reward: 0.0
[REWARD DEBUG] Improvement: 1.0842 → Reward: +0.1595
[REWARD DEBUG] Improvement: 0.1054 → Reward: +0.0218
[REWARD DEBUG] Improvement: 0.1324 → Reward: +0.0270
[REWARD DEBUG] Improvement: 0.0411 → Reward: +0.0087
[ACTION DEBUG iter 200] Raw action[1:3]: [0.0583, 0.9921, -0.8655], noise: 0.0500
[ACTION DEBUG iter 200] WARNING: 4/20 actions clipped (network saturating)
[RLAMPSO DEBUG iter 200] w=0.7164, c1=2.9497, c2=0.0887 | fitness=2140.00
[REWARD DEBUG iter 200] FitnessImprovement: 0.5570 → Reward: +0.0962 (prevFit=2140.00, currFit=2139.44)
[REWARD DEBUG] Improvement: 0.0123 → Reward: +0.0026
[REWARD DEBUG] Improvement: 0.0054 → Reward: +0.0012
[REWARD DEBUG] Improvement: 0.0029 → Reward: +0.0006
[REWARD DEBUG] Improvement: 0.0020 → Reward: +0.0004
[REWARD DEBUG] Improvement: 0.0014 → Reward: +0.0003
[ACTION DEBUG iter 300] Raw action[1:3]: [0.4047, 0.9934, -0.8979], noise: 0.0500
[ACTION DEBUG iter 300] WARNING: 3/20 actions clipped (network saturating)
[RLAMPSO DEBUG iter 300] w=0.8177, c1=3.0000, c2=0.0902 | fitness=2137.67
[REWARD DEBUG] Improvement: 0.0005 → Reward: +0.0001
[REWARD DEBUG iter 300] FitnessImprovement: 0.0005 → Reward: +0.0001 (prevFit=2137.67, currFit=2137.67)
[REWARD DEBUG] Improvement: 0.0007 → Reward: +0.0001
[REWARD DEBUG] Stagnation (normal): 0.0000 → Reward: 0.0
[REWARD DEBUG] Improvement: 0.0002 → Reward: +0.0001
[REWARD DEBUG] Stagnation (normal): 0.0000 → Reward: 0.0
[REWARD DEBUG] Stagnation (normal): 0.0000 → Reward: 0.0
[ACTION DEBUG iter 400] Raw action[1:3]: [0.6812, 0.9933, -0.9178], noise: 0.0500
[ACTION DEBUG iter 400] WARNING: 8/20 actions clipped (network saturating)
[RLAMPSO DEBUG iter 400] w=0.9000, c1=2.9296, c2=0.0007 | fitness=2109.38
[REWARD DEBUG iter 400] FitnessImprovement: 0.0000 → Reward: +0.0000 (prevFit=2109.38, currFit=2109.38)
[REWARD DEBUG] Stagnation (normal): 0.0000 → Reward: 0.0
[REWARD DEBUG] Stagnation (normal): 0.0000 → Reward: 0.0
[REWARD DEBUG] Stagnation (normal): 0.0000 → Reward: 0.0
[REWARD DEBUG] Stagnation (normal): 0.0000 → Reward: 0.0
[REWARD DEBUG] Stagnation (normal): 0.0000 → Reward: 0.0
[REWARD DEBUG] Stagnation (normal): 0.0000 → Reward: 0.0
[REWARD DEBUG] Stagnation (normal): 0.0000 → Reward: 0.0
[REWARD DEBUG] Stagnation (normal): 0.0000 → Reward: 0.0
[REWARD DEBUG] Stagnation (normal): 0.0000 → Reward: 0.0
[REWARD DEBUG] Stagnation (normal): 0.0000 → Reward: 0.0
[REWARD DEBUG] Stagnation (normal): 0.0000 → Reward: 0.0
[REWARD DEBUG] Stagnation (normal): 0.0000 → Reward: 0.0
[REWARD DEBUG] Stagnation (normal): 0.0000 → Reward: 0.0
[ACTION DEBUG iter 500] Raw action[1:3]: [0.7951, 0.9941, -0.9306], noise: 0.0500
[ACTION DEBUG iter 500] WARNING: 4/20 actions clipped (network saturating)
[RLAMPSO DEBUG iter 500] w=0.9000, c1=2.9676, c2=0.1730 | fitness=2109.38
[REWARD DEBUG iter 500] FitnessImprovement: 0.0000 → Reward: +0.0000 (prevFit=2109.38, currFit=2109.38)
[REWARD DEBUG] Stagnation (normal): 0.0000 → Reward: 0.0
[REWARD DEBUG] Stagnation (normal): 0.0000 → Reward: 0.0
[REWARD DEBUG] Stagnation (normal): 0.0000 → Reward: 0.0
[REWARD DEBUG] Stagnation (normal): 0.0000 → Reward: 0.0
[REWARD DEBUG] Stagnation (normal): 0.0000 → Reward: 0.0
[Ep   6/1000] Fit:  2109.4 | Avg:  1942.1 | Reward: +108.8 | Time:  40.0s
          Buffer:  3241 | Noise: 0.0970 | ActorLoss: -3.887e-01 | CriticLoss: 2.596e-03
[REWARD DEBUG] Improvement: 327.9252 → Reward: +1.0000
[REWARD DEBUG] Stagnation (normal): 0.0000 → Reward: 0.0
[REWARD DEBUG] Improvement: 1.5409 → Reward: +0.2025
[REWARD DEBUG] Stagnation (normal): 0.0000 → Reward: 0.0
[REWARD DEBUG] Stagnation (normal): 0.0000 → Reward: 0.0
[REWARD DEBUG] Stagnation (normal): 0.0000 → Reward: 0.0
[REWARD DEBUG] Stagnation (normal): 0.0000 → Reward: 0.0
[REWARD DEBUG] Stagnation (normal): 0.0000 → Reward: 0.0
[ACTION DEBUG iter 100] Raw action[1:3]: [0.7811, 0.9948, -0.9543], noise: 0.0500
[ACTION DEBUG iter 100] WARNING: 5/20 actions clipped (network saturating)
[RLAMPSO DEBUG iter 100] w=0.9000, c1=3.0000, c2=0.0433 | fitness=2184.87
[REWARD DEBUG iter 100] FitnessImprovement: 0.0000 → Reward: +0.0000 (prevFit=2184.87, currFit=2184.87)
[REWARD DEBUG] Improvement: 12.8731 → Reward: +0.5711
[REWARD DEBUG] Improvement: 4.3553 → Reward: +0.3644
[REWARD DEBUG] Stagnation (normal): 0.0000 → Reward: 0.0
[REWARD DEBUG] Stagnation (normal): 0.0000 → Reward: 0.0
[REWARD DEBUG] Stagnation (normal): 0.0000 → Reward: 0.0
[REWARD DEBUG] Stagnation (normal): 0.0000 → Reward: 0.0
[REWARD DEBUG] Stagnation (normal): 0.0000 → Reward: 0.0
[REWARD DEBUG] Stagnation (normal): 0.0000 → Reward: 0.0
[REWARD DEBUG] Stagnation (normal): 0.0000 → Reward: 0.0
[REWARD DEBUG] Stagnation (normal): 0.0000 → Reward: 0.0
[REWARD DEBUG] Stagnation (normal): 0.0000 → Reward: 0.0
[REWARD DEBUG] Stagnation (normal): 0.0000 → Reward: 0.0
[REWARD DEBUG] Stagnation (normal): 0.0000 → Reward: 0.0
[ACTION DEBUG iter 200] Raw action[1:3]: [0.6947, 0.9953, -0.9650], noise: 0.0500
[ACTION DEBUG iter 200] WARNING: 5/20 actions clipped (network saturating)
[RLAMPSO DEBUG iter 200] w=0.9000, c1=3.0000, c2=0.0000 | fitness=2038.68
[REWARD DEBUG iter 200] FitnessImprovement: 0.0000 → Reward: +0.0000 (prevFit=2038.68, currFit=2038.68)
[REWARD DEBUG] Stagnation (normal): 0.0000 → Reward: 0.0
[REWARD DEBUG] Stagnation (normal): 0.0000 → Reward: 0.0
[REWARD DEBUG] Stagnation (normal): 0.0000 → Reward: 0.0
[REWARD DEBUG] Stagnation (normal): 0.0000 → Reward: 0.0
[REWARD DEBUG] Stagnation (normal): 0.0000 → Reward: 0.0
[REWARD DEBUG] Stagnation (normal): 0.0000 → Reward: 0.0
[REWARD DEBUG] Stagnation (normal): 0.0000 → Reward: 0.0
[REWARD DEBUG] Stagnation (normal): 0.0000 → Reward: 0.0
[REWARD DEBUG] Stagnation (normal): 0.0000 → Reward: 0.0
[REWARD DEBUG] Stagnation (normal): 0.0000 → Reward: 0.0
[REWARD DEBUG] Stagnation (normal): 0.0000 → Reward: 0.0
[ACTION DEBUG iter 300] Raw action[1:3]: [-0.2896, 0.9958, -0.9701], noise: 0.0500
[ACTION DEBUG iter 300] WARNING: 7/20 actions clipped (network saturating)
[RLAMPSO DEBUG iter 300] w=0.5589, c1=2.9116, c2=0.0244 | fitness=1955.97
[REWARD DEBUG iter 300] FitnessImprovement: 0.0516 → Reward: +0.0109 (prevFit=1955.97, currFit=1955.91)
[REWARD DEBUG] Stagnation (normal): 0.0000 → Reward: 0.0
[REWARD DEBUG] Stagnation (normal): 0.0000 → Reward: 0.0
[REWARD DEBUG] Improvement: 0.0001 → Reward: +0.0000
[REWARD DEBUG] Stagnation (normal): 0.0000 → Reward: 0.0
[REWARD DEBUG] Stagnation (normal): 0.0000 → Reward: 0.0
[REWARD DEBUG] Improvement: 0.0000 → Reward: +0.0000
[ACTION DEBUG iter 400] Raw action[1:3]: [-0.5835, 0.9974, -0.9744], noise: 0.0500
[ACTION DEBUG iter 400] WARNING: 5/20 actions clipped (network saturating)
[RLAMPSO DEBUG iter 400] w=0.4737, c1=2.9560, c2=0.1110 | fitness=1936.46
[REWARD DEBUG iter 400] FitnessImprovement: 0.0000 → Reward: +0.0000 (prevFit=1936.46, currFit=1936.46)
[REWARD DEBUG] Stagnation (normal): 0.0000 → Reward: 0.0
[REWARD DEBUG] Stagnation (normal): 0.0000 → Reward: 0.0
[REWARD DEBUG] Stagnation (normal): 0.0000 → Reward: 0.0
[REWARD DEBUG] Stagnation (normal): 0.0000 → Reward: 0.0
[REWARD DEBUG] Stagnation (normal): 0.0000 → Reward: 0.0
[REWARD DEBUG] Stagnation (normal): 0.0000 → Reward: 0.0
[REWARD DEBUG] Stagnation (normal): 0.0000 → Reward: 0.0
[REWARD DEBUG] Stagnation (normal): 0.0000 → Reward: 0.0
[REWARD DEBUG] Stagnation (normal): 0.0000 → Reward: 0.0
[REWARD DEBUG] Stagnation (normal): 0.0000 → Reward: 0.0
[ACTION DEBUG iter 500] Raw action[1:3]: [-0.6232, 0.9984, -0.9777], noise: 0.0500
[ACTION DEBUG iter 500] WARNING: 8/20 actions clipped (network saturating)
[RLAMPSO DEBUG iter 500] w=0.4738, c1=3.0000, c2=0.1675 | fitness=1936.46
[REWARD DEBUG iter 500] FitnessImprovement: 0.0000 → Reward: +0.0000 (prevFit=1936.46, currFit=1936.46)
[REWARD DEBUG] Stagnation (normal): 0.0000 → Reward: 0.0
[REWARD DEBUG] Stagnation (normal): 0.0000 → Reward: 0.0
[Ep   7/1000] Fit:  1936.5 | Avg:  1941.3 | Reward: +109.6 | Time:  42.4s
          Buffer:  3731 | Noise: 0.0966 | ActorLoss: -2.961e-01 | CriticLoss: 1.494e-02
[REWARD DEBUG] Improvement: 1.0101 → Reward: +0.1516
[REWARD DEBUG] Improvement: 29.8288 → Reward: +0.7445
[REWARD DEBUG] Improvement: 0.3036 → Reward: +0.0576
[ACTION DEBUG iter 100] Raw action[1:3]: [-0.6175, 0.9986, -0.9770], noise: 0.0500
[ACTION DEBUG iter 100] WARNING: 4/20 actions clipped (network saturating)
[RLAMPSO DEBUG iter 100] w=0.4514, c1=2.9230, c2=0.0639 | fitness=3122.01
[REWARD DEBUG iter 100] FitnessImprovement: 0.1136 → Reward: +0.0234 (prevFit=3122.01, currFit=3121.90)
[REWARD DEBUG] Improvement: 1.2438 → Reward: +0.1755
[REWARD DEBUG] Improvement: 0.3226 → Reward: +0.0607
[REWARD DEBUG] Improvement: 0.1365 → Reward: +0.0278
[REWARD DEBUG] Improvement: 0.0313 → Reward: +0.0067
[REWARD DEBUG] Improvement: 0.0570 → Reward: +0.0120
[ACTION DEBUG iter 200] Raw action[1:3]: [-0.5564, 0.9988, -0.9754], noise: 0.0500
[ACTION DEBUG iter 200] WARNING: 10/20 actions clipped (network saturating)
[RLAMPSO DEBUG iter 200] w=0.4715, c1=2.9429, c2=0.0000 | fitness=3045.39
[REWARD DEBUG iter 200] FitnessImprovement: 0.3757 → Reward: +0.0693 (prevFit=3045.39, currFit=3045.02)
[REWARD DEBUG] Improvement: 0.0202 → Reward: +0.0043
[REWARD DEBUG] Improvement: 0.0322 → Reward: +0.0069
[REWARD DEBUG] Improvement: 0.2329 → Reward: +0.0455
[REWARD DEBUG] Improvement: 0.2024 → Reward: +0.0400
[ACTION DEBUG iter 300] Raw action[1:3]: [-0.4709, 0.9992, -0.9756], noise: 0.0500
[ACTION DEBUG iter 300] WARNING: 7/20 actions clipped (network saturating)
[RLAMPSO DEBUG iter 300] w=0.5183, c1=3.0000, c2=0.0677 | fitness=3018.97
[REWARD DEBUG iter 300] FitnessImprovement: 0.0161 → Reward: +0.0035 (prevFit=3018.97, currFit=3018.95)
[REWARD DEBUG] Improvement: 0.3871 → Reward: +0.0710
[REWARD DEBUG] Improvement: 0.0175 → Reward: +0.0038
[REWARD DEBUG] Improvement: 0.0534 → Reward: +0.0113
[REWARD DEBUG] Improvement: 0.0177 → Reward: +0.0038
[REWARD DEBUG] Improvement: 0.0406 → Reward: +0.0086
[ACTION DEBUG iter 400] Raw action[1:3]: [-0.1399, 0.9995, -0.9815], noise: 0.0500
[ACTION DEBUG iter 400] WARNING: 7/20 actions clipped (network saturating)
[RLAMPSO DEBUG iter 400] w=0.6134, c1=2.8474, c2=0.0000 | fitness=3011.29
[REWARD DEBUG iter 400] FitnessImprovement: 0.0035 → Reward: +0.0008 (prevFit=3011.29, currFit=3011.29)
[REWARD DEBUG] Improvement: 5.8887 → Reward: +0.4191
[REWARD DEBUG] Stagnation (normal): 0.0000 → Reward: 0.0
[REWARD DEBUG] Stagnation (normal): 0.0000 → Reward: 0.0
[REWARD DEBUG] Improvement: 31.4884 → Reward: +0.7559
[REWARD DEBUG] Stagnation (normal): 0.0000 → Reward: 0.0
[REWARD DEBUG] Improvement: 4.3197 → Reward: +0.3629
[ACTION DEBUG iter 500] Raw action[1:3]: [0.7721, 0.9996, -0.9809], noise: 0.0500
[ACTION DEBUG iter 500] WARNING: 7/20 actions clipped (network saturating)
[RLAMPSO DEBUG iter 500] w=0.9000, c1=3.0000, c2=0.0967 | fitness=2274.20
[REWARD DEBUG] Stagnation (normal): 0.0000 → Reward: 0.0
[REWARD DEBUG iter 500] FitnessImprovement: 0.0000 → Reward: +0.0000 (prevFit=2274.20, currFit=2274.20)
[REWARD DEBUG] Stagnation (normal): 0.0000 → Reward: 0.0
[REWARD DEBUG] Stagnation (normal): 0.0000 → Reward: 0.0
[REWARD DEBUG] Improvement: 34.2361 → Reward: +0.7735
[REWARD DEBUG] Stagnation (normal): 0.0000 → Reward: 0.0
[REWARD DEBUG] Stagnation (normal): 0.0000 → Reward: 0.0
[REWARD DEBUG] Stagnation (normal): 0.0000 → Reward: 0.0
[REWARD DEBUG] Stagnation (normal): 0.0000 → Reward: 0.0
[REWARD DEBUG] Stagnation (normal): 0.0000 → Reward: 0.0
[REWARD DEBUG] Stagnation (normal): 0.0000 → Reward: 0.0
[REWARD DEBUG] Stagnation (normal): 0.0000 → Reward: 0.0
[REWARD DEBUG] Stagnation (normal): 0.0000 → Reward: 0.0
[REWARD DEBUG] Stagnation (normal): 0.0000 → Reward: 0.0
[REWARD DEBUG] Stagnation (normal): 0.0000 → Reward: 0.0
[ACTION DEBUG iter 600] Raw action[1:3]: [0.9257, 0.9997, -0.9774], noise: 0.0500
[ACTION DEBUG iter 600] WARNING: 5/20 actions clipped (network saturating)
[RLAMPSO DEBUG iter 600] w=0.9000, c1=2.9582, c2=0.0029 | fitness=2231.53
[REWARD DEBUG iter 600] FitnessImprovement: 0.0000 → Reward: +0.0000 (prevFit=2231.53, currFit=2231.53)
[Ep   8/1000] Fit:  2231.5 | Avg:  1977.6 | Reward:  +73.3 | Time:  42.0s
          Buffer:  4281 | Noise: 0.0961 | ActorLoss: -3.316e-01 | CriticLoss: 2.994e-01
[REWARD DEBUG] Improvement: 116.0180 → Reward: +1.0000
[REWARD DEBUG] Stagnation (normal): 0.0000 → Reward: 0.0
[REWARD DEBUG] Stagnation (normal): 0.0000 → Reward: 0.0
[REWARD DEBUG] Stagnation (normal): 0.0000 → Reward: 0.0
[REWARD DEBUG] Stagnation (normal): 0.0000 → Reward: 0.0
[REWARD DEBUG] Improvement: 75.6528 → Reward: +0.9423
[REWARD DEBUG] Stagnation (normal): 0.0000 → Reward: 0.0
[REWARD DEBUG] Stagnation (normal): 0.0000 → Reward: 0.0
[REWARD DEBUG] Stagnation (normal): 0.0000 → Reward: 0.0
[REWARD DEBUG] Stagnation (normal): 0.0000 → Reward: 0.0
[REWARD DEBUG] Stagnation (normal): 0.0000 → Reward: 0.0
[REWARD DEBUG] Stagnation (normal): 0.0000 → Reward: 0.0
[REWARD DEBUG] Stagnation (normal): 0.0000 → Reward: 0.0
[ACTION DEBUG iter 100] Raw action[1:3]: [0.9245, 0.9996, -0.9729], noise: 0.0500
[ACTION DEBUG iter 100] WARNING: 7/20 actions clipped (network saturating)
[RLAMPSO DEBUG iter 100] w=0.9000, c1=2.9151, c2=0.0000 | fitness=2402.82
[REWARD DEBUG iter 100] FitnessImprovement: 0.0000 → Reward: +0.0000 (prevFit=2402.82, currFit=2402.82)
[REWARD DEBUG] Stagnation (normal): 0.0000 → Reward: 0.0
[REWARD DEBUG] Stagnation (normal): 0.0000 → Reward: 0.0
[REWARD DEBUG] Stagnation (normal): 0.0000 → Reward: 0.0
[REWARD DEBUG] Stagnation (normal): 0.0000 → Reward: 0.0
[REWARD DEBUG] Stagnation (normal): 0.0000 → Reward: 0.0
[REWARD DEBUG] Stagnation (normal): 0.0000 → Reward: 0.0
[REWARD DEBUG] Stagnation (normal): 0.0000 → Reward: 0.0
[REWARD DEBUG] Stagnation (normal): 0.0000 → Reward: 0.0
[ACTION DEBUG iter 200] Raw action[1:3]: [0.9173, 0.9996, -0.9683], noise: 0.0500
[ACTION DEBUG iter 200] WARNING: 7/20 actions clipped (network saturating)
[RLAMPSO DEBUG iter 200] w=0.9000, c1=2.9442, c2=0.0000 | fitness=2117.81
[REWARD DEBUG iter 200] FitnessImprovement: 0.0000 → Reward: +0.0000 (prevFit=2117.81, currFit=2117.81)
[REWARD DEBUG] Stagnation (normal): 0.0000 → Reward: 0.0
[REWARD DEBUG] Stagnation (normal): 0.0000 → Reward: 0.0
[REWARD DEBUG] Stagnation (normal): 0.0000 → Reward: 0.0
[REWARD DEBUG] Stagnation (normal): 0.0000 → Reward: 0.0
[REWARD DEBUG] Stagnation (normal): 0.0000 → Reward: 0.0
[REWARD DEBUG] Stagnation (normal): 0.0000 → Reward: 0.0
[REWARD DEBUG] Stagnation (normal): 0.0000 → Reward: 0.0
[REWARD DEBUG] Stagnation (normal): 0.0000 → Reward: 0.0
[REWARD DEBUG] Stagnation (normal): 0.0000 → Reward: 0.0
[REWARD DEBUG] Stagnation (normal): 0.0000 → Reward: 0.0
[REWARD DEBUG] Stagnation (normal): 0.0000 → Reward: 0.0
[ACTION DEBUG iter 300] Raw action[1:3]: [0.9289, 0.9996, -0.9746], noise: 0.0500
[ACTION DEBUG iter 300] WARNING: 6/20 actions clipped (network saturating)
[RLAMPSO DEBUG iter 300] w=0.9000, c1=3.0000, c2=0.0010 | fitness=1993.35
[REWARD DEBUG iter 300] FitnessImprovement: 0.0000 → Reward: +0.0000 (prevFit=1993.35, currFit=1993.35)
[REWARD DEBUG] Stagnation (normal): 0.0000 → Reward: 0.0
[REWARD DEBUG] Stagnation (normal): 0.0000 → Reward: 0.0
[REWARD DEBUG] Stagnation (normal): 0.0000 → Reward: 0.0
[REWARD DEBUG] Stagnation (normal): 0.0000 → Reward: 0.0
[REWARD DEBUG] Stagnation (normal): 0.0000 → Reward: 0.0
[REWARD DEBUG] Stagnation (normal): 0.0000 → Reward: 0.0
[REWARD DEBUG] Stagnation (normal): 0.0000 → Reward: 0.0
[REWARD DEBUG] Stagnation (normal): 0.0000 → Reward: 0.0
[REWARD DEBUG] Stagnation (normal): 0.0000 → Reward: 0.0
[REWARD DEBUG] Stagnation (normal): 0.0000 → Reward: 0.0
[ACTION DEBUG iter 400] Raw action[1:3]: [0.9366, 0.9995, -0.9774], noise: 0.0500
[ACTION DEBUG iter 400] WARNING: 9/20 actions clipped (network saturating)
[RLAMPSO DEBUG iter 400] w=0.9000, c1=3.0000, c2=0.1155 | fitness=1973.92
[REWARD DEBUG iter 400] FitnessImprovement: 0.0000 → Reward: +0.0000 (prevFit=1973.92, currFit=1973.92)
[REWARD DEBUG] Stagnation (normal): 0.0000 → Reward: 0.0
[REWARD DEBUG] Stagnation (normal): 0.0000 → Reward: 0.0
[REWARD DEBUG] Stagnation (normal): 0.0000 → Reward: 0.0
[REWARD DEBUG] Stagnation (normal): 0.0000 → Reward: 0.0
[REWARD DEBUG] Stagnation (normal): 0.0000 → Reward: 0.0
[REWARD DEBUG] Stagnation (normal): 0.0000 → Reward: 0.0
[REWARD DEBUG] Stagnation (normal): 0.0000 → Reward: 0.0
[REWARD DEBUG] Stagnation (normal): 0.0000 → Reward: 0.0
[ACTION DEBUG iter 500] Raw action[1:3]: [0.9486, 0.9992, -0.9856], noise: 0.0500
[ACTION DEBUG iter 500] WARNING: 4/20 actions clipped (network saturating)
[RLAMPSO DEBUG iter 500] w=0.9000, c1=2.9885, c2=0.0096 | fitness=1973.92
[REWARD DEBUG iter 500] FitnessImprovement: 0.0000 → Reward: +0.0000 (prevFit=1973.92, currFit=1973.92)
[REWARD DEBUG] Stagnation (normal): 0.0000 → Reward: 0.0
[REWARD DEBUG] Stagnation (normal): 0.0000 → Reward: 0.0
[REWARD DEBUG] Stagnation (normal): 0.0000 → Reward: 0.0
[Ep   9/1000] Fit:  1973.9 | Avg:  1977.2 | Reward:  +73.7 | Time:  27.7s
          Buffer:  4750 | Noise: 0.0956 | ActorLoss: -1.310e+00 | CriticLoss: 6.871e-04
[REWARD DEBUG] Stagnation (normal): 0.0000 → Reward: 0.0
[REWARD DEBUG] Stagnation (normal): 0.0000 → Reward: 0.0
[REWARD DEBUG] Stagnation (normal): 0.0000 → Reward: 0.0
[REWARD DEBUG] Stagnation (normal): 0.0000 → Reward: 0.0
[ACTION DEBUG iter 100] Raw action[1:3]: [0.9688, 0.9993, -0.9915], noise: 0.0500
[ACTION DEBUG iter 100] WARNING: 8/20 actions clipped (network saturating)
[RLAMPSO DEBUG iter 100] w=0.9000, c1=2.8869, c2=0.0000 | fitness=2460.66
[REWARD DEBUG iter 100] FitnessImprovement: 56.1152 → Reward: +0.8784 (prevFit=2460.66, currFit=2404.55)
[REWARD DEBUG] Stagnation (normal): 0.0000 → Reward: 0.0
[REWARD DEBUG] Stagnation (normal): 0.0000 → Reward: 0.0
[REWARD DEBUG] Improvement: 1.9272 → Reward: +0.2332
[REWARD DEBUG] Improvement: 0.8677 → Reward: +0.1357
[REWARD DEBUG] Improvement: 0.3003 → Reward: +0.0570
[REWARD DEBUG] Improvement: 0.0417 → Reward: +0.0089
[REWARD DEBUG] Stagnation (normal): 0.0000 → Reward: 0.0
[REWARD DEBUG] Stagnation (normal): 0.0000 → Reward: 0.0
[REWARD DEBUG] Stagnation (normal): 0.0000 → Reward: 0.0
[ACTION DEBUG iter 200] Raw action[1:3]: [0.9772, 0.9993, -0.9908], noise: 0.0500
[ACTION DEBUG iter 200] WARNING: 10/20 actions clipped (network saturating)
[RLAMPSO DEBUG iter 200] w=0.9000, c1=3.0000, c2=0.0000 | fitness=2086.37
[REWARD DEBUG iter 200] FitnessImprovement: 5.3501 → Reward: +0.4014 (prevFit=2086.37, currFit=2081.02)
[REWARD DEBUG] Stagnation (normal): 0.0000 → Reward: 0.0
[REWARD DEBUG] Stagnation (normal): 0.0000 → Reward: 0.0
[REWARD DEBUG] Stagnation (normal): 0.0000 → Reward: 0.0
[REWARD DEBUG] Stagnation (normal): 0.0000 → Reward: 0.0
[REWARD DEBUG] Improvement: 0.6173 → Reward: +0.1044
[REWARD DEBUG] Stagnation (normal): 0.0000 → Reward: 0.0
[REWARD DEBUG] Improvement: 0.5593 → Reward: +0.0965
[REWARD DEBUG] Improvement: 0.4956 → Reward: +0.0874
[REWARD DEBUG] Improvement: 0.2748 → Reward: +0.0527
[ACTION DEBUG iter 300] Raw action[1:3]: [0.9839, 0.9994, -0.9893], noise: 0.0500
[ACTION DEBUG iter 300] WARNING: 8/20 actions clipped (network saturating)
[RLAMPSO DEBUG iter 300] w=0.9000, c1=3.0000, c2=0.0148 | fitness=1975.49
[REWARD DEBUG iter 300] FitnessImprovement: 25.3929 → Reward: +0.7107 (prevFit=1975.49, currFit=1950.10)
[REWARD DEBUG] Stagnation (normal): 0.0000 → Reward: 0.0
[REWARD DEBUG] Stagnation (normal): 0.0000 → Reward: 0.0
[REWARD DEBUG] Stagnation (normal): 0.0000 → Reward: 0.0
[REWARD DEBUG] Stagnation (normal): 0.0000 → Reward: 0.0
[REWARD DEBUG] Stagnation (normal): 0.0000 → Reward: 0.0
[REWARD DEBUG] Stagnation (normal): 0.0000 → Reward: 0.0
[ACTION DEBUG iter 400] Raw action[1:3]: [0.9828, 0.9993, -0.9889], noise: 0.0500
[ACTION DEBUG iter 400] WARNING: 7/20 actions clipped (network saturating)
[RLAMPSO DEBUG iter 400] w=0.9000, c1=2.9461, c2=0.0419 | fitness=1867.60
[REWARD DEBUG iter 400] FitnessImprovement: 0.0000 → Reward: +0.0000 (prevFit=1867.60, currFit=1867.60)
[REWARD DEBUG] Stagnation (normal): 0.0000 → Reward: 0.0
[REWARD DEBUG] Stagnation (normal): 0.0000 → Reward: 0.0
[REWARD DEBUG] Stagnation (normal): 0.0000 → Reward: 0.0
[REWARD DEBUG] Stagnation (normal): 0.0000 → Reward: 0.0
[REWARD DEBUG] Stagnation (normal): 0.0000 → Reward: 0.0
[REWARD DEBUG] Stagnation (normal): 0.0000 → Reward: 0.0
[REWARD DEBUG] Stagnation (normal): 0.0000 → Reward: 0.0
[REWARD DEBUG] Stagnation (normal): 0.0000 → Reward: 0.0
[REWARD DEBUG] Stagnation (normal): 0.0000 → Reward: 0.0
[ACTION DEBUG iter 500] Raw action[1:3]: [0.9798, 0.9994, -0.9896], noise: 0.0500
[ACTION DEBUG iter 500] WARNING: 3/20 actions clipped (network saturating)
[RLAMPSO DEBUG iter 500] w=0.9000, c1=3.0000, c2=0.0664 | fitness=1867.60
[REWARD DEBUG iter 500] FitnessImprovement: 0.0000 → Reward: +0.0000 (prevFit=1867.60, currFit=1867.60)
[REWARD DEBUG] Stagnation (normal): 0.0000 → Reward: 0.0
[REWARD DEBUG] Stagnation (normal): 0.0000 → Reward: 0.0
[REWARD DEBUG] Stagnation (normal): 0.0000 → Reward: 0.0
[REWARD DEBUG] Stagnation (normal): 0.0000 → Reward: 0.0
[Ep  10/1000] Fit:  1867.6 | Avg:  1966.2 | Reward:  +84.7 | Time:  29.1s
          Buffer:  5241 | Noise: 0.0951 | ActorLoss: -5.465e-01 | CriticLoss: 5.762e-03
[REWARD DEBUG] Stagnation (normal): 0.0000 → Reward: 0.0
[REWARD DEBUG] Stagnation (normal): 0.0000 → Reward: 0.0
[REWARD DEBUG] Stagnation (normal): 0.0000 → Reward: 0.0
[REWARD DEBUG] Stagnation (normal): 0.0000 → Reward: 0.0
[REWARD DEBUG] Stagnation (normal): 0.0000 → Reward: 0.0
[REWARD DEBUG] Stagnation (normal): 0.0000 → Reward: 0.0
[REWARD DEBUG] Improvement: 41.2000 → Reward: +0.8127
[ACTION DEBUG iter 100] Raw action[1:3]: [0.9754, 0.9995, -0.9897], noise: 0.0500
[ACTION DEBUG iter 100] WARNING: 6/20 actions clipped (network saturating)
[RLAMPSO DEBUG iter 100] w=0.9000, c1=2.8892, c2=0.0605 | fitness=2448.79
[REWARD DEBUG iter 100] FitnessImprovement: 0.0000 → Reward: +0.0000 (prevFit=2448.79, currFit=2448.79)
[REWARD DEBUG] Stagnation (normal): 0.0000 → Reward: 0.0
[REWARD DEBUG] Stagnation (normal): 0.0000 → Reward: 0.0
[REWARD DEBUG] Stagnation (normal): 0.0000 → Reward: 0.0
[REWARD DEBUG] Stagnation (normal): 0.0000 → Reward: 0.0
[REWARD DEBUG] Stagnation (normal): 0.0000 → Reward: 0.0
[REWARD DEBUG] Stagnation (normal): 0.0000 → Reward: 0.0
[REWARD DEBUG] Stagnation (normal): 0.0000 → Reward: 0.0
[REWARD DEBUG] Stagnation (normal): 0.0000 → Reward: 0.0
[REWARD DEBUG] Stagnation (normal): 0.0000 → Reward: 0.0
[REWARD DEBUG] Stagnation (normal): 0.0000 → Reward: 0.0
[ACTION DEBUG iter 200] Raw action[1:3]: [0.9724, 0.9995, -0.9869], noise: 0.0500
[ACTION DEBUG iter 200] WARNING: 4/20 actions clipped (network saturating)
[RLAMPSO DEBUG iter 200] w=0.9000, c1=2.9966, c2=0.0211 | fitness=2140.81
[REWARD DEBUG] Stagnation (normal): 0.0000 → Reward: 0.0
[REWARD DEBUG iter 200] FitnessImprovement: 0.0000 → Reward: +0.0000 (prevFit=2140.81, currFit=2140.81)
[REWARD DEBUG] Stagnation (normal): 0.0000 → Reward: 0.0
[REWARD DEBUG] Stagnation (normal): 0.0000 → Reward: 0.0
[REWARD DEBUG] Stagnation (normal): 0.0000 → Reward: 0.0
[REWARD DEBUG] Stagnation (normal): 0.0000 → Reward: 0.0
[REWARD DEBUG] Stagnation (normal): 0.0000 → Reward: 0.0
[REWARD DEBUG] Stagnation (normal): 0.0000 → Reward: 0.0
[REWARD DEBUG] Stagnation (normal): 0.0000 → Reward: 0.0
[REWARD DEBUG] Stagnation (normal): 0.0000 → Reward: 0.0
[ACTION DEBUG iter 300] Raw action[1:3]: [0.9702, 0.9996, -0.9812], noise: 0.0500
[ACTION DEBUG iter 300] WARNING: 7/20 actions clipped (network saturating)
[RLAMPSO DEBUG iter 300] w=0.9000, c1=3.0000, c2=0.0415 | fitness=2075.89
[REWARD DEBUG iter 300] FitnessImprovement: 0.0000 → Reward: +0.0000 (prevFit=2075.89, currFit=2075.89)
[REWARD DEBUG] Stagnation (normal): 0.0000 → Reward: 0.0
[REWARD DEBUG] Stagnation (normal): 0.0000 → Reward: 0.0
[REWARD DEBUG] Stagnation (normal): 0.0000 → Reward: 0.0
[REWARD DEBUG] Stagnation (normal): 0.0000 → Reward: 0.0
[REWARD DEBUG] Stagnation (normal): 0.0000 → Reward: 0.0
[REWARD DEBUG] Stagnation (normal): 0.0000 → Reward: 0.0
[REWARD DEBUG] Stagnation (normal): 0.0000 → Reward: 0.0
[REWARD DEBUG] Stagnation (normal): 0.0000 → Reward: 0.0
[REWARD DEBUG] Stagnation (normal): 0.0000 → Reward: 0.0
[REWARD DEBUG] Stagnation (normal): 0.0000 → Reward: 0.0
[ACTION DEBUG iter 400] Raw action[1:3]: [0.9763, 0.9998, -0.9812], noise: 0.0500
[ACTION DEBUG iter 400] WARNING: 8/20 actions clipped (network saturating)
[RLAMPSO DEBUG iter 400] w=0.9000, c1=2.9533, c2=0.2111 | fitness=2020.69
[REWARD DEBUG iter 400] FitnessImprovement: 0.0000 → Reward: +0.0000 (prevFit=2020.69, currFit=2020.69)
[REWARD DEBUG] Stagnation (normal): 0.0000 → Reward: 0.0
[REWARD DEBUG] Stagnation (normal): 0.0000 → Reward: 0.0
[REWARD DEBUG] Stagnation (normal): 0.0000 → Reward: 0.0
[REWARD DEBUG] Stagnation (normal): 0.0000 → Reward: 0.0
[REWARD DEBUG] Stagnation (normal): 0.0000 → Reward: 0.0
[REWARD DEBUG] Stagnation (normal): 0.0000 → Reward: 0.0
[REWARD DEBUG] Stagnation (normal): 0.0000 → Reward: 0.0
[REWARD DEBUG] Stagnation (normal): 0.0000 → Reward: 0.0
[REWARD DEBUG] Stagnation (normal): 0.0000 → Reward: 0.0
[REWARD DEBUG] Stagnation (normal): 0.0000 → Reward: 0.0
[REWARD DEBUG] Stagnation (normal): 0.0000 → Reward: 0.0
[ACTION DEBUG iter 500] Raw action[1:3]: [0.9850, 0.9999, -0.9705], noise: 0.0500
[ACTION DEBUG iter 500] WARNING: 6/20 actions clipped (network saturating)
[RLAMPSO DEBUG iter 500] w=0.9000, c1=2.9354, c2=0.0000 | fitness=2014.73
[REWARD DEBUG iter 500] FitnessImprovement: 0.0000 → Reward: +0.0000 (prevFit=2014.73, currFit=2014.73)
[REWARD DEBUG] Stagnation (normal): 0.0000 → Reward: 0.0
[REWARD DEBUG] Stagnation (normal): 0.0000 → Reward: 0.0
[REWARD DEBUG] Stagnation (normal): 0.0000 → Reward: 0.0
[REWARD DEBUG] Stagnation (normal): 0.0000 → Reward: 0.0
[REWARD DEBUG] Stagnation (normal): 0.0000 → Reward: 0.0
[REWARD DEBUG] Stagnation (normal): 0.0000 → Reward: 0.0
[REWARD DEBUG] Stagnation (normal): 0.0000 → Reward: 0.0
[REWARD DEBUG] Stagnation (normal): 0.0000 → Reward: 0.0
[REWARD DEBUG] Stagnation (normal): 0.0000 → Reward: 0.0
[REWARD DEBUG] Stagnation (normal): 0.0000 → Reward: 0.0
[REWARD DEBUG] Stagnation (normal): 0.0000 → Reward: 0.0
[REWARD DEBUG] Stagnation (normal): 0.0000 → Reward: 0.0
[ACTION DEBUG iter 600] Raw action[1:3]: [0.9909, 0.9999, -0.9751], noise: 0.0500
[ACTION DEBUG iter 600] WARNING: 8/20 actions clipped (network saturating)
[RLAMPSO DEBUG iter 600] w=0.9000, c1=3.0000, c2=0.0194 | fitness=1896.75
[REWARD DEBUG iter 600] FitnessImprovement: 0.0000 → Reward: +0.0000 (prevFit=1896.75, currFit=1896.75)
[Ep  11/1000] Fit:  1896.8 | Avg:  1950.8 | Reward: +100.1 | Time:  41.2s
          Buffer:  5791 | Noise: 0.0946 | ActorLoss: -7.243e-01 | CriticLoss: 1.886e-03
[REWARD DEBUG] Improvement: 92.6515 → Reward: +0.9858
[REWARD DEBUG] Stagnation (normal): 0.0000 → Reward: 0.0
[REWARD DEBUG] Stagnation (normal): 0.0000 → Reward: 0.0
[REWARD DEBUG] Stagnation (normal): 0.0000 → Reward: 0.0
[REWARD DEBUG] Stagnation (normal): 0.0000 → Reward: 0.0
[REWARD DEBUG] Stagnation (normal): 0.0000 → Reward: 0.0
[REWARD DEBUG] Improvement: 5.2235 → Reward: +0.3970
[ACTION DEBUG iter 100] Raw action[1:3]: [0.9912, 0.9999, -0.9776], noise: 0.0500
[ACTION DEBUG iter 100] WARNING: 10/20 actions clipped (network saturating)
[RLAMPSO DEBUG iter 100] w=0.9000, c1=3.0000, c2=0.0383 | fitness=2128.82
[REWARD DEBUG iter 100] FitnessImprovement: 2.5361 → Reward: +0.2743 (prevFit=2128.82, currFit=2126.28)
[REWARD DEBUG] Stagnation (normal): 0.0000 → Reward: 0.0
[REWARD DEBUG] Stagnation (normal): 0.0000 → Reward: 0.0
[REWARD DEBUG] Stagnation (normal): 0.0000 → Reward: 0.0
[REWARD DEBUG] Stagnation (normal): 0.0000 → Reward: 0.0
[REWARD DEBUG] Stagnation (normal): 0.0000 → Reward: 0.0
[REWARD DEBUG] Stagnation (normal): 0.0000 → Reward: 0.0
[REWARD DEBUG] Stagnation (normal): 0.0000 → Reward: 0.0
[REWARD DEBUG] Improvement: 6.4926 → Reward: +0.4373
[REWARD DEBUG] Stagnation (normal): 0.0000 → Reward: 0.0
[REWARD DEBUG] Stagnation (normal): 0.0000 → Reward: 0.0
[REWARD DEBUG] Stagnation (normal): 0.0000 → Reward: 0.0
[REWARD DEBUG] Stagnation (normal): 0.0000 → Reward: 0.0
[REWARD DEBUG] Stagnation (normal): 0.0000 → Reward: 0.0
[REWARD DEBUG] Stagnation (normal): 0.0000 → Reward: 0.0
[ACTION DEBUG iter 200] Raw action[1:3]: [0.9917, 1.0000, -0.9828], noise: 0.0500
[ACTION DEBUG iter 200] WARNING: 11/20 actions clipped (network saturating)
[RLAMPSO DEBUG iter 200] w=0.9000, c1=2.9554, c2=0.1349 | fitness=2030.86
[REWARD DEBUG iter 200] FitnessImprovement: 0.0000 → Reward: +0.0000 (prevFit=2030.86, currFit=2030.86)
[REWARD DEBUG] Stagnation (normal): 0.0000 → Reward: 0.0
[REWARD DEBUG] Stagnation (normal): 0.0000 → Reward: 0.0
[REWARD DEBUG] Stagnation (normal): 0.0000 → Reward: 0.0
[REWARD DEBUG] Stagnation (normal): 0.0000 → Reward: 0.0
[REWARD DEBUG] Stagnation (normal): 0.0000 → Reward: 0.0
[REWARD DEBUG] Stagnation (normal): 0.0000 → Reward: 0.0
[REWARD DEBUG] Stagnation (normal): 0.0000 → Reward: 0.0
[REWARD DEBUG] Stagnation (normal): 0.0000 → Reward: 0.0
[ACTION DEBUG iter 300] Raw action[1:3]: [0.9927, 1.0000, -0.9884], noise: 0.0500
[ACTION DEBUG iter 300] WARNING: 5/20 actions clipped (network saturating)
[RLAMPSO DEBUG iter 300] w=0.9000, c1=2.9450, c2=0.0881 | fitness=1936.61
[REWARD DEBUG] Stagnation (normal): 0.0000 → Reward: 0.0
[REWARD DEBUG iter 300] FitnessImprovement: 0.0000 → Reward: +0.0000 (prevFit=1936.61, currFit=1936.61)
[REWARD DEBUG] Stagnation (normal): 0.0000 → Reward: 0.0
[REWARD DEBUG] Stagnation (normal): 0.0000 → Reward: 0.0
[REWARD DEBUG] Stagnation (normal): 0.0000 → Reward: 0.0
[REWARD DEBUG] Stagnation (normal): 0.0000 → Reward: 0.0
[REWARD DEBUG] Stagnation (normal): 0.0000 → Reward: 0.0
[REWARD DEBUG] Stagnation (normal): 0.0000 → Reward: 0.0
[REWARD DEBUG] Stagnation (normal): 0.0000 → Reward: 0.0
[REWARD DEBUG] Stagnation (normal): 0.0000 → Reward: 0.0
[REWARD DEBUG] Stagnation (normal): 0.0000 → Reward: 0.0
[REWARD DEBUG] Stagnation (normal): 0.0000 → Reward: 0.0
[REWARD DEBUG] Stagnation (normal): 0.0000 → Reward: 0.0
[ACTION DEBUG iter 400] Raw action[1:3]: [0.9945, 1.0000, -0.9881], noise: 0.0500
[ACTION DEBUG iter 400] WARNING: 6/20 actions clipped (network saturating)
[RLAMPSO DEBUG iter 400] w=0.9000, c1=3.0000, c2=0.0213 | fitness=1936.61
[REWARD DEBUG iter 400] FitnessImprovement: 0.0000 → Reward: +0.0000 (prevFit=1936.61, currFit=1936.61)
[REWARD DEBUG] Stagnation (normal): 0.0000 → Reward: 0.0
[REWARD DEBUG] Stagnation (normal): 0.0000 → Reward: 0.0
[REWARD DEBUG] Stagnation (normal): 0.0000 → Reward: 0.0
[REWARD DEBUG] Stagnation (normal): 0.0000 → Reward: 0.0
[Ep  12/1000] Fit:  1936.6 | Avg:  1952.6 | Reward:  +98.3 | Time:  27.5s
          Buffer:  6158 | Noise: 0.0942 | ActorLoss: -9.578e-01 | CriticLoss: 2.471e-03
[REWARD DEBUG] Improvement: 30.6121 → Reward: +0.7499
[REWARD DEBUG] Improvement: 2.3435 → Reward: +0.2621
[REWARD DEBUG] Stagnation (normal): 0.0000 → Reward: 0.0
[REWARD DEBUG] Stagnation (normal): 0.0000 → Reward: 0.0
[REWARD DEBUG] Improvement: 2.8109 → Reward: +0.2905
[REWARD DEBUG] Improvement: 17.2739 → Reward: +0.6309
[ACTION DEBUG iter 100] Raw action[1:3]: [0.9948, 1.0000, -0.9887], noise: 0.0500
[ACTION DEBUG iter 100] WARNING: 11/20 actions clipped (network saturating)
[RLAMPSO DEBUG iter 100] w=0.9000, c1=3.0000, c2=0.0424 | fitness=2847.78
[REWARD DEBUG iter 100] FitnessImprovement: 113.0760 → Reward: +1.0000 (prevFit=2847.78, currFit=2734.71)
[REWARD DEBUG] Improvement: 48.8276 → Reward: +0.8487
[REWARD DEBUG] Improvement: 5.2129 → Reward: +0.3966
[REWARD DEBUG] Stagnation (normal): 0.0000 → Reward: 0.0
[REWARD DEBUG] Improvement: 0.3946 → Reward: +0.0722
[REWARD DEBUG] Stagnation (normal): 0.0000 → Reward: 0.0
[REWARD DEBUG] Stagnation (normal): 0.0000 → Reward: 0.0
[REWARD DEBUG] Stagnation (normal): 0.0000 → Reward: 0.0
[REWARD DEBUG] Stagnation (normal): 0.0000 → Reward: 0.0
[REWARD DEBUG] Stagnation (normal): 0.0000 → Reward: 0.0
[ACTION DEBUG iter 200] Raw action[1:3]: [0.9953, 1.0000, -0.9901], noise: 0.0500
[ACTION DEBUG iter 200] WARNING: 11/20 actions clipped (network saturating)
[RLAMPSO DEBUG iter 200] w=0.9000, c1=3.0000, c2=0.0000 | fitness=2144.93
[REWARD DEBUG iter 200] FitnessImprovement: 5.8966 → Reward: +0.4193 (prevFit=2144.93, currFit=2139.04)
[REWARD DEBUG] Stagnation (normal): 0.0000 → Reward: 0.0
[REWARD DEBUG] Stagnation (normal): 0.0000 → Reward: 0.0
[REWARD DEBUG] Stagnation (normal): 0.0000 → Reward: 0.0
[REWARD DEBUG] Stagnation (normal): 0.0000 → Reward: 0.0
[REWARD DEBUG] Stagnation (normal): 0.0000 → Reward: 0.0
[REWARD DEBUG] Stagnation (normal): 0.0000 → Reward: 0.0
[REWARD DEBUG] Stagnation (normal): 0.0000 → Reward: 0.0
[REWARD DEBUG] Stagnation (normal): 0.0000 → Reward: 0.0
[REWARD DEBUG] Stagnation (normal): 0.0000 → Reward: 0.0
[REWARD DEBUG] Stagnation (normal): 0.0000 → Reward: 0.0
[REWARD DEBUG] Stagnation (normal): 0.0000 → Reward: 0.0
[REWARD DEBUG] Stagnation (normal): 0.0000 → Reward: 0.0
[REWARD DEBUG] Stagnation (normal): 0.0000 → Reward: 0.0
[REWARD DEBUG] Stagnation (normal): 0.0000 → Reward: 0.0
[REWARD DEBUG] Stagnation (normal): 0.0000 → Reward: 0.0
[ACTION DEBUG iter 300] Raw action[1:3]: [0.9946, 1.0000, -0.9924], noise: 0.0500
[ACTION DEBUG iter 300] WARNING: 9/20 actions clipped (network saturating)
[RLAMPSO DEBUG iter 300] w=0.9000, c1=3.0000, c2=0.0000 | fitness=2126.94
[REWARD DEBUG iter 300] FitnessImprovement: 0.0000 → Reward: +0.0000 (prevFit=2126.94, currFit=2126.94)
[REWARD DEBUG] Stagnation (normal): 0.0000 → Reward: 0.0
[REWARD DEBUG] Stagnation (normal): 0.0000 → Reward: 0.0
[REWARD DEBUG] Stagnation (normal): 0.0000 → Reward: 0.0
[REWARD DEBUG] Stagnation (normal): 0.0000 → Reward: 0.0
[REWARD DEBUG] Stagnation (normal): 0.0000 → Reward: 0.0
[REWARD DEBUG] Stagnation (normal): 0.0000 → Reward: 0.0
[REWARD DEBUG] Stagnation (normal): 0.0000 → Reward: 0.0
[REWARD DEBUG] Stagnation (normal): 0.0000 → Reward: 0.0
[REWARD DEBUG] Stagnation (normal): 0.0000 → Reward: 0.0
[REWARD DEBUG] Stagnation (normal): 0.0000 → Reward: 0.0
[REWARD DEBUG] Stagnation (normal): 0.0000 → Reward: 0.0
[REWARD DEBUG] Stagnation (normal): 0.0000 → Reward: 0.0
[REWARD DEBUG] Stagnation (normal): 0.0000 → Reward: 0.0
[REWARD DEBUG] Stagnation (normal): 0.0000 → Reward: 0.0
[REWARD DEBUG] Stagnation (normal): 0.0000 → Reward: 0.0
[REWARD DEBUG] Stagnation (normal): 0.0000 → Reward: 0.0
[ACTION DEBUG iter 400] Raw action[1:3]: [0.9948, 1.0000, -0.9940], noise: 0.0500
[ACTION DEBUG iter 400] WARNING: 10/20 actions clipped (network saturating)
[RLAMPSO DEBUG iter 400] w=0.9000, c1=2.9941, c2=0.0903 | fitness=2029.80
[REWARD DEBUG iter 400] FitnessImprovement: 0.0000 → Reward: +0.0000 (prevFit=2029.80, currFit=2029.80)
[REWARD DEBUG] Stagnation (normal): 0.0000 → Reward: 0.0
[REWARD DEBUG] Stagnation (normal): 0.0000 → Reward: 0.0
[REWARD DEBUG] Stagnation (normal): 0.0000 → Reward: 0.0
[REWARD DEBUG] Stagnation (normal): 0.0000 → Reward: 0.0
[REWARD DEBUG] Stagnation (normal): 0.0000 → Reward: 0.0
[REWARD DEBUG] Stagnation (normal): 0.0000 → Reward: 0.0
[REWARD DEBUG] Stagnation (normal): 0.0000 → Reward: 0.0
[REWARD DEBUG] Stagnation (normal): 0.0000 → Reward: 0.0
[REWARD DEBUG] Stagnation (normal): 0.0000 → Reward: 0.0
[Ep  13/1000] Fit:  2029.8 | Avg:  1973.7 | Reward:  +77.2 | Time:  33.7s
          Buffer:  6606 | Noise: 0.0937 | ActorLoss: -9.688e-01 | CriticLoss: 2.161e-03
[REWARD DEBUG] Improvement: 6.3122 → Reward: +0.4320
[REWARD DEBUG] Improvement: 68.6450 → Reward: +0.9214
[REWARD DEBUG] Stagnation (normal): 0.0000 → Reward: 0.0
[REWARD DEBUG] Stagnation (normal): 0.0000 → Reward: 0.0
[REWARD DEBUG] Improvement: 3.0110 → Reward: +0.3016
[REWARD DEBUG] Stagnation (normal): 0.0000 → Reward: 0.0
[REWARD DEBUG] Stagnation (normal): 0.0000 → Reward: 0.0
[REWARD DEBUG] Stagnation (normal): 0.0000 → Reward: 0.0
[ACTION DEBUG iter 100] Raw action[1:3]: [0.9946, 1.0000, -0.9942], noise: 0.0500
[ACTION DEBUG iter 100] WARNING: 4/20 actions clipped (network saturating)
[RLAMPSO DEBUG iter 100] w=0.9000, c1=2.9211, c2=0.0452 | fitness=2300.47
[REWARD DEBUG iter 100] FitnessImprovement: 0.0000 → Reward: +0.0000 (prevFit=2300.47, currFit=2300.47)
[REWARD DEBUG] Stagnation (normal): 0.0000 → Reward: 0.0
[REWARD DEBUG] Improvement: 13.4060 → Reward: +0.5793
[REWARD DEBUG] Stagnation (normal): 0.0000 → Reward: 0.0
[REWARD DEBUG] Improvement: 9.8514 → Reward: +0.5177
[REWARD DEBUG] Stagnation (normal): 0.0000 → Reward: 0.0
[REWARD DEBUG] Stagnation (normal): 0.0000 → Reward: 0.0
[REWARD DEBUG] Stagnation (normal): 0.0000 → Reward: 0.0
[REWARD DEBUG] Stagnation (normal): 0.0000 → Reward: 0.0
[ACTION DEBUG iter 200] Raw action[1:3]: [0.9931, 0.9999, -0.9944], noise: 0.0500
[ACTION DEBUG iter 200] WARNING: 10/20 actions clipped (network saturating)
[RLAMPSO DEBUG iter 200] w=0.9000, c1=2.9376, c2=0.0000 | fitness=2038.04
[REWARD DEBUG iter 200] FitnessImprovement: 0.0000 → Reward: +0.0000 (prevFit=2038.04, currFit=2038.04)
[REWARD DEBUG] Stagnation (normal): 0.0000 → Reward: 0.0
[REWARD DEBUG] Stagnation (normal): 0.0000 → Reward: 0.0
[REWARD DEBUG] Stagnation (normal): 0.0000 → Reward: 0.0
[REWARD DEBUG] Stagnation (normal): 0.0000 → Reward: 0.0
[REWARD DEBUG] Stagnation (normal): 0.0000 → Reward: 0.0
[REWARD DEBUG] Stagnation (normal): 0.0000 → Reward: 0.0
[REWARD DEBUG] Stagnation (normal): 0.0000 → Reward: 0.0
[REWARD DEBUG] Stagnation (normal): 0.0000 → Reward: 0.0
[REWARD DEBUG] Stagnation (normal): 0.0000 → Reward: 0.0
[REWARD DEBUG] Stagnation (normal): 0.0000 → Reward: 0.0
[REWARD DEBUG] Improvement: 11.7705 → Reward: +0.5531
[ACTION DEBUG iter 300] Raw action[1:3]: [0.9936, 0.9999, -0.9960], noise: 0.0500
[ACTION DEBUG iter 300] WARNING: 10/20 actions clipped (network saturating)
[RLAMPSO DEBUG iter 300] w=0.9000, c1=3.0000, c2=0.0000 | fitness=1976.74
[REWARD DEBUG iter 300] FitnessImprovement: 0.0000 → Reward: +0.0000 (prevFit=1976.74, currFit=1976.74)
[REWARD DEBUG] Stagnation (normal): 0.0000 → Reward: 0.0
[REWARD DEBUG] Stagnation (normal): 0.0000 → Reward: 0.0
[REWARD DEBUG] Stagnation (normal): 0.0000 → Reward: 0.0
[REWARD DEBUG] Stagnation (normal): 0.0000 → Reward: 0.0
[REWARD DEBUG] Stagnation (normal): 0.0000 → Reward: 0.0
[REWARD DEBUG] Stagnation (normal): 0.0000 → Reward: 0.0
[REWARD DEBUG] Stagnation (normal): 0.0000 → Reward: 0.0
[REWARD DEBUG] Stagnation (normal): 0.0000 → Reward: 0.0
[ACTION DEBUG iter 400] Raw action[1:3]: [0.9937, 0.9999, -0.9985], noise: 0.0500
[ACTION DEBUG iter 400] WARNING: 11/20 actions clipped (network saturating)
[RLAMPSO DEBUG iter 400] w=0.9000, c1=3.0000, c2=0.0000 | fitness=1976.74
[REWARD DEBUG iter 400] FitnessImprovement: 0.0000 → Reward: +0.0000 (prevFit=1976.74, currFit=1976.74)
[REWARD DEBUG] Stagnation (normal): 0.0000 → Reward: 0.0
[REWARD DEBUG] Stagnation (normal): 0.0000 → Reward: 0.0
[REWARD DEBUG] Stagnation (normal): 0.0000 → Reward: 0.0
[Ep  14/1000] Fit:  1976.7 | Avg:  1973.5 | Reward:  +77.4 | Time:  28.2s
          Buffer:  6984 | Noise: 0.0932 | ActorLoss: -1.090e+00 | CriticLoss: 3.121e-03
[REWARD DEBUG] Improvement: 51.7845 → Reward: +0.8613
[REWARD DEBUG] Improvement: 26.1273 → Reward: +0.7167
[REWARD DEBUG] Stagnation (normal): 0.0000 → Reward: 0.0
[REWARD DEBUG] Stagnation (normal): 0.0000 → Reward: 0.0
[REWARD DEBUG] Stagnation (normal): 0.0000 → Reward: 0.0
[REWARD DEBUG] Stagnation (normal): 0.0000 → Reward: 0.0
[REWARD DEBUG] Stagnation (normal): 0.0000 → Reward: 0.0
[REWARD DEBUG] Stagnation (normal): 0.0000 → Reward: 0.0
[REWARD DEBUG] Stagnation (normal): 0.0000 → Reward: 0.0
[ACTION DEBUG iter 100] Raw action[1:3]: [0.9950, 0.9999, -0.9992], noise: 0.0500
[ACTION DEBUG iter 100] WARNING: 12/20 actions clipped (network saturating)
[RLAMPSO DEBUG iter 100] w=0.9000, c1=3.0000, c2=0.0000 | fitness=2147.97
[REWARD DEBUG iter 100] FitnessImprovement: 0.0000 → Reward: +0.0000 (prevFit=2147.97, currFit=2147.97)
[REWARD DEBUG] Stagnation (normal): 0.0000 → Reward: 0.0
[REWARD DEBUG] Improvement: 26.4873 → Reward: +0.7196
[REWARD DEBUG] Stagnation (normal): 0.0000 → Reward: 0.0
[REWARD DEBUG] Stagnation (normal): 0.0000 → Reward: 0.0
[REWARD DEBUG] Stagnation (normal): 0.0000 → Reward: 0.0
[REWARD DEBUG] Stagnation (normal): 0.0000 → Reward: 0.0
[REWARD DEBUG] Stagnation (normal): 0.0000 → Reward: 0.0
[REWARD DEBUG] Stagnation (normal): 0.0000 → Reward: 0.0
[REWARD DEBUG] Stagnation (normal): 0.0000 → Reward: 0.0
[REWARD DEBUG] Stagnation (normal): 0.0000 → Reward: 0.0
[REWARD DEBUG] Stagnation (normal): 0.0000 → Reward: 0.0
[REWARD DEBUG] Stagnation (normal): 0.0000 → Reward: 0.0
[ACTION DEBUG iter 200] Raw action[1:3]: [0.9957, 0.9999, -0.9996], noise: 0.0500
[ACTION DEBUG iter 200] WARNING: 9/20 actions clipped (network saturating)
[RLAMPSO DEBUG iter 200] w=0.9000, c1=3.0000, c2=0.0644 | fitness=2011.27
[REWARD DEBUG iter 200] FitnessImprovement: 0.0000 → Reward: +0.0000 (prevFit=2011.27, currFit=2011.27)
[REWARD DEBUG] Stagnation (normal): 0.0000 → Reward: 0.0
[REWARD DEBUG] Stagnation (normal): 0.0000 → Reward: 0.0
[REWARD DEBUG] Stagnation (normal): 0.0000 → Reward: 0.0
[REWARD DEBUG] Stagnation (normal): 0.0000 → Reward: 0.0
[REWARD DEBUG] Stagnation (normal): 0.0000 → Reward: 0.0
[REWARD DEBUG] Stagnation (normal): 0.0000 → Reward: 0.0
[REWARD DEBUG] Stagnation (normal): 0.0000 → Reward: 0.0
[REWARD DEBUG] Stagnation (normal): 0.0000 → Reward: 0.0
[ACTION DEBUG iter 300] Raw action[1:3]: [0.9960, 0.9999, -0.9997], noise: 0.0500
[ACTION DEBUG iter 300] WARNING: 10/20 actions clipped (network saturating)
[RLAMPSO DEBUG iter 300] w=0.9000, c1=2.9828, c2=0.0000 | fitness=1988.45
[REWARD DEBUG iter 300] FitnessImprovement: 0.0000 → Reward: +0.0000 (prevFit=1988.45, currFit=1988.45)
[REWARD DEBUG] Stagnation (normal): 0.0000 → Reward: 0.0
[REWARD DEBUG] Stagnation (normal): 0.0000 → Reward: 0.0
[REWARD DEBUG] Improvement: 6.2624 → Reward: +0.4305
[REWARD DEBUG] Stagnation (normal): 0.0000 → Reward: 0.0
[REWARD DEBUG] Improvement: 0.5516 → Reward: +0.0954
[REWARD DEBUG] Stagnation (normal): 0.0000 → Reward: 0.0
[REWARD DEBUG] Stagnation (normal): 0.0000 → Reward: 0.0
[REWARD DEBUG] Stagnation (normal): 0.0000 → Reward: 0.0
[REWARD DEBUG] Stagnation (normal): 0.0000 → Reward: 0.0
[REWARD DEBUG] Stagnation (normal): 0.0000 → Reward: 0.0
[ACTION DEBUG iter 400] Raw action[1:3]: [0.9962, 0.9999, -0.9997], noise: 0.0500
[ACTION DEBUG iter 400] WARNING: 9/20 actions clipped (network saturating)
[RLAMPSO DEBUG iter 400] w=0.9000, c1=2.8480, c2=0.0000 | fitness=1926.97
[REWARD DEBUG iter 400] FitnessImprovement: 0.0000 → Reward: +0.0000 (prevFit=1926.97, currFit=1926.97)
[REWARD DEBUG] Stagnation (normal): 0.0000 → Reward: 0.0
[REWARD DEBUG] Stagnation (normal): 0.0000 → Reward: 0.0
[REWARD DEBUG] Stagnation (normal): 0.0000 → Reward: 0.0
[REWARD DEBUG] Stagnation (normal): 0.0000 → Reward: 0.0
[REWARD DEBUG] Stagnation (normal): 0.0000 → Reward: 0.0
[REWARD DEBUG] Stagnation (normal): 0.0000 → Reward: 0.0
[REWARD DEBUG] Stagnation (normal): 0.0000 → Reward: 0.0
[REWARD DEBUG] Stagnation (normal): 0.0000 → Reward: 0.0
[REWARD DEBUG] Stagnation (normal): 0.0000 → Reward: 0.0
[REWARD DEBUG] Stagnation (normal): 0.0000 → Reward: 0.0
[REWARD DEBUG] Stagnation (normal): 0.0000 → Reward: 0.0
[REWARD DEBUG] Stagnation (normal): 0.0000 → Reward: 0.0
[ACTION DEBUG iter 500] Raw action[1:3]: [0.9964, 1.0000, -0.9997], noise: 0.0500
[ACTION DEBUG iter 500] WARNING: 12/20 actions clipped (network saturating)
[RLAMPSO DEBUG iter 500] w=0.9000, c1=3.0000, c2=0.0139 | fitness=1918.95
[REWARD DEBUG iter 500] FitnessImprovement: 0.0000 → Reward: +0.0000 (prevFit=1918.95, currFit=1918.95)
[REWARD DEBUG] Stagnation (normal): 0.0000 → Reward: 0.0
[REWARD DEBUG] Stagnation (normal): 0.0000 → Reward: 0.0
[REWARD DEBUG] Stagnation (normal): 0.0000 → Reward: 0.0
[REWARD DEBUG] Stagnation (normal): 0.0000 → Reward: 0.0
[REWARD DEBUG] Stagnation (normal): 0.0000 → Reward: 0.0
[REWARD DEBUG] Stagnation (normal): 0.0000 → Reward: 0.0
[REWARD DEBUG] Stagnation (normal): 0.0000 → Reward: 0.0
[ACTION DEBUG iter 600] Raw action[1:3]: [0.9966, 1.0000, -0.9998], noise: 0.0500
[ACTION DEBUG iter 600] WARNING: 8/20 actions clipped (network saturating)
[RLAMPSO DEBUG iter 600] w=0.9000, c1=3.0000, c2=0.0000 | fitness=1918.95
[REWARD DEBUG iter 600] FitnessImprovement: 0.0000 → Reward: +0.0000 (prevFit=1918.95, currFit=1918.95)
[Ep  15/1000] Fit:  1918.9 | Avg:  1987.8 | Reward:  +63.1 | Time:  32.8s
          Buffer:  7534 | Noise: 0.0928 | ActorLoss: -2.487e+00 | CriticLoss: 3.109e-03
[REWARD DEBUG] Stagnation (normal): 0.0000 → Reward: 0.0
[REWARD DEBUG] Stagnation (normal): 0.0000 → Reward: 0.0
[REWARD DEBUG] Stagnation (normal): 0.0000 → Reward: 0.0
[REWARD DEBUG] Stagnation (normal): 0.0000 → Reward: 0.0
[REWARD DEBUG] Improvement: 21.2266 → Reward: +0.6734
[REWARD DEBUG] Stagnation (normal): 0.0000 → Reward: 0.0
[REWARD DEBUG] Stagnation (normal): 0.0000 → Reward: 0.0
[REWARD DEBUG] Stagnation (normal): 0.0000 → Reward: 0.0
[ACTION DEBUG iter 100] Raw action[1:3]: [0.9968, 1.0000, -0.9998], noise: 0.0500
[ACTION DEBUG iter 100] WARNING: 11/20 actions clipped (network saturating)
[RLAMPSO DEBUG iter 100] w=0.9000, c1=2.8972, c2=0.1550 | fitness=2195.15
[REWARD DEBUG iter 100] FitnessImprovement: 0.0000 → Reward: +0.0000 (prevFit=2195.15, currFit=2195.15)
[REWARD DEBUG] Stagnation (normal): 0.0000 → Reward: 0.0
[REWARD DEBUG] Stagnation (normal): 0.0000 → Reward: 0.0
[REWARD DEBUG] Stagnation (normal): 0.0000 → Reward: 0.0
[REWARD DEBUG] Stagnation (normal): 0.0000 → Reward: 0.0
[REWARD DEBUG] Stagnation (normal): 0.0000 → Reward: 0.0
[REWARD DEBUG] Stagnation (normal): 0.0000 → Reward: 0.0
[REWARD DEBUG] Stagnation (normal): 0.0000 → Reward: 0.0
[REWARD DEBUG] Stagnation (normal): 0.0000 → Reward: 0.0
[REWARD DEBUG] Stagnation (normal): 0.0000 → Reward: 0.0
[ACTION DEBUG iter 200] Raw action[1:3]: [0.9969, 1.0000, -0.9998], noise: 0.0500
[ACTION DEBUG iter 200] WARNING: 12/20 actions clipped (network saturating)
[RLAMPSO DEBUG iter 200] w=0.9000, c1=3.0000, c2=0.0000 | fitness=2055.37
[REWARD DEBUG iter 200] FitnessImprovement: 0.0000 → Reward: +0.0000 (prevFit=2055.37, currFit=2055.37)
[REWARD DEBUG] Stagnation (normal): 0.0000 → Reward: 0.0
[REWARD DEBUG] Stagnation (normal): 0.0000 → Reward: 0.0
[REWARD DEBUG] Stagnation (normal): 0.0000 → Reward: 0.0
[REWARD DEBUG] Stagnation (normal): 0.0000 → Reward: 0.0
[REWARD DEBUG] Stagnation (normal): 0.0000 → Reward: 0.0
[REWARD DEBUG] Stagnation (normal): 0.0000 → Reward: 0.0
[REWARD DEBUG] Stagnation (normal): 0.0000 → Reward: 0.0
[ACTION DEBUG iter 300] Raw action[1:3]: [0.9967, 1.0000, -0.9998], noise: 0.0500
[ACTION DEBUG iter 300] WARNING: 6/20 actions clipped (network saturating)
[RLAMPSO DEBUG iter 300] w=0.9000, c1=2.9983, c2=0.0000 | fitness=2042.48
[REWARD DEBUG iter 300] FitnessImprovement: 0.0000 → Reward: +0.0000 (prevFit=2042.48, currFit=2042.48)
[REWARD DEBUG] Stagnation (normal): 0.0000 → Reward: 0.0
[REWARD DEBUG] Stagnation (normal): 0.0000 → Reward: 0.0
[REWARD DEBUG] Stagnation (normal): 0.0000 → Reward: 0.0
[REWARD DEBUG] Stagnation (normal): 0.0000 → Reward: 0.0
[REWARD DEBUG] Stagnation (normal): 0.0000 → Reward: 0.0
[REWARD DEBUG] Stagnation (normal): 0.0000 → Reward: 0.0
[REWARD DEBUG] Stagnation (normal): 0.0000 → Reward: 0.0
[REWARD DEBUG] Stagnation (normal): 0.0000 → Reward: 0.0
[REWARD DEBUG] Stagnation (normal): 0.0000 → Reward: 0.0
[REWARD DEBUG] Stagnation (normal): 0.0000 → Reward: 0.0
[REWARD DEBUG] Stagnation (normal): 0.0000 → Reward: 0.0
[REWARD DEBUG] Stagnation (normal): 0.0000 → Reward: 0.0
[ACTION DEBUG iter 400] Raw action[1:3]: [0.9965, 1.0000, -0.9998], noise: 0.0500
[ACTION DEBUG iter 400] WARNING: 8/20 actions clipped (network saturating)
[RLAMPSO DEBUG iter 400] w=0.9000, c1=2.8225, c2=0.0314 | fitness=2042.48
[REWARD DEBUG iter 400] FitnessImprovement: 0.0000 → Reward: +0.0000 (prevFit=2042.48, currFit=2042.48)
[REWARD DEBUG] Stagnation (normal): 0.0000 → Reward: 0.0
[REWARD DEBUG] Stagnation (normal): 0.0000 → Reward: 0.0
[REWARD DEBUG] Stagnation (normal): 0.0000 → Reward: 0.0
[REWARD DEBUG] Stagnation (normal): 0.0000 → Reward: 0.0
[REWARD DEBUG] Stagnation (normal): 0.0000 → Reward: 0.0
[REWARD DEBUG] Stagnation (normal): 0.0000 → Reward: 0.0
[REWARD DEBUG] Stagnation (normal): 0.0000 → Reward: 0.0
[REWARD DEBUG] Stagnation (normal): 0.0000 → Reward: 0.0
[REWARD DEBUG] Stagnation (normal): 0.0000 → Reward: 0.0
[REWARD DEBUG] Stagnation (normal): 0.0000 → Reward: 0.0
[REWARD DEBUG] Stagnation (normal): 0.0000 → Reward: 0.0
[REWARD DEBUG] Stagnation (normal): 0.0000 → Reward: 0.0
[ACTION DEBUG iter 500] Raw action[1:3]: [0.9960, 0.9999, -0.9998], noise: 0.0500
[ACTION DEBUG iter 500] WARNING: 11/20 actions clipped (network saturating)
[RLAMPSO DEBUG iter 500] w=0.9000, c1=3.0000, c2=0.0000 | fitness=2030.61
[REWARD DEBUG iter 500] FitnessImprovement: 0.0000 → Reward: +0.0000 (prevFit=2030.61, currFit=2030.61)
[REWARD DEBUG] Stagnation (normal): 0.0000 → Reward: 0.0
[REWARD DEBUG] Stagnation (normal): 0.0000 → Reward: 0.0
[REWARD DEBUG] Stagnation (normal): 0.0000 → Reward: 0.0
[REWARD DEBUG] Stagnation (normal): 0.0000 → Reward: 0.0
[Ep  16/1000] Fit:  2030.6 | Avg:  1979.9 | Reward:  +71.0 | Time:  30.2s
          Buffer:  8039 | Noise: 0.0923 | ActorLoss: -1.685e+00 | CriticLoss: 3.781e-03
[REWARD DEBUG] Stagnation (normal): 0.0000 → Reward: 0.0
[REWARD DEBUG] Stagnation (normal): 0.0000 → Reward: 0.0
[REWARD DEBUG] Stagnation (normal): 0.0000 → Reward: 0.0
[REWARD DEBUG] Stagnation (normal): 0.0000 → Reward: 0.0
[REWARD DEBUG] Improvement: 1.3281 → Reward: +0.1835
[REWARD DEBUG] Improvement: 2.5292 → Reward: +0.2738
[REWARD DEBUG] Stagnation (normal): 0.0000 → Reward: 0.0
[REWARD DEBUG] Stagnation (normal): 0.0000 → Reward: 0.0
[REWARD DEBUG] Stagnation (normal): 0.0000 → Reward: 0.0
[ACTION DEBUG iter 100] Raw action[1:3]: [0.9952, 0.9999, -0.9997], noise: 0.0500
[ACTION DEBUG iter 100] WARNING: 11/20 actions clipped (network saturating)
[RLAMPSO DEBUG iter 100] w=0.9000, c1=3.0000, c2=0.0000 | fitness=2248.00
[REWARD DEBUG iter 100] FitnessImprovement: 0.0000 → Reward: +0.0000 (prevFit=2248.00, currFit=2248.00)
[REWARD DEBUG] Improvement: 0.5489 → Reward: +0.0950
[REWARD DEBUG] Stagnation (normal): 0.0000 → Reward: 0.0
[REWARD DEBUG] Stagnation (normal): 0.0000 → Reward: 0.0
[REWARD DEBUG] Improvement: 1.1581 → Reward: +0.1670
[REWARD DEBUG] Stagnation (normal): 0.0000 → Reward: 0.0
[REWARD DEBUG] Stagnation (normal): 0.0000 → Reward: 0.0
[REWARD DEBUG] Stagnation (normal): 0.0000 → Reward: 0.0
[REWARD DEBUG] Stagnation (normal): 0.0000 → Reward: 0.0
[REWARD DEBUG] Improvement: 0.3897 → Reward: +0.0715
[REWARD DEBUG] Stagnation (normal): 0.0000 → Reward: 0.0
[REWARD DEBUG] Improvement: 0.1479 → Reward: +0.0300
[ACTION DEBUG iter 200] Raw action[1:3]: [0.9917, 1.0000, -0.9997], noise: 0.0500
[ACTION DEBUG iter 200] WARNING: 5/20 actions clipped (network saturating)
[RLAMPSO DEBUG iter 200] w=0.9000, c1=2.8989, c2=0.0000 | fitness=2163.36
[REWARD DEBUG] Improvement: 0.0689 → Reward: +0.0145
[REWARD DEBUG iter 200] FitnessImprovement: 0.0689 → Reward: +0.0145 (prevFit=2163.36, currFit=2163.29)
[REWARD DEBUG] Stagnation (normal): 0.0000 → Reward: 0.0
[REWARD DEBUG] Improvement: 0.0084 → Reward: +0.0018
[REWARD DEBUG] Improvement: 0.0028 → Reward: +0.0006
[REWARD DEBUG] Improvement: 0.0010 → Reward: +0.0002
[REWARD DEBUG] Improvement: 0.0004 → Reward: +0.0001
[ACTION DEBUG iter 300] Raw action[1:3]: [0.9898, 1.0000, -0.9997], noise: 0.0500
[ACTION DEBUG iter 300] WARNING: 9/20 actions clipped (network saturating)
[RLAMPSO DEBUG iter 300] w=0.9000, c1=2.8666, c2=0.0000 | fitness=2162.30
[REWARD DEBUG iter 300] FitnessImprovement: 0.0000 → Reward: +0.0000 (prevFit=2162.30, currFit=2162.30)
[REWARD DEBUG] Improvement: 0.0000 → Reward: +0.0000
[REWARD DEBUG] Improvement: 0.0000 → Reward: +0.0000
[REWARD DEBUG] Improvement: 0.0000 → Reward: +0.0000
[REWARD DEBUG] Stagnation (normal): 0.0000 → Reward: 0.0
[REWARD DEBUG] Stagnation (normal): 0.0000 → Reward: 0.0
[REWARD DEBUG] Stagnation (normal): 0.0000 → Reward: 0.0
[REWARD DEBUG] Stagnation (normal): 0.0000 → Reward: 0.0
[REWARD DEBUG] Stagnation (normal): 0.0000 → Reward: 0.0
[REWARD DEBUG] Stagnation (normal): 0.0000 → Reward: 0.0
[REWARD DEBUG] Stagnation (normal): 0.0000 → Reward: 0.0
[REWARD DEBUG] Stagnation (normal): 0.0000 → Reward: 0.0
[REWARD DEBUG] Stagnation (normal): 0.0000 → Reward: 0.0
[ACTION DEBUG iter 400] Raw action[1:3]: [0.9847, 1.0000, -0.9997], noise: 0.0500
[ACTION DEBUG iter 400] WARNING: 9/20 actions clipped (network saturating)
[RLAMPSO DEBUG iter 400] w=0.9000, c1=3.0000, c2=0.0000 | fitness=2068.91
[REWARD DEBUG] Stagnation (normal): 0.0000 → Reward: 0.0
[REWARD DEBUG iter 400] FitnessImprovement: 0.0000 → Reward: +0.0000 (prevFit=2068.91, currFit=2068.91)
[REWARD DEBUG] Stagnation (normal): 0.0000 → Reward: 0.0
[REWARD DEBUG] Stagnation (normal): 0.0000 → Reward: 0.0
[REWARD DEBUG] Stagnation (normal): 0.0000 → Reward: 0.0
[REWARD DEBUG] Stagnation (normal): 0.0000 → Reward: 0.0
[REWARD DEBUG] Stagnation (normal): 0.0000 → Reward: 0.0
[REWARD DEBUG] Stagnation (normal): 0.0000 → Reward: 0.0
[REWARD DEBUG] Stagnation (normal): 0.0000 → Reward: 0.0
[REWARD DEBUG] Stagnation (normal): 0.0000 → Reward: 0.0
[REWARD DEBUG] Stagnation (normal): 0.0000 → Reward: 0.0
[REWARD DEBUG] Stagnation (normal): 0.0000 → Reward: 0.0
[ACTION DEBUG iter 500] Raw action[1:3]: [0.9566, 1.0000, -0.9997], noise: 0.0500
[ACTION DEBUG iter 500] WARNING: 6/20 actions clipped (network saturating)
[RLAMPSO DEBUG iter 500] w=0.9000, c1=2.9215, c2=0.0908 | fitness=2068.91
[REWARD DEBUG iter 500] FitnessImprovement: 0.0000 → Reward: +0.0000 (prevFit=2068.91, currFit=2068.91)
[REWARD DEBUG] Stagnation (normal): 0.0000 → Reward: 0.0
[REWARD DEBUG] Stagnation (normal): 0.0000 → Reward: 0.0
[Ep  17/1000] Fit:  2068.9 | Avg:  1993.1 | Reward:  +57.8 | Time:  29.7s
          Buffer:  8513 | Noise: 0.0918 | ActorLoss: -1.427e+00 | CriticLoss: 4.331e-03
[REWARD DEBUG] Stagnation (normal): 0.0000 → Reward: 0.0
[REWARD DEBUG] Stagnation (normal): 0.0000 → Reward: 0.0
[REWARD DEBUG] Stagnation (normal): 0.0000 → Reward: 0.0
[REWARD DEBUG] Improvement: 4.3473 → Reward: +0.3641
[REWARD DEBUG] Stagnation (normal): 0.0000 → Reward: 0.0
[ACTION DEBUG iter 100] Raw action[1:3]: [0.7067, 1.0000, -0.9996], noise: 0.0500
[ACTION DEBUG iter 100] WARNING: 8/20 actions clipped (network saturating)
[RLAMPSO DEBUG iter 100] w=0.9000, c1=3.0000, c2=0.0000 | fitness=2377.82
[REWARD DEBUG iter 100] FitnessImprovement: 0.0000 → Reward: +0.0000 (prevFit=2377.82, currFit=2377.82)
[REWARD DEBUG] Improvement: 9.5121 → Reward: +0.5108
[REWARD DEBUG] Stagnation (normal): 0.0000 → Reward: 0.0
[REWARD DEBUG] Stagnation (normal): 0.0000 → Reward: 0.0
[REWARD DEBUG] Stagnation (normal): 0.0000 → Reward: 0.0
[REWARD DEBUG] Stagnation (normal): 0.0000 → Reward: 0.0
[REWARD DEBUG] Improvement: 0.0003 → Reward: +0.0001
[REWARD DEBUG] Improvement: 0.0046 → Reward: +0.0010
[REWARD DEBUG] Improvement: 1.5645 → Reward: +0.2045
[REWARD DEBUG] Improvement: 0.0153 → Reward: +0.0033
[ACTION DEBUG iter 200] Raw action[1:3]: [-0.9567, 1.0000, -0.9996], noise: 0.0500
[ACTION DEBUG iter 200] WARNING: 8/20 actions clipped (network saturating)
[RLAMPSO DEBUG iter 200] w=0.3320, c1=3.0000, c2=0.0214 | fitness=2209.75
[REWARD DEBUG iter 200] FitnessImprovement: 2.1507 → Reward: +0.2492 (prevFit=2209.75, currFit=2207.60)
[REWARD DEBUG] Improvement: 0.0002 → Reward: +0.0001
[REWARD DEBUG] Improvement: 0.0120 → Reward: +0.0026
[ACTION DEBUG iter 300] Raw action[1:3]: [-0.9879, 1.0000, -0.9996], noise: 0.0500
[ACTION DEBUG iter 300] WARNING: 9/20 actions clipped (network saturating)
[RLAMPSO DEBUG iter 300] w=0.3247, c1=3.0000, c2=0.0000 | fitness=2137.76
[REWARD DEBUG iter 300] FitnessImprovement: 0.0032 → Reward: +0.0007 (prevFit=2137.76, currFit=2137.76)
[REWARD DEBUG] Improvement: 0.8151 → Reward: +0.1295
[REWARD DEBUG] Improvement: 0.0011 → Reward: +0.0002
[REWARD DEBUG] Improvement: 0.1373 → Reward: +0.0279
[ACTION DEBUG iter 400] Raw action[1:3]: [-0.9904, 1.0000, -0.9995], noise: 0.0500
[ACTION DEBUG iter 400] WARNING: 11/20 actions clipped (network saturating)
[RLAMPSO DEBUG iter 400] w=0.3000, c1=2.9224, c2=0.0000 | fitness=2126.05
[REWARD DEBUG iter 400] FitnessImprovement: 0.0005 → Reward: +0.0001 (prevFit=2126.05, currFit=2126.05)
[REWARD DEBUG] Improvement: 0.0001 → Reward: +0.0000
[REWARD DEBUG] Stagnation (normal): 0.0000 → Reward: 0.0
[REWARD DEBUG] Improvement: 0.0005 → Reward: +0.0001
[ACTION DEBUG iter 500] Raw action[1:3]: [-0.9877, 1.0000, -0.9993], noise: 0.0500
[ACTION DEBUG iter 500] WARNING: 9/20 actions clipped (network saturating)
[RLAMPSO DEBUG iter 500] w=0.3000, c1=3.0000, c2=0.0437 | fitness=2117.46
[REWARD DEBUG iter 500] FitnessImprovement: 0.0333 → Reward: +0.0071 (prevFit=2117.46, currFit=2117.42)
[REWARD DEBUG] Improvement: 0.0971 → Reward: +0.0201
[REWARD DEBUG] Improvement: 0.0323 → Reward: +0.0069
[REWARD DEBUG] Improvement: 0.0043 → Reward: +0.0009
[ACTION DEBUG iter 600] Raw action[1:3]: [-0.9792, 0.9999, -0.9983], noise: 0.0500
[ACTION DEBUG iter 600] WARNING: 10/20 actions clipped (network saturating)
[RLAMPSO DEBUG iter 600] w=0.3000, c1=2.9603, c2=0.1130 | fitness=2115.67
[REWARD DEBUG iter 600] FitnessImprovement: 0.0131 → Reward: +0.0028 (prevFit=2115.67, currFit=2115.66)
[Ep  18/1000] Fit:  2115.7 | Avg:  1981.6 | Reward:  +69.4 | Time:  32.6s
          Buffer:  9063 | Noise: 0.0914 | ActorLoss: -1.533e+00 | CriticLoss: 6.542e-03
[REWARD DEBUG] Stagnation (normal): 0.0000 → Reward: 0.0
[REWARD DEBUG] Stagnation (normal): 0.0000 → Reward: 0.0
[REWARD DEBUG] Improvement: 5.8513 → Reward: +0.4179
[REWARD DEBUG] Improvement: 16.9362 → Reward: +0.6269
[REWARD DEBUG] Improvement: 0.7522 → Reward: +0.1218
[REWARD DEBUG] Improvement: 0.1240 → Reward: +0.0254
[ACTION DEBUG iter 100] Raw action[1:3]: [-0.9786, 1.0000, -0.9983], noise: 0.0500
[ACTION DEBUG iter 100] WARNING: 4/20 actions clipped (network saturating)
[RLAMPSO DEBUG iter 100] w=0.3160, c1=3.0000, c2=0.0876 | fitness=2537.56
[REWARD DEBUG iter 100] FitnessImprovement: 20.8549 → Reward: +0.6698 (prevFit=2537.56, currFit=2516.70)
[REWARD DEBUG] Improvement: 0.0136 → Reward: +0.0029
[REWARD DEBUG] Improvement: 4.8799 → Reward: +0.3847
[REWARD DEBUG] Improvement: 0.2486 → Reward: +0.0482
[REWARD DEBUG] Improvement: 0.0833 → Reward: +0.0174
[REWARD DEBUG] Improvement: 0.0269 → Reward: +0.0058
[REWARD DEBUG] Improvement: 0.0027 → Reward: +0.0006
[REWARD DEBUG] Improvement: 0.0000 → Reward: +0.0000
[REWARD DEBUG] Stagnation (normal): 0.0000 → Reward: 0.0
[REWARD DEBUG] Stagnation (normal): 0.0000 → Reward: 0.0
[REWARD DEBUG] Improvement: 0.0532 → Reward: +0.0113
[ACTION DEBUG iter 200] Raw action[1:3]: [-0.9829, 1.0000, -0.9985], noise: 0.0500
[ACTION DEBUG iter 200] WARNING: 10/20 actions clipped (network saturating)
[RLAMPSO DEBUG iter 200] w=0.3000, c1=3.0000, c2=0.0000 | fitness=2377.37
[REWARD DEBUG iter 200] FitnessImprovement: 0.0160 → Reward: +0.0034 (prevFit=2377.37, currFit=2377.36)
[REWARD DEBUG] Improvement: 0.0000 → Reward: +0.0000
[REWARD DEBUG] Improvement: 0.3979 → Reward: +0.0727
[REWARD DEBUG] Improvement: 0.0013 → Reward: +0.0003
[REWARD DEBUG] Improvement: 0.2546 → Reward: +0.0493
[REWARD DEBUG] Improvement: 0.3503 → Reward: +0.0652
[REWARD DEBUG] Improvement: 0.0934 → Reward: +0.0194
[REWARD DEBUG] Improvement: 0.0785 → Reward: +0.0164
[REWARD DEBUG] Improvement: 2.5205 → Reward: +0.2733
[ACTION DEBUG iter 300] Raw action[1:3]: [-0.9846, 1.0000, -0.9982], noise: 0.0500
[ACTION DEBUG iter 300] WARNING: 9/20 actions clipped (network saturating)
[RLAMPSO DEBUG iter 300] w=0.3000, c1=2.8941, c2=0.0000 | fitness=2348.23
[REWARD DEBUG iter 300] FitnessImprovement: 0.0852 → Reward: +0.0178 (prevFit=2348.23, currFit=2348.14)
[REWARD DEBUG] Improvement: 0.0012 → Reward: +0.0003
[REWARD DEBUG] Improvement: 0.2778 → Reward: +0.0532
[REWARD DEBUG] Improvement: 0.3575 → Reward: +0.0664
[REWARD DEBUG] Improvement: 0.0103 → Reward: +0.0022
[REWARD DEBUG] Improvement: 0.0004 → Reward: +0.0001
[REWARD DEBUG] Improvement: 0.0000 → Reward: +0.0000
[ACTION DEBUG iter 400] Raw action[1:3]: [-0.9826, 1.0000, -0.9957], noise: 0.0500
[ACTION DEBUG iter 400] WARNING: 6/20 actions clipped (network saturating)
[RLAMPSO DEBUG iter 400] w=0.3000, c1=3.0000, c2=0.0683 | fitness=2327.82
[REWARD DEBUG iter 400] FitnessImprovement: 0.0000 → Reward: +0.0000 (prevFit=2327.82, currFit=2327.82)
[REWARD DEBUG] Improvement: 0.0240 → Reward: +0.0052
[REWARD DEBUG] Improvement: 0.0072 → Reward: +0.0016
[REWARD DEBUG] Improvement: 0.0157 → Reward: +0.0034
[REWARD DEBUG] Improvement: 0.0024 → Reward: +0.0005
[REWARD DEBUG] Improvement: 0.0003 → Reward: +0.0001
[REWARD DEBUG] Improvement: 0.0000 → Reward: +0.0000
[REWARD DEBUG] Improvement: 0.3470 → Reward: +0.0647
[REWARD DEBUG] Improvement: 0.1019 → Reward: +0.0211
[ACTION DEBUG iter 500] Raw action[1:3]: [-0.9802, 1.0000, -0.8422], noise: 0.0500
[ACTION DEBUG iter 500] WARNING: 8/20 actions clipped (network saturating)
[RLAMPSO DEBUG iter 500] w=0.3000, c1=3.0000, c2=0.2562 | fitness=2312.86
[REWARD DEBUG iter 500] FitnessImprovement: 0.1363 → Reward: +0.0277 (prevFit=2312.86, currFit=2312.72)
[REWARD DEBUG] Stagnation (normal): 0.0000 → Reward: 0.0
[REWARD DEBUG] Stagnation (normal): 0.0000 → Reward: 0.0
[REWARD DEBUG] Stagnation (normal): 0.0000 → Reward: 0.0
[REWARD DEBUG] Improvement: 2.1971 → Reward: +0.2524
[REWARD DEBUG] Stagnation (normal): 0.0000 → Reward: 0.0
[REWARD DEBUG] Improvement: 2.1144 → Reward: +0.2467
[REWARD DEBUG] Stagnation (normal): 0.0000 → Reward: 0.0
[REWARD DEBUG] Stagnation (normal): 0.0000 → Reward: 0.0
[REWARD DEBUG] Improvement: 0.0000 → Reward: +0.0000
[ACTION DEBUG iter 600] Raw action[1:3]: [-0.9379, 1.0000, 0.9741], noise: 0.0500
[ACTION DEBUG iter 600] WARNING: 12/20 actions clipped (network saturating)
[RLAMPSO DEBUG iter 600] w=0.3314, c1=3.0000, c2=2.8831 | fitness=2036.23
[REWARD DEBUG iter 600] FitnessImprovement: 0.0000 → Reward: +0.0000 (prevFit=2036.23, currFit=2036.23)
[Ep  19/1000] Fit:  2036.2 | Avg:  1987.8 | Reward:  +63.1 | Time:  33.3s
          Buffer:  9613 | Noise: 0.0909 | ActorLoss: -2.720e+00 | CriticLoss: 1.292e-02
[REWARD DEBUG] Stagnation (normal): 0.0000 → Reward: 0.0
[REWARD DEBUG] Stagnation (normal): 0.0000 → Reward: 0.0
[REWARD DEBUG] Stagnation (normal): 0.0000 → Reward: 0.0
[ACTION DEBUG iter 100] Raw action[1:3]: [-0.9034, 1.0000, 0.9874], noise: 0.0500
[ACTION DEBUG iter 100] WARNING: 10/20 actions clipped (network saturating)
[RLAMPSO DEBUG iter 100] w=0.3308, c1=2.9989, c2=2.9351 | fitness=1949.06
[REWARD DEBUG iter 100] FitnessImprovement: 0.0000 → Reward: +0.0000 (prevFit=1949.06, currFit=1949.06)
[REWARD DEBUG] Stagnation (normal): 0.0000 → Reward: 0.0
[REWARD DEBUG] Stagnation (normal): 0.0000 → Reward: 0.0
[REWARD DEBUG] Stagnation (normal): 0.0000 → Reward: 0.0
[REWARD DEBUG] Stagnation (normal): 0.0000 → Reward: 0.0
[REWARD DEBUG] Stagnation (normal): 0.0000 → Reward: 0.0
[REWARD DEBUG] Stagnation (normal): 0.0000 → Reward: 0.0
[ACTION DEBUG iter 200] Raw action[1:3]: [-0.5154, 1.0000, 0.9922], noise: 0.0500
[ACTION DEBUG iter 200] WARNING: 7/20 actions clipped (network saturating)
[RLAMPSO DEBUG iter 200] w=0.4551, c1=2.9362, c2=2.9404 | fitness=1886.12
[REWARD DEBUG iter 200] FitnessImprovement: 0.0000 → Reward: +0.0000 (prevFit=1886.12, currFit=1886.12)
[REWARD DEBUG] Stagnation (normal): 0.0000 → Reward: 0.0
[REWARD DEBUG] Stagnation (normal): 0.0000 → Reward: 0.0
[REWARD DEBUG] Stagnation (normal): 0.0000 → Reward: 0.0
[REWARD DEBUG] Stagnation (normal): 0.0000 → Reward: 0.0
[REWARD DEBUG] Stagnation (normal): 0.0000 → Reward: 0.0
[REWARD DEBUG] Stagnation (normal): 0.0000 → Reward: 0.0
[REWARD DEBUG] Stagnation (normal): 0.0000 → Reward: 0.0
[ACTION DEBUG iter 300] Raw action[1:3]: [0.8379, 1.0000, 0.9947], noise: 0.0500
[ACTION DEBUG iter 300] WARNING: 11/20 actions clipped (network saturating)
[RLAMPSO DEBUG iter 300] w=0.9000, c1=3.0000, c2=2.9451 | fitness=1886.12
[REWARD DEBUG iter 300] FitnessImprovement: 0.0000 → Reward: +0.0000 (prevFit=1886.12, currFit=1886.12)
[REWARD DEBUG] Stagnation (normal): 0.0000 → Reward: 0.0
[REWARD DEBUG] Stagnation (normal): 0.0000 → Reward: 0.0
[REWARD DEBUG] Stagnation (normal): 0.0000 → Reward: 0.0
[REWARD DEBUG] Stagnation (normal): 0.0000 → Reward: 0.0

=== CURRICULUM ADVANCEMENT ===
Advanced from Level 1 (Easy) to Level 2 (Medium)
Success Rate: 100.0% (threshold: 80.0%)
Total Episodes: 20
==============================

[Ep  20/1000] Fit:  1886.1 | Avg:  1989.6 | Reward:  +61.3 | Time:  22.7s
          Buffer:  9885 | Noise: 0.0905 | ActorLoss: -2.136e+00 | CriticLoss: 1.427e-02
[REWARD DEBUG] Stagnation (normal): 0.0000 → Reward: 0.0
[REWARD DEBUG] Improvement: 44.2304 → Reward: +0.8277
[REWARD DEBUG] Stagnation (normal): 0.0000 → Reward: 0.0
[REWARD DEBUG] Stagnation (normal): 0.0000 → Reward: 0.0
[REWARD DEBUG] Stagnation (normal): 0.0000 → Reward: 0.0
[REWARD DEBUG] Stagnation (normal): 0.0000 → Reward: 0.0
[REWARD DEBUG] Stagnation (normal): 0.0000 → Reward: 0.0
[REWARD DEBUG] Stagnation (normal): 0.0000 → Reward: 0.0
[ACTION DEBUG iter 100] Raw action[1:3]: [0.9418, 1.0000, 0.9954], noise: 0.0500
[ACTION DEBUG iter 100] WARNING: 8/20 actions clipped (network saturating)
[RLAMPSO DEBUG iter 100] w=0.9000, c1=3.0000, c2=2.9583 | fitness=2040.00
[REWARD DEBUG iter 100] FitnessImprovement: 0.0000 → Reward: +0.0000 (prevFit=2040.00, currFit=2040.00)
[REWARD DEBUG] Stagnation (normal): 0.0000 → Reward: 0.0
[REWARD DEBUG] Stagnation (normal): 0.0000 → Reward: 0.0
[REWARD DEBUG] Stagnation (normal): 0.0000 → Reward: 0.0
[REWARD DEBUG] Stagnation (normal): 0.0000 → Reward: 0.0
[REWARD DEBUG] Stagnation (normal): 0.0000 → Reward: 0.0
[REWARD DEBUG] Stagnation (normal): 0.0000 → Reward: 0.0
[REWARD DEBUG] Stagnation (normal): 0.0000 → Reward: 0.0
[REWARD DEBUG] Stagnation (normal): 0.0000 → Reward: 0.0
[REWARD DEBUG] Stagnation (normal): 0.0000 → Reward: 0.0
[REWARD DEBUG] Stagnation (normal): 0.0000 → Reward: 0.0
[REWARD DEBUG] Stagnation (normal): 0.0000 → Reward: 0.0
[REWARD DEBUG] Improvement: 5.2534 → Reward: +0.3981
[REWARD DEBUG] Stagnation (normal): 0.0000 → Reward: 0.0
[REWARD DEBUG] Stagnation (normal): 0.0000 → Reward: 0.0
[REWARD DEBUG] Stagnation (normal): 0.0000 → Reward: 0.0
[ACTION DEBUG iter 200] Raw action[1:3]: [0.9580, 1.0000, 0.9934], noise: 0.0500
[ACTION DEBUG iter 200] WARNING: 7/20 actions clipped (network saturating)
[RLAMPSO DEBUG iter 200] w=0.9000, c1=3.0000, c2=2.9313 | fitness=1938.59
[REWARD DEBUG iter 200] FitnessImprovement: 0.0000 → Reward: +0.0000 (prevFit=1938.59, currFit=1938.59)
[REWARD DEBUG] Stagnation (normal): 0.0000 → Reward: 0.0
[REWARD DEBUG] Stagnation (normal): 0.0000 → Reward: 0.0
[REWARD DEBUG] Stagnation (normal): 0.0000 → Reward: 0.0
[REWARD DEBUG] Stagnation (normal): 0.0000 → Reward: 0.0
[REWARD DEBUG] Stagnation (normal): 0.0000 → Reward: 0.0
[REWARD DEBUG] Stagnation (normal): 0.0000 → Reward: 0.0
[REWARD DEBUG] Stagnation (normal): 0.0000 → Reward: 0.0
[REWARD DEBUG] Stagnation (normal): 0.0000 → Reward: 0.0
[REWARD DEBUG] Stagnation (normal): 0.0000 → Reward: 0.0
[REWARD DEBUG] Stagnation (normal): 0.0000 → Reward: 0.0
[ACTION DEBUG iter 300] Raw action[1:3]: [0.9776, 1.0000, 0.9936], noise: 0.0500
[ACTION DEBUG iter 300] WARNING: 9/20 actions clipped (network saturating)
[RLAMPSO DEBUG iter 300] w=0.9000, c1=2.9470, c2=3.0000 | fitness=1921.65
[REWARD DEBUG iter 300] FitnessImprovement: 0.0000 → Reward: +0.0000 (prevFit=1921.65, currFit=1921.65)
[REWARD DEBUG] Stagnation (normal): 0.0000 → Reward: 0.0
[REWARD DEBUG] Stagnation (normal): 0.0000 → Reward: 0.0
[REWARD DEBUG] Stagnation (normal): 0.0000 → Reward: 0.0
[REWARD DEBUG] Stagnation (normal): 0.0000 → Reward: 0.0
[REWARD DEBUG] Stagnation (normal): 0.0000 → Reward: 0.0
[REWARD DEBUG] Stagnation (normal): 0.0000 → Reward: 0.0
[REWARD DEBUG] Stagnation (normal): 0.0000 → Reward: 0.0
[REWARD DEBUG] Stagnation (normal): 0.0000 → Reward: 0.0
[ACTION DEBUG iter 400] Raw action[1:3]: [0.9881, 1.0000, 0.9953], noise: 0.0500
[ACTION DEBUG iter 400] WARNING: 13/20 actions clipped (network saturating)
[RLAMPSO DEBUG iter 400] w=0.9000, c1=2.8904, c2=2.9992 | fitness=1909.90
[REWARD DEBUG iter 400] FitnessImprovement: 0.0000 → Reward: +0.0000 (prevFit=1909.90, currFit=1909.90)
[REWARD DEBUG] Stagnation (normal): 0.0000 → Reward: 0.0
[REWARD DEBUG] Stagnation (normal): 0.0000 → Reward: 0.0
[REWARD DEBUG] Stagnation (normal): 0.0000 → Reward: 0.0
[REWARD DEBUG] Stagnation (normal): 0.0000 → Reward: 0.0
[REWARD DEBUG] Stagnation (normal): 0.0000 → Reward: 0.0
[REWARD DEBUG] Stagnation (normal): 0.0000 → Reward: 0.0
[REWARD DEBUG] Stagnation (normal): 0.0000 → Reward: 0.0
[REWARD DEBUG] Stagnation (normal): 0.0000 → Reward: 0.0
[REWARD DEBUG] Stagnation (normal): 0.0000 → Reward: 0.0
[REWARD DEBUG] Stagnation (normal): 0.0000 → Reward: 0.0
[REWARD DEBUG] Stagnation (normal): 0.0000 → Reward: 0.0
[REWARD DEBUG] Stagnation (normal): 0.0000 → Reward: 0.0
[REWARD DEBUG] Stagnation (normal): 0.0000 → Reward: 0.0
[ACTION DEBUG iter 500] Raw action[1:3]: [0.9937, 1.0000, 0.9967], noise: 0.0500
[ACTION DEBUG iter 500] WARNING: 8/20 actions clipped (network saturating)
[RLAMPSO DEBUG iter 500] w=0.9000, c1=2.8051, c2=3.0000 | fitness=1909.90
[REWARD DEBUG iter 500] FitnessImprovement: 0.0000 → Reward: +0.0000 (prevFit=1909.90, currFit=1909.90)
[REWARD DEBUG] Stagnation (normal): 0.0000 → Reward: 0.0
[REWARD DEBUG] Stagnation (normal): 0.0000 → Reward: 0.0
[REWARD DEBUG] Stagnation (normal): 0.0000 → Reward: 0.0
[REWARD DEBUG] Stagnation (normal): 0.0000 → Reward: 0.0
[REWARD DEBUG] Stagnation (normal): 0.0000 → Reward: 0.0
[REWARD DEBUG] Stagnation (normal): 0.0000 → Reward: 0.0
[REWARD DEBUG] Stagnation (normal): 0.0000 → Reward: 0.0
[REWARD DEBUG] Stagnation (normal): 0.0000 → Reward: 0.0
[REWARD DEBUG] Stagnation (normal): 0.0000 → Reward: 0.0
[REWARD DEBUG] Stagnation (normal): 0.0000 → Reward: 0.0
[REWARD DEBUG] Stagnation (normal): 0.0000 → Reward: 0.0
[ACTION DEBUG iter 600] Raw action[1:3]: [0.9940, 1.0000, 0.9973], noise: 0.0500
[ACTION DEBUG iter 600] WARNING: 9/20 actions clipped (network saturating)
[RLAMPSO DEBUG iter 600] w=0.9000, c1=2.9480, c2=3.0000 | fitness=1863.10
[REWARD DEBUG iter 600] FitnessImprovement: 0.0000 → Reward: +0.0000 (prevFit=1863.10, currFit=1863.10)
[Ep  21/1000] Fit:  1863.1 | Avg:  1986.3 | Reward:  +64.6 | Time:  63.3s
          Buffer: 10435 | Noise: 0.0900 | ActorLoss: -4.164e+00 | CriticLoss: 2.235e-02
[REWARD DEBUG] Improvement: 72.4088 → Reward: +0.9329
[REWARD DEBUG] Stagnation (normal): 0.0000 → Reward: 0.0
[REWARD DEBUG] Stagnation (normal): 0.0000 → Reward: 0.0
[REWARD DEBUG] Stagnation (normal): 0.0000 → Reward: 0.0
[REWARD DEBUG] Stagnation (normal): 0.0000 → Reward: 0.0
[REWARD DEBUG] Stagnation (normal): 0.0000 → Reward: 0.0
[REWARD DEBUG] Stagnation (normal): 0.0000 → Reward: 0.0
[REWARD DEBUG] Stagnation (normal): 0.0000 → Reward: 0.0
[REWARD DEBUG] Stagnation (normal): 0.0000 → Reward: 0.0
[ACTION DEBUG iter 100] Raw action[1:3]: [0.9951, 1.0000, 0.9983], noise: 0.0500
[ACTION DEBUG iter 100] WARNING: 10/20 actions clipped (network saturating)
[RLAMPSO DEBUG iter 100] w=0.9000, c1=2.9831, c2=2.8030 | fitness=1964.01
[REWARD DEBUG] Stagnation (normal): 0.0000 → Reward: 0.0
[REWARD DEBUG iter 100] FitnessImprovement: 0.0000 → Reward: +0.0000 (prevFit=1964.01, currFit=1964.01)
[REWARD DEBUG] Stagnation (normal): 0.0000 → Reward: 0.0
[REWARD DEBUG] Stagnation (normal): 0.0000 → Reward: 0.0
[REWARD DEBUG] Stagnation (normal): 0.0000 → Reward: 0.0
[REWARD DEBUG] Stagnation (normal): 0.0000 → Reward: 0.0
[REWARD DEBUG] Stagnation (normal): 0.0000 → Reward: 0.0
[REWARD DEBUG] Stagnation (normal): 0.0000 → Reward: 0.0
[REWARD DEBUG] Stagnation (normal): 0.0000 → Reward: 0.0
[REWARD DEBUG] Stagnation (normal): 0.0000 → Reward: 0.0
[REWARD DEBUG] Stagnation (normal): 0.0000 → Reward: 0.0
[REWARD DEBUG] Stagnation (normal): 0.0000 → Reward: 0.0
[REWARD DEBUG] Stagnation (normal): 0.0000 → Reward: 0.0
[REWARD DEBUG] Stagnation (normal): 0.0000 → Reward: 0.0
[REWARD DEBUG] Stagnation (normal): 0.0000 → Reward: 0.0
[REWARD DEBUG] Stagnation (normal): 0.0000 → Reward: 0.0
[ACTION DEBUG iter 200] Raw action[1:3]: [0.9965, 1.0000, 0.9987], noise: 0.0500
[ACTION DEBUG iter 200] WARNING: 10/20 actions clipped (network saturating)
[RLAMPSO DEBUG iter 200] w=0.9000, c1=2.9029, c2=2.9385 | fitness=1911.65
[REWARD DEBUG iter 200] FitnessImprovement: 0.0000 → Reward: +0.0000 (prevFit=1911.65, currFit=1911.65)
[REWARD DEBUG] Stagnation (normal): 0.0000 → Reward: 0.0
[REWARD DEBUG] Stagnation (normal): 0.0000 → Reward: 0.0
[REWARD DEBUG] Stagnation (normal): 0.0000 → Reward: 0.0
[REWARD DEBUG] Stagnation (normal): 0.0000 → Reward: 0.0
[REWARD DEBUG] Stagnation (normal): 0.0000 → Reward: 0.0
[REWARD DEBUG] Stagnation (normal): 0.0000 → Reward: 0.0
[REWARD DEBUG] Stagnation (normal): 0.0000 → Reward: 0.0
[REWARD DEBUG] Stagnation (normal): 0.0000 → Reward: 0.0
[REWARD DEBUG] Stagnation (normal): 0.0000 → Reward: 0.0
[REWARD DEBUG] Stagnation (normal): 0.0000 → Reward: 0.0
[REWARD DEBUG] Stagnation (normal): 0.0000 → Reward: 0.0
[ACTION DEBUG iter 300] Raw action[1:3]: [0.9972, 1.0000, 0.9988], noise: 0.0500
[ACTION DEBUG iter 300] WARNING: 13/20 actions clipped (network saturating)
[RLAMPSO DEBUG iter 300] w=0.9000, c1=2.8366, c2=3.0000 | fitness=1888.26
[REWARD DEBUG iter 300] FitnessImprovement: 0.0000 → Reward: +0.0000 (prevFit=1888.26, currFit=1888.26)
[REWARD DEBUG] Stagnation (normal): 0.0000 → Reward: 0.0
[REWARD DEBUG] Stagnation (normal): 0.0000 → Reward: 0.0
[REWARD DEBUG] Stagnation (normal): 0.0000 → Reward: 0.0
[REWARD DEBUG] Stagnation (normal): 0.0000 → Reward: 0.0
[REWARD DEBUG] Stagnation (normal): 0.0000 → Reward: 0.0
[REWARD DEBUG] Stagnation (normal): 0.0000 → Reward: 0.0
[REWARD DEBUG] Stagnation (normal): 0.0000 → Reward: 0.0
[REWARD DEBUG] Stagnation (normal): 0.0000 → Reward: 0.0
[REWARD DEBUG] Stagnation (normal): 0.0000 → Reward: 0.0
[REWARD DEBUG] Stagnation (normal): 0.0000 → Reward: 0.0
[ACTION DEBUG iter 400] Raw action[1:3]: [0.9976, 1.0000, 0.9989], noise: 0.0500
[ACTION DEBUG iter 400] WARNING: 11/20 actions clipped (network saturating)
[RLAMPSO DEBUG iter 400] w=0.9000, c1=3.0000, c2=2.9233 | fitness=1866.16
[REWARD DEBUG iter 400] FitnessImprovement: 0.0000 → Reward: +0.0000 (prevFit=1866.16, currFit=1866.16)
[REWARD DEBUG] Stagnation (normal): 0.0000 → Reward: 0.0
[REWARD DEBUG] Stagnation (normal): 0.0000 → Reward: 0.0
[REWARD DEBUG] Stagnation (normal): 0.0000 → Reward: 0.0
[REWARD DEBUG] Stagnation (normal): 0.0000 → Reward: 0.0
[REWARD DEBUG] Stagnation (normal): 0.0000 → Reward: 0.0
[REWARD DEBUG] Stagnation (normal): 0.0000 → Reward: 0.0
[REWARD DEBUG] Stagnation (normal): 0.0000 → Reward: 0.0
[REWARD DEBUG] Stagnation (normal): 0.0000 → Reward: 0.0
[REWARD DEBUG] Stagnation (normal): 0.0000 → Reward: 0.0
[REWARD DEBUG] Stagnation (normal): 0.0000 → Reward: 0.0
[REWARD DEBUG] Stagnation (normal): 0.0000 → Reward: 0.0
[REWARD DEBUG] Stagnation (normal): 0.0000 → Reward: 0.0
[REWARD DEBUG] Stagnation (normal): 0.0000 → Reward: 0.0
[REWARD DEBUG] Stagnation (normal): 0.0000 → Reward: 0.0
[ACTION DEBUG iter 500] Raw action[1:3]: [0.9979, 1.0000, 0.9990], noise: 0.0500
[ACTION DEBUG iter 500] WARNING: 11/20 actions clipped (network saturating)
[RLAMPSO DEBUG iter 500] w=0.9000, c1=2.8612, c2=3.0000 | fitness=1866.16
[REWARD DEBUG iter 500] FitnessImprovement: 0.0000 → Reward: +0.0000 (prevFit=1866.16, currFit=1866.16)
[REWARD DEBUG] Stagnation (normal): 0.0000 → Reward: 0.0
[REWARD DEBUG] Stagnation (normal): 0.0000 → Reward: 0.0
[Ep  22/1000] Fit:  1866.2 | Avg:  1979.2 | Reward:  +71.7 | Time:  45.2s
          Buffer: 10904 | Noise: 0.0896 | ActorLoss: -4.583e+00 | CriticLoss: 2.849e-02
[REWARD DEBUG] Improvement: 232.8847 → Reward: +1.0000
[REWARD DEBUG] Improvement: 270.0104 → Reward: +1.0000
[REWARD DEBUG] Improvement: 56.2802 → Reward: +0.8790
[REWARD DEBUG] Improvement: 27.3634 → Reward: +0.7264
[REWARD DEBUG] Stagnation (normal): 0.0000 → Reward: 0.0
[REWARD DEBUG] Stagnation (normal): 0.0000 → Reward: 0.0
[REWARD DEBUG] Stagnation (normal): 0.0000 → Reward: 0.0
[REWARD DEBUG] Stagnation (normal): 0.0000 → Reward: 0.0
[REWARD DEBUG] Stagnation (normal): 0.0000 → Reward: 0.0
[REWARD DEBUG] Stagnation (normal): 0.0000 → Reward: 0.0
[REWARD DEBUG] Stagnation (normal): 0.0000 → Reward: 0.0
[REWARD DEBUG] Stagnation (normal): 0.0000 → Reward: 0.0
[REWARD DEBUG] Stagnation (normal): 0.0000 → Reward: 0.0
[ACTION DEBUG iter 100] Raw action[1:3]: [0.9981, 1.0000, 0.9990], noise: 0.0500
[ACTION DEBUG iter 100] WARNING: 14/20 actions clipped (network saturating)
[RLAMPSO DEBUG iter 100] w=0.9000, c1=3.0000, c2=3.0000 | fitness=2009.43
[REWARD DEBUG iter 100] FitnessImprovement: 0.0000 → Reward: +0.0000 (prevFit=2009.43, currFit=2009.43)
[REWARD DEBUG] Stagnation (normal): 0.0000 → Reward: 0.0
[REWARD DEBUG] Stagnation (normal): 0.0000 → Reward: 0.0
[REWARD DEBUG] Stagnation (normal): 0.0000 → Reward: 0.0
[REWARD DEBUG] Stagnation (normal): 0.0000 → Reward: 0.0
[REWARD DEBUG] Stagnation (normal): 0.0000 → Reward: 0.0
[REWARD DEBUG] Stagnation (normal): 0.0000 → Reward: 0.0
[REWARD DEBUG] Stagnation (normal): 0.0000 → Reward: 0.0
[REWARD DEBUG] Stagnation (normal): 0.0000 → Reward: 0.0
[REWARD DEBUG] Stagnation (normal): 0.0000 → Reward: 0.0
[REWARD DEBUG] Stagnation (normal): 0.0000 → Reward: 0.0
[REWARD DEBUG] Stagnation (normal): 0.0000 → Reward: 0.0
[REWARD DEBUG] Stagnation (normal): 0.0000 → Reward: 0.0
[REWARD DEBUG] Stagnation (normal): 0.0000 → Reward: 0.0
[ACTION DEBUG iter 200] Raw action[1:3]: [0.9984, 1.0000, 0.9991], noise: 0.0500
[ACTION DEBUG iter 200] WARNING: 13/20 actions clipped (network saturating)
[RLAMPSO DEBUG iter 200] w=0.9000, c1=3.0000, c2=3.0000 | fitness=1970.82
[REWARD DEBUG iter 200] FitnessImprovement: 0.0000 → Reward: +0.0000 (prevFit=1970.82, currFit=1970.82)
[REWARD DEBUG] Stagnation (normal): 0.0000 → Reward: 0.0
[REWARD DEBUG] Stagnation (normal): 0.0000 → Reward: 0.0
[REWARD DEBUG] Stagnation (normal): 0.0000 → Reward: 0.0
[REWARD DEBUG] Stagnation (normal): 0.0000 → Reward: 0.0
[REWARD DEBUG] Stagnation (normal): 0.0000 → Reward: 0.0
[REWARD DEBUG] Stagnation (normal): 0.0000 → Reward: 0.0
[REWARD DEBUG] Stagnation (normal): 0.0000 → Reward: 0.0
[REWARD DEBUG] Stagnation (normal): 0.0000 → Reward: 0.0
[ACTION DEBUG iter 300] Raw action[1:3]: [0.9986, 1.0000, 0.9991], noise: 0.0500
[ACTION DEBUG iter 300] WARNING: 12/20 actions clipped (network saturating)
[RLAMPSO DEBUG iter 300] w=0.9000, c1=2.8812, c2=3.0000 | fitness=1957.06
[REWARD DEBUG] Stagnation (normal): 0.0000 → Reward: 0.0
[REWARD DEBUG iter 300] FitnessImprovement: 0.0000 → Reward: +0.0000 (prevFit=1957.06, currFit=1957.06)
[REWARD DEBUG] Stagnation (normal): 0.0000 → Reward: 0.0
[REWARD DEBUG] Stagnation (normal): 0.0000 → Reward: 0.0
[REWARD DEBUG] Stagnation (normal): 0.0000 → Reward: 0.0
[REWARD DEBUG] Stagnation (normal): 0.0000 → Reward: 0.0
[REWARD DEBUG] Stagnation (normal): 0.0000 → Reward: 0.0
[REWARD DEBUG] Stagnation (normal): 0.0000 → Reward: 0.0
[REWARD DEBUG] Stagnation (normal): 0.0000 → Reward: 0.0
[REWARD DEBUG] Stagnation (normal): 0.0000 → Reward: 0.0
[ACTION DEBUG iter 400] Raw action[1:3]: [0.9988, 1.0000, 0.9991], noise: 0.0500
[ACTION DEBUG iter 400] WARNING: 10/20 actions clipped (network saturating)
[RLAMPSO DEBUG iter 400] w=0.9000, c1=2.8911, c2=2.9359 | fitness=1928.79
[REWARD DEBUG iter 400] FitnessImprovement: 0.0000 → Reward: +0.0000 (prevFit=1928.79, currFit=1928.79)
[REWARD DEBUG] Stagnation (normal): 0.0000 → Reward: 0.0
[REWARD DEBUG] Stagnation (normal): 0.0000 → Reward: 0.0
[REWARD DEBUG] Stagnation (normal): 0.0000 → Reward: 0.0
[REWARD DEBUG] Stagnation (normal): 0.0000 → Reward: 0.0
[REWARD DEBUG] Stagnation (normal): 0.0000 → Reward: 0.0
[REWARD DEBUG] Stagnation (normal): 0.0000 → Reward: 0.0
[REWARD DEBUG] Stagnation (normal): 0.0000 → Reward: 0.0
[REWARD DEBUG] Stagnation (normal): 0.0000 → Reward: 0.0
[REWARD DEBUG] Stagnation (normal): 0.0000 → Reward: 0.0
[REWARD DEBUG] Stagnation (normal): 0.0000 → Reward: 0.0
[REWARD DEBUG] Stagnation (normal): 0.0000 → Reward: 0.0
[REWARD DEBUG] Stagnation (normal): 0.0000 → Reward: 0.0
[ACTION DEBUG iter 500] Raw action[1:3]: [0.9990, 1.0000, 0.9992], noise: 0.0500
[ACTION DEBUG iter 500] WARNING: 12/20 actions clipped (network saturating)
[RLAMPSO DEBUG iter 500] w=0.9000, c1=2.9160, c2=3.0000 | fitness=1928.79
[REWARD DEBUG iter 500] FitnessImprovement: 0.0000 → Reward: +0.0000 (prevFit=1928.79, currFit=1928.79)
[REWARD DEBUG] Stagnation (normal): 0.0000 → Reward: 0.0
[REWARD DEBUG] Stagnation (normal): 0.0000 → Reward: 0.0
[Ep  23/1000] Fit:  1928.8 | Avg:  1969.1 | Reward:  +81.8 | Time:  46.7s
          Buffer: 11377 | Noise: 0.0891 | ActorLoss: -1.375e+01 | CriticLoss: 5.244e-02
[REWARD DEBUG] Improvement: 384.9721 → Reward: +1.0000
[REWARD DEBUG] Improvement: 88.2091 → Reward: +0.9752
[REWARD DEBUG] Stagnation (normal): 0.0000 → Reward: 0.0
[REWARD DEBUG] Stagnation (normal): 0.0000 → Reward: 0.0
[REWARD DEBUG] Stagnation (normal): 0.0000 → Reward: 0.0
[REWARD DEBUG] Stagnation (normal): 0.0000 → Reward: 0.0
[REWARD DEBUG] Stagnation (normal): 0.0000 → Reward: 0.0
[REWARD DEBUG] Stagnation (normal): 0.0000 → Reward: 0.0
[REWARD DEBUG] Stagnation (normal): 0.0000 → Reward: 0.0
[REWARD DEBUG] Stagnation (normal): 0.0000 → Reward: 0.0
[REWARD DEBUG] Stagnation (normal): 0.0000 → Reward: 0.0
[REWARD DEBUG] Stagnation (normal): 0.0000 → Reward: 0.0
[REWARD DEBUG] Stagnation (normal): 0.0000 → Reward: 0.0
[ACTION DEBUG iter 100] Raw action[1:3]: [0.9991, 1.0000, 0.9991], noise: 0.0500
[ACTION DEBUG iter 100] WARNING: 13/20 actions clipped (network saturating)
[RLAMPSO DEBUG iter 100] w=0.9000, c1=3.0000, c2=2.9172 | fitness=1975.65
[REWARD DEBUG iter 100] FitnessImprovement: 0.0000 → Reward: +0.0000 (prevFit=1975.65, currFit=1975.65)
[REWARD DEBUG] Stagnation (normal): 0.0000 → Reward: 0.0
[REWARD DEBUG] Stagnation (normal): 0.0000 → Reward: 0.0
[REWARD DEBUG] Stagnation (normal): 0.0000 → Reward: 0.0
[REWARD DEBUG] Stagnation (normal): 0.0000 → Reward: 0.0
[REWARD DEBUG] Stagnation (normal): 0.0000 → Reward: 0.0
[REWARD DEBUG] Stagnation (normal): 0.0000 → Reward: 0.0
[REWARD DEBUG] Stagnation (normal): 0.0000 → Reward: 0.0
[REWARD DEBUG] Stagnation (normal): 0.0000 → Reward: 0.0
[REWARD DEBUG] Stagnation (normal): 0.0000 → Reward: 0.0
[ACTION DEBUG iter 200] Raw action[1:3]: [0.9992, 1.0000, 0.9990], noise: 0.0500
[ACTION DEBUG iter 200] WARNING: 9/20 actions clipped (network saturating)
[RLAMPSO DEBUG iter 200] w=0.9000, c1=2.9380, c2=2.9283 | fitness=1924.24
[REWARD DEBUG iter 200] FitnessImprovement: 0.0000 → Reward: +0.0000 (prevFit=1924.24, currFit=1924.24)
[REWARD DEBUG] Stagnation (normal): 0.0000 → Reward: 0.0
[REWARD DEBUG] Stagnation (normal): 0.0000 → Reward: 0.0
[REWARD DEBUG] Stagnation (normal): 0.0000 → Reward: 0.0
[REWARD DEBUG] Stagnation (normal): 0.0000 → Reward: 0.0
[REWARD DEBUG] Stagnation (normal): 0.0000 → Reward: 0.0
[REWARD DEBUG] Stagnation (normal): 0.0000 → Reward: 0.0
[REWARD DEBUG] Stagnation (normal): 0.0000 → Reward: 0.0
[ACTION DEBUG iter 300] Raw action[1:3]: [0.9992, 1.0000, 0.9989], noise: 0.0500
[ACTION DEBUG iter 300] WARNING: 9/20 actions clipped (network saturating)
[RLAMPSO DEBUG iter 300] w=0.9000, c1=2.9646, c2=3.0000 | fitness=1883.57
[REWARD DEBUG iter 300] FitnessImprovement: 0.0000 → Reward: +0.0000 (prevFit=1883.57, currFit=1883.57)
[REWARD DEBUG] Stagnation (normal): 0.0000 → Reward: 0.0
[REWARD DEBUG] Stagnation (normal): 0.0000 → Reward: 0.0
[REWARD DEBUG] Stagnation (normal): 0.0000 → Reward: 0.0
[REWARD DEBUG] Stagnation (normal): 0.0000 → Reward: 0.0
[REWARD DEBUG] Stagnation (normal): 0.0000 → Reward: 0.0
[REWARD DEBUG] Stagnation (normal): 0.0000 → Reward: 0.0
[REWARD DEBUG] Stagnation (normal): 0.0000 → Reward: 0.0
[REWARD DEBUG] Stagnation (normal): 0.0000 → Reward: 0.0
[REWARD DEBUG] Stagnation (normal): 0.0000 → Reward: 0.0
[Ep  24/1000] Fit:  1883.6 | Avg:  1959.8 | Reward:  +91.1 | Time:  40.6s
          Buffer: 11705 | Noise: 0.0887 | ActorLoss: -7.481e+00 | CriticLoss: 4.656e-02
[REWARD DEBUG] Stagnation (normal): 0.0000 → Reward: 0.0
[REWARD DEBUG] Stagnation (normal): 0.0000 → Reward: 0.0
[REWARD DEBUG] Stagnation (normal): 0.0000 → Reward: 0.0
[ACTION DEBUG iter 100] Raw action[1:3]: [0.9992, 1.0000, 0.9986], noise: 0.0500
[ACTION DEBUG iter 100] WARNING: 11/20 actions clipped (network saturating)
[RLAMPSO DEBUG iter 100] w=0.9000, c1=2.9487, c2=3.0000 | fitness=1900.56
[REWARD DEBUG iter 100] FitnessImprovement: 0.0000 → Reward: +0.0000 (prevFit=1900.56, currFit=1900.56)
[REWARD DEBUG] Stagnation (normal): 0.0000 → Reward: 0.0
[REWARD DEBUG] Stagnation (normal): 0.0000 → Reward: 0.0
[REWARD DEBUG] Stagnation (normal): 0.0000 → Reward: 0.0
[REWARD DEBUG] Stagnation (normal): 0.0000 → Reward: 0.0
[REWARD DEBUG] Stagnation (normal): 0.0000 → Reward: 0.0
[REWARD DEBUG] Stagnation (normal): 0.0000 → Reward: 0.0
[REWARD DEBUG] Stagnation (normal): 0.0000 → Reward: 0.0
[ACTION DEBUG iter 200] Raw action[1:3]: [0.9993, 1.0000, 0.9982], noise: 0.0500
[ACTION DEBUG iter 200] WARNING: 10/20 actions clipped (network saturating)
[RLAMPSO DEBUG iter 200] w=0.9000, c1=3.0000, c2=2.9405 | fitness=1887.34
[REWARD DEBUG iter 200] FitnessImprovement: 0.0000 → Reward: +0.0000 (prevFit=1887.34, currFit=1887.34)
[REWARD DEBUG] Stagnation (normal): 0.0000 → Reward: 0.0
[REWARD DEBUG] Stagnation (normal): 0.0000 → Reward: 0.0
[REWARD DEBUG] Stagnation (normal): 0.0000 → Reward: 0.0
[REWARD DEBUG] Stagnation (normal): 0.0000 → Reward: 0.0
[REWARD DEBUG] Stagnation (normal): 0.0000 → Reward: 0.0
[REWARD DEBUG] Stagnation (normal): 0.0000 → Reward: 0.0
[REWARD DEBUG] Stagnation (normal): 0.0000 → Reward: 0.0
[REWARD DEBUG] Stagnation (normal): 0.0000 → Reward: 0.0
[REWARD DEBUG] Stagnation (normal): 0.0000 → Reward: 0.0
[REWARD DEBUG] Stagnation (normal): 0.0000 → Reward: 0.0
[REWARD DEBUG] Stagnation (normal): 0.0000 → Reward: 0.0
[REWARD DEBUG] Stagnation (normal): 0.0000 → Reward: 0.0
[REWARD DEBUG] Stagnation (normal): 0.0000 → Reward: 0.0
[REWARD DEBUG] Stagnation (normal): 0.0000 → Reward: 0.0
[REWARD DEBUG] Stagnation (normal): 0.0000 → Reward: 0.0
[ACTION DEBUG iter 300] Raw action[1:3]: [0.9993, 1.0000, 0.9977], noise: 0.0500
[ACTION DEBUG iter 300] WARNING: 11/20 actions clipped (network saturating)
[RLAMPSO DEBUG iter 300] w=0.9000, c1=2.9614, c2=3.0000 | fitness=1855.53
[REWARD DEBUG iter 300] FitnessImprovement: 0.0000 → Reward: +0.0000 (prevFit=1855.53, currFit=1855.53)
[REWARD DEBUG] Stagnation (normal): 0.0000 → Reward: 0.0
[REWARD DEBUG] Stagnation (normal): 0.0000 → Reward: 0.0
[REWARD DEBUG] Stagnation (normal): 0.0000 → Reward: 0.0
[REWARD DEBUG] Stagnation (normal): 0.0000 → Reward: 0.0
[REWARD DEBUG] Stagnation (normal): 0.0000 → Reward: 0.0
[REWARD DEBUG] Stagnation (normal): 0.0000 → Reward: 0.0
[REWARD DEBUG] Stagnation (normal): 0.0000 → Reward: 0.0
[REWARD DEBUG] Stagnation (normal): 0.0000 → Reward: 0.0
[REWARD DEBUG] Stagnation (normal): 0.0000 → Reward: 0.0
[Ep  25/1000] Fit:  1855.5 | Avg:  1953.5 | Reward:  +97.4 | Time:  43.5s
          Buffer: 12053 | Noise: 0.0882 | ActorLoss: -5.672e+00 | CriticLoss: 6.125e-02
[REWARD DEBUG] Stagnation (normal): 0.0000 → Reward: 0.0
[REWARD DEBUG] Improvement: 2.9695 → Reward: +0.2994
[REWARD DEBUG] Stagnation (normal): 0.0000 → Reward: 0.0
[REWARD DEBUG] Stagnation (normal): 0.0000 → Reward: 0.0
[REWARD DEBUG] Improvement: 13.8315 → Reward: +0.5856
[REWARD DEBUG] Stagnation (normal): 0.0000 → Reward: 0.0
[ACTION DEBUG iter 100] Raw action[1:3]: [0.9993, 1.0000, 0.9964], noise: 0.0500
[ACTION DEBUG iter 100] WARNING: 6/20 actions clipped (network saturating)
[RLAMPSO DEBUG iter 100] w=0.9000, c1=2.9637, c2=2.8891 | fitness=1983.72
[REWARD DEBUG iter 100] FitnessImprovement: 0.0000 → Reward: +0.0000 (prevFit=1983.72, currFit=1983.72)
[REWARD DEBUG] Stagnation (normal): 0.0000 → Reward: 0.0
[REWARD DEBUG] Stagnation (normal): 0.0000 → Reward: 0.0
[REWARD DEBUG] Stagnation (normal): 0.0000 → Reward: 0.0
[REWARD DEBUG] Stagnation (normal): 0.0000 → Reward: 0.0
[REWARD DEBUG] Stagnation (normal): 0.0000 → Reward: 0.0
[REWARD DEBUG] Stagnation (normal): 0.0000 → Reward: 0.0
[REWARD DEBUG] Stagnation (normal): 0.0000 → Reward: 0.0
[REWARD DEBUG] Stagnation (normal): 0.0000 → Reward: 0.0
[REWARD DEBUG] Stagnation (normal): 0.0000 → Reward: 0.0
[REWARD DEBUG] Stagnation (normal): 0.0000 → Reward: 0.0
[ACTION DEBUG iter 200] Raw action[1:3]: [0.9993, 1.0000, 0.9945], noise: 0.0500
[ACTION DEBUG iter 200] WARNING: 7/20 actions clipped (network saturating)
[RLAMPSO DEBUG iter 200] w=0.9000, c1=2.9684, c2=3.0000 | fitness=1948.55
[REWARD DEBUG iter 200] FitnessImprovement: 0.0000 → Reward: +0.0000 (prevFit=1948.55, currFit=1948.55)
[REWARD DEBUG] Stagnation (normal): 0.0000 → Reward: 0.0
[REWARD DEBUG] Stagnation (normal): 0.0000 → Reward: 0.0
[REWARD DEBUG] Stagnation (normal): 0.0000 → Reward: 0.0
[REWARD DEBUG] Stagnation (normal): 0.0000 → Reward: 0.0
[ACTION DEBUG iter 300] Raw action[1:3]: [0.9993, 1.0000, 0.9898], noise: 0.0500
[ACTION DEBUG iter 300] WARNING: 11/20 actions clipped (network saturating)
[RLAMPSO DEBUG iter 300] w=0.9000, c1=3.0000, c2=3.0000 | fitness=1943.78
[REWARD DEBUG] Stagnation (normal): 0.0000 → Reward: 0.0
[REWARD DEBUG iter 300] FitnessImprovement: 0.0000 → Reward: +0.0000 (prevFit=1943.78, currFit=1943.78)
[REWARD DEBUG] Stagnation (normal): 0.0000 → Reward: 0.0
[REWARD DEBUG] Stagnation (normal): 0.0000 → Reward: 0.0
[REWARD DEBUG] Stagnation (normal): 0.0000 → Reward: 0.0
[REWARD DEBUG] Stagnation (normal): 0.0000 → Reward: 0.0
[REWARD DEBUG] Stagnation (normal): 0.0000 → Reward: 0.0
[REWARD DEBUG] Stagnation (normal): 0.0000 → Reward: 0.0
[REWARD DEBUG] Stagnation (normal): 0.0000 → Reward: 0.0
[REWARD DEBUG] Stagnation (normal): 0.0000 → Reward: 0.0
[REWARD DEBUG] Stagnation (normal): 0.0000 → Reward: 0.0
[REWARD DEBUG] Stagnation (normal): 0.0000 → Reward: 0.0
[REWARD DEBUG] Stagnation (normal): 0.0000 → Reward: 0.0
[REWARD DEBUG] Stagnation (normal): 0.0000 → Reward: 0.0
[ACTION DEBUG iter 400] Raw action[1:3]: [0.9991, 1.0000, 0.9451], noise: 0.0500
[ACTION DEBUG iter 400] WARNING: 8/20 actions clipped (network saturating)
[RLAMPSO DEBUG iter 400] w=0.9000, c1=2.9836, c2=2.8399 | fitness=1906.31
[REWARD DEBUG iter 400] FitnessImprovement: 0.0000 → Reward: +0.0000 (prevFit=1906.31, currFit=1906.31)
[REWARD DEBUG] Stagnation (normal): 0.0000 → Reward: 0.0
[REWARD DEBUG] Stagnation (normal): 0.0000 → Reward: 0.0
[REWARD DEBUG] Stagnation (normal): 0.0000 → Reward: 0.0
[REWARD DEBUG] Stagnation (normal): 0.0000 → Reward: 0.0
[REWARD DEBUG] Stagnation (normal): 0.0000 → Reward: 0.0
[REWARD DEBUG] Stagnation (normal): 0.0000 → Reward: 0.0
[REWARD DEBUG] Stagnation (normal): 0.0000 → Reward: 0.0
[REWARD DEBUG] Stagnation (normal): 0.0000 → Reward: 0.0
[REWARD DEBUG] Stagnation (normal): 0.0000 → Reward: 0.0
[REWARD DEBUG] Stagnation (normal): 0.0000 → Reward: 0.0
[REWARD DEBUG] Stagnation (normal): 0.0000 → Reward: 0.0
[REWARD DEBUG] Stagnation (normal): 0.0000 → Reward: 0.0
[ACTION DEBUG iter 500] Raw action[1:3]: [0.9986, 1.0000, -0.9833], noise: 0.0500
[ACTION DEBUG iter 500] WARNING: 11/20 actions clipped (network saturating)
[RLAMPSO DEBUG iter 500] w=0.9000, c1=2.9351, c2=0.0000 | fitness=1906.31
[REWARD DEBUG iter 500] FitnessImprovement: 0.0000 → Reward: +0.0000 (prevFit=1906.31, currFit=1906.31)
[REWARD DEBUG] Stagnation (normal): 0.0000 → Reward: 0.0
[REWARD DEBUG] Stagnation (normal): 0.0000 → Reward: 0.0
[REWARD DEBUG] Stagnation (normal): 0.0000 → Reward: 0.0
[REWARD DEBUG] Stagnation (normal): 0.0000 → Reward: 0.0
[REWARD DEBUG] Stagnation (normal): 0.0000 → Reward: 0.0
[REWARD DEBUG] Stagnation (normal): 0.0000 → Reward: 0.0
[Ep  26/1000] Fit:  1906.3 | Avg:  1941.0 | Reward: +109.9 | Time:  59.8s
          Buffer: 12546 | Noise: 0.0878 | ActorLoss: -9.859e+00 | CriticLoss: 8.119e-02
[REWARD DEBUG] Stagnation (normal): 0.0000 → Reward: 0.0
[REWARD DEBUG] Improvement: 7.9483 → Reward: +0.4759
[REWARD DEBUG] Stagnation (normal): 0.0000 → Reward: 0.0
[REWARD DEBUG] Stagnation (normal): 0.0000 → Reward: 0.0
[REWARD DEBUG] Stagnation (normal): 0.0000 → Reward: 0.0
[REWARD DEBUG] Stagnation (normal): 0.0000 → Reward: 0.0
[REWARD DEBUG] Stagnation (normal): 0.0000 → Reward: 0.0
[ACTION DEBUG iter 100] Raw action[1:3]: [0.9987, 1.0000, -0.9955], noise: 0.0500
[ACTION DEBUG iter 100] WARNING: 10/20 actions clipped (network saturating)
[RLAMPSO DEBUG iter 100] w=0.9000, c1=2.9094, c2=0.0000 | fitness=2475.60
[REWARD DEBUG iter 100] FitnessImprovement: 0.0000 → Reward: +0.0000 (prevFit=2475.60, currFit=2475.60)
[REWARD DEBUG] Improvement: 42.2608 → Reward: +0.8180
[REWARD DEBUG] Stagnation (normal): 0.0000 → Reward: 0.0
[REWARD DEBUG] Stagnation (normal): 0.0000 → Reward: 0.0
[REWARD DEBUG] Stagnation (normal): 0.0000 → Reward: 0.0
[REWARD DEBUG] Stagnation (normal): 0.0000 → Reward: 0.0
[REWARD DEBUG] Stagnation (normal): 0.0000 → Reward: 0.0
[REWARD DEBUG] Stagnation (normal): 0.0000 → Reward: 0.0
[REWARD DEBUG] Stagnation (normal): 0.0000 → Reward: 0.0
[REWARD DEBUG] Stagnation (normal): 0.0000 → Reward: 0.0
[REWARD DEBUG] Stagnation (normal): 0.0000 → Reward: 0.0
[REWARD DEBUG] Stagnation (normal): 0.0000 → Reward: 0.0
[REWARD DEBUG] Stagnation (normal): 0.0000 → Reward: 0.0
[ACTION DEBUG iter 200] Raw action[1:3]: [0.9976, 1.0000, -0.9965], noise: 0.0500
[ACTION DEBUG iter 200] WARNING: 9/20 actions clipped (network saturating)
[RLAMPSO DEBUG iter 200] w=0.9000, c1=3.0000, c2=0.0744 | fitness=2083.41
[REWARD DEBUG iter 200] FitnessImprovement: 0.0000 → Reward: +0.0000 (prevFit=2083.41, currFit=2083.41)
[REWARD DEBUG] Stagnation (normal): 0.0000 → Reward: 0.0
[REWARD DEBUG] Stagnation (normal): 0.0000 → Reward: 0.0
[REWARD DEBUG] Stagnation (normal): 0.0000 → Reward: 0.0
[REWARD DEBUG] Stagnation (normal): 0.0000 → Reward: 0.0
[REWARD DEBUG] Stagnation (normal): 0.0000 → Reward: 0.0
[REWARD DEBUG] Stagnation (normal): 0.0000 → Reward: 0.0
[REWARD DEBUG] Stagnation (normal): 0.0000 → Reward: 0.0
[ACTION DEBUG iter 300] Raw action[1:3]: [0.9964, 1.0000, -0.9981], noise: 0.0500
[ACTION DEBUG iter 300] WARNING: 9/20 actions clipped (network saturating)
[RLAMPSO DEBUG iter 300] w=0.9000, c1=3.0000, c2=0.0901 | fitness=2035.19
[REWARD DEBUG iter 300] FitnessImprovement: 0.0000 → Reward: +0.0000 (prevFit=2035.19, currFit=2035.19)
[REWARD DEBUG] Stagnation (normal): 0.0000 → Reward: 0.0
[REWARD DEBUG] Stagnation (normal): 0.0000 → Reward: 0.0
[REWARD DEBUG] Stagnation (normal): 0.0000 → Reward: 0.0
[REWARD DEBUG] Stagnation (normal): 0.0000 → Reward: 0.0
[REWARD DEBUG] Stagnation (normal): 0.0000 → Reward: 0.0
[REWARD DEBUG] Stagnation (normal): 0.0000 → Reward: 0.0
[REWARD DEBUG] Stagnation (normal): 0.0000 → Reward: 0.0
[REWARD DEBUG] Stagnation (normal): 0.0000 → Reward: 0.0
[ACTION DEBUG iter 400] Raw action[1:3]: [0.9963, 1.0000, -0.9986], noise: 0.0500
[ACTION DEBUG iter 400] WARNING: 9/20 actions clipped (network saturating)
[RLAMPSO DEBUG iter 400] w=0.9000, c1=3.0000, c2=0.0000 | fitness=1975.19
[REWARD DEBUG iter 400] FitnessImprovement: 0.0000 → Reward: +0.0000 (prevFit=1975.19, currFit=1975.19)
[REWARD DEBUG] Stagnation (normal): 0.0000 → Reward: 0.0
[REWARD DEBUG] Stagnation (normal): 0.0000 → Reward: 0.0
[REWARD DEBUG] Stagnation (normal): 0.0000 → Reward: 0.0
[REWARD DEBUG] Stagnation (normal): 0.0000 → Reward: 0.0
[REWARD DEBUG] Stagnation (normal): 0.0000 → Reward: 0.0
[REWARD DEBUG] Stagnation (normal): 0.0000 → Reward: 0.0
[REWARD DEBUG] Stagnation (normal): 0.0000 → Reward: 0.0
[ACTION DEBUG iter 500] Raw action[1:3]: [0.9962, 1.0000, -0.9989], noise: 0.0500
[ACTION DEBUG iter 500] WARNING: 9/20 actions clipped (network saturating)
[RLAMPSO DEBUG iter 500] w=0.9000, c1=2.9648, c2=0.1306 | fitness=1920.81
[REWARD DEBUG iter 500] FitnessImprovement: 0.0000 → Reward: +0.0000 (prevFit=1920.81, currFit=1920.81)
[REWARD DEBUG] Stagnation (normal): 0.0000 → Reward: 0.0
[REWARD DEBUG] Stagnation (normal): 0.0000 → Reward: 0.0
[REWARD DEBUG] Stagnation (normal): 0.0000 → Reward: 0.0
[REWARD DEBUG] Stagnation (normal): 0.0000 → Reward: 0.0
[REWARD DEBUG] Stagnation (normal): 0.0000 → Reward: 0.0
[REWARD DEBUG] Stagnation (normal): 0.0000 → Reward: 0.0
[REWARD DEBUG] Stagnation (normal): 0.0000 → Reward: 0.0
[Ep  27/1000] Fit:  1920.8 | Avg:  1926.2 | Reward: +124.7 | Time:  59.7s
          Buffer: 13068 | Noise: 0.0873 | ActorLoss: -9.755e+00 | CriticLoss: 9.476e-02
[REWARD DEBUG] Improvement: 84.9196 → Reward: +0.9670
[REWARD DEBUG] Improvement: 79.0766 → Reward: +0.9518
[REWARD DEBUG] Improvement: 8.3540 → Reward: +0.4855
[REWARD DEBUG] Stagnation (normal): 0.0000 → Reward: 0.0
[REWARD DEBUG] Stagnation (normal): 0.0000 → Reward: 0.0
[REWARD DEBUG] Stagnation (normal): 0.0000 → Reward: 0.0
[REWARD DEBUG] Stagnation (normal): 0.0000 → Reward: 0.0
[REWARD DEBUG] Stagnation (normal): 0.0000 → Reward: 0.0
[REWARD DEBUG] Stagnation (normal): 0.0000 → Reward: 0.0
[REWARD DEBUG] Improvement: 0.1263 → Reward: +0.0258
[ACTION DEBUG iter 100] Raw action[1:3]: [0.9959, 1.0000, -0.9991], noise: 0.0500
[ACTION DEBUG iter 100] WARNING: 11/20 actions clipped (network saturating)
[RLAMPSO DEBUG iter 100] w=0.9000, c1=3.0000, c2=0.0000 | fitness=2265.21
[REWARD DEBUG] Improvement: 0.0280 → Reward: +0.0060
[REWARD DEBUG iter 100] FitnessImprovement: 0.0280 → Reward: +0.0060 (prevFit=2265.21, currFit=2265.19)
[REWARD DEBUG] Improvement: 0.0053 → Reward: +0.0011
[REWARD DEBUG] Improvement: 0.0472 → Reward: +0.0100
[REWARD DEBUG] Improvement: 0.0383 → Reward: +0.0082
[REWARD DEBUG] Improvement: 0.0036 → Reward: +0.0008
[REWARD DEBUG] Stagnation (normal): 0.0000 → Reward: 0.0
[REWARD DEBUG] Stagnation (normal): 0.0000 → Reward: 0.0
[REWARD DEBUG] Stagnation (normal): 0.0000 → Reward: 0.0
[REWARD DEBUG] Stagnation (normal): 0.0000 → Reward: 0.0
[REWARD DEBUG] Stagnation (normal): 0.0000 → Reward: 0.0
[REWARD DEBUG] Stagnation (normal): 0.0000 → Reward: 0.0
[REWARD DEBUG] Stagnation (normal): 0.0000 → Reward: 0.0
[REWARD DEBUG] Stagnation (normal): 0.0000 → Reward: 0.0
[REWARD DEBUG] Stagnation (normal): 0.0000 → Reward: 0.0
[ACTION DEBUG iter 200] Raw action[1:3]: [0.9954, 1.0000, -0.9992], noise: 0.0500
[ACTION DEBUG iter 200] WARNING: 10/20 actions clipped (network saturating)
[RLAMPSO DEBUG iter 200] w=0.9000, c1=2.9684, c2=0.0409 | fitness=2143.60
[REWARD DEBUG iter 200] FitnessImprovement: 0.0000 → Reward: +0.0000 (prevFit=2143.60, currFit=2143.60)
[REWARD DEBUG] Stagnation (normal): 0.0000 → Reward: 0.0
[REWARD DEBUG] Stagnation (normal): 0.0000 → Reward: 0.0
[REWARD DEBUG] Stagnation (normal): 0.0000 → Reward: 0.0
[REWARD DEBUG] Stagnation (normal): 0.0000 → Reward: 0.0
[REWARD DEBUG] Stagnation (normal): 0.0000 → Reward: 0.0
[REWARD DEBUG] Stagnation (normal): 0.0000 → Reward: 0.0
[REWARD DEBUG] Stagnation (normal): 0.0000 → Reward: 0.0
[REWARD DEBUG] Stagnation (normal): 0.0000 → Reward: 0.0
[REWARD DEBUG] Stagnation (normal): 0.0000 → Reward: 0.0
[ACTION DEBUG iter 300] Raw action[1:3]: [0.9953, 1.0000, -0.9993], noise: 0.0500
[ACTION DEBUG iter 300] WARNING: 10/20 actions clipped (network saturating)
[RLAMPSO DEBUG iter 300] w=0.9000, c1=3.0000, c2=0.1046 | fitness=2060.78
[REWARD DEBUG iter 300] FitnessImprovement: 0.0000 → Reward: +0.0000 (prevFit=2060.78, currFit=2060.78)
[REWARD DEBUG] Stagnation (normal): 0.0000 → Reward: 0.0
[REWARD DEBUG] Stagnation (normal): 0.0000 → Reward: 0.0
[REWARD DEBUG] Stagnation (normal): 0.0000 → Reward: 0.0
[REWARD DEBUG] Stagnation (normal): 0.0000 → Reward: 0.0
[REWARD DEBUG] Stagnation (normal): 0.0000 → Reward: 0.0
[REWARD DEBUG] Stagnation (normal): 0.0000 → Reward: 0.0
[REWARD DEBUG] Stagnation (normal): 0.0000 → Reward: 0.0
[REWARD DEBUG] Stagnation (normal): 0.0000 → Reward: 0.0
[REWARD DEBUG] Stagnation (normal): 0.0000 → Reward: 0.0
[REWARD DEBUG] Stagnation (normal): 0.0000 → Reward: 0.0
[ACTION DEBUG iter 400] Raw action[1:3]: [0.9955, 1.0000, -0.9994], noise: 0.0500
[ACTION DEBUG iter 400] WARNING: 11/20 actions clipped (network saturating)
[RLAMPSO DEBUG iter 400] w=0.9000, c1=2.9710, c2=0.0000 | fitness=2060.78
[REWARD DEBUG iter 400] FitnessImprovement: 0.0000 → Reward: +0.0000 (prevFit=2060.78, currFit=2060.78)
[REWARD DEBUG] Stagnation (normal): 0.0000 → Reward: 0.0
[REWARD DEBUG] Stagnation (normal): 0.0000 → Reward: 0.0
[Ep  28/1000] Fit:  2060.8 | Avg:  1920.7 | Reward: +130.2 | Time:  35.1s
          Buffer: 13428 | Noise: 0.0869 | ActorLoss: -8.941e+00 | CriticLoss: 8.109e-02
[REWARD DEBUG] Stagnation (normal): 0.0000 → Reward: 0.0
[REWARD DEBUG] Stagnation (normal): 0.0000 → Reward: 0.0
[REWARD DEBUG] Stagnation (normal): 0.0000 → Reward: 0.0
[REWARD DEBUG] Stagnation (normal): 0.0000 → Reward: 0.0
[REWARD DEBUG] Stagnation (normal): 0.0000 → Reward: 0.0
[REWARD DEBUG] Stagnation (normal): 0.0000 → Reward: 0.0
[REWARD DEBUG] Stagnation (normal): 0.0000 → Reward: 0.0
[REWARD DEBUG] Stagnation (normal): 0.0000 → Reward: 0.0
[REWARD DEBUG] Improvement: 1.1441 → Reward: +0.1656
[REWARD DEBUG] Improvement: 0.7691 → Reward: +0.1239
[REWARD DEBUG] Stagnation (normal): 0.0000 → Reward: 0.0
[REWARD DEBUG] Stagnation (normal): 0.0000 → Reward: 0.0
[REWARD DEBUG] Improvement: 4.7104 → Reward: +0.3783
[ACTION DEBUG iter 100] Raw action[1:3]: [0.9952, 1.0000, -0.9994], noise: 0.0500
[ACTION DEBUG iter 100] WARNING: 12/20 actions clipped (network saturating)
[RLAMPSO DEBUG iter 100] w=0.9000, c1=3.0000, c2=0.0000 | fitness=2578.14
[REWARD DEBUG iter 100] FitnessImprovement: 0.0000 → Reward: +0.0000 (prevFit=2578.14, currFit=2578.14)
[REWARD DEBUG] Stagnation (normal): 0.0000 → Reward: 0.0
[REWARD DEBUG] Stagnation (normal): 0.0000 → Reward: 0.0
[REWARD DEBUG] Improvement: 8.7441 → Reward: +0.4944
[REWARD DEBUG] Stagnation (normal): 0.0000 → Reward: 0.0
[REWARD DEBUG] Improvement: 5.4596 → Reward: +0.4051
[REWARD DEBUG] Stagnation (normal): 0.0000 → Reward: 0.0
[REWARD DEBUG] Stagnation (normal): 0.0000 → Reward: 0.0
[REWARD DEBUG] Stagnation (normal): 0.0000 → Reward: 0.0
[REWARD DEBUG] Improvement: 22.2641 → Reward: +0.6833
[ACTION DEBUG iter 200] Raw action[1:3]: [0.9944, 1.0000, -0.9995], noise: 0.0500
[ACTION DEBUG iter 200] WARNING: 7/20 actions clipped (network saturating)
[RLAMPSO DEBUG iter 200] w=0.9000, c1=3.0000, c2=0.0000 | fitness=2271.63
[REWARD DEBUG iter 200] FitnessImprovement: 0.0000 → Reward: +0.0000 (prevFit=2271.63, currFit=2271.63)
[REWARD DEBUG] Stagnation (normal): 0.0000 → Reward: 0.0
[REWARD DEBUG] Stagnation (normal): 0.0000 → Reward: 0.0
[REWARD DEBUG] Stagnation (normal): 0.0000 → Reward: 0.0
[REWARD DEBUG] Stagnation (normal): 0.0000 → Reward: 0.0
[REWARD DEBUG] Stagnation (normal): 0.0000 → Reward: 0.0
[REWARD DEBUG] Stagnation (normal): 0.0000 → Reward: 0.0
[REWARD DEBUG] Stagnation (normal): 0.0000 → Reward: 0.0
[REWARD DEBUG] Stagnation (normal): 0.0000 → Reward: 0.0
[ACTION DEBUG iter 300] Raw action[1:3]: [0.9939, 1.0000, -0.9995], noise: 0.0500
[ACTION DEBUG iter 300] WARNING: 4/20 actions clipped (network saturating)
[RLAMPSO DEBUG iter 300] w=0.9000, c1=2.8966, c2=0.0000 | fitness=2107.17
[REWARD DEBUG iter 300] FitnessImprovement: 0.0000 → Reward: +0.0000 (prevFit=2107.17, currFit=2107.17)
[REWARD DEBUG] Stagnation (normal): 0.0000 → Reward: 0.0
[REWARD DEBUG] Stagnation (normal): 0.0000 → Reward: 0.0
[REWARD DEBUG] Stagnation (normal): 0.0000 → Reward: 0.0
[REWARD DEBUG] Stagnation (normal): 0.0000 → Reward: 0.0
[REWARD DEBUG] Stagnation (normal): 0.0000 → Reward: 0.0
[REWARD DEBUG] Stagnation (normal): 0.0000 → Reward: 0.0
[REWARD DEBUG] Stagnation (normal): 0.0000 → Reward: 0.0
[REWARD DEBUG] Stagnation (normal): 0.0000 → Reward: 0.0
[ACTION DEBUG iter 400] Raw action[1:3]: [0.9932, 1.0000, -0.9996], noise: 0.0500
[ACTION DEBUG iter 400] WARNING: 10/20 actions clipped (network saturating)
[RLAMPSO DEBUG iter 400] w=0.9000, c1=2.9017, c2=0.0000 | fitness=2089.27
[REWARD DEBUG] Stagnation (normal): 0.0000 → Reward: 0.0
[REWARD DEBUG iter 400] FitnessImprovement: 0.0000 → Reward: +0.0000 (prevFit=2089.27, currFit=2089.27)
[REWARD DEBUG] Stagnation (normal): 0.0000 → Reward: 0.0
[REWARD DEBUG] Stagnation (normal): 0.0000 → Reward: 0.0
[REWARD DEBUG] Stagnation (normal): 0.0000 → Reward: 0.0
[ACTION DEBUG iter 500] Raw action[1:3]: [0.9914, 1.0000, -0.9996], noise: 0.0500
[ACTION DEBUG iter 500] WARNING: 11/20 actions clipped (network saturating)
[RLAMPSO DEBUG iter 500] w=0.9000, c1=2.9688, c2=0.0000 | fitness=2011.67
[REWARD DEBUG iter 500] FitnessImprovement: 0.0000 → Reward: +0.0000 (prevFit=2011.67, currFit=2011.67)
[REWARD DEBUG] Stagnation (normal): 0.0000 → Reward: 0.0
[REWARD DEBUG] Stagnation (normal): 0.0000 → Reward: 0.0
[REWARD DEBUG] Stagnation (normal): 0.0000 → Reward: 0.0
[REWARD DEBUG] Stagnation (normal): 0.0000 → Reward: 0.0
[REWARD DEBUG] Stagnation (normal): 0.0000 → Reward: 0.0
[REWARD DEBUG] Stagnation (normal): 0.0000 → Reward: 0.0
[REWARD DEBUG] Stagnation (normal): 0.0000 → Reward: 0.0
[REWARD DEBUG] Stagnation (normal): 0.0000 → Reward: 0.0
[REWARD DEBUG] Stagnation (normal): 0.0000 → Reward: 0.0
[REWARD DEBUG] Stagnation (normal): 0.0000 → Reward: 0.0
[REWARD DEBUG] Stagnation (normal): 0.0000 → Reward: 0.0
[ACTION DEBUG iter 600] Raw action[1:3]: [0.9867, 1.0000, -0.9996], noise: 0.0500
[ACTION DEBUG iter 600] WARNING: 9/20 actions clipped (network saturating)
[RLAMPSO DEBUG iter 600] w=0.9000, c1=2.9517, c2=0.0000 | fitness=2011.67
[REWARD DEBUG iter 600] FitnessImprovement: 0.0000 → Reward: +0.0000 (prevFit=2011.67, currFit=2011.67)
[Ep  29/1000] Fit:  2011.7 | Avg:  1918.3 | Reward: +132.6 | Time:  56.8s
          Buffer: 13978 | Noise: 0.0865 | ActorLoss: -1.272e+01 | CriticLoss: 2.524e-01
[REWARD DEBUG] Stagnation (normal): 0.0000 → Reward: 0.0
[REWARD DEBUG] Improvement: 119.7550 → Reward: +1.0000
[REWARD DEBUG] Stagnation (normal): 0.0000 → Reward: 0.0
[REWARD DEBUG] Stagnation (normal): 0.0000 → Reward: 0.0
[REWARD DEBUG] Stagnation (normal): 0.0000 → Reward: 0.0
[REWARD DEBUG] Stagnation (normal): 0.0000 → Reward: 0.0
[REWARD DEBUG] Stagnation (normal): 0.0000 → Reward: 0.0
[REWARD DEBUG] Stagnation (normal): 0.0000 → Reward: 0.0
[ACTION DEBUG iter 100] Raw action[1:3]: [0.9764, 1.0000, -0.9996], noise: 0.0500
[ACTION DEBUG iter 100] WARNING: 13/20 actions clipped (network saturating)
[RLAMPSO DEBUG iter 100] w=0.9000, c1=2.9318, c2=0.0000 | fitness=2168.47
[REWARD DEBUG iter 100] FitnessImprovement: 0.0000 → Reward: +0.0000 (prevFit=2168.47, currFit=2168.47)
[REWARD DEBUG] Stagnation (normal): 0.0000 → Reward: 0.0
[REWARD DEBUG] Stagnation (normal): 0.0000 → Reward: 0.0
[REWARD DEBUG] Stagnation (normal): 0.0000 → Reward: 0.0
[REWARD DEBUG] Stagnation (normal): 0.0000 → Reward: 0.0
[REWARD DEBUG] Stagnation (normal): 0.0000 → Reward: 0.0
[REWARD DEBUG] Stagnation (normal): 0.0000 → Reward: 0.0
[REWARD DEBUG] Stagnation (normal): 0.0000 → Reward: 0.0
[REWARD DEBUG] Improvement: 0.0031 → Reward: +0.0007
[ACTION DEBUG iter 200] Raw action[1:3]: [-0.9906, 1.0000, -0.9998], noise: 0.0500
[ACTION DEBUG iter 200] WARNING: 11/20 actions clipped (network saturating)
[RLAMPSO DEBUG iter 200] w=0.3205, c1=2.9743, c2=0.0663 | fitness=2131.40
[REWARD DEBUG iter 200] FitnessImprovement: 0.0001 → Reward: +0.0000 (prevFit=2131.40, currFit=2131.40)
[REWARD DEBUG] Improvement: 0.0000 → Reward: +0.0000
[REWARD DEBUG] Improvement: 0.0542 → Reward: +0.0115
[REWARD DEBUG] Improvement: 1.8718 → Reward: +0.2291
[REWARD DEBUG] Improvement: 0.3749 → Reward: +0.0691
[ACTION DEBUG iter 300] Raw action[1:3]: [-0.9987, 1.0000, -0.9999], noise: 0.0500
[ACTION DEBUG iter 300] WARNING: 8/20 actions clipped (network saturating)
[RLAMPSO DEBUG iter 300] w=0.3054, c1=2.8403, c2=0.0191 | fitness=2094.13
[REWARD DEBUG iter 300] FitnessImprovement: 0.0044 → Reward: +0.0009 (prevFit=2094.13, currFit=2094.12)
[REWARD DEBUG] Improvement: 0.1205 → Reward: +0.0247
[REWARD DEBUG] Improvement: 0.8449 → Reward: +0.1330
[REWARD DEBUG] Improvement: 0.0021 → Reward: +0.0004
[REWARD DEBUG] Stagnation (normal): 0.0000 → Reward: 0.0
[REWARD DEBUG] Improvement: 1.2107 → Reward: +0.1723
[REWARD DEBUG] Improvement: 0.0782 → Reward: +0.0164
[REWARD DEBUG] Improvement: 0.0001 → Reward: +0.0000
[REWARD DEBUG] Stagnation (normal): 0.0000 → Reward: 0.0
[REWARD DEBUG] Improvement: 0.0023 → Reward: +0.0005
[REWARD DEBUG] Improvement: 0.0024 → Reward: +0.0005
[REWARD DEBUG] Improvement: 0.0159 → Reward: +0.0034
[REWARD DEBUG] Improvement: 0.0000 → Reward: +0.0000
[ACTION DEBUG iter 400] Raw action[1:3]: [-0.9990, 1.0000, -0.9999], noise: 0.0500
[ACTION DEBUG iter 400] WARNING: 11/20 actions clipped (network saturating)
[RLAMPSO DEBUG iter 400] w=0.3000, c1=2.9560, c2=0.0000 | fitness=2080.33
[REWARD DEBUG iter 400] FitnessImprovement: 0.0000 → Reward: +0.0000 (prevFit=2080.33, currFit=2080.33)
[REWARD DEBUG] Improvement: 0.0321 → Reward: +0.0069
[REWARD DEBUG] Improvement: 0.0175 → Reward: +0.0038
[REWARD DEBUG] Improvement: 0.0004 → Reward: +0.0001
[REWARD DEBUG] Stagnation (normal): 0.0000 → Reward: 0.0
[REWARD DEBUG] Improvement: 0.0011 → Reward: +0.0002
[REWARD DEBUG] Improvement: 0.0001 → Reward: +0.0000
[ACTION DEBUG iter 500] Raw action[1:3]: [-0.9990, 1.0000, -0.9999], noise: 0.0500
[ACTION DEBUG iter 500] WARNING: 9/20 actions clipped (network saturating)
[RLAMPSO DEBUG iter 500] w=0.3190, c1=2.9797, c2=0.0002 | fitness=2074.05
[REWARD DEBUG iter 500] FitnessImprovement: 0.0146 → Reward: +0.0031 (prevFit=2074.05, currFit=2074.04)
[REWARD DEBUG] Improvement: 0.0030 → Reward: +0.0006
[REWARD DEBUG] Improvement: 0.0022 → Reward: +0.0005
[REWARD DEBUG] Improvement: 0.0003 → Reward: +0.0001
[REWARD DEBUG] Improvement: 0.0196 → Reward: +0.0042
[REWARD DEBUG] Improvement: 0.0000 → Reward: +0.0000
[REWARD DEBUG] Stagnation (normal): 0.0000 → Reward: 0.0
[ACTION DEBUG iter 600] Raw action[1:3]: [-0.9990, 1.0000, -0.9999], noise: 0.0500
[ACTION DEBUG iter 600] WARNING: 6/20 actions clipped (network saturating)
[RLAMPSO DEBUG iter 600] w=0.3000, c1=3.0000, c2=0.0241 | fitness=2067.94
[REWARD DEBUG iter 600] FitnessImprovement: 0.0000 → Reward: +0.0000 (prevFit=2067.94, currFit=2067.94)
[Ep  30/1000] Fit:  2067.9 | Avg:  1936.5 | Reward: +114.4 | Time:  65.0s
          Buffer: 14528 | Noise: 0.0860 | ActorLoss: -1.184e+01 | CriticLoss: 1.790e-01
[REWARD DEBUG] Improvement: 3.5606 → Reward: +0.3295
[REWARD DEBUG] Improvement: 20.8610 → Reward: +0.6698
[REWARD DEBUG] Improvement: 0.2198 → Reward: +0.0431
[REWARD DEBUG] Improvement: 0.0186 → Reward: +0.0040
[REWARD DEBUG] Improvement: 1.7099 → Reward: +0.2165
[ACTION DEBUG iter 100] Raw action[1:3]: [-0.9989, 1.0000, -0.9999], noise: 0.0500
[ACTION DEBUG iter 100] WARNING: 10/20 actions clipped (network saturating)
[RLAMPSO DEBUG iter 100] w=0.3151, c1=3.0000, c2=0.0000 | fitness=2579.80
[REWARD DEBUG iter 100] FitnessImprovement: 0.8007 → Reward: +0.1277 (prevFit=2579.80, currFit=2579.00)
[REWARD DEBUG] Improvement: 2.5521 → Reward: +0.2752
[REWARD DEBUG] Improvement: 0.0020 → Reward: +0.0004
[REWARD DEBUG] Improvement: 0.3976 → Reward: +0.0727
[REWARD DEBUG] Improvement: 0.1385 → Reward: +0.0282
[ACTION DEBUG iter 200] Raw action[1:3]: [-0.9989, 1.0000, -0.9999], noise: 0.0500
[ACTION DEBUG iter 200] WARNING: 6/20 actions clipped (network saturating)
[RLAMPSO DEBUG iter 200] w=0.3235, c1=2.9557, c2=0.0041 | fitness=2483.37
[REWARD DEBUG iter 200] FitnessImprovement: 0.2330 → Reward: +0.0455 (prevFit=2483.37, currFit=2483.14)
[REWARD DEBUG] Improvement: 0.0020 → Reward: +0.0004
[REWARD DEBUG] Improvement: 0.0001 → Reward: +0.0000
[REWARD DEBUG] Improvement: 0.0813 → Reward: +0.0170
[REWARD DEBUG] Stagnation (normal): 0.0000 → Reward: 0.0
[REWARD DEBUG] Stagnation (normal): 0.0000 → Reward: 0.0
[REWARD DEBUG] Stagnation (normal): 0.0000 → Reward: 0.0
[REWARD DEBUG] Stagnation (normal): 0.0000 → Reward: 0.0
[REWARD DEBUG] Stagnation (normal): 0.0000 → Reward: 0.0
[REWARD DEBUG] Stagnation (normal): 0.0000 → Reward: 0.0
[REWARD DEBUG] Stagnation (normal): 0.0000 → Reward: 0.0
[REWARD DEBUG] Stagnation (normal): 0.0000 → Reward: 0.0
[REWARD DEBUG] Improvement: 0.0157 → Reward: +0.0034
[REWARD DEBUG] Improvement: 0.0812 → Reward: +0.0170
[REWARD DEBUG] Improvement: 0.0130 → Reward: +0.0028
[ACTION DEBUG iter 300] Raw action[1:3]: [-0.9993, 1.0000, -0.9999], noise: 0.0500
[ACTION DEBUG iter 300] WARNING: 10/20 actions clipped (network saturating)
[RLAMPSO DEBUG iter 300] w=0.3059, c1=2.9159, c2=0.0000 | fitness=2461.90
[REWARD DEBUG iter 300] FitnessImprovement: 0.0141 → Reward: +0.0030 (prevFit=2461.90, currFit=2461.88)
[REWARD DEBUG] Improvement: 0.0094 → Reward: +0.0020
[REWARD DEBUG] Improvement: 0.0169 → Reward: +0.0036
[REWARD DEBUG] Improvement: 0.0005 → Reward: +0.0001
[REWARD DEBUG] Improvement: 0.0000 → Reward: +0.0000
[REWARD DEBUG] Improvement: 0.0005 → Reward: +0.0001
[REWARD DEBUG] Improvement: 0.0019 → Reward: +0.0004
[ACTION DEBUG iter 400] Raw action[1:3]: [-0.9993, 1.0000, -0.9999], noise: 0.0500
[ACTION DEBUG iter 400] WARNING: 10/20 actions clipped (network saturating)
[RLAMPSO DEBUG iter 400] w=0.3178, c1=3.0000, c2=0.0000 | fitness=2447.63
[REWARD DEBUG iter 400] FitnessImprovement: 0.8124 → Reward: +0.1291 (prevFit=2447.63, currFit=2446.82)
[REWARD DEBUG] Improvement: 0.0014 → Reward: +0.0003
[REWARD DEBUG] Improvement: 0.8911 → Reward: +0.1384
[REWARD DEBUG] Improvement: 0.0692 → Reward: +0.0145
[REWARD DEBUG] Improvement: 0.0001 → Reward: +0.0000
[REWARD DEBUG] Improvement: 0.0000 → Reward: +0.0000
[REWARD DEBUG] Stagnation (normal): 0.0000 → Reward: 0.0
[REWARD DEBUG] Improvement: 1.2541 → Reward: +0.1765
[ACTION DEBUG iter 500] Raw action[1:3]: [-0.9993, 1.0000, -0.9999], noise: 0.0500
[ACTION DEBUG iter 500] WARNING: 12/20 actions clipped (network saturating)
[RLAMPSO DEBUG iter 500] w=0.3266, c1=2.9797, c2=0.0000 | fitness=2421.70
[REWARD DEBUG iter 500] FitnessImprovement: 0.0007 → Reward: +0.0002 (prevFit=2421.70, currFit=2421.69)
[REWARD DEBUG] Improvement: 0.0063 → Reward: +0.0014
[REWARD DEBUG] Improvement: 0.0020 → Reward: +0.0004
[REWARD DEBUG] Stagnation (normal): 0.0000 → Reward: 0.0
[REWARD DEBUG] Stagnation (normal): 0.0000 → Reward: 0.0
[REWARD DEBUG] Improvement: 0.7345 → Reward: +0.1196
[REWARD DEBUG] Stagnation (normal): 0.0000 → Reward: 0.0
[REWARD DEBUG] Stagnation (normal): 0.0000 → Reward: 0.0
[ACTION DEBUG iter 600] Raw action[1:3]: [-0.9994, 1.0000, -0.9999], noise: 0.0500
[ACTION DEBUG iter 600] WARNING: 9/20 actions clipped (network saturating)
[RLAMPSO DEBUG iter 600] w=0.3019, c1=3.0000, c2=0.0723 | fitness=2414.80
[REWARD DEBUG iter 600] FitnessImprovement: 0.0126 → Reward: +0.0027 (prevFit=2414.80, currFit=2414.79)
[Ep  31/1000] Fit:  2414.8 | Avg:  1991.6 | Reward:  +59.3 | Time:  62.0s
          Buffer: 15078 | Noise: 0.0856 | ActorLoss: -1.307e+01 | CriticLoss: 4.667e-01
[REWARD DEBUG] Improvement: 0.0350 → Reward: +0.0075
[REWARD DEBUG] Stagnation (normal): 0.0000 → Reward: 0.0
[REWARD DEBUG] Stagnation (normal): 0.0000 → Reward: 0.0
[REWARD DEBUG] Improvement: 0.2109 → Reward: +0.0415
[ACTION DEBUG iter 100] Raw action[1:3]: [-0.9994, 1.0000, -0.9999], noise: 0.0500
[ACTION DEBUG iter 100] WARNING: 7/20 actions clipped (network saturating)
[RLAMPSO DEBUG iter 100] w=0.3099, c1=3.0000, c2=0.0000 | fitness=2397.85
[REWARD DEBUG iter 100] FitnessImprovement: 0.5200 → Reward: +0.0909 (prevFit=2397.85, currFit=2397.33)
[REWARD DEBUG] Improvement: 0.0255 → Reward: +0.0055
[REWARD DEBUG] Improvement: 0.0348 → Reward: +0.0074
[REWARD DEBUG] Improvement: 0.0011 → Reward: +0.0002
[REWARD DEBUG] Improvement: 0.1329 → Reward: +0.0271
[ACTION DEBUG iter 200] Raw action[1:3]: [-0.9994, 1.0000, -0.9999], noise: 0.0500
[ACTION DEBUG iter 200] WARNING: 13/20 actions clipped (network saturating)
[RLAMPSO DEBUG iter 200] w=0.3000, c1=2.9612, c2=0.0000 | fitness=2292.86
[REWARD DEBUG iter 200] FitnessImprovement: 0.0000 → Reward: +0.0000 (prevFit=2292.86, currFit=2292.86)
[REWARD DEBUG] Stagnation (normal): 0.0000 → Reward: 0.0
[REWARD DEBUG] Improvement: 3.2935 → Reward: +0.3164
[REWARD DEBUG] Stagnation (normal): 0.0000 → Reward: 0.0
[REWARD DEBUG] Improvement: 2.5195 → Reward: +0.2732
[REWARD DEBUG] Improvement: 0.0006 → Reward: +0.0001
[REWARD DEBUG] Improvement: 0.0652 → Reward: +0.0137
[ACTION DEBUG iter 300] Raw action[1:3]: [-0.9994, 1.0000, -0.9999], noise: 0.0500
[ACTION DEBUG iter 300] WARNING: 14/20 actions clipped (network saturating)
[RLAMPSO DEBUG iter 300] w=0.3000, c1=3.0000, c2=0.0840 | fitness=2221.13
[REWARD DEBUG iter 300] FitnessImprovement: 1.6065 → Reward: +0.2080 (prevFit=2221.13, currFit=2219.52)
[REWARD DEBUG] Improvement: 0.0011 → Reward: +0.0002
[REWARD DEBUG] Improvement: 0.0017 → Reward: +0.0004
[REWARD DEBUG] Improvement: 0.0308 → Reward: +0.0066
[REWARD DEBUG] Improvement: 0.0590 → Reward: +0.0124
[REWARD DEBUG] Stagnation (normal): 0.0000 → Reward: 0.0
[REWARD DEBUG] Improvement: 0.0730 → Reward: +0.0153
[REWARD DEBUG] Improvement: 0.0082 → Reward: +0.0018
[ACTION DEBUG iter 400] Raw action[1:3]: [-0.9994, 1.0000, -0.9999], noise: 0.0500
[ACTION DEBUG iter 400] WARNING: 10/20 actions clipped (network saturating)
[RLAMPSO DEBUG iter 400] w=0.3138, c1=3.0000, c2=0.0000 | fitness=2210.00
[REWARD DEBUG iter 400] FitnessImprovement: 0.0089 → Reward: +0.0019 (prevFit=2210.00, currFit=2209.99)
[REWARD DEBUG] Improvement: 0.4032 → Reward: +0.0736
[REWARD DEBUG] Stagnation (normal): 0.0000 → Reward: 0.0
[REWARD DEBUG] Improvement: 0.1058 → Reward: +0.0218
[REWARD DEBUG] Improvement: 0.0060 → Reward: +0.0013
[REWARD DEBUG] Improvement: 0.0000 → Reward: +0.0000
[REWARD DEBUG] Improvement: 0.0352 → Reward: +0.0075
[REWARD DEBUG] Improvement: 0.0770 → Reward: +0.0161
[REWARD DEBUG] Stagnation (normal): 0.0000 → Reward: 0.0
[ACTION DEBUG iter 500] Raw action[1:3]: [-0.9994, 1.0000, -0.9999], noise: 0.0500
[ACTION DEBUG iter 500] WARNING: 12/20 actions clipped (network saturating)
[RLAMPSO DEBUG iter 500] w=0.3186, c1=2.9710, c2=0.1224 | fitness=2195.22
[REWARD DEBUG] Improvement: 0.0420 → Reward: +0.0089
[REWARD DEBUG iter 500] FitnessImprovement: 0.0420 → Reward: +0.0089 (prevFit=2195.22, currFit=2195.18)
[REWARD DEBUG] Stagnation (normal): 0.0000 → Reward: 0.0
[REWARD DEBUG] Stagnation (normal): 0.0000 → Reward: 0.0
[REWARD DEBUG] Improvement: 2.7366 → Reward: +0.2862
[REWARD DEBUG] Improvement: 0.0291 → Reward: +0.0062
[REWARD DEBUG] Improvement: 0.0001 → Reward: +0.0000
[REWARD DEBUG] Improvement: 0.2716 → Reward: +0.0522
[REWARD DEBUG] Improvement: 0.0030 → Reward: +0.0007
[REWARD DEBUG] Improvement: 0.0008 → Reward: +0.0002
[ACTION DEBUG iter 600] Raw action[1:3]: [-0.9994, 1.0000, -0.9999], noise: 0.0500
[ACTION DEBUG iter 600] WARNING: 14/20 actions clipped (network saturating)
[RLAMPSO DEBUG iter 600] w=0.3000, c1=3.0000, c2=0.0302 | fitness=2173.82
[REWARD DEBUG iter 600] FitnessImprovement: 0.0000 → Reward: +0.0000 (prevFit=2173.82, currFit=2173.82)
[Ep  32/1000] Fit:  2173.8 | Avg:  2022.4 | Reward:  +28.5 | Time:  53.9s
          Buffer: 15628 | Noise: 0.0852 | ActorLoss: -1.037e+01 | CriticLoss: 1.843e-01
[REWARD DEBUG] Improvement: 1.4120 → Reward: +0.1912
[REWARD DEBUG] Stagnation (normal): 0.0000 → Reward: 0.0
[ACTION DEBUG iter 100] Raw action[1:3]: [-0.9995, 1.0000, -0.9999], noise: 0.0500
[ACTION DEBUG iter 100] WARNING: 10/20 actions clipped (network saturating)
[RLAMPSO DEBUG iter 100] w=0.3000, c1=2.9672, c2=0.0222 | fitness=2797.01
[REWARD DEBUG iter 100] FitnessImprovement: 73.6869 → Reward: +0.9366 (prevFit=2797.01, currFit=2723.32)
[REWARD DEBUG] Stagnation (normal): 0.0000 → Reward: 0.0
[REWARD DEBUG] Stagnation (normal): 0.0000 → Reward: 0.0
[REWARD DEBUG] Stagnation (normal): 0.0000 → Reward: 0.0
[REWARD DEBUG] Stagnation (normal): 0.0000 → Reward: 0.0
[REWARD DEBUG] Improvement: 0.5799 → Reward: +0.0993
[REWARD DEBUG] Improvement: 0.0640 → Reward: +0.0135
[REWARD DEBUG] Improvement: 2.1749 → Reward: +0.2509
[REWARD DEBUG] Improvement: 1.1123 → Reward: +0.1624
[REWARD DEBUG] Stagnation (normal): 0.0000 → Reward: 0.0
[REWARD DEBUG] Improvement: 5.5050 → Reward: +0.4066
[ACTION DEBUG iter 200] Raw action[1:3]: [-0.9995, 1.0000, -0.9999], noise: 0.0500
[ACTION DEBUG iter 200] WARNING: 10/20 actions clipped (network saturating)
[RLAMPSO DEBUG iter 200] w=0.3355, c1=2.9669, c2=0.0000 | fitness=2520.10
[REWARD DEBUG iter 200] FitnessImprovement: 0.8165 → Reward: +0.1296 (prevFit=2520.10, currFit=2519.29)
[REWARD DEBUG] Improvement: 0.3158 → Reward: +0.0596
[ACTION DEBUG iter 300] Raw action[1:3]: [-0.9995, 1.0000, -0.9999], noise: 0.0500
[ACTION DEBUG iter 300] WARNING: 10/20 actions clipped (network saturating)
[RLAMPSO DEBUG iter 300] w=0.3038, c1=3.0000, c2=0.0000 | fitness=2400.87
[REWARD DEBUG iter 300] FitnessImprovement: 13.8554 → Reward: +0.5859 (prevFit=2400.87, currFit=2387.01)
[REWARD DEBUG] Improvement: 1.4501 → Reward: +0.1946
[REWARD DEBUG] Improvement: 0.0011 → Reward: +0.0002
[REWARD DEBUG] Improvement: 0.0003 → Reward: +0.0001
[REWARD DEBUG] Improvement: 0.0000 → Reward: +0.0000
[ACTION DEBUG iter 400] Raw action[1:3]: [-0.9995, 1.0000, -0.9999], noise: 0.0500
[ACTION DEBUG iter 400] WARNING: 12/20 actions clipped (network saturating)
[RLAMPSO DEBUG iter 400] w=0.3000, c1=2.9945, c2=0.0682 | fitness=2285.99
[REWARD DEBUG iter 400] FitnessImprovement: 0.0000 → Reward: +0.0000 (prevFit=2285.99, currFit=2285.99)
[REWARD DEBUG] Stagnation (normal): 0.0000 → Reward: 0.0
[REWARD DEBUG] Stagnation (normal): 0.0000 → Reward: 0.0
[REWARD DEBUG] Stagnation (normal): 0.0000 → Reward: 0.0
[REWARD DEBUG] Improvement: 0.0043 → Reward: +0.0009
[REWARD DEBUG] Stagnation (normal): 0.0000 → Reward: 0.0
[ACTION DEBUG iter 500] Raw action[1:3]: [-0.9996, 1.0000, -0.9999], noise: 0.0500
[ACTION DEBUG iter 500] WARNING: 6/20 actions clipped (network saturating)
[RLAMPSO DEBUG iter 500] w=0.3118, c1=2.8926, c2=0.0768 | fitness=2268.89
[REWARD DEBUG iter 500] FitnessImprovement: 1.1029 → Reward: +0.1614 (prevFit=2268.89, currFit=2267.79)
[REWARD DEBUG] Improvement: 0.0002 → Reward: +0.0000
[REWARD DEBUG] Improvement: 0.3388 → Reward: +0.0634
[REWARD DEBUG] Improvement: 0.1005 → Reward: +0.0208
[REWARD DEBUG] Stagnation (normal): 0.0000 → Reward: 0.0
[REWARD DEBUG] Stagnation (normal): 0.0000 → Reward: 0.0
[ACTION DEBUG iter 600] Raw action[1:3]: [-0.9996, 1.0000, -0.9999], noise: 0.0500
[ACTION DEBUG iter 600] WARNING: 8/20 actions clipped (network saturating)
[RLAMPSO DEBUG iter 600] w=0.3073, c1=2.9040, c2=0.0000 | fitness=2262.54
[REWARD DEBUG iter 600] FitnessImprovement: 0.0000 → Reward: +0.0000 (prevFit=2262.54, currFit=2262.54)
[Ep  33/1000] Fit:  2262.5 | Avg:  2055.8 | Reward:   -4.9 | Time:  59.1s
          Buffer: 16178 | Noise: 0.0848 | ActorLoss: -1.506e+01 | CriticLoss: 1.276e-01
[REWARD DEBUG] Stagnation (normal): 0.0000 → Reward: 0.0
[REWARD DEBUG] Improvement: 1.0175 → Reward: +0.1524
[REWARD DEBUG] Improvement: 7.0974 → Reward: +0.4542
[REWARD DEBUG] Improvement: 0.1108 → Reward: +0.0228
[REWARD DEBUG] Improvement: 0.0092 → Reward: +0.0020
[REWARD DEBUG] Improvement: 0.0079 → Reward: +0.0017
[ACTION DEBUG iter 100] Raw action[1:3]: [-0.9996, 1.0000, -0.9999], noise: 0.0500
[ACTION DEBUG iter 100] WARNING: 12/20 actions clipped (network saturating)
[RLAMPSO DEBUG iter 100] w=0.3118, c1=3.0000, c2=0.0643 | fitness=2634.10
[REWARD DEBUG iter 100] FitnessImprovement: 0.1606 → Reward: +0.0323 (prevFit=2634.10, currFit=2633.94)
[REWARD DEBUG] Improvement: 0.5034 → Reward: +0.0885
[REWARD DEBUG] Stagnation (normal): 0.0000 → Reward: 0.0
[REWARD DEBUG] Improvement: 0.0917 → Reward: +0.0190
[REWARD DEBUG] Improvement: 1.3710 → Reward: +0.1875
[REWARD DEBUG] Improvement: 0.1115 → Reward: +0.0229
[REWARD DEBUG] Improvement: 0.0101 → Reward: +0.0022
[REWARD DEBUG] Improvement: 0.6922 → Reward: +0.1142
[REWARD DEBUG] Improvement: 1.0497 → Reward: +0.1558
[ACTION DEBUG iter 200] Raw action[1:3]: [-0.9996, 1.0000, -0.9999], noise: 0.0500
[ACTION DEBUG iter 200] WARNING: 6/20 actions clipped (network saturating)
[RLAMPSO DEBUG iter 200] w=0.3245, c1=2.9749, c2=0.0751 | fitness=2593.99
[REWARD DEBUG iter 200] FitnessImprovement: 0.3468 → Reward: +0.0647 (prevFit=2593.99, currFit=2593.64)
[REWARD DEBUG] Improvement: 0.0004 → Reward: +0.0001
[REWARD DEBUG] Improvement: 1.0196 → Reward: +0.1526
[ACTION DEBUG iter 300] Raw action[1:3]: [-0.9996, 1.0000, -0.9999], noise: 0.0500
[ACTION DEBUG iter 300] WARNING: 11/20 actions clipped (network saturating)
[RLAMPSO DEBUG iter 300] w=0.3003, c1=3.0000, c2=0.0000 | fitness=2542.26
[REWARD DEBUG iter 300] FitnessImprovement: 0.4497 → Reward: +0.0806 (prevFit=2542.26, currFit=2541.81)
[REWARD DEBUG] Improvement: 0.3060 → Reward: +0.0580
[REWARD DEBUG] Improvement: 0.0925 → Reward: +0.0192
[REWARD DEBUG] Improvement: 0.0124 → Reward: +0.0027
[ACTION DEBUG iter 400] Raw action[1:3]: [-0.9996, 1.0000, -0.9999], noise: 0.0500
[ACTION DEBUG iter 400] WARNING: 8/20 actions clipped (network saturating)
[RLAMPSO DEBUG iter 400] w=0.3210, c1=3.0000, c2=0.0298 | fitness=2528.81
[REWARD DEBUG iter 400] FitnessImprovement: 0.0000 → Reward: +0.0000 (prevFit=2528.81, currFit=2528.81)
[REWARD DEBUG] Stagnation (normal): 0.0000 → Reward: 0.0
[REWARD DEBUG] Improvement: 0.0823 → Reward: +0.0172
[REWARD DEBUG] Improvement: 0.7986 → Reward: +0.1275
[REWARD DEBUG] Improvement: 0.0725 → Reward: +0.0152
[REWARD DEBUG] Stagnation (normal): 0.0000 → Reward: 0.0
[REWARD DEBUG] Stagnation (normal): 0.0000 → Reward: 0.0
[REWARD DEBUG] Stagnation (normal): 0.0000 → Reward: 0.0
[REWARD DEBUG] Stagnation (normal): 0.0000 → Reward: 0.0
[ACTION DEBUG iter 500] Raw action[1:3]: [-0.9996, 1.0000, -0.9999], noise: 0.0500
[ACTION DEBUG iter 500] WARNING: 13/20 actions clipped (network saturating)
[RLAMPSO DEBUG iter 500] w=0.3375, c1=3.0000, c2=0.0000 | fitness=2510.53
[REWARD DEBUG iter 500] FitnessImprovement: 0.0000 → Reward: +0.0000 (prevFit=2510.53, currFit=2510.53)
[REWARD DEBUG] Improvement: 0.0049 → Reward: +0.0011
[REWARD DEBUG] Improvement: 0.0014 → Reward: +0.0003
[REWARD DEBUG] Improvement: 0.0001 → Reward: +0.0000
[REWARD DEBUG] Improvement: 0.6500 → Reward: +0.1087
[REWARD DEBUG] Improvement: 0.3332 → Reward: +0.0624
[REWARD DEBUG] Improvement: 0.2345 → Reward: +0.0457
[ACTION DEBUG iter 600] Raw action[1:3]: [-0.9996, 1.0000, -0.9999], noise: 0.0500
[ACTION DEBUG iter 600] WARNING: 12/20 actions clipped (network saturating)
[RLAMPSO DEBUG iter 600] w=0.3000, c1=3.0000, c2=0.0606 | fitness=2503.33
[REWARD DEBUG iter 600] FitnessImprovement: 0.0087 → Reward: +0.0019 (prevFit=2503.33, currFit=2503.32)
[Ep  34/1000] Fit:  2503.3 | Avg:  2117.8 | Reward:  -66.8 | Time:  52.9s
          Buffer: 16728 | Noise: 0.0843 | ActorLoss: -9.276e+00 | CriticLoss: 1.914e-01
[REWARD DEBUG] Improvement: 10.1378 → Reward: +0.5234
[REWARD DEBUG] Improvement: 0.5359 → Reward: +0.0932
[REWARD DEBUG] Improvement: 10.5550 → Reward: +0.5314
[REWARD DEBUG] Improvement: 5.0323 → Reward: +0.3902
[REWARD DEBUG] Improvement: 1.1151 → Reward: +0.1627
[ACTION DEBUG iter 100] Raw action[1:3]: [-0.9996, 1.0000, -0.9999], noise: 0.0500
[ACTION DEBUG iter 100] WARNING: 5/20 actions clipped (network saturating)
[RLAMPSO DEBUG iter 100] w=0.3000, c1=2.9324, c2=0.0752 | fitness=2669.94
[REWARD DEBUG iter 100] FitnessImprovement: 9.1684 → Reward: +0.5036 (prevFit=2669.94, currFit=2660.77)
[REWARD DEBUG] Improvement: 0.8209 → Reward: +0.1301
[REWARD DEBUG] Improvement: 0.6094 → Reward: +0.1033
[REWARD DEBUG] Improvement: 0.0001 → Reward: +0.0000
[REWARD DEBUG] Improvement: 1.6595 → Reward: +0.2124
[REWARD DEBUG] Improvement: 0.0000 → Reward: +0.0000
[REWARD DEBUG] Improvement: 0.0000 → Reward: +0.0000
[ACTION DEBUG iter 200] Raw action[1:3]: [-0.9996, 1.0000, -0.9999], noise: 0.0500
[ACTION DEBUG iter 200] WARNING: 14/20 actions clipped (network saturating)
[RLAMPSO DEBUG iter 200] w=0.3000, c1=2.9726, c2=0.0000 | fitness=2470.31
[REWARD DEBUG iter 200] FitnessImprovement: 0.0012 → Reward: +0.0003 (prevFit=2470.31, currFit=2470.31)
[REWARD DEBUG] Improvement: 0.0004 → Reward: +0.0001
[REWARD DEBUG] Improvement: 0.3498 → Reward: +0.0651
[REWARD DEBUG] Improvement: 0.1084 → Reward: +0.0223
[REWARD DEBUG] Improvement: 0.0103 → Reward: +0.0022
[REWARD DEBUG] Improvement: 0.3108 → Reward: +0.0588
[REWARD DEBUG] Improvement: 0.0362 → Reward: +0.0077
[REWARD DEBUG] Improvement: 0.6684 → Reward: +0.1112
[ACTION DEBUG iter 300] Raw action[1:3]: [-0.9996, 1.0000, -0.9999], noise: 0.0500
[ACTION DEBUG iter 300] WARNING: 6/20 actions clipped (network saturating)
[RLAMPSO DEBUG iter 300] w=0.3000, c1=2.9320, c2=0.0458 | fitness=2450.22
[REWARD DEBUG iter 300] FitnessImprovement: 0.0821 → Reward: +0.0171 (prevFit=2450.22, currFit=2450.14)
[REWARD DEBUG] Improvement: 0.0514 → Reward: +0.0109
[REWARD DEBUG] Improvement: 0.1642 → Reward: +0.0330
[REWARD DEBUG] Improvement: 0.0045 → Reward: +0.0010
[REWARD DEBUG] Improvement: 0.0024 → Reward: +0.0005
[REWARD DEBUG] Improvement: 0.0389 → Reward: +0.0083
[REWARD DEBUG] Stagnation (normal): 0.0000 → Reward: 0.0
[REWARD DEBUG] Improvement: 0.0057 → Reward: +0.0012
[REWARD DEBUG] Improvement: 0.0000 → Reward: +0.0000
[REWARD DEBUG] Improvement: 0.1698 → Reward: +0.0341
[REWARD DEBUG] Improvement: 0.0050 → Reward: +0.0011
[REWARD DEBUG] Improvement: 0.0002 → Reward: +0.0000
[REWARD DEBUG] Improvement: 0.0000 → Reward: +0.0000
[ACTION DEBUG iter 400] Raw action[1:3]: [-0.9996, 1.0000, -0.9999], noise: 0.0500
[ACTION DEBUG iter 400] WARNING: 14/20 actions clipped (network saturating)
[RLAMPSO DEBUG iter 400] w=0.3000, c1=2.9945, c2=0.1347 | fitness=2445.77
[REWARD DEBUG iter 400] FitnessImprovement: 0.0000 → Reward: +0.0000 (prevFit=2445.77, currFit=2445.77)
[REWARD DEBUG] Improvement: 0.0059 → Reward: +0.0013
[REWARD DEBUG] Improvement: 0.0001 → Reward: +0.0000
[REWARD DEBUG] Stagnation (normal): 0.0000 → Reward: 0.0
[REWARD DEBUG] Stagnation (normal): 0.0000 → Reward: 0.0
[ACTION DEBUG iter 500] Raw action[1:3]: [-0.9996, 1.0000, -0.9999], noise: 0.0500
[ACTION DEBUG iter 500] WARNING: 12/20 actions clipped (network saturating)
[RLAMPSO DEBUG iter 500] w=0.3000, c1=3.0000, c2=0.0000 | fitness=2442.55
[REWARD DEBUG iter 500] FitnessImprovement: 0.2327 → Reward: +0.0454 (prevFit=2442.55, currFit=2442.31)
[REWARD DEBUG] Stagnation (normal): 0.0000 → Reward: 0.0
[REWARD DEBUG] Stagnation (normal): 0.0000 → Reward: 0.0
[REWARD DEBUG] Improvement: 0.0016 → Reward: +0.0003
[REWARD DEBUG] Improvement: 0.0001 → Reward: +0.0000
[REWARD DEBUG] Improvement: 0.0077 → Reward: +0.0017
[ACTION DEBUG iter 600] Raw action[1:3]: [-0.9996, 1.0000, -0.9999], noise: 0.0500
[ACTION DEBUG iter 600] WARNING: 10/20 actions clipped (network saturating)
[RLAMPSO DEBUG iter 600] w=0.3000, c1=3.0000, c2=0.0132 | fitness=2440.29
[REWARD DEBUG iter 600] FitnessImprovement: 0.0001 → Reward: +0.0000 (prevFit=2440.29, currFit=2440.29)
[Ep  35/1000] Fit:  2440.3 | Avg:  2176.2 | Reward: -125.3 | Time:  58.9s
          Buffer: 17278 | Noise: 0.0839 | ActorLoss: -7.763e+00 | CriticLoss: 6.951e-02
[REWARD DEBUG] Improvement: 3.8697 → Reward: +0.3437
[REWARD DEBUG] Improvement: 0.0003 → Reward: +0.0001
[REWARD DEBUG] Improvement: 0.8588 → Reward: +0.1346
[REWARD DEBUG] Improvement: 0.7014 → Reward: +0.1154
[REWARD DEBUG] Improvement: 0.1477 → Reward: +0.0299
[ACTION DEBUG iter 100] Raw action[1:3]: [-0.9996, 1.0000, -0.9999], noise: 0.0500
[ACTION DEBUG iter 100] WARNING: 9/20 actions clipped (network saturating)
[RLAMPSO DEBUG iter 100] w=0.3000, c1=2.9674, c2=0.0487 | fitness=3548.52
[REWARD DEBUG iter 100] FitnessImprovement: 1.7676 → Reward: +0.2211 (prevFit=3548.52, currFit=3546.76)
[REWARD DEBUG] Improvement: 0.0078 → Reward: +0.0017
[REWARD DEBUG] Improvement: 1.7431 → Reward: +0.2191
[REWARD DEBUG] Improvement: 0.0000 → Reward: +0.0000
[REWARD DEBUG] Improvement: 0.0000 → Reward: +0.0000
[ACTION DEBUG iter 200] Raw action[1:3]: [-0.9996, 1.0000, -0.9999], noise: 0.0500
[ACTION DEBUG iter 200] WARNING: 10/20 actions clipped (network saturating)
[RLAMPSO DEBUG iter 200] w=0.3023, c1=2.9959, c2=0.0000 | fitness=3516.39
[REWARD DEBUG iter 200] FitnessImprovement: 0.0001 → Reward: +0.0000 (prevFit=3516.39, currFit=3516.39)
[REWARD DEBUG] Improvement: 7.6471 → Reward: +0.4684
[ACTION DEBUG iter 300] Raw action[1:3]: [-0.9996, 1.0000, -0.9999], noise: 0.0500
[ACTION DEBUG iter 300] WARNING: 10/20 actions clipped (network saturating)
[RLAMPSO DEBUG iter 300] w=0.3037, c1=2.9728, c2=0.0000 | fitness=3479.19
[REWARD DEBUG iter 300] FitnessImprovement: 0.0210 → Reward: +0.0045 (prevFit=3479.19, currFit=3479.17)
[REWARD DEBUG] Improvement: 0.3605 → Reward: +0.0668
[REWARD DEBUG] Improvement: 2.2311 → Reward: +0.2547
[REWARD DEBUG] Improvement: 0.2012 → Reward: +0.0398
[REWARD DEBUG] Improvement: 1.5110 → Reward: +0.1999
[REWARD DEBUG] Stagnation (normal): 0.0000 → Reward: 0.0
[ACTION DEBUG iter 400] Raw action[1:3]: [-0.9996, 1.0000, -0.9999], noise: 0.0500
[ACTION DEBUG iter 400] WARNING: 11/20 actions clipped (network saturating)
[RLAMPSO DEBUG iter 400] w=0.3325, c1=3.0000, c2=0.0000 | fitness=3114.91
[REWARD DEBUG iter 400] FitnessImprovement: 0.0000 → Reward: +0.0000 (prevFit=3114.91, currFit=3114.91)
[REWARD DEBUG] Improvement: 0.0114 → Reward: +0.0025
[REWARD DEBUG] Improvement: 0.0042 → Reward: +0.0009
[REWARD DEBUG] Improvement: 0.0360 → Reward: +0.0077
[REWARD DEBUG] Improvement: 2.9402 → Reward: +0.2978
[REWARD DEBUG] Improvement: 0.0000 → Reward: +0.0000
[REWARD DEBUG] Improvement: 0.0000 → Reward: +0.0000
[REWARD DEBUG] Stagnation (normal): 0.0000 → Reward: 0.0
[REWARD DEBUG] Improvement: 0.9463 → Reward: +0.1446
[REWARD DEBUG] Improvement: 0.0330 → Reward: +0.0070
[ACTION DEBUG iter 500] Raw action[1:3]: [-0.9996, 1.0000, -0.9999], noise: 0.0500
[ACTION DEBUG iter 500] WARNING: 9/20 actions clipped (network saturating)
[RLAMPSO DEBUG iter 500] w=0.3442, c1=2.9860, c2=0.0417 | fitness=3048.04
[REWARD DEBUG iter 500] FitnessImprovement: 0.2742 → Reward: +0.0526 (prevFit=3048.04, currFit=3047.77)
[REWARD DEBUG] Improvement: 0.1089 → Reward: +0.0224
[REWARD DEBUG] Improvement: 0.0000 → Reward: +0.0000
[REWARD DEBUG] Stagnation (normal): 0.0000 → Reward: 0.0
[REWARD DEBUG] Stagnation (normal): 0.0000 → Reward: 0.0
[ACTION DEBUG iter 600] Raw action[1:3]: [-0.9996, 1.0000, -0.9999], noise: 0.0500
[ACTION DEBUG iter 600] WARNING: 11/20 actions clipped (network saturating)
[RLAMPSO DEBUG iter 600] w=0.3407, c1=2.9744, c2=0.0037 | fitness=2760.47
[REWARD DEBUG iter 600] FitnessImprovement: 16.5439 → Reward: +0.6221 (prevFit=2760.47, currFit=2743.93)
[Ep  36/1000] Fit:  2743.9 | Avg:  2260.0 | Reward: -209.1 | Time:  50.8s
          Buffer: 17828 | Noise: 0.0835 | ActorLoss: -6.804e+00 | CriticLoss: 5.916e-02
[REWARD DEBUG] Stagnation (normal): 0.0000 → Reward: 0.0
[REWARD DEBUG] Stagnation (normal): 0.0000 → Reward: 0.0
[REWARD DEBUG] Stagnation (normal): 0.0000 → Reward: 0.0
[REWARD DEBUG] Stagnation (normal): 0.0000 → Reward: 0.0
[REWARD DEBUG] Stagnation (normal): 0.0000 → Reward: 0.0
[REWARD DEBUG] Stagnation (normal): 0.0000 → Reward: 0.0
[REWARD DEBUG] Stagnation (normal): 0.0000 → Reward: 0.0
[REWARD DEBUG] Improvement: 0.0599 → Reward: +0.0126
[REWARD DEBUG] Improvement: 9.9636 → Reward: +0.5200
[ACTION DEBUG iter 100] Raw action[1:3]: [-0.9996, 1.0000, -0.9999], noise: 0.0500
[ACTION DEBUG iter 100] WARNING: 9/20 actions clipped (network saturating)
[RLAMPSO DEBUG iter 100] w=0.3229, c1=3.0000, c2=0.0000 | fitness=2419.33
[REWARD DEBUG iter 100] FitnessImprovement: 0.0025 → Reward: +0.0005 (prevFit=2419.33, currFit=2419.33)
[REWARD DEBUG] Improvement: 0.0000 → Reward: +0.0000
[REWARD DEBUG] Improvement: 2.0904 → Reward: +0.2450
[REWARD DEBUG] Stagnation (normal): 0.0000 → Reward: 0.0
[REWARD DEBUG] Improvement: 0.0027 → Reward: +0.0006
[REWARD DEBUG] Improvement: 0.0001 → Reward: +0.0000
[REWARD DEBUG] Improvement: 0.1426 → Reward: +0.0289
[ACTION DEBUG iter 200] Raw action[1:3]: [-0.9996, 1.0000, -0.9999], noise: 0.0500
[ACTION DEBUG iter 200] WARNING: 10/20 actions clipped (network saturating)
[RLAMPSO DEBUG iter 200] w=0.3033, c1=2.9965, c2=0.0000 | fitness=2269.68
[REWARD DEBUG iter 200] FitnessImprovement: 0.0358 → Reward: +0.0076 (prevFit=2269.68, currFit=2269.64)
[REWARD DEBUG] Stagnation (normal): 0.0000 → Reward: 0.0
[REWARD DEBUG] Stagnation (normal): 0.0000 → Reward: 0.0
[REWARD DEBUG] Stagnation (normal): 0.0000 → Reward: 0.0
[REWARD DEBUG] Improvement: 0.0192 → Reward: +0.0041
[REWARD DEBUG] Stagnation (normal): 0.0000 → Reward: 0.0
[ACTION DEBUG iter 300] Raw action[1:3]: [-0.9996, 1.0000, -0.9999], noise: 0.0500
[ACTION DEBUG iter 300] WARNING: 13/20 actions clipped (network saturating)
[RLAMPSO DEBUG iter 300] w=0.3273, c1=3.0000, c2=0.0269 | fitness=2248.56
[REWARD DEBUG iter 300] FitnessImprovement: 0.0091 → Reward: +0.0020 (prevFit=2248.56, currFit=2248.55)
[REWARD DEBUG] Improvement: 0.0329 → Reward: +0.0070
[REWARD DEBUG] Improvement: 0.0002 → Reward: +0.0000
[ACTION DEBUG iter 400] Raw action[1:3]: [-0.9996, 1.0000, -0.9999], noise: 0.0500
[ACTION DEBUG iter 400] WARNING: 6/20 actions clipped (network saturating)
[RLAMPSO DEBUG iter 400] w=0.3063, c1=2.9490, c2=0.0000 | fitness=2235.26
[REWARD DEBUG iter 400] FitnessImprovement: 0.4210 → Reward: +0.0763 (prevFit=2235.26, currFit=2234.84)
[REWARD DEBUG] Stagnation (normal): 0.0000 → Reward: 0.0
[REWARD DEBUG] Improvement: 0.0000 → Reward: +0.0000
[REWARD DEBUG] Improvement: 0.0000 → Reward: +0.0000
[REWARD DEBUG] Improvement: 0.0000 → Reward: +0.0000
[REWARD DEBUG] Improvement: 0.0043 → Reward: +0.0009
[ACTION DEBUG iter 500] Raw action[1:3]: [-0.9996, 1.0000, -0.9999], noise: 0.0500
[ACTION DEBUG iter 500] WARNING: 12/20 actions clipped (network saturating)
[RLAMPSO DEBUG iter 500] w=0.3294, c1=2.9602, c2=0.0870 | fitness=2232.14
[REWARD DEBUG iter 500] FitnessImprovement: 0.0000 → Reward: +0.0000 (prevFit=2232.14, currFit=2232.14)
[REWARD DEBUG] Improvement: 0.0001 → Reward: +0.0000
[REWARD DEBUG] Improvement: 0.0002 → Reward: +0.0000
[REWARD DEBUG] Improvement: 0.0080 → Reward: +0.0017
[REWARD DEBUG] Improvement: 0.0047 → Reward: +0.0010
[REWARD DEBUG] Improvement: 0.0295 → Reward: +0.0063
[REWARD DEBUG] Improvement: 0.0042 → Reward: +0.0009
[ACTION DEBUG iter 600] Raw action[1:3]: [-0.9996, 1.0000, -0.9999], noise: 0.0500
[ACTION DEBUG iter 600] WARNING: 14/20 actions clipped (network saturating)
[RLAMPSO DEBUG iter 600] w=0.3000, c1=2.9763, c2=0.0000 | fitness=2230.98
[REWARD DEBUG iter 600] FitnessImprovement: 0.0052 → Reward: +0.0011 (prevFit=2230.98, currFit=2230.97)
[Ep  37/1000] Fit:  2231.0 | Avg:  2291.0 | Reward: -240.1 | Time:  48.6s
          Buffer: 18378 | Noise: 0.0831 | ActorLoss: -5.897e+00 | CriticLoss: 7.232e-02
[REWARD DEBUG] Improvement: 3.1124 → Reward: +0.3070
[REWARD DEBUG] Stagnation (normal): 0.0000 → Reward: 0.0
[REWARD DEBUG] Improvement: 0.9728 → Reward: +0.1475
[ACTION DEBUG iter 100] Raw action[1:3]: [-0.9996, 1.0000, -0.9999], noise: 0.0500
[ACTION DEBUG iter 100] WARNING: 11/20 actions clipped (network saturating)
[RLAMPSO DEBUG iter 100] w=0.3422, c1=2.9542, c2=0.0342 | fitness=3827.90
[REWARD DEBUG iter 100] FitnessImprovement: 0.3502 → Reward: +0.0652 (prevFit=3827.90, currFit=3827.55)
[REWARD DEBUG] Improvement: 0.0027 → Reward: +0.0006
[REWARD DEBUG] Improvement: 0.1130 → Reward: +0.0233
[REWARD DEBUG] Stagnation (normal): 0.0000 → Reward: 0.0
[REWARD DEBUG] Stagnation (normal): 0.0000 → Reward: 0.0
[REWARD DEBUG] Stagnation (normal): 0.0000 → Reward: 0.0
[REWARD DEBUG] Stagnation (normal): 0.0000 → Reward: 0.0
[ACTION DEBUG iter 200] Raw action[1:3]: [-0.9995, 1.0000, -0.9999], noise: 0.0500
[ACTION DEBUG iter 200] WARNING: 9/20 actions clipped (network saturating)
[RLAMPSO DEBUG iter 200] w=0.3133, c1=2.8903, c2=0.0586 | fitness=3449.74
[REWARD DEBUG iter 200] FitnessImprovement: 7.6314 → Reward: +0.4680 (prevFit=3449.74, currFit=3442.10)
[REWARD DEBUG] Improvement: 1.1078 → Reward: +0.1619
[REWARD DEBUG] Stagnation (normal): 0.0000 → Reward: 0.0
[REWARD DEBUG] Stagnation (normal): 0.0000 → Reward: 0.0
[ACTION DEBUG iter 300] Raw action[1:3]: [-0.9995, 1.0000, -0.9999], noise: 0.0500
[ACTION DEBUG iter 300] WARNING: 7/20 actions clipped (network saturating)
[RLAMPSO DEBUG iter 300] w=0.3037, c1=3.0000, c2=0.0764 | fitness=3252.18
[REWARD DEBUG iter 300] FitnessImprovement: 4.5717 → Reward: +0.3730 (prevFit=3252.18, currFit=3247.61)
[REWARD DEBUG] Stagnation (normal): 0.0000 → Reward: 0.0
[REWARD DEBUG] Improvement: 2.1560 → Reward: +0.2496
[REWARD DEBUG] Improvement: 0.0023 → Reward: +0.0005
[REWARD DEBUG] Stagnation (normal): 0.0000 → Reward: 0.0
[ACTION DEBUG iter 400] Raw action[1:3]: [-0.9995, 1.0000, -0.9999], noise: 0.0500
[ACTION DEBUG iter 400] WARNING: 9/20 actions clipped (network saturating)
[RLAMPSO DEBUG iter 400] w=0.3293, c1=3.0000, c2=0.0000 | fitness=3050.69
[REWARD DEBUG iter 400] FitnessImprovement: 0.0143 → Reward: +0.0031 (prevFit=3050.69, currFit=3050.68)
[REWARD DEBUG] Stagnation (normal): 0.0000 → Reward: 0.0
[REWARD DEBUG] Improvement: 0.0005 → Reward: +0.0001
[REWARD DEBUG] Stagnation (normal): 0.0000 → Reward: 0.0
[REWARD DEBUG] Stagnation (normal): 0.0000 → Reward: 0.0
[REWARD DEBUG] Stagnation (normal): 0.0000 → Reward: 0.0
[REWARD DEBUG] Stagnation (normal): 0.0000 → Reward: 0.0
[REWARD DEBUG] Stagnation (normal): 0.0000 → Reward: 0.0
[REWARD DEBUG] Stagnation (normal): 0.0000 → Reward: 0.0
[ACTION DEBUG iter 500] Raw action[1:3]: [-0.9998, 1.0000, -1.0000], noise: 0.0500
[ACTION DEBUG iter 500] WARNING: 8/20 actions clipped (network saturating)
[RLAMPSO DEBUG iter 500] w=0.3096, c1=3.0000, c2=0.0904 | fitness=2967.21
[REWARD DEBUG] Stagnation (normal): 0.0000 → Reward: 0.0
[REWARD DEBUG iter 500] FitnessImprovement: 0.0000 → Reward: +0.0000 (prevFit=2967.21, currFit=2967.21)
[REWARD DEBUG] Stagnation (normal): 0.0000 → Reward: 0.0
[REWARD DEBUG] Stagnation (normal): 0.0000 → Reward: 0.0
[REWARD DEBUG] Improvement: 0.0000 → Reward: +0.0000
[REWARD DEBUG] Improvement: 0.0025 → Reward: +0.0005
[REWARD DEBUG] Stagnation (normal): 0.0000 → Reward: 0.0
[ACTION DEBUG iter 600] Raw action[1:3]: [-0.9999, 1.0000, -1.0000], noise: 0.0500
[ACTION DEBUG iter 600] WARNING: 13/20 actions clipped (network saturating)
[RLAMPSO DEBUG iter 600] w=0.3408, c1=3.0000, c2=0.1669 | fitness=2933.29
[REWARD DEBUG iter 600] FitnessImprovement: 0.0000 → Reward: +0.0000 (prevFit=2933.29, currFit=2933.29)
[Ep  38/1000] Fit:  2933.3 | Avg:  2378.3 | Reward: -327.3 | Time:  51.3s
          Buffer: 18928 | Noise: 0.0827 | ActorLoss: -6.403e+00 | CriticLoss: 1.409e-01
[REWARD DEBUG] Improvement: 0.0033 → Reward: +0.0007
[REWARD DEBUG] Stagnation (normal): 0.0000 → Reward: 0.0
[REWARD DEBUG] Improvement: 6.5316 → Reward: +0.4384
[REWARD DEBUG] Improvement: 2.5324 → Reward: +0.2740
[REWARD DEBUG] Improvement: 0.5457 → Reward: +0.0946
[ACTION DEBUG iter 100] Raw action[1:3]: [-0.9999, 1.0000, -1.0000], noise: 0.0500
[ACTION DEBUG iter 100] WARNING: 8/20 actions clipped (network saturating)
[RLAMPSO DEBUG iter 100] w=0.3114, c1=3.0000, c2=0.0969 | fitness=2951.47
[REWARD DEBUG iter 100] FitnessImprovement: 0.0004 → Reward: +0.0001 (prevFit=2951.47, currFit=2951.47)
[REWARD DEBUG] Improvement: 0.0043 → Reward: +0.0009
[REWARD DEBUG] Improvement: 6.8004 → Reward: +0.4461
[REWARD DEBUG] Improvement: 0.3910 → Reward: +0.0717
[REWARD DEBUG] Improvement: 0.0002 → Reward: +0.0001
[REWARD DEBUG] Improvement: 0.3916 → Reward: +0.0718
[REWARD DEBUG] Improvement: 0.0140 → Reward: +0.0030
[REWARD DEBUG] Improvement: 0.0013 → Reward: +0.0003
[REWARD DEBUG] Improvement: 0.0001 → Reward: +0.0000
[ACTION DEBUG iter 200] Raw action[1:3]: [-0.9999, 1.0000, -1.0000], noise: 0.0500
[ACTION DEBUG iter 200] WARNING: 10/20 actions clipped (network saturating)
[RLAMPSO DEBUG iter 200] w=0.3000, c1=3.0000, c2=0.0349 | fitness=2804.39
[REWARD DEBUG iter 200] FitnessImprovement: 0.0000 → Reward: +0.0000 (prevFit=2804.39, currFit=2804.39)
[REWARD DEBUG] Improvement: 0.0295 → Reward: +0.0063
[REWARD DEBUG] Improvement: 0.0069 → Reward: +0.0015
[REWARD DEBUG] Improvement: 0.3214 → Reward: +0.0605
[REWARD DEBUG] Improvement: 0.1017 → Reward: +0.0210
[REWARD DEBUG] Improvement: 0.0305 → Reward: +0.0065
[ACTION DEBUG iter 300] Raw action[1:3]: [-0.9999, 1.0000, -1.0000], noise: 0.0500
[ACTION DEBUG iter 300] WARNING: 9/20 actions clipped (network saturating)
[RLAMPSO DEBUG iter 300] w=0.3000, c1=2.9006, c2=0.0578 | fitness=2792.65
[REWARD DEBUG iter 300] FitnessImprovement: 0.2410 → Reward: +0.0469 (prevFit=2792.65, currFit=2792.40)
[REWARD DEBUG] Improvement: 0.0024 → Reward: +0.0005
[REWARD DEBUG] Improvement: 0.5890 → Reward: +0.1006
[REWARD DEBUG] Improvement: 0.3051 → Reward: +0.0578
[REWARD DEBUG] Improvement: 0.0963 → Reward: +0.0200
[REWARD DEBUG] Improvement: 0.2952 → Reward: +0.0562
[REWARD DEBUG] Improvement: 0.0014 → Reward: +0.0003
[REWARD DEBUG] Improvement: 0.0798 → Reward: +0.0167
[ACTION DEBUG iter 400] Raw action[1:3]: [-0.9999, 1.0000, -1.0000], noise: 0.0500
[ACTION DEBUG iter 400] WARNING: 9/20 actions clipped (network saturating)
[RLAMPSO DEBUG iter 400] w=0.3000, c1=2.9167, c2=0.0000 | fitness=2784.03
[REWARD DEBUG iter 400] FitnessImprovement: 0.0212 → Reward: +0.0045 (prevFit=2784.03, currFit=2784.01)
[REWARD DEBUG] Improvement: 0.0195 → Reward: +0.0042
[REWARD DEBUG] Stagnation (normal): 0.0000 → Reward: 0.0
[REWARD DEBUG] Improvement: 0.0000 → Reward: +0.0000
[REWARD DEBUG] Stagnation (normal): 0.0000 → Reward: 0.0
[ACTION DEBUG iter 500] Raw action[1:3]: [-0.9999, 1.0000, -1.0000], noise: 0.0500
[ACTION DEBUG iter 500] WARNING: 13/20 actions clipped (network saturating)
[RLAMPSO DEBUG iter 500] w=0.3000, c1=2.9214, c2=0.0000 | fitness=2782.63
[REWARD DEBUG iter 500] FitnessImprovement: 0.0079 → Reward: +0.0017 (prevFit=2782.63, currFit=2782.62)
[REWARD DEBUG] Improvement: 0.0014 → Reward: +0.0003
[REWARD DEBUG] Improvement: 0.0000 → Reward: +0.0000
[REWARD DEBUG] Improvement: 0.0000 → Reward: +0.0000
[REWARD DEBUG] Stagnation (normal): 0.0000 → Reward: 0.0
[REWARD DEBUG] Stagnation (normal): 0.0000 → Reward: 0.0
[REWARD DEBUG] Stagnation (normal): 0.0000 → Reward: 0.0
[REWARD DEBUG] Stagnation (normal): 0.0000 → Reward: 0.0
[ACTION DEBUG iter 600] Raw action[1:3]: [-0.9999, 1.0000, -1.0000], noise: 0.0500
[ACTION DEBUG iter 600] WARNING: 9/20 actions clipped (network saturating)
[RLAMPSO DEBUG iter 600] w=0.3305, c1=3.0000, c2=0.0000 | fitness=2781.82
[REWARD DEBUG iter 600] FitnessImprovement: 0.0000 → Reward: +0.0000 (prevFit=2781.82, currFit=2781.82)
[Ep  39/1000] Fit:  2781.8 | Avg:  2455.3 | Reward: -404.4 | Time:  54.1s
          Buffer: 19478 | Noise: 0.0822 | ActorLoss: -7.309e+00 | CriticLoss: 1.991e-01
[REWARD DEBUG] Stagnation (normal): 0.0000 → Reward: 0.0
[REWARD DEBUG] Improvement: 0.7098 → Reward: +0.1165
[REWARD DEBUG] Improvement: 0.0006 → Reward: +0.0001
[REWARD DEBUG] Improvement: 18.0938 → Reward: +0.6404
[REWARD DEBUG] Improvement: 0.0273 → Reward: +0.0058
[ACTION DEBUG iter 100] Raw action[1:3]: [-0.9999, 1.0000, -1.0000], noise: 0.0500
[ACTION DEBUG iter 100] WARNING: 12/20 actions clipped (network saturating)
[RLAMPSO DEBUG iter 100] w=0.3256, c1=2.9335, c2=0.0000 | fitness=2544.08
[REWARD DEBUG iter 100] FitnessImprovement: 0.5367 → Reward: +0.0933 (prevFit=2544.08, currFit=2543.54)
[REWARD DEBUG] Improvement: 4.1327 → Reward: +0.3552
[REWARD DEBUG] Improvement: 0.6835 → Reward: +0.1131
[REWARD DEBUG] Improvement: 1.9702 → Reward: +0.2364
[REWARD DEBUG] Improvement: 1.1858 → Reward: +0.1698
[REWARD DEBUG] Improvement: 0.3012 → Reward: +0.0572
[ACTION DEBUG iter 200] Raw action[1:3]: [-0.9999, 1.0000, -1.0000], noise: 0.0500
[ACTION DEBUG iter 200] WARNING: 9/20 actions clipped (network saturating)
[RLAMPSO DEBUG iter 200] w=0.3000, c1=2.9212, c2=0.0088 | fitness=2358.55
[REWARD DEBUG iter 200] FitnessImprovement: 0.0024 → Reward: +0.0005 (prevFit=2358.55, currFit=2358.55)
[REWARD DEBUG] Improvement: 1.7079 → Reward: +0.2163
[REWARD DEBUG] Improvement: 0.0007 → Reward: +0.0001
[REWARD DEBUG] Improvement: 0.0232 → Reward: +0.0050
[REWARD DEBUG] Improvement: 0.0000 → Reward: +0.0000
[ACTION DEBUG iter 300] Raw action[1:3]: [-0.9999, 1.0000, -1.0000], noise: 0.0500
[ACTION DEBUG iter 300] WARNING: 11/20 actions clipped (network saturating)
[RLAMPSO DEBUG iter 300] w=0.3000, c1=3.0000, c2=0.0019 | fitness=2320.99
[REWARD DEBUG] Stagnation (normal): 0.0000 → Reward: 0.0
[REWARD DEBUG iter 300] FitnessImprovement: 0.0000 → Reward: +0.0000 (prevFit=2320.99, currFit=2320.99)
[REWARD DEBUG] Stagnation (normal): 0.0000 → Reward: 0.0
[REWARD DEBUG] Improvement: 0.0012 → Reward: +0.0003
[REWARD DEBUG] Improvement: 0.5253 → Reward: +0.0917
[ACTION DEBUG iter 400] Raw action[1:3]: [-1.0000, 1.0000, -1.0000], noise: 0.0500
[ACTION DEBUG iter 400] WARNING: 12/20 actions clipped (network saturating)
[RLAMPSO DEBUG iter 400] w=0.3000, c1=2.9297, c2=0.0000 | fitness=2303.78
[REWARD DEBUG iter 400] FitnessImprovement: 0.2874 → Reward: +0.0549 (prevFit=2303.78, currFit=2303.49)
[REWARD DEBUG] Improvement: 0.0279 → Reward: +0.0060
[REWARD DEBUG] Stagnation (normal): 0.0000 → Reward: 0.0
[REWARD DEBUG] Improvement: 0.0436 → Reward: +0.0093
[REWARD DEBUG] Improvement: 0.0136 → Reward: +0.0029
[ACTION DEBUG iter 500] Raw action[1:3]: [-1.0000, 1.0000, -1.0000], noise: 0.0500
[ACTION DEBUG iter 500] WARNING: 10/20 actions clipped (network saturating)
[RLAMPSO DEBUG iter 500] w=0.3000, c1=2.9550, c2=0.0593 | fitness=2295.78
[REWARD DEBUG iter 500] FitnessImprovement: 0.0002 → Reward: +0.0001 (prevFit=2295.78, currFit=2295.78)
[REWARD DEBUG] Improvement: 0.0014 → Reward: +0.0003
[REWARD DEBUG] Improvement: 0.0002 → Reward: +0.0001
[REWARD DEBUG] Improvement: 0.0000 → Reward: +0.0000
[REWARD DEBUG] Improvement: 0.0111 → Reward: +0.0024
[REWARD DEBUG] Improvement: 0.0215 → Reward: +0.0046
[REWARD DEBUG] Improvement: 0.0000 → Reward: +0.0000
[ACTION DEBUG iter 600] Raw action[1:3]: [-1.0000, 1.0000, -1.0000], noise: 0.0500
[ACTION DEBUG iter 600] WARNING: 13/20 actions clipped (network saturating)
[RLAMPSO DEBUG iter 600] w=0.3000, c1=3.0000, c2=0.1113 | fitness=2292.56
[REWARD DEBUG] Improvement: 0.0045 → Reward: +0.0010
[REWARD DEBUG iter 600] FitnessImprovement: 0.0045 → Reward: +0.0010 (prevFit=2292.56, currFit=2292.55)

=== CURRICULUM ADVANCEMENT ===
Advanced from Level 2 (Medium) to Level 3 (Hard)
Success Rate: 100.0% (threshold: 80.0%)
Total Episodes: 40
==============================

[Ep  40/1000] Fit:  2292.6 | Avg:  2477.7 | Reward: -426.8 | Time:  47.8s
          Buffer: 20028 | Noise: 0.0818 | ActorLoss: -8.270e+00 | CriticLoss: 7.106e-02
[REWARD DEBUG] Improvement: 514.6602 → Reward: +1.0000
[REWARD DEBUG] Improvement: 6.5084 → Reward: +0.4378
[REWARD DEBUG] Improvement: 8.7699 → Reward: +0.4949
[REWARD DEBUG] Improvement: 7.6268 → Reward: +0.4679
[ACTION DEBUG iter 100] Raw action[1:3]: [-1.0000, 1.0000, -1.0000], noise: 0.0500
[ACTION DEBUG iter 100] WARNING: 10/20 actions clipped (network saturating)
[RLAMPSO DEBUG iter 100] w=0.3040, c1=3.0000, c2=0.0334 | fitness=2705.53
[REWARD DEBUG iter 100] FitnessImprovement: 1.1093 → Reward: +0.1621 (prevFit=2705.53, currFit=2704.42)
[REWARD DEBUG] Improvement: 0.0007 → Reward: +0.0001
[REWARD DEBUG] Improvement: 0.3860 → Reward: +0.0709
[REWARD DEBUG] Improvement: 5.3950 → Reward: +0.4029
[REWARD DEBUG] Improvement: 0.0652 → Reward: +0.0137
[REWARD DEBUG] Improvement: 0.4048 → Reward: +0.0738
[ACTION DEBUG iter 200] Raw action[1:3]: [-1.0000, 1.0000, -1.0000], noise: 0.0500
[ACTION DEBUG iter 200] WARNING: 11/20 actions clipped (network saturating)
[RLAMPSO DEBUG iter 200] w=0.3000, c1=3.0000, c2=0.0000 | fitness=2519.68
[REWARD DEBUG] Improvement: 0.5176 → Reward: +0.0906
[REWARD DEBUG iter 200] FitnessImprovement: 0.5176 → Reward: +0.0906 (prevFit=2519.68, currFit=2519.16)
[REWARD DEBUG] Improvement: 0.0000 → Reward: +0.0000
[REWARD DEBUG] Improvement: 0.0210 → Reward: +0.0045
[REWARD DEBUG] Improvement: 0.0000 → Reward: +0.0000
[REWARD DEBUG] Improvement: 0.2647 → Reward: +0.0510
[ACTION DEBUG iter 300] Raw action[1:3]: [-1.0000, 1.0000, -1.0000], noise: 0.0500
[ACTION DEBUG iter 300] WARNING: 11/20 actions clipped (network saturating)
[RLAMPSO DEBUG iter 300] w=0.3000, c1=2.9992, c2=0.0803 | fitness=2348.54
[REWARD DEBUG iter 300] FitnessImprovement: 2.0181 → Reward: +0.2399 (prevFit=2348.54, currFit=2346.52)
[REWARD DEBUG] Improvement: 0.2079 → Reward: +0.0410
[REWARD DEBUG] Improvement: 0.7729 → Reward: +0.1243
[REWARD DEBUG] Improvement: 0.0713 → Reward: +0.0150
[REWARD DEBUG] Improvement: 2.6209 → Reward: +0.2794
[REWARD DEBUG] Improvement: 0.0008 → Reward: +0.0002
[ACTION DEBUG iter 400] Raw action[1:3]: [-1.0000, 1.0000, -1.0000], noise: 0.0500
[ACTION DEBUG iter 400] WARNING: 8/20 actions clipped (network saturating)
[RLAMPSO DEBUG iter 400] w=0.3206, c1=2.9820, c2=0.0000 | fitness=2325.80
[REWARD DEBUG iter 400] FitnessImprovement: 0.0004 → Reward: +0.0001 (prevFit=2325.80, currFit=2325.80)
[REWARD DEBUG] Stagnation (normal): 0.0000 → Reward: 0.0
[REWARD DEBUG] Stagnation (normal): 0.0000 → Reward: 0.0
[REWARD DEBUG] Stagnation (normal): 0.0000 → Reward: 0.0
[REWARD DEBUG] Improvement: 1.1419 → Reward: +0.1654
[REWARD DEBUG] Improvement: 0.1251 → Reward: +0.0256
[REWARD DEBUG] Improvement: 0.0013 → Reward: +0.0003
[ACTION DEBUG iter 500] Raw action[1:3]: [-1.0000, 1.0000, -1.0000], noise: 0.0500
[ACTION DEBUG iter 500] WARNING: 7/20 actions clipped (network saturating)
[RLAMPSO DEBUG iter 500] w=0.3217, c1=2.9470, c2=0.1528 | fitness=2315.51
[REWARD DEBUG iter 500] FitnessImprovement: 0.0011 → Reward: +0.0002 (prevFit=2315.51, currFit=2315.51)
[REWARD DEBUG] Improvement: 0.6035 → Reward: +0.1025
[REWARD DEBUG] Improvement: 0.0181 → Reward: +0.0039
[ACTION DEBUG iter 600] Raw action[1:3]: [-1.0000, 1.0000, -1.0000], noise: 0.0500
[ACTION DEBUG iter 600] WARNING: 5/20 actions clipped (network saturating)
[RLAMPSO DEBUG iter 600] w=0.3227, c1=2.9747, c2=0.0374 | fitness=2309.60
[REWARD DEBUG iter 600] FitnessImprovement: 0.0035 → Reward: +0.0007 (prevFit=2309.60, currFit=2309.60)
[Ep  41/1000] Fit:  2309.6 | Avg:  2467.2 | Reward: -416.3 | Time:  79.5s
          Buffer: 20578 | Noise: 0.0814 | ActorLoss: -7.415e+00 | CriticLoss: 1.083e-01
[REWARD DEBUG] Improvement: 0.7051 → Reward: +0.1159
[REWARD DEBUG] Improvement: 0.0208 → Reward: +0.0045
[REWARD DEBUG] Improvement: 0.4530 → Reward: +0.0811
[REWARD DEBUG] Improvement: 0.8685 → Reward: +0.1357
[REWARD DEBUG] Improvement: 3.4329 → Reward: +0.3233
[REWARD DEBUG] Improvement: 0.2544 → Reward: +0.0492
[REWARD DEBUG] Improvement: 0.1891 → Reward: +0.0376
[REWARD DEBUG] Improvement: 2.8138 → Reward: +0.2907
[ACTION DEBUG iter 100] Raw action[1:3]: [-1.0000, 1.0000, -1.0000], noise: 0.0500
[ACTION DEBUG iter 100] WARNING: 8/20 actions clipped (network saturating)
[RLAMPSO DEBUG iter 100] w=0.3394, c1=2.9445, c2=0.0000 | fitness=2812.64
[REWARD DEBUG iter 100] FitnessImprovement: 7.1668 → Reward: +0.4560 (prevFit=2812.64, currFit=2805.48)
[REWARD DEBUG] Improvement: 0.0081 → Reward: +0.0018
[REWARD DEBUG] Improvement: 0.0000 → Reward: +0.0000
[ACTION DEBUG iter 200] Raw action[1:3]: [-1.0000, 1.0000, -1.0000], noise: 0.0500
[ACTION DEBUG iter 200] WARNING: 9/20 actions clipped (network saturating)
[RLAMPSO DEBUG iter 200] w=0.3162, c1=2.9819, c2=0.0341 | fitness=2739.95
[REWARD DEBUG iter 200] FitnessImprovement: 0.2279 → Reward: +0.0446 (prevFit=2739.95, currFit=2739.72)
[REWARD DEBUG] Improvement: 0.2640 → Reward: +0.0509
[REWARD DEBUG] Improvement: 0.0003 → Reward: +0.0001
[REWARD DEBUG] Improvement: 0.0009 → Reward: +0.0002
[ACTION DEBUG iter 300] Raw action[1:3]: [-1.0000, 1.0000, -1.0000], noise: 0.0500
[ACTION DEBUG iter 300] WARNING: 10/20 actions clipped (network saturating)
[RLAMPSO DEBUG iter 300] w=0.3000, c1=3.0000, c2=0.0000 | fitness=2715.84
[REWARD DEBUG iter 300] FitnessImprovement: 0.5551 → Reward: +0.0959 (prevFit=2715.84, currFit=2715.28)
[REWARD DEBUG] Improvement: 0.8448 → Reward: +0.1330
[REWARD DEBUG] Improvement: 0.0007 → Reward: +0.0002
[REWARD DEBUG] Improvement: 0.2230 → Reward: +0.0437
[REWARD DEBUG] Improvement: 0.0003 → Reward: +0.0001
[ACTION DEBUG iter 400] Raw action[1:3]: [-1.0000, 1.0000, -1.0000], noise: 0.0500
[ACTION DEBUG iter 400] WARNING: 13/20 actions clipped (network saturating)
[RLAMPSO DEBUG iter 400] w=0.3000, c1=3.0000, c2=0.0000 | fitness=2706.56
[REWARD DEBUG iter 400] FitnessImprovement: 0.0107 → Reward: +0.0023 (prevFit=2706.56, currFit=2706.55)
[REWARD DEBUG] Stagnation (normal): 0.0000 → Reward: 0.0
[REWARD DEBUG] Improvement: 0.2346 → Reward: +0.0458
[REWARD DEBUG] Improvement: 0.0167 → Reward: +0.0036
[REWARD DEBUG] Improvement: 0.0002 → Reward: +0.0000
[REWARD DEBUG] Stagnation (normal): 0.0000 → Reward: 0.0
[REWARD DEBUG] Improvement: 0.0191 → Reward: +0.0041
[REWARD DEBUG] Improvement: 0.0012 → Reward: +0.0003
[REWARD DEBUG] Improvement: 0.0000 → Reward: +0.0000
[ACTION DEBUG iter 500] Raw action[1:3]: [-1.0000, 1.0000, -1.0000], noise: 0.0500
[ACTION DEBUG iter 500] WARNING: 9/20 actions clipped (network saturating)
[RLAMPSO DEBUG iter 500] w=0.3026, c1=2.8880, c2=0.0000 | fitness=2703.76
[REWARD DEBUG iter 500] FitnessImprovement: 0.0001 → Reward: +0.0000 (prevFit=2703.76, currFit=2703.76)
[REWARD DEBUG] Improvement: 0.0000 → Reward: +0.0000
[REWARD DEBUG] Improvement: 0.0617 → Reward: +0.0130
[REWARD DEBUG] Improvement: 0.0191 → Reward: +0.0041
[REWARD DEBUG] Improvement: 0.0035 → Reward: +0.0008
[REWARD DEBUG] Improvement: 0.0478 → Reward: +0.0101
[ACTION DEBUG iter 600] Raw action[1:3]: [-1.0000, 1.0000, -1.0000], noise: 0.0500
[ACTION DEBUG iter 600] WARNING: 12/20 actions clipped (network saturating)
[RLAMPSO DEBUG iter 600] w=0.3088, c1=3.0000, c2=0.0000 | fitness=2697.12
[REWARD DEBUG iter 600] FitnessImprovement: 0.0004 → Reward: +0.0001 (prevFit=2697.12, currFit=2697.12)
[Ep  42/1000] Fit:  2697.1 | Avg:  2519.5 | Reward: -468.6 | Time:  77.2s
          Buffer: 21128 | Noise: 0.0810 | ActorLoss: -8.280e+00 | CriticLoss: 1.186e-01
[REWARD DEBUG] Improvement: 0.0000 → Reward: +0.0000
[REWARD DEBUG] Improvement: 15.8321 → Reward: +0.6131
[REWARD DEBUG] Improvement: 13.0897 → Reward: +0.5745
[ACTION DEBUG iter 100] Raw action[1:3]: [-1.0000, 1.0000, -1.0000], noise: 0.0500
[ACTION DEBUG iter 100] WARNING: 11/20 actions clipped (network saturating)
[RLAMPSO DEBUG iter 100] w=0.3000, c1=2.9294, c2=0.0121 | fitness=2407.82
[REWARD DEBUG iter 100] FitnessImprovement: 0.0032 → Reward: +0.0007 (prevFit=2407.82, currFit=2407.81)
[REWARD DEBUG] Stagnation (normal): 0.0000 → Reward: 0.0
[REWARD DEBUG] Stagnation (normal): 0.0000 → Reward: 0.0
[REWARD DEBUG] Improvement: 0.6463 → Reward: +0.1083
[REWARD DEBUG] Improvement: 0.0962 → Reward: +0.0199
[REWARD DEBUG] Improvement: 0.0003 → Reward: +0.0001
[REWARD DEBUG] Improvement: 0.0000 → Reward: +0.0000
[REWARD DEBUG] Improvement: 0.4148 → Reward: +0.0753
[REWARD DEBUG] Improvement: 0.8644 → Reward: +0.1353
[REWARD DEBUG] Improvement: 0.0439 → Reward: +0.0093
[REWARD DEBUG] Improvement: 0.0058 → Reward: +0.0013
[ACTION DEBUG iter 200] Raw action[1:3]: [-1.0000, 1.0000, -1.0000], noise: 0.0500
[ACTION DEBUG iter 200] WARNING: 10/20 actions clipped (network saturating)
[RLAMPSO DEBUG iter 200] w=0.3000, c1=3.0000, c2=0.1017 | fitness=2359.09
[REWARD DEBUG iter 200] FitnessImprovement: 0.0240 → Reward: +0.0051 (prevFit=2359.09, currFit=2359.06)
[REWARD DEBUG] Improvement: 0.0009 → Reward: +0.0002
[REWARD DEBUG] Improvement: 0.1032 → Reward: +0.0213
[REWARD DEBUG] Improvement: 0.0028 → Reward: +0.0006
[REWARD DEBUG] Improvement: 0.0500 → Reward: +0.0106
[REWARD DEBUG] Stagnation (normal): 0.0000 → Reward: 0.0
[REWARD DEBUG] Stagnation (normal): 0.0000 → Reward: 0.0
[ACTION DEBUG iter 300] Raw action[1:3]: [-1.0000, 1.0000, -1.0000], noise: 0.0500
[ACTION DEBUG iter 300] WARNING: 10/20 actions clipped (network saturating)
[RLAMPSO DEBUG iter 300] w=0.3015, c1=2.9689, c2=0.0000 | fitness=2342.97
[REWARD DEBUG iter 300] FitnessImprovement: 0.0318 → Reward: +0.0068 (prevFit=2342.97, currFit=2342.94)
[REWARD DEBUG] Improvement: 0.0013 → Reward: +0.0003
[REWARD DEBUG] Improvement: 0.0106 → Reward: +0.0023
[REWARD DEBUG] Improvement: 0.0207 → Reward: +0.0045
[REWARD DEBUG] Improvement: 0.1571 → Reward: +0.0317
[REWARD DEBUG] Stagnation (normal): 0.0000 → Reward: 0.0
[REWARD DEBUG] Improvement: 0.0001 → Reward: +0.0000
[ACTION DEBUG iter 400] Raw action[1:3]: [-1.0000, 1.0000, -1.0000], noise: 0.0500
[ACTION DEBUG iter 400] WARNING: 12/20 actions clipped (network saturating)
[RLAMPSO DEBUG iter 400] w=0.3000, c1=3.0000, c2=0.0000 | fitness=2341.51
[REWARD DEBUG iter 400] FitnessImprovement: 0.0022 → Reward: +0.0005 (prevFit=2341.51, currFit=2341.51)
[REWARD DEBUG] Improvement: 0.0002 → Reward: +0.0000
[REWARD DEBUG] Improvement: 0.0014 → Reward: +0.0003
[ACTION DEBUG iter 500] Raw action[1:3]: [-1.0000, 1.0000, -1.0000], noise: 0.0500
[ACTION DEBUG iter 500] WARNING: 12/20 actions clipped (network saturating)
[RLAMPSO DEBUG iter 500] w=0.3111, c1=3.0000, c2=0.0000 | fitness=2340.83
[REWARD DEBUG iter 500] FitnessImprovement: 0.0008 → Reward: +0.0002 (prevFit=2340.83, currFit=2340.83)
[REWARD DEBUG] Improvement: 0.0079 → Reward: +0.0017
[REWARD DEBUG] Improvement: 0.0000 → Reward: +0.0000
[REWARD DEBUG] Improvement: 0.0000 → Reward: +0.0000
[REWARD DEBUG] Improvement: 0.0000 → Reward: +0.0000
[REWARD DEBUG] Improvement: 0.0002 → Reward: +0.0000
[REWARD DEBUG] Improvement: 0.0102 → Reward: +0.0022
[ACTION DEBUG iter 600] Raw action[1:3]: [-1.0000, 1.0000, -1.0000], noise: 0.0500
[ACTION DEBUG iter 600] WARNING: 10/20 actions clipped (network saturating)
[RLAMPSO DEBUG iter 600] w=0.3000, c1=3.0000, c2=0.0000 | fitness=2340.11
[REWARD DEBUG iter 600] FitnessImprovement: 0.0001 → Reward: +0.0000 (prevFit=2340.11, currFit=2340.11)
[Ep  43/1000] Fit:  2340.1 | Avg:  2527.3 | Reward: -476.4 | Time:  86.1s
          Buffer: 21678 | Noise: 0.0806 | ActorLoss: -9.489e+00 | CriticLoss: 1.271e-01
[REWARD DEBUG] Improvement: 67.0532 → Reward: +0.9164
[REWARD DEBUG] Stagnation (normal): 0.0000 → Reward: 0.0
[ACTION DEBUG iter 100] Raw action[1:3]: [-1.0000, 1.0000, -1.0000], noise: 0.0500
[ACTION DEBUG iter 100] WARNING: 12/20 actions clipped (network saturating)
[RLAMPSO DEBUG iter 100] w=0.3000, c1=2.8921, c2=0.0000 | fitness=3001.58
[REWARD DEBUG iter 100] FitnessImprovement: 0.1028 → Reward: +0.0213 (prevFit=3001.58, currFit=3001.48)
[REWARD DEBUG] Improvement: 0.1998 → Reward: +0.0396
[REWARD DEBUG] Improvement: 0.8243 → Reward: +0.1305
[REWARD DEBUG] Improvement: 0.0004 → Reward: +0.0001
[REWARD DEBUG] Improvement: 0.0367 → Reward: +0.0078
[ACTION DEBUG iter 200] Raw action[1:3]: [-1.0000, 1.0000, -1.0000], noise: 0.0500
[ACTION DEBUG iter 200] WARNING: 11/20 actions clipped (network saturating)
[RLAMPSO DEBUG iter 200] w=0.3341, c1=2.9940, c2=0.0000 | fitness=2888.45
[REWARD DEBUG iter 200] FitnessImprovement: 0.6269 → Reward: +0.1057 (prevFit=2888.45, currFit=2887.82)
[REWARD DEBUG] Improvement: 0.0052 → Reward: +0.0011
[REWARD DEBUG] Improvement: 2.0782 → Reward: +0.2441
[REWARD DEBUG] Improvement: 0.0605 → Reward: +0.0127
[REWARD DEBUG] Improvement: 0.0054 → Reward: +0.0012
[REWARD DEBUG] Improvement: 0.0000 → Reward: +0.0000
[REWARD DEBUG] Improvement: 0.4211 → Reward: +0.0763
[ACTION DEBUG iter 300] Raw action[1:3]: [-1.0000, 1.0000, -1.0000], noise: 0.0500
[ACTION DEBUG iter 300] WARNING: 9/20 actions clipped (network saturating)
[RLAMPSO DEBUG iter 300] w=0.3044, c1=2.9873, c2=0.0200 | fitness=2877.83
[REWARD DEBUG iter 300] FitnessImprovement: 0.0032 → Reward: +0.0007 (prevFit=2877.83, currFit=2877.83)
[REWARD DEBUG] Improvement: 0.0000 → Reward: +0.0000
[ACTION DEBUG iter 400] Raw action[1:3]: [-1.0000, 1.0000, -1.0000], noise: 0.0500
[ACTION DEBUG iter 400] WARNING: 10/20 actions clipped (network saturating)
[RLAMPSO DEBUG iter 400] w=0.3104, c1=3.0000, c2=0.0000 | fitness=2853.60
[REWARD DEBUG iter 400] FitnessImprovement: 1.7751 → Reward: +0.2216 (prevFit=2853.60, currFit=2851.82)
[REWARD DEBUG] Improvement: 1.3772 → Reward: +0.1880
[REWARD DEBUG] Improvement: 0.0014 → Reward: +0.0003
[REWARD DEBUG] Improvement: 6.2056 → Reward: +0.4288
[REWARD DEBUG] Improvement: 0.1327 → Reward: +0.0270
[REWARD DEBUG] Stagnation (normal): 0.0000 → Reward: 0.0
[REWARD DEBUG] Stagnation (normal): 0.0000 → Reward: 0.0
[REWARD DEBUG] Stagnation (normal): 0.0000 → Reward: 0.0
[REWARD DEBUG] Stagnation (normal): 0.0000 → Reward: 0.0
[REWARD DEBUG] Stagnation (normal): 0.0000 → Reward: 0.0
[REWARD DEBUG] Stagnation (normal): 0.0000 → Reward: 0.0
[REWARD DEBUG] Stagnation (normal): 0.0000 → Reward: 0.0
[REWARD DEBUG] Stagnation (normal): 0.0000 → Reward: 0.0
[ACTION DEBUG iter 500] Raw action[1:3]: [-1.0000, 1.0000, -1.0000], noise: 0.0500
[ACTION DEBUG iter 500] WARNING: 9/20 actions clipped (network saturating)
[RLAMPSO DEBUG iter 500] w=0.3000, c1=3.0000, c2=0.0000 | fitness=2836.00
[REWARD DEBUG iter 500] FitnessImprovement: 0.0000 → Reward: +0.0000 (prevFit=2836.00, currFit=2836.00)
[REWARD DEBUG] Stagnation (normal): 0.0000 → Reward: 0.0
[REWARD DEBUG] Stagnation (normal): 0.0000 → Reward: 0.0
[REWARD DEBUG] Stagnation (normal): 0.0000 → Reward: 0.0
[REWARD DEBUG] Stagnation (normal): 0.0000 → Reward: 0.0
[REWARD DEBUG] Improvement: 0.2137 → Reward: +0.0421
[REWARD DEBUG] Improvement: 0.0110 → Reward: +0.0024
[REWARD DEBUG] Improvement: 0.0229 → Reward: +0.0049
[REWARD DEBUG] Improvement: 0.0001 → Reward: +0.0000
[REWARD DEBUG] Stagnation (normal): 0.0000 → Reward: 0.0
[ACTION DEBUG iter 600] Raw action[1:3]: [-1.0000, 1.0000, -1.0000], noise: 0.0500
[ACTION DEBUG iter 600] WARNING: 11/20 actions clipped (network saturating)
[RLAMPSO DEBUG iter 600] w=0.3097, c1=3.0000, c2=0.0000 | fitness=2833.76
[REWARD DEBUG iter 600] FitnessImprovement: 0.0283 → Reward: +0.0061 (prevFit=2833.76, currFit=2833.73)
[Ep  44/1000] Fit:  2833.7 | Avg:  2560.3 | Reward: -509.4 | Time:  87.0s
          Buffer: 22228 | Noise: 0.0802 | ActorLoss: -1.007e+01 | CriticLoss: 3.580e-01
[REWARD DEBUG] Improvement: 0.2373 → Reward: +0.0462
[REWARD DEBUG] Improvement: 5.5847 → Reward: +0.4093
[REWARD DEBUG] Improvement: 1.7153 → Reward: +0.2169
[REWARD DEBUG] Stagnation (normal): 0.0000 → Reward: 0.0
[REWARD DEBUG] Improvement: 10.6080 → Reward: +0.5324
[REWARD DEBUG] Improvement: 7.2805 → Reward: +0.4590
[REWARD DEBUG] Improvement: 0.2279 → Reward: +0.0446
[REWARD DEBUG] Improvement: 4.4691 → Reward: +0.3690
[REWARD DEBUG] Improvement: 1.1320 → Reward: +0.1644
[REWARD DEBUG] Stagnation (normal): 0.0000 → Reward: 0.0
[ACTION DEBUG iter 100] Raw action[1:3]: [-1.0000, 1.0000, -1.0000], noise: 0.0500
[ACTION DEBUG iter 100] WARNING: 10/20 actions clipped (network saturating)
[RLAMPSO DEBUG iter 100] w=0.3000, c1=2.9258, c2=0.0202 | fitness=3142.52
[REWARD DEBUG iter 100] FitnessImprovement: 0.4865 → Reward: +0.0861 (prevFit=3142.52, currFit=3142.04)
[REWARD DEBUG] Improvement: 7.8564 → Reward: +0.4736
[REWARD DEBUG] Improvement: 0.5726 → Reward: +0.0983
[REWARD DEBUG] Improvement: 0.2825 → Reward: +0.0540
[REWARD DEBUG] Improvement: 12.0033 → Reward: +0.5570
[REWARD DEBUG] Improvement: 10.9767 → Reward: +0.5392
[REWARD DEBUG] Improvement: 0.3828 → Reward: +0.0704
[REWARD DEBUG] Improvement: 0.0080 → Reward: +0.0017
[REWARD DEBUG] Improvement: 0.0393 → Reward: +0.0084
[REWARD DEBUG] Improvement: 0.0036 → Reward: +0.0008
[REWARD DEBUG] Improvement: 15.8826 → Reward: +0.6137
[REWARD DEBUG] Improvement: 0.6371 → Reward: +0.1070
[REWARD DEBUG] Improvement: 1.1217 → Reward: +0.1633
[ACTION DEBUG iter 200] Raw action[1:3]: [-1.0000, 1.0000, -1.0000], noise: 0.0500
[ACTION DEBUG iter 200] WARNING: 12/20 actions clipped (network saturating)
[RLAMPSO DEBUG iter 200] w=0.3000, c1=3.0000, c2=0.0366 | fitness=2685.95
[REWARD DEBUG iter 200] FitnessImprovement: 0.1102 → Reward: +0.0227 (prevFit=2685.95, currFit=2685.84)
[REWARD DEBUG] Improvement: 0.0000 → Reward: +0.0000
[REWARD DEBUG] Improvement: 0.1646 → Reward: +0.0331
[REWARD DEBUG] Improvement: 4.2294 → Reward: +0.3592
[REWARD DEBUG] Improvement: 6.0247 → Reward: +0.4233
[REWARD DEBUG] Improvement: 0.1014 → Reward: +0.0210
[REWARD DEBUG] Improvement: 0.0687 → Reward: +0.0144
[REWARD DEBUG] Improvement: 0.0006 → Reward: +0.0001
[REWARD DEBUG] Improvement: 0.0003 → Reward: +0.0001
[ACTION DEBUG iter 300] Raw action[1:3]: [-1.0000, 1.0000, -1.0000], noise: 0.0500
[ACTION DEBUG iter 300] WARNING: 7/20 actions clipped (network saturating)
[RLAMPSO DEBUG iter 300] w=0.3038, c1=2.8996, c2=0.0000 | fitness=2561.19
[REWARD DEBUG iter 300] FitnessImprovement: 2.3679 → Reward: +0.2637 (prevFit=2561.19, currFit=2558.82)
[REWARD DEBUG] Improvement: 0.0615 → Reward: +0.0130
[REWARD DEBUG] Improvement: 0.0000 → Reward: +0.0000
[REWARD DEBUG] Stagnation (normal): 0.0000 → Reward: 0.0
[REWARD DEBUG] Improvement: 0.0729 → Reward: +0.0153
[REWARD DEBUG] Improvement: 0.0012 → Reward: +0.0003
[REWARD DEBUG] Improvement: 1.2625 → Reward: +0.1773
[REWARD DEBUG] Improvement: 0.0715 → Reward: +0.0150
[ACTION DEBUG iter 400] Raw action[1:3]: [-1.0000, 1.0000, -1.0000], noise: 0.0500
[ACTION DEBUG iter 400] WARNING: 11/20 actions clipped (network saturating)
[RLAMPSO DEBUG iter 400] w=0.3000, c1=3.0000, c2=0.0000 | fitness=2523.04
[REWARD DEBUG iter 400] FitnessImprovement: 0.2897 → Reward: +0.0552 (prevFit=2523.04, currFit=2522.75)
[REWARD DEBUG] Improvement: 0.1105 → Reward: +0.0228
[REWARD DEBUG] Improvement: 1.6087 → Reward: +0.2082
[REWARD DEBUG] Improvement: 0.0036 → Reward: +0.0008
[REWARD DEBUG] Stagnation (normal): 0.0000 → Reward: 0.0
[REWARD DEBUG] Improvement: 0.0049 → Reward: +0.0011
[ACTION DEBUG iter 500] Raw action[1:3]: [-1.0000, 1.0000, -1.0000], noise: 0.0500
[ACTION DEBUG iter 500] WARNING: 8/20 actions clipped (network saturating)
[RLAMPSO DEBUG iter 500] w=0.3251, c1=3.0000, c2=0.0000 | fitness=2505.20
[REWARD DEBUG iter 500] FitnessImprovement: 0.0002 → Reward: +0.0000 (prevFit=2505.20, currFit=2505.20)
[REWARD DEBUG] Improvement: 0.0028 → Reward: +0.0006
[REWARD DEBUG] Improvement: 0.1162 → Reward: +0.0239
[REWARD DEBUG] Improvement: 0.0012 → Reward: +0.0003
[REWARD DEBUG] Improvement: 0.0773 → Reward: +0.0162
[REWARD DEBUG] Improvement: 0.0357 → Reward: +0.0076
[REWARD DEBUG] Improvement: 0.0107 → Reward: +0.0023
[ACTION DEBUG iter 600] Raw action[1:3]: [-1.0000, 1.0000, -1.0000], noise: 0.0500
[ACTION DEBUG iter 600] WARNING: 10/20 actions clipped (network saturating)
[RLAMPSO DEBUG iter 600] w=0.3000, c1=3.0000, c2=0.0000 | fitness=2487.68
[REWARD DEBUG] Improvement: 0.0002 → Reward: +0.0000
[REWARD DEBUG iter 600] FitnessImprovement: 0.0002 → Reward: +0.0000 (prevFit=2487.68, currFit=2487.68)
[Ep  45/1000] Fit:  2487.7 | Avg:  2565.1 | Reward: -514.2 | Time:  91.2s
          Buffer: 22778 | Noise: 0.0798 | ActorLoss: -1.353e+01 | CriticLoss: 1.525e-01
[REWARD DEBUG] Improvement: 0.0104 → Reward: +0.0022
[REWARD DEBUG] Improvement: 6.3651 → Reward: +0.4336
[REWARD DEBUG] Improvement: 2.3966 → Reward: +0.2655
[REWARD DEBUG] Improvement: 61.3324 → Reward: +0.8974
[REWARD DEBUG] Stagnation (normal): 0.0000 → Reward: 0.0
[REWARD DEBUG] Stagnation (normal): 0.0000 → Reward: 0.0
[REWARD DEBUG] Improvement: 5.5974 → Reward: +0.4097
[REWARD DEBUG] Improvement: 15.7247 → Reward: +0.6117
[REWARD DEBUG] Improvement: 0.1933 → Reward: +0.0384
[ACTION DEBUG iter 100] Raw action[1:3]: [-1.0000, 1.0000, -1.0000], noise: 0.0500
[ACTION DEBUG iter 100] WARNING: 12/20 actions clipped (network saturating)
[RLAMPSO DEBUG iter 100] w=0.3058, c1=3.0000, c2=0.0000 | fitness=2982.29
[REWARD DEBUG iter 100] FitnessImprovement: 0.0415 → Reward: +0.0088 (prevFit=2982.29, currFit=2982.24)
[REWARD DEBUG] Improvement: 2.6953 → Reward: +0.2838
[REWARD DEBUG] Improvement: 5.2923 → Reward: +0.3994
[REWARD DEBUG] Improvement: 10.5654 → Reward: +0.5316
[REWARD DEBUG] Improvement: 0.0561 → Reward: +0.0118
[REWARD DEBUG] Improvement: 0.0016 → Reward: +0.0003
[ACTION DEBUG iter 200] Raw action[1:3]: [-1.0000, 1.0000, -1.0000], noise: 0.0500
[ACTION DEBUG iter 200] WARNING: 10/20 actions clipped (network saturating)
[RLAMPSO DEBUG iter 200] w=0.3000, c1=3.0000, c2=0.0011 | fitness=2864.14
[REWARD DEBUG iter 200] FitnessImprovement: 0.0001 → Reward: +0.0000 (prevFit=2864.14, currFit=2864.14)
[REWARD DEBUG] Improvement: 0.0000 → Reward: +0.0000
[REWARD DEBUG] Improvement: 0.0514 → Reward: +0.0109
[REWARD DEBUG] Improvement: 1.6620 → Reward: +0.2126
[REWARD DEBUG] Improvement: 0.0076 → Reward: +0.0016
[REWARD DEBUG] Improvement: 0.4458 → Reward: +0.0801
[REWARD DEBUG] Improvement: 0.2863 → Reward: +0.0547
[REWARD DEBUG] Improvement: 0.0317 → Reward: +0.0068
[REWARD DEBUG] Improvement: 0.0003 → Reward: +0.0001
[REWARD DEBUG] Improvement: 0.3361 → Reward: +0.0629
[ACTION DEBUG iter 300] Raw action[1:3]: [-1.0000, 1.0000, -1.0000], noise: 0.0500
[ACTION DEBUG iter 300] WARNING: 9/20 actions clipped (network saturating)
[RLAMPSO DEBUG iter 300] w=0.3084, c1=2.8766, c2=0.0845 | fitness=2828.16
[REWARD DEBUG iter 300] FitnessImprovement: 0.0001 → Reward: +0.0000 (prevFit=2828.16, currFit=2828.16)
[REWARD DEBUG] Improvement: 0.1769 → Reward: +0.0354
[REWARD DEBUG] Improvement: 0.4152 → Reward: +0.0754
[REWARD DEBUG] Improvement: 0.1584 → Reward: +0.0319
[REWARD DEBUG] Improvement: 0.0002 → Reward: +0.0000
[REWARD DEBUG] Improvement: 0.2048 → Reward: +0.0405
[ACTION DEBUG iter 400] Raw action[1:3]: [-1.0000, 1.0000, -1.0000], noise: 0.0500
[ACTION DEBUG iter 400] WARNING: 11/20 actions clipped (network saturating)
[RLAMPSO DEBUG iter 400] w=0.3145, c1=2.9557, c2=0.0000 | fitness=2779.05
[REWARD DEBUG iter 400] FitnessImprovement: 0.0002 → Reward: +0.0000 (prevFit=2779.05, currFit=2779.05)
[REWARD DEBUG] Improvement: 0.0000 → Reward: +0.0000
[REWARD DEBUG] Stagnation (normal): 0.0000 → Reward: 0.0
[REWARD DEBUG] Improvement: 0.9336 → Reward: +0.1432
[REWARD DEBUG] Improvement: 0.0094 → Reward: +0.0020
[REWARD DEBUG] Stagnation (normal): 0.0000 → Reward: 0.0
[REWARD DEBUG] Stagnation (normal): 0.0000 → Reward: 0.0
[REWARD DEBUG] Stagnation (normal): 0.0000 → Reward: 0.0
[REWARD DEBUG] Improvement: 0.3410 → Reward: +0.0637
[REWARD DEBUG] Improvement: 0.1055 → Reward: +0.0218
[REWARD DEBUG] Improvement: 0.0495 → Reward: +0.0105
[ACTION DEBUG iter 500] Raw action[1:3]: [-1.0000, 1.0000, -1.0000], noise: 0.0500
[ACTION DEBUG iter 500] WARNING: 10/20 actions clipped (network saturating)
[RLAMPSO DEBUG iter 500] w=0.3063, c1=2.9261, c2=0.0000 | fitness=2771.05
[REWARD DEBUG iter 500] FitnessImprovement: 0.0003 → Reward: +0.0001 (prevFit=2771.05, currFit=2771.05)
[REWARD DEBUG] Stagnation (normal): 0.0000 → Reward: 0.0
[REWARD DEBUG] Improvement: 0.0001 → Reward: +0.0000
[REWARD DEBUG] Improvement: 0.0000 → Reward: +0.0000
[REWARD DEBUG] Improvement: 0.0045 → Reward: +0.0010
[REWARD DEBUG] Improvement: 0.1062 → Reward: +0.0219
[ACTION DEBUG iter 600] Raw action[1:3]: [-1.0000, 1.0000, -1.0000], noise: 0.0500
[ACTION DEBUG iter 600] WARNING: 11/20 actions clipped (network saturating)
[RLAMPSO DEBUG iter 600] w=0.3324, c1=2.9929, c2=0.0000 | fitness=2768.53
[REWARD DEBUG iter 600] FitnessImprovement: 0.0000 → Reward: +0.0000 (prevFit=2768.53, currFit=2768.53)
[Ep  46/1000] Fit:  2768.5 | Avg:  2567.5 | Reward: -516.6 | Time:  89.7s
          Buffer: 23328 | Noise: 0.0794 | ActorLoss: -8.894e+00 | CriticLoss: 2.062e-01
[REWARD DEBUG] Stagnation (normal): 0.0000 → Reward: 0.0
[REWARD DEBUG] Improvement: 1.0070 → Reward: +0.1513
[REWARD DEBUG] Improvement: 30.3471 → Reward: +0.7481
[ACTION DEBUG iter 100] Raw action[1:3]: [-1.0000, 1.0000, -1.0000], noise: 0.0500
[ACTION DEBUG iter 100] WARNING: 8/20 actions clipped (network saturating)
[RLAMPSO DEBUG iter 100] w=0.3037, c1=3.0000, c2=0.0754 | fitness=2910.08
[REWARD DEBUG iter 100] FitnessImprovement: 3.2976 → Reward: +0.3166 (prevFit=2910.08, currFit=2906.78)
[REWARD DEBUG] Improvement: 1.0014 → Reward: +0.1507
[REWARD DEBUG] Stagnation (normal): 0.0000 → Reward: 0.0
[REWARD DEBUG] Improvement: 1.1514 → Reward: +0.1664
[REWARD DEBUG] Stagnation (normal): 0.0000 → Reward: 0.0
[REWARD DEBUG] Improvement: 0.2041 → Reward: +0.0403
[REWARD DEBUG] Improvement: 0.0025 → Reward: +0.0005
[ACTION DEBUG iter 200] Raw action[1:3]: [-1.0000, 1.0000, -1.0000], noise: 0.0500
[ACTION DEBUG iter 200] WARNING: 13/20 actions clipped (network saturating)
[RLAMPSO DEBUG iter 200] w=0.3000, c1=3.0000, c2=0.0000 | fitness=2562.02
[REWARD DEBUG iter 200] FitnessImprovement: 1.4032 → Reward: +0.1904 (prevFit=2562.02, currFit=2560.61)
[REWARD DEBUG] Improvement: 0.0450 → Reward: +0.0096
[REWARD DEBUG] Improvement: 17.8631 → Reward: +0.6378
[REWARD DEBUG] Improvement: 0.1110 → Reward: +0.0229
[REWARD DEBUG] Improvement: 2.0651 → Reward: +0.2432
[REWARD DEBUG] Improvement: 1.2227 → Reward: +0.1734
[REWARD DEBUG] Improvement: 0.0000 → Reward: +0.0000
[REWARD DEBUG] Stagnation (normal): 0.0000 → Reward: 0.0
[ACTION DEBUG iter 300] Raw action[1:3]: [-1.0000, 1.0000, -1.0000], noise: 0.0500
[ACTION DEBUG iter 300] WARNING: 9/20 actions clipped (network saturating)
[RLAMPSO DEBUG iter 300] w=0.3000, c1=2.8344, c2=0.0193 | fitness=2346.09
[REWARD DEBUG iter 300] FitnessImprovement: 0.8138 → Reward: +0.1293 (prevFit=2346.09, currFit=2345.27)
[REWARD DEBUG] Improvement: 0.0071 → Reward: +0.0015
[REWARD DEBUG] Stagnation (normal): 0.0000 → Reward: 0.0
[REWARD DEBUG] Improvement: 0.7879 → Reward: +0.1262
[REWARD DEBUG] Improvement: 0.0046 → Reward: +0.0010
[REWARD DEBUG] Stagnation (normal): 0.0000 → Reward: 0.0
[ACTION DEBUG iter 400] Raw action[1:3]: [-1.0000, 1.0000, -1.0000], noise: 0.0500
[ACTION DEBUG iter 400] WARNING: 8/20 actions clipped (network saturating)
[RLAMPSO DEBUG iter 400] w=0.3062, c1=3.0000, c2=0.0000 | fitness=2325.79
[REWARD DEBUG iter 400] FitnessImprovement: 0.0551 → Reward: +0.0116 (prevFit=2325.79, currFit=2325.74)
[REWARD DEBUG] Improvement: 0.1036 → Reward: +0.0214
[REWARD DEBUG] Improvement: 0.0000 → Reward: +0.0000
[REWARD DEBUG] Improvement: 0.8917 → Reward: +0.1384
[REWARD DEBUG] Improvement: 0.0000 → Reward: +0.0000
[REWARD DEBUG] Improvement: 0.0096 → Reward: +0.0021
[REWARD DEBUG] Improvement: 0.0020 → Reward: +0.0004
[ACTION DEBUG iter 500] Raw action[1:3]: [-1.0000, 1.0000, -1.0000], noise: 0.0500
[ACTION DEBUG iter 500] WARNING: 6/20 actions clipped (network saturating)
[RLAMPSO DEBUG iter 500] w=0.3240, c1=2.9489, c2=0.0314 | fitness=2312.36
[REWARD DEBUG iter 500] FitnessImprovement: 0.0608 → Reward: +0.0128 (prevFit=2312.36, currFit=2312.30)
[REWARD DEBUG] Improvement: 0.0001 → Reward: +0.0000
[REWARD DEBUG] Improvement: 0.0472 → Reward: +0.0100
[REWARD DEBUG] Stagnation (normal): 0.0000 → Reward: 0.0
[REWARD DEBUG] Stagnation (normal): 0.0000 → Reward: 0.0
[REWARD DEBUG] Stagnation (normal): 0.0000 → Reward: 0.0
[REWARD DEBUG] Stagnation (normal): 0.0000 → Reward: 0.0
[ACTION DEBUG iter 600] Raw action[1:3]: [-1.0000, 1.0000, -1.0000], noise: 0.0500
[ACTION DEBUG iter 600] WARNING: 12/20 actions clipped (network saturating)
[RLAMPSO DEBUG iter 600] w=0.3000, c1=2.9655, c2=0.0000 | fitness=2275.02
[REWARD DEBUG iter 600] FitnessImprovement: 0.0000 → Reward: +0.0000 (prevFit=2275.02, currFit=2275.02)
[Ep  47/1000] Fit:  2275.0 | Avg:  2571.9 | Reward: -521.0 | Time:  88.3s
          Buffer: 23878 | Noise: 0.0790 | ActorLoss: -9.216e+00 | CriticLoss: 1.001e-01
[REWARD DEBUG] Improvement: 0.4364 → Reward: +0.0786
[REWARD DEBUG] Improvement: 18.6024 → Reward: +0.6462
[REWARD DEBUG] Improvement: 0.0000 → Reward: +0.0000
[REWARD DEBUG] Improvement: 4.9723 → Reward: +0.3881
[ACTION DEBUG iter 100] Raw action[1:3]: [-1.0000, 1.0000, -1.0000], noise: 0.0500
[ACTION DEBUG iter 100] WARNING: 7/20 actions clipped (network saturating)
[RLAMPSO DEBUG iter 100] w=0.3367, c1=2.9761, c2=0.0233 | fitness=2903.17
[REWARD DEBUG iter 100] FitnessImprovement: 7.4202 → Reward: +0.4627 (prevFit=2903.17, currFit=2895.75)
[REWARD DEBUG] Stagnation (normal): 0.0000 → Reward: 0.0
[REWARD DEBUG] Improvement: 0.0050 → Reward: +0.0011
[REWARD DEBUG] Stagnation (normal): 0.0000 → Reward: 0.0
[REWARD DEBUG] Improvement: 5.8737 → Reward: +0.4186
[ACTION DEBUG iter 200] Raw action[1:3]: [-1.0000, 1.0000, -1.0000], noise: 0.0500
[ACTION DEBUG iter 200] WARNING: 7/20 actions clipped (network saturating)
[RLAMPSO DEBUG iter 200] w=0.3229, c1=3.0000, c2=0.0156 | fitness=2641.84
[REWARD DEBUG iter 200] FitnessImprovement: 0.3578 → Reward: +0.0664 (prevFit=2641.84, currFit=2641.48)
[REWARD DEBUG] Improvement: 1.4921 → Reward: +0.1983
[REWARD DEBUG] Improvement: 0.0009 → Reward: +0.0002
[REWARD DEBUG] Improvement: 0.0000 → Reward: +0.0000
[ACTION DEBUG iter 300] Raw action[1:3]: [-1.0000, 1.0000, -1.0000], noise: 0.0500
[ACTION DEBUG iter 300] WARNING: 16/20 actions clipped (network saturating)
[RLAMPSO DEBUG iter 300] w=0.3000, c1=3.0000, c2=0.0000 | fitness=2566.11
[REWARD DEBUG iter 300] FitnessImprovement: 0.0154 → Reward: +0.0033 (prevFit=2566.11, currFit=2566.09)
[REWARD DEBUG] Improvement: 0.0002 → Reward: +0.0001
[REWARD DEBUG] Improvement: 0.0000 → Reward: +0.0000
[ACTION DEBUG iter 400] Raw action[1:3]: [-1.0000, 1.0000, -1.0000], noise: 0.0500
[ACTION DEBUG iter 400] WARNING: 13/20 actions clipped (network saturating)
[RLAMPSO DEBUG iter 400] w=0.3000, c1=2.9770, c2=0.0000 | fitness=2555.96
[REWARD DEBUG iter 400] FitnessImprovement: 0.2416 → Reward: +0.0470 (prevFit=2555.96, currFit=2555.71)
[REWARD DEBUG] Improvement: 0.1381 → Reward: +0.0281
[REWARD DEBUG] Improvement: 0.0043 → Reward: +0.0009
[REWARD DEBUG] Stagnation (normal): 0.0000 → Reward: 0.0
[REWARD DEBUG] Stagnation (normal): 0.0000 → Reward: 0.0
[REWARD DEBUG] Improvement: 0.0154 → Reward: +0.0033
[REWARD DEBUG] Improvement: 7.1715 → Reward: +0.4562
[REWARD DEBUG] Stagnation (normal): 0.0000 → Reward: 0.0
[REWARD DEBUG] Stagnation (normal): 0.0000 → Reward: 0.0
[REWARD DEBUG] Stagnation (normal): 0.0000 → Reward: 0.0
[REWARD DEBUG] Stagnation (normal): 0.0000 → Reward: 0.0
[REWARD DEBUG] Stagnation (normal): 0.0000 → Reward: 0.0
[ACTION DEBUG iter 500] Raw action[1:3]: [-1.0000, 1.0000, -1.0000], noise: 0.0500
[ACTION DEBUG iter 500] WARNING: 8/20 actions clipped (network saturating)
[RLAMPSO DEBUG iter 500] w=0.3166, c1=2.8618, c2=0.0643 | fitness=2532.77
[REWARD DEBUG iter 500] FitnessImprovement: 0.8451 → Reward: +0.1330 (prevFit=2532.77, currFit=2531.93)
[REWARD DEBUG] Stagnation (normal): 0.0000 → Reward: 0.0
[REWARD DEBUG] Improvement: 0.0437 → Reward: +0.0093
[REWARD DEBUG] Stagnation (normal): 0.0000 → Reward: 0.0
[REWARD DEBUG] Stagnation (normal): 0.0000 → Reward: 0.0
[REWARD DEBUG] Stagnation (normal): 0.0000 → Reward: 0.0
[REWARD DEBUG] Stagnation (normal): 0.0000 → Reward: 0.0
[ACTION DEBUG iter 600] Raw action[1:3]: [-1.0000, 1.0000, -1.0000], noise: 0.0500
[ACTION DEBUG iter 600] WARNING: 12/20 actions clipped (network saturating)
[RLAMPSO DEBUG iter 600] w=0.3000, c1=3.0000, c2=0.1241 | fitness=2511.99
[REWARD DEBUG iter 600] FitnessImprovement: 0.0000 → Reward: +0.0000 (prevFit=2511.99, currFit=2511.99)
[Ep  48/1000] Fit:  2512.0 | Avg:  2529.8 | Reward: -478.9 | Time:  75.1s
          Buffer: 24428 | Noise: 0.0786 | ActorLoss: -9.438e+00 | CriticLoss: 2.075e-01
[REWARD DEBUG] Improvement: 0.0000 → Reward: +0.0000
[REWARD DEBUG] Improvement: 24.0314 → Reward: +0.6992
[REWARD DEBUG] Improvement: 90.1113 → Reward: +0.9798
[REWARD DEBUG] Improvement: 0.0001 → Reward: +0.0000
[REWARD DEBUG] Stagnation (normal): 0.0000 → Reward: 0.0
[REWARD DEBUG] Improvement: 0.6114 → Reward: +0.1036
[ACTION DEBUG iter 100] Raw action[1:3]: [-1.0000, 1.0000, -1.0000], noise: 0.0500
[ACTION DEBUG iter 100] WARNING: 9/20 actions clipped (network saturating)
[RLAMPSO DEBUG iter 100] w=0.3000, c1=2.9759, c2=0.0437 | fitness=2753.35
[REWARD DEBUG iter 100] FitnessImprovement: 0.0549 → Reward: +0.0116 (prevFit=2753.35, currFit=2753.29)
[REWARD DEBUG] Improvement: 0.9292 → Reward: +0.1427
[REWARD DEBUG] Improvement: 0.3737 → Reward: +0.0689
[REWARD DEBUG] Improvement: 0.0001 → Reward: +0.0000
[REWARD DEBUG] Improvement: 0.1757 → Reward: +0.0351
[REWARD DEBUG] Improvement: 0.0548 → Reward: +0.0116
[REWARD DEBUG] Improvement: 0.0003 → Reward: +0.0001
[REWARD DEBUG] Improvement: 0.0004 → Reward: +0.0001
[REWARD DEBUG] Improvement: 0.5165 → Reward: +0.0904
[REWARD DEBUG] Improvement: 1.7359 → Reward: +0.2185
[REWARD DEBUG] Improvement: 3.9620 → Reward: +0.3478
[ACTION DEBUG iter 200] Raw action[1:3]: [-1.0000, 1.0000, -1.0000], noise: 0.0500
[ACTION DEBUG iter 200] WARNING: 9/20 actions clipped (network saturating)
[RLAMPSO DEBUG iter 200] w=0.3000, c1=2.9722, c2=0.0147 | fitness=2595.10
[REWARD DEBUG iter 200] FitnessImprovement: 0.8290 → Reward: +0.1311 (prevFit=2595.10, currFit=2594.27)
[REWARD DEBUG] Stagnation (normal): 0.0000 → Reward: 0.0
[REWARD DEBUG] Stagnation (normal): 0.0000 → Reward: 0.0
[REWARD DEBUG] Stagnation (normal): 0.0000 → Reward: 0.0
[REWARD DEBUG] Stagnation (normal): 0.0000 → Reward: 0.0
[REWARD DEBUG] Improvement: 0.5948 → Reward: +0.1014
[REWARD DEBUG] Improvement: 0.0054 → Reward: +0.0012
[REWARD DEBUG] Improvement: 0.6000 → Reward: +0.1021
[REWARD DEBUG] Improvement: 0.0000 → Reward: +0.0000
[REWARD DEBUG] Improvement: 0.2413 → Reward: +0.0469
[REWARD DEBUG] Improvement: 0.0341 → Reward: +0.0073
[ACTION DEBUG iter 300] Raw action[1:3]: [-1.0000, 1.0000, -1.0000], noise: 0.0500
[ACTION DEBUG iter 300] WARNING: 10/20 actions clipped (network saturating)
[RLAMPSO DEBUG iter 300] w=0.3082, c1=2.8739, c2=0.0119 | fitness=2565.95
[REWARD DEBUG iter 300] FitnessImprovement: 0.0220 → Reward: +0.0047 (prevFit=2565.95, currFit=2565.93)
[REWARD DEBUG] Improvement: 0.0236 → Reward: +0.0051
[REWARD DEBUG] Improvement: 0.0236 → Reward: +0.0051
[REWARD DEBUG] Improvement: 0.0354 → Reward: +0.0075
[REWARD DEBUG] Improvement: 0.0306 → Reward: +0.0065
[REWARD DEBUG] Improvement: 0.0036 → Reward: +0.0008
[REWARD DEBUG] Improvement: 5.9492 → Reward: +0.4210
[REWARD DEBUG] Improvement: 2.2448 → Reward: +0.2556
[ACTION DEBUG iter 400] Raw action[1:3]: [-1.0000, 1.0000, -1.0000], noise: 0.0500
[ACTION DEBUG iter 400] WARNING: 9/20 actions clipped (network saturating)
[RLAMPSO DEBUG iter 400] w=0.3040, c1=3.0000, c2=0.0000 | fitness=2481.43
[REWARD DEBUG iter 400] FitnessImprovement: 0.9065 → Reward: +0.1401 (prevFit=2481.43, currFit=2480.52)
[REWARD DEBUG] Stagnation (normal): 0.0000 → Reward: 0.0
[REWARD DEBUG] Stagnation (normal): 0.0000 → Reward: 0.0
[REWARD DEBUG] Improvement: 0.0004 → Reward: +0.0001
[REWARD DEBUG] Improvement: 1.4251 → Reward: +0.1924
[REWARD DEBUG] Improvement: 0.0333 → Reward: +0.0071
[REWARD DEBUG] Improvement: 0.0030 → Reward: +0.0007
[REWARD DEBUG] Improvement: 0.2036 → Reward: +0.0402
[ACTION DEBUG iter 500] Raw action[1:3]: [-1.0000, 1.0000, -1.0000], noise: 0.0500
[ACTION DEBUG iter 500] WARNING: 7/20 actions clipped (network saturating)
[RLAMPSO DEBUG iter 500] w=0.3000, c1=2.8725, c2=0.0000 | fitness=2402.28
[REWARD DEBUG iter 500] FitnessImprovement: 0.0014 → Reward: +0.0003 (prevFit=2402.28, currFit=2402.27)
[REWARD DEBUG] Improvement: 0.0049 → Reward: +0.0011
[REWARD DEBUG] Improvement: 0.7936 → Reward: +0.1269
[REWARD DEBUG] Improvement: 0.0761 → Reward: +0.0159
[REWARD DEBUG] Improvement: 0.0003 → Reward: +0.0001
[ACTION DEBUG iter 600] Raw action[1:3]: [-1.0000, 1.0000, -1.0000], noise: 0.0500
[ACTION DEBUG iter 600] WARNING: 9/20 actions clipped (network saturating)
[RLAMPSO DEBUG iter 600] w=0.3000, c1=2.9182, c2=0.0000 | fitness=2376.73
[REWARD DEBUG iter 600] FitnessImprovement: 0.0396 → Reward: +0.0084 (prevFit=2376.73, currFit=2376.69)
[Ep  49/1000] Fit:  2376.7 | Avg:  2489.3 | Reward: -438.4 | Time:  66.2s
          Buffer: 24978 | Noise: 0.0782 | ActorLoss: -9.798e+00 | CriticLoss: 9.941e-02
[REWARD DEBUG] Improvement: 0.0018 → Reward: +0.0004
[REWARD DEBUG] Improvement: 0.0000 → Reward: +0.0000
[REWARD DEBUG] Stagnation (normal): 0.0000 → Reward: 0.0
[REWARD DEBUG] Stagnation (normal): 0.0000 → Reward: 0.0
[REWARD DEBUG] Stagnation (normal): 0.0000 → Reward: 0.0
[REWARD DEBUG] Stagnation (normal): 0.0000 → Reward: 0.0
[REWARD DEBUG] Stagnation (normal): 0.0000 → Reward: 0.0
[REWARD DEBUG] Stagnation (normal): 0.0000 → Reward: 0.0
[REWARD DEBUG] Stagnation (normal): 0.0000 → Reward: 0.0
[REWARD DEBUG] Stagnation (normal): 0.0000 → Reward: 0.0
[REWARD DEBUG] Stagnation (normal): 0.0000 → Reward: 0.0
[REWARD DEBUG] Stagnation (normal): 0.0000 → Reward: 0.0
[REWARD DEBUG] Stagnation (normal): 0.0000 → Reward: 0.0
[REWARD DEBUG] Stagnation (normal): 0.0000 → Reward: 0.0
[REWARD DEBUG] Stagnation (normal): 0.0000 → Reward: 0.0
[ACTION DEBUG iter 100] Raw action[1:3]: [-1.0000, 1.0000, -1.0000], noise: 0.0500
[ACTION DEBUG iter 100] WARNING: 14/20 actions clipped (network saturating)
[RLAMPSO DEBUG iter 100] w=0.3000, c1=2.9808, c2=0.0000 | fitness=2816.42
[REWARD DEBUG iter 100] FitnessImprovement: 0.0000 → Reward: +0.0000 (prevFit=2816.42, currFit=2816.42)
[REWARD DEBUG] Stagnation (normal): 0.0000 → Reward: 0.0
[REWARD DEBUG] Improvement: 0.2405 → Reward: +0.0468
[REWARD DEBUG] Improvement: 0.0001 → Reward: +0.0000
[REWARD DEBUG] Stagnation (normal): 0.0000 → Reward: 0.0
[REWARD DEBUG] Stagnation (normal): 0.0000 → Reward: 0.0
[REWARD DEBUG] Improvement: 0.3507 → Reward: +0.0653
[REWARD DEBUG] Improvement: 0.0001 → Reward: +0.0000
[ACTION DEBUG iter 200] Raw action[1:3]: [-1.0000, 1.0000, -1.0000], noise: 0.0500
[ACTION DEBUG iter 200] WARNING: 12/20 actions clipped (network saturating)
[RLAMPSO DEBUG iter 200] w=0.3287, c1=2.9650, c2=0.0000 | fitness=2618.87
[REWARD DEBUG iter 200] FitnessImprovement: 0.2918 → Reward: +0.0556 (prevFit=2618.87, currFit=2618.58)
[REWARD DEBUG] Improvement: 4.4430 → Reward: +0.3679
[REWARD DEBUG] Improvement: 0.1459 → Reward: +0.0296
[REWARD DEBUG] Stagnation (normal): 0.0000 → Reward: 0.0
[REWARD DEBUG] Improvement: 0.0296 → Reward: +0.0063
[REWARD DEBUG] Improvement: 0.0356 → Reward: +0.0076
[REWARD DEBUG] Improvement: 0.7150 → Reward: +0.1171
[ACTION DEBUG iter 300] Raw action[1:3]: [-1.0000, 1.0000, -1.0000], noise: 0.0500
[ACTION DEBUG iter 300] WARNING: 10/20 actions clipped (network saturating)
[RLAMPSO DEBUG iter 300] w=0.3299, c1=2.8432, c2=0.0661 | fitness=2558.05
[REWARD DEBUG iter 300] FitnessImprovement: 1.0820 → Reward: +0.1592 (prevFit=2558.05, currFit=2556.97)
[REWARD DEBUG] Improvement: 0.6308 → Reward: +0.1062
[REWARD DEBUG] Improvement: 0.1561 → Reward: +0.0315
[REWARD DEBUG] Improvement: 0.7621 → Reward: +0.1230
[ACTION DEBUG iter 400] Raw action[1:3]: [-1.0000, 1.0000, -1.0000], noise: 0.0500
[ACTION DEBUG iter 400] WARNING: 10/20 actions clipped (network saturating)
[RLAMPSO DEBUG iter 400] w=0.3102, c1=2.9775, c2=0.0000 | fitness=2516.31
[REWARD DEBUG iter 400] FitnessImprovement: 0.0446 → Reward: +0.0095 (prevFit=2516.31, currFit=2516.27)
[REWARD DEBUG] Improvement: 0.0077 → Reward: +0.0017
[REWARD DEBUG] Improvement: 0.0257 → Reward: +0.0055
[REWARD DEBUG] Improvement: 0.0131 → Reward: +0.0028
[REWARD DEBUG] Improvement: 0.8491 → Reward: +0.1335
[REWARD DEBUG] Improvement: 0.0011 → Reward: +0.0002
[REWARD DEBUG] Stagnation (normal): 0.0000 → Reward: 0.0
[ACTION DEBUG iter 500] Raw action[1:3]: [-1.0000, 1.0000, -1.0000], noise: 0.0500
[ACTION DEBUG iter 500] WARNING: 13/20 actions clipped (network saturating)
[RLAMPSO DEBUG iter 500] w=0.3000, c1=3.0000, c2=0.0615 | fitness=2499.53
[REWARD DEBUG iter 500] FitnessImprovement: 0.0000 → Reward: +0.0000 (prevFit=2499.53, currFit=2499.53)
[REWARD DEBUG] Improvement: 0.0513 → Reward: +0.0109
[REWARD DEBUG] Improvement: 0.1349 → Reward: +0.0275
[REWARD DEBUG] Improvement: 0.0004 → Reward: +0.0001
[REWARD DEBUG] Stagnation (normal): 0.0000 → Reward: 0.0
[REWARD DEBUG] Stagnation (normal): 0.0000 → Reward: 0.0
[REWARD DEBUG] Stagnation (normal): 0.0000 → Reward: 0.0
[REWARD DEBUG] Stagnation (normal): 0.0000 → Reward: 0.0
[ACTION DEBUG iter 600] Raw action[1:3]: [-1.0000, 1.0000, -1.0000], noise: 0.0500
[ACTION DEBUG iter 600] WARNING: 11/20 actions clipped (network saturating)
[RLAMPSO DEBUG iter 600] w=0.3165, c1=3.0000, c2=0.0000 | fitness=2474.43
[REWARD DEBUG] Improvement: 0.3707 → Reward: +0.0685
[REWARD DEBUG iter 600] FitnessImprovement: 0.3707 → Reward: +0.0685 (prevFit=2474.43, currFit=2474.06)
[Ep  50/1000] Fit:  2474.1 | Avg:  2507.5 | Reward: -456.5 | Time:  75.5s
          Buffer: 25528 | Noise: 0.0778 | ActorLoss: -1.001e+01 | CriticLoss: 2.865e-01
[REWARD DEBUG] Improvement: 0.0015 → Reward: +0.0003
[REWARD DEBUG] Stagnation (normal): 0.0000 → Reward: 0.0
[REWARD DEBUG] Stagnation (normal): 0.0000 → Reward: 0.0
[REWARD DEBUG] Stagnation (normal): 0.0000 → Reward: 0.0
[REWARD DEBUG] Stagnation (normal): 0.0000 → Reward: 0.0
[REWARD DEBUG] Improvement: 0.0005 → Reward: +0.0001
[REWARD DEBUG] Improvement: 0.0000 → Reward: +0.0000
[REWARD DEBUG] Stagnation (normal): 0.0000 → Reward: 0.0
[REWARD DEBUG] Improvement: 0.2104 → Reward: +0.0415
[ACTION DEBUG iter 100] Raw action[1:3]: [-1.0000, 1.0000, -1.0000], noise: 0.0500
[ACTION DEBUG iter 100] WARNING: 8/20 actions clipped (network saturating)
[RLAMPSO DEBUG iter 100] w=0.3005, c1=3.0000, c2=0.0677 | fitness=2736.54
[REWARD DEBUG iter 100] FitnessImprovement: 0.0189 → Reward: +0.0041 (prevFit=2736.54, currFit=2736.52)
[REWARD DEBUG] Improvement: 0.0005 → Reward: +0.0001
[REWARD DEBUG] Improvement: 0.3086 → Reward: +0.0584
[REWARD DEBUG] Stagnation (normal): 0.0000 → Reward: 0.0
[REWARD DEBUG] Stagnation (normal): 0.0000 → Reward: 0.0
[REWARD DEBUG] Stagnation (normal): 0.0000 → Reward: 0.0
[ACTION DEBUG iter 200] Raw action[1:3]: [-1.0000, 1.0000, -1.0000], noise: 0.0500
[ACTION DEBUG iter 200] WARNING: 11/20 actions clipped (network saturating)
[RLAMPSO DEBUG iter 200] w=0.3076, c1=2.8587, c2=0.0000 | fitness=2580.46
[REWARD DEBUG] Improvement: 0.0134 → Reward: +0.0029
[REWARD DEBUG iter 200] FitnessImprovement: 0.0134 → Reward: +0.0029 (prevFit=2580.46, currFit=2580.45)
[REWARD DEBUG] Improvement: 0.5327 → Reward: +0.0927
[REWARD DEBUG] Stagnation (normal): 0.0000 → Reward: 0.0
[REWARD DEBUG] Improvement: 0.0109 → Reward: +0.0024
[ACTION DEBUG iter 300] Raw action[1:3]: [-1.0000, 1.0000, -1.0000], noise: 0.0500
[ACTION DEBUG iter 300] WARNING: 8/20 actions clipped (network saturating)
[RLAMPSO DEBUG iter 300] w=0.3000, c1=2.9928, c2=0.0764 | fitness=2481.37
[REWARD DEBUG iter 300] FitnessImprovement: 0.0650 → Reward: +0.0137 (prevFit=2481.37, currFit=2481.31)
[REWARD DEBUG] Improvement: 0.0748 → Reward: +0.0157
[REWARD DEBUG] Stagnation (normal): 0.0000 → Reward: 0.0
[REWARD DEBUG] Improvement: 3.3957 → Reward: +0.3215
[REWARD DEBUG] Improvement: 0.0000 → Reward: +0.0000
[ACTION DEBUG iter 400] Raw action[1:3]: [-1.0000, 1.0000, -1.0000], noise: 0.0500
[ACTION DEBUG iter 400] WARNING: 6/20 actions clipped (network saturating)
[RLAMPSO DEBUG iter 400] w=0.3295, c1=2.9135, c2=0.0354 | fitness=2412.78
[REWARD DEBUG iter 400] FitnessImprovement: 0.0000 → Reward: +0.0000 (prevFit=2412.78, currFit=2412.78)
[REWARD DEBUG] Stagnation (normal): 0.0000 → Reward: 0.0
[REWARD DEBUG] Improvement: 0.0272 → Reward: +0.0058
[REWARD DEBUG] Improvement: 0.0001 → Reward: +0.0000
[REWARD DEBUG] Improvement: 1.4654 → Reward: +0.1959
[REWARD DEBUG] Stagnation (normal): 0.0000 → Reward: 0.0
[REWARD DEBUG] Stagnation (normal): 0.0000 → Reward: 0.0
[REWARD DEBUG] Stagnation (normal): 0.0000 → Reward: 0.0
[REWARD DEBUG] Improvement: 0.0002 → Reward: +0.0000
[REWARD DEBUG] Improvement: 0.0000 → Reward: +0.0000
[ACTION DEBUG iter 500] Raw action[1:3]: [-1.0000, 1.0000, -1.0000], noise: 0.0500
[ACTION DEBUG iter 500] WARNING: 11/20 actions clipped (network saturating)
[RLAMPSO DEBUG iter 500] w=0.3020, c1=3.0000, c2=0.0000 | fitness=2368.07
[REWARD DEBUG iter 500] FitnessImprovement: 0.2337 → Reward: +0.0456 (prevFit=2368.07, currFit=2367.84)
[REWARD DEBUG] Stagnation (normal): 0.0000 → Reward: 0.0
[REWARD DEBUG] Stagnation (normal): 0.0000 → Reward: 0.0
[REWARD DEBUG] Stagnation (normal): 0.0000 → Reward: 0.0
[REWARD DEBUG] Stagnation (normal): 0.0000 → Reward: 0.0
[REWARD DEBUG] Stagnation (normal): 0.0000 → Reward: 0.0
[REWARD DEBUG] Stagnation (normal): 0.0000 → Reward: 0.0
[REWARD DEBUG] Stagnation (normal): 0.0000 → Reward: 0.0
[ACTION DEBUG iter 600] Raw action[1:3]: [-1.0000, 1.0000, -1.0000], noise: 0.0500
[ACTION DEBUG iter 600] WARNING: 10/20 actions clipped (network saturating)
[RLAMPSO DEBUG iter 600] w=0.3190, c1=3.0000, c2=0.0000 | fitness=2298.29
[REWARD DEBUG iter 600] FitnessImprovement: 0.0016 → Reward: +0.0003 (prevFit=2298.29, currFit=2298.28)
[Ep  51/1000] Fit:  2298.3 | Avg:  2506.3 | Reward: -455.4 | Time:  76.3s
          Buffer: 26078 | Noise: 0.0774 | ActorLoss: -1.021e+01 | CriticLoss: 7.538e-02
[REWARD DEBUG] Improvement: 0.0028 → Reward: +0.0006
[REWARD DEBUG] Stagnation (normal): 0.0000 → Reward: 0.0
[REWARD DEBUG] Improvement: 44.1427 → Reward: +0.8273
[REWARD DEBUG] Improvement: 13.7273 → Reward: +0.5841
[REWARD DEBUG] Improvement: 0.1335 → Reward: +0.0272
[REWARD DEBUG] Improvement: 0.0433 → Reward: +0.0092
[ACTION DEBUG iter 100] Raw action[1:3]: [-1.0000, 1.0000, -1.0000], noise: 0.0500
[ACTION DEBUG iter 100] WARNING: 12/20 actions clipped (network saturating)
[RLAMPSO DEBUG iter 100] w=0.3141, c1=2.9879, c2=0.0000 | fitness=2905.04
[REWARD DEBUG iter 100] FitnessImprovement: 0.2974 → Reward: +0.0565 (prevFit=2905.04, currFit=2904.74)
[REWARD DEBUG] Improvement: 29.9596 → Reward: +0.7454
[REWARD DEBUG] Improvement: 1.6515 → Reward: +0.2117
[REWARD DEBUG] Improvement: 3.6576 → Reward: +0.3341
[REWARD DEBUG] Improvement: 0.0216 → Reward: +0.0046
[REWARD DEBUG] Improvement: 0.0160 → Reward: +0.0034
[ACTION DEBUG iter 200] Raw action[1:3]: [-1.0000, 1.0000, -1.0000], noise: 0.0500
[ACTION DEBUG iter 200] WARNING: 11/20 actions clipped (network saturating)
[RLAMPSO DEBUG iter 200] w=0.3062, c1=3.0000, c2=0.0289 | fitness=2719.97
[REWARD DEBUG iter 200] FitnessImprovement: 0.1437 → Reward: +0.0292 (prevFit=2719.97, currFit=2719.83)
[REWARD DEBUG] Improvement: 0.0002 → Reward: +0.0000
[REWARD DEBUG] Improvement: 0.0042 → Reward: +0.0009
[REWARD DEBUG] Improvement: 0.2637 → Reward: +0.0508
[REWARD DEBUG] Improvement: 0.0779 → Reward: +0.0163
[REWARD DEBUG] Improvement: 0.0000 → Reward: +0.0000
[REWARD DEBUG] Improvement: 0.0033 → Reward: +0.0007
[REWARD DEBUG] Improvement: 0.0005 → Reward: +0.0001
[REWARD DEBUG] Improvement: 0.0275 → Reward: +0.0059
[ACTION DEBUG iter 300] Raw action[1:3]: [-1.0000, 1.0000, -1.0000], noise: 0.0500
[ACTION DEBUG iter 300] WARNING: 12/20 actions clipped (network saturating)
[RLAMPSO DEBUG iter 300] w=0.3040, c1=3.0000, c2=0.0169 | fitness=2667.30
[REWARD DEBUG iter 300] FitnessImprovement: 0.0008 → Reward: +0.0002 (prevFit=2667.30, currFit=2667.30)
[REWARD DEBUG] Improvement: 0.0653 → Reward: +0.0137
[REWARD DEBUG] Improvement: 0.0718 → Reward: +0.0151
[REWARD DEBUG] Improvement: 0.0021 → Reward: +0.0004
[REWARD DEBUG] Improvement: 0.0000 → Reward: +0.0000
[ACTION DEBUG iter 400] Raw action[1:3]: [-1.0000, 1.0000, -1.0000], noise: 0.0500
[ACTION DEBUG iter 400] WARNING: 6/20 actions clipped (network saturating)
[RLAMPSO DEBUG iter 400] w=0.3178, c1=2.9776, c2=0.0942 | fitness=2648.50
[REWARD DEBUG iter 400] FitnessImprovement: 0.0473 → Reward: +0.0100 (prevFit=2648.50, currFit=2648.45)
[REWARD DEBUG] Improvement: 1.6574 → Reward: +0.2122
[REWARD DEBUG] Improvement: 0.0217 → Reward: +0.0047
[REWARD DEBUG] Improvement: 0.0726 → Reward: +0.0152
[ACTION DEBUG iter 500] Raw action[1:3]: [-1.0000, 1.0000, -1.0000], noise: 0.0500
[ACTION DEBUG iter 500] WARNING: 7/20 actions clipped (network saturating)
[RLAMPSO DEBUG iter 500] w=0.3323, c1=3.0000, c2=0.0015 | fitness=2637.92
[REWARD DEBUG iter 500] FitnessImprovement: 0.0000 → Reward: +0.0000 (prevFit=2637.92, currFit=2637.92)
[REWARD DEBUG] Improvement: 0.0388 → Reward: +0.0083
[REWARD DEBUG] Improvement: 0.0368 → Reward: +0.0079
[REWARD DEBUG] Improvement: 0.0349 → Reward: +0.0075
[REWARD DEBUG] Improvement: 0.0004 → Reward: +0.0001
[REWARD DEBUG] Improvement: 0.0132 → Reward: +0.0028
[ACTION DEBUG iter 600] Raw action[1:3]: [-1.0000, 1.0000, -1.0000], noise: 0.0500
[ACTION DEBUG iter 600] WARNING: 11/20 actions clipped (network saturating)
[RLAMPSO DEBUG iter 600] w=0.3048, c1=3.0000, c2=0.0000 | fitness=2633.79
[REWARD DEBUG iter 600] FitnessImprovement: 0.0000 → Reward: +0.0000 (prevFit=2633.79, currFit=2633.79)
[Ep  52/1000] Fit:  2633.8 | Avg:  2500.0 | Reward: -449.1 | Time:  88.8s
          Buffer: 26628 | Noise: 0.0771 | ActorLoss: -1.013e+01 | CriticLoss: 1.080e-01
[REWARD DEBUG] Improvement: 0.0001 → Reward: +0.0000
[REWARD DEBUG] Stagnation (normal): 0.0000 → Reward: 0.0
[REWARD DEBUG] Improvement: 0.0346 → Reward: +0.0074
[REWARD DEBUG] Improvement: 37.5432 → Reward: +0.7930
[REWARD DEBUG] Improvement: 0.2945 → Reward: +0.0561
[REWARD DEBUG] Improvement: 0.0883 → Reward: +0.0184
[ACTION DEBUG iter 100] Raw action[1:3]: [-1.0000, 1.0000, -1.0000], noise: 0.0500
[ACTION DEBUG iter 100] WARNING: 10/20 actions clipped (network saturating)
[RLAMPSO DEBUG iter 100] w=0.3000, c1=2.9499, c2=0.0000 | fitness=2731.74
[REWARD DEBUG iter 100] FitnessImprovement: 0.0334 → Reward: +0.0071 (prevFit=2731.74, currFit=2731.71)
[REWARD DEBUG] Improvement: 0.0030 → Reward: +0.0007
[REWARD DEBUG] Improvement: 0.0763 → Reward: +0.0160
[REWARD DEBUG] Improvement: 0.0123 → Reward: +0.0026
[REWARD DEBUG] Improvement: 15.0342 → Reward: +0.6025
[REWARD DEBUG] Improvement: 0.8287 → Reward: +0.1311
[REWARD DEBUG] Improvement: 1.2921 → Reward: +0.1801
[ACTION DEBUG iter 200] Raw action[1:3]: [-1.0000, 1.0000, -1.0000], noise: 0.0500
[ACTION DEBUG iter 200] WARNING: 9/20 actions clipped (network saturating)
[RLAMPSO DEBUG iter 200] w=0.3159, c1=2.9899, c2=0.0000 | fitness=2646.03
[REWARD DEBUG iter 200] FitnessImprovement: 2.5462 → Reward: +0.2749 (prevFit=2646.03, currFit=2643.49)
[REWARD DEBUG] Improvement: 0.0004 → Reward: +0.0001
[REWARD DEBUG] Improvement: 0.1604 → Reward: +0.0323
[ACTION DEBUG iter 300] Raw action[1:3]: [-1.0000, 1.0000, -1.0000], noise: 0.0500
[ACTION DEBUG iter 300] WARNING: 12/20 actions clipped (network saturating)
[RLAMPSO DEBUG iter 300] w=0.3348, c1=3.0000, c2=0.0000 | fitness=2614.74
[REWARD DEBUG iter 300] FitnessImprovement: 0.0051 → Reward: +0.0011 (prevFit=2614.74, currFit=2614.74)
[REWARD DEBUG] Improvement: 0.8087 → Reward: +0.1287
[REWARD DEBUG] Improvement: 0.0001 → Reward: +0.0000
[REWARD DEBUG] Improvement: 0.0071 → Reward: +0.0015
[REWARD DEBUG] Stagnation (normal): 0.0000 → Reward: 0.0
[REWARD DEBUG] Improvement: 0.1615 → Reward: +0.0325
[ACTION DEBUG iter 400] Raw action[1:3]: [-1.0000, 1.0000, -1.0000], noise: 0.0500
[ACTION DEBUG iter 400] WARNING: 10/20 actions clipped (network saturating)
[RLAMPSO DEBUG iter 400] w=0.3000, c1=3.0000, c2=0.0000 | fitness=2586.71
[REWARD DEBUG iter 400] FitnessImprovement: 0.0000 → Reward: +0.0000 (prevFit=2586.71, currFit=2586.71)
[REWARD DEBUG] Stagnation (normal): 0.0000 → Reward: 0.0
[REWARD DEBUG] Stagnation (normal): 0.0000 → Reward: 0.0
[REWARD DEBUG] Stagnation (normal): 0.0000 → Reward: 0.0
[REWARD DEBUG] Improvement: 0.2740 → Reward: +0.0526
[REWARD DEBUG] Improvement: 0.0079 → Reward: +0.0017
[REWARD DEBUG] Improvement: 0.0000 → Reward: +0.0000
[REWARD DEBUG] Improvement: 0.0004 → Reward: +0.0001
[REWARD DEBUG] Improvement: 0.0001 → Reward: +0.0000
[REWARD DEBUG] Improvement: 0.0221 → Reward: +0.0047
[REWARD DEBUG] Improvement: 0.0072 → Reward: +0.0016
[REWARD DEBUG] Improvement: 0.0002 → Reward: +0.0001
[REWARD DEBUG] Stagnation (normal): 0.0000 → Reward: 0.0
[REWARD DEBUG] Stagnation (normal): 0.0000 → Reward: 0.0
[REWARD DEBUG] Improvement: 0.0092 → Reward: +0.0020
[ACTION DEBUG iter 500] Raw action[1:3]: [-1.0000, 1.0000, -1.0000], noise: 0.0500
[ACTION DEBUG iter 500] WARNING: 11/20 actions clipped (network saturating)
[RLAMPSO DEBUG iter 500] w=0.3034, c1=3.0000, c2=0.0034 | fitness=2584.66
[REWARD DEBUG iter 500] FitnessImprovement: 0.0719 → Reward: +0.0151 (prevFit=2584.66, currFit=2584.58)
[REWARD DEBUG] Improvement: 0.0066 → Reward: +0.0014
[REWARD DEBUG] Improvement: 0.0007 → Reward: +0.0001
[REWARD DEBUG] Improvement: 0.0002 → Reward: +0.0000
[REWARD DEBUG] Improvement: 0.0084 → Reward: +0.0018
[REWARD DEBUG] Improvement: 0.0000 → Reward: +0.0000
[REWARD DEBUG] Stagnation (normal): 0.0000 → Reward: 0.0
[REWARD DEBUG] Stagnation (normal): 0.0000 → Reward: 0.0
[REWARD DEBUG] Stagnation (normal): 0.0000 → Reward: 0.0
[REWARD DEBUG] Improvement: 0.0030 → Reward: +0.0006
[REWARD DEBUG] Improvement: 0.0000 → Reward: +0.0000
[REWARD DEBUG] Improvement: 0.0151 → Reward: +0.0032
[ACTION DEBUG iter 600] Raw action[1:3]: [-1.0000, 1.0000, -1.0000], noise: 0.0500
[ACTION DEBUG iter 600] WARNING: 16/20 actions clipped (network saturating)
[RLAMPSO DEBUG iter 600] w=0.3000, c1=3.0000, c2=0.0000 | fitness=2583.67
[REWARD DEBUG iter 600] FitnessImprovement: 0.0095 → Reward: +0.0020 (prevFit=2583.67, currFit=2583.66)
[Ep  53/1000] Fit:  2583.7 | Avg:  2524.3 | Reward: -473.4 | Time:  75.8s
          Buffer: 27178 | Noise: 0.0767 | ActorLoss: -9.066e+00 | CriticLoss: 3.008e-01
[REWARD DEBUG] Improvement: 1.5552 → Reward: +0.2037
[REWARD DEBUG] Stagnation (normal): 0.0000 → Reward: 0.0
[REWARD DEBUG] Stagnation (normal): 0.0000 → Reward: 0.0
[REWARD DEBUG] Stagnation (normal): 0.0000 → Reward: 0.0
[REWARD DEBUG] Improvement: 23.5469 → Reward: +0.6950
[REWARD DEBUG] Improvement: 27.4448 → Reward: +0.7270
[ACTION DEBUG iter 100] Raw action[1:3]: [-1.0000, 1.0000, -1.0000], noise: 0.0500
[ACTION DEBUG iter 100] WARNING: 11/20 actions clipped (network saturating)
[RLAMPSO DEBUG iter 100] w=0.3000, c1=3.0000, c2=0.1127 | fitness=3124.37
[REWARD DEBUG iter 100] FitnessImprovement: 0.1419 → Reward: +0.0288 (prevFit=3124.37, currFit=3124.23)
[REWARD DEBUG] Improvement: 0.0864 → Reward: +0.0180
[REWARD DEBUG] Improvement: 0.0000 → Reward: +0.0000
[REWARD DEBUG] Stagnation (normal): 0.0000 → Reward: 0.0
[REWARD DEBUG] Stagnation (normal): 0.0000 → Reward: 0.0
[REWARD DEBUG] Improvement: 0.1012 → Reward: +0.0209
[ACTION DEBUG iter 200] Raw action[1:3]: [-1.0000, 1.0000, -1.0000], noise: 0.0500
[ACTION DEBUG iter 200] WARNING: 13/20 actions clipped (network saturating)
[RLAMPSO DEBUG iter 200] w=0.3027, c1=3.0000, c2=0.0000 | fitness=2760.60
[REWARD DEBUG iter 200] FitnessImprovement: 0.7244 → Reward: +0.1183 (prevFit=2760.60, currFit=2759.87)
[REWARD DEBUG] Improvement: 0.0005 → Reward: +0.0001
[REWARD DEBUG] Improvement: 0.0000 → Reward: +0.0000
[REWARD DEBUG] Stagnation (normal): 0.0000 → Reward: 0.0
[REWARD DEBUG] Improvement: 0.5501 → Reward: +0.0952
[REWARD DEBUG] Improvement: 0.2013 → Reward: +0.0398
[REWARD DEBUG] Improvement: 0.0613 → Reward: +0.0129
[REWARD DEBUG] Improvement: 21.9677 → Reward: +0.6806
[REWARD DEBUG] Improvement: 0.2689 → Reward: +0.0517
[ACTION DEBUG iter 300] Raw action[1:3]: [-1.0000, 1.0000, -1.0000], noise: 0.0500
[ACTION DEBUG iter 300] WARNING: 11/20 actions clipped (network saturating)
[RLAMPSO DEBUG iter 300] w=0.3060, c1=3.0000, c2=0.0127 | fitness=2654.84
[REWARD DEBUG iter 300] FitnessImprovement: 0.0000 → Reward: +0.0000 (prevFit=2654.84, currFit=2654.84)
[REWARD DEBUG] Improvement: 0.0348 → Reward: +0.0074
[REWARD DEBUG] Improvement: 0.0165 → Reward: +0.0036
[REWARD DEBUG] Improvement: 1.2323 → Reward: +0.1744
[REWARD DEBUG] Stagnation (normal): 0.0000 → Reward: 0.0
[REWARD DEBUG] Improvement: 4.7215 → Reward: +0.3788
[REWARD DEBUG] Improvement: 0.0006 → Reward: +0.0001
[ACTION DEBUG iter 400] Raw action[1:3]: [-1.0000, 1.0000, -1.0000], noise: 0.0500
[ACTION DEBUG iter 400] WARNING: 4/20 actions clipped (network saturating)
[RLAMPSO DEBUG iter 400] w=0.3284, c1=2.9664, c2=0.0604 | fitness=2418.35
[REWARD DEBUG iter 400] FitnessImprovement: 0.2497 → Reward: +0.0484 (prevFit=2418.35, currFit=2418.11)
[REWARD DEBUG] Improvement: 0.1665 → Reward: +0.0334
[REWARD DEBUG] Improvement: 0.0036 → Reward: +0.0008
[REWARD DEBUG] Improvement: 0.0573 → Reward: +0.0121
[ACTION DEBUG iter 500] Raw action[1:3]: [-1.0000, 1.0000, -1.0000], noise: 0.0500
[ACTION DEBUG iter 500] WARNING: 9/20 actions clipped (network saturating)
[RLAMPSO DEBUG iter 500] w=0.3000, c1=2.9565, c2=0.0761 | fitness=2381.98
[REWARD DEBUG iter 500] FitnessImprovement: 0.0054 → Reward: +0.0012 (prevFit=2381.98, currFit=2381.98)
[REWARD DEBUG] Improvement: 0.0687 → Reward: +0.0144
[REWARD DEBUG] Stagnation (normal): 0.0000 → Reward: 0.0
[REWARD DEBUG] Stagnation (normal): 0.0000 → Reward: 0.0
[REWARD DEBUG] Stagnation (normal): 0.0000 → Reward: 0.0
[REWARD DEBUG] Stagnation (normal): 0.0000 → Reward: 0.0
[ACTION DEBUG iter 600] Raw action[1:3]: [-1.0000, 1.0000, -1.0000], noise: 0.0500
[ACTION DEBUG iter 600] WARNING: 10/20 actions clipped (network saturating)
[RLAMPSO DEBUG iter 600] w=0.3158, c1=3.0000, c2=0.0277 | fitness=2378.76
[REWARD DEBUG iter 600] FitnessImprovement: 0.0018 → Reward: +0.0004 (prevFit=2378.76, currFit=2378.76)
[Ep  54/1000] Fit:  2378.8 | Avg:  2478.8 | Reward: -427.9 | Time:  75.3s
          Buffer: 27728 | Noise: 0.0763 | ActorLoss: -8.552e+00 | CriticLoss: 1.265e-01
[REWARD DEBUG] Improvement: 8.5543 → Reward: +0.4901
[REWARD DEBUG] Improvement: 12.7866 → Reward: +0.5697
[REWARD DEBUG] Improvement: 5.8927 → Reward: +0.4192
[ACTION DEBUG iter 100] Raw action[1:3]: [-1.0000, 1.0000, -1.0000], noise: 0.0500
[ACTION DEBUG iter 100] WARNING: 12/20 actions clipped (network saturating)
[RLAMPSO DEBUG iter 100] w=0.3000, c1=3.0000, c2=0.0103 | fitness=3038.82
[REWARD DEBUG iter 100] FitnessImprovement: 0.9188 → Reward: +0.1415 (prevFit=3038.82, currFit=3037.90)
[REWARD DEBUG] Improvement: 6.3568 → Reward: +0.4333
[REWARD DEBUG] Improvement: 0.3291 → Reward: +0.0618
[REWARD DEBUG] Improvement: 0.0316 → Reward: +0.0068
[REWARD DEBUG] Improvement: 0.7583 → Reward: +0.1225
[REWARD DEBUG] Improvement: 0.0152 → Reward: +0.0033
[REWARD DEBUG] Stagnation (normal): 0.0000 → Reward: 0.0
[REWARD DEBUG] Stagnation (normal): 0.0000 → Reward: 0.0
[REWARD DEBUG] Improvement: 10.7001 → Reward: +0.5341
[REWARD DEBUG] Improvement: 0.3189 → Reward: +0.0601
[REWARD DEBUG] Improvement: 0.0287 → Reward: +0.0061
[REWARD DEBUG] Improvement: 0.0002 → Reward: +0.0001
[ACTION DEBUG iter 200] Raw action[1:3]: [-1.0000, 1.0000, -1.0000], noise: 0.0500
[ACTION DEBUG iter 200] WARNING: 13/20 actions clipped (network saturating)
[RLAMPSO DEBUG iter 200] w=0.3000, c1=3.0000, c2=0.0496 | fitness=2865.93
[REWARD DEBUG iter 200] FitnessImprovement: 0.0000 → Reward: +0.0000 (prevFit=2865.93, currFit=2865.93)
[REWARD DEBUG] Improvement: 1.8223 → Reward: +0.2253
[REWARD DEBUG] Improvement: 0.0325 → Reward: +0.0069
[REWARD DEBUG] Stagnation (normal): 0.0000 → Reward: 0.0
[REWARD DEBUG] Improvement: 6.0965 → Reward: +0.4255
[REWARD DEBUG] Improvement: 1.0307 → Reward: +0.1538
[REWARD DEBUG] Stagnation (normal): 0.0000 → Reward: 0.0
[ACTION DEBUG iter 300] Raw action[1:3]: [-1.0000, 1.0000, -1.0000], noise: 0.0500
[ACTION DEBUG iter 300] WARNING: 7/20 actions clipped (network saturating)
[RLAMPSO DEBUG iter 300] w=0.3067, c1=2.9333, c2=0.0000 | fitness=2774.36
[REWARD DEBUG iter 300] FitnessImprovement: 0.0006 → Reward: +0.0001 (prevFit=2774.36, currFit=2774.36)
[REWARD DEBUG] Improvement: 1.2302 → Reward: +0.1742
[REWARD DEBUG] Improvement: 0.2333 → Reward: +0.0455
[REWARD DEBUG] Improvement: 0.0227 → Reward: +0.0049
[ACTION DEBUG iter 400] Raw action[1:3]: [-1.0000, 1.0000, -1.0000], noise: 0.0500
[ACTION DEBUG iter 400] WARNING: 10/20 actions clipped (network saturating)
[RLAMPSO DEBUG iter 400] w=0.3157, c1=2.9667, c2=0.0817 | fitness=2541.32
[REWARD DEBUG iter 400] FitnessImprovement: 13.4757 → Reward: +0.5803 (prevFit=2541.32, currFit=2527.84)
[REWARD DEBUG] Improvement: 2.2542 → Reward: +0.2562
[REWARD DEBUG] Improvement: 9.0520 → Reward: +0.5011
[REWARD DEBUG] Improvement: 1.3073 → Reward: +0.1816
[REWARD DEBUG] Improvement: 0.2206 → Reward: +0.0433
[REWARD DEBUG] Improvement: 1.8821 → Reward: +0.2299
[ACTION DEBUG iter 500] Raw action[1:3]: [-1.0000, 1.0000, -1.0000], noise: 0.0500
[ACTION DEBUG iter 500] WARNING: 8/20 actions clipped (network saturating)
[RLAMPSO DEBUG iter 500] w=0.3307, c1=2.9743, c2=0.0000 | fitness=2427.72
[REWARD DEBUG iter 500] FitnessImprovement: 0.0439 → Reward: +0.0093 (prevFit=2427.72, currFit=2427.67)
[REWARD DEBUG] Improvement: 0.0000 → Reward: +0.0000
[REWARD DEBUG] Stagnation (normal): 0.0000 → Reward: 0.0
[REWARD DEBUG] Improvement: 0.1313 → Reward: +0.0268
[REWARD DEBUG] Improvement: 0.0042 → Reward: +0.0009
[REWARD DEBUG] Improvement: 0.0000 → Reward: +0.0000
[REWARD DEBUG] Improvement: 0.2404 → Reward: +0.0468
[ACTION DEBUG iter 600] Raw action[1:3]: [-1.0000, 1.0000, -1.0000], noise: 0.0500
[ACTION DEBUG iter 600] WARNING: 9/20 actions clipped (network saturating)
[RLAMPSO DEBUG iter 600] w=0.3100, c1=2.9139, c2=0.0000 | fitness=2402.05
[REWARD DEBUG iter 600] FitnessImprovement: 0.0224 → Reward: +0.0048 (prevFit=2402.05, currFit=2402.03)
[Ep  55/1000] Fit:  2402.0 | Avg:  2470.3 | Reward: -419.4 | Time:  67.6s
          Buffer: 28278 | Noise: 0.0759 | ActorLoss: -7.897e+00 | CriticLoss: 9.585e-02
[REWARD DEBUG] Improvement: 12.1452 → Reward: +0.5594
[REWARD DEBUG] Improvement: 6.9720 → Reward: +0.4508
[REWARD DEBUG] Improvement: 0.9250 → Reward: +0.1422
[REWARD DEBUG] Improvement: 0.5139 → Reward: +0.0901
[ACTION DEBUG iter 100] Raw action[1:3]: [-1.0000, 1.0000, -1.0000], noise: 0.0500
[ACTION DEBUG iter 100] WARNING: 8/20 actions clipped (network saturating)
[RLAMPSO DEBUG iter 100] w=0.3058, c1=3.0000, c2=0.0925 | fitness=3313.82
[REWARD DEBUG iter 100] FitnessImprovement: 0.0061 → Reward: +0.0013 (prevFit=3313.82, currFit=3313.82)
[REWARD DEBUG] Improvement: 1.0600 → Reward: +0.1569
[REWARD DEBUG] Improvement: 0.0038 → Reward: +0.0008
[REWARD DEBUG] Improvement: 0.0000 → Reward: +0.0000
[REWARD DEBUG] Stagnation (normal): 0.0000 → Reward: 0.0
[REWARD DEBUG] Stagnation (normal): 0.0000 → Reward: 0.0
[REWARD DEBUG] Improvement: 0.0107 → Reward: +0.0023
[REWARD DEBUG] Improvement: 0.0246 → Reward: +0.0053
[ACTION DEBUG iter 200] Raw action[1:3]: [-1.0000, 1.0000, -1.0000], noise: 0.0500
[ACTION DEBUG iter 200] WARNING: 10/20 actions clipped (network saturating)
[RLAMPSO DEBUG iter 200] w=0.3098, c1=2.9398, c2=0.0000 | fitness=3295.60
[REWARD DEBUG iter 200] FitnessImprovement: 0.0377 → Reward: +0.0080 (prevFit=3295.60, currFit=3295.56)
[REWARD DEBUG] Improvement: 0.0000 → Reward: +0.0000
[REWARD DEBUG] Improvement: 0.0029 → Reward: +0.0006
[REWARD DEBUG] Improvement: 0.1400 → Reward: +0.0285
[REWARD DEBUG] Improvement: 0.1140 → Reward: +0.0234
[REWARD DEBUG] Improvement: 0.1660 → Reward: +0.0333
[REWARD DEBUG] Improvement: 0.0934 → Reward: +0.0194
[ACTION DEBUG iter 300] Raw action[1:3]: [-1.0000, 1.0000, -1.0000], noise: 0.0500
[ACTION DEBUG iter 300] WARNING: 9/20 actions clipped (network saturating)
[RLAMPSO DEBUG iter 300] w=0.3000, c1=2.9345, c2=0.0050 | fitness=3287.54
[REWARD DEBUG iter 300] FitnessImprovement: 0.0001 → Reward: +0.0000 (prevFit=3287.54, currFit=3287.54)
[REWARD DEBUG] Stagnation (normal): 0.0000 → Reward: 0.0
[REWARD DEBUG] Stagnation (normal): 0.0000 → Reward: 0.0
[REWARD DEBUG] Stagnation (normal): 0.0000 → Reward: 0.0
[REWARD DEBUG] Stagnation (normal): 0.0000 → Reward: 0.0
[REWARD DEBUG] Improvement: 0.0000 → Reward: +0.0000
[REWARD DEBUG] Stagnation (normal): 0.0000 → Reward: 0.0
[REWARD DEBUG] Improvement: 0.0013 → Reward: +0.0003
[ACTION DEBUG iter 400] Raw action[1:3]: [-1.0000, 1.0000, -1.0000], noise: 0.0500
[ACTION DEBUG iter 400] WARNING: 10/20 actions clipped (network saturating)
[RLAMPSO DEBUG iter 400] w=0.3012, c1=2.9874, c2=0.0000 | fitness=3285.52
[REWARD DEBUG iter 400] FitnessImprovement: 0.0320 → Reward: +0.0068 (prevFit=3285.52, currFit=3285.49)
[REWARD DEBUG] Stagnation (normal): 0.0000 → Reward: 0.0
[REWARD DEBUG] Improvement: 0.0068 → Reward: +0.0015
[REWARD DEBUG] Stagnation (normal): 0.0000 → Reward: 0.0
[REWARD DEBUG] Stagnation (normal): 0.0000 → Reward: 0.0
[REWARD DEBUG] Stagnation (normal): 0.0000 → Reward: 0.0
[REWARD DEBUG] Stagnation (normal): 0.0000 → Reward: 0.0
[REWARD DEBUG] Stagnation (normal): 0.0000 → Reward: 0.0
[REWARD DEBUG] Improvement: 0.0124 → Reward: +0.0027
[REWARD DEBUG] Improvement: 0.0012 → Reward: +0.0003
[REWARD DEBUG] Improvement: 0.0002 → Reward: +0.0000
[REWARD DEBUG] Improvement: 0.0046 → Reward: +0.0010
[ACTION DEBUG iter 500] Raw action[1:3]: [-1.0000, 1.0000, -1.0000], noise: 0.0500
[ACTION DEBUG iter 500] WARNING: 5/20 actions clipped (network saturating)
[RLAMPSO DEBUG iter 500] w=0.3005, c1=2.9607, c2=0.0456 | fitness=3284.28
[REWARD DEBUG iter 500] FitnessImprovement: 0.0188 → Reward: +0.0040 (prevFit=3284.28, currFit=3284.26)
[REWARD DEBUG] Stagnation (normal): 0.0000 → Reward: 0.0
[REWARD DEBUG] Improvement: 0.0212 → Reward: +0.0046
[ACTION DEBUG iter 600] Raw action[1:3]: [-1.0000, 1.0000, -1.0000], noise: 0.0500
[ACTION DEBUG iter 600] WARNING: 7/20 actions clipped (network saturating)
[RLAMPSO DEBUG iter 600] w=0.3000, c1=2.9947, c2=0.0705 | fitness=3282.74
[REWARD DEBUG iter 600] FitnessImprovement: 0.0005 → Reward: +0.0001 (prevFit=3282.74, currFit=3282.74)
[Ep  56/1000] Fit:  3282.7 | Avg:  2521.7 | Reward: -470.8 | Time:  72.7s
          Buffer: 28828 | Noise: 0.0755 | ActorLoss: -7.191e+00 | CriticLoss: 1.057e-01
[REWARD DEBUG] Stagnation (normal): 0.0000 → Reward: 0.0
[ACTION DEBUG iter 100] Raw action[1:3]: [-1.0000, 1.0000, -1.0000], noise: 0.0500
[ACTION DEBUG iter 100] WARNING: 13/20 actions clipped (network saturating)
[RLAMPSO DEBUG iter 100] w=0.3000, c1=3.0000, c2=0.0000 | fitness=2990.50
[REWARD DEBUG iter 100] FitnessImprovement: 0.0170 → Reward: +0.0037 (prevFit=2990.50, currFit=2990.48)
[REWARD DEBUG] Improvement: 1.5107 → Reward: +0.1999
[REWARD DEBUG] Improvement: 0.3414 → Reward: +0.0638
[ACTION DEBUG iter 200] Raw action[1:3]: [-1.0000, 1.0000, -1.0000], noise: 0.0500
[ACTION DEBUG iter 200] WARNING: 8/20 actions clipped (network saturating)
[RLAMPSO DEBUG iter 200] w=0.3118, c1=3.0000, c2=0.0633 | fitness=2665.64
[REWARD DEBUG iter 200] FitnessImprovement: 0.2577 → Reward: +0.0498 (prevFit=2665.64, currFit=2665.39)
[REWARD DEBUG] Improvement: 0.2219 → Reward: +0.0435
[REWARD DEBUG] Improvement: 0.0002 → Reward: +0.0001
[REWARD DEBUG] Improvement: 0.0003 → Reward: +0.0001
[REWARD DEBUG] Improvement: 1.6506 → Reward: +0.2117
[REWARD DEBUG] Improvement: 0.0453 → Reward: +0.0096
[REWARD DEBUG] Improvement: 0.1871 → Reward: +0.0373
[REWARD DEBUG] Stagnation (normal): 0.0000 → Reward: 0.0
[REWARD DEBUG] Improvement: 0.0078 → Reward: +0.0017
[ACTION DEBUG iter 300] Raw action[1:3]: [-1.0000, 1.0000, -1.0000], noise: 0.0500
[ACTION DEBUG iter 300] WARNING: 12/20 actions clipped (network saturating)
[RLAMPSO DEBUG iter 300] w=0.3000, c1=2.9827, c2=0.0000 | fitness=2563.78
[REWARD DEBUG iter 300] FitnessImprovement: 1.0322 → Reward: +0.1540 (prevFit=2563.78, currFit=2562.75)
[REWARD DEBUG] Improvement: 3.3108 → Reward: +0.3173
[REWARD DEBUG] Improvement: 0.1834 → Reward: +0.0366
[REWARD DEBUG] Improvement: 0.0310 → Reward: +0.0066
[REWARD DEBUG] Improvement: 0.0000 → Reward: +0.0000
[REWARD DEBUG] Improvement: 1.6344 → Reward: +0.2103
[REWARD DEBUG] Improvement: 0.0004 → Reward: +0.0001
[ACTION DEBUG iter 400] Raw action[1:3]: [-1.0000, 1.0000, -1.0000], noise: 0.0500
[ACTION DEBUG iter 400] WARNING: 9/20 actions clipped (network saturating)
[RLAMPSO DEBUG iter 400] w=0.3068, c1=3.0000, c2=0.0767 | fitness=2503.05
[REWARD DEBUG iter 400] FitnessImprovement: 2.3490 → Reward: +0.2625 (prevFit=2503.05, currFit=2500.70)
[REWARD DEBUG] Improvement: 0.5552 → Reward: +0.0959
[REWARD DEBUG] Improvement: 0.0000 → Reward: +0.0000
[REWARD DEBUG] Improvement: 2.2114 → Reward: +0.2533
[REWARD DEBUG] Improvement: 0.0000 → Reward: +0.0000
[REWARD DEBUG] Improvement: 0.0596 → Reward: +0.0126
[REWARD DEBUG] Stagnation (normal): 0.0000 → Reward: 0.0
[ACTION DEBUG iter 500] Raw action[1:3]: [-1.0000, 1.0000, -1.0000], noise: 0.0500
[ACTION DEBUG iter 500] WARNING: 9/20 actions clipped (network saturating)
[RLAMPSO DEBUG iter 500] w=0.3000, c1=3.0000, c2=0.0000 | fitness=2414.09
[REWARD DEBUG iter 500] FitnessImprovement: 0.1632 → Reward: +0.0328 (prevFit=2414.09, currFit=2413.93)
[REWARD DEBUG] Improvement: 1.3478 → Reward: +0.1853
[REWARD DEBUG] Stagnation (normal): 0.0000 → Reward: 0.0
[REWARD DEBUG] Improvement: 0.0035 → Reward: +0.0008
[REWARD DEBUG] Improvement: 0.0054 → Reward: +0.0012
[REWARD DEBUG] Improvement: 0.0015 → Reward: +0.0003
[ACTION DEBUG iter 600] Raw action[1:3]: [-1.0000, 1.0000, -1.0000], noise: 0.0500
[ACTION DEBUG iter 600] WARNING: 9/20 actions clipped (network saturating)
[RLAMPSO DEBUG iter 600] w=0.3000, c1=2.9515, c2=0.0434 | fitness=2380.79
[REWARD DEBUG iter 600] FitnessImprovement: 0.7721 → Reward: +0.1242 (prevFit=2380.79, currFit=2380.02)
[Ep  57/1000] Fit:  2380.0 | Avg:  2532.2 | Reward: -481.3 | Time:  67.6s
          Buffer: 29378 | Noise: 0.0751 | ActorLoss: -7.008e+00 | CriticLoss: 1.884e-01
[REWARD DEBUG] Improvement: 1.0910 → Reward: +0.1602
[REWARD DEBUG] Improvement: 8.8740 → Reward: +0.4972
[REWARD DEBUG] Improvement: 0.0611 → Reward: +0.0129
[REWARD DEBUG] Improvement: 0.0020 → Reward: +0.0004
[REWARD DEBUG] Improvement: 0.0000 → Reward: +0.0000
[ACTION DEBUG iter 100] Raw action[1:3]: [-1.0000, 1.0000, -1.0000], noise: 0.0500
[ACTION DEBUG iter 100] WARNING: 12/20 actions clipped (network saturating)
[RLAMPSO DEBUG iter 100] w=0.3256, c1=3.0000, c2=0.0000 | fitness=2646.45
[REWARD DEBUG iter 100] FitnessImprovement: 0.0624 → Reward: +0.0132 (prevFit=2646.45, currFit=2646.39)
[REWARD DEBUG] Improvement: 0.0061 → Reward: +0.0013
[REWARD DEBUG] Improvement: 17.8071 → Reward: +0.6372
[REWARD DEBUG] Improvement: 0.0863 → Reward: +0.0180
[REWARD DEBUG] Improvement: 0.0385 → Reward: +0.0082
[REWARD DEBUG] Improvement: 2.2143 → Reward: +0.2535
[REWARD DEBUG] Stagnation (normal): 0.0000 → Reward: 0.0
[REWARD DEBUG] Improvement: 0.0001 → Reward: +0.0000
[REWARD DEBUG] Stagnation (normal): 0.0000 → Reward: 0.0
[REWARD DEBUG] Improvement: 1.6494 → Reward: +0.2116
[ACTION DEBUG iter 200] Raw action[1:3]: [-1.0000, 1.0000, -1.0000], noise: 0.0500
[ACTION DEBUG iter 200] WARNING: 9/20 actions clipped (network saturating)
[RLAMPSO DEBUG iter 200] w=0.3000, c1=3.0000, c2=0.1024 | fitness=2456.91
[REWARD DEBUG iter 200] FitnessImprovement: 0.0012 → Reward: +0.0003 (prevFit=2456.91, currFit=2456.91)
[REWARD DEBUG] Stagnation (normal): 0.0000 → Reward: 0.0
[REWARD DEBUG] Stagnation (normal): 0.0000 → Reward: 0.0
[REWARD DEBUG] Improvement: 0.0047 → Reward: +0.0010
[REWARD DEBUG] Improvement: 0.1161 → Reward: +0.0239
[ACTION DEBUG iter 300] Raw action[1:3]: [-1.0000, 1.0000, -1.0000], noise: 0.0500
[ACTION DEBUG iter 300] WARNING: 6/20 actions clipped (network saturating)
[RLAMPSO DEBUG iter 300] w=0.3167, c1=2.8133, c2=0.0721 | fitness=2413.50
[REWARD DEBUG iter 300] FitnessImprovement: 0.0172 → Reward: +0.0037 (prevFit=2413.50, currFit=2413.48)
[REWARD DEBUG] Improvement: 0.0129 → Reward: +0.0028
[REWARD DEBUG] Improvement: 0.3293 → Reward: +0.0618
[REWARD DEBUG] Improvement: 0.0738 → Reward: +0.0155
[REWARD DEBUG] Improvement: 0.8038 → Reward: +0.1281
[REWARD DEBUG] Improvement: 0.1245 → Reward: +0.0255
[ACTION DEBUG iter 400] Raw action[1:3]: [-1.0000, 1.0000, -1.0000], noise: 0.0500
[ACTION DEBUG iter 400] WARNING: 10/20 actions clipped (network saturating)
[RLAMPSO DEBUG iter 400] w=0.3369, c1=2.8401, c2=0.0000 | fitness=2359.01
[REWARD DEBUG iter 400] FitnessImprovement: 0.7020 → Reward: +0.1155 (prevFit=2359.01, currFit=2358.31)
[REWARD DEBUG] Stagnation (normal): 0.0000 → Reward: 0.0
[REWARD DEBUG] Improvement: 0.1607 → Reward: +0.0324
[REWARD DEBUG] Improvement: 0.5327 → Reward: +0.0927
[REWARD DEBUG] Improvement: 0.0875 → Reward: +0.0182
[REWARD DEBUG] Stagnation (normal): 0.0000 → Reward: 0.0
[REWARD DEBUG] Stagnation (normal): 0.0000 → Reward: 0.0
[REWARD DEBUG] Improvement: 0.5085 → Reward: +0.0893
[REWARD DEBUG] Improvement: 0.0000 → Reward: +0.0000
[ACTION DEBUG iter 500] Raw action[1:3]: [-0.9999, 1.0000, -1.0000], noise: 0.0500
[ACTION DEBUG iter 500] WARNING: 6/20 actions clipped (network saturating)
[RLAMPSO DEBUG iter 500] w=0.3123, c1=2.9839, c2=0.0135 | fitness=2347.58
[REWARD DEBUG iter 500] FitnessImprovement: 0.0188 → Reward: +0.0040 (prevFit=2347.58, currFit=2347.56)
[REWARD DEBUG] Improvement: 0.0000 → Reward: +0.0000
[REWARD DEBUG] Improvement: 0.0043 → Reward: +0.0009
[REWARD DEBUG] Improvement: 0.0468 → Reward: +0.0099
[ACTION DEBUG iter 600] Raw action[1:3]: [-0.9993, 1.0000, -0.9995], noise: 0.0500
[ACTION DEBUG iter 600] WARNING: 11/20 actions clipped (network saturating)
[RLAMPSO DEBUG iter 600] w=0.3032, c1=3.0000, c2=0.0000 | fitness=2341.97
[REWARD DEBUG iter 600] FitnessImprovement: 0.0010 → Reward: +0.0002 (prevFit=2341.97, currFit=2341.97)
[Ep  58/1000] Fit:  2342.0 | Avg:  2515.2 | Reward: -464.3 | Time:  77.9s
          Buffer: 29928 | Noise: 0.0748 | ActorLoss: -7.137e+00 | CriticLoss: 9.255e-02
[REWARD DEBUG] Improvement: 0.0002 → Reward: +0.0000
[REWARD DEBUG] Improvement: 0.0000 → Reward: +0.0000
[REWARD DEBUG] Improvement: 2.1303 → Reward: +0.2478
[REWARD DEBUG] Improvement: 0.0020 → Reward: +0.0004
[REWARD DEBUG] Improvement: 0.0000 → Reward: +0.0000
[REWARD DEBUG] Stagnation (normal): 0.0000 → Reward: 0.0
[ACTION DEBUG iter 100] Raw action[1:3]: [-0.9992, 1.0000, -0.9993], noise: 0.0500
[ACTION DEBUG iter 100] WARNING: 10/20 actions clipped (network saturating)
[RLAMPSO DEBUG iter 100] w=0.3000, c1=3.0000, c2=0.0017 | fitness=3078.20
[REWARD DEBUG iter 100] FitnessImprovement: 0.0000 → Reward: +0.0000 (prevFit=3078.20, currFit=3078.20)
[REWARD DEBUG] Stagnation (normal): 0.0000 → Reward: 0.0
[REWARD DEBUG] Stagnation (normal): 0.0000 → Reward: 0.0
[REWARD DEBUG] Improvement: 10.8996 → Reward: +0.5378
[ACTION DEBUG iter 200] Raw action[1:3]: [-0.9990, 1.0000, -0.9994], noise: 0.0500
[ACTION DEBUG iter 200] WARNING: 11/20 actions clipped (network saturating)
[RLAMPSO DEBUG iter 200] w=0.3054, c1=3.0000, c2=0.0000 | fitness=3000.96
[REWARD DEBUG iter 200] FitnessImprovement: 0.0000 → Reward: +0.0000 (prevFit=3000.96, currFit=3000.96)
[REWARD DEBUG] Improvement: 0.0005 → Reward: +0.0001
[REWARD DEBUG] Improvement: 0.0719 → Reward: +0.0151
[REWARD DEBUG] Improvement: 0.0000 → Reward: +0.0000
[ACTION DEBUG iter 300] Raw action[1:3]: [-0.9981, 1.0000, -0.9992], noise: 0.0500
[ACTION DEBUG iter 300] WARNING: 10/20 actions clipped (network saturating)
[RLAMPSO DEBUG iter 300] w=0.3000, c1=3.0000, c2=0.0000 | fitness=2870.60
[REWARD DEBUG iter 300] FitnessImprovement: 0.0000 → Reward: +0.0000 (prevFit=2870.60, currFit=2870.60)
[REWARD DEBUG] Stagnation (normal): 0.0000 → Reward: 0.0
[REWARD DEBUG] Improvement: 0.3743 → Reward: +0.0690
[REWARD DEBUG] Stagnation (normal): 0.0000 → Reward: 0.0
[REWARD DEBUG] Stagnation (normal): 0.0000 → Reward: 0.0
[REWARD DEBUG] Stagnation (normal): 0.0000 → Reward: 0.0
[REWARD DEBUG] Stagnation (normal): 0.0000 → Reward: 0.0
[REWARD DEBUG] Improvement: 0.0123 → Reward: +0.0026
[REWARD DEBUG] Improvement: 0.0107 → Reward: +0.0023
[ACTION DEBUG iter 400] Raw action[1:3]: [-0.9942, 1.0000, -0.9994], noise: 0.0500
[ACTION DEBUG iter 400] WARNING: 11/20 actions clipped (network saturating)
[RLAMPSO DEBUG iter 400] w=0.3000, c1=3.0000, c2=0.0474 | fitness=2817.64
[REWARD DEBUG iter 400] FitnessImprovement: 0.8979 → Reward: +0.1391 (prevFit=2817.64, currFit=2816.74)
[REWARD DEBUG] Improvement: 1.1913 → Reward: +0.1704
[REWARD DEBUG] Improvement: 0.0073 → Reward: +0.0016
[REWARD DEBUG] Improvement: 0.0708 → Reward: +0.0149
[REWARD DEBUG] Improvement: 0.0068 → Reward: +0.0015
[REWARD DEBUG] Improvement: 0.1224 → Reward: +0.0251
[REWARD DEBUG] Improvement: 0.0050 → Reward: +0.0011
[REWARD DEBUG] Stagnation (normal): 0.0000 → Reward: 0.0
[REWARD DEBUG] Improvement: 0.0649 → Reward: +0.0136
[ACTION DEBUG iter 500] Raw action[1:3]: [-0.9682, 1.0000, -0.9996], noise: 0.0500
[ACTION DEBUG iter 500] WARNING: 11/20 actions clipped (network saturating)
[RLAMPSO DEBUG iter 500] w=0.3012, c1=2.9737, c2=0.0000 | fitness=2797.48
[REWARD DEBUG iter 500] FitnessImprovement: 0.0020 → Reward: +0.0004 (prevFit=2797.48, currFit=2797.48)
[REWARD DEBUG] Stagnation (normal): 0.0000 → Reward: 0.0
[REWARD DEBUG] Improvement: 0.0107 → Reward: +0.0023
[REWARD DEBUG] Improvement: 0.0000 → Reward: +0.0000
[REWARD DEBUG] Improvement: 0.0000 → Reward: +0.0000
[ACTION DEBUG iter 600] Raw action[1:3]: [0.9671, 1.0000, -0.9996], noise: 0.0500
[ACTION DEBUG iter 600] WARNING: 11/20 actions clipped (network saturating)
[RLAMPSO DEBUG iter 600] w=0.9000, c1=3.0000, c2=0.0400 | fitness=2759.47
[REWARD DEBUG iter 600] FitnessImprovement: 0.0748 → Reward: +0.0157 (prevFit=2759.47, currFit=2759.39)
[Ep  59/1000] Fit:  2759.4 | Avg:  2553.5 | Reward: -502.6 | Time:  65.3s
          Buffer: 30478 | Noise: 0.0744 | ActorLoss: -8.995e+00 | CriticLoss: 6.608e-02
[REWARD DEBUG] Stagnation (normal): 0.0000 → Reward: 0.0
[REWARD DEBUG] Stagnation (normal): 0.0000 → Reward: 0.0
[REWARD DEBUG] Stagnation (normal): 0.0000 → Reward: 0.0
[REWARD DEBUG] Stagnation (normal): 0.0000 → Reward: 0.0
[REWARD DEBUG] Stagnation (normal): 0.0000 → Reward: 0.0
[REWARD DEBUG] Stagnation (normal): 0.0000 → Reward: 0.0
[REWARD DEBUG] Stagnation (normal): 0.0000 → Reward: 0.0
[REWARD DEBUG] Stagnation (normal): 0.0000 → Reward: 0.0
[ACTION DEBUG iter 100] Raw action[1:3]: [0.9936, 1.0000, -0.9996], noise: 0.0500
[ACTION DEBUG iter 100] WARNING: 14/20 actions clipped (network saturating)
[RLAMPSO DEBUG iter 100] w=0.9000, c1=3.0000, c2=0.0000 | fitness=2246.10
[REWARD DEBUG iter 100] FitnessImprovement: 0.0000 → Reward: +0.0000 (prevFit=2246.10, currFit=2246.10)
[REWARD DEBUG] Stagnation (normal): 0.0000 → Reward: 0.0
[REWARD DEBUG] Stagnation (normal): 0.0000 → Reward: 0.0
[REWARD DEBUG] Stagnation (normal): 0.0000 → Reward: 0.0
[REWARD DEBUG] Stagnation (normal): 0.0000 → Reward: 0.0
[REWARD DEBUG] Stagnation (normal): 0.0000 → Reward: 0.0
[REWARD DEBUG] Stagnation (normal): 0.0000 → Reward: 0.0
[REWARD DEBUG] Stagnation (normal): 0.0000 → Reward: 0.0
[REWARD DEBUG] Stagnation (normal): 0.0000 → Reward: 0.0
[ACTION DEBUG iter 200] Raw action[1:3]: [0.9962, 1.0000, -0.9997], noise: 0.0500
[ACTION DEBUG iter 200] WARNING: 9/20 actions clipped (network saturating)
[RLAMPSO DEBUG iter 200] w=0.9000, c1=3.0000, c2=0.0000 | fitness=2066.87
[REWARD DEBUG iter 200] FitnessImprovement: 0.0000 → Reward: +0.0000 (prevFit=2066.87, currFit=2066.87)
[REWARD DEBUG] Stagnation (normal): 0.0000 → Reward: 0.0
[REWARD DEBUG] Stagnation (normal): 0.0000 → Reward: 0.0
[REWARD DEBUG] Stagnation (normal): 0.0000 → Reward: 0.0
[REWARD DEBUG] Stagnation (normal): 0.0000 → Reward: 0.0
[REWARD DEBUG] Stagnation (normal): 0.0000 → Reward: 0.0
[REWARD DEBUG] Stagnation (normal): 0.0000 → Reward: 0.0
[REWARD DEBUG] Stagnation (normal): 0.0000 → Reward: 0.0
[REWARD DEBUG] Stagnation (normal): 0.0000 → Reward: 0.0
[REWARD DEBUG] Stagnation (normal): 0.0000 → Reward: 0.0
[ACTION DEBUG iter 300] Raw action[1:3]: [0.9972, 1.0000, -0.9998], noise: 0.0500
[ACTION DEBUG iter 300] WARNING: 12/20 actions clipped (network saturating)
[RLAMPSO DEBUG iter 300] w=0.9000, c1=2.9588, c2=0.0000 | fitness=1986.05
[REWARD DEBUG iter 300] FitnessImprovement: 0.0000 → Reward: +0.0000 (prevFit=1986.05, currFit=1986.05)
[REWARD DEBUG] Stagnation (normal): 0.0000 → Reward: 0.0
[REWARD DEBUG] Stagnation (normal): 0.0000 → Reward: 0.0
[REWARD DEBUG] Stagnation (normal): 0.0000 → Reward: 0.0
[REWARD DEBUG] Stagnation (normal): 0.0000 → Reward: 0.0
[REWARD DEBUG] Stagnation (normal): 0.0000 → Reward: 0.0
[REWARD DEBUG] Stagnation (normal): 0.0000 → Reward: 0.0
[REWARD DEBUG] Stagnation (normal): 0.0000 → Reward: 0.0
[REWARD DEBUG] Stagnation (normal): 0.0000 → Reward: 0.0
[ACTION DEBUG iter 400] Raw action[1:3]: [0.9978, 1.0000, -0.9998], noise: 0.0500
[ACTION DEBUG iter 400] WARNING: 11/20 actions clipped (network saturating)
[RLAMPSO DEBUG iter 400] w=0.9000, c1=3.0000, c2=0.0000 | fitness=1980.44
[REWARD DEBUG iter 400] FitnessImprovement: 0.0000 → Reward: +0.0000 (prevFit=1980.44, currFit=1980.44)
[REWARD DEBUG] Stagnation (normal): 0.0000 → Reward: 0.0
[REWARD DEBUG] Stagnation (normal): 0.0000 → Reward: 0.0
[REWARD DEBUG] Stagnation (normal): 0.0000 → Reward: 0.0
[REWARD DEBUG] Stagnation (normal): 0.0000 → Reward: 0.0
[REWARD DEBUG] Stagnation (normal): 0.0000 → Reward: 0.0
[REWARD DEBUG] Stagnation (normal): 0.0000 → Reward: 0.0
[REWARD DEBUG] Stagnation (normal): 0.0000 → Reward: 0.0
[REWARD DEBUG] Stagnation (normal): 0.0000 → Reward: 0.0
[REWARD DEBUG] Stagnation (normal): 0.0000 → Reward: 0.0
[REWARD DEBUG] Stagnation (normal): 0.0000 → Reward: 0.0
[REWARD DEBUG] Stagnation (normal): 0.0000 → Reward: 0.0
[REWARD DEBUG] Stagnation (normal): 0.0000 → Reward: 0.0
[REWARD DEBUG] Stagnation (normal): 0.0000 → Reward: 0.0
[ACTION DEBUG iter 500] Raw action[1:3]: [0.9982, 1.0000, -0.9998], noise: 0.0500
[ACTION DEBUG iter 500] WARNING: 5/20 actions clipped (network saturating)
[RLAMPSO DEBUG iter 500] w=0.9000, c1=3.0000, c2=0.0275 | fitness=1908.59
[REWARD DEBUG iter 500] FitnessImprovement: 0.0000 → Reward: +0.0000 (prevFit=1908.59, currFit=1908.59)
[REWARD DEBUG] Stagnation (normal): 0.0000 → Reward: 0.0
[REWARD DEBUG] Stagnation (normal): 0.0000 → Reward: 0.0
[REWARD DEBUG] Stagnation (normal): 0.0000 → Reward: 0.0
[REWARD DEBUG] Stagnation (normal): 0.0000 → Reward: 0.0
[REWARD DEBUG] Stagnation (normal): 0.0000 → Reward: 0.0
[REWARD DEBUG] Stagnation (normal): 0.0000 → Reward: 0.0
[ACTION DEBUG iter 600] Raw action[1:3]: [0.9985, 1.0000, -0.9998], noise: 0.0500
[ACTION DEBUG iter 600] WARNING: 15/20 actions clipped (network saturating)
[RLAMPSO DEBUG iter 600] w=0.9000, c1=2.9286, c2=0.0000 | fitness=1908.59
[REWARD DEBUG iter 600] FitnessImprovement: 0.0000 → Reward: +0.0000 (prevFit=1908.59, currFit=1908.59)

=== CURRICULUM ADVANCEMENT ===
Advanced from Level 3 (Hard) to Level 4 (Expert)
Success Rate: 100.0% (threshold: 80.0%)
Total Episodes: 60
==============================

[Ep  60/1000] Fit:  1908.6 | Avg:  2496.9 | Reward: -446.0 | Time:  81.8s
          Buffer: 31028 | Noise: 0.0740 | ActorLoss: -9.776e+00 | CriticLoss: 8.468e-02
[REWARD DEBUG] Stagnation (normal): 0.0000 → Reward: 0.0
[REWARD DEBUG] Stagnation (normal): 0.0000 → Reward: 0.0
[REWARD DEBUG] Stagnation (normal): 0.0000 → Reward: 0.0
[ACTION DEBUG iter 100] Raw action[1:3]: [0.9986, 1.0000, -0.9999], noise: 0.0500
[ACTION DEBUG iter 100] WARNING: 9/20 actions clipped (network saturating)
[RLAMPSO DEBUG iter 100] w=0.9000, c1=2.9729, c2=0.0931 | fitness=2207.94
[REWARD DEBUG iter 100] FitnessImprovement: 0.0000 → Reward: +0.0000 (prevFit=2207.94, currFit=2207.94)
[REWARD DEBUG] Improvement: 1.3043 → Reward: +0.1813
[REWARD DEBUG] Stagnation (normal): 0.0000 → Reward: 0.0
[REWARD DEBUG] Stagnation (normal): 0.0000 → Reward: 0.0
[REWARD DEBUG] Improvement: 0.0692 → Reward: +0.0145
[REWARD DEBUG] Stagnation (normal): 0.0000 → Reward: 0.0
[REWARD DEBUG] Stagnation (normal): 0.0000 → Reward: 0.0
[REWARD DEBUG] Stagnation (normal): 0.0000 → Reward: 0.0
[REWARD DEBUG] Stagnation (normal): 0.0000 → Reward: 0.0
[ACTION DEBUG iter 200] Raw action[1:3]: [0.9988, 1.0000, -0.9999], noise: 0.0500
[ACTION DEBUG iter 200] WARNING: 9/20 actions clipped (network saturating)
[RLAMPSO DEBUG iter 200] w=0.9000, c1=3.0000, c2=0.0000 | fitness=2078.73
[REWARD DEBUG iter 200] FitnessImprovement: 0.0000 → Reward: +0.0000 (prevFit=2078.73, currFit=2078.73)
[REWARD DEBUG] Stagnation (normal): 0.0000 → Reward: 0.0
[REWARD DEBUG] Stagnation (normal): 0.0000 → Reward: 0.0
[REWARD DEBUG] Stagnation (normal): 0.0000 → Reward: 0.0
[REWARD DEBUG] Stagnation (normal): 0.0000 → Reward: 0.0
[REWARD DEBUG] Stagnation (normal): 0.0000 → Reward: 0.0
[REWARD DEBUG] Stagnation (normal): 0.0000 → Reward: 0.0
[REWARD DEBUG] Stagnation (normal): 0.0000 → Reward: 0.0
[REWARD DEBUG] Stagnation (normal): 0.0000 → Reward: 0.0
[REWARD DEBUG] Stagnation (normal): 0.0000 → Reward: 0.0
[REWARD DEBUG] Stagnation (normal): 0.0000 → Reward: 0.0
[REWARD DEBUG] Stagnation (normal): 0.0000 → Reward: 0.0
[REWARD DEBUG] Stagnation (normal): 0.0000 → Reward: 0.0
[REWARD DEBUG] Stagnation (normal): 0.0000 → Reward: 0.0
[REWARD DEBUG] Stagnation (normal): 0.0000 → Reward: 0.0
[ACTION DEBUG iter 300] Raw action[1:3]: [0.9990, 1.0000, -0.9999], noise: 0.0500
[ACTION DEBUG iter 300] WARNING: 9/20 actions clipped (network saturating)
[RLAMPSO DEBUG iter 300] w=0.9000, c1=2.9713, c2=0.1343 | fitness=2063.59
[REWARD DEBUG iter 300] FitnessImprovement: 0.0000 → Reward: +0.0000 (prevFit=2063.59, currFit=2063.59)
[REWARD DEBUG] Stagnation (normal): 0.0000 → Reward: 0.0
[REWARD DEBUG] Stagnation (normal): 0.0000 → Reward: 0.0
[REWARD DEBUG] Stagnation (normal): 0.0000 → Reward: 0.0
[REWARD DEBUG] Stagnation (normal): 0.0000 → Reward: 0.0
[REWARD DEBUG] Stagnation (normal): 0.0000 → Reward: 0.0
[REWARD DEBUG] Stagnation (normal): 0.0000 → Reward: 0.0
[REWARD DEBUG] Stagnation (normal): 0.0000 → Reward: 0.0
[REWARD DEBUG] Stagnation (normal): 0.0000 → Reward: 0.0
[REWARD DEBUG] Stagnation (normal): 0.0000 → Reward: 0.0
[ACTION DEBUG iter 400] Raw action[1:3]: [0.9991, 1.0000, -0.9999], noise: 0.0500
[ACTION DEBUG iter 400] WARNING: 10/20 actions clipped (network saturating)
[RLAMPSO DEBUG iter 400] w=0.9000, c1=2.9301, c2=0.1493 | fitness=2000.15
[REWARD DEBUG iter 400] FitnessImprovement: 0.0000 → Reward: +0.0000 (prevFit=2000.15, currFit=2000.15)
[REWARD DEBUG] Stagnation (normal): 0.0000 → Reward: 0.0
[REWARD DEBUG] Stagnation (normal): 0.0000 → Reward: 0.0
[REWARD DEBUG] Stagnation (normal): 0.0000 → Reward: 0.0
[REWARD DEBUG] Stagnation (normal): 0.0000 → Reward: 0.0
[REWARD DEBUG] Stagnation (normal): 0.0000 → Reward: 0.0
[REWARD DEBUG] Stagnation (normal): 0.0000 → Reward: 0.0
[REWARD DEBUG] Stagnation (normal): 0.0000 → Reward: 0.0
[REWARD DEBUG] Stagnation (normal): 0.0000 → Reward: 0.0
[REWARD DEBUG] Stagnation (normal): 0.0000 → Reward: 0.0
[REWARD DEBUG] Stagnation (normal): 0.0000 → Reward: 0.0
[ACTION DEBUG iter 500] Raw action[1:3]: [0.9992, 1.0000, -0.9999], noise: 0.0500
[ACTION DEBUG iter 500] WARNING: 7/20 actions clipped (network saturating)
[RLAMPSO DEBUG iter 500] w=0.9000, c1=3.0000, c2=0.0439 | fitness=2000.15
[REWARD DEBUG iter 500] FitnessImprovement: 0.0000 → Reward: +0.0000 (prevFit=2000.15, currFit=2000.15)
[REWARD DEBUG] Stagnation (normal): 0.0000 → Reward: 0.0
[REWARD DEBUG] Stagnation (normal): 0.0000 → Reward: 0.0
[REWARD DEBUG] Stagnation (normal): 0.0000 → Reward: 0.0
[REWARD DEBUG] Stagnation (normal): 0.0000 → Reward: 0.0
[REWARD DEBUG] Stagnation (normal): 0.0000 → Reward: 0.0
[REWARD DEBUG] Stagnation (normal): 0.0000 → Reward: 0.0
[REWARD DEBUG] Stagnation (normal): 0.0000 → Reward: 0.0
[REWARD DEBUG] Stagnation (normal): 0.0000 → Reward: 0.0
[REWARD DEBUG] Stagnation (normal): 0.0000 → Reward: 0.0
[REWARD DEBUG] Stagnation (normal): 0.0000 → Reward: 0.0
[REWARD DEBUG] Stagnation (normal): 0.0000 → Reward: 0.0
[REWARD DEBUG] Stagnation (normal): 0.0000 → Reward: 0.0
[ACTION DEBUG iter 600] Raw action[1:3]: [0.9993, 1.0000, -0.9999], noise: 0.0500
[ACTION DEBUG iter 600] WARNING: 8/20 actions clipped (network saturating)
[RLAMPSO DEBUG iter 600] w=0.9000, c1=3.0000, c2=0.0160 | fitness=1975.16
[REWARD DEBUG iter 600] FitnessImprovement: 0.0000 → Reward: +0.0000 (prevFit=1975.16, currFit=1975.16)
[Ep  61/1000] Fit:  1975.2 | Avg:  2464.6 | Reward: -413.7 | Time: 117.4s
          Buffer: 31578 | Noise: 0.0737 | ActorLoss: -8.067e+00 | CriticLoss: 7.018e-02
[REWARD DEBUG] Stagnation (normal): 0.0000 → Reward: 0.0
[REWARD DEBUG] Stagnation (normal): 0.0000 → Reward: 0.0
[REWARD DEBUG] Stagnation (normal): 0.0000 → Reward: 0.0
[REWARD DEBUG] Stagnation (normal): 0.0000 → Reward: 0.0
[REWARD DEBUG] Stagnation (normal): 0.0000 → Reward: 0.0
[REWARD DEBUG] Stagnation (normal): 0.0000 → Reward: 0.0
[REWARD DEBUG] Stagnation (normal): 0.0000 → Reward: 0.0
[REWARD DEBUG] Stagnation (normal): 0.0000 → Reward: 0.0
[ACTION DEBUG iter 100] Raw action[1:3]: [0.9993, 1.0000, -0.9999], noise: 0.0500
[ACTION DEBUG iter 100] WARNING: 12/20 actions clipped (network saturating)
[RLAMPSO DEBUG iter 100] w=0.9000, c1=3.0000, c2=0.0643 | fitness=2335.88
[REWARD DEBUG iter 100] FitnessImprovement: 0.0000 → Reward: +0.0000 (prevFit=2335.88, currFit=2335.88)
[REWARD DEBUG] Stagnation (normal): 0.0000 → Reward: 0.0
[REWARD DEBUG] Stagnation (normal): 0.0000 → Reward: 0.0
[REWARD DEBUG] Stagnation (normal): 0.0000 → Reward: 0.0
[REWARD DEBUG] Stagnation (normal): 0.0000 → Reward: 0.0
[REWARD DEBUG] Improvement: 0.5083 → Reward: +0.0892
[REWARD DEBUG] Stagnation (normal): 0.0000 → Reward: 0.0
[REWARD DEBUG] Stagnation (normal): 0.0000 → Reward: 0.0
[REWARD DEBUG] Stagnation (normal): 0.0000 → Reward: 0.0
[REWARD DEBUG] Stagnation (normal): 0.0000 → Reward: 0.0
[REWARD DEBUG] Stagnation (normal): 0.0000 → Reward: 0.0
[REWARD DEBUG] Stagnation (normal): 0.0000 → Reward: 0.0
[REWARD DEBUG] Stagnation (normal): 0.0000 → Reward: 0.0
[REWARD DEBUG] Stagnation (normal): 0.0000 → Reward: 0.0
[REWARD DEBUG] Stagnation (normal): 0.0000 → Reward: 0.0
[REWARD DEBUG] Stagnation (normal): 0.0000 → Reward: 0.0
[ACTION DEBUG iter 200] Raw action[1:3]: [0.9994, 1.0000, -0.9999], noise: 0.0500
[ACTION DEBUG iter 200] WARNING: 13/20 actions clipped (network saturating)
[RLAMPSO DEBUG iter 200] w=0.9000, c1=3.0000, c2=0.0329 | fitness=2097.55
[REWARD DEBUG iter 200] FitnessImprovement: 0.0000 → Reward: +0.0000 (prevFit=2097.55, currFit=2097.55)
[REWARD DEBUG] Stagnation (normal): 0.0000 → Reward: 0.0
[REWARD DEBUG] Stagnation (normal): 0.0000 → Reward: 0.0
[REWARD DEBUG] Stagnation (normal): 0.0000 → Reward: 0.0
[REWARD DEBUG] Stagnation (normal): 0.0000 → Reward: 0.0
[REWARD DEBUG] Stagnation (normal): 0.0000 → Reward: 0.0
[REWARD DEBUG] Stagnation (normal): 0.0000 → Reward: 0.0
[REWARD DEBUG] Stagnation (normal): 0.0000 → Reward: 0.0
[REWARD DEBUG] Stagnation (normal): 0.0000 → Reward: 0.0
[REWARD DEBUG] Stagnation (normal): 0.0000 → Reward: 0.0
[ACTION DEBUG iter 300] Raw action[1:3]: [0.9994, 1.0000, -0.9999], noise: 0.0500
[ACTION DEBUG iter 300] WARNING: 14/20 actions clipped (network saturating)
[RLAMPSO DEBUG iter 300] w=0.9000, c1=3.0000, c2=0.0000 | fitness=2090.94
[REWARD DEBUG iter 300] FitnessImprovement: 0.0000 → Reward: +0.0000 (prevFit=2090.94, currFit=2090.94)
[REWARD DEBUG] Stagnation (normal): 0.0000 → Reward: 0.0
[REWARD DEBUG] Stagnation (normal): 0.0000 → Reward: 0.0
[REWARD DEBUG] Stagnation (normal): 0.0000 → Reward: 0.0
[REWARD DEBUG] Stagnation (normal): 0.0000 → Reward: 0.0
[REWARD DEBUG] Stagnation (normal): 0.0000 → Reward: 0.0
[REWARD DEBUG] Stagnation (normal): 0.0000 → Reward: 0.0
[REWARD DEBUG] Stagnation (normal): 0.0000 → Reward: 0.0
[REWARD DEBUG] Stagnation (normal): 0.0000 → Reward: 0.0
[REWARD DEBUG] Stagnation (normal): 0.0000 → Reward: 0.0
[REWARD DEBUG] Stagnation (normal): 0.0000 → Reward: 0.0
[REWARD DEBUG] Stagnation (normal): 0.0000 → Reward: 0.0
[REWARD DEBUG] Stagnation (normal): 0.0000 → Reward: 0.0
[REWARD DEBUG] Stagnation (normal): 0.0000 → Reward: 0.0
[ACTION DEBUG iter 400] Raw action[1:3]: [0.9995, 1.0000, -0.9999], noise: 0.0500
[ACTION DEBUG iter 400] WARNING: 10/20 actions clipped (network saturating)
[RLAMPSO DEBUG iter 400] w=0.9000, c1=2.9516, c2=0.0000 | fitness=2020.91
[REWARD DEBUG iter 400] FitnessImprovement: 0.0000 → Reward: +0.0000 (prevFit=2020.91, currFit=2020.91)
[REWARD DEBUG] Stagnation (normal): 0.0000 → Reward: 0.0
[REWARD DEBUG] Stagnation (normal): 0.0000 → Reward: 0.0
[REWARD DEBUG] Stagnation (normal): 0.0000 → Reward: 0.0
[REWARD DEBUG] Stagnation (normal): 0.0000 → Reward: 0.0
[REWARD DEBUG] Stagnation (normal): 0.0000 → Reward: 0.0
[REWARD DEBUG] Stagnation (normal): 0.0000 → Reward: 0.0
[REWARD DEBUG] Stagnation (normal): 0.0000 → Reward: 0.0
[REWARD DEBUG] Stagnation (normal): 0.0000 → Reward: 0.0
[REWARD DEBUG] Stagnation (normal): 0.0000 → Reward: 0.0
[REWARD DEBUG] Stagnation (normal): 0.0000 → Reward: 0.0
[REWARD DEBUG] Stagnation (normal): 0.0000 → Reward: 0.0
[REWARD DEBUG] Stagnation (normal): 0.0000 → Reward: 0.0
[REWARD DEBUG] Stagnation (normal): 0.0000 → Reward: 0.0
[REWARD DEBUG] Stagnation (normal): 0.0000 → Reward: 0.0
[ACTION DEBUG iter 500] Raw action[1:3]: [0.9995, 1.0000, -0.9999], noise: 0.0500
[ACTION DEBUG iter 500] WARNING: 8/20 actions clipped (network saturating)
[RLAMPSO DEBUG iter 500] w=0.9000, c1=3.0000, c2=0.0000 | fitness=2020.91
[REWARD DEBUG iter 500] FitnessImprovement: 0.0000 → Reward: +0.0000 (prevFit=2020.91, currFit=2020.91)
[Ep  62/1000] Fit:  2020.9 | Avg:  2403.3 | Reward: -352.4 | Time: 111.2s
          Buffer: 32042 | Noise: 0.0733 | ActorLoss: -6.736e+00 | CriticLoss: 1.139e-01
[REWARD DEBUG] Improvement: 4.6375 → Reward: +0.3755
[REWARD DEBUG] Stagnation (normal): 0.0000 → Reward: 0.0
[REWARD DEBUG] Improvement: 79.9668 → Reward: +0.9542
[REWARD DEBUG] Improvement: 9.2612 → Reward: +0.5056
[REWARD DEBUG] Stagnation (normal): 0.0000 → Reward: 0.0
[REWARD DEBUG] Stagnation (normal): 0.0000 → Reward: 0.0
[REWARD DEBUG] Stagnation (normal): 0.0000 → Reward: 0.0
[REWARD DEBUG] Stagnation (normal): 0.0000 → Reward: 0.0
[REWARD DEBUG] Stagnation (normal): 0.0000 → Reward: 0.0
[REWARD DEBUG] Stagnation (normal): 0.0000 → Reward: 0.0
[REWARD DEBUG] Stagnation (normal): 0.0000 → Reward: 0.0
[REWARD DEBUG] Stagnation (normal): 0.0000 → Reward: 0.0
[REWARD DEBUG] Stagnation (normal): 0.0000 → Reward: 0.0
[ACTION DEBUG iter 100] Raw action[1:3]: [0.9995, 1.0000, -1.0000], noise: 0.0500
[ACTION DEBUG iter 100] WARNING: 8/20 actions clipped (network saturating)
[RLAMPSO DEBUG iter 100] w=0.9000, c1=3.0000, c2=0.0000 | fitness=2430.29
[REWARD DEBUG iter 100] FitnessImprovement: 0.0000 → Reward: +0.0000 (prevFit=2430.29, currFit=2430.29)
[REWARD DEBUG] Stagnation (normal): 0.0000 → Reward: 0.0
[REWARD DEBUG] Improvement: 12.4050 → Reward: +0.5636
[REWARD DEBUG] Stagnation (normal): 0.0000 → Reward: 0.0
[REWARD DEBUG] Stagnation (normal): 0.0000 → Reward: 0.0
[REWARD DEBUG] Stagnation (normal): 0.0000 → Reward: 0.0
[REWARD DEBUG] Stagnation (normal): 0.0000 → Reward: 0.0
[REWARD DEBUG] Stagnation (normal): 0.0000 → Reward: 0.0
[REWARD DEBUG] Stagnation (normal): 0.0000 → Reward: 0.0
[ACTION DEBUG iter 200] Raw action[1:3]: [0.9995, 1.0000, -1.0000], noise: 0.0500
[ACTION DEBUG iter 200] WARNING: 9/20 actions clipped (network saturating)
[RLAMPSO DEBUG iter 200] w=0.9000, c1=2.9842, c2=0.0868 | fitness=2188.54
[REWARD DEBUG iter 200] FitnessImprovement: 0.0000 → Reward: +0.0000 (prevFit=2188.54, currFit=2188.54)
[REWARD DEBUG] Stagnation (normal): 0.0000 → Reward: 0.0
[REWARD DEBUG] Improvement: 82.9548 → Reward: +0.9620
[REWARD DEBUG] Stagnation (normal): 0.0000 → Reward: 0.0
[REWARD DEBUG] Stagnation (normal): 0.0000 → Reward: 0.0
[REWARD DEBUG] Stagnation (normal): 0.0000 → Reward: 0.0
[REWARD DEBUG] Stagnation (normal): 0.0000 → Reward: 0.0
[REWARD DEBUG] Stagnation (normal): 0.0000 → Reward: 0.0
[ACTION DEBUG iter 300] Raw action[1:3]: [0.9996, 1.0000, -0.9999], noise: 0.0500
[ACTION DEBUG iter 300] WARNING: 12/20 actions clipped (network saturating)
[RLAMPSO DEBUG iter 300] w=0.9000, c1=2.8801, c2=0.0102 | fitness=2002.97
[REWARD DEBUG iter 300] FitnessImprovement: 0.0000 → Reward: +0.0000 (prevFit=2002.97, currFit=2002.97)
[REWARD DEBUG] Stagnation (normal): 0.0000 → Reward: 0.0
[REWARD DEBUG] Stagnation (normal): 0.0000 → Reward: 0.0
[REWARD DEBUG] Stagnation (normal): 0.0000 → Reward: 0.0
[REWARD DEBUG] Stagnation (normal): 0.0000 → Reward: 0.0
[REWARD DEBUG] Stagnation (normal): 0.0000 → Reward: 0.0
[REWARD DEBUG] Stagnation (normal): 0.0000 → Reward: 0.0
[REWARD DEBUG] Stagnation (normal): 0.0000 → Reward: 0.0
[REWARD DEBUG] Stagnation (normal): 0.0000 → Reward: 0.0
[REWARD DEBUG] Stagnation (normal): 0.0000 → Reward: 0.0
[Ep  63/1000] Fit:  2003.0 | Avg:  2345.3 | Reward: -294.3 | Time:  85.4s
          Buffer: 32379 | Noise: 0.0729 | ActorLoss: -6.618e+00 | CriticLoss: 4.541e-02
[REWARD DEBUG] Stagnation (normal): 0.0000 → Reward: 0.0
[REWARD DEBUG] Improvement: 4.2040 → Reward: +0.3582
[REWARD DEBUG] Stagnation (normal): 0.0000 → Reward: 0.0
[REWARD DEBUG] Stagnation (normal): 0.0000 → Reward: 0.0
[REWARD DEBUG] Stagnation (normal): 0.0000 → Reward: 0.0
[ACTION DEBUG iter 100] Raw action[1:3]: [0.9997, 1.0000, -0.9999], noise: 0.0500
[ACTION DEBUG iter 100] WARNING: 10/20 actions clipped (network saturating)
[RLAMPSO DEBUG iter 100] w=0.9000, c1=2.9876, c2=0.0000 | fitness=2391.83
[REWARD DEBUG iter 100] FitnessImprovement: 0.0000 → Reward: +0.0000 (prevFit=2391.83, currFit=2391.83)
[REWARD DEBUG] Stagnation (normal): 0.0000 → Reward: 0.0
[REWARD DEBUG] Stagnation (normal): 0.0000 → Reward: 0.0
[REWARD DEBUG] Stagnation (normal): 0.0000 → Reward: 0.0
[REWARD DEBUG] Improvement: 7.8515 → Reward: +0.4735
[REWARD DEBUG] Stagnation (normal): 0.0000 → Reward: 0.0
[REWARD DEBUG] Stagnation (normal): 0.0000 → Reward: 0.0
[ACTION DEBUG iter 200] Raw action[1:3]: [0.9997, 1.0000, -0.9992], noise: 0.0500
[ACTION DEBUG iter 200] WARNING: 10/20 actions clipped (network saturating)
[RLAMPSO DEBUG iter 200] w=0.9000, c1=2.8578, c2=0.0434 | fitness=2083.00
[REWARD DEBUG iter 200] FitnessImprovement: 0.0000 → Reward: +0.0000 (prevFit=2083.00, currFit=2083.00)
[REWARD DEBUG] Stagnation (normal): 0.0000 → Reward: 0.0
[REWARD DEBUG] Stagnation (normal): 0.0000 → Reward: 0.0
[REWARD DEBUG] Stagnation (normal): 0.0000 → Reward: 0.0
[REWARD DEBUG] Stagnation (normal): 0.0000 → Reward: 0.0
[REWARD DEBUG] Stagnation (normal): 0.0000 → Reward: 0.0
[REWARD DEBUG] Stagnation (normal): 0.0000 → Reward: 0.0
[REWARD DEBUG] Stagnation (normal): 0.0000 → Reward: 0.0
[REWARD DEBUG] Stagnation (normal): 0.0000 → Reward: 0.0
[REWARD DEBUG] Stagnation (normal): 0.0000 → Reward: 0.0
[REWARD DEBUG] Stagnation (normal): 0.0000 → Reward: 0.0
[ACTION DEBUG iter 300] Raw action[1:3]: [0.9998, 1.0000, 0.1544], noise: 0.0500
[ACTION DEBUG iter 300] WARNING: 14/20 actions clipped (network saturating)
[RLAMPSO DEBUG iter 300] w=0.9000, c1=3.0000, c2=1.7167 | fitness=2052.54
[REWARD DEBUG iter 300] FitnessImprovement: 0.0000 → Reward: +0.0000 (prevFit=2052.54, currFit=2052.54)
[REWARD DEBUG] Stagnation (normal): 0.0000 → Reward: 0.0
[REWARD DEBUG] Stagnation (normal): 0.0000 → Reward: 0.0
[REWARD DEBUG] Stagnation (normal): 0.0000 → Reward: 0.0
[REWARD DEBUG] Improvement: 19.6378 → Reward: +0.6573
[REWARD DEBUG] Stagnation (normal): 0.0000 → Reward: 0.0
[REWARD DEBUG] Stagnation (normal): 0.0000 → Reward: 0.0
[REWARD DEBUG] Stagnation (normal): 0.0000 → Reward: 0.0
[REWARD DEBUG] Stagnation (normal): 0.0000 → Reward: 0.0
[ACTION DEBUG iter 400] Raw action[1:3]: [1.0000, 1.0000, 0.9992], noise: 0.0500
[ACTION DEBUG iter 400] WARNING: 8/20 actions clipped (network saturating)
[RLAMPSO DEBUG iter 400] w=0.9000, c1=2.8947, c2=2.9274 | fitness=1814.21
[REWARD DEBUG iter 400] FitnessImprovement: 0.0000 → Reward: +0.0000 (prevFit=1814.21, currFit=1814.21)
[REWARD DEBUG] Stagnation (normal): 0.0000 → Reward: 0.0
[REWARD DEBUG] Stagnation (normal): 0.0000 → Reward: 0.0
[REWARD DEBUG] Stagnation (normal): 0.0000 → Reward: 0.0
[REWARD DEBUG] Stagnation (normal): 0.0000 → Reward: 0.0
[REWARD DEBUG] Stagnation (normal): 0.0000 → Reward: 0.0
[REWARD DEBUG] Stagnation (normal): 0.0000 → Reward: 0.0
[REWARD DEBUG] Stagnation (normal): 0.0000 → Reward: 0.0
[REWARD DEBUG] Stagnation (normal): 0.0000 → Reward: 0.0
[REWARD DEBUG] Stagnation (normal): 0.0000 → Reward: 0.0
[ACTION DEBUG iter 500] Raw action[1:3]: [1.0000, 1.0000, 0.9994], noise: 0.0500
[ACTION DEBUG iter 500] WARNING: 8/20 actions clipped (network saturating)
[RLAMPSO DEBUG iter 500] w=0.9000, c1=2.9545, c2=3.0000 | fitness=1814.21
[REWARD DEBUG iter 500] FitnessImprovement: 0.0000 → Reward: +0.0000 (prevFit=1814.21, currFit=1814.21)
[REWARD DEBUG] Stagnation (normal): 0.0000 → Reward: 0.0
[REWARD DEBUG] Stagnation (normal): 0.0000 → Reward: 0.0
[REWARD DEBUG] Stagnation (normal): 0.0000 → Reward: 0.0
[REWARD DEBUG] Stagnation (normal): 0.0000 → Reward: 0.0
[REWARD DEBUG] Stagnation (normal): 0.0000 → Reward: 0.0
[REWARD DEBUG] Stagnation (normal): 0.0000 → Reward: 0.0
[Ep  64/1000] Fit:  1814.2 | Avg:  2288.8 | Reward: -237.9 | Time: 111.9s
          Buffer: 32873 | Noise: 0.0726 | ActorLoss: -9.083e+00 | CriticLoss: 5.517e-02
[REWARD DEBUG] Stagnation (normal): 0.0000 → Reward: 0.0
[REWARD DEBUG] Improvement: 37.2182 → Reward: +0.7911
[REWARD DEBUG] Stagnation (normal): 0.0000 → Reward: 0.0
[REWARD DEBUG] Stagnation (normal): 0.0000 → Reward: 0.0
[REWARD DEBUG] Stagnation (normal): 0.0000 → Reward: 0.0
[REWARD DEBUG] Stagnation (normal): 0.0000 → Reward: 0.0
[REWARD DEBUG] Stagnation (normal): 0.0000 → Reward: 0.0
[REWARD DEBUG] Stagnation (normal): 0.0000 → Reward: 0.0
[REWARD DEBUG] Stagnation (normal): 0.0000 → Reward: 0.0
[REWARD DEBUG] Stagnation (normal): 0.0000 → Reward: 0.0
[REWARD DEBUG] Stagnation (normal): 0.0000 → Reward: 0.0
[REWARD DEBUG] Stagnation (normal): 0.0000 → Reward: 0.0
[ACTION DEBUG iter 100] Raw action[1:3]: [1.0000, 1.0000, 0.9996], noise: 0.0500
[ACTION DEBUG iter 100] WARNING: 9/20 actions clipped (network saturating)
[RLAMPSO DEBUG iter 100] w=0.9000, c1=2.9543, c2=2.8743 | fitness=2052.35
[REWARD DEBUG iter 100] FitnessImprovement: 0.0000 → Reward: +0.0000 (prevFit=2052.35, currFit=2052.35)
[REWARD DEBUG] Stagnation (normal): 0.0000 → Reward: 0.0
[REWARD DEBUG] Stagnation (normal): 0.0000 → Reward: 0.0
[REWARD DEBUG] Stagnation (normal): 0.0000 → Reward: 0.0
[REWARD DEBUG] Stagnation (normal): 0.0000 → Reward: 0.0
[REWARD DEBUG] Stagnation (normal): 0.0000 → Reward: 0.0
[REWARD DEBUG] Stagnation (normal): 0.0000 → Reward: 0.0
[REWARD DEBUG] Stagnation (normal): 0.0000 → Reward: 0.0
[REWARD DEBUG] Stagnation (normal): 0.0000 → Reward: 0.0
[REWARD DEBUG] Stagnation (normal): 0.0000 → Reward: 0.0
[ACTION DEBUG iter 200] Raw action[1:3]: [1.0000, 1.0000, 0.9997], noise: 0.0500
[ACTION DEBUG iter 200] WARNING: 11/20 actions clipped (network saturating)
[RLAMPSO DEBUG iter 200] w=0.9000, c1=2.9571, c2=3.0000 | fitness=1987.43
[REWARD DEBUG iter 200] FitnessImprovement: 0.0000 → Reward: +0.0000 (prevFit=1987.43, currFit=1987.43)
[REWARD DEBUG] Stagnation (normal): 0.0000 → Reward: 0.0
[REWARD DEBUG] Stagnation (normal): 0.0000 → Reward: 0.0
[REWARD DEBUG] Stagnation (normal): 0.0000 → Reward: 0.0
[REWARD DEBUG] Stagnation (normal): 0.0000 → Reward: 0.0
[REWARD DEBUG] Stagnation (normal): 0.0000 → Reward: 0.0
[REWARD DEBUG] Stagnation (normal): 0.0000 → Reward: 0.0
[REWARD DEBUG] Stagnation (normal): 0.0000 → Reward: 0.0
[REWARD DEBUG] Stagnation (normal): 0.0000 → Reward: 0.0
[ACTION DEBUG iter 300] Raw action[1:3]: [1.0000, 1.0000, 0.9997], noise: 0.0500
[ACTION DEBUG iter 300] WARNING: 13/20 actions clipped (network saturating)
[RLAMPSO DEBUG iter 300] w=0.9000, c1=3.0000, c2=2.9938 | fitness=1930.35
[REWARD DEBUG iter 300] FitnessImprovement: 0.0000 → Reward: +0.0000 (prevFit=1930.35, currFit=1930.35)
[REWARD DEBUG] Stagnation (normal): 0.0000 → Reward: 0.0
[REWARD DEBUG] Stagnation (normal): 0.0000 → Reward: 0.0
[REWARD DEBUG] Stagnation (normal): 0.0000 → Reward: 0.0
[REWARD DEBUG] Stagnation (normal): 0.0000 → Reward: 0.0
[REWARD DEBUG] Stagnation (normal): 0.0000 → Reward: 0.0
[REWARD DEBUG] Stagnation (normal): 0.0000 → Reward: 0.0
[REWARD DEBUG] Stagnation (normal): 0.0000 → Reward: 0.0
[REWARD DEBUG] Stagnation (normal): 0.0000 → Reward: 0.0
[REWARD DEBUG] Stagnation (normal): 0.0000 → Reward: 0.0
[REWARD DEBUG] Stagnation (normal): 0.0000 → Reward: 0.0
[ACTION DEBUG iter 400] Raw action[1:3]: [1.0000, 1.0000, 0.9998], noise: 0.0500
[ACTION DEBUG iter 400] WARNING: 10/20 actions clipped (network saturating)
[RLAMPSO DEBUG iter 400] w=0.9000, c1=2.9692, c2=3.0000 | fitness=1857.70
[REWARD DEBUG iter 400] FitnessImprovement: 0.0000 → Reward: +0.0000 (prevFit=1857.70, currFit=1857.70)
[REWARD DEBUG] Stagnation (normal): 0.0000 → Reward: 0.0
[REWARD DEBUG] Stagnation (normal): 0.0000 → Reward: 0.0
[REWARD DEBUG] Stagnation (normal): 0.0000 → Reward: 0.0
[REWARD DEBUG] Stagnation (normal): 0.0000 → Reward: 0.0
[REWARD DEBUG] Stagnation (normal): 0.0000 → Reward: 0.0
[REWARD DEBUG] Stagnation (normal): 0.0000 → Reward: 0.0
[REWARD DEBUG] Stagnation (normal): 0.0000 → Reward: 0.0
[REWARD DEBUG] Stagnation (normal): 0.0000 → Reward: 0.0
[ACTION DEBUG iter 500] Raw action[1:3]: [1.0000, 1.0000, 0.9999], noise: 0.0500
[ACTION DEBUG iter 500] WARNING: 6/20 actions clipped (network saturating)
[RLAMPSO DEBUG iter 500] w=0.9000, c1=2.9916, c2=2.9178 | fitness=1842.04
[REWARD DEBUG iter 500] FitnessImprovement: 0.0000 → Reward: +0.0000 (prevFit=1842.04, currFit=1842.04)
[REWARD DEBUG] Stagnation (normal): 0.0000 → Reward: 0.0
[REWARD DEBUG] Stagnation (normal): 0.0000 → Reward: 0.0
[REWARD DEBUG] Stagnation (normal): 0.0000 → Reward: 0.0
[REWARD DEBUG] Stagnation (normal): 0.0000 → Reward: 0.0
[REWARD DEBUG] Stagnation (normal): 0.0000 → Reward: 0.0
[REWARD DEBUG] Stagnation (normal): 0.0000 → Reward: 0.0
[REWARD DEBUG] Stagnation (normal): 0.0000 → Reward: 0.0
[REWARD DEBUG] Stagnation (normal): 0.0000 → Reward: 0.0
[REWARD DEBUG] Stagnation (normal): 0.0000 → Reward: 0.0
[REWARD DEBUG] Stagnation (normal): 0.0000 → Reward: 0.0
[ACTION DEBUG iter 600] Raw action[1:3]: [1.0000, 1.0000, 0.9999], noise: 0.0500
[ACTION DEBUG iter 600] WARNING: 13/20 actions clipped (network saturating)
[RLAMPSO DEBUG iter 600] w=0.9000, c1=3.0000, c2=2.9596 | fitness=1842.04
[REWARD DEBUG] Stagnation (normal): 0.0000 → Reward: 0.0
[REWARD DEBUG iter 600] FitnessImprovement: 0.0000 → Reward: +0.0000 (prevFit=1842.04, currFit=1842.04)
[Ep  65/1000] Fit:  1842.0 | Avg:  2232.8 | Reward: -181.9 | Time: 142.3s
          Buffer: 33423 | Noise: 0.0722 | ActorLoss: -3.650e+01 | CriticLoss: 5.797e-01
[REWARD DEBUG] Stagnation (normal): 0.0000 → Reward: 0.0
[REWARD DEBUG] Stagnation (normal): 0.0000 → Reward: 0.0
[REWARD DEBUG] Stagnation (normal): 0.0000 → Reward: 0.0
[REWARD DEBUG] Stagnation (normal): 0.0000 → Reward: 0.0
[REWARD DEBUG] Stagnation (normal): 0.0000 → Reward: 0.0
[REWARD DEBUG] Stagnation (normal): 0.0000 → Reward: 0.0
[ACTION DEBUG iter 100] Raw action[1:3]: [1.0000, 1.0000, 0.9999], noise: 0.0500
[ACTION DEBUG iter 100] WARNING: 12/20 actions clipped (network saturating)
[RLAMPSO DEBUG iter 100] w=0.9000, c1=3.0000, c2=3.0000 | fitness=2032.46
[REWARD DEBUG iter 100] FitnessImprovement: 57.7805 → Reward: +0.8846 (prevFit=2032.46, currFit=1974.68)
[REWARD DEBUG] Stagnation (normal): 0.0000 → Reward: 0.0
[REWARD DEBUG] Stagnation (normal): 0.0000 → Reward: 0.0
[REWARD DEBUG] Stagnation (normal): 0.0000 → Reward: 0.0
[REWARD DEBUG] Stagnation (normal): 0.0000 → Reward: 0.0
[REWARD DEBUG] Stagnation (normal): 0.0000 → Reward: 0.0
[REWARD DEBUG] Stagnation (normal): 0.0000 → Reward: 0.0
[REWARD DEBUG] Stagnation (normal): 0.0000 → Reward: 0.0
[ACTION DEBUG iter 200] Raw action[1:3]: [1.0000, 1.0000, 0.9999], noise: 0.0500
[ACTION DEBUG iter 200] WARNING: 10/20 actions clipped (network saturating)
[RLAMPSO DEBUG iter 200] w=0.9000, c1=2.9072, c2=2.8829 | fitness=1965.68
[REWARD DEBUG iter 200] FitnessImprovement: 0.0000 → Reward: +0.0000 (prevFit=1965.68, currFit=1965.68)
[REWARD DEBUG] Stagnation (normal): 0.0000 → Reward: 0.0
[REWARD DEBUG] Stagnation (normal): 0.0000 → Reward: 0.0
[REWARD DEBUG] Stagnation (normal): 0.0000 → Reward: 0.0
[REWARD DEBUG] Stagnation (normal): 0.0000 → Reward: 0.0
[REWARD DEBUG] Stagnation (normal): 0.0000 → Reward: 0.0
[REWARD DEBUG] Stagnation (normal): 0.0000 → Reward: 0.0
[REWARD DEBUG] Stagnation (normal): 0.0000 → Reward: 0.0
[REWARD DEBUG] Stagnation (normal): 0.0000 → Reward: 0.0
[REWARD DEBUG] Stagnation (normal): 0.0000 → Reward: 0.0
[REWARD DEBUG] Stagnation (normal): 0.0000 → Reward: 0.0
[REWARD DEBUG] Stagnation (normal): 0.0000 → Reward: 0.0
[Ep  66/1000] Fit:  1965.7 | Avg:  2101.1 | Reward:  -50.2 | Time:  52.2s
          Buffer: 33640 | Noise: 0.0718 | ActorLoss: -5.187e+01 | CriticLoss: 4.960e+00
[REWARD DEBUG] Stagnation (normal): 0.0000 → Reward: 0.0
[REWARD DEBUG] Stagnation (normal): 0.0000 → Reward: 0.0
[REWARD DEBUG] Stagnation (normal): 0.0000 → Reward: 0.0
[REWARD DEBUG] Stagnation (normal): 0.0000 → Reward: 0.0
[REWARD DEBUG] Stagnation (normal): 0.0000 → Reward: 0.0
[ACTION DEBUG iter 100] Raw action[1:3]: [1.0000, 1.0000, 0.9999], noise: 0.0500
[ACTION DEBUG iter 100] WARNING: 7/20 actions clipped (network saturating)
[RLAMPSO DEBUG iter 100] w=0.9000, c1=2.9266, c2=2.9949 | fitness=2015.16
[REWARD DEBUG iter 100] FitnessImprovement: 0.0000 → Reward: +0.0000 (prevFit=2015.16, currFit=2015.16)
[REWARD DEBUG] Stagnation (normal): 0.0000 → Reward: 0.0
[REWARD DEBUG] Stagnation (normal): 0.0000 → Reward: 0.0
[REWARD DEBUG] Stagnation (normal): 0.0000 → Reward: 0.0
[REWARD DEBUG] Stagnation (normal): 0.0000 → Reward: 0.0
[REWARD DEBUG] Stagnation (normal): 0.0000 → Reward: 0.0
[REWARD DEBUG] Stagnation (normal): 0.0000 → Reward: 0.0
[REWARD DEBUG] Stagnation (normal): 0.0000 → Reward: 0.0
[REWARD DEBUG] Stagnation (normal): 0.0000 → Reward: 0.0
[ACTION DEBUG iter 200] Raw action[1:3]: [1.0000, 1.0000, 0.9999], noise: 0.0500
[ACTION DEBUG iter 200] WARNING: 13/20 actions clipped (network saturating)
[RLAMPSO DEBUG iter 200] w=0.9000, c1=3.0000, c2=2.9654 | fitness=1992.72
[REWARD DEBUG iter 200] FitnessImprovement: 0.0000 → Reward: +0.0000 (prevFit=1992.72, currFit=1992.72)
[REWARD DEBUG] Stagnation (normal): 0.0000 → Reward: 0.0
[REWARD DEBUG] Stagnation (normal): 0.0000 → Reward: 0.0
[REWARD DEBUG] Stagnation (normal): 0.0000 → Reward: 0.0
[REWARD DEBUG] Stagnation (normal): 0.0000 → Reward: 0.0
[REWARD DEBUG] Stagnation (normal): 0.0000 → Reward: 0.0
[REWARD DEBUG] Stagnation (normal): 0.0000 → Reward: 0.0
[REWARD DEBUG] Stagnation (normal): 0.0000 → Reward: 0.0
[REWARD DEBUG] Stagnation (normal): 0.0000 → Reward: 0.0
[REWARD DEBUG] Stagnation (normal): 0.0000 → Reward: 0.0
[REWARD DEBUG] Stagnation (normal): 0.0000 → Reward: 0.0
[REWARD DEBUG] Stagnation (normal): 0.0000 → Reward: 0.0
[REWARD DEBUG] Stagnation (normal): 0.0000 → Reward: 0.0
[ACTION DEBUG iter 300] Raw action[1:3]: [1.0000, 1.0000, 1.0000], noise: 0.0500
[ACTION DEBUG iter 300] WARNING: 11/20 actions clipped (network saturating)
[RLAMPSO DEBUG iter 300] w=0.9000, c1=3.0000, c2=2.9991 | fitness=1932.26
[REWARD DEBUG iter 300] FitnessImprovement: 0.0000 → Reward: +0.0000 (prevFit=1932.26, currFit=1932.26)
[REWARD DEBUG] Stagnation (normal): 0.0000 → Reward: 0.0
[REWARD DEBUG] Stagnation (normal): 0.0000 → Reward: 0.0
[REWARD DEBUG] Stagnation (normal): 0.0000 → Reward: 0.0
[REWARD DEBUG] Stagnation (normal): 0.0000 → Reward: 0.0
[REWARD DEBUG] Improvement: 16.4649 → Reward: +0.6211
[REWARD DEBUG] Stagnation (normal): 0.0000 → Reward: 0.0
[REWARD DEBUG] Stagnation (normal): 0.0000 → Reward: 0.0
[REWARD DEBUG] Stagnation (normal): 0.0000 → Reward: 0.0
[REWARD DEBUG] Stagnation (normal): 0.0000 → Reward: 0.0
[REWARD DEBUG] Stagnation (normal): 0.0000 → Reward: 0.0
[ACTION DEBUG iter 400] Raw action[1:3]: [1.0000, 1.0000, 1.0000], noise: 0.0500
[ACTION DEBUG iter 400] WARNING: 12/20 actions clipped (network saturating)
[RLAMPSO DEBUG iter 400] w=0.9000, c1=3.0000, c2=2.9718 | fitness=1880.66
[REWARD DEBUG iter 400] FitnessImprovement: 0.0000 → Reward: +0.0000 (prevFit=1880.66, currFit=1880.66)
[REWARD DEBUG] Stagnation (normal): 0.0000 → Reward: 0.0
[REWARD DEBUG] Stagnation (normal): 0.0000 → Reward: 0.0
[REWARD DEBUG] Stagnation (normal): 0.0000 → Reward: 0.0
[REWARD DEBUG] Stagnation (normal): 0.0000 → Reward: 0.0
[REWARD DEBUG] Stagnation (normal): 0.0000 → Reward: 0.0
[REWARD DEBUG] Stagnation (normal): 0.0000 → Reward: 0.0
[REWARD DEBUG] Stagnation (normal): 0.0000 → Reward: 0.0
[REWARD DEBUG] Stagnation (normal): 0.0000 → Reward: 0.0
[REWARD DEBUG] Stagnation (normal): 0.0000 → Reward: 0.0
[ACTION DEBUG iter 500] Raw action[1:3]: [1.0000, 1.0000, 1.0000], noise: 0.0500
[ACTION DEBUG iter 500] WARNING: 10/20 actions clipped (network saturating)
[RLAMPSO DEBUG iter 500] w=0.9000, c1=2.9626, c2=3.0000 | fitness=1880.66
[REWARD DEBUG iter 500] FitnessImprovement: 0.0000 → Reward: +0.0000 (prevFit=1880.66, currFit=1880.66)
[REWARD DEBUG] Stagnation (normal): 0.0000 → Reward: 0.0
[REWARD DEBUG] Stagnation (normal): 0.0000 → Reward: 0.0
[REWARD DEBUG] Stagnation (normal): 0.0000 → Reward: 0.0
[REWARD DEBUG] Stagnation (normal): 0.0000 → Reward: 0.0
[REWARD DEBUG] Stagnation (normal): 0.0000 → Reward: 0.0
[REWARD DEBUG] Stagnation (normal): 0.0000 → Reward: 0.0
[REWARD DEBUG] Stagnation (normal): 0.0000 → Reward: 0.0
[REWARD DEBUG] Stagnation (normal): 0.0000 → Reward: 0.0
[REWARD DEBUG] Stagnation (normal): 0.0000 → Reward: 0.0
[REWARD DEBUG] Stagnation (normal): 0.0000 → Reward: 0.0
[ACTION DEBUG iter 600] Raw action[1:3]: [1.0000, 1.0000, 1.0000], noise: 0.0500
[ACTION DEBUG iter 600] WARNING: 9/20 actions clipped (network saturating)
[RLAMPSO DEBUG iter 600] w=0.9000, c1=2.9534, c2=3.0000 | fitness=1874.03
[REWARD DEBUG iter 600] FitnessImprovement: 0.0000 → Reward: +0.0000 (prevFit=1874.03, currFit=1874.03)
[Ep  67/1000] Fit:  1874.0 | Avg:  2050.5 | Reward:   +0.4 | Time: 151.2s
          Buffer: 34190 | Noise: 0.0715 | ActorLoss: -4.109e+02 | CriticLoss: 1.042e+02
[REWARD DEBUG] Improvement: 61.9600 → Reward: +0.8995
[REWARD DEBUG] Stagnation (normal): 0.0000 → Reward: 0.0
[REWARD DEBUG] Stagnation (normal): 0.0000 → Reward: 0.0
[REWARD DEBUG] Stagnation (normal): 0.0000 → Reward: 0.0
[REWARD DEBUG] Stagnation (normal): 0.0000 → Reward: 0.0
[REWARD DEBUG] Stagnation (normal): 0.0000 → Reward: 0.0
[ACTION DEBUG iter 100] Raw action[1:3]: [1.0000, 1.0000, 1.0000], noise: 0.0500
[ACTION DEBUG iter 100] WARNING: 11/20 actions clipped (network saturating)
[RLAMPSO DEBUG iter 100] w=0.9000, c1=3.0000, c2=2.9539 | fitness=1990.84
[REWARD DEBUG iter 100] FitnessImprovement: 0.0000 → Reward: +0.0000 (prevFit=1990.84, currFit=1990.84)
[REWARD DEBUG] Stagnation (normal): 0.0000 → Reward: 0.0
[REWARD DEBUG] Stagnation (normal): 0.0000 → Reward: 0.0
[REWARD DEBUG] Stagnation (normal): 0.0000 → Reward: 0.0
[REWARD DEBUG] Stagnation (normal): 0.0000 → Reward: 0.0
[REWARD DEBUG] Stagnation (normal): 0.0000 → Reward: 0.0
[REWARD DEBUG] Stagnation (normal): 0.0000 → Reward: 0.0
[REWARD DEBUG] Stagnation (normal): 0.0000 → Reward: 0.0
[REWARD DEBUG] Stagnation (normal): 0.0000 → Reward: 0.0
[REWARD DEBUG] Stagnation (normal): 0.0000 → Reward: 0.0
[REWARD DEBUG] Stagnation (normal): 0.0000 → Reward: 0.0
[ACTION DEBUG iter 200] Raw action[1:3]: [1.0000, 1.0000, 1.0000], noise: 0.0500
[ACTION DEBUG iter 200] WARNING: 10/20 actions clipped (network saturating)
[RLAMPSO DEBUG iter 200] w=0.9000, c1=2.9511, c2=2.9010 | fitness=1880.65
[REWARD DEBUG iter 200] FitnessImprovement: 0.0000 → Reward: +0.0000 (prevFit=1880.65, currFit=1880.65)
[REWARD DEBUG] Stagnation (normal): 0.0000 → Reward: 0.0
[REWARD DEBUG] Stagnation (normal): 0.0000 → Reward: 0.0
[REWARD DEBUG] Stagnation (normal): 0.0000 → Reward: 0.0
[REWARD DEBUG] Stagnation (normal): 0.0000 → Reward: 0.0
[REWARD DEBUG] Stagnation (normal): 0.0000 → Reward: 0.0
[REWARD DEBUG] Stagnation (normal): 0.0000 → Reward: 0.0
[REWARD DEBUG] Stagnation (normal): 0.0000 → Reward: 0.0
[REWARD DEBUG] Stagnation (normal): 0.0000 → Reward: 0.0
[REWARD DEBUG] Stagnation (normal): 0.0000 → Reward: 0.0
[REWARD DEBUG] Stagnation (normal): 0.0000 → Reward: 0.0
[REWARD DEBUG] Stagnation (normal): 0.0000 → Reward: 0.0
[REWARD DEBUG] Stagnation (normal): 0.0000 → Reward: 0.0
[REWARD DEBUG] Stagnation (normal): 0.0000 → Reward: 0.0
[REWARD DEBUG] Stagnation (normal): 0.0000 → Reward: 0.0
[ACTION DEBUG iter 300] Raw action[1:3]: [1.0000, 1.0000, 1.0000], noise: 0.0500
[ACTION DEBUG iter 300] WARNING: 10/20 actions clipped (network saturating)
[RLAMPSO DEBUG iter 300] w=0.9000, c1=2.9722, c2=3.0000 | fitness=1834.43
[REWARD DEBUG iter 300] FitnessImprovement: 0.0000 → Reward: +0.0000 (prevFit=1834.43, currFit=1834.43)
[REWARD DEBUG] Stagnation (normal): 0.0000 → Reward: 0.0
[REWARD DEBUG] Stagnation (normal): 0.0000 → Reward: 0.0
[REWARD DEBUG] Stagnation (normal): 0.0000 → Reward: 0.0
[REWARD DEBUG] Stagnation (normal): 0.0000 → Reward: 0.0
[REWARD DEBUG] Stagnation (normal): 0.0000 → Reward: 0.0
[REWARD DEBUG] Stagnation (normal): 0.0000 → Reward: 0.0
[REWARD DEBUG] Stagnation (normal): 0.0000 → Reward: 0.0
[REWARD DEBUG] Stagnation (normal): 0.0000 → Reward: 0.0
[REWARD DEBUG] Stagnation (normal): 0.0000 → Reward: 0.0
[REWARD DEBUG] Stagnation (normal): 0.0000 → Reward: 0.0
[REWARD DEBUG] Stagnation (normal): 0.0000 → Reward: 0.0
[REWARD DEBUG] Stagnation (normal): 0.0000 → Reward: 0.0
[REWARD DEBUG] Stagnation (normal): 0.0000 → Reward: 0.0
[REWARD DEBUG] Stagnation (normal): 0.0000 → Reward: 0.0
[REWARD DEBUG] Stagnation (normal): 0.0000 → Reward: 0.0
[ACTION DEBUG iter 400] Raw action[1:3]: [1.0000, 1.0000, 1.0000], noise: 0.0500
[ACTION DEBUG iter 400] WARNING: 7/20 actions clipped (network saturating)
[RLAMPSO DEBUG iter 400] w=0.9000, c1=2.9282, c2=3.0000 | fitness=1807.41
[REWARD DEBUG iter 400] FitnessImprovement: 0.0000 → Reward: +0.0000 (prevFit=1807.41, currFit=1807.41)
[REWARD DEBUG] Stagnation (normal): 0.0000 → Reward: 0.0
[REWARD DEBUG] Stagnation (normal): 0.0000 → Reward: 0.0
[REWARD DEBUG] Stagnation (normal): 0.0000 → Reward: 0.0
[REWARD DEBUG] Stagnation (normal): 0.0000 → Reward: 0.0
[REWARD DEBUG] Stagnation (normal): 0.0000 → Reward: 0.0
[REWARD DEBUG] Stagnation (normal): 0.0000 → Reward: 0.0
[REWARD DEBUG] Stagnation (normal): 0.0000 → Reward: 0.0
[REWARD DEBUG] Stagnation (normal): 0.0000 → Reward: 0.0
[REWARD DEBUG] Stagnation (normal): 0.0000 → Reward: 0.0
[REWARD DEBUG] Stagnation (normal): 0.0000 → Reward: 0.0
[REWARD DEBUG] Stagnation (normal): 0.0000 → Reward: 0.0
[REWARD DEBUG] Stagnation (normal): 0.0000 → Reward: 0.0
[REWARD DEBUG] Stagnation (normal): 0.0000 → Reward: 0.0
[ACTION DEBUG iter 500] Raw action[1:3]: [1.0000, 1.0000, 1.0000], noise: 0.0500
[ACTION DEBUG iter 500] WARNING: 12/20 actions clipped (network saturating)
[RLAMPSO DEBUG iter 500] w=0.9000, c1=2.9764, c2=3.0000 | fitness=1787.26
[REWARD DEBUG iter 500] FitnessImprovement: 0.0000 → Reward: +0.0000 (prevFit=1787.26, currFit=1787.26)
[REWARD DEBUG] Stagnation (normal): 0.0000 → Reward: 0.0
[REWARD DEBUG] Stagnation (normal): 0.0000 → Reward: 0.0
[REWARD DEBUG] Stagnation (normal): 0.0000 → Reward: 0.0
[REWARD DEBUG] Stagnation (normal): 0.0000 → Reward: 0.0
[REWARD DEBUG] Stagnation (normal): 0.0000 → Reward: 0.0
[REWARD DEBUG] Stagnation (normal): 0.0000 → Reward: 0.0
[REWARD DEBUG] Stagnation (normal): 0.0000 → Reward: 0.0
[REWARD DEBUG] Stagnation (normal): 0.0000 → Reward: 0.0
[Ep  68/1000] Fit:  1787.3 | Avg:  1995.0 | Reward:  +55.9 | Time: 134.6s
          Buffer: 34707 | Noise: 0.0711 | ActorLoss: -8.265e+02 | CriticLoss: 1.393e+02
[REWARD DEBUG] Stagnation (normal): 0.0000 → Reward: 0.0
[REWARD DEBUG] Improvement: 68.6849 → Reward: +0.9216
[REWARD DEBUG] Improvement: 22.7234 → Reward: +0.6876
[REWARD DEBUG] Stagnation (normal): 0.0000 → Reward: 0.0
[REWARD DEBUG] Improvement: 6.6793 → Reward: +0.4427
[REWARD DEBUG] Stagnation (normal): 0.0000 → Reward: 0.0
[REWARD DEBUG] Stagnation (normal): 0.0000 → Reward: 0.0
[REWARD DEBUG] Stagnation (normal): 0.0000 → Reward: 0.0
[REWARD DEBUG] Improvement: 4.1384 → Reward: +0.3554
[REWARD DEBUG] Stagnation (normal): 0.0000 → Reward: 0.0
[REWARD DEBUG] Stagnation (normal): 0.0000 → Reward: 0.0
[REWARD DEBUG] Stagnation (normal): 0.0000 → Reward: 0.0
[REWARD DEBUG] Stagnation (normal): 0.0000 → Reward: 0.0
[REWARD DEBUG] Stagnation (normal): 0.0000 → Reward: 0.0
[REWARD DEBUG] Stagnation (normal): 0.0000 → Reward: 0.0
[REWARD DEBUG] Stagnation (normal): 0.0000 → Reward: 0.0
[REWARD DEBUG] Stagnation (normal): 0.0000 → Reward: 0.0
[REWARD DEBUG] Stagnation (normal): 0.0000 → Reward: 0.0
[REWARD DEBUG] Stagnation (normal): 0.0000 → Reward: 0.0
[REWARD DEBUG] Stagnation (normal): 0.0000 → Reward: 0.0
[ACTION DEBUG iter 100] Raw action[1:3]: [1.0000, 1.0000, 1.0000], noise: 0.0500
[ACTION DEBUG iter 100] WARNING: 12/20 actions clipped (network saturating)
[RLAMPSO DEBUG iter 100] w=0.9000, c1=3.0000, c2=3.0000 | fitness=1935.38
[REWARD DEBUG iter 100] FitnessImprovement: 0.0000 → Reward: +0.0000 (prevFit=1935.38, currFit=1935.38)
[REWARD DEBUG] Stagnation (normal): 0.0000 → Reward: 0.0
[REWARD DEBUG] Improvement: 6.4447 → Reward: +0.4359
[REWARD DEBUG] Stagnation (normal): 0.0000 → Reward: 0.0
[REWARD DEBUG] Stagnation (normal): 0.0000 → Reward: 0.0
[REWARD DEBUG] Stagnation (normal): 0.0000 → Reward: 0.0
[REWARD DEBUG] Stagnation (normal): 0.0000 → Reward: 0.0
[REWARD DEBUG] Stagnation (normal): 0.0000 → Reward: 0.0
[REWARD DEBUG] Stagnation (normal): 0.0000 → Reward: 0.0
[REWARD DEBUG] Stagnation (normal): 0.0000 → Reward: 0.0
[REWARD DEBUG] Stagnation (normal): 0.0000 → Reward: 0.0
[REWARD DEBUG] Stagnation (normal): 0.0000 → Reward: 0.0
[ACTION DEBUG iter 200] Raw action[1:3]: [1.0000, 1.0000, 1.0000], noise: 0.0500
[ACTION DEBUG iter 200] WARNING: 8/20 actions clipped (network saturating)
[RLAMPSO DEBUG iter 200] w=0.9000, c1=3.0000, c2=2.8160 | fitness=1891.47
[REWARD DEBUG iter 200] FitnessImprovement: 0.0000 → Reward: +0.0000 (prevFit=1891.47, currFit=1891.47)
[REWARD DEBUG] Stagnation (normal): 0.0000 → Reward: 0.0
[REWARD DEBUG] Stagnation (normal): 0.0000 → Reward: 0.0
[REWARD DEBUG] Stagnation (normal): 0.0000 → Reward: 0.0
[REWARD DEBUG] Stagnation (normal): 0.0000 → Reward: 0.0
[REWARD DEBUG] Stagnation (normal): 0.0000 → Reward: 0.0
[REWARD DEBUG] Stagnation (normal): 0.0000 → Reward: 0.0
[REWARD DEBUG] Stagnation (normal): 0.0000 → Reward: 0.0
[REWARD DEBUG] Stagnation (normal): 0.0000 → Reward: 0.0
[REWARD DEBUG] Stagnation (normal): 0.0000 → Reward: 0.0
[REWARD DEBUG] Stagnation (normal): 0.0000 → Reward: 0.0
[REWARD DEBUG] Stagnation (normal): 0.0000 → Reward: 0.0
[REWARD DEBUG] Stagnation (normal): 0.0000 → Reward: 0.0
[REWARD DEBUG] Stagnation (normal): 0.0000 → Reward: 0.0
[REWARD DEBUG] Stagnation (normal): 0.0000 → Reward: 0.0
[REWARD DEBUG] Stagnation (normal): 0.0000 → Reward: 0.0
[ACTION DEBUG iter 300] Raw action[1:3]: [1.0000, 1.0000, 1.0000], noise: 0.0500
[ACTION DEBUG iter 300] WARNING: 10/20 actions clipped (network saturating)
[RLAMPSO DEBUG iter 300] w=0.9000, c1=2.9948, c2=2.9765 | fitness=1872.73
[REWARD DEBUG iter 300] FitnessImprovement: 0.0000 → Reward: +0.0000 (prevFit=1872.73, currFit=1872.73)
[REWARD DEBUG] Stagnation (normal): 0.0000 → Reward: 0.0
[REWARD DEBUG] Stagnation (normal): 0.0000 → Reward: 0.0
[REWARD DEBUG] Stagnation (normal): 0.0000 → Reward: 0.0
[REWARD DEBUG] Stagnation (normal): 0.0000 → Reward: 0.0
[REWARD DEBUG] Stagnation (normal): 0.0000 → Reward: 0.0
[REWARD DEBUG] Stagnation (normal): 0.0000 → Reward: 0.0
[ACTION DEBUG iter 400] Raw action[1:3]: [1.0000, 1.0000, 1.0000], noise: 0.0500
[ACTION DEBUG iter 400] WARNING: 10/20 actions clipped (network saturating)
[RLAMPSO DEBUG iter 400] w=0.9000, c1=2.8897, c2=3.0000 | fitness=1850.64
[REWARD DEBUG iter 400] FitnessImprovement: 0.0000 → Reward: +0.0000 (prevFit=1850.64, currFit=1850.64)
[REWARD DEBUG] Stagnation (normal): 0.0000 → Reward: 0.0
[REWARD DEBUG] Stagnation (normal): 0.0000 → Reward: 0.0
[REWARD DEBUG] Stagnation (normal): 0.0000 → Reward: 0.0
[REWARD DEBUG] Stagnation (normal): 0.0000 → Reward: 0.0
[REWARD DEBUG] Stagnation (normal): 0.0000 → Reward: 0.0
[REWARD DEBUG] Stagnation (normal): 0.0000 → Reward: 0.0
[REWARD DEBUG] Stagnation (normal): 0.0000 → Reward: 0.0
[REWARD DEBUG] Stagnation (normal): 0.0000 → Reward: 0.0
[REWARD DEBUG] Stagnation (normal): 0.0000 → Reward: 0.0
[REWARD DEBUG] Stagnation (normal): 0.0000 → Reward: 0.0
[REWARD DEBUG] Stagnation (normal): 0.0000 → Reward: 0.0
[REWARD DEBUG] Stagnation (normal): 0.0000 → Reward: 0.0
[REWARD DEBUG] Stagnation (normal): 0.0000 → Reward: 0.0
[REWARD DEBUG] Stagnation (normal): 0.0000 → Reward: 0.0
[ACTION DEBUG iter 500] Raw action[1:3]: [1.0000, 1.0000, 1.0000], noise: 0.0500
[ACTION DEBUG iter 500] WARNING: 10/20 actions clipped (network saturating)
[RLAMPSO DEBUG iter 500] w=0.9000, c1=3.0000, c2=2.9637 | fitness=1850.64
[REWARD DEBUG] Stagnation (normal): 0.0000 → Reward: 0.0
[REWARD DEBUG iter 500] FitnessImprovement: 0.0000 → Reward: +0.0000 (prevFit=1850.64, currFit=1850.64)
[REWARD DEBUG] Stagnation (normal): 0.0000 → Reward: 0.0
[Ep  69/1000] Fit:  1850.6 | Avg:  1904.1 | Reward: +146.8 | Time:  98.3s
          Buffer: 35182 | Noise: 0.0708 | ActorLoss: -8.524e+02 | CriticLoss: 1.869e+02
[REWARD DEBUG] Stagnation (normal): 0.0000 → Reward: 0.0
[REWARD DEBUG] Stagnation (normal): 0.0000 → Reward: 0.0
[REWARD DEBUG] Stagnation (normal): 0.0000 → Reward: 0.0
[REWARD DEBUG] Stagnation (normal): 0.0000 → Reward: 0.0
[REWARD DEBUG] Stagnation (normal): 0.0000 → Reward: 0.0
[REWARD DEBUG] Stagnation (normal): 0.0000 → Reward: 0.0
[REWARD DEBUG] Stagnation (normal): 0.0000 → Reward: 0.0
[REWARD DEBUG] Improvement: 27.1940 → Reward: +0.7251
[REWARD DEBUG] Stagnation (normal): 0.0000 → Reward: 0.0
[ACTION DEBUG iter 100] Raw action[1:3]: [1.0000, 1.0000, 1.0000], noise: 0.0500
[ACTION DEBUG iter 100] WARNING: 8/20 actions clipped (network saturating)
[RLAMPSO DEBUG iter 100] w=0.9000, c1=2.9142, c2=2.9114 | fitness=1940.47
[REWARD DEBUG iter 100] FitnessImprovement: 0.0000 → Reward: +0.0000 (prevFit=1940.47, currFit=1940.47)
[REWARD DEBUG] Stagnation (normal): 0.0000 → Reward: 0.0
[REWARD DEBUG] Stagnation (normal): 0.0000 → Reward: 0.0
[REWARD DEBUG] Stagnation (normal): 0.0000 → Reward: 0.0
[REWARD DEBUG] Stagnation (normal): 0.0000 → Reward: 0.0
[REWARD DEBUG] Stagnation (normal): 0.0000 → Reward: 0.0
[REWARD DEBUG] Stagnation (normal): 0.0000 → Reward: 0.0
[REWARD DEBUG] Stagnation (normal): 0.0000 → Reward: 0.0
[REWARD DEBUG] Stagnation (normal): 0.0000 → Reward: 0.0
[REWARD DEBUG] Stagnation (normal): 0.0000 → Reward: 0.0
[REWARD DEBUG] Stagnation (normal): 0.0000 → Reward: 0.0
[REWARD DEBUG] Stagnation (normal): 0.0000 → Reward: 0.0
[REWARD DEBUG] Stagnation (normal): 0.0000 → Reward: 0.0
[REWARD DEBUG] Stagnation (normal): 0.0000 → Reward: 0.0
[REWARD DEBUG] Stagnation (normal): 0.0000 → Reward: 0.0
[ACTION DEBUG iter 200] Raw action[1:3]: [1.0000, 1.0000, 1.0000], noise: 0.0500
[ACTION DEBUG iter 200] WARNING: 14/20 actions clipped (network saturating)
[RLAMPSO DEBUG iter 200] w=0.9000, c1=3.0000, c2=3.0000 | fitness=1870.02
[REWARD DEBUG iter 200] FitnessImprovement: 0.0000 → Reward: +0.0000 (prevFit=1870.02, currFit=1870.02)
[REWARD DEBUG] Stagnation (normal): 0.0000 → Reward: 0.0
[REWARD DEBUG] Stagnation (normal): 0.0000 → Reward: 0.0
[REWARD DEBUG] Stagnation (normal): 0.0000 → Reward: 0.0
[REWARD DEBUG] Stagnation (normal): 0.0000 → Reward: 0.0
[REWARD DEBUG] Stagnation (normal): 0.0000 → Reward: 0.0
[REWARD DEBUG] Stagnation (normal): 0.0000 → Reward: 0.0
[REWARD DEBUG] Stagnation (normal): 0.0000 → Reward: 0.0
[ACTION DEBUG iter 300] Raw action[1:3]: [1.0000, 1.0000, 1.0000], noise: 0.0500
[ACTION DEBUG iter 300] WARNING: 15/20 actions clipped (network saturating)
[RLAMPSO DEBUG iter 300] w=0.9000, c1=3.0000, c2=3.0000 | fitness=1870.02
[REWARD DEBUG iter 300] FitnessImprovement: 0.0000 → Reward: +0.0000 (prevFit=1870.02, currFit=1870.02)
[REWARD DEBUG] Stagnation (normal): 0.0000 → Reward: 0.0
[REWARD DEBUG] Stagnation (normal): 0.0000 → Reward: 0.0
[REWARD DEBUG] Stagnation (normal): 0.0000 → Reward: 0.0
[Ep  70/1000] Fit:  1870.0 | Avg:  1900.3 | Reward: +150.6 | Time:  71.2s
          Buffer: 35455 | Noise: 0.0704 | ActorLoss: -8.425e+02 | CriticLoss: 2.625e+02
[REWARD DEBUG] Stagnation (normal): 0.0000 → Reward: 0.0
[REWARD DEBUG] Stagnation (normal): 0.0000 → Reward: 0.0
[REWARD DEBUG] Stagnation (normal): 0.0000 → Reward: 0.0
[REWARD DEBUG] Stagnation (normal): 0.0000 → Reward: 0.0
[REWARD DEBUG] Stagnation (normal): 0.0000 → Reward: 0.0
[ACTION DEBUG iter 100] Raw action[1:3]: [1.0000, 1.0000, 1.0000], noise: 0.0500
[ACTION DEBUG iter 100] WARNING: 9/20 actions clipped (network saturating)
[RLAMPSO DEBUG iter 100] w=0.9000, c1=3.0000, c2=2.8851 | fitness=2007.64
[REWARD DEBUG iter 100] FitnessImprovement: 0.0000 → Reward: +0.0000 (prevFit=2007.64, currFit=2007.64)
[REWARD DEBUG] Stagnation (normal): 0.0000 → Reward: 0.0
[REWARD DEBUG] Stagnation (normal): 0.0000 → Reward: 0.0
[REWARD DEBUG] Stagnation (normal): 0.0000 → Reward: 0.0
[REWARD DEBUG] Stagnation (normal): 0.0000 → Reward: 0.0
[REWARD DEBUG] Stagnation (normal): 0.0000 → Reward: 0.0
[REWARD DEBUG] Stagnation (normal): 0.0000 → Reward: 0.0
[REWARD DEBUG] Stagnation (normal): 0.0000 → Reward: 0.0
[REWARD DEBUG] Stagnation (normal): 0.0000 → Reward: 0.0
[REWARD DEBUG] Stagnation (normal): 0.0000 → Reward: 0.0
[REWARD DEBUG] Stagnation (normal): 0.0000 → Reward: 0.0
[REWARD DEBUG] Stagnation (normal): 0.0000 → Reward: 0.0
[REWARD DEBUG] Stagnation (normal): 0.0000 → Reward: 0.0
[ACTION DEBUG iter 200] Raw action[1:3]: [1.0000, 1.0000, 1.0000], noise: 0.0500
[ACTION DEBUG iter 200] WARNING: 9/20 actions clipped (network saturating)
[RLAMPSO DEBUG iter 200] w=0.9000, c1=2.9956, c2=2.9845 | fitness=1968.09
[REWARD DEBUG iter 200] FitnessImprovement: 0.0000 → Reward: +0.0000 (prevFit=1968.09, currFit=1968.09)
[REWARD DEBUG] Stagnation (normal): 0.0000 → Reward: 0.0
[REWARD DEBUG] Stagnation (normal): 0.0000 → Reward: 0.0
[REWARD DEBUG] Stagnation (normal): 0.0000 → Reward: 0.0
[REWARD DEBUG] Stagnation (normal): 0.0000 → Reward: 0.0
[REWARD DEBUG] Stagnation (normal): 0.0000 → Reward: 0.0
[ACTION DEBUG iter 300] Raw action[1:3]: [1.0000, 1.0000, 1.0000], noise: 0.0500
[ACTION DEBUG iter 300] WARNING: 8/20 actions clipped (network saturating)
[RLAMPSO DEBUG iter 300] w=0.9000, c1=3.0000, c2=3.0000 | fitness=1939.00
[REWARD DEBUG iter 300] FitnessImprovement: 0.0000 → Reward: +0.0000 (prevFit=1939.00, currFit=1939.00)
[REWARD DEBUG] Stagnation (normal): 0.0000 → Reward: 0.0
[REWARD DEBUG] Stagnation (normal): 0.0000 → Reward: 0.0
[REWARD DEBUG] Stagnation (normal): 0.0000 → Reward: 0.0
[REWARD DEBUG] Stagnation (normal): 0.0000 → Reward: 0.0
[REWARD DEBUG] Stagnation (normal): 0.0000 → Reward: 0.0
[REWARD DEBUG] Stagnation (normal): 0.0000 → Reward: 0.0
[ACTION DEBUG iter 400] Raw action[1:3]: [1.0000, 1.0000, 1.0000], noise: 0.0500
[ACTION DEBUG iter 400] WARNING: 6/20 actions clipped (network saturating)
[RLAMPSO DEBUG iter 400] w=0.9000, c1=2.9406, c2=3.0000 | fitness=1939.00
[REWARD DEBUG iter 400] FitnessImprovement: 0.0000 → Reward: +0.0000 (prevFit=1939.00, currFit=1939.00)
[REWARD DEBUG] Stagnation (normal): 0.0000 → Reward: 0.0
[REWARD DEBUG] Stagnation (normal): 0.0000 → Reward: 0.0
[REWARD DEBUG] Stagnation (normal): 0.0000 → Reward: 0.0
[REWARD DEBUG] Stagnation (normal): 0.0000 → Reward: 0.0
[Ep  71/1000] Fit:  1939.0 | Avg:  1896.7 | Reward: +154.2 | Time: 107.8s
          Buffer: 35838 | Noise: 0.0701 | ActorLoss: -9.978e+02 | CriticLoss: 2.135e+02
[REWARD DEBUG] Stagnation (normal): 0.0000 → Reward: 0.0
[REWARD DEBUG] Stagnation (normal): 0.0000 → Reward: 0.0
[REWARD DEBUG] Stagnation (normal): 0.0000 → Reward: 0.0
[REWARD DEBUG] Stagnation (normal): 0.0000 → Reward: 0.0
[REWARD DEBUG] Stagnation (normal): 0.0000 → Reward: 0.0
[REWARD DEBUG] Stagnation (normal): 0.0000 → Reward: 0.0
[ACTION DEBUG iter 100] Raw action[1:3]: [1.0000, 1.0000, 1.0000], noise: 0.0500
[ACTION DEBUG iter 100] WARNING: 13/20 actions clipped (network saturating)
[RLAMPSO DEBUG iter 100] w=0.9000, c1=2.8763, c2=3.0000 | fitness=1952.61
[REWARD DEBUG iter 100] FitnessImprovement: 42.3610 → Reward: +0.8185 (prevFit=1952.61, currFit=1910.25)
[REWARD DEBUG] Stagnation (normal): 0.0000 → Reward: 0.0
[REWARD DEBUG] Stagnation (normal): 0.0000 → Reward: 0.0
[REWARD DEBUG] Stagnation (normal): 0.0000 → Reward: 0.0
[REWARD DEBUG] Stagnation (normal): 0.0000 → Reward: 0.0
[REWARD DEBUG] Stagnation (normal): 0.0000 → Reward: 0.0
[REWARD DEBUG] Stagnation (normal): 0.0000 → Reward: 0.0
[REWARD DEBUG] Stagnation (normal): 0.0000 → Reward: 0.0
[REWARD DEBUG] Stagnation (normal): 0.0000 → Reward: 0.0
[ACTION DEBUG iter 200] Raw action[1:3]: [1.0000, 1.0000, 1.0000], noise: 0.0500
[ACTION DEBUG iter 200] WARNING: 8/20 actions clipped (network saturating)
[RLAMPSO DEBUG iter 200] w=0.9000, c1=2.9469, c2=2.8988 | fitness=1898.93
[REWARD DEBUG iter 200] FitnessImprovement: 0.0000 → Reward: +0.0000 (prevFit=1898.93, currFit=1898.93)
[REWARD DEBUG] Stagnation (normal): 0.0000 → Reward: 0.0
[REWARD DEBUG] Stagnation (normal): 0.0000 → Reward: 0.0
[REWARD DEBUG] Stagnation (normal): 0.0000 → Reward: 0.0
[REWARD DEBUG] Stagnation (normal): 0.0000 → Reward: 0.0
[REWARD DEBUG] Stagnation (normal): 0.0000 → Reward: 0.0
[REWARD DEBUG] Stagnation (normal): 0.0000 → Reward: 0.0
[REWARD DEBUG] Stagnation (normal): 0.0000 → Reward: 0.0
[REWARD DEBUG] Stagnation (normal): 0.0000 → Reward: 0.0
[REWARD DEBUG] Stagnation (normal): 0.0000 → Reward: 0.0
[REWARD DEBUG] Stagnation (normal): 0.0000 → Reward: 0.0
[REWARD DEBUG] Stagnation (normal): 0.0000 → Reward: 0.0
[REWARD DEBUG] Stagnation (normal): 0.0000 → Reward: 0.0
[ACTION DEBUG iter 300] Raw action[1:3]: [1.0000, 1.0000, 1.0000], noise: 0.0500
[ACTION DEBUG iter 300] WARNING: 11/20 actions clipped (network saturating)
[RLAMPSO DEBUG iter 300] w=0.9000, c1=2.9325, c2=3.0000 | fitness=1898.31
[REWARD DEBUG iter 300] FitnessImprovement: 0.0000 → Reward: +0.0000 (prevFit=1898.31, currFit=1898.31)
[REWARD DEBUG] Stagnation (normal): 0.0000 → Reward: 0.0
[REWARD DEBUG] Stagnation (normal): 0.0000 → Reward: 0.0
[REWARD DEBUG] Stagnation (normal): 0.0000 → Reward: 0.0
[REWARD DEBUG] Stagnation (normal): 0.0000 → Reward: 0.0
[REWARD DEBUG] Stagnation (normal): 0.0000 → Reward: 0.0
[ACTION DEBUG iter 400] Raw action[1:3]: [1.0000, 1.0000, 1.0000], noise: 0.0500
[ACTION DEBUG iter 400] WARNING: 12/20 actions clipped (network saturating)
[RLAMPSO DEBUG iter 400] w=0.9000, c1=2.9528, c2=2.9953 | fitness=1896.25
[REWARD DEBUG iter 400] FitnessImprovement: 0.0000 → Reward: +0.0000 (prevFit=1896.25, currFit=1896.25)
[REWARD DEBUG] Stagnation (normal): 0.0000 → Reward: 0.0
[REWARD DEBUG] Stagnation (normal): 0.0000 → Reward: 0.0
[REWARD DEBUG] Stagnation (normal): 0.0000 → Reward: 0.0
[REWARD DEBUG] Stagnation (normal): 0.0000 → Reward: 0.0
[REWARD DEBUG] Stagnation (normal): 0.0000 → Reward: 0.0
[REWARD DEBUG] Stagnation (normal): 0.0000 → Reward: 0.0
[REWARD DEBUG] Stagnation (normal): 0.0000 → Reward: 0.0
[ACTION DEBUG iter 500] Raw action[1:3]: [1.0000, 1.0000, 1.0000], noise: 0.0500
[ACTION DEBUG iter 500] WARNING: 10/20 actions clipped (network saturating)
[RLAMPSO DEBUG iter 500] w=0.9000, c1=2.9807, c2=2.9902 | fitness=1896.25
[REWARD DEBUG iter 500] FitnessImprovement: 0.0000 → Reward: +0.0000 (prevFit=1896.25, currFit=1896.25)
[REWARD DEBUG] Stagnation (normal): 0.0000 → Reward: 0.0
[REWARD DEBUG] Stagnation (normal): 0.0000 → Reward: 0.0
[Ep  72/1000] Fit:  1896.2 | Avg:  1884.2 | Reward: +166.7 | Time: 121.4s
          Buffer: 36325 | Noise: 0.0697 | ActorLoss: -8.974e+02 | CriticLoss: 1.092e+02
[REWARD DEBUG] Improvement: 21.0794 → Reward: +0.6720
[REWARD DEBUG] Stagnation (normal): 0.0000 → Reward: 0.0
[REWARD DEBUG] Stagnation (normal): 0.0000 → Reward: 0.0
[REWARD DEBUG] Stagnation (normal): 0.0000 → Reward: 0.0
[REWARD DEBUG] Stagnation (normal): 0.0000 → Reward: 0.0
[REWARD DEBUG] Stagnation (normal): 0.0000 → Reward: 0.0
[REWARD DEBUG] Stagnation (normal): 0.0000 → Reward: 0.0
[REWARD DEBUG] Stagnation (normal): 0.0000 → Reward: 0.0
[REWARD DEBUG] Stagnation (normal): 0.0000 → Reward: 0.0
[REWARD DEBUG] Stagnation (normal): 0.0000 → Reward: 0.0
[ACTION DEBUG iter 100] Raw action[1:3]: [1.0000, 1.0000, 1.0000], noise: 0.0500
[ACTION DEBUG iter 100] WARNING: 13/20 actions clipped (network saturating)
[RLAMPSO DEBUG iter 100] w=0.9000, c1=3.0000, c2=3.0000 | fitness=1978.58
[REWARD DEBUG iter 100] FitnessImprovement: 0.0000 → Reward: +0.0000 (prevFit=1978.58, currFit=1978.58)
[REWARD DEBUG] Stagnation (normal): 0.0000 → Reward: 0.0
[REWARD DEBUG] Stagnation (normal): 0.0000 → Reward: 0.0
[REWARD DEBUG] Stagnation (normal): 0.0000 → Reward: 0.0
[REWARD DEBUG] Stagnation (normal): 0.0000 → Reward: 0.0
[ACTION DEBUG iter 200] Raw action[1:3]: [1.0000, 1.0000, 1.0000], noise: 0.0500
[ACTION DEBUG iter 200] WARNING: 9/20 actions clipped (network saturating)
[RLAMPSO DEBUG iter 200] w=0.9000, c1=2.9579, c2=2.9738 | fitness=1948.48
[REWARD DEBUG] Stagnation (normal): 0.0000 → Reward: 0.0
[REWARD DEBUG iter 200] FitnessImprovement: 0.0000 → Reward: +0.0000 (prevFit=1948.48, currFit=1948.48)
[REWARD DEBUG] Stagnation (normal): 0.0000 → Reward: 0.0
[REWARD DEBUG] Stagnation (normal): 0.0000 → Reward: 0.0
[REWARD DEBUG] Stagnation (normal): 0.0000 → Reward: 0.0
[REWARD DEBUG] Stagnation (normal): 0.0000 → Reward: 0.0
[REWARD DEBUG] Stagnation (normal): 0.0000 → Reward: 0.0
[REWARD DEBUG] Stagnation (normal): 0.0000 → Reward: 0.0
[REWARD DEBUG] Stagnation (normal): 0.0000 → Reward: 0.0
[REWARD DEBUG] Stagnation (normal): 0.0000 → Reward: 0.0
[ACTION DEBUG iter 300] Raw action[1:3]: [1.0000, 1.0000, 1.0000], noise: 0.0500
[ACTION DEBUG iter 300] WARNING: 11/20 actions clipped (network saturating)
[RLAMPSO DEBUG iter 300] w=0.9000, c1=3.0000, c2=3.0000 | fitness=1908.77
[REWARD DEBUG iter 300] FitnessImprovement: 0.0000 → Reward: +0.0000 (prevFit=1908.77, currFit=1908.77)
[REWARD DEBUG] Stagnation (normal): 0.0000 → Reward: 0.0
[REWARD DEBUG] Stagnation (normal): 0.0000 → Reward: 0.0
[REWARD DEBUG] Stagnation (normal): 0.0000 → Reward: 0.0
[REWARD DEBUG] Stagnation (normal): 0.0000 → Reward: 0.0
[REWARD DEBUG] Stagnation (normal): 0.0000 → Reward: 0.0
[REWARD DEBUG] Stagnation (normal): 0.0000 → Reward: 0.0
[REWARD DEBUG] Stagnation (normal): 0.0000 → Reward: 0.0
[REWARD DEBUG] Stagnation (normal): 0.0000 → Reward: 0.0
[REWARD DEBUG] Stagnation (normal): 0.0000 → Reward: 0.0
[REWARD DEBUG] Stagnation (normal): 0.0000 → Reward: 0.0
[REWARD DEBUG] Stagnation (normal): 0.0000 → Reward: 0.0
[REWARD DEBUG] Stagnation (normal): 0.0000 → Reward: 0.0
[REWARD DEBUG] Stagnation (normal): 0.0000 → Reward: 0.0
[ACTION DEBUG iter 400] Raw action[1:3]: [1.0000, 1.0000, 1.0000], noise: 0.0500
[ACTION DEBUG iter 400] WARNING: 10/20 actions clipped (network saturating)
[RLAMPSO DEBUG iter 400] w=0.9000, c1=3.0000, c2=2.9961 | fitness=1882.78
[REWARD DEBUG iter 400] FitnessImprovement: 0.0000 → Reward: +0.0000 (prevFit=1882.78, currFit=1882.78)
[REWARD DEBUG] Stagnation (normal): 0.0000 → Reward: 0.0
[REWARD DEBUG] Stagnation (normal): 0.0000 → Reward: 0.0
[REWARD DEBUG] Stagnation (normal): 0.0000 → Reward: 0.0
[REWARD DEBUG] Stagnation (normal): 0.0000 → Reward: 0.0
[REWARD DEBUG] Stagnation (normal): 0.0000 → Reward: 0.0
[REWARD DEBUG] Stagnation (normal): 0.0000 → Reward: 0.0
[REWARD DEBUG] Stagnation (normal): 0.0000 → Reward: 0.0
[REWARD DEBUG] Stagnation (normal): 0.0000 → Reward: 0.0
[ACTION DEBUG iter 500] Raw action[1:3]: [1.0000, 1.0000, 1.0000], noise: 0.0500
[ACTION DEBUG iter 500] WARNING: 13/20 actions clipped (network saturating)
[RLAMPSO DEBUG iter 500] w=0.9000, c1=3.0000, c2=2.9786 | fitness=1868.77
[REWARD DEBUG iter 500] FitnessImprovement: 0.0000 → Reward: +0.0000 (prevFit=1868.77, currFit=1868.77)
[REWARD DEBUG] Stagnation (normal): 0.0000 → Reward: 0.0
[REWARD DEBUG] Stagnation (normal): 0.0000 → Reward: 0.0
[REWARD DEBUG] Stagnation (normal): 0.0000 → Reward: 0.0
[REWARD DEBUG] Stagnation (normal): 0.0000 → Reward: 0.0
[REWARD DEBUG] Stagnation (normal): 0.0000 → Reward: 0.0
[REWARD DEBUG] Stagnation (normal): 0.0000 → Reward: 0.0
[REWARD DEBUG] Stagnation (normal): 0.0000 → Reward: 0.0
[REWARD DEBUG] Stagnation (normal): 0.0000 → Reward: 0.0
[REWARD DEBUG] Stagnation (normal): 0.0000 → Reward: 0.0
[REWARD DEBUG] Stagnation (normal): 0.0000 → Reward: 0.0
[REWARD DEBUG] Stagnation (normal): 0.0000 → Reward: 0.0
[REWARD DEBUG] Stagnation (normal): 0.0000 → Reward: 0.0
[REWARD DEBUG] Stagnation (normal): 0.0000 → Reward: 0.0
[REWARD DEBUG] Stagnation (normal): 0.0000 → Reward: 0.0
[ACTION DEBUG iter 600] Raw action[1:3]: [0.9999, 1.0000, 1.0000], noise: 0.0500
[ACTION DEBUG iter 600] WARNING: 7/20 actions clipped (network saturating)
[RLAMPSO DEBUG iter 600] w=0.9000, c1=2.8931, c2=3.0000 | fitness=1868.77
[REWARD DEBUG iter 600] FitnessImprovement: 0.0000 → Reward: +0.0000 (prevFit=1868.77, currFit=1868.77)
[Ep  73/1000] Fit:  1868.8 | Avg:  1870.8 | Reward: +180.1 | Time: 142.9s
          Buffer: 36875 | Noise: 0.0694 | ActorLoss: -8.833e+02 | CriticLoss: 2.847e+02
[REWARD DEBUG] Stagnation (normal): 0.0000 → Reward: 0.0
[REWARD DEBUG] Improvement: 27.3669 → Reward: +0.7264
[REWARD DEBUG] Stagnation (normal): 0.0000 → Reward: 0.0
[REWARD DEBUG] Stagnation (normal): 0.0000 → Reward: 0.0
[REWARD DEBUG] Stagnation (normal): 0.0000 → Reward: 0.0
[REWARD DEBUG] Stagnation (normal): 0.0000 → Reward: 0.0
[REWARD DEBUG] Stagnation (normal): 0.0000 → Reward: 0.0
[ACTION DEBUG iter 100] Raw action[1:3]: [0.9951, 1.0000, 1.0000], noise: 0.0500
[ACTION DEBUG iter 100] WARNING: 11/20 actions clipped (network saturating)
[RLAMPSO DEBUG iter 100] w=0.9000, c1=2.9956, c2=3.0000 | fitness=1927.79
[REWARD DEBUG iter 100] FitnessImprovement: 0.0000 → Reward: +0.0000 (prevFit=1927.79, currFit=1927.79)
[REWARD DEBUG] Stagnation (normal): 0.0000 → Reward: 0.0
[REWARD DEBUG] Stagnation (normal): 0.0000 → Reward: 0.0
[REWARD DEBUG] Stagnation (normal): 0.0000 → Reward: 0.0
[REWARD DEBUG] Stagnation (normal): 0.0000 → Reward: 0.0
[REWARD DEBUG] Stagnation (normal): 0.0000 → Reward: 0.0
[REWARD DEBUG] Stagnation (normal): 0.0000 → Reward: 0.0
[REWARD DEBUG] Stagnation (normal): 0.0000 → Reward: 0.0
[REWARD DEBUG] Stagnation (normal): 0.0000 → Reward: 0.0
[REWARD DEBUG] Stagnation (normal): 0.0000 → Reward: 0.0
[REWARD DEBUG] Stagnation (normal): 0.0000 → Reward: 0.0
[ACTION DEBUG iter 200] Raw action[1:3]: [-0.9998, 1.0000, 1.0000], noise: 0.0500
[ACTION DEBUG iter 200] WARNING: 12/20 actions clipped (network saturating)
[RLAMPSO DEBUG iter 200] w=0.3000, c1=3.0000, c2=3.0000 | fitness=1852.95
[REWARD DEBUG iter 200] FitnessImprovement: 0.0000 → Reward: +0.0000 (prevFit=1852.95, currFit=1852.95)
[REWARD DEBUG] Stagnation (normal): 0.0000 → Reward: 0.0
[REWARD DEBUG] Stagnation (normal): 0.0000 → Reward: 0.0
[REWARD DEBUG] Stagnation (normal): 0.0000 → Reward: 0.0
[REWARD DEBUG] Stagnation (normal): 0.0000 → Reward: 0.0
[REWARD DEBUG] Stagnation (normal): 0.0000 → Reward: 0.0
[REWARD DEBUG] Stagnation (normal): 0.0000 → Reward: 0.0
[REWARD DEBUG] Stagnation (normal): 0.0000 → Reward: 0.0
[REWARD DEBUG] Stagnation (normal): 0.0000 → Reward: 0.0
[REWARD DEBUG] Stagnation (normal): 0.0000 → Reward: 0.0
[REWARD DEBUG] Stagnation (normal): 0.0000 → Reward: 0.0
[REWARD DEBUG] Stagnation (normal): 0.0000 → Reward: 0.0
[REWARD DEBUG] Stagnation (normal): 0.0000 → Reward: 0.0
[ACTION DEBUG iter 300] Raw action[1:3]: [-0.9999, 1.0000, 1.0000], noise: 0.0500
[ACTION DEBUG iter 300] WARNING: 12/20 actions clipped (network saturating)
[RLAMPSO DEBUG iter 300] w=0.3000, c1=2.9754, c2=3.0000 | fitness=1826.84
[REWARD DEBUG iter 300] FitnessImprovement: 0.0000 → Reward: +0.0000 (prevFit=1826.84, currFit=1826.84)
[REWARD DEBUG] Stagnation (normal): 0.0000 → Reward: 0.0
[REWARD DEBUG] Stagnation (normal): 0.0000 → Reward: 0.0
[REWARD DEBUG] Stagnation (normal): 0.0000 → Reward: 0.0
[REWARD DEBUG] Stagnation (normal): 0.0000 → Reward: 0.0
[REWARD DEBUG] Stagnation (normal): 0.0000 → Reward: 0.0
[REWARD DEBUG] Stagnation (normal): 0.0000 → Reward: 0.0
[REWARD DEBUG] Stagnation (normal): 0.0000 → Reward: 0.0
[REWARD DEBUG] Stagnation (normal): 0.0000 → Reward: 0.0
[ACTION DEBUG iter 400] Raw action[1:3]: [-1.0000, 1.0000, 1.0000], noise: 0.0500
[ACTION DEBUG iter 400] WARNING: 14/20 actions clipped (network saturating)
[RLAMPSO DEBUG iter 400] w=0.3137, c1=2.9936, c2=3.0000 | fitness=1825.43
[REWARD DEBUG iter 400] FitnessImprovement: 0.0000 → Reward: +0.0000 (prevFit=1825.43, currFit=1825.43)
[REWARD DEBUG] Stagnation (normal): 0.0000 → Reward: 0.0
[REWARD DEBUG] Stagnation (normal): 0.0000 → Reward: 0.0
[REWARD DEBUG] Stagnation (normal): 0.0000 → Reward: 0.0
[REWARD DEBUG] Stagnation (normal): 0.0000 → Reward: 0.0
[REWARD DEBUG] Stagnation (normal): 0.0000 → Reward: 0.0
[REWARD DEBUG] Stagnation (normal): 0.0000 → Reward: 0.0
[ACTION DEBUG iter 500] Raw action[1:3]: [-1.0000, 1.0000, 1.0000], noise: 0.0500
[ACTION DEBUG iter 500] WARNING: 10/20 actions clipped (network saturating)
[RLAMPSO DEBUG iter 500] w=0.3044, c1=2.8818, c2=3.0000 | fitness=1814.71
[REWARD DEBUG iter 500] FitnessImprovement: 0.0000 → Reward: +0.0000 (prevFit=1814.71, currFit=1814.71)
[REWARD DEBUG] Stagnation (normal): 0.0000 → Reward: 0.0
[REWARD DEBUG] Stagnation (normal): 0.0000 → Reward: 0.0
[REWARD DEBUG] Stagnation (normal): 0.0000 → Reward: 0.0
[REWARD DEBUG] Stagnation (normal): 0.0000 → Reward: 0.0
[REWARD DEBUG] Stagnation (normal): 0.0000 → Reward: 0.0
[REWARD DEBUG] Stagnation (normal): 0.0000 → Reward: 0.0
[REWARD DEBUG] Stagnation (normal): 0.0000 → Reward: 0.0
[REWARD DEBUG] Stagnation (normal): 0.0000 → Reward: 0.0
[REWARD DEBUG] Stagnation (normal): 0.0000 → Reward: 0.0
[REWARD DEBUG] Stagnation (normal): 0.0000 → Reward: 0.0
[Ep  74/1000] Fit:  1814.7 | Avg:  1870.8 | Reward: +180.1 | Time: 139.0s
          Buffer: 37379 | Noise: 0.0690 | ActorLoss: -1.543e+03 | CriticLoss: 1.937e+02
[REWARD DEBUG] Improvement: 133.9705 → Reward: +1.0000
[REWARD DEBUG] Stagnation (normal): 0.0000 → Reward: 0.0
[REWARD DEBUG] Improvement: 5.8169 → Reward: +0.4168
[REWARD DEBUG] Stagnation (normal): 0.0000 → Reward: 0.0
[REWARD DEBUG] Stagnation (normal): 0.0000 → Reward: 0.0
[REWARD DEBUG] Stagnation (normal): 0.0000 → Reward: 0.0
[REWARD DEBUG] Stagnation (normal): 0.0000 → Reward: 0.0
[REWARD DEBUG] Stagnation (normal): 0.0000 → Reward: 0.0
[REWARD DEBUG] Stagnation (normal): 0.0000 → Reward: 0.0
[REWARD DEBUG] Stagnation (normal): 0.0000 → Reward: 0.0
[ACTION DEBUG iter 100] Raw action[1:3]: [-1.0000, 1.0000, 1.0000], noise: 0.0500
[ACTION DEBUG iter 100] WARNING: 9/20 actions clipped (network saturating)
[RLAMPSO DEBUG iter 100] w=0.3001, c1=3.0000, c2=3.0000 | fitness=1951.81
[REWARD DEBUG iter 100] FitnessImprovement: 0.0000 → Reward: +0.0000 (prevFit=1951.81, currFit=1951.81)
[REWARD DEBUG] Stagnation (normal): 0.0000 → Reward: 0.0
[REWARD DEBUG] Stagnation (normal): 0.0000 → Reward: 0.0
[REWARD DEBUG] Stagnation (normal): 0.0000 → Reward: 0.0
[REWARD DEBUG] Stagnation (normal): 0.0000 → Reward: 0.0
[REWARD DEBUG] Stagnation (normal): 0.0000 → Reward: 0.0
[REWARD DEBUG] Stagnation (normal): 0.0000 → Reward: 0.0
[REWARD DEBUG] Stagnation (normal): 0.0000 → Reward: 0.0
[REWARD DEBUG] Stagnation (normal): 0.0000 → Reward: 0.0
[REWARD DEBUG] Stagnation (normal): 0.0000 → Reward: 0.0
[REWARD DEBUG] Stagnation (normal): 0.0000 → Reward: 0.0
[REWARD DEBUG] Stagnation (normal): 0.0000 → Reward: 0.0
[REWARD DEBUG] Stagnation (normal): 0.0000 → Reward: 0.0
[REWARD DEBUG] Stagnation (normal): 0.0000 → Reward: 0.0
[REWARD DEBUG] Improvement: 15.4527 → Reward: +0.6081
[REWARD DEBUG] Stagnation (normal): 0.0000 → Reward: 0.0
[REWARD DEBUG] Stagnation (normal): 0.0000 → Reward: 0.0
[REWARD DEBUG] Stagnation (normal): 0.0000 → Reward: 0.0
[REWARD DEBUG] Stagnation (normal): 0.0000 → Reward: 0.0
[REWARD DEBUG] Stagnation (normal): 0.0000 → Reward: 0.0
[ACTION DEBUG iter 200] Raw action[1:3]: [-1.0000, 1.0000, 1.0000], noise: 0.0500
[ACTION DEBUG iter 200] WARNING: 12/20 actions clipped (network saturating)
[RLAMPSO DEBUG iter 200] w=0.3000, c1=3.0000, c2=2.9519 | fitness=1917.46
[REWARD DEBUG iter 200] FitnessImprovement: 0.0000 → Reward: +0.0000 (prevFit=1917.46, currFit=1917.46)
[REWARD DEBUG] Stagnation (normal): 0.0000 → Reward: 0.0
[REWARD DEBUG] Stagnation (normal): 0.0000 → Reward: 0.0
[REWARD DEBUG] Stagnation (normal): 0.0000 → Reward: 0.0
[REWARD DEBUG] Stagnation (normal): 0.0000 → Reward: 0.0
[REWARD DEBUG] Stagnation (normal): 0.0000 → Reward: 0.0
[REWARD DEBUG] Stagnation (normal): 0.0000 → Reward: 0.0
[REWARD DEBUG] Stagnation (normal): 0.0000 → Reward: 0.0
[REWARD DEBUG] Stagnation (normal): 0.0000 → Reward: 0.0
[REWARD DEBUG] Stagnation (normal): 0.0000 → Reward: 0.0
[REWARD DEBUG] Stagnation (normal): 0.0000 → Reward: 0.0
[ACTION DEBUG iter 300] Raw action[1:3]: [-1.0000, 1.0000, 1.0000], noise: 0.0500
[ACTION DEBUG iter 300] WARNING: 7/20 actions clipped (network saturating)
[RLAMPSO DEBUG iter 300] w=0.3000, c1=2.8723, c2=3.0000 | fitness=1912.77
[REWARD DEBUG iter 300] FitnessImprovement: 0.0000 → Reward: +0.0000 (prevFit=1912.77, currFit=1912.77)
[REWARD DEBUG] Stagnation (normal): 0.0000 → Reward: 0.0
[REWARD DEBUG] Stagnation (normal): 0.0000 → Reward: 0.0
[REWARD DEBUG] Stagnation (normal): 0.0000 → Reward: 0.0
[REWARD DEBUG] Stagnation (normal): 0.0000 → Reward: 0.0
[REWARD DEBUG] Stagnation (normal): 0.0000 → Reward: 0.0
[REWARD DEBUG] Stagnation (normal): 0.0000 → Reward: 0.0
[REWARD DEBUG] Stagnation (normal): 0.0000 → Reward: 0.0
[REWARD DEBUG] Stagnation (normal): 0.0000 → Reward: 0.0
[REWARD DEBUG] Stagnation (normal): 0.0000 → Reward: 0.0
[REWARD DEBUG] Stagnation (normal): 0.0000 → Reward: 0.0
[REWARD DEBUG] Stagnation (normal): 0.0000 → Reward: 0.0
[REWARD DEBUG] Stagnation (normal): 0.0000 → Reward: 0.0
[REWARD DEBUG] Stagnation (normal): 0.0000 → Reward: 0.0
[ACTION DEBUG iter 400] Raw action[1:3]: [-1.0000, 1.0000, 1.0000], noise: 0.0500
[ACTION DEBUG iter 400] WARNING: 10/20 actions clipped (network saturating)
[RLAMPSO DEBUG iter 400] w=0.3000, c1=3.0000, c2=2.7872 | fitness=1912.77
[REWARD DEBUG iter 400] FitnessImprovement: 0.0000 → Reward: +0.0000 (prevFit=1912.77, currFit=1912.77)
[REWARD DEBUG] Stagnation (normal): 0.0000 → Reward: 0.0
[REWARD DEBUG] Stagnation (normal): 0.0000 → Reward: 0.0
[REWARD DEBUG] Stagnation (normal): 0.0000 → Reward: 0.0
[REWARD DEBUG] Stagnation (normal): 0.0000 → Reward: 0.0
[REWARD DEBUG] Stagnation (normal): 0.0000 → Reward: 0.0
[REWARD DEBUG] Stagnation (normal): 0.0000 → Reward: 0.0
[REWARD DEBUG] Stagnation (normal): 0.0000 → Reward: 0.0
[REWARD DEBUG] Stagnation (normal): 0.0000 → Reward: 0.0
[ACTION DEBUG iter 500] Raw action[1:3]: [-1.0000, 1.0000, 1.0000], noise: 0.0500
[ACTION DEBUG iter 500] WARNING: 10/20 actions clipped (network saturating)
[RLAMPSO DEBUG iter 500] w=0.3000, c1=2.8397, c2=3.0000 | fitness=1901.86
[REWARD DEBUG iter 500] FitnessImprovement: 0.0000 → Reward: +0.0000 (prevFit=1901.86, currFit=1901.86)
[REWARD DEBUG] Stagnation (normal): 0.0000 → Reward: 0.0
[REWARD DEBUG] Stagnation (normal): 0.0000 → Reward: 0.0
[REWARD DEBUG] Stagnation (normal): 0.0000 → Reward: 0.0
[REWARD DEBUG] Stagnation (normal): 0.0000 → Reward: 0.0
[Ep  75/1000] Fit:  1901.9 | Avg:  1876.8 | Reward: +174.1 | Time: 133.3s
          Buffer: 37888 | Noise: 0.0687 | ActorLoss: -5.670e+03 | CriticLoss: 2.418e+02
[REWARD DEBUG] Stagnation (normal): 0.0000 → Reward: 0.0
[REWARD DEBUG] Stagnation (normal): 0.0000 → Reward: 0.0
[REWARD DEBUG] Stagnation (normal): 0.0000 → Reward: 0.0
[REWARD DEBUG] Stagnation (normal): 0.0000 → Reward: 0.0
[REWARD DEBUG] Stagnation (normal): 0.0000 → Reward: 0.0
[REWARD DEBUG] Stagnation (normal): 0.0000 → Reward: 0.0
[REWARD DEBUG] Stagnation (normal): 0.0000 → Reward: 0.0
[REWARD DEBUG] Stagnation (normal): 0.0000 → Reward: 0.0
[ACTION DEBUG iter 100] Raw action[1:3]: [-1.0000, 1.0000, 1.0000], noise: 0.0500
[ACTION DEBUG iter 100] WARNING: 12/20 actions clipped (network saturating)
[RLAMPSO DEBUG iter 100] w=0.3251, c1=2.9480, c2=2.8030 | fitness=1958.25
[REWARD DEBUG iter 100] FitnessImprovement: 0.0000 → Reward: +0.0000 (prevFit=1958.25, currFit=1958.25)
[REWARD DEBUG] Stagnation (normal): 0.0000 → Reward: 0.0
[REWARD DEBUG] Stagnation (normal): 0.0000 → Reward: 0.0
[REWARD DEBUG] Stagnation (normal): 0.0000 → Reward: 0.0
[REWARD DEBUG] Stagnation (normal): 0.0000 → Reward: 0.0
[REWARD DEBUG] Stagnation (normal): 0.0000 → Reward: 0.0
[REWARD DEBUG] Stagnation (normal): 0.0000 → Reward: 0.0
[REWARD DEBUG] Stagnation (normal): 0.0000 → Reward: 0.0
[REWARD DEBUG] Stagnation (normal): 0.0000 → Reward: 0.0
[REWARD DEBUG] Stagnation (normal): 0.0000 → Reward: 0.0
[ACTION DEBUG iter 200] Raw action[1:3]: [-1.0000, 1.0000, 1.0000], noise: 0.0500
[ACTION DEBUG iter 200] WARNING: 13/20 actions clipped (network saturating)
[RLAMPSO DEBUG iter 200] w=0.3000, c1=3.0000, c2=3.0000 | fitness=1935.08
[REWARD DEBUG iter 200] FitnessImprovement: 0.0000 → Reward: +0.0000 (prevFit=1935.08, currFit=1935.08)
[REWARD DEBUG] Stagnation (normal): 0.0000 → Reward: 0.0
[REWARD DEBUG] Stagnation (normal): 0.0000 → Reward: 0.0
[REWARD DEBUG] Stagnation (normal): 0.0000 → Reward: 0.0
[REWARD DEBUG] Stagnation (normal): 0.0000 → Reward: 0.0
[REWARD DEBUG] Stagnation (normal): 0.0000 → Reward: 0.0
[REWARD DEBUG] Stagnation (normal): 0.0000 → Reward: 0.0
[REWARD DEBUG] Stagnation (normal): 0.0000 → Reward: 0.0
[REWARD DEBUG] Stagnation (normal): 0.0000 → Reward: 0.0
[REWARD DEBUG] Stagnation (normal): 0.0000 → Reward: 0.0
[REWARD DEBUG] Stagnation (normal): 0.0000 → Reward: 0.0
[REWARD DEBUG] Stagnation (normal): 0.0000 → Reward: 0.0
[REWARD DEBUG] Stagnation (normal): 0.0000 → Reward: 0.0
[ACTION DEBUG iter 300] Raw action[1:3]: [-1.0000, 1.0000, 1.0000], noise: 0.0500
[ACTION DEBUG iter 300] WARNING: 14/20 actions clipped (network saturating)
[RLAMPSO DEBUG iter 300] w=0.3000, c1=3.0000, c2=2.9793 | fitness=1931.40
[REWARD DEBUG iter 300] FitnessImprovement: 0.0000 → Reward: +0.0000 (prevFit=1931.40, currFit=1931.40)
[REWARD DEBUG] Stagnation (normal): 0.0000 → Reward: 0.0
[REWARD DEBUG] Stagnation (normal): 0.0000 → Reward: 0.0
[REWARD DEBUG] Stagnation (normal): 0.0000 → Reward: 0.0
[REWARD DEBUG] Stagnation (normal): 0.0000 → Reward: 0.0
[REWARD DEBUG] Stagnation (normal): 0.0000 → Reward: 0.0
[REWARD DEBUG] Stagnation (normal): 0.0000 → Reward: 0.0
[REWARD DEBUG] Stagnation (normal): 0.0000 → Reward: 0.0
[REWARD DEBUG] Stagnation (normal): 0.0000 → Reward: 0.0
[REWARD DEBUG] Improvement: 6.2767 → Reward: +0.4310
[REWARD DEBUG] Stagnation (normal): 0.0000 → Reward: 0.0
[REWARD DEBUG] Stagnation (normal): 0.0000 → Reward: 0.0
[ACTION DEBUG iter 400] Raw action[1:3]: [-1.0000, 1.0000, 1.0000], noise: 0.0500
[ACTION DEBUG iter 400] WARNING: 9/20 actions clipped (network saturating)
[RLAMPSO DEBUG iter 400] w=0.3000, c1=2.9815, c2=3.0000 | fitness=1909.60
[REWARD DEBUG iter 400] FitnessImprovement: 0.0000 → Reward: +0.0000 (prevFit=1909.60, currFit=1909.60)
[REWARD DEBUG] Stagnation (normal): 0.0000 → Reward: 0.0
[REWARD DEBUG] Stagnation (normal): 0.0000 → Reward: 0.0
[REWARD DEBUG] Stagnation (normal): 0.0000 → Reward: 0.0
[REWARD DEBUG] Stagnation (normal): 0.0000 → Reward: 0.0
[REWARD DEBUG] Stagnation (normal): 0.0000 → Reward: 0.0
[REWARD DEBUG] Stagnation (normal): 0.0000 → Reward: 0.0
[REWARD DEBUG] Stagnation (normal): 0.0000 → Reward: 0.0
[REWARD DEBUG] Stagnation (normal): 0.0000 → Reward: 0.0
[REWARD DEBUG] Stagnation (normal): 0.0000 → Reward: 0.0
[REWARD DEBUG] Stagnation (normal): 0.0000 → Reward: 0.0
[ACTION DEBUG iter 500] Raw action[1:3]: [-1.0000, 1.0000, 1.0000], noise: 0.0500
[ACTION DEBUG iter 500] WARNING: 9/20 actions clipped (network saturating)
[RLAMPSO DEBUG iter 500] w=0.3210, c1=2.8523, c2=2.9996 | fitness=1896.61
[REWARD DEBUG iter 500] FitnessImprovement: 0.0000 → Reward: +0.0000 (prevFit=1896.61, currFit=1896.61)
[REWARD DEBUG] Stagnation (normal): 0.0000 → Reward: 0.0
[REWARD DEBUG] Stagnation (normal): 0.0000 → Reward: 0.0
[REWARD DEBUG] Stagnation (normal): 0.0000 → Reward: 0.0
[REWARD DEBUG] Stagnation (normal): 0.0000 → Reward: 0.0
[REWARD DEBUG] Stagnation (normal): 0.0000 → Reward: 0.0
[REWARD DEBUG] Stagnation (normal): 0.0000 → Reward: 0.0
[REWARD DEBUG] Stagnation (normal): 0.0000 → Reward: 0.0
[REWARD DEBUG] Stagnation (normal): 0.0000 → Reward: 0.0
[REWARD DEBUG] Stagnation (normal): 0.0000 → Reward: 0.0
[REWARD DEBUG] Stagnation (normal): 0.0000 → Reward: 0.0
[REWARD DEBUG] Stagnation (normal): 0.0000 → Reward: 0.0
[ACTION DEBUG iter 600] Raw action[1:3]: [-1.0000, 1.0000, 1.0000], noise: 0.0500
[ACTION DEBUG iter 600] WARNING: 11/20 actions clipped (network saturating)
[RLAMPSO DEBUG iter 600] w=0.3140, c1=3.0000, c2=2.8259 | fitness=1896.61
[REWARD DEBUG iter 600] FitnessImprovement: 0.0000 → Reward: +0.0000 (prevFit=1896.61, currFit=1896.61)
[Ep  76/1000] Fit:  1896.6 | Avg:  1869.9 | Reward: +181.0 | Time: 147.3s
          Buffer: 38438 | Noise: 0.0683 | ActorLoss: -7.090e+03 | CriticLoss: 1.190e+03
[REWARD DEBUG] Improvement: 32.5794 → Reward: +0.7630
[REWARD DEBUG] Stagnation (normal): 0.0000 → Reward: 0.0
[REWARD DEBUG] Improvement: 18.5368 → Reward: +0.6454
[REWARD DEBUG] Stagnation (normal): 0.0000 → Reward: 0.0
[REWARD DEBUG] Stagnation (normal): 0.0000 → Reward: 0.0
[REWARD DEBUG] Stagnation (normal): 0.0000 → Reward: 0.0
[REWARD DEBUG] Stagnation (normal): 0.0000 → Reward: 0.0
[REWARD DEBUG] Stagnation (normal): 0.0000 → Reward: 0.0
[REWARD DEBUG] Stagnation (normal): 0.0000 → Reward: 0.0
[REWARD DEBUG] Stagnation (normal): 0.0000 → Reward: 0.0
[REWARD DEBUG] Stagnation (normal): 0.0000 → Reward: 0.0
[REWARD DEBUG] Stagnation (normal): 0.0000 → Reward: 0.0
[REWARD DEBUG] Stagnation (normal): 0.0000 → Reward: 0.0
[ACTION DEBUG iter 100] Raw action[1:3]: [-1.0000, 1.0000, 1.0000], noise: 0.0500
[ACTION DEBUG iter 100] WARNING: 7/20 actions clipped (network saturating)
[RLAMPSO DEBUG iter 100] w=0.3043, c1=2.9744, c2=2.9471 | fitness=2045.91
[REWARD DEBUG iter 100] FitnessImprovement: 0.0000 → Reward: +0.0000 (prevFit=2045.91, currFit=2045.91)
[REWARD DEBUG] Stagnation (normal): 0.0000 → Reward: 0.0
[REWARD DEBUG] Stagnation (normal): 0.0000 → Reward: 0.0
[REWARD DEBUG] Stagnation (normal): 0.0000 → Reward: 0.0
[REWARD DEBUG] Stagnation (normal): 0.0000 → Reward: 0.0
[REWARD DEBUG] Stagnation (normal): 0.0000 → Reward: 0.0
[REWARD DEBUG] Stagnation (normal): 0.0000 → Reward: 0.0
[REWARD DEBUG] Stagnation (normal): 0.0000 → Reward: 0.0
[REWARD DEBUG] Stagnation (normal): 0.0000 → Reward: 0.0
[REWARD DEBUG] Stagnation (normal): 0.0000 → Reward: 0.0
[REWARD DEBUG] Stagnation (normal): 0.0000 → Reward: 0.0
[REWARD DEBUG] Stagnation (normal): 0.0000 → Reward: 0.0
[ACTION DEBUG iter 200] Raw action[1:3]: [-1.0000, 1.0000, 1.0000], noise: 0.0500
[ACTION DEBUG iter 200] WARNING: 9/20 actions clipped (network saturating)
[RLAMPSO DEBUG iter 200] w=0.3185, c1=2.9031, c2=3.0000 | fitness=2013.08
[REWARD DEBUG iter 200] FitnessImprovement: 0.0000 → Reward: +0.0000 (prevFit=2013.08, currFit=2013.08)
[REWARD DEBUG] Stagnation (normal): 0.0000 → Reward: 0.0
[REWARD DEBUG] Stagnation (normal): 0.0000 → Reward: 0.0
[REWARD DEBUG] Stagnation (normal): 0.0000 → Reward: 0.0
[REWARD DEBUG] Stagnation (normal): 0.0000 → Reward: 0.0
[REWARD DEBUG] Stagnation (normal): 0.0000 → Reward: 0.0
[REWARD DEBUG] Stagnation (normal): 0.0000 → Reward: 0.0
[REWARD DEBUG] Stagnation (normal): 0.0000 → Reward: 0.0
[REWARD DEBUG] Stagnation (normal): 0.0000 → Reward: 0.0
[REWARD DEBUG] Stagnation (normal): 0.0000 → Reward: 0.0
[REWARD DEBUG] Stagnation (normal): 0.0000 → Reward: 0.0
[REWARD DEBUG] Stagnation (normal): 0.0000 → Reward: 0.0
[ACTION DEBUG iter 300] Raw action[1:3]: [-1.0000, 1.0000, 1.0000], noise: 0.0500
[ACTION DEBUG iter 300] WARNING: 5/20 actions clipped (network saturating)
[RLAMPSO DEBUG iter 300] w=0.3000, c1=3.0000, c2=2.9482 | fitness=1992.48
[REWARD DEBUG iter 300] FitnessImprovement: 0.0000 → Reward: +0.0000 (prevFit=1992.48, currFit=1992.48)
[REWARD DEBUG] Stagnation (normal): 0.0000 → Reward: 0.0
[REWARD DEBUG] Stagnation (normal): 0.0000 → Reward: 0.0
[REWARD DEBUG] Stagnation (normal): 0.0000 → Reward: 0.0
[REWARD DEBUG] Improvement: 21.8266 → Reward: +0.6792
[REWARD DEBUG] Stagnation (normal): 0.0000 → Reward: 0.0
[REWARD DEBUG] Stagnation (normal): 0.0000 → Reward: 0.0
[REWARD DEBUG] Stagnation (normal): 0.0000 → Reward: 0.0
[REWARD DEBUG] Stagnation (normal): 0.0000 → Reward: 0.0
[REWARD DEBUG] Stagnation (normal): 0.0000 → Reward: 0.0
[REWARD DEBUG] Stagnation (normal): 0.0000 → Reward: 0.0
[REWARD DEBUG] Stagnation (normal): 0.0000 → Reward: 0.0
[ACTION DEBUG iter 400] Raw action[1:3]: [-1.0000, 1.0000, 1.0000], noise: 0.0500
[ACTION DEBUG iter 400] WARNING: 13/20 actions clipped (network saturating)
[RLAMPSO DEBUG iter 400] w=0.3000, c1=3.0000, c2=3.0000 | fitness=1970.66
[REWARD DEBUG iter 400] FitnessImprovement: 0.0000 → Reward: +0.0000 (prevFit=1970.66, currFit=1970.66)
[REWARD DEBUG] Stagnation (normal): 0.0000 → Reward: 0.0
[REWARD DEBUG] Stagnation (normal): 0.0000 → Reward: 0.0
[REWARD DEBUG] Stagnation (normal): 0.0000 → Reward: 0.0
[REWARD DEBUG] Stagnation (normal): 0.0000 → Reward: 0.0
[REWARD DEBUG] Stagnation (normal): 0.0000 → Reward: 0.0
[REWARD DEBUG] Stagnation (normal): 0.0000 → Reward: 0.0
[REWARD DEBUG] Stagnation (normal): 0.0000 → Reward: 0.0
[Ep  77/1000] Fit:  1970.7 | Avg:  1879.6 | Reward: +171.3 | Time: 102.1s
          Buffer: 38876 | Noise: 0.0680 | ActorLoss: -5.555e+03 | CriticLoss: 9.651e+02
[REWARD DEBUG] Stagnation (normal): 0.0000 → Reward: 0.0
[REWARD DEBUG] Stagnation (normal): 0.0000 → Reward: 0.0
[REWARD DEBUG] Stagnation (normal): 0.0000 → Reward: 0.0
[REWARD DEBUG] Stagnation (normal): 0.0000 → Reward: 0.0
[REWARD DEBUG] Stagnation (normal): 0.0000 → Reward: 0.0
[REWARD DEBUG] Stagnation (normal): 0.0000 → Reward: 0.0
[REWARD DEBUG] Stagnation (normal): 0.0000 → Reward: 0.0
[REWARD DEBUG] Stagnation (normal): 0.0000 → Reward: 0.0
[ACTION DEBUG iter 100] Raw action[1:3]: [-1.0000, 1.0000, 1.0000], noise: 0.0500
[ACTION DEBUG iter 100] WARNING: 12/20 actions clipped (network saturating)
[RLAMPSO DEBUG iter 100] w=0.3000, c1=2.9573, c2=3.0000 | fitness=2149.86
[REWARD DEBUG iter 100] FitnessImprovement: 0.0000 → Reward: +0.0000 (prevFit=2149.86, currFit=2149.86)
[REWARD DEBUG] Stagnation (normal): 0.0000 → Reward: 0.0
[REWARD DEBUG] Stagnation (normal): 0.0000 → Reward: 0.0
[REWARD DEBUG] Stagnation (normal): 0.0000 → Reward: 0.0
[REWARD DEBUG] Stagnation (normal): 0.0000 → Reward: 0.0
[REWARD DEBUG] Stagnation (normal): 0.0000 → Reward: 0.0
[REWARD DEBUG] Stagnation (normal): 0.0000 → Reward: 0.0
[ACTION DEBUG iter 200] Raw action[1:3]: [-1.0000, 1.0000, 1.0000], noise: 0.0500
[ACTION DEBUG iter 200] WARNING: 9/20 actions clipped (network saturating)
[RLAMPSO DEBUG iter 200] w=0.3000, c1=3.0000, c2=2.9463 | fitness=2115.25
[REWARD DEBUG iter 200] FitnessImprovement: 0.0000 → Reward: +0.0000 (prevFit=2115.25, currFit=2115.25)
[REWARD DEBUG] Stagnation (normal): 0.0000 → Reward: 0.0
[REWARD DEBUG] Stagnation (normal): 0.0000 → Reward: 0.0
[REWARD DEBUG] Stagnation (normal): 0.0000 → Reward: 0.0
[REWARD DEBUG] Stagnation (normal): 0.0000 → Reward: 0.0
[REWARD DEBUG] Stagnation (normal): 0.0000 → Reward: 0.0
[REWARD DEBUG] Improvement: 18.5419 → Reward: +0.6455
[REWARD DEBUG] Stagnation (normal): 0.0000 → Reward: 0.0
[REWARD DEBUG] Stagnation (normal): 0.0000 → Reward: 0.0
[REWARD DEBUG] Stagnation (normal): 0.0000 → Reward: 0.0
[REWARD DEBUG] Stagnation (normal): 0.0000 → Reward: 0.0
[REWARD DEBUG] Improvement: 13.5957 → Reward: +0.5821
[REWARD DEBUG] Stagnation (normal): 0.0000 → Reward: 0.0
[ACTION DEBUG iter 300] Raw action[1:3]: [-1.0000, 1.0000, 1.0000], noise: 0.0500
[ACTION DEBUG iter 300] WARNING: 9/20 actions clipped (network saturating)
[RLAMPSO DEBUG iter 300] w=0.3265, c1=3.0000, c2=2.9333 | fitness=1996.92
[REWARD DEBUG iter 300] FitnessImprovement: 0.0000 → Reward: +0.0000 (prevFit=1996.92, currFit=1996.92)
[REWARD DEBUG] Stagnation (normal): 0.0000 → Reward: 0.0
[REWARD DEBUG] Stagnation (normal): 0.0000 → Reward: 0.0
[REWARD DEBUG] Stagnation (normal): 0.0000 → Reward: 0.0
[REWARD DEBUG] Stagnation (normal): 0.0000 → Reward: 0.0
[REWARD DEBUG] Stagnation (normal): 0.0000 → Reward: 0.0
[REWARD DEBUG] Stagnation (normal): 0.0000 → Reward: 0.0
[REWARD DEBUG] Stagnation (normal): 0.0000 → Reward: 0.0
[REWARD DEBUG] Stagnation (normal): 0.0000 → Reward: 0.0
[REWARD DEBUG] Stagnation (normal): 0.0000 → Reward: 0.0
[REWARD DEBUG] Stagnation (normal): 0.0000 → Reward: 0.0
[REWARD DEBUG] Stagnation (normal): 0.0000 → Reward: 0.0
[REWARD DEBUG] Stagnation (normal): 0.0000 → Reward: 0.0
[ACTION DEBUG iter 400] Raw action[1:3]: [-1.0000, 1.0000, 1.0000], noise: 0.0500
[ACTION DEBUG iter 400] WARNING: 12/20 actions clipped (network saturating)
[RLAMPSO DEBUG iter 400] w=0.3000, c1=2.9901, c2=2.9584 | fitness=1931.44
[REWARD DEBUG iter 400] FitnessImprovement: 0.0000 → Reward: +0.0000 (prevFit=1931.44, currFit=1931.44)
[REWARD DEBUG] Stagnation (normal): 0.0000 → Reward: 0.0
[REWARD DEBUG] Stagnation (normal): 0.0000 → Reward: 0.0
[REWARD DEBUG] Stagnation (normal): 0.0000 → Reward: 0.0
[REWARD DEBUG] Stagnation (normal): 0.0000 → Reward: 0.0
[REWARD DEBUG] Stagnation (normal): 0.0000 → Reward: 0.0
[REWARD DEBUG] Stagnation (normal): 0.0000 → Reward: 0.0
[REWARD DEBUG] Stagnation (normal): 0.0000 → Reward: 0.0
[REWARD DEBUG] Stagnation (normal): 0.0000 → Reward: 0.0
[REWARD DEBUG] Stagnation (normal): 0.0000 → Reward: 0.0
[REWARD DEBUG] Stagnation (normal): 0.0000 → Reward: 0.0
[REWARD DEBUG] Stagnation (normal): 0.0000 → Reward: 0.0
[REWARD DEBUG] Stagnation (normal): 0.0000 → Reward: 0.0
[ACTION DEBUG iter 500] Raw action[1:3]: [-1.0000, 1.0000, 1.0000], noise: 0.0500
[ACTION DEBUG iter 500] WARNING: 10/20 actions clipped (network saturating)
[RLAMPSO DEBUG iter 500] w=0.3000, c1=2.9374, c2=2.8879 | fitness=1908.38
[REWARD DEBUG iter 500] FitnessImprovement: 0.0000 → Reward: +0.0000 (prevFit=1908.38, currFit=1908.38)
[REWARD DEBUG] Stagnation (normal): 0.0000 → Reward: 0.0
[REWARD DEBUG] Stagnation (normal): 0.0000 → Reward: 0.0
[REWARD DEBUG] Stagnation (normal): 0.0000 → Reward: 0.0
[REWARD DEBUG] Stagnation (normal): 0.0000 → Reward: 0.0
[REWARD DEBUG] Stagnation (normal): 0.0000 → Reward: 0.0
[REWARD DEBUG] Stagnation (normal): 0.0000 → Reward: 0.0
[REWARD DEBUG] Stagnation (normal): 0.0000 → Reward: 0.0
[REWARD DEBUG] Stagnation (normal): 0.0000 → Reward: 0.0
[REWARD DEBUG] Stagnation (normal): 0.0000 → Reward: 0.0
[REWARD DEBUG] Stagnation (normal): 0.0000 → Reward: 0.0
[REWARD DEBUG] Stagnation (normal): 0.0000 → Reward: 0.0
[REWARD DEBUG] Stagnation (normal): 0.0000 → Reward: 0.0
[REWARD DEBUG] Stagnation (normal): 0.0000 → Reward: 0.0
[ACTION DEBUG iter 600] Raw action[1:3]: [-1.0000, 1.0000, 1.0000], noise: 0.0500
[ACTION DEBUG iter 600] WARNING: 11/20 actions clipped (network saturating)
[RLAMPSO DEBUG iter 600] w=0.3283, c1=3.0000, c2=3.0000 | fitness=1880.99
[REWARD DEBUG iter 600] FitnessImprovement: 0.0000 → Reward: +0.0000 (prevFit=1880.99, currFit=1880.99)
[Ep  78/1000] Fit:  1881.0 | Avg:  1889.0 | Reward: +162.0 | Time: 129.6s
          Buffer: 39426 | Noise: 0.0676 | ActorLoss: -4.869e+03 | CriticLoss: 8.045e+02
[REWARD DEBUG] Improvement: 92.9869 → Reward: +0.9865
[REWARD DEBUG] Stagnation (normal): 0.0000 → Reward: 0.0
[REWARD DEBUG] Stagnation (normal): 0.0000 → Reward: 0.0
[REWARD DEBUG] Stagnation (normal): 0.0000 → Reward: 0.0
[REWARD DEBUG] Stagnation (normal): 0.0000 → Reward: 0.0
[REWARD DEBUG] Stagnation (normal): 0.0000 → Reward: 0.0
[REWARD DEBUG] Stagnation (normal): 0.0000 → Reward: 0.0
[REWARD DEBUG] Stagnation (normal): 0.0000 → Reward: 0.0
[ACTION DEBUG iter 100] Raw action[1:3]: [-1.0000, 1.0000, 1.0000], noise: 0.0500
[ACTION DEBUG iter 100] WARNING: 8/20 actions clipped (network saturating)
[RLAMPSO DEBUG iter 100] w=0.3000, c1=3.0000, c2=3.0000 | fitness=1995.27
[REWARD DEBUG iter 100] FitnessImprovement: 0.0000 → Reward: +0.0000 (prevFit=1995.27, currFit=1995.27)
[REWARD DEBUG] Stagnation (normal): 0.0000 → Reward: 0.0
[REWARD DEBUG] Stagnation (normal): 0.0000 → Reward: 0.0
[REWARD DEBUG] Stagnation (normal): 0.0000 → Reward: 0.0
[REWARD DEBUG] Stagnation (normal): 0.0000 → Reward: 0.0
[REWARD DEBUG] Stagnation (normal): 0.0000 → Reward: 0.0
[REWARD DEBUG] Stagnation (normal): 0.0000 → Reward: 0.0
[REWARD DEBUG] Stagnation (normal): 0.0000 → Reward: 0.0
[REWARD DEBUG] Stagnation (normal): 0.0000 → Reward: 0.0
[REWARD DEBUG] Stagnation (normal): 0.0000 → Reward: 0.0
[REWARD DEBUG] Stagnation (normal): 0.0000 → Reward: 0.0
[REWARD DEBUG] Stagnation (normal): 0.0000 → Reward: 0.0
[ACTION DEBUG iter 200] Raw action[1:3]: [-1.0000, 1.0000, 1.0000], noise: 0.0500
[ACTION DEBUG iter 200] WARNING: 9/20 actions clipped (network saturating)
[RLAMPSO DEBUG iter 200] w=0.3316, c1=2.9085, c2=3.0000 | fitness=1979.66
[REWARD DEBUG iter 200] FitnessImprovement: 0.0000 → Reward: +0.0000 (prevFit=1979.66, currFit=1979.66)
[REWARD DEBUG] Stagnation (normal): 0.0000 → Reward: 0.0
[REWARD DEBUG] Stagnation (normal): 0.0000 → Reward: 0.0
[REWARD DEBUG] Stagnation (normal): 0.0000 → Reward: 0.0
[REWARD DEBUG] Stagnation (normal): 0.0000 → Reward: 0.0
[REWARD DEBUG] Stagnation (normal): 0.0000 → Reward: 0.0
[REWARD DEBUG] Stagnation (normal): 0.0000 → Reward: 0.0
[REWARD DEBUG] Stagnation (normal): 0.0000 → Reward: 0.0
[REWARD DEBUG] Stagnation (normal): 0.0000 → Reward: 0.0
[REWARD DEBUG] Stagnation (normal): 0.0000 → Reward: 0.0
[REWARD DEBUG] Stagnation (normal): 0.0000 → Reward: 0.0
[Ep  79/1000] Fit:  1979.7 | Avg:  1901.9 | Reward: +149.1 | Time:  72.8s
          Buffer: 39669 | Noise: 0.0673 | ActorLoss: -5.090e+03 | CriticLoss: 7.208e+02
[REWARD DEBUG] Stagnation (normal): 0.0000 → Reward: 0.0
[REWARD DEBUG] Stagnation (normal): 0.0000 → Reward: 0.0
[REWARD DEBUG] Stagnation (normal): 0.0000 → Reward: 0.0
[REWARD DEBUG] Stagnation (normal): 0.0000 → Reward: 0.0
[REWARD DEBUG] Stagnation (normal): 0.0000 → Reward: 0.0
[ACTION DEBUG iter 100] Raw action[1:3]: [-1.0000, 1.0000, 1.0000], noise: 0.0500
[ACTION DEBUG iter 100] WARNING: 9/20 actions clipped (network saturating)
[RLAMPSO DEBUG iter 100] w=0.3149, c1=2.9631, c2=3.0000 | fitness=2010.68
[REWARD DEBUG iter 100] FitnessImprovement: 0.0000 → Reward: +0.0000 (prevFit=2010.68, currFit=2010.68)
[REWARD DEBUG] Stagnation (normal): 0.0000 → Reward: 0.0
[REWARD DEBUG] Stagnation (normal): 0.0000 → Reward: 0.0
[REWARD DEBUG] Stagnation (normal): 0.0000 → Reward: 0.0
[REWARD DEBUG] Improvement: 10.8721 → Reward: +0.5373
[REWARD DEBUG] Stagnation (normal): 0.0000 → Reward: 0.0
[REWARD DEBUG] Stagnation (normal): 0.0000 → Reward: 0.0
[ACTION DEBUG iter 200] Raw action[1:3]: [-1.0000, 1.0000, 1.0000], noise: 0.0500
[ACTION DEBUG iter 200] WARNING: 15/20 actions clipped (network saturating)
[RLAMPSO DEBUG iter 200] w=0.3191, c1=3.0000, c2=3.0000 | fitness=1965.47
[REWARD DEBUG iter 200] FitnessImprovement: 0.0000 → Reward: +0.0000 (prevFit=1965.47, currFit=1965.47)
[REWARD DEBUG] Stagnation (normal): 0.0000 → Reward: 0.0
[REWARD DEBUG] Stagnation (normal): 0.0000 → Reward: 0.0
[REWARD DEBUG] Stagnation (normal): 0.0000 → Reward: 0.0
[REWARD DEBUG] Stagnation (normal): 0.0000 → Reward: 0.0
[REWARD DEBUG] Stagnation (normal): 0.0000 → Reward: 0.0
[ACTION DEBUG iter 300] Raw action[1:3]: [-1.0000, 1.0000, 1.0000], noise: 0.0500
[ACTION DEBUG iter 300] WARNING: 8/20 actions clipped (network saturating)
[RLAMPSO DEBUG iter 300] w=0.3044, c1=2.9715, c2=3.0000 | fitness=1964.26
[REWARD DEBUG iter 300] FitnessImprovement: 0.0000 → Reward: +0.0000 (prevFit=1964.26, currFit=1964.26)
[REWARD DEBUG] Stagnation (normal): 0.0000 → Reward: 0.0
[REWARD DEBUG] Stagnation (normal): 0.0000 → Reward: 0.0
[REWARD DEBUG] Stagnation (normal): 0.0000 → Reward: 0.0
[REWARD DEBUG] Stagnation (normal): 0.0000 → Reward: 0.0
[REWARD DEBUG] Stagnation (normal): 0.0000 → Reward: 0.0
[REWARD DEBUG] Stagnation (normal): 0.0000 → Reward: 0.0
[REWARD DEBUG] Stagnation (normal): 0.0000 → Reward: 0.0
[REWARD DEBUG] Stagnation (normal): 0.0000 → Reward: 0.0
[ACTION DEBUG iter 400] Raw action[1:3]: [-1.0000, 1.0000, 1.0000], noise: 0.0500
[ACTION DEBUG iter 400] WARNING: 9/20 actions clipped (network saturating)
[RLAMPSO DEBUG iter 400] w=0.3105, c1=2.9114, c2=3.0000 | fitness=1948.55
[REWARD DEBUG iter 400] FitnessImprovement: 37.2805 → Reward: +0.7915 (prevFit=1948.55, currFit=1911.27)
[REWARD DEBUG] Stagnation (normal): 0.0000 → Reward: 0.0
[REWARD DEBUG] Stagnation (normal): 0.0000 → Reward: 0.0
[REWARD DEBUG] Stagnation (normal): 0.0000 → Reward: 0.0
[ACTION DEBUG iter 500] Raw action[1:3]: [-1.0000, 1.0000, 1.0000], noise: 0.0500
[ACTION DEBUG iter 500] WARNING: 10/20 actions clipped (network saturating)
[RLAMPSO DEBUG iter 500] w=0.3139, c1=3.0000, c2=2.8435 | fitness=1911.27
[REWARD DEBUG iter 500] FitnessImprovement: 0.0000 → Reward: +0.0000 (prevFit=1911.27, currFit=1911.27)
[REWARD DEBUG] Stagnation (normal): 0.0000 → Reward: 0.0
[REWARD DEBUG] Stagnation (normal): 0.0000 → Reward: 0.0
[REWARD DEBUG] Stagnation (normal): 0.0000 → Reward: 0.0
[REWARD DEBUG] Stagnation (normal): 0.0000 → Reward: 0.0
[REWARD DEBUG] Stagnation (normal): 0.0000 → Reward: 0.0
[REWARD DEBUG] Stagnation (normal): 0.0000 → Reward: 0.0
[REWARD DEBUG] Stagnation (normal): 0.0000 → Reward: 0.0
[Ep  80/1000] Fit:  1911.3 | Avg:  1906.0 | Reward: +144.9 | Time: 143.2s
          Buffer: 40170 | Noise: 0.0670 | ActorLoss: -4.905e+03 | CriticLoss: 9.205e+02
[REWARD DEBUG] Improvement: 10.4982 → Reward: +0.5303
[REWARD DEBUG] Stagnation (normal): 0.0000 → Reward: 0.0
[REWARD DEBUG] Stagnation (normal): 0.0000 → Reward: 0.0
[REWARD DEBUG] Stagnation (normal): 0.0000 → Reward: 0.0
[REWARD DEBUG] Stagnation (normal): 0.0000 → Reward: 0.0
[REWARD DEBUG] Stagnation (normal): 0.0000 → Reward: 0.0
[REWARD DEBUG] Stagnation (normal): 0.0000 → Reward: 0.0
[REWARD DEBUG] Stagnation (normal): 0.0000 → Reward: 0.0
[REWARD DEBUG] Stagnation (normal): 0.0000 → Reward: 0.0
[REWARD DEBUG] Improvement: 20.0360 → Reward: +0.6615
[REWARD DEBUG] Stagnation (normal): 0.0000 → Reward: 0.0
[REWARD DEBUG] Stagnation (normal): 0.0000 → Reward: 0.0
[REWARD DEBUG] Stagnation (normal): 0.0000 → Reward: 0.0
[REWARD DEBUG] Stagnation (normal): 0.0000 → Reward: 0.0
[ACTION DEBUG iter 100] Raw action[1:3]: [-1.0000, 1.0000, 1.0000], noise: 0.0500
[ACTION DEBUG iter 100] WARNING: 9/20 actions clipped (network saturating)
[RLAMPSO DEBUG iter 100] w=0.3248, c1=2.9493, c2=2.9253 | fitness=2046.12
[REWARD DEBUG] Stagnation (normal): 0.0000 → Reward: 0.0
[REWARD DEBUG iter 100] FitnessImprovement: 0.0000 → Reward: +0.0000 (prevFit=2046.12, currFit=2046.12)
[REWARD DEBUG] Stagnation (normal): 0.0000 → Reward: 0.0
[REWARD DEBUG] Stagnation (normal): 0.0000 → Reward: 0.0
[REWARD DEBUG] Stagnation (normal): 0.0000 → Reward: 0.0
[REWARD DEBUG] Stagnation (normal): 0.0000 → Reward: 0.0
[REWARD DEBUG] Stagnation (normal): 0.0000 → Reward: 0.0
[REWARD DEBUG] Stagnation (normal): 0.0000 → Reward: 0.0
[ACTION DEBUG iter 200] Raw action[1:3]: [-1.0000, 1.0000, 1.0000], noise: 0.0500
[ACTION DEBUG iter 200] WARNING: 12/20 actions clipped (network saturating)
[RLAMPSO DEBUG iter 200] w=0.3000, c1=3.0000, c2=2.9547 | fitness=1973.14
[REWARD DEBUG iter 200] FitnessImprovement: 0.0000 → Reward: +0.0000 (prevFit=1973.14, currFit=1973.14)
[REWARD DEBUG] Stagnation (normal): 0.0000 → Reward: 0.0
[REWARD DEBUG] Stagnation (normal): 0.0000 → Reward: 0.0
[REWARD DEBUG] Stagnation (normal): 0.0000 → Reward: 0.0
[REWARD DEBUG] Stagnation (normal): 0.0000 → Reward: 0.0
[REWARD DEBUG] Stagnation (normal): 0.0000 → Reward: 0.0
[REWARD DEBUG] Stagnation (normal): 0.0000 → Reward: 0.0
[REWARD DEBUG] Stagnation (normal): 0.0000 → Reward: 0.0
[ACTION DEBUG iter 300] Raw action[1:3]: [-1.0000, 1.0000, 1.0000], noise: 0.0500
[ACTION DEBUG iter 300] WARNING: 10/20 actions clipped (network saturating)
[RLAMPSO DEBUG iter 300] w=0.3469, c1=2.9492, c2=3.0000 | fitness=1947.70
[REWARD DEBUG iter 300] FitnessImprovement: 0.0000 → Reward: +0.0000 (prevFit=1947.70, currFit=1947.70)
[REWARD DEBUG] Stagnation (normal): 0.0000 → Reward: 0.0
[REWARD DEBUG] Stagnation (normal): 0.0000 → Reward: 0.0
[REWARD DEBUG] Stagnation (normal): 0.0000 → Reward: 0.0
[ACTION DEBUG iter 400] Raw action[1:3]: [-1.0000, 1.0000, 1.0000], noise: 0.0500
[ACTION DEBUG iter 400] WARNING: 12/20 actions clipped (network saturating)
[RLAMPSO DEBUG iter 400] w=0.3000, c1=3.0000, c2=2.8630 | fitness=1928.10
[REWARD DEBUG iter 400] FitnessImprovement: 0.0000 → Reward: +0.0000 (prevFit=1928.10, currFit=1928.10)
[REWARD DEBUG] Stagnation (normal): 0.0000 → Reward: 0.0
[REWARD DEBUG] Stagnation (normal): 0.0000 → Reward: 0.0
[REWARD DEBUG] Stagnation (normal): 0.0000 → Reward: 0.0
[REWARD DEBUG] Stagnation (normal): 0.0000 → Reward: 0.0
[REWARD DEBUG] Stagnation (normal): 0.0000 → Reward: 0.0
[REWARD DEBUG] Stagnation (normal): 0.0000 → Reward: 0.0
[REWARD DEBUG] Stagnation (normal): 0.0000 → Reward: 0.0
[REWARD DEBUG] Stagnation (normal): 0.0000 → Reward: 0.0
[ACTION DEBUG iter 500] Raw action[1:3]: [-1.0000, 1.0000, 1.0000], noise: 0.0500
[ACTION DEBUG iter 500] WARNING: 13/20 actions clipped (network saturating)
[RLAMPSO DEBUG iter 500] w=0.3057, c1=3.0000, c2=3.0000 | fitness=1857.66
[REWARD DEBUG iter 500] FitnessImprovement: 0.0000 → Reward: +0.0000 (prevFit=1857.66, currFit=1857.66)
[REWARD DEBUG] Stagnation (normal): 0.0000 → Reward: 0.0
[REWARD DEBUG] Stagnation (normal): 0.0000 → Reward: 0.0
[REWARD DEBUG] Stagnation (normal): 0.0000 → Reward: 0.0
[REWARD DEBUG] Stagnation (normal): 0.0000 → Reward: 0.0
[REWARD DEBUG] Stagnation (normal): 0.0000 → Reward: 0.0
[REWARD DEBUG] Stagnation (normal): 0.0000 → Reward: 0.0
[REWARD DEBUG] Stagnation (normal): 0.0000 → Reward: 0.0
[REWARD DEBUG] Stagnation (normal): 0.0000 → Reward: 0.0
[REWARD DEBUG] Stagnation (normal): 0.0000 → Reward: 0.0
[ACTION DEBUG iter 600] Raw action[1:3]: [-1.0000, 1.0000, 1.0000], noise: 0.0500
[ACTION DEBUG iter 600] WARNING: 8/20 actions clipped (network saturating)
[RLAMPSO DEBUG iter 600] w=0.3080, c1=3.0000, c2=2.8981 | fitness=1835.59
[REWARD DEBUG iter 600] FitnessImprovement: 0.0000 → Reward: +0.0000 (prevFit=1835.59, currFit=1835.59)
[Ep  81/1000] Fit:  1835.6 | Avg:  1895.6 | Reward: +155.3 | Time: 144.8s
          Buffer: 40720 | Noise: 0.0666 | ActorLoss: -6.638e+03 | CriticLoss: 2.013e+03
[REWARD DEBUG] Stagnation (normal): 0.0000 → Reward: 0.0
[REWARD DEBUG] Stagnation (normal): 0.0000 → Reward: 0.0
[REWARD DEBUG] Stagnation (normal): 0.0000 → Reward: 0.0
[REWARD DEBUG] Stagnation (normal): 0.0000 → Reward: 0.0
[REWARD DEBUG] Stagnation (normal): 0.0000 → Reward: 0.0
[REWARD DEBUG] Stagnation (normal): 0.0000 → Reward: 0.0
[REWARD DEBUG] Improvement: 28.3308 → Reward: +0.7337
[REWARD DEBUG] Stagnation (normal): 0.0000 → Reward: 0.0
[REWARD DEBUG] Stagnation (normal): 0.0000 → Reward: 0.0
[REWARD DEBUG] Stagnation (normal): 0.0000 → Reward: 0.0
[ACTION DEBUG iter 100] Raw action[1:3]: [-1.0000, 1.0000, 1.0000], noise: 0.0500
[ACTION DEBUG iter 100] WARNING: 8/20 actions clipped (network saturating)
[RLAMPSO DEBUG iter 100] w=0.3000, c1=2.9923, c2=2.9606 | fitness=2110.68
[REWARD DEBUG iter 100] FitnessImprovement: 0.0000 → Reward: +0.0000 (prevFit=2110.68, currFit=2110.68)
[REWARD DEBUG] Stagnation (normal): 0.0000 → Reward: 0.0
[REWARD DEBUG] Stagnation (normal): 0.0000 → Reward: 0.0
[REWARD DEBUG] Stagnation (normal): 0.0000 → Reward: 0.0
[REWARD DEBUG] Stagnation (normal): 0.0000 → Reward: 0.0
[REWARD DEBUG] Stagnation (normal): 0.0000 → Reward: 0.0
[REWARD DEBUG] Stagnation (normal): 0.0000 → Reward: 0.0
[REWARD DEBUG] Stagnation (normal): 0.0000 → Reward: 0.0
[REWARD DEBUG] Stagnation (normal): 0.0000 → Reward: 0.0
[REWARD DEBUG] Stagnation (normal): 0.0000 → Reward: 0.0
[ACTION DEBUG iter 200] Raw action[1:3]: [-1.0000, 1.0000, 1.0000], noise: 0.0500
[ACTION DEBUG iter 200] WARNING: 7/20 actions clipped (network saturating)
[RLAMPSO DEBUG iter 200] w=0.3000, c1=3.0000, c2=2.9406 | fitness=2051.16
[REWARD DEBUG iter 200] FitnessImprovement: 0.0000 → Reward: +0.0000 (prevFit=2051.16, currFit=2051.16)
[REWARD DEBUG] Stagnation (normal): 0.0000 → Reward: 0.0
[REWARD DEBUG] Stagnation (normal): 0.0000 → Reward: 0.0
[REWARD DEBUG] Stagnation (normal): 0.0000 → Reward: 0.0
[REWARD DEBUG] Stagnation (normal): 0.0000 → Reward: 0.0
[REWARD DEBUG] Stagnation (normal): 0.0000 → Reward: 0.0
[REWARD DEBUG] Stagnation (normal): 0.0000 → Reward: 0.0
[REWARD DEBUG] Stagnation (normal): 0.0000 → Reward: 0.0
[REWARD DEBUG] Stagnation (normal): 0.0000 → Reward: 0.0
[REWARD DEBUG] Stagnation (normal): 0.0000 → Reward: 0.0
[REWARD DEBUG] Stagnation (normal): 0.0000 → Reward: 0.0
[REWARD DEBUG] Stagnation (normal): 0.0000 → Reward: 0.0
[REWARD DEBUG] Stagnation (normal): 0.0000 → Reward: 0.0
[ACTION DEBUG iter 300] Raw action[1:3]: [-1.0000, 1.0000, 1.0000], noise: 0.0500
[ACTION DEBUG iter 300] WARNING: 9/20 actions clipped (network saturating)
[RLAMPSO DEBUG iter 300] w=0.3211, c1=3.0000, c2=3.0000 | fitness=2045.52
[REWARD DEBUG iter 300] FitnessImprovement: 0.0000 → Reward: +0.0000 (prevFit=2045.52, currFit=2045.52)
[REWARD DEBUG] Stagnation (normal): 0.0000 → Reward: 0.0
[REWARD DEBUG] Stagnation (normal): 0.0000 → Reward: 0.0
[REWARD DEBUG] Stagnation (normal): 0.0000 → Reward: 0.0
[REWARD DEBUG] Stagnation (normal): 0.0000 → Reward: 0.0
[REWARD DEBUG] Stagnation (normal): 0.0000 → Reward: 0.0
[REWARD DEBUG] Stagnation (normal): 0.0000 → Reward: 0.0
[REWARD DEBUG] Stagnation (normal): 0.0000 → Reward: 0.0
[ACTION DEBUG iter 400] Raw action[1:3]: [-1.0000, 1.0000, 1.0000], noise: 0.0500
[ACTION DEBUG iter 400] WARNING: 7/20 actions clipped (network saturating)
[RLAMPSO DEBUG iter 400] w=0.3052, c1=3.0000, c2=2.9384 | fitness=2013.65
[REWARD DEBUG iter 400] FitnessImprovement: 0.0000 → Reward: +0.0000 (prevFit=2013.65, currFit=2013.65)
[REWARD DEBUG] Stagnation (normal): 0.0000 → Reward: 0.0
[REWARD DEBUG] Stagnation (normal): 0.0000 → Reward: 0.0
[REWARD DEBUG] Stagnation (normal): 0.0000 → Reward: 0.0
[REWARD DEBUG] Stagnation (normal): 0.0000 → Reward: 0.0
[REWARD DEBUG] Stagnation (normal): 0.0000 → Reward: 0.0
[REWARD DEBUG] Stagnation (normal): 0.0000 → Reward: 0.0
[REWARD DEBUG] Stagnation (normal): 0.0000 → Reward: 0.0
[REWARD DEBUG] Stagnation (normal): 0.0000 → Reward: 0.0
[REWARD DEBUG] Stagnation (normal): 0.0000 → Reward: 0.0
[REWARD DEBUG] Stagnation (normal): 0.0000 → Reward: 0.0
[REWARD DEBUG] Stagnation (normal): 0.0000 → Reward: 0.0
[ACTION DEBUG iter 500] Raw action[1:3]: [-1.0000, 1.0000, 1.0000], noise: 0.0500
[ACTION DEBUG iter 500] WARNING: 9/20 actions clipped (network saturating)
[RLAMPSO DEBUG iter 500] w=0.3000, c1=2.8839, c2=2.9085 | fitness=1965.94
[REWARD DEBUG] Stagnation (normal): 0.0000 → Reward: 0.0
[REWARD DEBUG iter 500] FitnessImprovement: 0.0000 → Reward: +0.0000 (prevFit=1965.94, currFit=1965.94)
[REWARD DEBUG] Stagnation (normal): 0.0000 → Reward: 0.0
[REWARD DEBUG] Stagnation (normal): 0.0000 → Reward: 0.0
[REWARD DEBUG] Stagnation (normal): 0.0000 → Reward: 0.0
[REWARD DEBUG] Stagnation (normal): 0.0000 → Reward: 0.0
[REWARD DEBUG] Stagnation (normal): 0.0000 → Reward: 0.0
[REWARD DEBUG] Stagnation (normal): 0.0000 → Reward: 0.0
[REWARD DEBUG] Stagnation (normal): 0.0000 → Reward: 0.0
[REWARD DEBUG] Stagnation (normal): 0.0000 → Reward: 0.0
[REWARD DEBUG] Stagnation (normal): 0.0000 → Reward: 0.0
[REWARD DEBUG] Stagnation (normal): 0.0000 → Reward: 0.0
[REWARD DEBUG] Stagnation (normal): 0.0000 → Reward: 0.0
[ACTION DEBUG iter 600] Raw action[1:3]: [-1.0000, 1.0000, 1.0000], noise: 0.0500
[ACTION DEBUG iter 600] WARNING: 14/20 actions clipped (network saturating)
[RLAMPSO DEBUG iter 600] w=0.3000, c1=3.0000, c2=3.0000 | fitness=1965.94
[REWARD DEBUG iter 600] FitnessImprovement: 0.0000 → Reward: +0.0000 (prevFit=1965.94, currFit=1965.94)
[Ep  82/1000] Fit:  1965.9 | Avg:  1902.6 | Reward: +148.3 | Time: 136.7s
          Buffer: 41270 | Noise: 0.0663 | ActorLoss: -7.365e+03 | CriticLoss: 3.000e+03
[REWARD DEBUG] Improvement: 81.6133 → Reward: +0.9585
[REWARD DEBUG] Stagnation (normal): 0.0000 → Reward: 0.0
[REWARD DEBUG] Stagnation (normal): 0.0000 → Reward: 0.0
[REWARD DEBUG] Stagnation (normal): 0.0000 → Reward: 0.0
[REWARD DEBUG] Stagnation (normal): 0.0000 → Reward: 0.0
[REWARD DEBUG] Stagnation (normal): 0.0000 → Reward: 0.0
[REWARD DEBUG] Stagnation (normal): 0.0000 → Reward: 0.0
[REWARD DEBUG] Stagnation (normal): 0.0000 → Reward: 0.0
[REWARD DEBUG] Stagnation (normal): 0.0000 → Reward: 0.0
[REWARD DEBUG] Stagnation (normal): 0.0000 → Reward: 0.0
[ACTION DEBUG iter 100] Raw action[1:3]: [-1.0000, 1.0000, 1.0000], noise: 0.0500
[ACTION DEBUG iter 100] WARNING: 8/20 actions clipped (network saturating)
[RLAMPSO DEBUG iter 100] w=0.3000, c1=3.0000, c2=2.9551 | fitness=2016.95
[REWARD DEBUG iter 100] FitnessImprovement: 0.0000 → Reward: +0.0000 (prevFit=2016.95, currFit=2016.95)
[REWARD DEBUG] Stagnation (normal): 0.0000 → Reward: 0.0
[REWARD DEBUG] Stagnation (normal): 0.0000 → Reward: 0.0
[REWARD DEBUG] Stagnation (normal): 0.0000 → Reward: 0.0
[REWARD DEBUG] Stagnation (normal): 0.0000 → Reward: 0.0
[REWARD DEBUG] Stagnation (normal): 0.0000 → Reward: 0.0
[REWARD DEBUG] Stagnation (normal): 0.0000 → Reward: 0.0
[REWARD DEBUG] Stagnation (normal): 0.0000 → Reward: 0.0
[REWARD DEBUG] Stagnation (normal): 0.0000 → Reward: 0.0
[REWARD DEBUG] Stagnation (normal): 0.0000 → Reward: 0.0
[ACTION DEBUG iter 200] Raw action[1:3]: [-1.0000, 1.0000, 1.0000], noise: 0.0500
[ACTION DEBUG iter 200] WARNING: 7/20 actions clipped (network saturating)
[RLAMPSO DEBUG iter 200] w=0.3109, c1=2.9259, c2=2.9572 | fitness=1952.04
[REWARD DEBUG iter 200] FitnessImprovement: 0.0000 → Reward: +0.0000 (prevFit=1952.04, currFit=1952.04)
[REWARD DEBUG] Stagnation (normal): 0.0000 → Reward: 0.0
[REWARD DEBUG] Stagnation (normal): 0.0000 → Reward: 0.0
[REWARD DEBUG] Stagnation (normal): 0.0000 → Reward: 0.0
[REWARD DEBUG] Stagnation (normal): 0.0000 → Reward: 0.0
[REWARD DEBUG] Stagnation (normal): 0.0000 → Reward: 0.0
[REWARD DEBUG] Stagnation (normal): 0.0000 → Reward: 0.0
[REWARD DEBUG] Stagnation (normal): 0.0000 → Reward: 0.0
[REWARD DEBUG] Stagnation (normal): 0.0000 → Reward: 0.0
[REWARD DEBUG] Stagnation (normal): 0.0000 → Reward: 0.0
[ACTION DEBUG iter 300] Raw action[1:3]: [-1.0000, 1.0000, 1.0000], noise: 0.0500
[ACTION DEBUG iter 300] WARNING: 9/20 actions clipped (network saturating)
[RLAMPSO DEBUG iter 300] w=0.3000, c1=3.0000, c2=2.9684 | fitness=1922.83
[REWARD DEBUG iter 300] FitnessImprovement: 0.0000 → Reward: +0.0000 (prevFit=1922.83, currFit=1922.83)
[REWARD DEBUG] Stagnation (normal): 0.0000 → Reward: 0.0
[REWARD DEBUG] Stagnation (normal): 0.0000 → Reward: 0.0
[REWARD DEBUG] Stagnation (normal): 0.0000 → Reward: 0.0
[REWARD DEBUG] Stagnation (normal): 0.0000 → Reward: 0.0
[Ep  83/1000] Fit:  1922.8 | Avg:  1908.0 | Reward: +142.9 | Time:  82.7s
          Buffer: 41577 | Noise: 0.0660 | ActorLoss: -7.399e+03 | CriticLoss: 3.428e+03
[REWARD DEBUG] Improvement: 116.7962 → Reward: +1.0000
[REWARD DEBUG] Stagnation (normal): 0.0000 → Reward: 0.0
[REWARD DEBUG] Stagnation (normal): 0.0000 → Reward: 0.0
[REWARD DEBUG] Stagnation (normal): 0.0000 → Reward: 0.0
[REWARD DEBUG] Stagnation (normal): 0.0000 → Reward: 0.0
[REWARD DEBUG] Stagnation (normal): 0.0000 → Reward: 0.0
[REWARD DEBUG] Stagnation (normal): 0.0000 → Reward: 0.0
[REWARD DEBUG] Stagnation (normal): 0.0000 → Reward: 0.0
[REWARD DEBUG] Stagnation (normal): 0.0000 → Reward: 0.0
[ACTION DEBUG iter 100] Raw action[1:3]: [-1.0000, 1.0000, 1.0000], noise: 0.0500
[ACTION DEBUG iter 100] WARNING: 14/20 actions clipped (network saturating)
[RLAMPSO DEBUG iter 100] w=0.3000, c1=3.0000, c2=2.9537 | fitness=2091.02
[REWARD DEBUG iter 100] FitnessImprovement: 0.0000 → Reward: +0.0000 (prevFit=2091.02, currFit=2091.02)
[REWARD DEBUG] Stagnation (normal): 0.0000 → Reward: 0.0
[REWARD DEBUG] Stagnation (normal): 0.0000 → Reward: 0.0
[REWARD DEBUG] Stagnation (normal): 0.0000 → Reward: 0.0
[REWARD DEBUG] Improvement: 48.4696 → Reward: +0.8472
[REWARD DEBUG] Stagnation (normal): 0.0000 → Reward: 0.0
[REWARD DEBUG] Stagnation (normal): 0.0000 → Reward: 0.0
[ACTION DEBUG iter 200] Raw action[1:3]: [-1.0000, 1.0000, 1.0000], noise: 0.0500
[ACTION DEBUG iter 200] WARNING: 11/20 actions clipped (network saturating)
[RLAMPSO DEBUG iter 200] w=0.3144, c1=2.9665, c2=3.0000 | fitness=2036.84
[REWARD DEBUG iter 200] FitnessImprovement: 0.0000 → Reward: +0.0000 (prevFit=2036.84, currFit=2036.84)
[REWARD DEBUG] Stagnation (normal): 0.0000 → Reward: 0.0
[REWARD DEBUG] Stagnation (normal): 0.0000 → Reward: 0.0
[REWARD DEBUG] Stagnation (normal): 0.0000 → Reward: 0.0
[REWARD DEBUG] Stagnation (normal): 0.0000 → Reward: 0.0
[REWARD DEBUG] Stagnation (normal): 0.0000 → Reward: 0.0
[REWARD DEBUG] Stagnation (normal): 0.0000 → Reward: 0.0
[REWARD DEBUG] Stagnation (normal): 0.0000 → Reward: 0.0
[REWARD DEBUG] Stagnation (normal): 0.0000 → Reward: 0.0
[REWARD DEBUG] Stagnation (normal): 0.0000 → Reward: 0.0
[ACTION DEBUG iter 300] Raw action[1:3]: [-1.0000, 1.0000, 1.0000], noise: 0.0500
[ACTION DEBUG iter 300] WARNING: 10/20 actions clipped (network saturating)
[RLAMPSO DEBUG iter 300] w=0.3171, c1=3.0000, c2=3.0000 | fitness=2036.84
[REWARD DEBUG iter 300] FitnessImprovement: 0.0000 → Reward: +0.0000 (prevFit=2036.84, currFit=2036.84)
[Ep  84/1000] Fit:  2036.8 | Avg:  1930.2 | Reward: +120.7 | Time:  70.0s
          Buffer: 41842 | Noise: 0.0656 | ActorLoss: -7.361e+03 | CriticLoss: 3.803e+03
[REWARD DEBUG] Improvement: 4.1451 → Reward: +0.3557
[REWARD DEBUG] Stagnation (normal): 0.0000 → Reward: 0.0
[REWARD DEBUG] Stagnation (normal): 0.0000 → Reward: 0.0
[REWARD DEBUG] Stagnation (normal): 0.0000 → Reward: 0.0
[REWARD DEBUG] Stagnation (normal): 0.0000 → Reward: 0.0
[REWARD DEBUG] Stagnation (normal): 0.0000 → Reward: 0.0
[REWARD DEBUG] Stagnation (normal): 0.0000 → Reward: 0.0
[REWARD DEBUG] Stagnation (normal): 0.0000 → Reward: 0.0
[REWARD DEBUG] Stagnation (normal): 0.0000 → Reward: 0.0
[ACTION DEBUG iter 100] Raw action[1:3]: [-1.0000, 1.0000, 1.0000], noise: 0.0500
[ACTION DEBUG iter 100] WARNING: 8/20 actions clipped (network saturating)
[RLAMPSO DEBUG iter 100] w=0.3213, c1=3.0000, c2=2.9788 | fitness=1953.97
[REWARD DEBUG iter 100] FitnessImprovement: 0.0000 → Reward: +0.0000 (prevFit=1953.97, currFit=1953.97)
[REWARD DEBUG] Stagnation (normal): 0.0000 → Reward: 0.0
[REWARD DEBUG] Stagnation (normal): 0.0000 → Reward: 0.0
[REWARD DEBUG] Stagnation (normal): 0.0000 → Reward: 0.0
[REWARD DEBUG] Stagnation (normal): 0.0000 → Reward: 0.0
[REWARD DEBUG] Stagnation (normal): 0.0000 → Reward: 0.0
[REWARD DEBUG] Stagnation (normal): 0.0000 → Reward: 0.0
[REWARD DEBUG] Stagnation (normal): 0.0000 → Reward: 0.0
[REWARD DEBUG] Stagnation (normal): 0.0000 → Reward: 0.0
[REWARD DEBUG] Stagnation (normal): 0.0000 → Reward: 0.0
[REWARD DEBUG] Stagnation (normal): 0.0000 → Reward: 0.0
[ACTION DEBUG iter 200] Raw action[1:3]: [-1.0000, 1.0000, 1.0000], noise: 0.0500
[ACTION DEBUG iter 200] WARNING: 11/20 actions clipped (network saturating)
[RLAMPSO DEBUG iter 200] w=0.3042, c1=2.9227, c2=3.0000 | fitness=1911.75
[REWARD DEBUG iter 200] FitnessImprovement: 0.0000 → Reward: +0.0000 (prevFit=1911.75, currFit=1911.75)
[REWARD DEBUG] Stagnation (normal): 0.0000 → Reward: 0.0
[REWARD DEBUG] Stagnation (normal): 0.0000 → Reward: 0.0
[REWARD DEBUG] Stagnation (normal): 0.0000 → Reward: 0.0
[REWARD DEBUG] Stagnation (normal): 0.0000 → Reward: 0.0
[REWARD DEBUG] Stagnation (normal): 0.0000 → Reward: 0.0
[REWARD DEBUG] Stagnation (normal): 0.0000 → Reward: 0.0
[REWARD DEBUG] Stagnation (normal): 0.0000 → Reward: 0.0
[ACTION DEBUG iter 300] Raw action[1:3]: [-1.0000, 1.0000, 1.0000], noise: 0.0500
[ACTION DEBUG iter 300] WARNING: 13/20 actions clipped (network saturating)
[RLAMPSO DEBUG iter 300] w=0.3000, c1=2.9695, c2=2.9932 | fitness=1911.75
[REWARD DEBUG iter 300] FitnessImprovement: 0.0000 → Reward: +0.0000 (prevFit=1911.75, currFit=1911.75)
[REWARD DEBUG] Stagnation (normal): 0.0000 → Reward: 0.0
[REWARD DEBUG] Stagnation (normal): 0.0000 → Reward: 0.0
[REWARD DEBUG] Stagnation (normal): 0.0000 → Reward: 0.0
[Ep  85/1000] Fit:  1911.8 | Avg:  1931.2 | Reward: +119.7 | Time:  75.4s
          Buffer: 42131 | Noise: 0.0653 | ActorLoss: -7.434e+03 | CriticLoss: 2.360e+03
[REWARD DEBUG] Improvement: 44.5640 → Reward: +0.8293
[REWARD DEBUG] Stagnation (normal): 0.0000 → Reward: 0.0
[REWARD DEBUG] Stagnation (normal): 0.0000 → Reward: 0.0
[REWARD DEBUG] Stagnation (normal): 0.0000 → Reward: 0.0
[REWARD DEBUG] Stagnation (normal): 0.0000 → Reward: 0.0
[REWARD DEBUG] Stagnation (normal): 0.0000 → Reward: 0.0
[REWARD DEBUG] Stagnation (normal): 0.0000 → Reward: 0.0
[ACTION DEBUG iter 100] Raw action[1:3]: [-1.0000, 1.0000, 1.0000], noise: 0.0500
[ACTION DEBUG iter 100] WARNING: 4/20 actions clipped (network saturating)
[RLAMPSO DEBUG iter 100] w=0.3213, c1=2.8554, c2=2.9506 | fitness=2012.96
[REWARD DEBUG iter 100] FitnessImprovement: 0.0000 → Reward: +0.0000 (prevFit=2012.96, currFit=2012.96)
[REWARD DEBUG] Stagnation (normal): 0.0000 → Reward: 0.0
[REWARD DEBUG] Stagnation (normal): 0.0000 → Reward: 0.0
[REWARD DEBUG] Stagnation (normal): 0.0000 → Reward: 0.0
[REWARD DEBUG] Stagnation (normal): 0.0000 → Reward: 0.0
[REWARD DEBUG] Stagnation (normal): 0.0000 → Reward: 0.0
[REWARD DEBUG] Improvement: 3.8239 → Reward: +0.3417
[REWARD DEBUG] Stagnation (normal): 0.0000 → Reward: 0.0
[REWARD DEBUG] Stagnation (normal): 0.0000 → Reward: 0.0
[REWARD DEBUG] Stagnation (normal): 0.0000 → Reward: 0.0
[REWARD DEBUG] Stagnation (normal): 0.0000 → Reward: 0.0
[REWARD DEBUG] Stagnation (normal): 0.0000 → Reward: 0.0
[ACTION DEBUG iter 200] Raw action[1:3]: [-1.0000, 1.0000, 1.0000], noise: 0.0500
[ACTION DEBUG iter 200] WARNING: 11/20 actions clipped (network saturating)
[RLAMPSO DEBUG iter 200] w=0.3000, c1=3.0000, c2=3.0000 | fitness=1961.58
[REWARD DEBUG iter 200] FitnessImprovement: 0.0000 → Reward: +0.0000 (prevFit=1961.58, currFit=1961.58)
[REWARD DEBUG] Stagnation (normal): 0.0000 → Reward: 0.0
[REWARD DEBUG] Stagnation (normal): 0.0000 → Reward: 0.0
[REWARD DEBUG] Stagnation (normal): 0.0000 → Reward: 0.0
[ACTION DEBUG iter 300] Raw action[1:3]: [-1.0000, 1.0000, 1.0000], noise: 0.0500
[ACTION DEBUG iter 300] WARNING: 8/20 actions clipped (network saturating)
[RLAMPSO DEBUG iter 300] w=0.3000, c1=2.9008, c2=3.0000 | fitness=1897.32
[REWARD DEBUG iter 300] FitnessImprovement: 0.0000 → Reward: +0.0000 (prevFit=1897.32, currFit=1897.32)
[REWARD DEBUG] Stagnation (normal): 0.0000 → Reward: 0.0
[REWARD DEBUG] Stagnation (normal): 0.0000 → Reward: 0.0
[REWARD DEBUG] Stagnation (normal): 0.0000 → Reward: 0.0
[Ep  86/1000] Fit:  1897.3 | Avg:  1931.3 | Reward: +119.6 | Time:  98.3s
          Buffer: 42464 | Noise: 0.0650 | ActorLoss: -7.609e+03 | CriticLoss: 2.520e+03
[REWARD DEBUG] Stagnation (normal): 0.0000 → Reward: 0.0
[REWARD DEBUG] Stagnation (normal): 0.0000 → Reward: 0.0
[REWARD DEBUG] Stagnation (normal): 0.0000 → Reward: 0.0
[REWARD DEBUG] Stagnation (normal): 0.0000 → Reward: 0.0
[REWARD DEBUG] Stagnation (normal): 0.0000 → Reward: 0.0
[REWARD DEBUG] Stagnation (normal): 0.0000 → Reward: 0.0
[REWARD DEBUG] Stagnation (normal): 0.0000 → Reward: 0.0
[ACTION DEBUG iter 100] Raw action[1:3]: [-1.0000, 1.0000, 1.0000], noise: 0.0500
[ACTION DEBUG iter 100] WARNING: 10/20 actions clipped (network saturating)
[RLAMPSO DEBUG iter 100] w=0.3000, c1=3.0000, c2=2.9346 | fitness=2035.06
[REWARD DEBUG iter 100] FitnessImprovement: 0.0000 → Reward: +0.0000 (prevFit=2035.06, currFit=2035.06)
[REWARD DEBUG] Stagnation (normal): 0.0000 → Reward: 0.0
[REWARD DEBUG] Stagnation (normal): 0.0000 → Reward: 0.0
[REWARD DEBUG] Stagnation (normal): 0.0000 → Reward: 0.0
[REWARD DEBUG] Stagnation (normal): 0.0000 → Reward: 0.0
[REWARD DEBUG] Stagnation (normal): 0.0000 → Reward: 0.0
[REWARD DEBUG] Stagnation (normal): 0.0000 → Reward: 0.0
[REWARD DEBUG] Stagnation (normal): 0.0000 → Reward: 0.0
[REWARD DEBUG] Stagnation (normal): 0.0000 → Reward: 0.0
[REWARD DEBUG] Stagnation (normal): 0.0000 → Reward: 0.0
[REWARD DEBUG] Stagnation (normal): 0.0000 → Reward: 0.0
[REWARD DEBUG] Stagnation (normal): 0.0000 → Reward: 0.0
[REWARD DEBUG] Stagnation (normal): 0.0000 → Reward: 0.0
[ACTION DEBUG iter 200] Raw action[1:3]: [-1.0000, 1.0000, 1.0000], noise: 0.0500
[ACTION DEBUG iter 200] WARNING: 4/20 actions clipped (network saturating)
[RLAMPSO DEBUG iter 200] w=0.3015, c1=2.9785, c2=2.9376 | fitness=2034.77
[REWARD DEBUG iter 200] FitnessImprovement: 0.0000 → Reward: +0.0000 (prevFit=2034.77, currFit=2034.77)
[REWARD DEBUG] Stagnation (normal): 0.0000 → Reward: 0.0
[REWARD DEBUG] Stagnation (normal): 0.0000 → Reward: 0.0
[REWARD DEBUG] Stagnation (normal): 0.0000 → Reward: 0.0
[REWARD DEBUG] Stagnation (normal): 0.0000 → Reward: 0.0
[REWARD DEBUG] Stagnation (normal): 0.0000 → Reward: 0.0
[REWARD DEBUG] Stagnation (normal): 0.0000 → Reward: 0.0
[REWARD DEBUG] Stagnation (normal): 0.0000 → Reward: 0.0
[REWARD DEBUG] Stagnation (normal): 0.0000 → Reward: 0.0
[REWARD DEBUG] Stagnation (normal): 0.0000 → Reward: 0.0
[REWARD DEBUG] Stagnation (normal): 0.0000 → Reward: 0.0
[REWARD DEBUG] Stagnation (normal): 0.0000 → Reward: 0.0
[REWARD DEBUG] Stagnation (normal): 0.0000 → Reward: 0.0
[ACTION DEBUG iter 300] Raw action[1:3]: [-1.0000, 1.0000, 1.0000], noise: 0.0500
[ACTION DEBUG iter 300] WARNING: 9/20 actions clipped (network saturating)
[RLAMPSO DEBUG iter 300] w=0.3000, c1=2.9964, c2=2.9949 | fitness=2034.77
[REWARD DEBUG iter 300] FitnessImprovement: 0.0000 → Reward: +0.0000 (prevFit=2034.77, currFit=2034.77)
[REWARD DEBUG] Stagnation (normal): 0.0000 → Reward: 0.0
[REWARD DEBUG] Stagnation (normal): 0.0000 → Reward: 0.0
[REWARD DEBUG] Stagnation (normal): 0.0000 → Reward: 0.0
[Ep  87/1000] Fit:  2034.8 | Avg:  1937.7 | Reward: +113.2 | Time: 111.0s
          Buffer: 42731 | Noise: 0.0647 | ActorLoss: -7.654e+03 | CriticLoss: 2.640e+03
[REWARD DEBUG] Stagnation (normal): 0.0000 → Reward: 0.0
[REWARD DEBUG] Improvement: 351.9685 → Reward: +1.0000
[REWARD DEBUG] Improvement: 0.4834 → Reward: +0.0856
[REWARD DEBUG] Improvement: 8.7298 → Reward: +0.4941
[REWARD DEBUG] Stagnation (normal): 0.0000 → Reward: 0.0
[REWARD DEBUG] Stagnation (normal): 0.0000 → Reward: 0.0
[REWARD DEBUG] Stagnation (normal): 0.0000 → Reward: 0.0
[REWARD DEBUG] Stagnation (normal): 0.0000 → Reward: 0.0
[REWARD DEBUG] Stagnation (normal): 0.0000 → Reward: 0.0
[REWARD DEBUG] Stagnation (normal): 0.0000 → Reward: 0.0
[REWARD DEBUG] Stagnation (normal): 0.0000 → Reward: 0.0
[REWARD DEBUG] Stagnation (normal): 0.0000 → Reward: 0.0
[ACTION DEBUG iter 100] Raw action[1:3]: [-1.0000, 1.0000, 1.0000], noise: 0.0500
[ACTION DEBUG iter 100] WARNING: 17/20 actions clipped (network saturating)
[RLAMPSO DEBUG iter 100] w=0.3000, c1=2.9357, c2=3.0000 | fitness=2007.31
[REWARD DEBUG iter 100] FitnessImprovement: 0.0000 → Reward: +0.0000 (prevFit=2007.31, currFit=2007.31)
[REWARD DEBUG] Stagnation (normal): 0.0000 → Reward: 0.0
[REWARD DEBUG] Stagnation (normal): 0.0000 → Reward: 0.0
[REWARD DEBUG] Stagnation (normal): 0.0000 → Reward: 0.0
[REWARD DEBUG] Stagnation (normal): 0.0000 → Reward: 0.0
[REWARD DEBUG] Stagnation (normal): 0.0000 → Reward: 0.0
[REWARD DEBUG] Stagnation (normal): 0.0000 → Reward: 0.0
[REWARD DEBUG] Stagnation (normal): 0.0000 → Reward: 0.0
[REWARD DEBUG] Stagnation (normal): 0.0000 → Reward: 0.0
[REWARD DEBUG] Stagnation (normal): 0.0000 → Reward: 0.0
[REWARD DEBUG] Stagnation (normal): 0.0000 → Reward: 0.0
[ACTION DEBUG iter 200] Raw action[1:3]: [-1.0000, 1.0000, 1.0000], noise: 0.0500
[ACTION DEBUG iter 200] WARNING: 8/20 actions clipped (network saturating)
[RLAMPSO DEBUG iter 200] w=0.3000, c1=2.9889, c2=2.9637 | fitness=1980.42
[REWARD DEBUG iter 200] FitnessImprovement: 0.0000 → Reward: +0.0000 (prevFit=1980.42, currFit=1980.42)
[REWARD DEBUG] Stagnation (normal): 0.0000 → Reward: 0.0
[REWARD DEBUG] Stagnation (normal): 0.0000 → Reward: 0.0
[REWARD DEBUG] Stagnation (normal): 0.0000 → Reward: 0.0
[REWARD DEBUG] Stagnation (normal): 0.0000 → Reward: 0.0
[REWARD DEBUG] Stagnation (normal): 0.0000 → Reward: 0.0
[REWARD DEBUG] Stagnation (normal): 0.0000 → Reward: 0.0
[REWARD DEBUG] Stagnation (normal): 0.0000 → Reward: 0.0
[REWARD DEBUG] Stagnation (normal): 0.0000 → Reward: 0.0
[REWARD DEBUG] Stagnation (normal): 0.0000 → Reward: 0.0
[ACTION DEBUG iter 300] Raw action[1:3]: [-1.0000, 1.0000, 1.0000], noise: 0.0500
[ACTION DEBUG iter 300] WARNING: 9/20 actions clipped (network saturating)
[RLAMPSO DEBUG iter 300] w=0.3104, c1=2.9903, c2=2.9770 | fitness=1918.57
[REWARD DEBUG iter 300] FitnessImprovement: 0.0000 → Reward: +0.0000 (prevFit=1918.57, currFit=1918.57)
[REWARD DEBUG] Stagnation (normal): 0.0000 → Reward: 0.0
[REWARD DEBUG] Stagnation (normal): 0.0000 → Reward: 0.0
[REWARD DEBUG] Stagnation (normal): 0.0000 → Reward: 0.0
[REWARD DEBUG] Stagnation (normal): 0.0000 → Reward: 0.0
[REWARD DEBUG] Stagnation (normal): 0.0000 → Reward: 0.0
[REWARD DEBUG] Stagnation (normal): 0.0000 → Reward: 0.0
[REWARD DEBUG] Stagnation (normal): 0.0000 → Reward: 0.0
[REWARD DEBUG] Stagnation (normal): 0.0000 → Reward: 0.0
[REWARD DEBUG] Stagnation (normal): 0.0000 → Reward: 0.0
[REWARD DEBUG] Stagnation (normal): 0.0000 → Reward: 0.0
[ACTION DEBUG iter 400] Raw action[1:3]: [-1.0000, 1.0000, 1.0000], noise: 0.0500
[ACTION DEBUG iter 400] WARNING: 12/20 actions clipped (network saturating)
[RLAMPSO DEBUG iter 400] w=0.3174, c1=3.0000, c2=3.0000 | fitness=1917.58
[REWARD DEBUG iter 400] FitnessImprovement: 0.0000 → Reward: +0.0000 (prevFit=1917.58, currFit=1917.58)
[REWARD DEBUG] Stagnation (normal): 0.0000 → Reward: 0.0
[REWARD DEBUG] Stagnation (normal): 0.0000 → Reward: 0.0
[REWARD DEBUG] Stagnation (normal): 0.0000 → Reward: 0.0
[REWARD DEBUG] Stagnation (normal): 0.0000 → Reward: 0.0
[REWARD DEBUG] Stagnation (normal): 0.0000 → Reward: 0.0
[REWARD DEBUG] Stagnation (normal): 0.0000 → Reward: 0.0
[REWARD DEBUG] Stagnation (normal): 0.0000 → Reward: 0.0
[REWARD DEBUG] Stagnation (normal): 0.0000 → Reward: 0.0
[REWARD DEBUG] Stagnation (normal): 0.0000 → Reward: 0.0
[REWARD DEBUG] Stagnation (normal): 0.0000 → Reward: 0.0
[ACTION DEBUG iter 500] Raw action[1:3]: [-1.0000, 1.0000, 1.0000], noise: 0.0500
[ACTION DEBUG iter 500] WARNING: 9/20 actions clipped (network saturating)
[RLAMPSO DEBUG iter 500] w=0.3000, c1=2.9387, c2=3.0000 | fitness=1896.54
[REWARD DEBUG iter 500] FitnessImprovement: 0.0000 → Reward: +0.0000 (prevFit=1896.54, currFit=1896.54)
[REWARD DEBUG] Stagnation (normal): 0.0000 → Reward: 0.0
[Ep  88/1000] Fit:  1896.5 | Avg:  1939.2 | Reward: +111.7 | Time: 135.4s
          Buffer: 43245 | Noise: 0.0643 | ActorLoss: -7.719e+03 | CriticLoss: 2.786e+03
[REWARD DEBUG] Stagnation (normal): 0.0000 → Reward: 0.0
[REWARD DEBUG] Improvement: 82.5503 → Reward: +0.9610
[REWARD DEBUG] Stagnation (normal): 0.0000 → Reward: 0.0
[REWARD DEBUG] Stagnation (normal): 0.0000 → Reward: 0.0
[REWARD DEBUG] Stagnation (normal): 0.0000 → Reward: 0.0
[REWARD DEBUG] Improvement: 9.3766 → Reward: +0.5080
[REWARD DEBUG] Stagnation (normal): 0.0000 → Reward: 0.0
[REWARD DEBUG] Stagnation (normal): 0.0000 → Reward: 0.0
[REWARD DEBUG] Stagnation (normal): 0.0000 → Reward: 0.0
[REWARD DEBUG] Stagnation (normal): 0.0000 → Reward: 0.0
[REWARD DEBUG] Stagnation (normal): 0.0000 → Reward: 0.0
[REWARD DEBUG] Stagnation (normal): 0.0000 → Reward: 0.0
[ACTION DEBUG iter 100] Raw action[1:3]: [-1.0000, 1.0000, 1.0000], noise: 0.0500
[ACTION DEBUG iter 100] WARNING: 12/20 actions clipped (network saturating)
[RLAMPSO DEBUG iter 100] w=0.3040, c1=3.0000, c2=2.9503 | fitness=1954.53
[REWARD DEBUG iter 100] FitnessImprovement: 0.0000 → Reward: +0.0000 (prevFit=1954.53, currFit=1954.53)
[REWARD DEBUG] Stagnation (normal): 0.0000 → Reward: 0.0
[REWARD DEBUG] Stagnation (normal): 0.0000 → Reward: 0.0
[REWARD DEBUG] Improvement: 13.5176 → Reward: +0.5809
[REWARD DEBUG] Stagnation (normal): 0.0000 → Reward: 0.0
[REWARD DEBUG] Stagnation (normal): 0.0000 → Reward: 0.0
[REWARD DEBUG] Stagnation (normal): 0.0000 → Reward: 0.0
[REWARD DEBUG] Stagnation (normal): 0.0000 → Reward: 0.0
[REWARD DEBUG] Stagnation (normal): 0.0000 → Reward: 0.0
[REWARD DEBUG] Stagnation (normal): 0.0000 → Reward: 0.0
[ACTION DEBUG iter 200] Raw action[1:3]: [-1.0000, 1.0000, 1.0000], noise: 0.0500
[ACTION DEBUG iter 200] WARNING: 13/20 actions clipped (network saturating)
[RLAMPSO DEBUG iter 200] w=0.3000, c1=3.0000, c2=3.0000 | fitness=1888.76
[REWARD DEBUG iter 200] FitnessImprovement: 0.0000 → Reward: +0.0000 (prevFit=1888.76, currFit=1888.76)
[REWARD DEBUG] Stagnation (normal): 0.0000 → Reward: 0.0
[REWARD DEBUG] Stagnation (normal): 0.0000 → Reward: 0.0
[REWARD DEBUG] Stagnation (normal): 0.0000 → Reward: 0.0
[REWARD DEBUG] Stagnation (normal): 0.0000 → Reward: 0.0
[REWARD DEBUG] Stagnation (normal): 0.0000 → Reward: 0.0
[REWARD DEBUG] Stagnation (normal): 0.0000 → Reward: 0.0
[REWARD DEBUG] Stagnation (normal): 0.0000 → Reward: 0.0
[REWARD DEBUG] Stagnation (normal): 0.0000 → Reward: 0.0
[REWARD DEBUG] Stagnation (normal): 0.0000 → Reward: 0.0
[REWARD DEBUG] Stagnation (normal): 0.0000 → Reward: 0.0
[REWARD DEBUG] Stagnation (normal): 0.0000 → Reward: 0.0
[REWARD DEBUG] Stagnation (normal): 0.0000 → Reward: 0.0
[REWARD DEBUG] Stagnation (normal): 0.0000 → Reward: 0.0
[REWARD DEBUG] Stagnation (normal): 0.0000 → Reward: 0.0
[ACTION DEBUG iter 300] Raw action[1:3]: [-1.0000, 1.0000, 1.0000], noise: 0.0500
[ACTION DEBUG iter 300] WARNING: 12/20 actions clipped (network saturating)
[RLAMPSO DEBUG iter 300] w=0.3396, c1=3.0000, c2=2.8209 | fitness=1866.00
[REWARD DEBUG iter 300] FitnessImprovement: 0.0000 → Reward: +0.0000 (prevFit=1866.00, currFit=1866.00)
[REWARD DEBUG] Stagnation (normal): 0.0000 → Reward: 0.0
[REWARD DEBUG] Stagnation (normal): 0.0000 → Reward: 0.0
[REWARD DEBUG] Stagnation (normal): 0.0000 → Reward: 0.0
[REWARD DEBUG] Stagnation (normal): 0.0000 → Reward: 0.0
[REWARD DEBUG] Stagnation (normal): 0.0000 → Reward: 0.0
[REWARD DEBUG] Stagnation (normal): 0.0000 → Reward: 0.0
[REWARD DEBUG] Stagnation (normal): 0.0000 → Reward: 0.0
[REWARD DEBUG] Stagnation (normal): 0.0000 → Reward: 0.0
[REWARD DEBUG] Stagnation (normal): 0.0000 → Reward: 0.0
[REWARD DEBUG] Stagnation (normal): 0.0000 → Reward: 0.0
[REWARD DEBUG] Stagnation (normal): 0.0000 → Reward: 0.0
[REWARD DEBUG] Stagnation (normal): 0.0000 → Reward: 0.0
[ACTION DEBUG iter 400] Raw action[1:3]: [-1.0000, 1.0000, 1.0000], noise: 0.0500
[ACTION DEBUG iter 400] WARNING: 7/20 actions clipped (network saturating)
[RLAMPSO DEBUG iter 400] w=0.3056, c1=2.9803, c2=2.9766 | fitness=1865.81
[REWARD DEBUG iter 400] FitnessImprovement: 0.0000 → Reward: +0.0000 (prevFit=1865.81, currFit=1865.81)
[REWARD DEBUG] Stagnation (normal): 0.0000 → Reward: 0.0
[REWARD DEBUG] Stagnation (normal): 0.0000 → Reward: 0.0
[REWARD DEBUG] Stagnation (normal): 0.0000 → Reward: 0.0
[REWARD DEBUG] Stagnation (normal): 0.0000 → Reward: 0.0
[REWARD DEBUG] Stagnation (normal): 0.0000 → Reward: 0.0
[REWARD DEBUG] Stagnation (normal): 0.0000 → Reward: 0.0
[REWARD DEBUG] Stagnation (normal): 0.0000 → Reward: 0.0
[REWARD DEBUG] Stagnation (normal): 0.0000 → Reward: 0.0
[REWARD DEBUG] Stagnation (normal): 0.0000 → Reward: 0.0
[REWARD DEBUG] Stagnation (normal): 0.0000 → Reward: 0.0
[REWARD DEBUG] Stagnation (normal): 0.0000 → Reward: 0.0
[REWARD DEBUG] Stagnation (normal): 0.0000 → Reward: 0.0
[REWARD DEBUG] Stagnation (normal): 0.0000 → Reward: 0.0
[REWARD DEBUG] Stagnation (normal): 0.0000 → Reward: 0.0
[REWARD DEBUG] Stagnation (normal): 0.0000 → Reward: 0.0
[REWARD DEBUG] Stagnation (normal): 0.0000 → Reward: 0.0
[Ep  89/1000] Fit:  1865.8 | Avg:  1927.9 | Reward: +123.0 | Time: 133.7s
          Buffer: 43681 | Noise: 0.0640 | ActorLoss: -7.808e+03 | CriticLoss: 2.951e+03
[REWARD DEBUG] Stagnation (normal): 0.0000 → Reward: 0.0
[REWARD DEBUG] Stagnation (normal): 0.0000 → Reward: 0.0
[REWARD DEBUG] Stagnation (normal): 0.0000 → Reward: 0.0
[REWARD DEBUG] Stagnation (normal): 0.0000 → Reward: 0.0
[REWARD DEBUG] Stagnation (normal): 0.0000 → Reward: 0.0
[REWARD DEBUG] Stagnation (normal): 0.0000 → Reward: 0.0
[REWARD DEBUG] Stagnation (normal): 0.0000 → Reward: 0.0
[ACTION DEBUG iter 100] Raw action[1:3]: [-1.0000, 1.0000, 1.0000], noise: 0.0500
[ACTION DEBUG iter 100] WARNING: 12/20 actions clipped (network saturating)
[RLAMPSO DEBUG iter 100] w=0.3233, c1=2.9228, c2=3.0000 | fitness=1955.02
[REWARD DEBUG iter 100] FitnessImprovement: 0.0000 → Reward: +0.0000 (prevFit=1955.02, currFit=1955.02)
[REWARD DEBUG] Stagnation (normal): 0.0000 → Reward: 0.0
[REWARD DEBUG] Stagnation (normal): 0.0000 → Reward: 0.0
[REWARD DEBUG] Stagnation (normal): 0.0000 → Reward: 0.0
[REWARD DEBUG] Stagnation (normal): 0.0000 → Reward: 0.0
[REWARD DEBUG] Stagnation (normal): 0.0000 → Reward: 0.0
[REWARD DEBUG] Stagnation (normal): 0.0000 → Reward: 0.0
[REWARD DEBUG] Stagnation (normal): 0.0000 → Reward: 0.0
[ACTION DEBUG iter 200] Raw action[1:3]: [-1.0000, 1.0000, 1.0000], noise: 0.0500
[ACTION DEBUG iter 200] WARNING: 13/20 actions clipped (network saturating)
[RLAMPSO DEBUG iter 200] w=0.3223, c1=3.0000, c2=3.0000 | fitness=1955.02
[REWARD DEBUG iter 200] FitnessImprovement: 0.0000 → Reward: +0.0000 (prevFit=1955.02, currFit=1955.02)
[REWARD DEBUG] Stagnation (normal): 0.0000 → Reward: 0.0
[REWARD DEBUG] Stagnation (normal): 0.0000 → Reward: 0.0
[REWARD DEBUG] Stagnation (normal): 0.0000 → Reward: 0.0
[REWARD DEBUG] Stagnation (normal): 0.0000 → Reward: 0.0
[REWARD DEBUG] Stagnation (normal): 0.0000 → Reward: 0.0
[REWARD DEBUG] Stagnation (normal): 0.0000 → Reward: 0.0
[REWARD DEBUG] Stagnation (normal): 0.0000 → Reward: 0.0
[REWARD DEBUG] Stagnation (normal): 0.0000 → Reward: 0.0
[REWARD DEBUG] Stagnation (normal): 0.0000 → Reward: 0.0
[REWARD DEBUG] Stagnation (normal): 0.0000 → Reward: 0.0
[ACTION DEBUG iter 300] Raw action[1:3]: [-1.0000, 1.0000, 1.0000], noise: 0.0500
[ACTION DEBUG iter 300] WARNING: 5/20 actions clipped (network saturating)
[RLAMPSO DEBUG iter 300] w=0.3021, c1=2.9599, c2=2.9006 | fitness=1919.23
[REWARD DEBUG iter 300] FitnessImprovement: 0.0000 → Reward: +0.0000 (prevFit=1919.23, currFit=1919.23)
[REWARD DEBUG] Stagnation (normal): 0.0000 → Reward: 0.0
[REWARD DEBUG] Stagnation (normal): 0.0000 → Reward: 0.0
[REWARD DEBUG] Stagnation (normal): 0.0000 → Reward: 0.0
[REWARD DEBUG] Stagnation (normal): 0.0000 → Reward: 0.0
[REWARD DEBUG] Stagnation (normal): 0.0000 → Reward: 0.0
[REWARD DEBUG] Stagnation (normal): 0.0000 → Reward: 0.0
[REWARD DEBUG] Stagnation (normal): 0.0000 → Reward: 0.0
[REWARD DEBUG] Stagnation (normal): 0.0000 → Reward: 0.0
[REWARD DEBUG] Stagnation (normal): 0.0000 → Reward: 0.0
[REWARD DEBUG] Stagnation (normal): 0.0000 → Reward: 0.0
[REWARD DEBUG] Stagnation (normal): 0.0000 → Reward: 0.0
[ACTION DEBUG iter 400] Raw action[1:3]: [-1.0000, 1.0000, 1.0000], noise: 0.0500
[ACTION DEBUG iter 400] WARNING: 9/20 actions clipped (network saturating)
[RLAMPSO DEBUG iter 400] w=0.3009, c1=3.0000, c2=3.0000 | fitness=1919.23
[REWARD DEBUG iter 400] FitnessImprovement: 0.0000 → Reward: +0.0000 (prevFit=1919.23, currFit=1919.23)
[REWARD DEBUG] Stagnation (normal): 0.0000 → Reward: 0.0
[REWARD DEBUG] Stagnation (normal): 0.0000 → Reward: 0.0
[REWARD DEBUG] Stagnation (normal): 0.0000 → Reward: 0.0
[REWARD DEBUG] Stagnation (normal): 0.0000 → Reward: 0.0
[Ep  90/1000] Fit:  1919.2 | Avg:  1928.7 | Reward: +122.2 | Time: 105.3s
          Buffer: 44050 | Noise: 0.0637 | ActorLoss: -8.001e+03 | CriticLoss: 3.021e+03
[REWARD DEBUG] Improvement: 16.6440 → Reward: +0.6233
[REWARD DEBUG] Stagnation (normal): 0.0000 → Reward: 0.0
[REWARD DEBUG] Stagnation (normal): 0.0000 → Reward: 0.0
[REWARD DEBUG] Stagnation (normal): 0.0000 → Reward: 0.0
[REWARD DEBUG] Stagnation (normal): 0.0000 → Reward: 0.0
[ACTION DEBUG iter 100] Raw action[1:3]: [-1.0000, 1.0000, 1.0000], noise: 0.0500
[ACTION DEBUG iter 100] WARNING: 9/20 actions clipped (network saturating)
[RLAMPSO DEBUG iter 100] w=0.3000, c1=3.0000, c2=3.0000 | fitness=1964.87
[REWARD DEBUG iter 100] FitnessImprovement: 0.0000 → Reward: +0.0000 (prevFit=1964.87, currFit=1964.87)
[REWARD DEBUG] Stagnation (normal): 0.0000 → Reward: 0.0
[REWARD DEBUG] Stagnation (normal): 0.0000 → Reward: 0.0
[REWARD DEBUG] Stagnation (normal): 0.0000 → Reward: 0.0
[REWARD DEBUG] Stagnation (normal): 0.0000 → Reward: 0.0
[REWARD DEBUG] Stagnation (normal): 0.0000 → Reward: 0.0
[REWARD DEBUG] Stagnation (normal): 0.0000 → Reward: 0.0
[REWARD DEBUG] Stagnation (normal): 0.0000 → Reward: 0.0
[REWARD DEBUG] Stagnation (normal): 0.0000 → Reward: 0.0
[REWARD DEBUG] Stagnation (normal): 0.0000 → Reward: 0.0
[ACTION DEBUG iter 200] Raw action[1:3]: [-1.0000, 1.0000, 1.0000], noise: 0.0500
[ACTION DEBUG iter 200] WARNING: 8/20 actions clipped (network saturating)
[RLAMPSO DEBUG iter 200] w=0.3051, c1=3.0000, c2=2.9594 | fitness=1961.03
[REWARD DEBUG iter 200] FitnessImprovement: 0.0000 → Reward: +0.0000 (prevFit=1961.03, currFit=1961.03)
[REWARD DEBUG] Stagnation (normal): 0.0000 → Reward: 0.0
[REWARD DEBUG] Stagnation (normal): 0.0000 → Reward: 0.0
[REWARD DEBUG] Stagnation (normal): 0.0000 → Reward: 0.0
[REWARD DEBUG] Stagnation (normal): 0.0000 → Reward: 0.0
[REWARD DEBUG] Stagnation (normal): 0.0000 → Reward: 0.0
[REWARD DEBUG] Stagnation (normal): 0.0000 → Reward: 0.0
[REWARD DEBUG] Stagnation (normal): 0.0000 → Reward: 0.0
[REWARD DEBUG] Stagnation (normal): 0.0000 → Reward: 0.0
[REWARD DEBUG] Stagnation (normal): 0.0000 → Reward: 0.0
[REWARD DEBUG] Stagnation (normal): 0.0000 → Reward: 0.0
[ACTION DEBUG iter 300] Raw action[1:3]: [-1.0000, 1.0000, 1.0000], noise: 0.0500
[ACTION DEBUG iter 300] WARNING: 8/20 actions clipped (network saturating)
[RLAMPSO DEBUG iter 300] w=0.3022, c1=2.9272, c2=3.0000 | fitness=1960.09
[REWARD DEBUG iter 300] FitnessImprovement: 0.0000 → Reward: +0.0000 (prevFit=1960.09, currFit=1960.09)
[REWARD DEBUG] Stagnation (normal): 0.0000 → Reward: 0.0
[REWARD DEBUG] Stagnation (normal): 0.0000 → Reward: 0.0
[REWARD DEBUG] Stagnation (normal): 0.0000 → Reward: 0.0
[REWARD DEBUG] Stagnation (normal): 0.0000 → Reward: 0.0
[REWARD DEBUG] Stagnation (normal): 0.0000 → Reward: 0.0
[REWARD DEBUG] Stagnation (normal): 0.0000 → Reward: 0.0
[Ep  91/1000] Fit:  1960.1 | Avg:  1941.1 | Reward: +109.8 | Time:  76.7s
          Buffer: 44355 | Noise: 0.0634 | ActorLoss: -7.173e+03 | CriticLoss: 5.205e+02
[REWARD DEBUG] Improvement: 177.9922 → Reward: +1.0000
[REWARD DEBUG] Improvement: 67.7393 → Reward: +0.9186
[REWARD DEBUG] Improvement: 84.7714 → Reward: +0.9667
[REWARD DEBUG] Stagnation (normal): 0.0000 → Reward: 0.0
[REWARD DEBUG] Stagnation (normal): 0.0000 → Reward: 0.0
[REWARD DEBUG] Stagnation (normal): 0.0000 → Reward: 0.0
[REWARD DEBUG] Stagnation (normal): 0.0000 → Reward: 0.0
[REWARD DEBUG] Stagnation (normal): 0.0000 → Reward: 0.0
[ACTION DEBUG iter 100] Raw action[1:3]: [-1.0000, 1.0000, 1.0000], noise: 0.0500
[ACTION DEBUG iter 100] WARNING: 10/20 actions clipped (network saturating)
[RLAMPSO DEBUG iter 100] w=0.3147, c1=2.9429, c2=3.0000 | fitness=2018.49
[REWARD DEBUG iter 100] FitnessImprovement: 0.0000 → Reward: +0.0000 (prevFit=2018.49, currFit=2018.49)
[REWARD DEBUG] Improvement: 19.2477 → Reward: +0.6532
[REWARD DEBUG] Stagnation (normal): 0.0000 → Reward: 0.0
[REWARD DEBUG] Stagnation (normal): 0.0000 → Reward: 0.0
[REWARD DEBUG] Stagnation (normal): 0.0000 → Reward: 0.0
[REWARD DEBUG] Stagnation (normal): 0.0000 → Reward: 0.0
[REWARD DEBUG] Stagnation (normal): 0.0000 → Reward: 0.0
[ACTION DEBUG iter 200] Raw action[1:3]: [-1.0000, 1.0000, 1.0000], noise: 0.0500
[ACTION DEBUG iter 200] WARNING: 9/20 actions clipped (network saturating)
[RLAMPSO DEBUG iter 200] w=0.3033, c1=2.9306, c2=2.8955 | fitness=1966.91
[REWARD DEBUG iter 200] FitnessImprovement: 0.0000 → Reward: +0.0000 (prevFit=1966.91, currFit=1966.91)
[REWARD DEBUG] Stagnation (normal): 0.0000 → Reward: 0.0
[REWARD DEBUG] Stagnation (normal): 0.0000 → Reward: 0.0
[REWARD DEBUG] Stagnation (normal): 0.0000 → Reward: 0.0
[REWARD DEBUG] Stagnation (normal): 0.0000 → Reward: 0.0
[REWARD DEBUG] Stagnation (normal): 0.0000 → Reward: 0.0
[REWARD DEBUG] Stagnation (normal): 0.0000 → Reward: 0.0
[REWARD DEBUG] Stagnation (normal): 0.0000 → Reward: 0.0
[ACTION DEBUG iter 300] Raw action[1:3]: [-1.0000, 1.0000, 1.0000], noise: 0.0500
[ACTION DEBUG iter 300] WARNING: 9/20 actions clipped (network saturating)
[RLAMPSO DEBUG iter 300] w=0.3078, c1=3.0000, c2=2.8181 | fitness=1936.76
[REWARD DEBUG iter 300] FitnessImprovement: 0.0000 → Reward: +0.0000 (prevFit=1936.76, currFit=1936.76)
[REWARD DEBUG] Stagnation (normal): 0.0000 → Reward: 0.0
[REWARD DEBUG] Stagnation (normal): 0.0000 → Reward: 0.0
[REWARD DEBUG] Stagnation (normal): 0.0000 → Reward: 0.0
[REWARD DEBUG] Stagnation (normal): 0.0000 → Reward: 0.0
[REWARD DEBUG] Stagnation (normal): 0.0000 → Reward: 0.0
[REWARD DEBUG] Stagnation (normal): 0.0000 → Reward: 0.0
[REWARD DEBUG] Stagnation (normal): 0.0000 → Reward: 0.0
[ACTION DEBUG iter 400] Raw action[1:3]: [-1.0000, 1.0000, 1.0000], noise: 0.0500
[ACTION DEBUG iter 400] WARNING: 10/20 actions clipped (network saturating)
[RLAMPSO DEBUG iter 400] w=0.3000, c1=3.0000, c2=3.0000 | fitness=1929.96
[REWARD DEBUG iter 400] FitnessImprovement: 0.0000 → Reward: +0.0000 (prevFit=1929.96, currFit=1929.96)
[REWARD DEBUG] Stagnation (normal): 0.0000 → Reward: 0.0
[REWARD DEBUG] Stagnation (normal): 0.0000 → Reward: 0.0
[REWARD DEBUG] Stagnation (normal): 0.0000 → Reward: 0.0
[REWARD DEBUG] Stagnation (normal): 0.0000 → Reward: 0.0
[REWARD DEBUG] Stagnation (normal): 0.0000 → Reward: 0.0
[REWARD DEBUG] Stagnation (normal): 0.0000 → Reward: 0.0
[REWARD DEBUG] Stagnation (normal): 0.0000 → Reward: 0.0
[REWARD DEBUG] Stagnation (normal): 0.0000 → Reward: 0.0
[REWARD DEBUG] Stagnation (normal): 0.0000 → Reward: 0.0
[REWARD DEBUG] Stagnation (normal): 0.0000 → Reward: 0.0
[REWARD DEBUG] Stagnation (normal): 0.0000 → Reward: 0.0
[ACTION DEBUG iter 500] Raw action[1:3]: [-1.0000, 1.0000, 1.0000], noise: 0.0500
[ACTION DEBUG iter 500] WARNING: 6/20 actions clipped (network saturating)
[RLAMPSO DEBUG iter 500] w=0.3000, c1=2.9408, c2=2.9085 | fitness=1890.09
[REWARD DEBUG] Stagnation (normal): 0.0000 → Reward: 0.0
[REWARD DEBUG iter 500] FitnessImprovement: 0.0000 → Reward: +0.0000 (prevFit=1890.09, currFit=1890.09)
[REWARD DEBUG] Stagnation (normal): 0.0000 → Reward: 0.0
[REWARD DEBUG] Stagnation (normal): 0.0000 → Reward: 0.0
[REWARD DEBUG] Stagnation (normal): 0.0000 → Reward: 0.0
[REWARD DEBUG] Stagnation (normal): 0.0000 → Reward: 0.0
[REWARD DEBUG] Stagnation (normal): 0.0000 → Reward: 0.0
[REWARD DEBUG] Stagnation (normal): 0.0000 → Reward: 0.0
[Ep  92/1000] Fit:  1890.1 | Avg:  1933.5 | Reward: +117.4 | Time: 120.0s
          Buffer: 44877 | Noise: 0.0631 | ActorLoss: -8.361e+03 | CriticLoss: 9.434e+02
[REWARD DEBUG] Improvement: 28.6154 → Reward: +0.7358
[REWARD DEBUG] Stagnation (normal): 0.0000 → Reward: 0.0
[REWARD DEBUG] Stagnation (normal): 0.0000 → Reward: 0.0
[REWARD DEBUG] Stagnation (normal): 0.0000 → Reward: 0.0
[REWARD DEBUG] Stagnation (normal): 0.0000 → Reward: 0.0
[REWARD DEBUG] Improvement: 4.5003 → Reward: +0.3702
[REWARD DEBUG] Stagnation (normal): 0.0000 → Reward: 0.0
