═══════════════════════════════════════════════════════════════
TRAINING SESSION LOG
Started: 29-Oct-2025 13:21:55
Log file: C:\Users\Thuan\Desktop\Copy_of_New Folder - Copy\algorithms\rlampso\matlabimplementation\training\logs\training_advanced_20251029_132154.log
═══════════════════════════════════════════════════════════════

Creating RLAMPSO configuration...

╔════════════════════════════════════════════════════════╗
║     RLAM-PSO Configuration (GPU-Optimized)            ║
╚════════════════════════════════════════════════════════╝

Mode: advanced

--- Features Enabled ---
  Transformer State: ON (state: 64D)
  TD3:               ON
  PER:               ON
  Curriculum:        ON

--- Compute Configuration ---
  Mode:              GPU-Optimized Sequential
  GPU:               OFF (CPU fallback)
  Parallel:          OFF (disabled for dlnetwork compatibility)

--- Training Parameters ---
  Episodes:          1000
  Population:        40
  Max Iterations:    600
  Batch Size:        256 (GPU-optimized)
  Actor LR:          0.00010
  Critic LR:         0.00100

--- GPU Optimization (2025) ---
  Gradient Steps/Call:  1
  Train Every:          1 iterations
  Mid-Episode Training: ON
  Estimated UTD Ratio:  ~600.0

════════════════════════════════════════════════════════

⚠ No GPU detected - using CPU (slower)
  Batch Size (CPU): 256

════════ Training Configuration (from RLAMPSO_Config) ════════
Mode: advanced

  Features Enabled:
    Transformer: ON
    TD3: ON
    PER: ON
    GPU: OFF
    Parallel: OFF (disabled for dlnetwork)

  Training Parameters:
    Episodes: 1000
    PSO Population: 40
    Max PSO Iterations: 600
    Batch Size: 256 (GPU-optimized)
    Actor LR: 0.000100
    Critic LR: 0.001000
═══════════════════════════════════════════════════════════════

Estimated Time (CPU): ~83.3 hours (1000 episodes)

(Batch mode: auto-approved)

╔════════════════════════════════════════════════════════════════╗
║            UAV PATH PLANNING TRAINING                         ║
║                  (1000 episodes)                                   ║
╚════════════════════════════════════════════════════════════════╝

Training Configuration:
  Episodes: 1000
  Actor LR: 0.000100
  Critic LR: 0.001000
  Tau: 0.001000


╔════════════════════════════════════════════════════════╗
║  RLAM-PSO GPU-Optimized Sequential Training          ║
╚════════════════════════════════════════════════════════╝

ℹ Running in CPU mode

=== Training Configuration ===
Episodes: 1000
Population: 40
Max Iterations: 600
Batch Size: 256
===============================

Initializing new agent from scratch...
✓ Agent initialized

Initializing Curriculum Manager...
Curriculum Manager Initialized:
  Starting Level: 1 (Easy)
  Success Threshold: 80.0%
  Evaluation Window: 20 episodes
✓ Curriculum Manager initialized

Starting GPU-optimized sequential training...

  → Initializing Transformer state encoder (64D)
Transformer State Encoder Initialized:
  Input Feature Dim: 34
  Hidden Dim: 64
  Number of Heads: 4
  Head Dim: 16
  Total Parameters: 47936
[REWARD DEBUG] Stagnation (normal): 0.0000 → Reward: 0.0
[REWARD DEBUG] Improvement: 360.0652 → Reward: +1.0000
[REWARD DEBUG] Stagnation (normal): 0.0000 → Reward: 0.0
[REWARD DEBUG] Stagnation (normal): 0.0000 → Reward: 0.0
[REWARD DEBUG] Improvement: 0.5005 → Reward: +0.0881
[REWARD DEBUG] Improvement: 1.1425 → Reward: +0.1655
[REWARD DEBUG] Improvement: 0.7490 → Reward: +0.1214
[REWARD DEBUG] Stagnation (normal): 0.0000 → Reward: 0.0
[REWARD DEBUG] Stagnation (normal): 0.0000 → Reward: 0.0
[REWARD DEBUG] Stagnation (normal): 0.0000 → Reward: 0.0
[REWARD DEBUG] Stagnation (normal): 0.0000 → Reward: 0.0
[ACTION DEBUG iter 100] Raw action[1:3]: [0.0000, 0.0000, 0.0000], noise: 0.0500
[RLAMPSO DEBUG iter 100] w=0.7152, c1=1.4561, c2=1.4613 | fitness=2065.50
[REWARD DEBUG iter 100] FitnessImprovement: 0.0000 → Reward: +0.0000 (prevFit=2065.50, currFit=2065.50)
[REWARD DEBUG] Stagnation (normal): 0.0000 → Reward: 0.0
[REWARD DEBUG] Stagnation (normal): 0.0000 → Reward: 0.0
[REWARD DEBUG] Improvement: 0.0167 → Reward: +0.0036
[REWARD DEBUG] Stagnation (normal): 0.0000 → Reward: 0.0
[REWARD DEBUG] Stagnation (normal): 0.0000 → Reward: 0.0
[REWARD DEBUG] Stagnation (normal): 0.0000 → Reward: 0.0
[REWARD DEBUG] Stagnation (normal): 0.0000 → Reward: 0.0
[REWARD DEBUG] Stagnation (normal): 0.0000 → Reward: 0.0
[REWARD DEBUG] Stagnation (normal): 0.0000 → Reward: 0.0
[ACTION DEBUG iter 200] Raw action[1:3]: [0.0000, 0.0000, 0.0000], noise: 0.0500
[RLAMPSO DEBUG iter 200] w=0.7338, c1=1.4564, c2=1.5280 | fitness=2058.84
[REWARD DEBUG iter 200] FitnessImprovement: 0.0000 → Reward: +0.0000 (prevFit=2058.84, currFit=2058.84)
[REWARD DEBUG] Improvement: 0.0515 → Reward: +0.0109
[REWARD DEBUG] Improvement: 0.0088 → Reward: +0.0019
[REWARD DEBUG] Stagnation (normal): 0.0000 → Reward: 0.0
[REWARD DEBUG] Stagnation (normal): 0.0000 → Reward: 0.0
[REWARD DEBUG] Stagnation (normal): 0.0000 → Reward: 0.0
[ACTION DEBUG iter 300] Raw action[1:3]: [0.0000, 0.0000, 0.0000], noise: 0.0500
[RLAMPSO DEBUG iter 300] w=0.6877, c1=1.5644, c2=1.4956 | fitness=2058.38
[REWARD DEBUG iter 300] FitnessImprovement: 0.0000 → Reward: +0.0000 (prevFit=2058.38, currFit=2058.38)
[REWARD DEBUG] Stagnation (normal): 0.0000 → Reward: 0.0
[REWARD DEBUG] Stagnation (normal): 0.0000 → Reward: 0.0
[REWARD DEBUG] Stagnation (normal): 0.0000 → Reward: 0.0
[REWARD DEBUG] Stagnation (normal): 0.0000 → Reward: 0.0
[REWARD DEBUG] Stagnation (normal): 0.0000 → Reward: 0.0
[REWARD DEBUG] Stagnation (normal): 0.0000 → Reward: 0.0
[REWARD DEBUG] Improvement: 0.0197 → Reward: +0.0042
[ACTION DEBUG iter 400] Raw action[1:3]: [0.0013, 0.0001, -0.0017], noise: 0.0500
[RLAMPSO DEBUG iter 400] w=0.7320, c1=1.5361, c2=1.3253 | fitness=2052.15
[REWARD DEBUG iter 400] FitnessImprovement: 0.0000 → Reward: +0.0000 (prevFit=2052.15, currFit=2052.15)
[REWARD DEBUG] Improvement: 0.0042 → Reward: +0.0009
[REWARD DEBUG] Stagnation (normal): 0.0000 → Reward: 0.0
[REWARD DEBUG] Stagnation (normal): 0.0000 → Reward: 0.0
[REWARD DEBUG] Stagnation (normal): 0.0000 → Reward: 0.0
[ACTION DEBUG iter 500] Raw action[1:3]: [0.0020, 0.0015, -0.0024], noise: 0.0500
[RLAMPSO DEBUG iter 500] w=0.7049, c1=1.5236, c2=1.2965 | fitness=2051.30
[REWARD DEBUG iter 500] FitnessImprovement: 0.0118 → Reward: +0.0025 (prevFit=2051.30, currFit=2051.29)
[REWARD DEBUG] Stagnation (normal): 0.0000 → Reward: 0.0
[REWARD DEBUG] Stagnation (normal): 0.0000 → Reward: 0.0
[REWARD DEBUG] Stagnation (normal): 0.0000 → Reward: 0.0
[REWARD DEBUG] Improvement: 0.0001 → Reward: +0.0000
[REWARD DEBUG] Stagnation (normal): 0.0000 → Reward: 0.0
[ACTION DEBUG iter 600] Raw action[1:3]: [-0.0019, 0.0134, -0.0028], noise: 0.0500
[RLAMPSO DEBUG iter 600] w=0.6956, c1=1.4790, c2=1.5476 | fitness=2050.91
[REWARD DEBUG iter 600] FitnessImprovement: 0.0000 → Reward: +0.0000 (prevFit=2050.91, currFit=2050.91)
[Ep   1/1000] Fit:  2050.9 | Avg:  2050.9 | Reward:   +0.0 | Time:  36.3s
          Buffer:   550 | Noise: 0.0995 | ActorLoss: -2.079e-02 | CriticLoss: 1.554e-04
[REWARD DEBUG] Stagnation (normal): 0.0000 → Reward: 0.0
[REWARD DEBUG] Stagnation (normal): 0.0000 → Reward: 0.0
[REWARD DEBUG] Stagnation (normal): 0.0000 → Reward: 0.0
[ACTION DEBUG iter 100] Raw action[1:3]: [-0.0054, 0.0246, -0.0042], noise: 0.0500
[RLAMPSO DEBUG iter 100] w=0.6783, c1=1.5021, c2=1.5679 | fitness=1937.93
[REWARD DEBUG iter 100] FitnessImprovement: 0.0000 → Reward: +0.0000 (prevFit=1937.93, currFit=1937.93)
[REWARD DEBUG] Stagnation (normal): 0.0000 → Reward: 0.0
[REWARD DEBUG] Stagnation (normal): 0.0000 → Reward: 0.0
[REWARD DEBUG] Improvement: 1.1816 → Reward: +0.1694
[REWARD DEBUG] Stagnation (normal): 0.0000 → Reward: 0.0
[REWARD DEBUG] Stagnation (normal): 0.0000 → Reward: 0.0
[REWARD DEBUG] Stagnation (normal): 0.0000 → Reward: 0.0
[REWARD DEBUG] Improvement: 0.3216 → Reward: +0.0606
[ACTION DEBUG iter 200] Raw action[1:3]: [-0.0203, 0.0630, -0.0048], noise: 0.0500
[RLAMPSO DEBUG iter 200] w=0.7204, c1=1.5848, c2=1.6100 | fitness=1925.59
[REWARD DEBUG iter 200] FitnessImprovement: 0.0000 → Reward: +0.0000 (prevFit=1925.59, currFit=1925.59)
[REWARD DEBUG] Improvement: 0.0463 → Reward: +0.0098
[REWARD DEBUG] Stagnation (normal): 0.0000 → Reward: 0.0
[REWARD DEBUG] Stagnation (normal): 0.0000 → Reward: 0.0
[REWARD DEBUG] Stagnation (normal): 0.0000 → Reward: 0.0
[REWARD DEBUG] Improvement: 0.0672 → Reward: +0.0141
[REWARD DEBUG] Improvement: 1.1337 → Reward: +0.1646
[REWARD DEBUG] Stagnation (normal): 0.0000 → Reward: 0.0
[REWARD DEBUG] Improvement: 0.1922 → Reward: +0.0382
[REWARD DEBUG] Stagnation (normal): 0.0000 → Reward: 0.0
[ACTION DEBUG iter 300] Raw action[1:3]: [-0.0567, 0.1404, -0.0113], noise: 0.0500
[RLAMPSO DEBUG iter 300] w=0.6864, c1=1.6151, c2=1.3512 | fitness=1920.20
[REWARD DEBUG iter 300] FitnessImprovement: 0.0031 → Reward: +0.0007 (prevFit=1920.20, currFit=1920.19)
[REWARD DEBUG] Stagnation (normal): 0.0000 → Reward: 0.0
[REWARD DEBUG] Stagnation (normal): 0.0000 → Reward: 0.0
[REWARD DEBUG] Stagnation (normal): 0.0000 → Reward: 0.0
[REWARD DEBUG] Stagnation (normal): 0.0000 → Reward: 0.0
[REWARD DEBUG] Improvement: 0.0265 → Reward: +0.0057
[REWARD DEBUG] Stagnation (normal): 0.0000 → Reward: 0.0
[REWARD DEBUG] Stagnation (normal): 0.0000 → Reward: 0.0
[REWARD DEBUG] Improvement: 0.7102 → Reward: +0.1165
[REWARD DEBUG] Improvement: 0.3754 → Reward: +0.0692
[REWARD DEBUG] Stagnation (normal): 0.0000 → Reward: 0.0
[REWARD DEBUG] Improvement: 0.1138 → Reward: +0.0234
[REWARD DEBUG] Improvement: 0.0387 → Reward: +0.0082
[REWARD DEBUG] Stagnation (normal): 0.0000 → Reward: 0.0
[REWARD DEBUG] Stagnation (normal): 0.0000 → Reward: 0.0
[ACTION DEBUG iter 400] Raw action[1:3]: [-0.1004, 0.2681, -0.0390], noise: 0.0500
[RLAMPSO DEBUG iter 400] w=0.6371, c1=1.8724, c2=1.4499 | fitness=1916.63
[REWARD DEBUG iter 400] FitnessImprovement: 0.0000 → Reward: +0.0000 (prevFit=1916.63, currFit=1916.63)
[REWARD DEBUG] Stagnation (normal): 0.0000 → Reward: 0.0
[REWARD DEBUG] Stagnation (normal): 0.0000 → Reward: 0.0
[REWARD DEBUG] Improvement: 0.0101 → Reward: +0.0022
[REWARD DEBUG] Stagnation (normal): 0.0000 → Reward: 0.0
[REWARD DEBUG] Stagnation (normal): 0.0000 → Reward: 0.0
[REWARD DEBUG] Improvement: 0.0094 → Reward: +0.0020
[REWARD DEBUG] Stagnation (normal): 0.0000 → Reward: 0.0
[REWARD DEBUG] Stagnation (normal): 0.0000 → Reward: 0.0
[REWARD DEBUG] Improvement: 0.0058 → Reward: +0.0012
[REWARD DEBUG] Stagnation (normal): 0.0000 → Reward: 0.0
[ACTION DEBUG iter 500] Raw action[1:3]: [-0.0753, 0.3901, -0.1337], noise: 0.0500
[RLAMPSO DEBUG iter 500] w=0.6492, c1=2.1846, c2=1.2813 | fitness=1915.47
[REWARD DEBUG iter 500] FitnessImprovement: 0.0023 → Reward: +0.0005 (prevFit=1915.47, currFit=1915.47)
[REWARD DEBUG] Stagnation (normal): 0.0000 → Reward: 0.0
[REWARD DEBUG] Stagnation (normal): 0.0000 → Reward: 0.0
[REWARD DEBUG] Improvement: 0.0037 → Reward: +0.0008
[REWARD DEBUG] Stagnation (normal): 0.0000 → Reward: 0.0
[REWARD DEBUG] Stagnation (normal): 0.0000 → Reward: 0.0
[REWARD DEBUG] Stagnation (normal): 0.0000 → Reward: 0.0
[REWARD DEBUG] Improvement: 0.0072 → Reward: +0.0016
[REWARD DEBUG] Stagnation (normal): 0.0000 → Reward: 0.0
[ACTION DEBUG iter 600] Raw action[1:3]: [-0.0864, 0.4894, -0.2074], noise: 0.0500
[RLAMPSO DEBUG iter 600] w=0.6427, c1=2.1160, c2=1.1680 | fitness=1914.81
[REWARD DEBUG] Stagnation (normal): 0.0000 → Reward: 0.0
[REWARD DEBUG iter 600] FitnessImprovement: 0.0000 → Reward: +0.0000 (prevFit=1914.81, currFit=1914.81)
[Ep   2/1000] Fit:  1914.8 | Avg:  1982.9 | Reward:  +68.0 | Time:  43.4s
          Buffer:  1100 | Noise: 0.0990 | ActorLoss: -3.041e-02 | CriticLoss: 2.523e-04
[REWARD DEBUG] Stagnation (normal): 0.0000 → Reward: 0.0
[REWARD DEBUG] Stagnation (normal): 0.0000 → Reward: 0.0
[REWARD DEBUG] Stagnation (normal): 0.0000 → Reward: 0.0
[REWARD DEBUG] Stagnation (normal): 0.0000 → Reward: 0.0
[REWARD DEBUG] Stagnation (normal): 0.0000 → Reward: 0.0
[REWARD DEBUG] Stagnation (normal): 0.0000 → Reward: 0.0
[REWARD DEBUG] Stagnation (normal): 0.0000 → Reward: 0.0
[ACTION DEBUG iter 100] Raw action[1:3]: [-0.1413, 0.5479, -0.2056], noise: 0.0500
[RLAMPSO DEBUG iter 100] w=0.6469, c1=2.3150, c2=1.2075 | fitness=1884.61
[REWARD DEBUG iter 100] FitnessImprovement: 0.0000 → Reward: +0.0000 (prevFit=1884.61, currFit=1884.61)
[REWARD DEBUG] Improvement: 0.4195 → Reward: +0.0761
[REWARD DEBUG] Stagnation (normal): 0.0000 → Reward: 0.0
[REWARD DEBUG] Stagnation (normal): 0.0000 → Reward: 0.0
[REWARD DEBUG] Stagnation (normal): 0.0000 → Reward: 0.0
[REWARD DEBUG] Improvement: 0.0421 → Reward: +0.0090
[REWARD DEBUG] Stagnation (normal): 0.0000 → Reward: 0.0
[REWARD DEBUG] Stagnation (normal): 0.0000 → Reward: 0.0
[REWARD DEBUG] Stagnation (normal): 0.0000 → Reward: 0.0
[ACTION DEBUG iter 200] Raw action[1:3]: [-0.2967, 0.6483, -0.1891], noise: 0.0500
[RLAMPSO DEBUG iter 200] w=0.5741, c1=2.4056, c2=1.2718 | fitness=1878.47
[REWARD DEBUG iter 200] FitnessImprovement: 0.0000 → Reward: +0.0000 (prevFit=1878.47, currFit=1878.47)
[REWARD DEBUG] Stagnation (normal): 0.0000 → Reward: 0.0
[REWARD DEBUG] Stagnation (normal): 0.0000 → Reward: 0.0
[REWARD DEBUG] Stagnation (normal): 0.0000 → Reward: 0.0
[REWARD DEBUG] Stagnation (normal): 0.0000 → Reward: 0.0
[REWARD DEBUG] Stagnation (normal): 0.0000 → Reward: 0.0
[REWARD DEBUG] Improvement: 0.0188 → Reward: +0.0040
[REWARD DEBUG] Improvement: 0.0067 → Reward: +0.0014
[ACTION DEBUG iter 300] Raw action[1:3]: [-0.4946, 0.7441, -0.1762], noise: 0.0500
[RLAMPSO DEBUG iter 300] w=0.4844, c1=2.4612, c2=1.2001 | fitness=1878.15
[REWARD DEBUG iter 300] FitnessImprovement: 0.0333 → Reward: +0.0071 (prevFit=1878.15, currFit=1878.11)
[REWARD DEBUG] Improvement: 0.0025 → Reward: +0.0005
[REWARD DEBUG] Stagnation (normal): 0.0000 → Reward: 0.0
[REWARD DEBUG] Improvement: 0.0011 → Reward: +0.0002
[REWARD DEBUG] Stagnation (normal): 0.0000 → Reward: 0.0
[ACTION DEBUG iter 400] Raw action[1:3]: [-0.6079, 0.8553, -0.1312], noise: 0.0500
[RLAMPSO DEBUG iter 400] w=0.4417, c1=2.8766, c2=1.2131 | fitness=1877.82
[REWARD DEBUG iter 400] FitnessImprovement: 0.0000 → Reward: +0.0000 (prevFit=1877.82, currFit=1877.82)
[REWARD DEBUG] Stagnation (normal): 0.0000 → Reward: 0.0
[REWARD DEBUG] Stagnation (normal): 0.0000 → Reward: 0.0
[REWARD DEBUG] Improvement: 0.0000 → Reward: +0.0000
[REWARD DEBUG] Stagnation (normal): 0.0000 → Reward: 0.0
[ACTION DEBUG iter 500] Raw action[1:3]: [-0.6863, 0.9058, -0.1432], noise: 0.0500
[RLAMPSO DEBUG iter 500] w=0.4504, c1=2.9055, c2=1.3156 | fitness=1877.81
[REWARD DEBUG iter 500] FitnessImprovement: 0.0000 → Reward: +0.0000 (prevFit=1877.81, currFit=1877.81)
[REWARD DEBUG] Improvement: 0.0001 → Reward: +0.0000
[REWARD DEBUG] Improvement: 0.0002 → Reward: +0.0000
[REWARD DEBUG] Improvement: 0.0000 → Reward: +0.0000
[REWARD DEBUG] Stagnation (normal): 0.0000 → Reward: 0.0
[REWARD DEBUG] Stagnation (normal): 0.0000 → Reward: 0.0
[REWARD DEBUG] Stagnation (normal): 0.0000 → Reward: 0.0
[REWARD DEBUG] Stagnation (normal): 0.0000 → Reward: 0.0
[REWARD DEBUG] Stagnation (normal): 0.0000 → Reward: 0.0
[ACTION DEBUG iter 600] Raw action[1:3]: [-0.7704, 0.9421, 0.0633], noise: 0.0500
[RLAMPSO DEBUG iter 600] w=0.4145, c1=2.9468, c2=1.7414 | fitness=1877.81
[REWARD DEBUG iter 600] FitnessImprovement: 0.0000 → Reward: +0.0000 (prevFit=1877.81, currFit=1877.81)
[Ep   3/1000] Fit:  1877.8 | Avg:  1947.8 | Reward: +103.1 | Time:  41.8s
          Buffer:  1650 | Noise: 0.0985 | ActorLoss: -3.989e-02 | CriticLoss: 3.951e-04
[REWARD DEBUG] Improvement: 224.2248 → Reward: +1.0000
[REWARD DEBUG] Stagnation (normal): 0.0000 → Reward: 0.0
[REWARD DEBUG] Improvement: 93.2957 → Reward: +0.9872
[REWARD DEBUG] Stagnation (normal): 0.0000 → Reward: 0.0
[REWARD DEBUG] Stagnation (normal): 0.0000 → Reward: 0.0
[REWARD DEBUG] Improvement: 11.3614 → Reward: +0.5460
[REWARD DEBUG] Stagnation (normal): 0.0000 → Reward: 0.0
[REWARD DEBUG] Improvement: 0.0395 → Reward: +0.0084
[REWARD DEBUG] Improvement: 9.8578 → Reward: +0.5179
[REWARD DEBUG] Stagnation (normal): 0.0000 → Reward: 0.0
[REWARD DEBUG] Stagnation (normal): 0.0000 → Reward: 0.0
[ACTION DEBUG iter 100] Raw action[1:3]: [-0.8185, 0.9551, 0.2095], noise: 0.0500
[ACTION DEBUG iter 100] WARNING: 1/20 actions clipped (network saturating)
[RLAMPSO DEBUG iter 100] w=0.3387, c1=2.9007, c2=1.8433 | fitness=2088.46
[REWARD DEBUG iter 100] FitnessImprovement: 6.3344 → Reward: +0.4327 (prevFit=2088.46, currFit=2082.13)
[REWARD DEBUG] Stagnation (normal): 0.0000 → Reward: 0.0
[REWARD DEBUG] Improvement: 0.6417 → Reward: +0.1076
[REWARD DEBUG] Improvement: 5.6751 → Reward: +0.4122
[REWARD DEBUG] Stagnation (normal): 0.0000 → Reward: 0.0
[REWARD DEBUG] Stagnation (normal): 0.0000 → Reward: 0.0
[REWARD DEBUG] Stagnation (normal): 0.0000 → Reward: 0.0
[REWARD DEBUG] Stagnation (normal): 0.0000 → Reward: 0.0
[ACTION DEBUG iter 200] Raw action[1:3]: [-0.8872, 0.9741, 0.3222], noise: 0.0500
[ACTION DEBUG iter 200] WARNING: 1/20 actions clipped (network saturating)
[RLAMPSO DEBUG iter 200] w=0.3525, c1=2.9155, c2=2.0283 | fitness=1976.89
[REWARD DEBUG iter 200] FitnessImprovement: 0.0000 → Reward: +0.0000 (prevFit=1976.89, currFit=1976.89)
[REWARD DEBUG] Stagnation (normal): 0.0000 → Reward: 0.0
[REWARD DEBUG] Stagnation (normal): 0.0000 → Reward: 0.0
[REWARD DEBUG] Stagnation (normal): 0.0000 → Reward: 0.0
[REWARD DEBUG] Stagnation (normal): 0.0000 → Reward: 0.0
[REWARD DEBUG] Stagnation (normal): 0.0000 → Reward: 0.0
[REWARD DEBUG] Stagnation (normal): 0.0000 → Reward: 0.0
[REWARD DEBUG] Stagnation (normal): 0.0000 → Reward: 0.0
[REWARD DEBUG] Stagnation (normal): 0.0000 → Reward: 0.0
[REWARD DEBUG] Improvement: 0.1094 → Reward: +0.0225
[ACTION DEBUG iter 300] Raw action[1:3]: [-0.9270, 0.9854, 0.5937], noise: 0.0500
[ACTION DEBUG iter 300] WARNING: 1/20 actions clipped (network saturating)
[RLAMPSO DEBUG iter 300] w=0.3191, c1=2.9067, c2=2.4393 | fitness=1960.54
[REWARD DEBUG iter 300] FitnessImprovement: 0.0000 → Reward: +0.0000 (prevFit=1960.54, currFit=1960.54)
[REWARD DEBUG] Stagnation (normal): 0.0000 → Reward: 0.0
[REWARD DEBUG] Stagnation (normal): 0.0000 → Reward: 0.0
[REWARD DEBUG] Stagnation (normal): 0.0000 → Reward: 0.0
[REWARD DEBUG] Stagnation (normal): 0.0000 → Reward: 0.0
[REWARD DEBUG] Stagnation (normal): 0.0000 → Reward: 0.0
[REWARD DEBUG] Stagnation (normal): 0.0000 → Reward: 0.0
[REWARD DEBUG] Stagnation (normal): 0.0000 → Reward: 0.0
[ACTION DEBUG iter 400] Raw action[1:3]: [-0.9437, 0.9914, 0.6782], noise: 0.0500
[RLAMPSO DEBUG iter 400] w=0.3050, c1=2.9541, c2=2.4683 | fitness=1942.01
[REWARD DEBUG iter 400] FitnessImprovement: 0.0000 → Reward: +0.0000 (prevFit=1942.01, currFit=1942.01)
[REWARD DEBUG] Stagnation (normal): 0.0000 → Reward: 0.0
[REWARD DEBUG] Stagnation (normal): 0.0000 → Reward: 0.0
[REWARD DEBUG] Stagnation (normal): 0.0000 → Reward: 0.0
[REWARD DEBUG] Stagnation (normal): 0.0000 → Reward: 0.0
[REWARD DEBUG] Stagnation (normal): 0.0000 → Reward: 0.0
[REWARD DEBUG] Stagnation (normal): 0.0000 → Reward: 0.0
[REWARD DEBUG] Stagnation (normal): 0.0000 → Reward: 0.0
[REWARD DEBUG] Stagnation (normal): 0.0000 → Reward: 0.0
[REWARD DEBUG] Stagnation (normal): 0.0000 → Reward: 0.0
[REWARD DEBUG] Stagnation (normal): 0.0000 → Reward: 0.0
[REWARD DEBUG] Stagnation (normal): 0.0000 → Reward: 0.0
[ACTION DEBUG iter 500] Raw action[1:3]: [-0.9552, 0.9938, 0.6814], noise: 0.0500
[ACTION DEBUG iter 500] WARNING: 3/20 actions clipped (network saturating)
[RLAMPSO DEBUG iter 500] w=0.3000, c1=2.9956, c2=2.4872 | fitness=1939.35
[REWARD DEBUG iter 500] FitnessImprovement: 0.0000 → Reward: +0.0000 (prevFit=1939.35, currFit=1939.35)
[REWARD DEBUG] Improvement: 0.0012 → Reward: +0.0003
[REWARD DEBUG] Stagnation (normal): 0.0000 → Reward: 0.0
[REWARD DEBUG] Improvement: 0.0000 → Reward: +0.0000
[REWARD DEBUG] Stagnation (normal): 0.0000 → Reward: 0.0
[REWARD DEBUG] Stagnation (normal): 0.0000 → Reward: 0.0
[REWARD DEBUG] Stagnation (normal): 0.0000 → Reward: 0.0
[REWARD DEBUG] Stagnation (normal): 0.0000 → Reward: 0.0
[REWARD DEBUG] Stagnation (normal): 0.0000 → Reward: 0.0
[ACTION DEBUG iter 600] Raw action[1:3]: [-0.9600, 0.9950, 0.5725], noise: 0.0500
[ACTION DEBUG iter 600] WARNING: 6/20 actions clipped (network saturating)
[RLAMPSO DEBUG iter 600] w=0.3000, c1=2.9672, c2=2.2985 | fitness=1931.68
[REWARD DEBUG iter 600] FitnessImprovement: 0.0000 → Reward: +0.0000 (prevFit=1931.68, currFit=1931.68)
[Ep   4/1000] Fit:  1931.7 | Avg:  1943.8 | Reward: +107.1 | Time:  40.8s
          Buffer:  2200 | Noise: 0.0980 | ActorLoss: -1.192e-01 | CriticLoss: 1.346e-03
[REWARD DEBUG] Stagnation (normal): 0.0000 → Reward: 0.0
[REWARD DEBUG] Stagnation (normal): 0.0000 → Reward: 0.0
[REWARD DEBUG] Stagnation (normal): 0.0000 → Reward: 0.0
[ACTION DEBUG iter 100] Raw action[1:3]: [-0.9611, 0.9955, 0.4647], noise: 0.0500
[ACTION DEBUG iter 100] WARNING: 4/20 actions clipped (network saturating)
[RLAMPSO DEBUG iter 100] w=0.3097, c1=3.0000, c2=2.1993 | fitness=1989.08
[REWARD DEBUG iter 100] FitnessImprovement: 0.0000 → Reward: +0.0000 (prevFit=1989.08, currFit=1989.08)
[REWARD DEBUG] Stagnation (normal): 0.0000 → Reward: 0.0
[REWARD DEBUG] Stagnation (normal): 0.0000 → Reward: 0.0
[REWARD DEBUG] Stagnation (normal): 0.0000 → Reward: 0.0
[REWARD DEBUG] Stagnation (normal): 0.0000 → Reward: 0.0
[REWARD DEBUG] Stagnation (normal): 0.0000 → Reward: 0.0
[REWARD DEBUG] Improvement: 3.5307 → Reward: +0.3281
[REWARD DEBUG] Stagnation (normal): 0.0000 → Reward: 0.0
[REWARD DEBUG] Stagnation (normal): 0.0000 → Reward: 0.0
[REWARD DEBUG] Improvement: 0.2060 → Reward: +0.0407
[REWARD DEBUG] Improvement: 0.0049 → Reward: +0.0011
[REWARD DEBUG] Improvement: 0.6327 → Reward: +0.1065
[REWARD DEBUG] Stagnation (normal): 0.0000 → Reward: 0.0
[ACTION DEBUG iter 200] Raw action[1:3]: [-0.9588, 0.9959, 0.1314], noise: 0.0500
[ACTION DEBUG iter 200] WARNING: 4/20 actions clipped (network saturating)
[RLAMPSO DEBUG iter 200] w=0.3275, c1=2.9032, c2=1.6128 | fitness=1943.95
[REWARD DEBUG iter 200] FitnessImprovement: 0.0221 → Reward: +0.0047 (prevFit=1943.95, currFit=1943.93)
[REWARD DEBUG] Improvement: 0.2600 → Reward: +0.0502
[REWARD DEBUG] Stagnation (normal): 0.0000 → Reward: 0.0
[REWARD DEBUG] Stagnation (normal): 0.0000 → Reward: 0.0
[REWARD DEBUG] Stagnation (normal): 0.0000 → Reward: 0.0
[REWARD DEBUG] Stagnation (normal): 0.0000 → Reward: 0.0
[REWARD DEBUG] Stagnation (normal): 0.0000 → Reward: 0.0
[ACTION DEBUG iter 300] Raw action[1:3]: [-0.9507, 0.9967, -0.2264], noise: 0.0500
[ACTION DEBUG iter 300] WARNING: 3/20 actions clipped (network saturating)
[RLAMPSO DEBUG iter 300] w=0.3000, c1=2.8354, c2=1.3381 | fitness=1931.31
[REWARD DEBUG iter 300] FitnessImprovement: 0.0298 → Reward: +0.0064 (prevFit=1931.31, currFit=1931.28)
[REWARD DEBUG] Improvement: 0.0441 → Reward: +0.0094
[REWARD DEBUG] Stagnation (normal): 0.0000 → Reward: 0.0
[REWARD DEBUG] Improvement: 0.0167 → Reward: +0.0036
[REWARD DEBUG] Improvement: 0.1400 → Reward: +0.0285
[REWARD DEBUG] Improvement: 0.0045 → Reward: +0.0010
[REWARD DEBUG] Improvement: 0.0007 → Reward: +0.0001
[ACTION DEBUG iter 400] Raw action[1:3]: [-0.9415, 0.9977, -0.6003], noise: 0.0500
[ACTION DEBUG iter 400] WARNING: 6/20 actions clipped (network saturating)
[RLAMPSO DEBUG iter 400] w=0.3442, c1=3.0000, c2=0.6621 | fitness=1909.81
[REWARD DEBUG iter 400] FitnessImprovement: 0.0006 → Reward: +0.0001 (prevFit=1909.81, currFit=1909.81)
[REWARD DEBUG] Improvement: 0.0020 → Reward: +0.0004
[REWARD DEBUG] Stagnation (normal): 0.0000 → Reward: 0.0
[REWARD DEBUG] Stagnation (normal): 0.0000 → Reward: 0.0
[ACTION DEBUG iter 500] Raw action[1:3]: [-0.9236, 0.9981, -0.2601], noise: 0.0500
[ACTION DEBUG iter 500] WARNING: 4/20 actions clipped (network saturating)
[RLAMPSO DEBUG iter 500] w=0.3280, c1=2.8721, c2=1.1165 | fitness=1908.78
[REWARD DEBUG iter 500] FitnessImprovement: 0.0000 → Reward: +0.0000 (prevFit=1908.78, currFit=1908.78)
[REWARD DEBUG] Stagnation (normal): 0.0000 → Reward: 0.0
[REWARD DEBUG] Stagnation (normal): 0.0000 → Reward: 0.0
[REWARD DEBUG] Stagnation (normal): 0.0000 → Reward: 0.0
[REWARD DEBUG] Stagnation (normal): 0.0000 → Reward: 0.0
[REWARD DEBUG] Stagnation (normal): 0.0000 → Reward: 0.0
[REWARD DEBUG] Stagnation (normal): 0.0000 → Reward: 0.0
[REWARD DEBUG] Improvement: 0.0087 → Reward: +0.0019
[REWARD DEBUG] Stagnation (normal): 0.0000 → Reward: 0.0
[ACTION DEBUG iter 600] Raw action[1:3]: [-0.9125, 0.9985, -0.2849], noise: 0.0500
[ACTION DEBUG iter 600] WARNING: 6/20 actions clipped (network saturating)
[RLAMPSO DEBUG iter 600] w=0.3466, c1=3.0000, c2=0.9959 | fitness=1908.66
[REWARD DEBUG iter 600] FitnessImprovement: 0.0000 → Reward: +0.0000 (prevFit=1908.66, currFit=1908.66)
[Ep   5/1000] Fit:  1908.7 | Avg:  1936.8 | Reward: +114.1 | Time:  31.5s
          Buffer:  2750 | Noise: 0.0975 | ActorLoss: -1.925e-01 | CriticLoss: 2.514e-03
[REWARD DEBUG] Improvement: 0.0855 → Reward: +0.0178
[REWARD DEBUG] Improvement: 3.3191 → Reward: +0.3177
[REWARD DEBUG] Improvement: 0.9210 → Reward: +0.1418
[REWARD DEBUG] Improvement: 0.0938 → Reward: +0.0195
[REWARD DEBUG] Improvement: 0.3811 → Reward: +0.0701
[REWARD DEBUG] Improvement: 0.3460 → Reward: +0.0645
[ACTION DEBUG iter 100] Raw action[1:3]: [-0.9182, 0.9986, -0.1628], noise: 0.0500
[ACTION DEBUG iter 100] WARNING: 6/20 actions clipped (network saturating)
[RLAMPSO DEBUG iter 100] w=0.3538, c1=3.0000, c2=1.2074 | fitness=2187.18
[REWARD DEBUG iter 100] FitnessImprovement: 0.1935 → Reward: +0.0384 (prevFit=2187.18, currFit=2186.99)
[REWARD DEBUG] Stagnation (normal): 0.0000 → Reward: 0.0
[REWARD DEBUG] Stagnation (normal): 0.0000 → Reward: 0.0
[REWARD DEBUG] Improvement: 0.0002 → Reward: +0.0000
[REWARD DEBUG] Improvement: 0.0114 → Reward: +0.0025
[REWARD DEBUG] Stagnation (normal): 0.0000 → Reward: 0.0
[REWARD DEBUG] Improvement: 0.0235 → Reward: +0.0050
[REWARD DEBUG] Improvement: 0.0090 → Reward: +0.0019
[ACTION DEBUG iter 200] Raw action[1:3]: [-0.9418, 0.9989, -0.0667], noise: 0.0500
[ACTION DEBUG iter 200] WARNING: 2/20 actions clipped (network saturating)
[RLAMPSO DEBUG iter 200] w=0.3164, c1=2.9599, c2=1.2868 | fitness=2171.12
[REWARD DEBUG iter 200] FitnessImprovement: 0.0189 → Reward: +0.0041 (prevFit=2171.12, currFit=2171.10)
[REWARD DEBUG] Improvement: 0.0029 → Reward: +0.0006
[REWARD DEBUG] Improvement: 0.0156 → Reward: +0.0034
[REWARD DEBUG] Improvement: 0.0063 → Reward: +0.0014
[REWARD DEBUG] Improvement: 0.0016 → Reward: +0.0004
[REWARD DEBUG] Improvement: 0.0703 → Reward: +0.0148
[ACTION DEBUG iter 300] Raw action[1:3]: [-0.9488, 0.9990, 0.0525], noise: 0.0500
[ACTION DEBUG iter 300] WARNING: 6/20 actions clipped (network saturating)
[RLAMPSO DEBUG iter 300] w=0.3000, c1=3.0000, c2=1.5159 | fitness=2104.90
[REWARD DEBUG] Improvement: 2.5743 → Reward: +0.2766
[REWARD DEBUG iter 300] FitnessImprovement: 2.5743 → Reward: +0.2766 (prevFit=2104.90, currFit=2102.33)
[REWARD DEBUG] Stagnation (normal): 0.0000 → Reward: 0.0
[REWARD DEBUG] Stagnation (normal): 0.0000 → Reward: 0.0
[REWARD DEBUG] Stagnation (normal): 0.0000 → Reward: 0.0
[REWARD DEBUG] Stagnation (normal): 0.0000 → Reward: 0.0
[REWARD DEBUG] Stagnation (normal): 0.0000 → Reward: 0.0
[REWARD DEBUG] Stagnation (normal): 0.0000 → Reward: 0.0
[REWARD DEBUG] Improvement: 4.5806 → Reward: +0.3733
[REWARD DEBUG] Stagnation (normal): 0.0000 → Reward: 0.0
[REWARD DEBUG] Stagnation (normal): 0.0000 → Reward: 0.0
[ACTION DEBUG iter 400] Raw action[1:3]: [-0.9613, 0.9994, -0.0963], noise: 0.0500
[ACTION DEBUG iter 400] WARNING: 6/20 actions clipped (network saturating)
[RLAMPSO DEBUG iter 400] w=0.3009, c1=2.9387, c2=1.2331 | fitness=2050.21
[REWARD DEBUG iter 400] FitnessImprovement: 0.0000 → Reward: +0.0000 (prevFit=2050.21, currFit=2050.21)
[REWARD DEBUG] Stagnation (normal): 0.0000 → Reward: 0.0
[REWARD DEBUG] Improvement: 0.0006 → Reward: +0.0001
[REWARD DEBUG] Stagnation (normal): 0.0000 → Reward: 0.0
[REWARD DEBUG] Improvement: 0.1153 → Reward: +0.0237
[REWARD DEBUG] Improvement: 0.1651 → Reward: +0.0332
[REWARD DEBUG] Stagnation (normal): 0.0000 → Reward: 0.0
[REWARD DEBUG] Stagnation (normal): 0.0000 → Reward: 0.0
[ACTION DEBUG iter 500] Raw action[1:3]: [-0.9718, 0.9996, -0.0144], noise: 0.0500
[ACTION DEBUG iter 500] WARNING: 5/20 actions clipped (network saturating)
[RLAMPSO DEBUG iter 500] w=0.3000, c1=2.9759, c2=1.5473 | fitness=2023.23
[REWARD DEBUG iter 500] FitnessImprovement: 0.0000 → Reward: +0.0000 (prevFit=2023.23, currFit=2023.23)
[REWARD DEBUG] Stagnation (normal): 0.0000 → Reward: 0.0
[REWARD DEBUG] Stagnation (normal): 0.0000 → Reward: 0.0
[REWARD DEBUG] Stagnation (normal): 0.0000 → Reward: 0.0
[REWARD DEBUG] Stagnation (normal): 0.0000 → Reward: 0.0
[REWARD DEBUG] Stagnation (normal): 0.0000 → Reward: 0.0
[REWARD DEBUG] Stagnation (normal): 0.0000 → Reward: 0.0
[REWARD DEBUG] Improvement: 0.0905 → Reward: +0.0188
[REWARD DEBUG] Improvement: 0.1544 → Reward: +0.0312
[ACTION DEBUG iter 600] Raw action[1:3]: [-0.9775, 0.9998, -0.2917], noise: 0.0500
[ACTION DEBUG iter 600] WARNING: 3/20 actions clipped (network saturating)
[RLAMPSO DEBUG iter 600] w=0.3023, c1=2.9112, c2=0.9540 | fitness=2021.94
[REWARD DEBUG iter 600] FitnessImprovement: 0.0516 → Reward: +0.0109 (prevFit=2021.94, currFit=2021.89)
[Ep   6/1000] Fit:  2021.9 | Avg:  1951.0 | Reward: +100.0 | Time:  41.2s
          Buffer:  3300 | Noise: 0.0970 | ActorLoss: -1.271e-01 | CriticLoss: 1.279e-03
[REWARD DEBUG] Stagnation (normal): 0.0000 → Reward: 0.0
[REWARD DEBUG] Improvement: 1.1816 → Reward: +0.1694
[REWARD DEBUG] Improvement: 0.0844 → Reward: +0.0176
[REWARD DEBUG] Improvement: 0.0165 → Reward: +0.0036
[ACTION DEBUG iter 100] Raw action[1:3]: [-0.9795, 0.9998, -0.3833], noise: 0.0500
[ACTION DEBUG iter 100] WARNING: 5/20 actions clipped (network saturating)
[RLAMPSO DEBUG iter 100] w=0.3072, c1=3.0000, c2=0.9085 | fitness=2108.41
[REWARD DEBUG iter 100] FitnessImprovement: 0.0106 → Reward: +0.0023 (prevFit=2108.41, currFit=2108.40)
[REWARD DEBUG] Improvement: 0.0445 → Reward: +0.0094
[REWARD DEBUG] Improvement: 0.0223 → Reward: +0.0048
[REWARD DEBUG] Improvement: 0.0331 → Reward: +0.0071
[REWARD DEBUG] Improvement: 0.2092 → Reward: +0.0412
[REWARD DEBUG] Improvement: 0.0049 → Reward: +0.0011
[REWARD DEBUG] Improvement: 0.0012 → Reward: +0.0003
[REWARD DEBUG] Improvement: 0.0112 → Reward: +0.0024
[REWARD DEBUG] Improvement: 0.0066 → Reward: +0.0014
[REWARD DEBUG] Improvement: 0.0062 → Reward: +0.0013
[REWARD DEBUG] Improvement: 0.0024 → Reward: +0.0005
[REWARD DEBUG] Improvement: 0.0030 → Reward: +0.0006
[REWARD DEBUG] Improvement: 0.0015 → Reward: +0.0003
[REWARD DEBUG] Improvement: 0.0006 → Reward: +0.0001
[ACTION DEBUG iter 200] Raw action[1:3]: [-0.9822, 0.9998, -0.4380], noise: 0.0500
[ACTION DEBUG iter 200] WARNING: 7/20 actions clipped (network saturating)
[RLAMPSO DEBUG iter 200] w=0.3173, c1=3.0000, c2=0.8001 | fitness=2105.13
[REWARD DEBUG iter 200] FitnessImprovement: 0.0008 → Reward: +0.0002 (prevFit=2105.13, currFit=2105.13)
[REWARD DEBUG] Improvement: 0.0004 → Reward: +0.0001
[REWARD DEBUG] Improvement: 0.0000 → Reward: +0.0000
[REWARD DEBUG] Improvement: 0.0000 → Reward: +0.0000
[REWARD DEBUG] Improvement: 0.0000 → Reward: +0.0000
[REWARD DEBUG] Stagnation (normal): 0.0000 → Reward: 0.0
[REWARD DEBUG] Stagnation (normal): 0.0000 → Reward: 0.0
[ACTION DEBUG iter 300] Raw action[1:3]: [-0.9839, 0.9999, -0.4281], noise: 0.0500
[ACTION DEBUG iter 300] WARNING: 5/20 actions clipped (network saturating)
[RLAMPSO DEBUG iter 300] w=0.3199, c1=2.9827, c2=0.9331 | fitness=2105.11
[REWARD DEBUG iter 300] FitnessImprovement: 0.0000 → Reward: +0.0000 (prevFit=2105.11, currFit=2105.11)
[REWARD DEBUG] Stagnation (normal): 0.0000 → Reward: 0.0
[REWARD DEBUG] Stagnation (normal): 0.0000 → Reward: 0.0
[REWARD DEBUG] Stagnation (normal): 0.0000 → Reward: 0.0
[REWARD DEBUG] Improvement: 0.0000 → Reward: +0.0000
[REWARD DEBUG] Improvement: 0.1027 → Reward: +0.0212
[ACTION DEBUG iter 400] Raw action[1:3]: [-0.9840, 0.9999, -0.3473], noise: 0.0500
[ACTION DEBUG iter 400] WARNING: 6/20 actions clipped (network saturating)
[RLAMPSO DEBUG iter 400] w=0.3358, c1=3.0000, c2=0.9147 | fitness=2094.52
[REWARD DEBUG iter 400] FitnessImprovement: 0.2864 → Reward: +0.0547 (prevFit=2094.52, currFit=2094.23)
[REWARD DEBUG] Improvement: 0.3618 → Reward: +0.0671
[REWARD DEBUG] Stagnation (normal): 0.0000 → Reward: 0.0
[REWARD DEBUG] Improvement: 0.3461 → Reward: +0.0645
[REWARD DEBUG] Improvement: 0.0020 → Reward: +0.0004
[REWARD DEBUG] Improvement: 0.0213 → Reward: +0.0046
[ACTION DEBUG iter 500] Raw action[1:3]: [-0.9857, 0.9999, -0.3025], noise: 0.0500
[ACTION DEBUG iter 500] WARNING: 7/20 actions clipped (network saturating)
[RLAMPSO DEBUG iter 500] w=0.3000, c1=2.8505, c2=0.9744 | fitness=2087.67
[REWARD DEBUG iter 500] FitnessImprovement: 0.0228 → Reward: +0.0049 (prevFit=2087.67, currFit=2087.65)
[REWARD DEBUG] Stagnation (normal): 0.0000 → Reward: 0.0
[ACTION DEBUG iter 600] Raw action[1:3]: [-0.9881, 0.9999, -0.0905], noise: 0.0500
[ACTION DEBUG iter 600] WARNING: 7/20 actions clipped (network saturating)
[RLAMPSO DEBUG iter 600] w=0.3000, c1=3.0000, c2=1.4503 | fitness=2081.88
[REWARD DEBUG iter 600] FitnessImprovement: 0.1713 → Reward: +0.0343 (prevFit=2081.88, currFit=2081.71)
[Ep   7/1000] Fit:  2081.7 | Avg:  1969.6 | Reward:  +81.3 | Time:  38.1s
          Buffer:  3850 | Noise: 0.0966 | ActorLoss: -1.547e-01 | CriticLoss: 5.142e-02
[REWARD DEBUG] Improvement: 23.7013 → Reward: +0.6964
[REWARD DEBUG] Improvement: 52.5845 → Reward: +0.8645
[REWARD DEBUG] Improvement: 15.7252 → Reward: +0.6117
[REWARD DEBUG] Improvement: 14.0914 → Reward: +0.5894
[REWARD DEBUG] Stagnation (normal): 0.0000 → Reward: 0.0
[REWARD DEBUG] Stagnation (normal): 0.0000 → Reward: 0.0
[REWARD DEBUG] Improvement: 0.7438 → Reward: +0.1207
[REWARD DEBUG] Improvement: 12.9146 → Reward: +0.5717
[ACTION DEBUG iter 100] Raw action[1:3]: [-0.9889, 0.9999, -0.0389], noise: 0.0500
[ACTION DEBUG iter 100] WARNING: 5/20 actions clipped (network saturating)
[RLAMPSO DEBUG iter 100] w=0.3327, c1=3.0000, c2=1.5288 | fitness=2029.04
[REWARD DEBUG iter 100] FitnessImprovement: 0.0000 → Reward: +0.0000 (prevFit=2029.04, currFit=2029.04)
[REWARD DEBUG] Stagnation (normal): 0.0000 → Reward: 0.0
[REWARD DEBUG] Stagnation (normal): 0.0000 → Reward: 0.0
[REWARD DEBUG] Stagnation (normal): 0.0000 → Reward: 0.0
[REWARD DEBUG] Stagnation (normal): 0.0000 → Reward: 0.0
[REWARD DEBUG] Stagnation (normal): 0.0000 → Reward: 0.0
[REWARD DEBUG] Stagnation (normal): 0.0000 → Reward: 0.0
[REWARD DEBUG] Stagnation (normal): 0.0000 → Reward: 0.0
[ACTION DEBUG iter 200] Raw action[1:3]: [-0.9913, 0.9999, -0.0439], noise: 0.0500
[ACTION DEBUG iter 200] WARNING: 6/20 actions clipped (network saturating)
[RLAMPSO DEBUG iter 200] w=0.3000, c1=2.7727, c2=1.4007 | fitness=2008.69
[REWARD DEBUG iter 200] FitnessImprovement: 0.3703 → Reward: +0.0684 (prevFit=2008.69, currFit=2008.32)
[REWARD DEBUG] Stagnation (normal): 0.0000 → Reward: 0.0
[REWARD DEBUG] Stagnation (normal): 0.0000 → Reward: 0.0
[REWARD DEBUG] Stagnation (normal): 0.0000 → Reward: 0.0
[REWARD DEBUG] Stagnation (normal): 0.0000 → Reward: 0.0
[REWARD DEBUG] Stagnation (normal): 0.0000 → Reward: 0.0
[REWARD DEBUG] Stagnation (normal): 0.0000 → Reward: 0.0
[REWARD DEBUG] Stagnation (normal): 0.0000 → Reward: 0.0
[REWARD DEBUG] Stagnation (normal): 0.0000 → Reward: 0.0
[REWARD DEBUG] Improvement: 0.0003 → Reward: +0.0001
[ACTION DEBUG iter 300] Raw action[1:3]: [-0.9927, 0.9999, -0.1115], noise: 0.0500
[ACTION DEBUG iter 300] WARNING: 7/20 actions clipped (network saturating)
[RLAMPSO DEBUG iter 300] w=0.3016, c1=3.0000, c2=1.2751 | fitness=2004.36
[REWARD DEBUG iter 300] FitnessImprovement: 0.0024 → Reward: +0.0005 (prevFit=2004.36, currFit=2004.36)
[REWARD DEBUG] Stagnation (normal): 0.0000 → Reward: 0.0
[REWARD DEBUG] Stagnation (normal): 0.0000 → Reward: 0.0
[REWARD DEBUG] Stagnation (normal): 0.0000 → Reward: 0.0
[REWARD DEBUG] Improvement: 0.0111 → Reward: +0.0024
[ACTION DEBUG iter 400] Raw action[1:3]: [-0.9935, 0.9999, -0.0521], noise: 0.0500
[ACTION DEBUG iter 400] WARNING: 7/20 actions clipped (network saturating)
[RLAMPSO DEBUG iter 400] w=0.3315, c1=3.0000, c2=1.3282 | fitness=2002.38
[REWARD DEBUG iter 400] FitnessImprovement: 0.0013 → Reward: +0.0003 (prevFit=2002.38, currFit=2002.38)
[REWARD DEBUG] Stagnation (normal): 0.0000 → Reward: 0.0
[REWARD DEBUG] Improvement: 0.0003 → Reward: +0.0001
[REWARD DEBUG] Stagnation (normal): 0.0000 → Reward: 0.0
[REWARD DEBUG] Improvement: 0.0002 → Reward: +0.0001
[REWARD DEBUG] Improvement: 0.0000 → Reward: +0.0000
[REWARD DEBUG] Stagnation (normal): 0.0000 → Reward: 0.0
[ACTION DEBUG iter 500] Raw action[1:3]: [-0.9947, 0.9999, 0.0926], noise: 0.0500
[ACTION DEBUG iter 500] WARNING: 8/20 actions clipped (network saturating)
[RLAMPSO DEBUG iter 500] w=0.3080, c1=2.9882, c2=1.7457 | fitness=1999.53
[REWARD DEBUG iter 500] FitnessImprovement: 0.0000 → Reward: +0.0000 (prevFit=1999.53, currFit=1999.53)
[REWARD DEBUG] Stagnation (normal): 0.0000 → Reward: 0.0
[REWARD DEBUG] Stagnation (normal): 0.0000 → Reward: 0.0
[REWARD DEBUG] Stagnation (normal): 0.0000 → Reward: 0.0
[REWARD DEBUG] Stagnation (normal): 0.0000 → Reward: 0.0
[REWARD DEBUG] Stagnation (normal): 0.0000 → Reward: 0.0
[REWARD DEBUG] Stagnation (normal): 0.0000 → Reward: 0.0
[REWARD DEBUG] Stagnation (normal): 0.0000 → Reward: 0.0
[REWARD DEBUG] Stagnation (normal): 0.0000 → Reward: 0.0
[ACTION DEBUG iter 600] Raw action[1:3]: [-0.9951, 0.9999, 0.3242], noise: 0.0500
[ACTION DEBUG iter 600] WARNING: 8/20 actions clipped (network saturating)
[RLAMPSO DEBUG iter 600] w=0.3307, c1=3.0000, c2=1.9172 | fitness=1999.51
[REWARD DEBUG iter 600] FitnessImprovement: 0.0000 → Reward: +0.0000 (prevFit=1999.51, currFit=1999.51)
[Ep   8/1000] Fit:  1999.5 | Avg:  1973.4 | Reward:  +77.5 | Time:  37.6s
          Buffer:  4400 | Noise: 0.0961 | ActorLoss: -1.643e-01 | CriticLoss: 3.957e-03
[REWARD DEBUG] Improvement: 163.3244 → Reward: +1.0000
[REWARD DEBUG] Stagnation (normal): 0.0000 → Reward: 0.0
[REWARD DEBUG] Stagnation (normal): 0.0000 → Reward: 0.0
[REWARD DEBUG] Improvement: 16.7125 → Reward: +0.6241
[REWARD DEBUG] Stagnation (normal): 0.0000 → Reward: 0.0
[REWARD DEBUG] Improvement: 4.3128 → Reward: +0.3627
[REWARD DEBUG] Stagnation (normal): 0.0000 → Reward: 0.0
[REWARD DEBUG] Stagnation (normal): 0.0000 → Reward: 0.0
[REWARD DEBUG] Stagnation (normal): 0.0000 → Reward: 0.0
[REWARD DEBUG] Stagnation (normal): 0.0000 → Reward: 0.0
[REWARD DEBUG] Stagnation (normal): 0.0000 → Reward: 0.0
[ACTION DEBUG iter 100] Raw action[1:3]: [-0.9953, 1.0000, 0.4090], noise: 0.0500
[ACTION DEBUG iter 100] WARNING: 6/20 actions clipped (network saturating)
[RLAMPSO DEBUG iter 100] w=0.3280, c1=2.9401, c2=2.0399 | fitness=2014.79
[REWARD DEBUG iter 100] FitnessImprovement: 0.0000 → Reward: +0.0000 (prevFit=2014.79, currFit=2014.79)
[REWARD DEBUG] Stagnation (normal): 0.0000 → Reward: 0.0
[REWARD DEBUG] Stagnation (normal): 0.0000 → Reward: 0.0
[REWARD DEBUG] Stagnation (normal): 0.0000 → Reward: 0.0
[REWARD DEBUG] Stagnation (normal): 0.0000 → Reward: 0.0
[REWARD DEBUG] Stagnation (normal): 0.0000 → Reward: 0.0
[REWARD DEBUG] Stagnation (normal): 0.0000 → Reward: 0.0
[REWARD DEBUG] Improvement: 0.6471 → Reward: +0.1084
[REWARD DEBUG] Stagnation (normal): 0.0000 → Reward: 0.0
[REWARD DEBUG] Stagnation (normal): 0.0000 → Reward: 0.0
[REWARD DEBUG] Stagnation (normal): 0.0000 → Reward: 0.0
[REWARD DEBUG] Stagnation (normal): 0.0000 → Reward: 0.0
[ACTION DEBUG iter 200] Raw action[1:3]: [-0.9958, 1.0000, 0.6843], noise: 0.0500
[ACTION DEBUG iter 200] WARNING: 6/20 actions clipped (network saturating)
[RLAMPSO DEBUG iter 200] w=0.3015, c1=3.0000, c2=2.5780 | fitness=1944.03
[REWARD DEBUG] Stagnation (normal): 0.0000 → Reward: 0.0
[REWARD DEBUG iter 200] FitnessImprovement: 0.0000 → Reward: +0.0000 (prevFit=1944.03, currFit=1944.03)
[REWARD DEBUG] Stagnation (normal): 0.0000 → Reward: 0.0
[REWARD DEBUG] Stagnation (normal): 0.0000 → Reward: 0.0
[REWARD DEBUG] Stagnation (normal): 0.0000 → Reward: 0.0
[REWARD DEBUG] Stagnation (normal): 0.0000 → Reward: 0.0
[REWARD DEBUG] Stagnation (normal): 0.0000 → Reward: 0.0
[REWARD DEBUG] Stagnation (normal): 0.0000 → Reward: 0.0
[REWARD DEBUG] Stagnation (normal): 0.0000 → Reward: 0.0
[REWARD DEBUG] Stagnation (normal): 0.0000 → Reward: 0.0
[REWARD DEBUG] Stagnation (normal): 0.0000 → Reward: 0.0
[REWARD DEBUG] Stagnation (normal): 0.0000 → Reward: 0.0
[REWARD DEBUG] Stagnation (normal): 0.0000 → Reward: 0.0
[REWARD DEBUG] Stagnation (normal): 0.0000 → Reward: 0.0
[REWARD DEBUG] Stagnation (normal): 0.0000 → Reward: 0.0
[REWARD DEBUG] Stagnation (normal): 0.0000 → Reward: 0.0
[ACTION DEBUG iter 300] Raw action[1:3]: [-0.9965, 1.0000, 0.8196], noise: 0.0500
[ACTION DEBUG iter 300] WARNING: 5/20 actions clipped (network saturating)
[RLAMPSO DEBUG iter 300] w=0.3000, c1=2.9774, c2=2.6922 | fitness=1932.42
[REWARD DEBUG iter 300] FitnessImprovement: 0.0000 → Reward: +0.0000 (prevFit=1932.42, currFit=1932.42)
[REWARD DEBUG] Stagnation (normal): 0.0000 → Reward: 0.0
[REWARD DEBUG] Stagnation (normal): 0.0000 → Reward: 0.0
[REWARD DEBUG] Stagnation (normal): 0.0000 → Reward: 0.0
[REWARD DEBUG] Improvement: 0.0363 → Reward: +0.0077
[REWARD DEBUG] Stagnation (normal): 0.0000 → Reward: 0.0
[REWARD DEBUG] Stagnation (normal): 0.0000 → Reward: 0.0
[REWARD DEBUG] Stagnation (normal): 0.0000 → Reward: 0.0
[REWARD DEBUG] Stagnation (normal): 0.0000 → Reward: 0.0
[REWARD DEBUG] Stagnation (normal): 0.0000 → Reward: 0.0
[REWARD DEBUG] Stagnation (normal): 0.0000 → Reward: 0.0
[REWARD DEBUG] Stagnation (normal): 0.0000 → Reward: 0.0
[ACTION DEBUG iter 400] Raw action[1:3]: [-0.9975, 1.0000, 0.8812], noise: 0.0500
[ACTION DEBUG iter 400] WARNING: 5/20 actions clipped (network saturating)
[RLAMPSO DEBUG iter 400] w=0.3024, c1=3.0000, c2=2.8773 | fitness=1927.33
[REWARD DEBUG] Stagnation (normal): 0.0000 → Reward: 0.0
[REWARD DEBUG iter 400] FitnessImprovement: 0.0000 → Reward: +0.0000 (prevFit=1927.33, currFit=1927.33)
[REWARD DEBUG] Stagnation (normal): 0.0000 → Reward: 0.0
[REWARD DEBUG] Stagnation (normal): 0.0000 → Reward: 0.0
[REWARD DEBUG] Stagnation (normal): 0.0000 → Reward: 0.0
[REWARD DEBUG] Stagnation (normal): 0.0000 → Reward: 0.0
[REWARD DEBUG] Stagnation (normal): 0.0000 → Reward: 0.0
[REWARD DEBUG] Stagnation (normal): 0.0000 → Reward: 0.0
[REWARD DEBUG] Stagnation (normal): 0.0000 → Reward: 0.0
[REWARD DEBUG] Stagnation (normal): 0.0000 → Reward: 0.0
[ACTION DEBUG iter 500] Raw action[1:3]: [-0.9980, 1.0000, 0.8991], noise: 0.0500
[ACTION DEBUG iter 500] WARNING: 8/20 actions clipped (network saturating)
[RLAMPSO DEBUG iter 500] w=0.3000, c1=3.0000, c2=2.8876 | fitness=1927.33
[REWARD DEBUG iter 500] FitnessImprovement: 0.0000 → Reward: +0.0000 (prevFit=1927.33, currFit=1927.33)
[REWARD DEBUG] Stagnation (normal): 0.0000 → Reward: 0.0
[REWARD DEBUG] Stagnation (normal): 0.0000 → Reward: 0.0
[REWARD DEBUG] Stagnation (normal): 0.0000 → Reward: 0.0
[Ep   9/1000] Fit:  1927.3 | Avg:  1968.3 | Reward:  +82.7 | Time:  24.4s
          Buffer:  4878 | Noise: 0.0956 | ActorLoss: -1.821e-01 | CriticLoss: 1.454e-04
[REWARD DEBUG] Improvement: 70.5186 → Reward: +0.9272
[REWARD DEBUG] Improvement: 6.1769 → Reward: +0.4280
[REWARD DEBUG] Stagnation (normal): 0.0000 → Reward: 0.0
[REWARD DEBUG] Stagnation (normal): 0.0000 → Reward: 0.0
[REWARD DEBUG] Stagnation (normal): 0.0000 → Reward: 0.0
[REWARD DEBUG] Stagnation (normal): 0.0000 → Reward: 0.0
[REWARD DEBUG] Stagnation (normal): 0.0000 → Reward: 0.0
[REWARD DEBUG] Stagnation (normal): 0.0000 → Reward: 0.0
[REWARD DEBUG] Stagnation (normal): 0.0000 → Reward: 0.0
[REWARD DEBUG] Stagnation (normal): 0.0000 → Reward: 0.0
[REWARD DEBUG] Stagnation (normal): 0.0000 → Reward: 0.0
[ACTION DEBUG iter 100] Raw action[1:3]: [-0.9981, 1.0000, 0.8993], noise: 0.0500
[ACTION DEBUG iter 100] WARNING: 8/20 actions clipped (network saturating)
[RLAMPSO DEBUG iter 100] w=0.3324, c1=3.0000, c2=2.6908 | fitness=1977.00
[REWARD DEBUG iter 100] FitnessImprovement: 0.0000 → Reward: +0.0000 (prevFit=1977.00, currFit=1977.00)
[REWARD DEBUG] Stagnation (normal): 0.0000 → Reward: 0.0
[REWARD DEBUG] Stagnation (normal): 0.0000 → Reward: 0.0
[REWARD DEBUG] Stagnation (normal): 0.0000 → Reward: 0.0
[REWARD DEBUG] Stagnation (normal): 0.0000 → Reward: 0.0
[REWARD DEBUG] Stagnation (normal): 0.0000 → Reward: 0.0
[REWARD DEBUG] Improvement: 0.7856 → Reward: +0.1259
[REWARD DEBUG] Stagnation (normal): 0.0000 → Reward: 0.0
[REWARD DEBUG] Stagnation (normal): 0.0000 → Reward: 0.0
[REWARD DEBUG] Stagnation (normal): 0.0000 → Reward: 0.0
[REWARD DEBUG] Stagnation (normal): 0.0000 → Reward: 0.0
[REWARD DEBUG] Stagnation (normal): 0.0000 → Reward: 0.0
[ACTION DEBUG iter 200] Raw action[1:3]: [-0.9982, 1.0000, 0.8974], noise: 0.0500
[ACTION DEBUG iter 200] WARNING: 10/20 actions clipped (network saturating)
[RLAMPSO DEBUG iter 200] w=0.3000, c1=3.0000, c2=2.8075 | fitness=1902.94
[REWARD DEBUG iter 200] FitnessImprovement: 0.0000 → Reward: +0.0000 (prevFit=1902.94, currFit=1902.94)
[REWARD DEBUG] Improvement: 1.6854 → Reward: +0.2145
[REWARD DEBUG] Stagnation (normal): 0.0000 → Reward: 0.0
[REWARD DEBUG] Stagnation (normal): 0.0000 → Reward: 0.0
[REWARD DEBUG] Stagnation (normal): 0.0000 → Reward: 0.0
[REWARD DEBUG] Stagnation (normal): 0.0000 → Reward: 0.0
[REWARD DEBUG] Stagnation (normal): 0.0000 → Reward: 0.0
[REWARD DEBUG] Stagnation (normal): 0.0000 → Reward: 0.0
[REWARD DEBUG] Stagnation (normal): 0.0000 → Reward: 0.0
[REWARD DEBUG] Stagnation (normal): 0.0000 → Reward: 0.0
[REWARD DEBUG] Stagnation (normal): 0.0000 → Reward: 0.0
[REWARD DEBUG] Stagnation (normal): 0.0000 → Reward: 0.0
[REWARD DEBUG] Stagnation (normal): 0.0000 → Reward: 0.0
[ACTION DEBUG iter 300] Raw action[1:3]: [-0.9982, 1.0000, 0.9023], noise: 0.0500
[ACTION DEBUG iter 300] WARNING: 9/20 actions clipped (network saturating)
[RLAMPSO DEBUG iter 300] w=0.3000, c1=3.0000, c2=2.8346 | fitness=1876.48
[REWARD DEBUG iter 300] FitnessImprovement: 0.0000 → Reward: +0.0000 (prevFit=1876.48, currFit=1876.48)
[REWARD DEBUG] Stagnation (normal): 0.0000 → Reward: 0.0
[REWARD DEBUG] Stagnation (normal): 0.0000 → Reward: 0.0
[REWARD DEBUG] Stagnation (normal): 0.0000 → Reward: 0.0
[REWARD DEBUG] Stagnation (normal): 0.0000 → Reward: 0.0
[REWARD DEBUG] Stagnation (normal): 0.0000 → Reward: 0.0
[REWARD DEBUG] Stagnation (normal): 0.0000 → Reward: 0.0
[REWARD DEBUG] Stagnation (normal): 0.0000 → Reward: 0.0
[REWARD DEBUG] Stagnation (normal): 0.0000 → Reward: 0.0
[REWARD DEBUG] Stagnation (normal): 0.0000 → Reward: 0.0
[REWARD DEBUG] Stagnation (normal): 0.0000 → Reward: 0.0
[REWARD DEBUG] Stagnation (normal): 0.0000 → Reward: 0.0
[REWARD DEBUG] Stagnation (normal): 0.0000 → Reward: 0.0
[Ep  10/1000] Fit:  1876.5 | Avg:  1959.1 | Reward:  +91.8 | Time:  23.0s
          Buffer:  5205 | Noise: 0.0951 | ActorLoss: -1.841e-01 | CriticLoss: 1.091e-03
[REWARD DEBUG] Improvement: 366.2436 → Reward: +1.0000
[REWARD DEBUG] Stagnation (normal): 0.0000 → Reward: 0.0
[REWARD DEBUG] Improvement: 47.4249 → Reward: +0.8425
[REWARD DEBUG] Improvement: 0.0001 → Reward: +0.0000
[REWARD DEBUG] Stagnation (normal): 0.0000 → Reward: 0.0
[REWARD DEBUG] Stagnation (normal): 0.0000 → Reward: 0.0
[REWARD DEBUG] Stagnation (normal): 0.0000 → Reward: 0.0
[REWARD DEBUG] Stagnation (normal): 0.0000 → Reward: 0.0
[REWARD DEBUG] Stagnation (normal): 0.0000 → Reward: 0.0
[REWARD DEBUG] Stagnation (normal): 0.0000 → Reward: 0.0
[REWARD DEBUG] Stagnation (normal): 0.0000 → Reward: 0.0
[REWARD DEBUG] Stagnation (normal): 0.0000 → Reward: 0.0
[REWARD DEBUG] Stagnation (normal): 0.0000 → Reward: 0.0
[ACTION DEBUG iter 100] Raw action[1:3]: [-0.9985, 1.0000, 0.9275], noise: 0.0500
[ACTION DEBUG iter 100] WARNING: 7/20 actions clipped (network saturating)
[RLAMPSO DEBUG iter 100] w=0.3000, c1=2.9728, c2=2.8691 | fitness=1965.61
[REWARD DEBUG] Stagnation (normal): 0.0000 → Reward: 0.0
[REWARD DEBUG iter 100] FitnessImprovement: 0.0000 → Reward: +0.0000 (prevFit=1965.61, currFit=1965.61)
[REWARD DEBUG] Stagnation (normal): 0.0000 → Reward: 0.0
[REWARD DEBUG] Stagnation (normal): 0.0000 → Reward: 0.0
[REWARD DEBUG] Stagnation (normal): 0.0000 → Reward: 0.0
[REWARD DEBUG] Stagnation (normal): 0.0000 → Reward: 0.0
[REWARD DEBUG] Stagnation (normal): 0.0000 → Reward: 0.0
[REWARD DEBUG] Stagnation (normal): 0.0000 → Reward: 0.0
[REWARD DEBUG] Stagnation (normal): 0.0000 → Reward: 0.0
[REWARD DEBUG] Stagnation (normal): 0.0000 → Reward: 0.0
[REWARD DEBUG] Stagnation (normal): 0.0000 → Reward: 0.0
[ACTION DEBUG iter 200] Raw action[1:3]: [-0.9988, 1.0000, 0.9330], noise: 0.0500
[ACTION DEBUG iter 200] WARNING: 9/20 actions clipped (network saturating)
[RLAMPSO DEBUG iter 200] w=0.3000, c1=2.8635, c2=2.8646 | fitness=1858.03
[REWARD DEBUG iter 200] FitnessImprovement: 0.0000 → Reward: +0.0000 (prevFit=1858.03, currFit=1858.03)
[REWARD DEBUG] Stagnation (normal): 0.0000 → Reward: 0.0
[REWARD DEBUG] Stagnation (normal): 0.0000 → Reward: 0.0
[REWARD DEBUG] Stagnation (normal): 0.0000 → Reward: 0.0
[REWARD DEBUG] Stagnation (normal): 0.0000 → Reward: 0.0
[REWARD DEBUG] Improvement: 1.0104 → Reward: +0.1516
[REWARD DEBUG] Stagnation (normal): 0.0000 → Reward: 0.0
[ACTION DEBUG iter 300] Raw action[1:3]: [-0.9989, 1.0000, 0.9461], noise: 0.0500
[ACTION DEBUG iter 300] WARNING: 10/20 actions clipped (network saturating)
[RLAMPSO DEBUG iter 300] w=0.3000, c1=3.0000, c2=2.8063 | fitness=1841.67
[REWARD DEBUG iter 300] FitnessImprovement: 0.0000 → Reward: +0.0000 (prevFit=1841.67, currFit=1841.67)
[REWARD DEBUG] Stagnation (normal): 0.0000 → Reward: 0.0
[REWARD DEBUG] Stagnation (normal): 0.0000 → Reward: 0.0
[REWARD DEBUG] Stagnation (normal): 0.0000 → Reward: 0.0
[REWARD DEBUG] Stagnation (normal): 0.0000 → Reward: 0.0
[REWARD DEBUG] Stagnation (normal): 0.0000 → Reward: 0.0
[REWARD DEBUG] Stagnation (normal): 0.0000 → Reward: 0.0
[REWARD DEBUG] Stagnation (normal): 0.0000 → Reward: 0.0
[REWARD DEBUG] Stagnation (normal): 0.0000 → Reward: 0.0
[REWARD DEBUG] Stagnation (normal): 0.0000 → Reward: 0.0
[REWARD DEBUG] Stagnation (normal): 0.0000 → Reward: 0.0
[REWARD DEBUG] Stagnation (normal): 0.0000 → Reward: 0.0
[ACTION DEBUG iter 400] Raw action[1:3]: [-0.9990, 1.0000, 0.9519], noise: 0.0500
[ACTION DEBUG iter 400] WARNING: 10/20 actions clipped (network saturating)
[RLAMPSO DEBUG iter 400] w=0.3000, c1=2.9282, c2=3.0000 | fitness=1841.67
[REWARD DEBUG iter 400] FitnessImprovement: 0.0000 → Reward: +0.0000 (prevFit=1841.67, currFit=1841.67)
[REWARD DEBUG] Stagnation (normal): 0.0000 → Reward: 0.0
[REWARD DEBUG] Stagnation (normal): 0.0000 → Reward: 0.0
[REWARD DEBUG] Stagnation (normal): 0.0000 → Reward: 0.0
[REWARD DEBUG] Stagnation (normal): 0.0000 → Reward: 0.0
[REWARD DEBUG] Stagnation (normal): 0.0000 → Reward: 0.0
[Ep  11/1000] Fit:  1841.7 | Avg:  1938.2 | Reward: +112.8 | Time:  27.7s
          Buffer:  5598 | Noise: 0.0946 | ActorLoss: -2.339e-01 | CriticLoss: 9.290e-04
[REWARD DEBUG] Stagnation (normal): 0.0000 → Reward: 0.0
[REWARD DEBUG] Stagnation (normal): 0.0000 → Reward: 0.0
[REWARD DEBUG] Stagnation (normal): 0.0000 → Reward: 0.0
[REWARD DEBUG] Stagnation (normal): 0.0000 → Reward: 0.0
[REWARD DEBUG] Stagnation (normal): 0.0000 → Reward: 0.0
[REWARD DEBUG] Stagnation (normal): 0.0000 → Reward: 0.0
[ACTION DEBUG iter 100] Raw action[1:3]: [-0.9992, 1.0000, 0.9601], noise: 0.0500
[ACTION DEBUG iter 100] WARNING: 9/20 actions clipped (network saturating)
[RLAMPSO DEBUG iter 100] w=0.3000, c1=2.9085, c2=2.9787 | fitness=1985.74
[REWARD DEBUG iter 100] FitnessImprovement: 0.0000 → Reward: +0.0000 (prevFit=1985.74, currFit=1985.74)
[REWARD DEBUG] Stagnation (normal): 0.0000 → Reward: 0.0
[REWARD DEBUG] Stagnation (normal): 0.0000 → Reward: 0.0
[REWARD DEBUG] Stagnation (normal): 0.0000 → Reward: 0.0
[REWARD DEBUG] Stagnation (normal): 0.0000 → Reward: 0.0
[REWARD DEBUG] Stagnation (normal): 0.0000 → Reward: 0.0
[REWARD DEBUG] Stagnation (normal): 0.0000 → Reward: 0.0
[REWARD DEBUG] Stagnation (normal): 0.0000 → Reward: 0.0
[REWARD DEBUG] Stagnation (normal): 0.0000 → Reward: 0.0
[REWARD DEBUG] Stagnation (normal): 0.0000 → Reward: 0.0
[REWARD DEBUG] Stagnation (normal): 0.0000 → Reward: 0.0
[REWARD DEBUG] Stagnation (normal): 0.0000 → Reward: 0.0
[ACTION DEBUG iter 200] Raw action[1:3]: [-0.9993, 1.0000, 0.9679], noise: 0.0500
[ACTION DEBUG iter 200] WARNING: 9/20 actions clipped (network saturating)
[RLAMPSO DEBUG iter 200] w=0.3000, c1=2.9319, c2=2.8053 | fitness=1950.01
[REWARD DEBUG iter 200] FitnessImprovement: 0.0000 → Reward: +0.0000 (prevFit=1950.01, currFit=1950.01)
[REWARD DEBUG] Stagnation (normal): 0.0000 → Reward: 0.0
[REWARD DEBUG] Stagnation (normal): 0.0000 → Reward: 0.0
[REWARD DEBUG] Stagnation (normal): 0.0000 → Reward: 0.0
[REWARD DEBUG] Stagnation (normal): 0.0000 → Reward: 0.0
[REWARD DEBUG] Stagnation (normal): 0.0000 → Reward: 0.0
[REWARD DEBUG] Stagnation (normal): 0.0000 → Reward: 0.0
[REWARD DEBUG] Stagnation (normal): 0.0000 → Reward: 0.0
[REWARD DEBUG] Stagnation (normal): 0.0000 → Reward: 0.0
[REWARD DEBUG] Stagnation (normal): 0.0000 → Reward: 0.0
[REWARD DEBUG] Stagnation (normal): 0.0000 → Reward: 0.0
[REWARD DEBUG] Stagnation (normal): 0.0000 → Reward: 0.0
[REWARD DEBUG] Stagnation (normal): 0.0000 → Reward: 0.0
[ACTION DEBUG iter 300] Raw action[1:3]: [-0.9994, 1.0000, 0.9702], noise: 0.0500
[ACTION DEBUG iter 300] WARNING: 8/20 actions clipped (network saturating)
[RLAMPSO DEBUG iter 300] w=0.3314, c1=2.9972, c2=2.8879 | fitness=1871.85
[REWARD DEBUG iter 300] FitnessImprovement: 0.0000 → Reward: +0.0000 (prevFit=1871.85, currFit=1871.85)
[REWARD DEBUG] Stagnation (normal): 0.0000 → Reward: 0.0
[REWARD DEBUG] Stagnation (normal): 0.0000 → Reward: 0.0
[REWARD DEBUG] Stagnation (normal): 0.0000 → Reward: 0.0
[REWARD DEBUG] Stagnation (normal): 0.0000 → Reward: 0.0
[REWARD DEBUG] Stagnation (normal): 0.0000 → Reward: 0.0
[REWARD DEBUG] Stagnation (normal): 0.0000 → Reward: 0.0
[ACTION DEBUG iter 400] Raw action[1:3]: [-0.9994, 1.0000, 0.9730], noise: 0.0500
[ACTION DEBUG iter 400] WARNING: 7/20 actions clipped (network saturating)
[RLAMPSO DEBUG iter 400] w=0.3000, c1=2.9944, c2=2.9420 | fitness=1871.85
[REWARD DEBUG] Stagnation (normal): 0.0000 → Reward: 0.0
[REWARD DEBUG iter 400] FitnessImprovement: 0.0000 → Reward: +0.0000 (prevFit=1871.85, currFit=1871.85)
[REWARD DEBUG] Stagnation (normal): 0.0000 → Reward: 0.0
[REWARD DEBUG] Stagnation (normal): 0.0000 → Reward: 0.0
[Ep  12/1000] Fit:  1871.9 | Avg:  1933.9 | Reward: +117.1 | Time:  21.0s
          Buffer:  5991 | Noise: 0.0942 | ActorLoss: -3.470e-01 | CriticLoss: 4.998e-04
[REWARD DEBUG] Improvement: 5.4119 → Reward: +0.4035
[REWARD DEBUG] Stagnation (normal): 0.0000 → Reward: 0.0
[REWARD DEBUG] Improvement: 10.7199 → Reward: +0.5345
[REWARD DEBUG] Stagnation (normal): 0.0000 → Reward: 0.0
[REWARD DEBUG] Stagnation (normal): 0.0000 → Reward: 0.0
[REWARD DEBUG] Stagnation (normal): 0.0000 → Reward: 0.0
[REWARD DEBUG] Improvement: 15.2666 → Reward: +0.6056
[ACTION DEBUG iter 100] Raw action[1:3]: [-0.9995, 1.0000, 0.9781], noise: 0.0500
[ACTION DEBUG iter 100] WARNING: 10/20 actions clipped (network saturating)
[RLAMPSO DEBUG iter 100] w=0.3013, c1=3.0000, c2=2.9610 | fitness=1966.51
[REWARD DEBUG iter 100] FitnessImprovement: 0.0000 → Reward: +0.0000 (prevFit=1966.51, currFit=1966.51)
[REWARD DEBUG] Stagnation (normal): 0.0000 → Reward: 0.0
[REWARD DEBUG] Stagnation (normal): 0.0000 → Reward: 0.0
[REWARD DEBUG] Stagnation (normal): 0.0000 → Reward: 0.0
[REWARD DEBUG] Stagnation (normal): 0.0000 → Reward: 0.0
[REWARD DEBUG] Stagnation (normal): 0.0000 → Reward: 0.0
[REWARD DEBUG] Stagnation (normal): 0.0000 → Reward: 0.0
[REWARD DEBUG] Stagnation (normal): 0.0000 → Reward: 0.0
[REWARD DEBUG] Stagnation (normal): 0.0000 → Reward: 0.0
[REWARD DEBUG] Stagnation (normal): 0.0000 → Reward: 0.0
[REWARD DEBUG] Stagnation (normal): 0.0000 → Reward: 0.0
[REWARD DEBUG] Stagnation (normal): 0.0000 → Reward: 0.0
[REWARD DEBUG] Stagnation (normal): 0.0000 → Reward: 0.0
[ACTION DEBUG iter 200] Raw action[1:3]: [-0.9995, 1.0000, 0.9804], noise: 0.0500
[ACTION DEBUG iter 200] WARNING: 7/20 actions clipped (network saturating)
[RLAMPSO DEBUG iter 200] w=0.3049, c1=2.9609, c2=2.9413 | fitness=1918.89
[REWARD DEBUG iter 200] FitnessImprovement: 0.0000 → Reward: +0.0000 (prevFit=1918.89, currFit=1918.89)
[REWARD DEBUG] Stagnation (normal): 0.0000 → Reward: 0.0
[REWARD DEBUG] Stagnation (normal): 0.0000 → Reward: 0.0
[REWARD DEBUG] Stagnation (normal): 0.0000 → Reward: 0.0
[REWARD DEBUG] Stagnation (normal): 0.0000 → Reward: 0.0
[REWARD DEBUG] Stagnation (normal): 0.0000 → Reward: 0.0
[REWARD DEBUG] Stagnation (normal): 0.0000 → Reward: 0.0
[REWARD DEBUG] Stagnation (normal): 0.0000 → Reward: 0.0
[REWARD DEBUG] Stagnation (normal): 0.0000 → Reward: 0.0
[REWARD DEBUG] Stagnation (normal): 0.0000 → Reward: 0.0
[REWARD DEBUG] Stagnation (normal): 0.0000 → Reward: 0.0
[REWARD DEBUG] Stagnation (normal): 0.0000 → Reward: 0.0
[REWARD DEBUG] Stagnation (normal): 0.0000 → Reward: 0.0
[REWARD DEBUG] Stagnation (normal): 0.0000 → Reward: 0.0
[REWARD DEBUG] Stagnation (normal): 0.0000 → Reward: 0.0
[REWARD DEBUG] Stagnation (normal): 0.0000 → Reward: 0.0
[REWARD DEBUG] Stagnation (normal): 0.0000 → Reward: 0.0
[REWARD DEBUG] Stagnation (normal): 0.0000 → Reward: 0.0
[REWARD DEBUG] Stagnation (normal): 0.0000 → Reward: 0.0
[REWARD DEBUG] Improvement: 2.2613 → Reward: +0.2567
[ACTION DEBUG iter 300] Raw action[1:3]: [-0.9995, 1.0000, 0.9801], noise: 0.0500
[ACTION DEBUG iter 300] WARNING: 7/20 actions clipped (network saturating)
[RLAMPSO DEBUG iter 300] w=0.3000, c1=2.9937, c2=2.8866 | fitness=1877.96
[REWARD DEBUG iter 300] FitnessImprovement: 6.3885 → Reward: +0.4343 (prevFit=1877.96, currFit=1871.58)
[REWARD DEBUG] Stagnation (normal): 0.0000 → Reward: 0.0
[REWARD DEBUG] Stagnation (normal): 0.0000 → Reward: 0.0
[REWARD DEBUG] Stagnation (normal): 0.0000 → Reward: 0.0
[REWARD DEBUG] Stagnation (normal): 0.0000 → Reward: 0.0
[REWARD DEBUG] Stagnation (normal): 0.0000 → Reward: 0.0
[REWARD DEBUG] Stagnation (normal): 0.0000 → Reward: 0.0
[REWARD DEBUG] Stagnation (normal): 0.0000 → Reward: 0.0
[REWARD DEBUG] Stagnation (normal): 0.0000 → Reward: 0.0
[ACTION DEBUG iter 400] Raw action[1:3]: [-0.9996, 1.0000, 0.9817], noise: 0.0500
[ACTION DEBUG iter 400] WARNING: 10/20 actions clipped (network saturating)
[RLAMPSO DEBUG iter 400] w=0.3000, c1=3.0000, c2=3.0000 | fitness=1846.81
[REWARD DEBUG iter 400] FitnessImprovement: 0.0000 → Reward: +0.0000 (prevFit=1846.81, currFit=1846.81)
[REWARD DEBUG] Stagnation (normal): 0.0000 → Reward: 0.0
[REWARD DEBUG] Stagnation (normal): 0.0000 → Reward: 0.0
[REWARD DEBUG] Stagnation (normal): 0.0000 → Reward: 0.0
[REWARD DEBUG] Stagnation (normal): 0.0000 → Reward: 0.0
[REWARD DEBUG] Stagnation (normal): 0.0000 → Reward: 0.0
[REWARD DEBUG] Stagnation (normal): 0.0000 → Reward: 0.0
[REWARD DEBUG] Stagnation (normal): 0.0000 → Reward: 0.0
[REWARD DEBUG] Stagnation (normal): 0.0000 → Reward: 0.0
[REWARD DEBUG] Stagnation (normal): 0.0000 → Reward: 0.0
[REWARD DEBUG] Stagnation (normal): 0.0000 → Reward: 0.0
[REWARD DEBUG] Stagnation (normal): 0.0000 → Reward: 0.0
[ACTION DEBUG iter 500] Raw action[1:3]: [-0.9996, 1.0000, 0.9824], noise: 0.0500
[ACTION DEBUG iter 500] WARNING: 10/20 actions clipped (network saturating)
[RLAMPSO DEBUG iter 500] w=0.3000, c1=3.0000, c2=2.9396 | fitness=1835.04
[REWARD DEBUG iter 500] FitnessImprovement: 0.0000 → Reward: +0.0000 (prevFit=1835.04, currFit=1835.04)
[REWARD DEBUG] Stagnation (normal): 0.0000 → Reward: 0.0
[REWARD DEBUG] Stagnation (normal): 0.0000 → Reward: 0.0
[REWARD DEBUG] Stagnation (normal): 0.0000 → Reward: 0.0
[REWARD DEBUG] Stagnation (normal): 0.0000 → Reward: 0.0
[REWARD DEBUG] Stagnation (normal): 0.0000 → Reward: 0.0
[REWARD DEBUG] Stagnation (normal): 0.0000 → Reward: 0.0
[REWARD DEBUG] Stagnation (normal): 0.0000 → Reward: 0.0
[REWARD DEBUG] Stagnation (normal): 0.0000 → Reward: 0.0
[REWARD DEBUG] Stagnation (normal): 0.0000 → Reward: 0.0
[REWARD DEBUG] Stagnation (normal): 0.0000 → Reward: 0.0
[ACTION DEBUG iter 600] Raw action[1:3]: [-0.9996, 1.0000, 0.9814], noise: 0.0500
[ACTION DEBUG iter 600] WARNING: 10/20 actions clipped (network saturating)
[RLAMPSO DEBUG iter 600] w=0.3000, c1=3.0000, c2=2.9348 | fitness=1835.04
[REWARD DEBUG iter 600] FitnessImprovement: 0.0000 → Reward: +0.0000 (prevFit=1835.04, currFit=1835.04)
[Ep  13/1000] Fit:  1835.0 | Avg:  1929.6 | Reward: +121.3 | Time:  44.0s
          Buffer:  6541 | Noise: 0.0937 | ActorLoss: -2.316e-01 | CriticLoss: 2.405e-03
[REWARD DEBUG] Improvement: 241.0858 → Reward: +1.0000
[REWARD DEBUG] Improvement: 144.1265 → Reward: +1.0000
[REWARD DEBUG] Stagnation (normal): 0.0000 → Reward: 0.0
[REWARD DEBUG] Stagnation (normal): 0.0000 → Reward: 0.0
[REWARD DEBUG] Stagnation (normal): 0.0000 → Reward: 0.0
[REWARD DEBUG] Stagnation (normal): 0.0000 → Reward: 0.0
[REWARD DEBUG] Improvement: 2.3833 → Reward: +0.2647
[ACTION DEBUG iter 100] Raw action[1:3]: [-0.9995, 1.0000, 0.9810], noise: 0.0500
[ACTION DEBUG iter 100] WARNING: 7/20 actions clipped (network saturating)
[RLAMPSO DEBUG iter 100] w=0.3192, c1=2.9190, c2=2.9979 | fitness=2053.55
[REWARD DEBUG iter 100] FitnessImprovement: 0.0000 → Reward: +0.0000 (prevFit=2053.55, currFit=2053.55)
[REWARD DEBUG] Stagnation (normal): 0.0000 → Reward: 0.0
[REWARD DEBUG] Stagnation (normal): 0.0000 → Reward: 0.0
[REWARD DEBUG] Stagnation (normal): 0.0000 → Reward: 0.0
[REWARD DEBUG] Stagnation (normal): 0.0000 → Reward: 0.0
[REWARD DEBUG] Stagnation (normal): 0.0000 → Reward: 0.0
[REWARD DEBUG] Stagnation (normal): 0.0000 → Reward: 0.0
[REWARD DEBUG] Stagnation (normal): 0.0000 → Reward: 0.0
[ACTION DEBUG iter 200] Raw action[1:3]: [-0.9995, 1.0000, 0.9845], noise: 0.0500
[ACTION DEBUG iter 200] WARNING: 8/20 actions clipped (network saturating)
[RLAMPSO DEBUG iter 200] w=0.3245, c1=3.0000, c2=3.0000 | fitness=1990.54
[REWARD DEBUG iter 200] FitnessImprovement: 0.0000 → Reward: +0.0000 (prevFit=1990.54, currFit=1990.54)
[REWARD DEBUG] Stagnation (normal): 0.0000 → Reward: 0.0
[REWARD DEBUG] Stagnation (normal): 0.0000 → Reward: 0.0
[REWARD DEBUG] Stagnation (normal): 0.0000 → Reward: 0.0
[REWARD DEBUG] Stagnation (normal): 0.0000 → Reward: 0.0
[REWARD DEBUG] Stagnation (normal): 0.0000 → Reward: 0.0
[REWARD DEBUG] Stagnation (normal): 0.0000 → Reward: 0.0
[REWARD DEBUG] Stagnation (normal): 0.0000 → Reward: 0.0
[REWARD DEBUG] Stagnation (normal): 0.0000 → Reward: 0.0
[REWARD DEBUG] Stagnation (normal): 0.0000 → Reward: 0.0
[ACTION DEBUG iter 300] Raw action[1:3]: [-0.9996, 1.0000, 0.9890], noise: 0.0500
[ACTION DEBUG iter 300] WARNING: 7/20 actions clipped (network saturating)
[RLAMPSO DEBUG iter 300] w=0.3411, c1=2.9698, c2=2.9686 | fitness=1969.65
[REWARD DEBUG iter 300] FitnessImprovement: 0.0000 → Reward: +0.0000 (prevFit=1969.65, currFit=1969.65)
[REWARD DEBUG] Stagnation (normal): 0.0000 → Reward: 0.0
[REWARD DEBUG] Stagnation (normal): 0.0000 → Reward: 0.0
[REWARD DEBUG] Stagnation (normal): 0.0000 → Reward: 0.0
[REWARD DEBUG] Stagnation (normal): 0.0000 → Reward: 0.0
[REWARD DEBUG] Stagnation (normal): 0.0000 → Reward: 0.0
[REWARD DEBUG] Stagnation (normal): 0.0000 → Reward: 0.0
[REWARD DEBUG] Stagnation (normal): 0.0000 → Reward: 0.0
[Ep  14/1000] Fit:  1969.7 | Avg:  1933.4 | Reward: +117.5 | Time:  23.5s
          Buffer:  6859 | Noise: 0.0932 | ActorLoss: -2.362e-01 | CriticLoss: 3.792e-03
[REWARD DEBUG] Stagnation (normal): 0.0000 → Reward: 0.0
[REWARD DEBUG] Improvement: 7.3420 → Reward: +0.4606
[REWARD DEBUG] Stagnation (normal): 0.0000 → Reward: 0.0
[REWARD DEBUG] Stagnation (normal): 0.0000 → Reward: 0.0
[REWARD DEBUG] Stagnation (normal): 0.0000 → Reward: 0.0
[REWARD DEBUG] Stagnation (normal): 0.0000 → Reward: 0.0
[REWARD DEBUG] Stagnation (normal): 0.0000 → Reward: 0.0
[REWARD DEBUG] Improvement: 9.5525 → Reward: +0.5117
[REWARD DEBUG] Stagnation (normal): 0.0000 → Reward: 0.0
[REWARD DEBUG] Stagnation (normal): 0.0000 → Reward: 0.0
[REWARD DEBUG] Stagnation (normal): 0.0000 → Reward: 0.0
[ACTION DEBUG iter 100] Raw action[1:3]: [-0.9996, 1.0000, 0.9906], noise: 0.0500
[ACTION DEBUG iter 100] WARNING: 12/20 actions clipped (network saturating)
[RLAMPSO DEBUG iter 100] w=0.3417, c1=3.0000, c2=3.0000 | fitness=2061.09
[REWARD DEBUG iter 100] FitnessImprovement: 0.0000 → Reward: +0.0000 (prevFit=2061.09, currFit=2061.09)
[REWARD DEBUG] Stagnation (normal): 0.0000 → Reward: 0.0
[REWARD DEBUG] Stagnation (normal): 0.0000 → Reward: 0.0
[REWARD DEBUG] Stagnation (normal): 0.0000 → Reward: 0.0
[REWARD DEBUG] Stagnation (normal): 0.0000 → Reward: 0.0
[REWARD DEBUG] Stagnation (normal): 0.0000 → Reward: 0.0
[REWARD DEBUG] Stagnation (normal): 0.0000 → Reward: 0.0
[REWARD DEBUG] Stagnation (normal): 0.0000 → Reward: 0.0
[ACTION DEBUG iter 200] Raw action[1:3]: [-0.9996, 1.0000, 0.9915], noise: 0.0500
[ACTION DEBUG iter 200] WARNING: 6/20 actions clipped (network saturating)
[RLAMPSO DEBUG iter 200] w=0.3455, c1=2.9846, c2=2.8982 | fitness=2003.58
[REWARD DEBUG iter 200] FitnessImprovement: 0.0000 → Reward: +0.0000 (prevFit=2003.58, currFit=2003.58)
[REWARD DEBUG] Stagnation (normal): 0.0000 → Reward: 0.0
[REWARD DEBUG] Stagnation (normal): 0.0000 → Reward: 0.0
[REWARD DEBUG] Stagnation (normal): 0.0000 → Reward: 0.0
[REWARD DEBUG] Stagnation (normal): 0.0000 → Reward: 0.0
[REWARD DEBUG] Stagnation (normal): 0.0000 → Reward: 0.0
[REWARD DEBUG] Stagnation (normal): 0.0000 → Reward: 0.0
[REWARD DEBUG] Stagnation (normal): 0.0000 → Reward: 0.0
[REWARD DEBUG] Stagnation (normal): 0.0000 → Reward: 0.0
[ACTION DEBUG iter 300] Raw action[1:3]: [-0.9996, 1.0000, 0.9924], noise: 0.0500
[ACTION DEBUG iter 300] WARNING: 6/20 actions clipped (network saturating)
[RLAMPSO DEBUG iter 300] w=0.3102, c1=2.9368, c2=3.0000 | fitness=1972.71
[REWARD DEBUG iter 300] FitnessImprovement: 0.0000 → Reward: +0.0000 (prevFit=1972.71, currFit=1972.71)
[REWARD DEBUG] Stagnation (normal): 0.0000 → Reward: 0.0
[REWARD DEBUG] Stagnation (normal): 0.0000 → Reward: 0.0
[REWARD DEBUG] Stagnation (normal): 0.0000 → Reward: 0.0
[REWARD DEBUG] Stagnation (normal): 0.0000 → Reward: 0.0
[REWARD DEBUG] Stagnation (normal): 0.0000 → Reward: 0.0
[REWARD DEBUG] Stagnation (normal): 0.0000 → Reward: 0.0
[REWARD DEBUG] Improvement: 25.1517 → Reward: +0.7087
[REWARD DEBUG] Stagnation (normal): 0.0000 → Reward: 0.0
[ACTION DEBUG iter 400] Raw action[1:3]: [-0.9997, 1.0000, 0.9932], noise: 0.0500
[ACTION DEBUG iter 400] WARNING: 6/20 actions clipped (network saturating)
[RLAMPSO DEBUG iter 400] w=0.3132, c1=3.0000, c2=2.9034 | fitness=1922.65
[REWARD DEBUG iter 400] FitnessImprovement: 0.0000 → Reward: +0.0000 (prevFit=1922.65, currFit=1922.65)
[REWARD DEBUG] Stagnation (normal): 0.0000 → Reward: 0.0
[REWARD DEBUG] Stagnation (normal): 0.0000 → Reward: 0.0
[REWARD DEBUG] Stagnation (normal): 0.0000 → Reward: 0.0
[REWARD DEBUG] Stagnation (normal): 0.0000 → Reward: 0.0
[REWARD DEBUG] Stagnation (normal): 0.0000 → Reward: 0.0
[REWARD DEBUG] Stagnation (normal): 0.0000 → Reward: 0.0
[REWARD DEBUG] Stagnation (normal): 0.0000 → Reward: 0.0
[REWARD DEBUG] Stagnation (normal): 0.0000 → Reward: 0.0
[REWARD DEBUG] Stagnation (normal): 0.0000 → Reward: 0.0
[ACTION DEBUG iter 500] Raw action[1:3]: [-0.9997, 1.0000, 0.9938], noise: 0.0500
[ACTION DEBUG iter 500] WARNING: 9/20 actions clipped (network saturating)
[RLAMPSO DEBUG iter 500] w=0.3000, c1=2.9989, c2=2.8841 | fitness=1848.15
[REWARD DEBUG iter 500] FitnessImprovement: 0.0000 → Reward: +0.0000 (prevFit=1848.15, currFit=1848.15)
[REWARD DEBUG] Stagnation (normal): 0.0000 → Reward: 0.0
[REWARD DEBUG] Stagnation (normal): 0.0000 → Reward: 0.0
[REWARD DEBUG] Stagnation (normal): 0.0000 → Reward: 0.0
[REWARD DEBUG] Stagnation (normal): 0.0000 → Reward: 0.0
[REWARD DEBUG] Stagnation (normal): 0.0000 → Reward: 0.0
[REWARD DEBUG] Stagnation (normal): 0.0000 → Reward: 0.0
[REWARD DEBUG] Stagnation (normal): 0.0000 → Reward: 0.0
[REWARD DEBUG] Stagnation (normal): 0.0000 → Reward: 0.0
[REWARD DEBUG] Stagnation (normal): 0.0000 → Reward: 0.0
[ACTION DEBUG iter 600] Raw action[1:3]: [-0.9997, 1.0000, 0.9941], noise: 0.0500
[ACTION DEBUG iter 600] WARNING: 7/20 actions clipped (network saturating)
[RLAMPSO DEBUG iter 600] w=0.3138, c1=3.0000, c2=2.9811 | fitness=1848.15
[REWARD DEBUG iter 600] FitnessImprovement: 0.0000 → Reward: +0.0000 (prevFit=1848.15, currFit=1848.15)
[Ep  15/1000] Fit:  1848.2 | Avg:  1927.3 | Reward: +123.6 | Time:  49.1s
          Buffer:  7409 | Noise: 0.0928 | ActorLoss: -2.689e-01 | CriticLoss: 2.360e-03
[REWARD DEBUG] Stagnation (normal): 0.0000 → Reward: 0.0
[REWARD DEBUG] Stagnation (normal): 0.0000 → Reward: 0.0
[REWARD DEBUG] Stagnation (normal): 0.0000 → Reward: 0.0
[REWARD DEBUG] Stagnation (normal): 0.0000 → Reward: 0.0
[REWARD DEBUG] Improvement: 3.1684 → Reward: +0.3100
[REWARD DEBUG] Stagnation (normal): 0.0000 → Reward: 0.0
[REWARD DEBUG] Stagnation (normal): 0.0000 → Reward: 0.0
[REWARD DEBUG] Stagnation (normal): 0.0000 → Reward: 0.0
[ACTION DEBUG iter 100] Raw action[1:3]: [-0.9997, 1.0000, 0.9941], noise: 0.0500
[ACTION DEBUG iter 100] WARNING: 7/20 actions clipped (network saturating)
[RLAMPSO DEBUG iter 100] w=0.3000, c1=3.0000, c2=2.9041 | fitness=1947.24
[REWARD DEBUG iter 100] FitnessImprovement: 5.9736 → Reward: +0.4217 (prevFit=1947.24, currFit=1941.26)
[REWARD DEBUG] Stagnation (normal): 0.0000 → Reward: 0.0
[REWARD DEBUG] Stagnation (normal): 0.0000 → Reward: 0.0
[REWARD DEBUG] Stagnation (normal): 0.0000 → Reward: 0.0
[REWARD DEBUG] Stagnation (normal): 0.0000 → Reward: 0.0
[REWARD DEBUG] Stagnation (normal): 0.0000 → Reward: 0.0
[REWARD DEBUG] Stagnation (normal): 0.0000 → Reward: 0.0
[REWARD DEBUG] Stagnation (normal): 0.0000 → Reward: 0.0
[REWARD DEBUG] Stagnation (normal): 0.0000 → Reward: 0.0
[REWARD DEBUG] Stagnation (normal): 0.0000 → Reward: 0.0
[REWARD DEBUG] Stagnation (normal): 0.0000 → Reward: 0.0
[ACTION DEBUG iter 200] Raw action[1:3]: [-0.9996, 1.0000, 0.9940], noise: 0.0500
[ACTION DEBUG iter 200] WARNING: 7/20 actions clipped (network saturating)
[RLAMPSO DEBUG iter 200] w=0.3088, c1=2.9346, c2=2.9214 | fitness=1912.74
[REWARD DEBUG iter 200] FitnessImprovement: 0.0000 → Reward: +0.0000 (prevFit=1912.74, currFit=1912.74)
[REWARD DEBUG] Stagnation (normal): 0.0000 → Reward: 0.0
[REWARD DEBUG] Stagnation (normal): 0.0000 → Reward: 0.0
[REWARD DEBUG] Stagnation (normal): 0.0000 → Reward: 0.0
[REWARD DEBUG] Stagnation (normal): 0.0000 → Reward: 0.0
[REWARD DEBUG] Stagnation (normal): 0.0000 → Reward: 0.0
[REWARD DEBUG] Stagnation (normal): 0.0000 → Reward: 0.0
[REWARD DEBUG] Stagnation (normal): 0.0000 → Reward: 0.0
[REWARD DEBUG] Stagnation (normal): 0.0000 → Reward: 0.0
[REWARD DEBUG] Stagnation (normal): 0.0000 → Reward: 0.0
[REWARD DEBUG] Stagnation (normal): 0.0000 → Reward: 0.0
[REWARD DEBUG] Stagnation (normal): 0.0000 → Reward: 0.0
[REWARD DEBUG] Stagnation (normal): 0.0000 → Reward: 0.0
[ACTION DEBUG iter 300] Raw action[1:3]: [-0.9995, 1.0000, 0.9938], noise: 0.0500
[ACTION DEBUG iter 300] WARNING: 6/20 actions clipped (network saturating)
[RLAMPSO DEBUG iter 300] w=0.3225, c1=3.0000, c2=2.9454 | fitness=1906.76
[REWARD DEBUG iter 300] FitnessImprovement: 0.0000 → Reward: +0.0000 (prevFit=1906.76, currFit=1906.76)
[REWARD DEBUG] Stagnation (normal): 0.0000 → Reward: 0.0
[REWARD DEBUG] Stagnation (normal): 0.0000 → Reward: 0.0
[REWARD DEBUG] Stagnation (normal): 0.0000 → Reward: 0.0
[REWARD DEBUG] Stagnation (normal): 0.0000 → Reward: 0.0
[REWARD DEBUG] Stagnation (normal): 0.0000 → Reward: 0.0
[REWARD DEBUG] Stagnation (normal): 0.0000 → Reward: 0.0
[REWARD DEBUG] Stagnation (normal): 0.0000 → Reward: 0.0
[REWARD DEBUG] Stagnation (normal): 0.0000 → Reward: 0.0
[ACTION DEBUG iter 400] Raw action[1:3]: [-0.9993, 1.0000, 0.9925], noise: 0.0500
[ACTION DEBUG iter 400] WARNING: 7/20 actions clipped (network saturating)
[RLAMPSO DEBUG iter 400] w=0.3093, c1=3.0000, c2=3.0000 | fitness=1906.76
[REWARD DEBUG iter 400] FitnessImprovement: 0.0000 → Reward: +0.0000 (prevFit=1906.76, currFit=1906.76)
[REWARD DEBUG] Stagnation (normal): 0.0000 → Reward: 0.0
[REWARD DEBUG] Stagnation (normal): 0.0000 → Reward: 0.0
[REWARD DEBUG] Stagnation (normal): 0.0000 → Reward: 0.0
[REWARD DEBUG] Stagnation (normal): 0.0000 → Reward: 0.0
[REWARD DEBUG] Stagnation (normal): 0.0000 → Reward: 0.0
[REWARD DEBUG] Stagnation (normal): 0.0000 → Reward: 0.0
[REWARD DEBUG] Stagnation (normal): 0.0000 → Reward: 0.0
[REWARD DEBUG] Stagnation (normal): 0.0000 → Reward: 0.0
[REWARD DEBUG] Stagnation (normal): 0.0000 → Reward: 0.0
[REWARD DEBUG] Stagnation (normal): 0.0000 → Reward: 0.0
[REWARD DEBUG] Stagnation (normal): 0.0000 → Reward: 0.0
[REWARD DEBUG] Stagnation (normal): 0.0000 → Reward: 0.0
[ACTION DEBUG iter 500] Raw action[1:3]: [-0.9995, 1.0000, 0.9939], noise: 0.0500
[ACTION DEBUG iter 500] WARNING: 12/20 actions clipped (network saturating)
[RLAMPSO DEBUG iter 500] w=0.3000, c1=3.0000, c2=3.0000 | fitness=1864.47
[REWARD DEBUG iter 500] FitnessImprovement: 0.0000 → Reward: +0.0000 (prevFit=1864.47, currFit=1864.47)
[REWARD DEBUG] Stagnation (normal): 0.0000 → Reward: 0.0
[REWARD DEBUG] Stagnation (normal): 0.0000 → Reward: 0.0
[REWARD DEBUG] Stagnation (normal): 0.0000 → Reward: 0.0
[REWARD DEBUG] Stagnation (normal): 0.0000 → Reward: 0.0
[REWARD DEBUG] Stagnation (normal): 0.0000 → Reward: 0.0
[REWARD DEBUG] Stagnation (normal): 0.0000 → Reward: 0.0
[REWARD DEBUG] Stagnation (normal): 0.0000 → Reward: 0.0
[ACTION DEBUG iter 600] Raw action[1:3]: [-0.9997, 1.0000, 0.9955], noise: 0.0500
[ACTION DEBUG iter 600] WARNING: 7/20 actions clipped (network saturating)
[RLAMPSO DEBUG iter 600] w=0.3162, c1=2.9405, c2=3.0000 | fitness=1864.47
[REWARD DEBUG iter 600] FitnessImprovement: 0.0000 → Reward: +0.0000 (prevFit=1864.47, currFit=1864.47)
[Ep  16/1000] Fit:  1864.5 | Avg:  1911.6 | Reward: +139.3 | Time:  46.9s
          Buffer:  7959 | Noise: 0.0923 | ActorLoss: -2.938e-01 | CriticLoss: 1.749e-03
[REWARD DEBUG] Improvement: 143.6633 → Reward: +1.0000
[REWARD DEBUG] Improvement: 30.5229 → Reward: +0.7493
[REWARD DEBUG] Stagnation (normal): 0.0000 → Reward: 0.0
[REWARD DEBUG] Stagnation (normal): 0.0000 → Reward: 0.0
[REWARD DEBUG] Stagnation (normal): 0.0000 → Reward: 0.0
[REWARD DEBUG] Stagnation (normal): 0.0000 → Reward: 0.0
[REWARD DEBUG] Stagnation (normal): 0.0000 → Reward: 0.0
[REWARD DEBUG] Stagnation (normal): 0.0000 → Reward: 0.0
[REWARD DEBUG] Stagnation (normal): 0.0000 → Reward: 0.0
[ACTION DEBUG iter 100] Raw action[1:3]: [-0.9997, 1.0000, 0.9961], noise: 0.0500
[ACTION DEBUG iter 100] WARNING: 8/20 actions clipped (network saturating)
[RLAMPSO DEBUG iter 100] w=0.3000, c1=2.9816, c2=2.9934 | fitness=2070.91
[REWARD DEBUG] Stagnation (normal): 0.0000 → Reward: 0.0
[REWARD DEBUG iter 100] FitnessImprovement: 0.0000 → Reward: +0.0000 (prevFit=2070.91, currFit=2070.91)
[REWARD DEBUG] Stagnation (normal): 0.0000 → Reward: 0.0
[REWARD DEBUG] Stagnation (normal): 0.0000 → Reward: 0.0
[REWARD DEBUG] Stagnation (normal): 0.0000 → Reward: 0.0
[REWARD DEBUG] Stagnation (normal): 0.0000 → Reward: 0.0
[REWARD DEBUG] Stagnation (normal): 0.0000 → Reward: 0.0
[REWARD DEBUG] Stagnation (normal): 0.0000 → Reward: 0.0
[REWARD DEBUG] Stagnation (normal): 0.0000 → Reward: 0.0
[REWARD DEBUG] Stagnation (normal): 0.0000 → Reward: 0.0
[ACTION DEBUG iter 200] Raw action[1:3]: [-0.9998, 1.0000, 0.9968], noise: 0.0500
[ACTION DEBUG iter 200] WARNING: 7/20 actions clipped (network saturating)
[RLAMPSO DEBUG iter 200] w=0.3041, c1=2.8727, c2=2.7932 | fitness=2070.91
[REWARD DEBUG iter 200] FitnessImprovement: 0.0000 → Reward: +0.0000 (prevFit=2070.91, currFit=2070.91)
[REWARD DEBUG] Stagnation (normal): 0.0000 → Reward: 0.0
[Ep  17/1000] Fit:  2070.9 | Avg:  1910.5 | Reward: +140.4 | Time:  11.1s
          Buffer:  8119 | Noise: 0.0918 | ActorLoss: -9.595e-01 | CriticLoss: 7.140e-03
[REWARD DEBUG] Stagnation (normal): 0.0000 → Reward: 0.0
[REWARD DEBUG] Stagnation (normal): 0.0000 → Reward: 0.0
[REWARD DEBUG] Stagnation (normal): 0.0000 → Reward: 0.0
[REWARD DEBUG] Stagnation (normal): 0.0000 → Reward: 0.0
[REWARD DEBUG] Stagnation (normal): 0.0000 → Reward: 0.0
[REWARD DEBUG] Stagnation (normal): 0.0000 → Reward: 0.0
[REWARD DEBUG] Stagnation (normal): 0.0000 → Reward: 0.0
[REWARD DEBUG] Stagnation (normal): 0.0000 → Reward: 0.0
[REWARD DEBUG] Stagnation (normal): 0.0000 → Reward: 0.0
[REWARD DEBUG] Stagnation (normal): 0.0000 → Reward: 0.0
[ACTION DEBUG iter 100] Raw action[1:3]: [-0.9998, 1.0000, 0.9964], noise: 0.0500
[ACTION DEBUG iter 100] WARNING: 6/20 actions clipped (network saturating)
[RLAMPSO DEBUG iter 100] w=0.3270, c1=2.8621, c2=2.9707 | fitness=1985.13
[REWARD DEBUG iter 100] FitnessImprovement: 0.0000 → Reward: +0.0000 (prevFit=1985.13, currFit=1985.13)
[REWARD DEBUG] Stagnation (normal): 0.0000 → Reward: 0.0
[REWARD DEBUG] Stagnation (normal): 0.0000 → Reward: 0.0
[REWARD DEBUG] Stagnation (normal): 0.0000 → Reward: 0.0
[REWARD DEBUG] Stagnation (normal): 0.0000 → Reward: 0.0
[REWARD DEBUG] Stagnation (normal): 0.0000 → Reward: 0.0
[REWARD DEBUG] Stagnation (normal): 0.0000 → Reward: 0.0
[REWARD DEBUG] Stagnation (normal): 0.0000 → Reward: 0.0
[REWARD DEBUG] Stagnation (normal): 0.0000 → Reward: 0.0
[REWARD DEBUG] Stagnation (normal): 0.0000 → Reward: 0.0
[ACTION DEBUG iter 200] Raw action[1:3]: [-0.9998, 1.0000, 0.9970], noise: 0.0500
[ACTION DEBUG iter 200] WARNING: 11/20 actions clipped (network saturating)
[RLAMPSO DEBUG iter 200] w=0.3000, c1=2.9766, c2=2.9413 | fitness=1985.13
[REWARD DEBUG iter 200] FitnessImprovement: 0.0000 → Reward: +0.0000 (prevFit=1985.13, currFit=1985.13)
[REWARD DEBUG] Stagnation (normal): 0.0000 → Reward: 0.0
[REWARD DEBUG] Stagnation (normal): 0.0000 → Reward: 0.0
[REWARD DEBUG] Stagnation (normal): 0.0000 → Reward: 0.0
[REWARD DEBUG] Stagnation (normal): 0.0000 → Reward: 0.0
[Ep  18/1000] Fit:  1985.1 | Avg:  1909.1 | Reward: +141.8 | Time:  13.5s
          Buffer:  8307 | Noise: 0.0914 | ActorLoss: -2.710e-01 | CriticLoss: 5.294e-04
[REWARD DEBUG] Stagnation (normal): 0.0000 → Reward: 0.0
[REWARD DEBUG] Stagnation (normal): 0.0000 → Reward: 0.0
[REWARD DEBUG] Stagnation (normal): 0.0000 → Reward: 0.0
[REWARD DEBUG] Stagnation (normal): 0.0000 → Reward: 0.0
[REWARD DEBUG] Stagnation (normal): 0.0000 → Reward: 0.0
[ACTION DEBUG iter 100] Raw action[1:3]: [-0.9999, 1.0000, 0.9976], noise: 0.0500
[ACTION DEBUG iter 100] WARNING: 10/20 actions clipped (network saturating)
[RLAMPSO DEBUG iter 100] w=0.3000, c1=3.0000, c2=3.0000 | fitness=1932.97
[REWARD DEBUG iter 100] FitnessImprovement: 0.0000 → Reward: +0.0000 (prevFit=1932.97, currFit=1932.97)
[REWARD DEBUG] Stagnation (normal): 0.0000 → Reward: 0.0
[REWARD DEBUG] Stagnation (normal): 0.0000 → Reward: 0.0
[REWARD DEBUG] Stagnation (normal): 0.0000 → Reward: 0.0
[REWARD DEBUG] Stagnation (normal): 0.0000 → Reward: 0.0
[REWARD DEBUG] Stagnation (normal): 0.0000 → Reward: 0.0
[REWARD DEBUG] Stagnation (normal): 0.0000 → Reward: 0.0
[REWARD DEBUG] Stagnation (normal): 0.0000 → Reward: 0.0
[REWARD DEBUG] Stagnation (normal): 0.0000 → Reward: 0.0
[REWARD DEBUG] Stagnation (normal): 0.0000 → Reward: 0.0
[REWARD DEBUG] Stagnation (normal): 0.0000 → Reward: 0.0
[REWARD DEBUG] Stagnation (normal): 0.0000 → Reward: 0.0
[REWARD DEBUG] Stagnation (normal): 0.0000 → Reward: 0.0
[REWARD DEBUG] Stagnation (normal): 0.0000 → Reward: 0.0
[REWARD DEBUG] Stagnation (normal): 0.0000 → Reward: 0.0
[REWARD DEBUG] Stagnation (normal): 0.0000 → Reward: 0.0
[ACTION DEBUG iter 200] Raw action[1:3]: [-0.9999, 1.0000, 0.9980], noise: 0.0500
[ACTION DEBUG iter 200] WARNING: 12/20 actions clipped (network saturating)
[RLAMPSO DEBUG iter 200] w=0.3165, c1=2.9687, c2=3.0000 | fitness=1932.97
[REWARD DEBUG iter 200] FitnessImprovement: 0.0000 → Reward: +0.0000 (prevFit=1932.97, currFit=1932.97)
[Ep  19/1000] Fit:  1933.0 | Avg:  1909.6 | Reward: +141.3 | Time:  15.1s
          Buffer:  8457 | Noise: 0.0909 | ActorLoss: -2.995e-01 | CriticLoss: 4.587e-03
[REWARD DEBUG] Improvement: 144.8071 → Reward: +1.0000
[REWARD DEBUG] Stagnation (normal): 0.0000 → Reward: 0.0
[REWARD DEBUG] Improvement: 65.6916 → Reward: +0.9120
[REWARD DEBUG] Stagnation (normal): 0.0000 → Reward: 0.0
[REWARD DEBUG] Stagnation (normal): 0.0000 → Reward: 0.0
[REWARD DEBUG] Stagnation (normal): 0.0000 → Reward: 0.0
[REWARD DEBUG] Stagnation (normal): 0.0000 → Reward: 0.0
[REWARD DEBUG] Stagnation (normal): 0.0000 → Reward: 0.0
[REWARD DEBUG] Stagnation (normal): 0.0000 → Reward: 0.0
[REWARD DEBUG] Stagnation (normal): 0.0000 → Reward: 0.0
[REWARD DEBUG] Stagnation (normal): 0.0000 → Reward: 0.0
[REWARD DEBUG] Stagnation (normal): 0.0000 → Reward: 0.0
[REWARD DEBUG] Stagnation (normal): 0.0000 → Reward: 0.0
[REWARD DEBUG] Stagnation (normal): 0.0000 → Reward: 0.0
[ACTION DEBUG iter 100] Raw action[1:3]: [-0.9999, 1.0000, 0.9982], noise: 0.0500
[ACTION DEBUG iter 100] WARNING: 11/20 actions clipped (network saturating)
[RLAMPSO DEBUG iter 100] w=0.3394, c1=2.9447, c2=2.9803 | fitness=1915.79
[REWARD DEBUG iter 100] FitnessImprovement: 0.0000 → Reward: +0.0000 (prevFit=1915.79, currFit=1915.79)
[REWARD DEBUG] Stagnation (normal): 0.0000 → Reward: 0.0
[REWARD DEBUG] Stagnation (normal): 0.0000 → Reward: 0.0
[REWARD DEBUG] Stagnation (normal): 0.0000 → Reward: 0.0
[REWARD DEBUG] Stagnation (normal): 0.0000 → Reward: 0.0
[REWARD DEBUG] Stagnation (normal): 0.0000 → Reward: 0.0
[REWARD DEBUG] Stagnation (normal): 0.0000 → Reward: 0.0
[REWARD DEBUG] Stagnation (normal): 0.0000 → Reward: 0.0
[REWARD DEBUG] Stagnation (normal): 0.0000 → Reward: 0.0
[REWARD DEBUG] Stagnation (normal): 0.0000 → Reward: 0.0
[ACTION DEBUG iter 200] Raw action[1:3]: [-0.9999, 1.0000, 0.9984], noise: 0.0500
[ACTION DEBUG iter 200] WARNING: 9/20 actions clipped (network saturating)
[RLAMPSO DEBUG iter 200] w=0.3059, c1=2.9854, c2=2.8752 | fitness=1875.56
[REWARD DEBUG iter 200] FitnessImprovement: 0.0000 → Reward: +0.0000 (prevFit=1875.56, currFit=1875.56)
[REWARD DEBUG] Stagnation (normal): 0.0000 → Reward: 0.0
[REWARD DEBUG] Stagnation (normal): 0.0000 → Reward: 0.0
[REWARD DEBUG] Stagnation (normal): 0.0000 → Reward: 0.0
[REWARD DEBUG] Improvement: 9.8463 → Reward: +0.5176
[REWARD DEBUG] Stagnation (normal): 0.0000 → Reward: 0.0
[REWARD DEBUG] Stagnation (normal): 0.0000 → Reward: 0.0
[REWARD DEBUG] Stagnation (normal): 0.0000 → Reward: 0.0
[REWARD DEBUG] Stagnation (normal): 0.0000 → Reward: 0.0
[REWARD DEBUG] Stagnation (normal): 0.0000 → Reward: 0.0
[REWARD DEBUG] Stagnation (normal): 0.0000 → Reward: 0.0
[REWARD DEBUG] Stagnation (normal): 0.0000 → Reward: 0.0
[ACTION DEBUG iter 300] Raw action[1:3]: [-0.9999, 1.0000, 0.9987], noise: 0.0500
[ACTION DEBUG iter 300] WARNING: 11/20 actions clipped (network saturating)
[RLAMPSO DEBUG iter 300] w=0.3000, c1=3.0000, c2=2.9916 | fitness=1865.72
[REWARD DEBUG iter 300] FitnessImprovement: 0.0000 → Reward: +0.0000 (prevFit=1865.72, currFit=1865.72)
[REWARD DEBUG] Stagnation (normal): 0.0000 → Reward: 0.0
[REWARD DEBUG] Stagnation (normal): 0.0000 → Reward: 0.0
[REWARD DEBUG] Stagnation (normal): 0.0000 → Reward: 0.0
[REWARD DEBUG] Stagnation (normal): 0.0000 → Reward: 0.0
[REWARD DEBUG] Stagnation (normal): 0.0000 → Reward: 0.0
[REWARD DEBUG] Stagnation (normal): 0.0000 → Reward: 0.0
[REWARD DEBUG] Stagnation (normal): 0.0000 → Reward: 0.0
[REWARD DEBUG] Stagnation (normal): 0.0000 → Reward: 0.0
[ACTION DEBUG iter 400] Raw action[1:3]: [-0.9999, 1.0000, 0.9988], noise: 0.0500
[ACTION DEBUG iter 400] WARNING: 11/20 actions clipped (network saturating)
[RLAMPSO DEBUG iter 400] w=0.3464, c1=2.8737, c2=2.8462 | fitness=1827.98
[REWARD DEBUG iter 400] FitnessImprovement: 0.0000 → Reward: +0.0000 (prevFit=1827.98, currFit=1827.98)
[REWARD DEBUG] Stagnation (normal): 0.0000 → Reward: 0.0
[REWARD DEBUG] Stagnation (normal): 0.0000 → Reward: 0.0
[REWARD DEBUG] Stagnation (normal): 0.0000 → Reward: 0.0
[REWARD DEBUG] Stagnation (normal): 0.0000 → Reward: 0.0
[REWARD DEBUG] Stagnation (normal): 0.0000 → Reward: 0.0
[REWARD DEBUG] Stagnation (normal): 0.0000 → Reward: 0.0
[ACTION DEBUG iter 500] Raw action[1:3]: [-0.9999, 1.0000, 0.9988], noise: 0.0500
[ACTION DEBUG iter 500] WARNING: 12/20 actions clipped (network saturating)
[RLAMPSO DEBUG iter 500] w=0.3000, c1=2.9067, c2=2.9617 | fitness=1820.49
[REWARD DEBUG iter 500] FitnessImprovement: 0.0000 → Reward: +0.0000 (prevFit=1820.49, currFit=1820.49)
[REWARD DEBUG] Stagnation (normal): 0.0000 → Reward: 0.0
[REWARD DEBUG] Stagnation (normal): 0.0000 → Reward: 0.0
[REWARD DEBUG] Stagnation (normal): 0.0000 → Reward: 0.0
[REWARD DEBUG] Stagnation (normal): 0.0000 → Reward: 0.0
[REWARD DEBUG] Stagnation (normal): 0.0000 → Reward: 0.0
[REWARD DEBUG] Stagnation (normal): 0.0000 → Reward: 0.0
[REWARD DEBUG] Stagnation (normal): 0.0000 → Reward: 0.0
[REWARD DEBUG] Stagnation (normal): 0.0000 → Reward: 0.0
[REWARD DEBUG] Stagnation (normal): 0.0000 → Reward: 0.0
[REWARD DEBUG] Stagnation (normal): 0.0000 → Reward: 0.0
[ACTION DEBUG iter 600] Raw action[1:3]: [-0.9999, 1.0000, 0.9988], noise: 0.0500
[ACTION DEBUG iter 600] WARNING: 11/20 actions clipped (network saturating)
[RLAMPSO DEBUG iter 600] w=0.3000, c1=2.8149, c2=3.0000 | fitness=1800.27
[REWARD DEBUG iter 600] FitnessImprovement: 0.0000 → Reward: +0.0000 (prevFit=1800.27, currFit=1800.27)

=== CURRICULUM ADVANCEMENT ===
Advanced from Level 1 (Easy) to Level 2 (Medium)
Success Rate: 100.0% (threshold: 80.0%)
Total Episodes: 20
==============================

[Ep  20/1000] Fit:  1800.3 | Avg:  1902.0 | Reward: +148.9 | Time:  52.5s
          Buffer:  9007 | Noise: 0.0905 | ActorLoss: -2.235e-01 | CriticLoss: 3.767e-02
[REWARD DEBUG] Improvement: 15.8149 → Reward: +0.6128
[REWARD DEBUG] Stagnation (normal): 0.0000 → Reward: 0.0
[REWARD DEBUG] Stagnation (normal): 0.0000 → Reward: 0.0
[REWARD DEBUG] Stagnation (normal): 0.0000 → Reward: 0.0
[REWARD DEBUG] Stagnation (normal): 0.0000 → Reward: 0.0
[REWARD DEBUG] Stagnation (normal): 0.0000 → Reward: 0.0
[REWARD DEBUG] Stagnation (normal): 0.0000 → Reward: 0.0
[REWARD DEBUG] Stagnation (normal): 0.0000 → Reward: 0.0
[REWARD DEBUG] Stagnation (normal): 0.0000 → Reward: 0.0
[ACTION DEBUG iter 100] Raw action[1:3]: [-0.9999, 1.0000, 0.9988], noise: 0.0500
[ACTION DEBUG iter 100] WARNING: 11/20 actions clipped (network saturating)
[RLAMPSO DEBUG iter 100] w=0.3106, c1=3.0000, c2=3.0000 | fitness=1894.50
[REWARD DEBUG iter 100] FitnessImprovement: 0.0000 → Reward: +0.0000 (prevFit=1894.50, currFit=1894.50)
[REWARD DEBUG] Stagnation (normal): 0.0000 → Reward: 0.0
[REWARD DEBUG] Stagnation (normal): 0.0000 → Reward: 0.0
[REWARD DEBUG] Stagnation (normal): 0.0000 → Reward: 0.0
[REWARD DEBUG] Stagnation (normal): 0.0000 → Reward: 0.0
[REWARD DEBUG] Stagnation (normal): 0.0000 → Reward: 0.0
[REWARD DEBUG] Stagnation (normal): 0.0000 → Reward: 0.0
[REWARD DEBUG] Stagnation (normal): 0.0000 → Reward: 0.0
[REWARD DEBUG] Stagnation (normal): 0.0000 → Reward: 0.0
[REWARD DEBUG] Stagnation (normal): 0.0000 → Reward: 0.0
[REWARD DEBUG] Stagnation (normal): 0.0000 → Reward: 0.0
[REWARD DEBUG] Stagnation (normal): 0.0000 → Reward: 0.0
[REWARD DEBUG] Stagnation (normal): 0.0000 → Reward: 0.0
[REWARD DEBUG] Stagnation (normal): 0.0000 → Reward: 0.0
[REWARD DEBUG] Stagnation (normal): 0.0000 → Reward: 0.0
[ACTION DEBUG iter 200] Raw action[1:3]: [-0.9999, 1.0000, 0.9988], noise: 0.0500
[ACTION DEBUG iter 200] WARNING: 12/20 actions clipped (network saturating)
[RLAMPSO DEBUG iter 200] w=0.3017, c1=3.0000, c2=3.0000 | fitness=1830.79
[REWARD DEBUG iter 200] FitnessImprovement: 0.0000 → Reward: +0.0000 (prevFit=1830.79, currFit=1830.79)
[REWARD DEBUG] Stagnation (normal): 0.0000 → Reward: 0.0
[REWARD DEBUG] Stagnation (normal): 0.0000 → Reward: 0.0
[REWARD DEBUG] Stagnation (normal): 0.0000 → Reward: 0.0
[REWARD DEBUG] Stagnation (normal): 0.0000 → Reward: 0.0
[REWARD DEBUG] Stagnation (normal): 0.0000 → Reward: 0.0
[REWARD DEBUG] Stagnation (normal): 0.0000 → Reward: 0.0
[REWARD DEBUG] Stagnation (normal): 0.0000 → Reward: 0.0
[REWARD DEBUG] Stagnation (normal): 0.0000 → Reward: 0.0
[REWARD DEBUG] Stagnation (normal): 0.0000 → Reward: 0.0
[REWARD DEBUG] Stagnation (normal): 0.0000 → Reward: 0.0
[REWARD DEBUG] Stagnation (normal): 0.0000 → Reward: 0.0
[ACTION DEBUG iter 300] Raw action[1:3]: [-0.9999, 1.0000, 0.9988], noise: 0.0500
[ACTION DEBUG iter 300] WARNING: 10/20 actions clipped (network saturating)
[RLAMPSO DEBUG iter 300] w=0.3000, c1=3.0000, c2=3.0000 | fitness=1830.79
[REWARD DEBUG iter 300] FitnessImprovement: 0.0000 → Reward: +0.0000 (prevFit=1830.79, currFit=1830.79)
[REWARD DEBUG] Stagnation (normal): 0.0000 → Reward: 0.0
[REWARD DEBUG] Stagnation (normal): 0.0000 → Reward: 0.0
[REWARD DEBUG] Stagnation (normal): 0.0000 → Reward: 0.0
[REWARD DEBUG] Stagnation (normal): 0.0000 → Reward: 0.0
[REWARD DEBUG] Stagnation (normal): 0.0000 → Reward: 0.0
[REWARD DEBUG] Stagnation (normal): 0.0000 → Reward: 0.0
[REWARD DEBUG] Stagnation (normal): 0.0000 → Reward: 0.0
[REWARD DEBUG] Stagnation (normal): 0.0000 → Reward: 0.0
[REWARD DEBUG] Stagnation (normal): 0.0000 → Reward: 0.0
[REWARD DEBUG] Stagnation (normal): 0.0000 → Reward: 0.0
[REWARD DEBUG] Stagnation (normal): 0.0000 → Reward: 0.0
[REWARD DEBUG] Stagnation (normal): 0.0000 → Reward: 0.0
[REWARD DEBUG] Stagnation (normal): 0.0000 → Reward: 0.0
[ACTION DEBUG iter 400] Raw action[1:3]: [-0.9999, 1.0000, 0.9988], noise: 0.0500
[ACTION DEBUG iter 400] WARNING: 10/20 actions clipped (network saturating)
[RLAMPSO DEBUG iter 400] w=0.3000, c1=2.9300, c2=3.0000 | fitness=1812.85
[REWARD DEBUG iter 400] FitnessImprovement: 0.0000 → Reward: +0.0000 (prevFit=1812.85, currFit=1812.85)
[REWARD DEBUG] Stagnation (normal): 0.0000 → Reward: 0.0
[REWARD DEBUG] Stagnation (normal): 0.0000 → Reward: 0.0
[REWARD DEBUG] Stagnation (normal): 0.0000 → Reward: 0.0
[REWARD DEBUG] Stagnation (normal): 0.0000 → Reward: 0.0
[REWARD DEBUG] Stagnation (normal): 0.0000 → Reward: 0.0
[REWARD DEBUG] Stagnation (normal): 0.0000 → Reward: 0.0
[REWARD DEBUG] Stagnation (normal): 0.0000 → Reward: 0.0
[REWARD DEBUG] Stagnation (normal): 0.0000 → Reward: 0.0
[ACTION DEBUG iter 500] Raw action[1:3]: [-0.9999, 1.0000, 0.9988], noise: 0.0500
[ACTION DEBUG iter 500] WARNING: 12/20 actions clipped (network saturating)
[RLAMPSO DEBUG iter 500] w=0.3176, c1=3.0000, c2=3.0000 | fitness=1811.34
[REWARD DEBUG iter 500] FitnessImprovement: 0.0000 → Reward: +0.0000 (prevFit=1811.34, currFit=1811.34)
[REWARD DEBUG] Stagnation (normal): 0.0000 → Reward: 0.0
[REWARD DEBUG] Stagnation (normal): 0.0000 → Reward: 0.0
[REWARD DEBUG] Stagnation (normal): 0.0000 → Reward: 0.0
[REWARD DEBUG] Stagnation (normal): 0.0000 → Reward: 0.0
[REWARD DEBUG] Stagnation (normal): 0.0000 → Reward: 0.0
[REWARD DEBUG] Stagnation (normal): 0.0000 → Reward: 0.0
[REWARD DEBUG] Stagnation (normal): 0.0000 → Reward: 0.0
[REWARD DEBUG] Stagnation (normal): 0.0000 → Reward: 0.0
[REWARD DEBUG] Stagnation (normal): 0.0000 → Reward: 0.0
[REWARD DEBUG] Stagnation (normal): 0.0000 → Reward: 0.0
[REWARD DEBUG] Stagnation (normal): 0.0000 → Reward: 0.0
[REWARD DEBUG] Stagnation (normal): 0.0000 → Reward: 0.0
[Ep  21/1000] Fit:  1811.3 | Avg:  1899.0 | Reward: +151.9 | Time:  68.4s
          Buffer:  9533 | Noise: 0.0900 | ActorLoss: -2.227e-01 | CriticLoss: 9.217e-04
[REWARD DEBUG] Stagnation (normal): 0.0000 → Reward: 0.0
[REWARD DEBUG] Stagnation (normal): 0.0000 → Reward: 0.0
[REWARD DEBUG] Stagnation (normal): 0.0000 → Reward: 0.0
[REWARD DEBUG] Stagnation (normal): 0.0000 → Reward: 0.0
[REWARD DEBUG] Stagnation (normal): 0.0000 → Reward: 0.0
[ACTION DEBUG iter 100] Raw action[1:3]: [-0.9999, 1.0000, 0.9987], noise: 0.0500
[ACTION DEBUG iter 100] WARNING: 8/20 actions clipped (network saturating)
[RLAMPSO DEBUG iter 100] w=0.3036, c1=3.0000, c2=3.0000 | fitness=2004.38
[REWARD DEBUG iter 100] FitnessImprovement: 0.0000 → Reward: +0.0000 (prevFit=2004.38, currFit=2004.38)
[REWARD DEBUG] Stagnation (normal): 0.0000 → Reward: 0.0
[REWARD DEBUG] Stagnation (normal): 0.0000 → Reward: 0.0
[REWARD DEBUG] Stagnation (normal): 0.0000 → Reward: 0.0
[REWARD DEBUG] Stagnation (normal): 0.0000 → Reward: 0.0
[REWARD DEBUG] Stagnation (normal): 0.0000 → Reward: 0.0
[REWARD DEBUG] Stagnation (normal): 0.0000 → Reward: 0.0
[REWARD DEBUG] Stagnation (normal): 0.0000 → Reward: 0.0
[REWARD DEBUG] Stagnation (normal): 0.0000 → Reward: 0.0
[REWARD DEBUG] Stagnation (normal): 0.0000 → Reward: 0.0
[REWARD DEBUG] Stagnation (normal): 0.0000 → Reward: 0.0
[ACTION DEBUG iter 200] Raw action[1:3]: [-0.9999, 1.0000, 0.9986], noise: 0.0500
[ACTION DEBUG iter 200] WARNING: 10/20 actions clipped (network saturating)
[RLAMPSO DEBUG iter 200] w=0.3000, c1=3.0000, c2=3.0000 | fitness=1961.57
[REWARD DEBUG iter 200] FitnessImprovement: 0.0000 → Reward: +0.0000 (prevFit=1961.57, currFit=1961.57)
[REWARD DEBUG] Stagnation (normal): 0.0000 → Reward: 0.0
[REWARD DEBUG] Improvement: 2.3788 → Reward: +0.2644
[REWARD DEBUG] Stagnation (normal): 0.0000 → Reward: 0.0
[REWARD DEBUG] Improvement: 0.0000 → Reward: +0.0000
[REWARD DEBUG] Stagnation (normal): 0.0000 → Reward: 0.0
[REWARD DEBUG] Stagnation (normal): 0.0000 → Reward: 0.0
[ACTION DEBUG iter 300] Raw action[1:3]: [-0.9999, 1.0000, 0.9985], noise: 0.0500
[ACTION DEBUG iter 300] WARNING: 12/20 actions clipped (network saturating)
[RLAMPSO DEBUG iter 300] w=0.3000, c1=3.0000, c2=2.9676 | fitness=1932.04
[REWARD DEBUG] Stagnation (normal): 0.0000 → Reward: 0.0
[REWARD DEBUG iter 300] FitnessImprovement: 0.0000 → Reward: +0.0000 (prevFit=1932.04, currFit=1932.04)
[REWARD DEBUG] Stagnation (normal): 0.0000 → Reward: 0.0
[REWARD DEBUG] Stagnation (normal): 0.0000 → Reward: 0.0
[REWARD DEBUG] Improvement: 0.0000 → Reward: +0.0000
[REWARD DEBUG] Stagnation (normal): 0.0000 → Reward: 0.0
[REWARD DEBUG] Stagnation (normal): 0.0000 → Reward: 0.0
[REWARD DEBUG] Stagnation (normal): 0.0000 → Reward: 0.0
[REWARD DEBUG] Stagnation (normal): 0.0000 → Reward: 0.0
[REWARD DEBUG] Stagnation (normal): 0.0000 → Reward: 0.0
[REWARD DEBUG] Stagnation (normal): 0.0000 → Reward: 0.0
[REWARD DEBUG] Stagnation (normal): 0.0000 → Reward: 0.0
[REWARD DEBUG] Stagnation (normal): 0.0000 → Reward: 0.0
[REWARD DEBUG] Stagnation (normal): 0.0000 → Reward: 0.0
[ACTION DEBUG iter 400] Raw action[1:3]: [-0.9999, 1.0000, 0.9983], noise: 0.0500
[ACTION DEBUG iter 400] WARNING: 6/20 actions clipped (network saturating)
[RLAMPSO DEBUG iter 400] w=0.3006, c1=3.0000, c2=2.9945 | fitness=1919.45
[REWARD DEBUG iter 400] FitnessImprovement: 0.0000 → Reward: +0.0000 (prevFit=1919.45, currFit=1919.45)
[REWARD DEBUG] Stagnation (normal): 0.0000 → Reward: 0.0
[REWARD DEBUG] Stagnation (normal): 0.0000 → Reward: 0.0
[REWARD DEBUG] Stagnation (normal): 0.0000 → Reward: 0.0
[REWARD DEBUG] Stagnation (normal): 0.0000 → Reward: 0.0
[REWARD DEBUG] Stagnation (normal): 0.0000 → Reward: 0.0
[REWARD DEBUG] Stagnation (normal): 0.0000 → Reward: 0.0
[REWARD DEBUG] Stagnation (normal): 0.0000 → Reward: 0.0
[REWARD DEBUG] Stagnation (normal): 0.0000 → Reward: 0.0
[REWARD DEBUG] Stagnation (normal): 0.0000 → Reward: 0.0
[ACTION DEBUG iter 500] Raw action[1:3]: [-0.9999, 1.0000, 0.9977], noise: 0.0500
[ACTION DEBUG iter 500] WARNING: 12/20 actions clipped (network saturating)
[RLAMPSO DEBUG iter 500] w=0.3027, c1=3.0000, c2=2.8633 | fitness=1915.33
[REWARD DEBUG iter 500] FitnessImprovement: 0.0000 → Reward: +0.0000 (prevFit=1915.33, currFit=1915.33)
[REWARD DEBUG] Stagnation (normal): 0.0000 → Reward: 0.0
[REWARD DEBUG] Stagnation (normal): 0.0000 → Reward: 0.0
[REWARD DEBUG] Stagnation (normal): 0.0000 → Reward: 0.0
[Ep  22/1000] Fit:  1915.3 | Avg:  1903.3 | Reward: +147.6 | Time:  65.1s
          Buffer: 10047 | Noise: 0.0896 | ActorLoss: -1.624e-01 | CriticLoss: 3.314e-04
[REWARD DEBUG] Stagnation (normal): 0.0000 → Reward: 0.0
[REWARD DEBUG] Stagnation (normal): 0.0000 → Reward: 0.0
[REWARD DEBUG] Stagnation (normal): 0.0000 → Reward: 0.0
[REWARD DEBUG] Stagnation (normal): 0.0000 → Reward: 0.0
[REWARD DEBUG] Stagnation (normal): 0.0000 → Reward: 0.0
[REWARD DEBUG] Stagnation (normal): 0.0000 → Reward: 0.0
[REWARD DEBUG] Stagnation (normal): 0.0000 → Reward: 0.0
[ACTION DEBUG iter 100] Raw action[1:3]: [-0.9998, 1.0000, 0.9953], noise: 0.0500
[ACTION DEBUG iter 100] WARNING: 7/20 actions clipped (network saturating)
[RLAMPSO DEBUG iter 100] w=0.3147, c1=2.9278, c2=3.0000 | fitness=1924.41
[REWARD DEBUG iter 100] FitnessImprovement: 0.0000 → Reward: +0.0000 (prevFit=1924.41, currFit=1924.41)
[REWARD DEBUG] Stagnation (normal): 0.0000 → Reward: 0.0
[REWARD DEBUG] Stagnation (normal): 0.0000 → Reward: 0.0
[REWARD DEBUG] Stagnation (normal): 0.0000 → Reward: 0.0
[REWARD DEBUG] Stagnation (normal): 0.0000 → Reward: 0.0
[REWARD DEBUG] Stagnation (normal): 0.0000 → Reward: 0.0
[REWARD DEBUG] Stagnation (normal): 0.0000 → Reward: 0.0
[REWARD DEBUG] Stagnation (normal): 0.0000 → Reward: 0.0
[REWARD DEBUG] Stagnation (normal): 0.0000 → Reward: 0.0
[REWARD DEBUG] Stagnation (normal): 0.0000 → Reward: 0.0
[REWARD DEBUG] Stagnation (normal): 0.0000 → Reward: 0.0
[REWARD DEBUG] Stagnation (normal): 0.0000 → Reward: 0.0
[REWARD DEBUG] Stagnation (normal): 0.0000 → Reward: 0.0
[REWARD DEBUG] Stagnation (normal): 0.0000 → Reward: 0.0
[REWARD DEBUG] Stagnation (normal): 0.0000 → Reward: 0.0
[REWARD DEBUG] Stagnation (normal): 0.0000 → Reward: 0.0
[REWARD DEBUG] Stagnation (normal): 0.0000 → Reward: 0.0
[ACTION DEBUG iter 200] Raw action[1:3]: [-0.9998, 1.0000, 0.9930], noise: 0.0500
[ACTION DEBUG iter 200] WARNING: 10/20 actions clipped (network saturating)
[RLAMPSO DEBUG iter 200] w=0.3328, c1=3.0000, c2=3.0000 | fitness=1924.41
[REWARD DEBUG iter 200] FitnessImprovement: 0.0000 → Reward: +0.0000 (prevFit=1924.41, currFit=1924.41)
[REWARD DEBUG] Stagnation (normal): 0.0000 → Reward: 0.0
[REWARD DEBUG] Stagnation (normal): 0.0000 → Reward: 0.0
[REWARD DEBUG] Stagnation (normal): 0.0000 → Reward: 0.0
[REWARD DEBUG] Stagnation (normal): 0.0000 → Reward: 0.0
[REWARD DEBUG] Stagnation (normal): 0.0000 → Reward: 0.0
[REWARD DEBUG] Stagnation (normal): 0.0000 → Reward: 0.0
[REWARD DEBUG] Stagnation (normal): 0.0000 → Reward: 0.0
[REWARD DEBUG] Stagnation (normal): 0.0000 → Reward: 0.0
[REWARD DEBUG] Stagnation (normal): 0.0000 → Reward: 0.0
[REWARD DEBUG] Stagnation (normal): 0.0000 → Reward: 0.0
[REWARD DEBUG] Stagnation (normal): 0.0000 → Reward: 0.0
[REWARD DEBUG] Stagnation (normal): 0.0000 → Reward: 0.0
[ACTION DEBUG iter 300] Raw action[1:3]: [-0.9996, 1.0000, 0.9894], noise: 0.0500
[ACTION DEBUG iter 300] WARNING: 8/20 actions clipped (network saturating)
[RLAMPSO DEBUG iter 300] w=0.3113, c1=3.0000, c2=3.0000 | fitness=1875.21
[REWARD DEBUG iter 300] FitnessImprovement: 0.0000 → Reward: +0.0000 (prevFit=1875.21, currFit=1875.21)
[REWARD DEBUG] Stagnation (normal): 0.0000 → Reward: 0.0
[REWARD DEBUG] Stagnation (normal): 0.0000 → Reward: 0.0
[REWARD DEBUG] Stagnation (normal): 0.0000 → Reward: 0.0
[REWARD DEBUG] Stagnation (normal): 0.0000 → Reward: 0.0
[REWARD DEBUG] Stagnation (normal): 0.0000 → Reward: 0.0
[REWARD DEBUG] Stagnation (normal): 0.0000 → Reward: 0.0
[REWARD DEBUG] Stagnation (normal): 0.0000 → Reward: 0.0
[REWARD DEBUG] Stagnation (normal): 0.0000 → Reward: 0.0
[REWARD DEBUG] Stagnation (normal): 0.0000 → Reward: 0.0
[REWARD DEBUG] Stagnation (normal): 0.0000 → Reward: 0.0
[REWARD DEBUG] Stagnation (normal): 0.0000 → Reward: 0.0
[ACTION DEBUG iter 400] Raw action[1:3]: [-0.9991, 1.0000, 0.9638], noise: 0.0500
[ACTION DEBUG iter 400] WARNING: 5/20 actions clipped (network saturating)
[RLAMPSO DEBUG iter 400] w=0.3181, c1=3.0000, c2=2.8932 | fitness=1845.69
[REWARD DEBUG iter 400] FitnessImprovement: 0.0000 → Reward: +0.0000 (prevFit=1845.69, currFit=1845.69)
[REWARD DEBUG] Stagnation (normal): 0.0000 → Reward: 0.0
[REWARD DEBUG] Stagnation (normal): 0.0000 → Reward: 0.0
[REWARD DEBUG] Stagnation (normal): 0.0000 → Reward: 0.0
[REWARD DEBUG] Stagnation (normal): 0.0000 → Reward: 0.0
[REWARD DEBUG] Stagnation (normal): 0.0000 → Reward: 0.0
[REWARD DEBUG] Stagnation (normal): 0.0000 → Reward: 0.0
[REWARD DEBUG] Stagnation (normal): 0.0000 → Reward: 0.0
[ACTION DEBUG iter 500] Raw action[1:3]: [-0.9990, 1.0000, 0.7553], noise: 0.0500
[ACTION DEBUG iter 500] WARNING: 11/20 actions clipped (network saturating)
[RLAMPSO DEBUG iter 500] w=0.3027, c1=3.0000, c2=2.6588 | fitness=1837.01
[REWARD DEBUG] Stagnation (normal): 0.0000 → Reward: 0.0
[REWARD DEBUG iter 500] FitnessImprovement: 0.0000 → Reward: +0.0000 (prevFit=1837.01, currFit=1837.01)
[REWARD DEBUG] Stagnation (normal): 0.0000 → Reward: 0.0
[REWARD DEBUG] Improvement: 0.9961 → Reward: +0.1501
[REWARD DEBUG] Improvement: 0.0422 → Reward: +0.0090
[REWARD DEBUG] Improvement: 0.0004 → Reward: +0.0001
[REWARD DEBUG] Improvement: 0.2624 → Reward: +0.0506
[REWARD DEBUG] Stagnation (normal): 0.0000 → Reward: 0.0
[REWARD DEBUG] Improvement: 0.0014 → Reward: +0.0003
[ACTION DEBUG iter 600] Raw action[1:3]: [-0.9986, 1.0000, -0.9307], noise: 0.0500
[ACTION DEBUG iter 600] WARNING: 10/20 actions clipped (network saturating)
[RLAMPSO DEBUG iter 600] w=0.3233, c1=2.9264, c2=0.0435 | fitness=1761.74
[REWARD DEBUG iter 600] FitnessImprovement: 0.0417 → Reward: +0.0089 (prevFit=1761.74, currFit=1761.70)
[Ep  23/1000] Fit:  1761.7 | Avg:  1896.0 | Reward: +154.9 | Time:  64.1s
          Buffer: 10597 | Noise: 0.0891 | ActorLoss: -3.454e-01 | CriticLoss: 9.609e-04
[REWARD DEBUG] Improvement: 2.1474 → Reward: +0.2490
[REWARD DEBUG] Improvement: 0.1882 → Reward: +0.0374
[REWARD DEBUG] Stagnation (normal): 0.0000 → Reward: 0.0
[REWARD DEBUG] Stagnation (normal): 0.0000 → Reward: 0.0
[REWARD DEBUG] Stagnation (normal): 0.0000 → Reward: 0.0
[ACTION DEBUG iter 100] Raw action[1:3]: [-0.9982, 1.0000, -0.9767], noise: 0.0500
[ACTION DEBUG iter 100] WARNING: 6/20 actions clipped (network saturating)
[RLAMPSO DEBUG iter 100] w=0.3170, c1=3.0000, c2=0.0000 | fitness=2339.55
[REWARD DEBUG iter 100] FitnessImprovement: 0.0000 → Reward: +0.0000 (prevFit=2339.55, currFit=2339.55)
[REWARD DEBUG] Improvement: 0.0054 → Reward: +0.0012
[REWARD DEBUG] Improvement: 0.0001 → Reward: +0.0000
[REWARD DEBUG] Stagnation (normal): 0.0000 → Reward: 0.0
[REWARD DEBUG] Improvement: 0.1278 → Reward: +0.0261
[REWARD DEBUG] Improvement: 0.0009 → Reward: +0.0002
[REWARD DEBUG] Stagnation (normal): 0.0000 → Reward: 0.0
[REWARD DEBUG] Stagnation (normal): 0.0000 → Reward: 0.0
[REWARD DEBUG] Stagnation (normal): 0.0000 → Reward: 0.0
[REWARD DEBUG] Improvement: 0.0004 → Reward: +0.0001
[REWARD DEBUG] Improvement: 0.0496 → Reward: +0.0105
[ACTION DEBUG iter 200] Raw action[1:3]: [-0.9952, 1.0000, -0.9890], noise: 0.0500
[ACTION DEBUG iter 200] WARNING: 10/20 actions clipped (network saturating)
[RLAMPSO DEBUG iter 200] w=0.3000, c1=3.0000, c2=0.0377 | fitness=2325.77
[REWARD DEBUG iter 200] FitnessImprovement: 0.0051 → Reward: +0.0011 (prevFit=2325.77, currFit=2325.77)
[REWARD DEBUG] Improvement: 0.6555 → Reward: +0.1095
[REWARD DEBUG] Improvement: 0.0201 → Reward: +0.0043
[REWARD DEBUG] Improvement: 0.6177 → Reward: +0.1044
[REWARD DEBUG] Improvement: 0.0000 → Reward: +0.0000
[REWARD DEBUG] Improvement: 0.5033 → Reward: +0.0885
[REWARD DEBUG] Improvement: 0.0000 → Reward: +0.0000
[ACTION DEBUG iter 300] Raw action[1:3]: [-0.7235, 1.0000, -0.9974], noise: 0.0500
[ACTION DEBUG iter 300] WARNING: 8/20 actions clipped (network saturating)
[RLAMPSO DEBUG iter 300] w=0.3976, c1=3.0000, c2=0.0000 | fitness=2316.16
[REWARD DEBUG iter 300] FitnessImprovement: 0.0145 → Reward: +0.0031 (prevFit=2316.16, currFit=2316.14)
[REWARD DEBUG] Improvement: 0.0017 → Reward: +0.0004
[REWARD DEBUG] Improvement: 0.5644 → Reward: +0.0972
[REWARD DEBUG] Stagnation (normal): 0.0000 → Reward: 0.0
[REWARD DEBUG] Stagnation (normal): 0.0000 → Reward: 0.0
[REWARD DEBUG] Stagnation (normal): 0.0000 → Reward: 0.0
[REWARD DEBUG] Stagnation (normal): 0.0000 → Reward: 0.0
[REWARD DEBUG] Stagnation (normal): 0.0000 → Reward: 0.0
[ACTION DEBUG iter 400] Raw action[1:3]: [0.9790, 1.0000, -0.9988], noise: 0.0500
[ACTION DEBUG iter 400] WARNING: 4/20 actions clipped (network saturating)
[RLAMPSO DEBUG iter 400] w=0.9000, c1=2.8995, c2=0.0838 | fitness=2282.28
[REWARD DEBUG iter 400] FitnessImprovement: 0.0000 → Reward: +0.0000 (prevFit=2282.28, currFit=2282.28)
[REWARD DEBUG] Stagnation (normal): 0.0000 → Reward: 0.0
[REWARD DEBUG] Stagnation (normal): 0.0000 → Reward: 0.0
[REWARD DEBUG] Stagnation (normal): 0.0000 → Reward: 0.0
[REWARD DEBUG] Stagnation (normal): 0.0000 → Reward: 0.0
[REWARD DEBUG] Stagnation (normal): 0.0000 → Reward: 0.0
[REWARD DEBUG] Stagnation (normal): 0.0000 → Reward: 0.0
[REWARD DEBUG] Stagnation (normal): 0.0000 → Reward: 0.0
[REWARD DEBUG] Stagnation (normal): 0.0000 → Reward: 0.0
[REWARD DEBUG] Stagnation (normal): 0.0000 → Reward: 0.0
[REWARD DEBUG] Stagnation (normal): 0.0000 → Reward: 0.0
[ACTION DEBUG iter 500] Raw action[1:3]: [0.9935, 1.0000, -0.9994], noise: 0.0500
[ACTION DEBUG iter 500] WARNING: 12/20 actions clipped (network saturating)
[RLAMPSO DEBUG iter 500] w=0.9000, c1=2.9303, c2=0.1341 | fitness=2213.43
[REWARD DEBUG iter 500] FitnessImprovement: 0.0000 → Reward: +0.0000 (prevFit=2213.43, currFit=2213.43)
[REWARD DEBUG] Stagnation (normal): 0.0000 → Reward: 0.0
[REWARD DEBUG] Stagnation (normal): 0.0000 → Reward: 0.0
[REWARD DEBUG] Stagnation (normal): 0.0000 → Reward: 0.0
[REWARD DEBUG] Stagnation (normal): 0.0000 → Reward: 0.0
[REWARD DEBUG] Stagnation (normal): 0.0000 → Reward: 0.0
[REWARD DEBUG] Stagnation (normal): 0.0000 → Reward: 0.0
[REWARD DEBUG] Stagnation (normal): 0.0000 → Reward: 0.0
[ACTION DEBUG iter 600] Raw action[1:3]: [0.9958, 1.0000, -0.9996], noise: 0.0500
[ACTION DEBUG iter 600] WARNING: 13/20 actions clipped (network saturating)
[RLAMPSO DEBUG iter 600] w=0.9000, c1=3.0000, c2=0.0000 | fitness=2175.53
[REWARD DEBUG iter 600] FitnessImprovement: 0.0000 → Reward: +0.0000 (prevFit=2175.53, currFit=2175.53)
[Ep  24/1000] Fit:  2175.5 | Avg:  1916.6 | Reward: +134.3 | Time:  51.2s
          Buffer: 11147 | Noise: 0.0887 | ActorLoss: -8.448e-01 | CriticLoss: 7.145e-03
[REWARD DEBUG] Stagnation (normal): 0.0000 → Reward: 0.0
[REWARD DEBUG] Stagnation (normal): 0.0000 → Reward: 0.0
[REWARD DEBUG] Stagnation (normal): 0.0000 → Reward: 0.0
[ACTION DEBUG iter 100] Raw action[1:3]: [0.9965, 1.0000, -0.9996], noise: 0.0500
[ACTION DEBUG iter 100] WARNING: 8/20 actions clipped (network saturating)
[RLAMPSO DEBUG iter 100] w=0.9000, c1=2.9852, c2=0.0000 | fitness=2214.82
[REWARD DEBUG iter 100] FitnessImprovement: 0.0000 → Reward: +0.0000 (prevFit=2214.82, currFit=2214.82)
[REWARD DEBUG] Stagnation (normal): 0.0000 → Reward: 0.0
[REWARD DEBUG] Stagnation (normal): 0.0000 → Reward: 0.0
[REWARD DEBUG] Stagnation (normal): 0.0000 → Reward: 0.0
[REWARD DEBUG] Stagnation (normal): 0.0000 → Reward: 0.0
[ACTION DEBUG iter 200] Raw action[1:3]: [0.9974, 1.0000, -0.9997], noise: 0.0500
[ACTION DEBUG iter 200] WARNING: 13/20 actions clipped (network saturating)
[RLAMPSO DEBUG iter 200] w=0.9000, c1=3.0000, c2=0.0000 | fitness=2050.29
[REWARD DEBUG iter 200] FitnessImprovement: 0.0000 → Reward: +0.0000 (prevFit=2050.29, currFit=2050.29)
[REWARD DEBUG] Stagnation (normal): 0.0000 → Reward: 0.0
[REWARD DEBUG] Stagnation (normal): 0.0000 → Reward: 0.0
[REWARD DEBUG] Stagnation (normal): 0.0000 → Reward: 0.0
[REWARD DEBUG] Stagnation (normal): 0.0000 → Reward: 0.0
[REWARD DEBUG] Stagnation (normal): 0.0000 → Reward: 0.0
[REWARD DEBUG] Stagnation (normal): 0.0000 → Reward: 0.0
[REWARD DEBUG] Stagnation (normal): 0.0000 → Reward: 0.0
[REWARD DEBUG] Stagnation (normal): 0.0000 → Reward: 0.0
[REWARD DEBUG] Stagnation (normal): 0.0000 → Reward: 0.0
[REWARD DEBUG] Stagnation (normal): 0.0000 → Reward: 0.0
[ACTION DEBUG iter 300] Raw action[1:3]: [0.9983, 1.0000, -0.9997], noise: 0.0500
[ACTION DEBUG iter 300] WARNING: 9/20 actions clipped (network saturating)
[RLAMPSO DEBUG iter 300] w=0.9000, c1=3.0000, c2=0.0709 | fitness=1991.09
[REWARD DEBUG iter 300] FitnessImprovement: 0.0000 → Reward: +0.0000 (prevFit=1991.09, currFit=1991.09)
[REWARD DEBUG] Stagnation (normal): 0.0000 → Reward: 0.0
[REWARD DEBUG] Stagnation (normal): 0.0000 → Reward: 0.0
[REWARD DEBUG] Stagnation (normal): 0.0000 → Reward: 0.0
[REWARD DEBUG] Stagnation (normal): 0.0000 → Reward: 0.0
[REWARD DEBUG] Stagnation (normal): 0.0000 → Reward: 0.0
[REWARD DEBUG] Stagnation (normal): 0.0000 → Reward: 0.0
[REWARD DEBUG] Stagnation (normal): 0.0000 → Reward: 0.0
[REWARD DEBUG] Stagnation (normal): 0.0000 → Reward: 0.0
[REWARD DEBUG] Stagnation (normal): 0.0000 → Reward: 0.0
[REWARD DEBUG] Stagnation (normal): 0.0000 → Reward: 0.0
[REWARD DEBUG] Stagnation (normal): 0.0000 → Reward: 0.0
[ACTION DEBUG iter 400] Raw action[1:3]: [0.9997, 0.9998, -0.9998], noise: 0.0500
[ACTION DEBUG iter 400] WARNING: 12/20 actions clipped (network saturating)
[RLAMPSO DEBUG iter 400] w=0.9000, c1=2.9512, c2=0.1014 | fitness=1957.44
[REWARD DEBUG iter 400] FitnessImprovement: 0.0000 → Reward: +0.0000 (prevFit=1957.44, currFit=1957.44)
[REWARD DEBUG] Stagnation (normal): 0.0000 → Reward: 0.0
[REWARD DEBUG] Stagnation (normal): 0.0000 → Reward: 0.0
[REWARD DEBUG] Stagnation (normal): 0.0000 → Reward: 0.0
[REWARD DEBUG] Stagnation (normal): 0.0000 → Reward: 0.0
[REWARD DEBUG] Improvement: 27.1508 → Reward: +0.7247
[REWARD DEBUG] Stagnation (normal): 0.0000 → Reward: 0.0
[ACTION DEBUG iter 500] Raw action[1:3]: [0.9999, 0.9714, -0.9999], noise: 0.0500
[ACTION DEBUG iter 500] WARNING: 5/20 actions clipped (network saturating)
[RLAMPSO DEBUG iter 500] w=0.9000, c1=2.9308, c2=0.0000 | fitness=1930.29
[REWARD DEBUG iter 500] FitnessImprovement: 0.0000 → Reward: +0.0000 (prevFit=1930.29, currFit=1930.29)
[REWARD DEBUG] Stagnation (normal): 0.0000 → Reward: 0.0
[REWARD DEBUG] Stagnation (normal): 0.0000 → Reward: 0.0
[REWARD DEBUG] Stagnation (normal): 0.0000 → Reward: 0.0
[REWARD DEBUG] Stagnation (normal): 0.0000 → Reward: 0.0
[REWARD DEBUG] Stagnation (normal): 0.0000 → Reward: 0.0
[REWARD DEBUG] Stagnation (normal): 0.0000 → Reward: 0.0
[REWARD DEBUG] Stagnation (normal): 0.0000 → Reward: 0.0
[REWARD DEBUG] Stagnation (normal): 0.0000 → Reward: 0.0
[REWARD DEBUG] Stagnation (normal): 0.0000 → Reward: 0.0
[REWARD DEBUG] Stagnation (normal): 0.0000 → Reward: 0.0
[ACTION DEBUG iter 600] Raw action[1:3]: [0.9999, -0.6465, -0.9999], noise: 0.0500
[ACTION DEBUG iter 600] WARNING: 9/20 actions clipped (network saturating)
[RLAMPSO DEBUG iter 600] w=0.9000, c1=0.5489, c2=0.1790 | fitness=1930.29
[REWARD DEBUG iter 600] FitnessImprovement: 0.0000 → Reward: +0.0000 (prevFit=1930.29, currFit=1930.29)
[Ep  25/1000] Fit:  1930.3 | Avg:  1924.8 | Reward: +126.1 | Time:  58.7s
          Buffer: 11697 | Noise: 0.0882 | ActorLoss: -1.889e+00 | CriticLoss: 3.093e-03
[REWARD DEBUG] Stagnation (normal): 0.0000 → Reward: 0.0
[REWARD DEBUG] Stagnation (normal): 0.0000 → Reward: 0.0
[REWARD DEBUG] Stagnation (normal): 0.0000 → Reward: 0.0
[REWARD DEBUG] Improvement: 11.9845 → Reward: +0.5567
[REWARD DEBUG] Improvement: 9.2570 → Reward: +0.5055
[REWARD DEBUG] Improvement: 4.9421 → Reward: +0.3870
[REWARD DEBUG] Stagnation (normal): 0.0000 → Reward: 0.0
[REWARD DEBUG] Stagnation (normal): 0.0000 → Reward: 0.0
[REWARD DEBUG] Stagnation (normal): 0.0000 → Reward: 0.0
[ACTION DEBUG iter 100] Raw action[1:3]: [0.9999, -0.9375, -0.9999], noise: 0.0500
[ACTION DEBUG iter 100] WARNING: 8/20 actions clipped (network saturating)
[RLAMPSO DEBUG iter 100] w=0.9000, c1=0.1194, c2=0.1439 | fitness=2341.46
[REWARD DEBUG iter 100] FitnessImprovement: 0.0000 → Reward: +0.0000 (prevFit=2341.46, currFit=2341.46)
[REWARD DEBUG] Stagnation (normal): 0.0000 → Reward: 0.0
[REWARD DEBUG] Stagnation (normal): 0.0000 → Reward: 0.0
[REWARD DEBUG] Improvement: 1.0306 → Reward: +0.1538
[REWARD DEBUG] Improvement: 2.1408 → Reward: +0.2485
[ACTION DEBUG iter 200] Raw action[1:3]: [0.9999, -0.9766, -1.0000], noise: 0.0500
[ACTION DEBUG iter 200] WARNING: 8/20 actions clipped (network saturating)
[RLAMPSO DEBUG iter 200] w=0.9000, c1=0.0535, c2=0.0105 | fitness=2058.45
[REWARD DEBUG iter 200] FitnessImprovement: 1.0620 → Reward: +0.1571 (prevFit=2058.45, currFit=2057.39)
[REWARD DEBUG] Improvement: 0.7127 → Reward: +0.1168
[REWARD DEBUG] Improvement: 1.6832 → Reward: +0.2143
[REWARD DEBUG] Stagnation (normal): 0.0000 → Reward: 0.0
[REWARD DEBUG] Stagnation (normal): 0.0000 → Reward: 0.0
[REWARD DEBUG] Stagnation (normal): 0.0000 → Reward: 0.0
[REWARD DEBUG] Stagnation (normal): 0.0000 → Reward: 0.0
[REWARD DEBUG] Stagnation (normal): 0.0000 → Reward: 0.0
[ACTION DEBUG iter 300] Raw action[1:3]: [1.0000, -0.9847, -1.0000], noise: 0.0500
[ACTION DEBUG iter 300] WARNING: 9/20 actions clipped (network saturating)
[RLAMPSO DEBUG iter 300] w=0.9000, c1=0.0666, c2=0.0000 | fitness=2025.06
[REWARD DEBUG iter 300] FitnessImprovement: 0.0000 → Reward: +0.0000 (prevFit=2025.06, currFit=2025.06)
[REWARD DEBUG] Improvement: 0.0049 → Reward: +0.0011
[REWARD DEBUG] Stagnation (normal): 0.0000 → Reward: 0.0
[REWARD DEBUG] Improvement: 0.0089 → Reward: +0.0019
[REWARD DEBUG] Improvement: 0.0054 → Reward: +0.0012
[REWARD DEBUG] Stagnation (normal): 0.0000 → Reward: 0.0
[REWARD DEBUG] Stagnation (normal): 0.0000 → Reward: 0.0
[ACTION DEBUG iter 400] Raw action[1:3]: [1.0000, -0.9882, -1.0000], noise: 0.0500
[ACTION DEBUG iter 400] WARNING: 7/20 actions clipped (network saturating)
[RLAMPSO DEBUG iter 400] w=0.9000, c1=0.0000, c2=0.1001 | fitness=2020.95
[REWARD DEBUG iter 400] FitnessImprovement: 0.0367 → Reward: +0.0078 (prevFit=2020.95, currFit=2020.92)
[REWARD DEBUG] Improvement: 0.0136 → Reward: +0.0029
[REWARD DEBUG] Improvement: 0.0180 → Reward: +0.0039
[REWARD DEBUG] Improvement: 0.0002 → Reward: +0.0000
[REWARD DEBUG] Improvement: 0.0280 → Reward: +0.0060
[REWARD DEBUG] Improvement: 0.0991 → Reward: +0.0205
[REWARD DEBUG] Improvement: 0.0386 → Reward: +0.0082
[ACTION DEBUG iter 500] Raw action[1:3]: [1.0000, -0.9897, -1.0000], noise: 0.0500
[ACTION DEBUG iter 500] WARNING: 9/20 actions clipped (network saturating)
[RLAMPSO DEBUG iter 500] w=0.9000, c1=0.1536, c2=0.0000 | fitness=2017.65
[REWARD DEBUG iter 500] FitnessImprovement: 0.0256 → Reward: +0.0055 (prevFit=2017.65, currFit=2017.62)
[REWARD DEBUG] Improvement: 0.0120 → Reward: +0.0026
[REWARD DEBUG] Improvement: 0.0533 → Reward: +0.0113
[REWARD DEBUG] Improvement: 0.0430 → Reward: +0.0091
[REWARD DEBUG] Stagnation (normal): 0.0000 → Reward: 0.0
[ACTION DEBUG iter 600] Raw action[1:3]: [1.0000, -0.9907, -1.0000], noise: 0.0500
[ACTION DEBUG iter 600] WARNING: 9/20 actions clipped (network saturating)
[RLAMPSO DEBUG iter 600] w=0.9000, c1=0.0000, c2=0.0705 | fitness=2016.05
[REWARD DEBUG iter 600] FitnessImprovement: 0.0000 → Reward: +0.0000 (prevFit=2016.05, currFit=2016.05)
[Ep  26/1000] Fit:  2016.0 | Avg:  1940.0 | Reward: +111.0 | Time:  56.3s
          Buffer: 12247 | Noise: 0.0878 | ActorLoss: -8.858e-01 | CriticLoss: 1.124e-02
[REWARD DEBUG] Improvement: 35.8625 → Reward: +0.7833
[REWARD DEBUG] Stagnation (normal): 0.0000 → Reward: 0.0
[REWARD DEBUG] Improvement: 0.0418 → Reward: +0.0089
[REWARD DEBUG] Improvement: 0.0069 → Reward: +0.0015
[REWARD DEBUG] Stagnation (normal): 0.0000 → Reward: 0.0
[REWARD DEBUG] Improvement: 59.1642 → Reward: +0.8897
[REWARD DEBUG] Stagnation (normal): 0.0000 → Reward: 0.0
[REWARD DEBUG] Improvement: 23.9451 → Reward: +0.6985
[REWARD DEBUG] Stagnation (normal): 0.0000 → Reward: 0.0
[REWARD DEBUG] Stagnation (normal): 0.0000 → Reward: 0.0
[ACTION DEBUG iter 100] Raw action[1:3]: [1.0000, -0.9911, -1.0000], noise: 0.0500
[ACTION DEBUG iter 100] WARNING: 9/20 actions clipped (network saturating)
[RLAMPSO DEBUG iter 100] w=0.9000, c1=0.0222, c2=0.0218 | fitness=2127.56
[REWARD DEBUG iter 100] FitnessImprovement: 3.1027 → Reward: +0.3065 (prevFit=2127.56, currFit=2124.46)
[REWARD DEBUG] Improvement: 0.7306 → Reward: +0.1191
[REWARD DEBUG] Improvement: 0.4192 → Reward: +0.0760
[REWARD DEBUG] Stagnation (normal): 0.0000 → Reward: 0.0
[REWARD DEBUG] Stagnation (normal): 0.0000 → Reward: 0.0
[REWARD DEBUG] Stagnation (normal): 0.0000 → Reward: 0.0
[REWARD DEBUG] Improvement: 0.0984 → Reward: +0.0204
[ACTION DEBUG iter 200] Raw action[1:3]: [1.0000, -0.9917, -1.0000], noise: 0.0500
[ACTION DEBUG iter 200] WARNING: 13/20 actions clipped (network saturating)
[RLAMPSO DEBUG iter 200] w=0.9000, c1=0.0000, c2=0.0000 | fitness=2073.30
[REWARD DEBUG iter 200] FitnessImprovement: 0.1521 → Reward: +0.0307 (prevFit=2073.30, currFit=2073.14)
[REWARD DEBUG] Improvement: 0.0390 → Reward: +0.0083
[REWARD DEBUG] Improvement: 0.0642 → Reward: +0.0135
[REWARD DEBUG] Improvement: 0.0069 → Reward: +0.0015
[REWARD DEBUG] Improvement: 0.0055 → Reward: +0.0012
[ACTION DEBUG iter 300] Raw action[1:3]: [1.0000, -0.9922, -1.0000], noise: 0.0500
[ACTION DEBUG iter 300] WARNING: 9/20 actions clipped (network saturating)
[RLAMPSO DEBUG iter 300] w=0.9000, c1=0.0000, c2=0.0675 | fitness=2070.49
[REWARD DEBUG iter 300] FitnessImprovement: 0.0030 → Reward: +0.0007 (prevFit=2070.49, currFit=2070.48)
[REWARD DEBUG] Improvement: 0.0065 → Reward: +0.0014
[REWARD DEBUG] Improvement: 0.0044 → Reward: +0.0010
[REWARD DEBUG] Improvement: 0.0033 → Reward: +0.0007
[REWARD DEBUG] Improvement: 0.0026 → Reward: +0.0006
[REWARD DEBUG] Improvement: 0.0044 → Reward: +0.0010
[ACTION DEBUG iter 400] Raw action[1:3]: [1.0000, -0.9926, -1.0000], noise: 0.0500
[ACTION DEBUG iter 400] WARNING: 10/20 actions clipped (network saturating)
[RLAMPSO DEBUG iter 400] w=0.9000, c1=0.0000, c2=0.0000 | fitness=2070.14
[REWARD DEBUG iter 400] FitnessImprovement: 0.0008 → Reward: +0.0002 (prevFit=2070.14, currFit=2070.14)
[REWARD DEBUG] Improvement: 0.0006 → Reward: +0.0001
[REWARD DEBUG] Improvement: 0.0007 → Reward: +0.0002
[REWARD DEBUG] Improvement: 0.0007 → Reward: +0.0001
[REWARD DEBUG] Improvement: 0.0003 → Reward: +0.0001
[REWARD DEBUG] Improvement: 0.0002 → Reward: +0.0000
[ACTION DEBUG iter 500] Raw action[1:3]: [1.0000, 0.1980, -1.0000], noise: 0.0500
[ACTION DEBUG iter 500] WARNING: 7/20 actions clipped (network saturating)
[RLAMPSO DEBUG iter 500] w=0.9000, c1=1.8731, c2=0.1481 | fitness=2070.11
[REWARD DEBUG iter 500] FitnessImprovement: 0.0001 → Reward: +0.0000 (prevFit=2070.11, currFit=2070.11)
[REWARD DEBUG] Improvement: 0.0001 → Reward: +0.0000
[REWARD DEBUG] Improvement: 0.0000 → Reward: +0.0000
[REWARD DEBUG] Improvement: 0.0001 → Reward: +0.0000
[REWARD DEBUG] Improvement: 0.0000 → Reward: +0.0000
[ACTION DEBUG iter 600] Raw action[1:3]: [1.0000, 0.6149, -1.0000], noise: 0.0500
[ACTION DEBUG iter 600] WARNING: 3/20 actions clipped (network saturating)
[RLAMPSO DEBUG iter 600] w=0.9000, c1=2.3730, c2=0.0166 | fitness=2070.11
[REWARD DEBUG iter 600] FitnessImprovement: 0.0000 → Reward: +0.0000 (prevFit=2070.11, currFit=2070.11)
[Ep  27/1000] Fit:  2070.1 | Avg:  1939.9 | Reward: +111.0 | Time:  57.6s
          Buffer: 12797 | Noise: 0.0873 | ActorLoss: -9.606e-01 | CriticLoss: 9.426e-02
[REWARD DEBUG] Stagnation (normal): 0.0000 → Reward: 0.0
[REWARD DEBUG] Stagnation (normal): 0.0000 → Reward: 0.0
[REWARD DEBUG] Improvement: 0.9426 → Reward: +0.1442
[ACTION DEBUG iter 100] Raw action[1:3]: [1.0000, -0.0320, -1.0000], noise: 0.0500
[ACTION DEBUG iter 100] WARNING: 13/20 actions clipped (network saturating)
[RLAMPSO DEBUG iter 100] w=0.9000, c1=1.7050, c2=0.0000 | fitness=2381.65
[REWARD DEBUG iter 100] FitnessImprovement: 0.0000 → Reward: +0.0000 (prevFit=2381.65, currFit=2381.65)
[REWARD DEBUG] Stagnation (normal): 0.0000 → Reward: 0.0
[REWARD DEBUG] Improvement: 1.0326 → Reward: +0.1540
[REWARD DEBUG] Improvement: 1.7624 → Reward: +0.2206
[REWARD DEBUG] Stagnation (normal): 0.0000 → Reward: 0.0
[REWARD DEBUG] Stagnation (normal): 0.0000 → Reward: 0.0
[REWARD DEBUG] Improvement: 0.2652 → Reward: +0.0511
[REWARD DEBUG] Improvement: 0.7763 → Reward: +0.1248
[REWARD DEBUG] Stagnation (normal): 0.0000 → Reward: 0.0
[ACTION DEBUG iter 200] Raw action[1:3]: [1.0000, 0.0329, -1.0000], noise: 0.0500
[ACTION DEBUG iter 200] WARNING: 8/20 actions clipped (network saturating)
[RLAMPSO DEBUG iter 200] w=0.9000, c1=1.5369, c2=0.0444 | fitness=2278.93
[REWARD DEBUG iter 200] FitnessImprovement: 0.0032 → Reward: +0.0007 (prevFit=2278.93, currFit=2278.93)
[REWARD DEBUG] Improvement: 0.1981 → Reward: +0.0392
[REWARD DEBUG] Improvement: 0.2561 → Reward: +0.0495
[REWARD DEBUG] Improvement: 0.0263 → Reward: +0.0056
[REWARD DEBUG] Improvement: 0.0880 → Reward: +0.0183
[REWARD DEBUG] Improvement: 0.0383 → Reward: +0.0082
[REWARD DEBUG] Improvement: 0.0275 → Reward: +0.0059
[ACTION DEBUG iter 300] Raw action[1:3]: [1.0000, 0.0727, -1.0000], noise: 0.0500
[ACTION DEBUG iter 300] WARNING: 13/20 actions clipped (network saturating)
[RLAMPSO DEBUG iter 300] w=0.9000, c1=1.6878, c2=0.0000 | fitness=2268.82
[REWARD DEBUG iter 300] FitnessImprovement: 0.0196 → Reward: +0.0042 (prevFit=2268.82, currFit=2268.80)
[REWARD DEBUG] Improvement: 1.3696 → Reward: +0.1873
[REWARD DEBUG] Improvement: 2.3242 → Reward: +0.2608
[ACTION DEBUG iter 400] Raw action[1:3]: [1.0000, 0.1826, -1.0000], noise: 0.0500
[ACTION DEBUG iter 400] WARNING: 10/20 actions clipped (network saturating)
[RLAMPSO DEBUG iter 400] w=0.9000, c1=1.6974, c2=0.0412 | fitness=2176.55
[REWARD DEBUG iter 400] FitnessImprovement: 0.0357 → Reward: +0.0076 (prevFit=2176.55, currFit=2176.52)
[REWARD DEBUG] Improvement: 0.0318 → Reward: +0.0068
[REWARD DEBUG] Improvement: 0.1163 → Reward: +0.0239
[REWARD DEBUG] Stagnation (normal): 0.0000 → Reward: 0.0
[REWARD DEBUG] Stagnation (normal): 0.0000 → Reward: 0.0
[REWARD DEBUG] Improvement: 0.0806 → Reward: +0.0168
[REWARD DEBUG] Improvement: 0.0441 → Reward: +0.0094
[REWARD DEBUG] Improvement: 0.0064 → Reward: +0.0014
[ACTION DEBUG iter 500] Raw action[1:3]: [1.0000, 0.2620, -1.0000], noise: 0.0500
[ACTION DEBUG iter 500] WARNING: 10/20 actions clipped (network saturating)
[RLAMPSO DEBUG iter 500] w=0.9000, c1=1.9207, c2=0.0000 | fitness=2167.13
[REWARD DEBUG] Improvement: 0.0168 → Reward: +0.0036
[REWARD DEBUG iter 500] FitnessImprovement: 0.0168 → Reward: +0.0036 (prevFit=2167.13, currFit=2167.12)
[REWARD DEBUG] Improvement: 0.0122 → Reward: +0.0026
[REWARD DEBUG] Improvement: 0.0093 → Reward: +0.0020
[REWARD DEBUG] Improvement: 0.0091 → Reward: +0.0020
[REWARD DEBUG] Improvement: 0.0082 → Reward: +0.0018
[REWARD DEBUG] Improvement: 0.0059 → Reward: +0.0013
[REWARD DEBUG] Improvement: 0.0157 → Reward: +0.0034
[REWARD DEBUG] Improvement: 0.0108 → Reward: +0.0023
[REWARD DEBUG] Improvement: 0.0019 → Reward: +0.0004
[REWARD DEBUG] Improvement: 0.0015 → Reward: +0.0003
[REWARD DEBUG] Improvement: 0.0166 → Reward: +0.0036
[REWARD DEBUG] Improvement: 0.0049 → Reward: +0.0011
[REWARD DEBUG] Improvement: 0.0064 → Reward: +0.0014
[ACTION DEBUG iter 600] Raw action[1:3]: [1.0000, 0.3442, -1.0000], noise: 0.0500
[ACTION DEBUG iter 600] WARNING: 9/20 actions clipped (network saturating)
[RLAMPSO DEBUG iter 600] w=0.9000, c1=2.0663, c2=0.0468 | fitness=2166.25
[REWARD DEBUG iter 600] FitnessImprovement: 0.0033 → Reward: +0.0007 (prevFit=2166.25, currFit=2166.25)
[Ep  28/1000] Fit:  2166.2 | Avg:  1958.0 | Reward:  +92.9 | Time:  62.8s
          Buffer: 13347 | Noise: 0.0869 | ActorLoss: 3.278e-02 | CriticLoss: 1.294e-02
[REWARD DEBUG] Stagnation (normal): 0.0000 → Reward: 0.0
[REWARD DEBUG] Stagnation (normal): 0.0000 → Reward: 0.0
[REWARD DEBUG] Stagnation (normal): 0.0000 → Reward: 0.0
[REWARD DEBUG] Improvement: 13.6204 → Reward: +0.5825
[REWARD DEBUG] Stagnation (normal): 0.0000 → Reward: 0.0
[REWARD DEBUG] Improvement: 154.5862 → Reward: +1.0000
[REWARD DEBUG] Stagnation (normal): 0.0000 → Reward: 0.0
[ACTION DEBUG iter 100] Raw action[1:3]: [1.0000, 0.3602, -1.0000], noise: 0.0500
[ACTION DEBUG iter 100] WARNING: 10/20 actions clipped (network saturating)
[RLAMPSO DEBUG iter 100] w=0.9000, c1=2.1197, c2=0.0003 | fitness=2758.31
[REWARD DEBUG iter 100] FitnessImprovement: 15.8718 → Reward: +0.6136 (prevFit=2758.31, currFit=2742.44)
[REWARD DEBUG] Stagnation (normal): 0.0000 → Reward: 0.0
[REWARD DEBUG] Stagnation (normal): 0.0000 → Reward: 0.0
[REWARD DEBUG] Improvement: 15.1113 → Reward: +0.6036
[REWARD DEBUG] Stagnation (normal): 0.0000 → Reward: 0.0
[REWARD DEBUG] Improvement: 9.1136 → Reward: +0.5025
[REWARD DEBUG] Improvement: 5.4185 → Reward: +0.4037
[REWARD DEBUG] Improvement: 9.9861 → Reward: +0.5204
[REWARD DEBUG] Improvement: 3.8286 → Reward: +0.3419
[REWARD DEBUG] Stagnation (normal): 0.0000 → Reward: 0.0
[REWARD DEBUG] Improvement: 6.8357 → Reward: +0.4470
[REWARD DEBUG] Improvement: 1.9904 → Reward: +0.2379
[REWARD DEBUG] Stagnation (normal): 0.0000 → Reward: 0.0
[ACTION DEBUG iter 200] Raw action[1:3]: [1.0000, 0.3895, -1.0000], noise: 0.0500
[ACTION DEBUG iter 200] WARNING: 9/20 actions clipped (network saturating)
[RLAMPSO DEBUG iter 200] w=0.9000, c1=2.0843, c2=0.0037 | fitness=2134.78
[REWARD DEBUG iter 200] FitnessImprovement: 0.0873 → Reward: +0.0182 (prevFit=2134.78, currFit=2134.70)
[REWARD DEBUG] Stagnation (normal): 0.0000 → Reward: 0.0
[REWARD DEBUG] Stagnation (normal): 0.0000 → Reward: 0.0
[REWARD DEBUG] Stagnation (normal): 0.0000 → Reward: 0.0
[REWARD DEBUG] Improvement: 9.1867 → Reward: +0.5040
[REWARD DEBUG] Stagnation (normal): 0.0000 → Reward: 0.0
[REWARD DEBUG] Stagnation (normal): 0.0000 → Reward: 0.0
[REWARD DEBUG] Stagnation (normal): 0.0000 → Reward: 0.0
[ACTION DEBUG iter 300] Raw action[1:3]: [1.0000, 0.4834, -1.0000], noise: 0.0500
[ACTION DEBUG iter 300] WARNING: 6/20 actions clipped (network saturating)
[RLAMPSO DEBUG iter 300] w=0.9000, c1=2.1344, c2=0.0000 | fitness=2079.29
[REWARD DEBUG iter 300] FitnessImprovement: 0.0000 → Reward: +0.0000 (prevFit=2079.29, currFit=2079.29)
[REWARD DEBUG] Stagnation (normal): 0.0000 → Reward: 0.0
[REWARD DEBUG] Stagnation (normal): 0.0000 → Reward: 0.0
[REWARD DEBUG] Stagnation (normal): 0.0000 → Reward: 0.0
[REWARD DEBUG] Stagnation (normal): 0.0000 → Reward: 0.0
[REWARD DEBUG] Stagnation (normal): 0.0000 → Reward: 0.0
[REWARD DEBUG] Stagnation (normal): 0.0000 → Reward: 0.0
[REWARD DEBUG] Stagnation (normal): 0.0000 → Reward: 0.0
[REWARD DEBUG] Stagnation (normal): 0.0000 → Reward: 0.0
[REWARD DEBUG] Stagnation (normal): 0.0000 → Reward: 0.0
[REWARD DEBUG] Stagnation (normal): 0.0000 → Reward: 0.0
[REWARD DEBUG] Stagnation (normal): 0.0000 → Reward: 0.0
[REWARD DEBUG] Stagnation (normal): 0.0000 → Reward: 0.0
[ACTION DEBUG iter 400] Raw action[1:3]: [1.0000, 0.6139, -1.0000], noise: 0.0500
[ACTION DEBUG iter 400] WARNING: 10/20 actions clipped (network saturating)
[RLAMPSO DEBUG iter 400] w=0.9000, c1=2.2619, c2=0.0000 | fitness=2025.63
[REWARD DEBUG iter 400] FitnessImprovement: 0.0000 → Reward: +0.0000 (prevFit=2025.63, currFit=2025.63)
[REWARD DEBUG] Stagnation (normal): 0.0000 → Reward: 0.0
[REWARD DEBUG] Stagnation (normal): 0.0000 → Reward: 0.0
[REWARD DEBUG] Stagnation (normal): 0.0000 → Reward: 0.0
[REWARD DEBUG] Stagnation (normal): 0.0000 → Reward: 0.0
[REWARD DEBUG] Stagnation (normal): 0.0000 → Reward: 0.0
[REWARD DEBUG] Stagnation (normal): 0.0000 → Reward: 0.0
[REWARD DEBUG] Stagnation (normal): 0.0000 → Reward: 0.0
[REWARD DEBUG] Stagnation (normal): 0.0000 → Reward: 0.0
[ACTION DEBUG iter 500] Raw action[1:3]: [1.0000, 0.7488, -1.0000], noise: 0.0500
[ACTION DEBUG iter 500] WARNING: 9/20 actions clipped (network saturating)
[RLAMPSO DEBUG iter 500] w=0.9000, c1=2.6853, c2=0.1055 | fitness=2024.11
[REWARD DEBUG] Stagnation (normal): 0.0000 → Reward: 0.0
[REWARD DEBUG iter 500] FitnessImprovement: 0.0000 → Reward: +0.0000 (prevFit=2024.11, currFit=2024.11)
[REWARD DEBUG] Stagnation (normal): 0.0000 → Reward: 0.0
[REWARD DEBUG] Stagnation (normal): 0.0000 → Reward: 0.0
[REWARD DEBUG] Stagnation (normal): 0.0000 → Reward: 0.0
[REWARD DEBUG] Stagnation (normal): 0.0000 → Reward: 0.0
[REWARD DEBUG] Stagnation (normal): 0.0000 → Reward: 0.0
[REWARD DEBUG] Stagnation (normal): 0.0000 → Reward: 0.0
[REWARD DEBUG] Improvement: 0.9713 → Reward: +0.1474
[REWARD DEBUG] Stagnation (normal): 0.0000 → Reward: 0.0
[REWARD DEBUG] Stagnation (normal): 0.0000 → Reward: 0.0
[REWARD DEBUG] Stagnation (normal): 0.0000 → Reward: 0.0
[REWARD DEBUG] Stagnation (normal): 0.0000 → Reward: 0.0
[REWARD DEBUG] Stagnation (normal): 0.0000 → Reward: 0.0
[REWARD DEBUG] Stagnation (normal): 0.0000 → Reward: 0.0
[REWARD DEBUG] Stagnation (normal): 0.0000 → Reward: 0.0
[REWARD DEBUG] Stagnation (normal): 0.0000 → Reward: 0.0
[REWARD DEBUG] Stagnation (normal): 0.0000 → Reward: 0.0
[ACTION DEBUG iter 600] Raw action[1:3]: [1.0000, 0.8771, -1.0000], noise: 0.0500
[ACTION DEBUG iter 600] WARNING: 12/20 actions clipped (network saturating)
[RLAMPSO DEBUG iter 600] w=0.9000, c1=2.8369, c2=0.0000 | fitness=2007.04
[REWARD DEBUG iter 600] FitnessImprovement: 0.0000 → Reward: +0.0000 (prevFit=2007.04, currFit=2007.04)
[Ep  29/1000] Fit:  2007.0 | Avg:  1965.4 | Reward:  +85.5 | Time:  58.5s
          Buffer: 13897 | Noise: 0.0865 | ActorLoss: 5.349e-01 | CriticLoss: 2.263e-03
[REWARD DEBUG] Improvement: 2.7511 → Reward: +0.2871
[REWARD DEBUG] Improvement: 24.2899 → Reward: +0.7015
[REWARD DEBUG] Stagnation (normal): 0.0000 → Reward: 0.0
[REWARD DEBUG] Stagnation (normal): 0.0000 → Reward: 0.0
[REWARD DEBUG] Stagnation (normal): 0.0000 → Reward: 0.0
[REWARD DEBUG] Stagnation (normal): 0.0000 → Reward: 0.0
[REWARD DEBUG] Stagnation (normal): 0.0000 → Reward: 0.0
[ACTION DEBUG iter 100] Raw action[1:3]: [1.0000, 0.9332, -1.0000], noise: 0.0500
[ACTION DEBUG iter 100] WARNING: 9/20 actions clipped (network saturating)
[RLAMPSO DEBUG iter 100] w=0.9000, c1=2.8910, c2=0.0764 | fitness=2211.57
[REWARD DEBUG iter 100] FitnessImprovement: 0.0000 → Reward: +0.0000 (prevFit=2211.57, currFit=2211.57)
[REWARD DEBUG] Stagnation (normal): 0.0000 → Reward: 0.0
[REWARD DEBUG] Improvement: 31.5802 → Reward: +0.7565
[REWARD DEBUG] Stagnation (normal): 0.0000 → Reward: 0.0
[REWARD DEBUG] Stagnation (normal): 0.0000 → Reward: 0.0
[REWARD DEBUG] Stagnation (normal): 0.0000 → Reward: 0.0
[ACTION DEBUG iter 200] Raw action[1:3]: [1.0000, 0.9952, -1.0000], noise: 0.0500
[ACTION DEBUG iter 200] WARNING: 11/20 actions clipped (network saturating)
[RLAMPSO DEBUG iter 200] w=0.9000, c1=2.8680, c2=0.0000 | fitness=2024.20
[REWARD DEBUG iter 200] FitnessImprovement: 0.0000 → Reward: +0.0000 (prevFit=2024.20, currFit=2024.20)
[REWARD DEBUG] Stagnation (normal): 0.0000 → Reward: 0.0
[REWARD DEBUG] Stagnation (normal): 0.0000 → Reward: 0.0
[REWARD DEBUG] Stagnation (normal): 0.0000 → Reward: 0.0
[REWARD DEBUG] Stagnation (normal): 0.0000 → Reward: 0.0
[REWARD DEBUG] Stagnation (normal): 0.0000 → Reward: 0.0
[REWARD DEBUG] Stagnation (normal): 0.0000 → Reward: 0.0
[REWARD DEBUG] Stagnation (normal): 0.0000 → Reward: 0.0
[REWARD DEBUG] Stagnation (normal): 0.0000 → Reward: 0.0
[REWARD DEBUG] Stagnation (normal): 0.0000 → Reward: 0.0
[REWARD DEBUG] Stagnation (normal): 0.0000 → Reward: 0.0
[REWARD DEBUG] Stagnation (normal): 0.0000 → Reward: 0.0
[REWARD DEBUG] Stagnation (normal): 0.0000 → Reward: 0.0
[REWARD DEBUG] Stagnation (normal): 0.0000 → Reward: 0.0
[ACTION DEBUG iter 300] Raw action[1:3]: [1.0000, 1.0000, -1.0000], noise: 0.0500
[ACTION DEBUG iter 300] WARNING: 8/20 actions clipped (network saturating)
[RLAMPSO DEBUG iter 300] w=0.9000, c1=3.0000, c2=0.1877 | fitness=2004.12
[REWARD DEBUG iter 300] FitnessImprovement: 0.0000 → Reward: +0.0000 (prevFit=2004.12, currFit=2004.12)
[REWARD DEBUG] Stagnation (normal): 0.0000 → Reward: 0.0
[REWARD DEBUG] Stagnation (normal): 0.0000 → Reward: 0.0
[REWARD DEBUG] Stagnation (normal): 0.0000 → Reward: 0.0
[REWARD DEBUG] Stagnation (normal): 0.0000 → Reward: 0.0
[REWARD DEBUG] Stagnation (normal): 0.0000 → Reward: 0.0
[REWARD DEBUG] Stagnation (normal): 0.0000 → Reward: 0.0
[Ep  30/1000] Fit:  2004.1 | Avg:  1985.8 | Reward:  +65.1 | Time:  30.6s
          Buffer: 14221 | Noise: 0.0860 | ActorLoss: 6.723e-01 | CriticLoss: 1.491e-03
[REWARD DEBUG] Improvement: 56.6392 → Reward: +0.8804
[REWARD DEBUG] Stagnation (normal): 0.0000 → Reward: 0.0
[REWARD DEBUG] Stagnation (normal): 0.0000 → Reward: 0.0
[REWARD DEBUG] Stagnation (normal): 0.0000 → Reward: 0.0
[REWARD DEBUG] Stagnation (normal): 0.0000 → Reward: 0.0
[REWARD DEBUG] Stagnation (normal): 0.0000 → Reward: 0.0
[REWARD DEBUG] Stagnation (normal): 0.0000 → Reward: 0.0
[ACTION DEBUG iter 100] Raw action[1:3]: [1.0000, 1.0000, -1.0000], noise: 0.0500
[ACTION DEBUG iter 100] WARNING: 12/20 actions clipped (network saturating)
[RLAMPSO DEBUG iter 100] w=0.9000, c1=2.8500, c2=0.0000 | fitness=2497.95
[REWARD DEBUG iter 100] FitnessImprovement: 0.0000 → Reward: +0.0000 (prevFit=2497.95, currFit=2497.95)
[REWARD DEBUG] Stagnation (normal): 0.0000 → Reward: 0.0
[REWARD DEBUG] Stagnation (normal): 0.0000 → Reward: 0.0
[REWARD DEBUG] Stagnation (normal): 0.0000 → Reward: 0.0
[REWARD DEBUG] Improvement: 23.8833 → Reward: +0.6980
[REWARD DEBUG] Stagnation (normal): 0.0000 → Reward: 0.0
[REWARD DEBUG] Stagnation (normal): 0.0000 → Reward: 0.0
[REWARD DEBUG] Improvement: 2.4091 → Reward: +0.2663
[REWARD DEBUG] Stagnation (normal): 0.0000 → Reward: 0.0
[REWARD DEBUG] Improvement: 1.4222 → Reward: +0.1921
[REWARD DEBUG] Stagnation (normal): 0.0000 → Reward: 0.0
[REWARD DEBUG] Stagnation (normal): 0.0000 → Reward: 0.0
[REWARD DEBUG] Stagnation (normal): 0.0000 → Reward: 0.0
[REWARD DEBUG] Stagnation (normal): 0.0000 → Reward: 0.0
[REWARD DEBUG] Stagnation (normal): 0.0000 → Reward: 0.0
[REWARD DEBUG] Stagnation (normal): 0.0000 → Reward: 0.0
[ACTION DEBUG iter 200] Raw action[1:3]: [1.0000, 1.0000, -1.0000], noise: 0.0500
[ACTION DEBUG iter 200] WARNING: 10/20 actions clipped (network saturating)
[RLAMPSO DEBUG iter 200] w=0.9000, c1=3.0000, c2=0.0000 | fitness=2178.66
[REWARD DEBUG] Stagnation (normal): 0.0000 → Reward: 0.0
[REWARD DEBUG iter 200] FitnessImprovement: 0.0000 → Reward: +0.0000 (prevFit=2178.66, currFit=2178.66)
[REWARD DEBUG] Stagnation (normal): 0.0000 → Reward: 0.0
[REWARD DEBUG] Stagnation (normal): 0.0000 → Reward: 0.0
[REWARD DEBUG] Stagnation (normal): 0.0000 → Reward: 0.0
[REWARD DEBUG] Stagnation (normal): 0.0000 → Reward: 0.0
[REWARD DEBUG] Stagnation (normal): 0.0000 → Reward: 0.0
[REWARD DEBUG] Stagnation (normal): 0.0000 → Reward: 0.0
[REWARD DEBUG] Stagnation (normal): 0.0000 → Reward: 0.0
[REWARD DEBUG] Stagnation (normal): 0.0000 → Reward: 0.0
[REWARD DEBUG] Stagnation (normal): 0.0000 → Reward: 0.0
[REWARD DEBUG] Stagnation (normal): 0.0000 → Reward: 0.0
[REWARD DEBUG] Stagnation (normal): 0.0000 → Reward: 0.0
[ACTION DEBUG iter 300] Raw action[1:3]: [1.0000, 1.0000, -1.0000], noise: 0.0500
[ACTION DEBUG iter 300] WARNING: 8/20 actions clipped (network saturating)
[RLAMPSO DEBUG iter 300] w=0.9000, c1=2.8965, c2=0.0886 | fitness=2002.10
[REWARD DEBUG iter 300] FitnessImprovement: 0.0000 → Reward: +0.0000 (prevFit=2002.10, currFit=2002.10)
[REWARD DEBUG] Stagnation (normal): 0.0000 → Reward: 0.0
[REWARD DEBUG] Stagnation (normal): 0.0000 → Reward: 0.0
[REWARD DEBUG] Stagnation (normal): 0.0000 → Reward: 0.0
[REWARD DEBUG] Stagnation (normal): 0.0000 → Reward: 0.0
[REWARD DEBUG] Stagnation (normal): 0.0000 → Reward: 0.0
[REWARD DEBUG] Stagnation (normal): 0.0000 → Reward: 0.0
[REWARD DEBUG] Stagnation (normal): 0.0000 → Reward: 0.0
[ACTION DEBUG iter 400] Raw action[1:3]: [1.0000, 1.0000, -1.0000], noise: 0.0500
[ACTION DEBUG iter 400] WARNING: 8/20 actions clipped (network saturating)
[RLAMPSO DEBUG iter 400] w=0.9000, c1=3.0000, c2=0.0739 | fitness=2001.13
[REWARD DEBUG iter 400] FitnessImprovement: 0.0000 → Reward: +0.0000 (prevFit=2001.13, currFit=2001.13)
[REWARD DEBUG] Stagnation (normal): 0.0000 → Reward: 0.0
[REWARD DEBUG] Stagnation (normal): 0.0000 → Reward: 0.0
[REWARD DEBUG] Stagnation (normal): 0.0000 → Reward: 0.0
[REWARD DEBUG] Stagnation (normal): 0.0000 → Reward: 0.0
[REWARD DEBUG] Stagnation (normal): 0.0000 → Reward: 0.0
[Ep  31/1000] Fit:  2001.1 | Avg:  2004.8 | Reward:  +46.2 | Time:  36.1s
          Buffer: 14623 | Noise: 0.0856 | ActorLoss: 1.286e-01 | CriticLoss: 8.084e-02
[REWARD DEBUG] Stagnation (normal): 0.0000 → Reward: 0.0
[REWARD DEBUG] Stagnation (normal): 0.0000 → Reward: 0.0
[REWARD DEBUG] Stagnation (normal): 0.0000 → Reward: 0.0
[REWARD DEBUG] Stagnation (normal): 0.0000 → Reward: 0.0
[REWARD DEBUG] Stagnation (normal): 0.0000 → Reward: 0.0
[REWARD DEBUG] Stagnation (normal): 0.0000 → Reward: 0.0
[REWARD DEBUG] Stagnation (normal): 0.0000 → Reward: 0.0
[REWARD DEBUG] Stagnation (normal): 0.0000 → Reward: 0.0
[REWARD DEBUG] Stagnation (normal): 0.0000 → Reward: 0.0
[ACTION DEBUG iter 100] Raw action[1:3]: [1.0000, 1.0000, -1.0000], noise: 0.0500
[ACTION DEBUG iter 100] WARNING: 11/20 actions clipped (network saturating)
[RLAMPSO DEBUG iter 100] w=0.9000, c1=2.9431, c2=0.0000 | fitness=2386.99
[REWARD DEBUG iter 100] FitnessImprovement: 0.0000 → Reward: +0.0000 (prevFit=2386.99, currFit=2386.99)
[REWARD DEBUG] Stagnation (normal): 0.0000 → Reward: 0.0
[REWARD DEBUG] Stagnation (normal): 0.0000 → Reward: 0.0
[REWARD DEBUG] Stagnation (normal): 0.0000 → Reward: 0.0
[REWARD DEBUG] Improvement: 33.5429 → Reward: +0.7692
[REWARD DEBUG] Stagnation (normal): 0.0000 → Reward: 0.0
[REWARD DEBUG] Improvement: 2.4772 → Reward: +0.2706
[REWARD DEBUG] Stagnation (normal): 0.0000 → Reward: 0.0
[REWARD DEBUG] Stagnation (normal): 0.0000 → Reward: 0.0
[REWARD DEBUG] Stagnation (normal): 0.0000 → Reward: 0.0
[REWARD DEBUG] Stagnation (normal): 0.0000 → Reward: 0.0
[REWARD DEBUG] Stagnation (normal): 0.0000 → Reward: 0.0
[REWARD DEBUG] Stagnation (normal): 0.0000 → Reward: 0.0
[ACTION DEBUG iter 200] Raw action[1:3]: [1.0000, 1.0000, -1.0000], noise: 0.0500
[ACTION DEBUG iter 200] WARNING: 8/20 actions clipped (network saturating)
[RLAMPSO DEBUG iter 200] w=0.9000, c1=3.0000, c2=0.0823 | fitness=2144.16
[REWARD DEBUG iter 200] FitnessImprovement: 38.3243 → Reward: +0.7973 (prevFit=2144.16, currFit=2105.84)
[REWARD DEBUG] Stagnation (normal): 0.0000 → Reward: 0.0
[REWARD DEBUG] Stagnation (normal): 0.0000 → Reward: 0.0
[REWARD DEBUG] Stagnation (normal): 0.0000 → Reward: 0.0
[REWARD DEBUG] Stagnation (normal): 0.0000 → Reward: 0.0
[REWARD DEBUG] Stagnation (normal): 0.0000 → Reward: 0.0
[REWARD DEBUG] Stagnation (normal): 0.0000 → Reward: 0.0
[REWARD DEBUG] Stagnation (normal): 0.0000 → Reward: 0.0
[ACTION DEBUG iter 300] Raw action[1:3]: [1.0000, 1.0000, -1.0000], noise: 0.0500
[ACTION DEBUG iter 300] WARNING: 18/20 actions clipped (network saturating)
[RLAMPSO DEBUG iter 300] w=0.9000, c1=2.9787, c2=0.0000 | fitness=2074.92
[REWARD DEBUG iter 300] FitnessImprovement: 0.0000 → Reward: +0.0000 (prevFit=2074.92, currFit=2074.92)
[REWARD DEBUG] Stagnation (normal): 0.0000 → Reward: 0.0
[REWARD DEBUG] Stagnation (normal): 0.0000 → Reward: 0.0
[REWARD DEBUG] Stagnation (normal): 0.0000 → Reward: 0.0
[REWARD DEBUG] Stagnation (normal): 0.0000 → Reward: 0.0
[REWARD DEBUG] Stagnation (normal): 0.0000 → Reward: 0.0
[REWARD DEBUG] Stagnation (normal): 0.0000 → Reward: 0.0
[REWARD DEBUG] Stagnation (normal): 0.0000 → Reward: 0.0
[REWARD DEBUG] Stagnation (normal): 0.0000 → Reward: 0.0
[REWARD DEBUG] Stagnation (normal): 0.0000 → Reward: 0.0
[REWARD DEBUG] Stagnation (normal): 0.0000 → Reward: 0.0
[REWARD DEBUG] Stagnation (normal): 0.0000 → Reward: 0.0
[ACTION DEBUG iter 400] Raw action[1:3]: [1.0000, 1.0000, -1.0000], noise: 0.0500
[ACTION DEBUG iter 400] WARNING: 10/20 actions clipped (network saturating)
[RLAMPSO DEBUG iter 400] w=0.9000, c1=3.0000, c2=0.0000 | fitness=2028.91
[REWARD DEBUG iter 400] FitnessImprovement: 0.0000 → Reward: +0.0000 (prevFit=2028.91, currFit=2028.91)
[REWARD DEBUG] Stagnation (normal): 0.0000 → Reward: 0.0
[REWARD DEBUG] Stagnation (normal): 0.0000 → Reward: 0.0
[REWARD DEBUG] Stagnation (normal): 0.0000 → Reward: 0.0
[REWARD DEBUG] Stagnation (normal): 0.0000 → Reward: 0.0
[REWARD DEBUG] Stagnation (normal): 0.0000 → Reward: 0.0
[REWARD DEBUG] Stagnation (normal): 0.0000 → Reward: 0.0
[REWARD DEBUG] Stagnation (normal): 0.0000 → Reward: 0.0
[REWARD DEBUG] Stagnation (normal): 0.0000 → Reward: 0.0
[ACTION DEBUG iter 500] Raw action[1:3]: [1.0000, 1.0000, -1.0000], noise: 0.0500
[ACTION DEBUG iter 500] WARNING: 11/20 actions clipped (network saturating)
[RLAMPSO DEBUG iter 500] w=0.9000, c1=2.9371, c2=0.0000 | fitness=2008.55
[REWARD DEBUG] Stagnation (normal): 0.0000 → Reward: 0.0
[REWARD DEBUG iter 500] FitnessImprovement: 0.0000 → Reward: +0.0000 (prevFit=2008.55, currFit=2008.55)
[REWARD DEBUG] Stagnation (normal): 0.0000 → Reward: 0.0
[REWARD DEBUG] Stagnation (normal): 0.0000 → Reward: 0.0
[REWARD DEBUG] Stagnation (normal): 0.0000 → Reward: 0.0
[REWARD DEBUG] Stagnation (normal): 0.0000 → Reward: 0.0
[REWARD DEBUG] Stagnation (normal): 0.0000 → Reward: 0.0
[REWARD DEBUG] Stagnation (normal): 0.0000 → Reward: 0.0
[REWARD DEBUG] Stagnation (normal): 0.0000 → Reward: 0.0
[REWARD DEBUG] Stagnation (normal): 0.0000 → Reward: 0.0
[REWARD DEBUG] Stagnation (normal): 0.0000 → Reward: 0.0
[REWARD DEBUG] Stagnation (normal): 0.0000 → Reward: 0.0
[REWARD DEBUG] Stagnation (normal): 0.0000 → Reward: 0.0
[REWARD DEBUG] Stagnation (normal): 0.0000 → Reward: 0.0
[REWARD DEBUG] Stagnation (normal): 0.0000 → Reward: 0.0
[REWARD DEBUG] Stagnation (normal): 0.0000 → Reward: 0.0
[ACTION DEBUG iter 600] Raw action[1:3]: [0.9999, 1.0000, -1.0000], noise: 0.0500
[ACTION DEBUG iter 600] WARNING: 7/20 actions clipped (network saturating)
[RLAMPSO DEBUG iter 600] w=0.9000, c1=2.9574, c2=0.0242 | fitness=2008.55
[REWARD DEBUG] Stagnation (normal): 0.0000 → Reward: 0.0
[REWARD DEBUG iter 600] FitnessImprovement: 0.0000 → Reward: +0.0000 (prevFit=2008.55, currFit=2008.55)
[Ep  32/1000] Fit:  2008.5 | Avg:  2014.1 | Reward:  +36.8 | Time:  58.6s
          Buffer: 15173 | Noise: 0.0852 | ActorLoss: 3.281e-01 | CriticLoss: 8.969e-04
[REWARD DEBUG] Stagnation (normal): 0.0000 → Reward: 0.0
[REWARD DEBUG] Stagnation (normal): 0.0000 → Reward: 0.0
[REWARD DEBUG] Improvement: 10.3777 → Reward: +0.5280
[REWARD DEBUG] Stagnation (normal): 0.0000 → Reward: 0.0
[REWARD DEBUG] Stagnation (normal): 0.0000 → Reward: 0.0
[REWARD DEBUG] Stagnation (normal): 0.0000 → Reward: 0.0
[REWARD DEBUG] Stagnation (normal): 0.0000 → Reward: 0.0
[REWARD DEBUG] Stagnation (normal): 0.0000 → Reward: 0.0
[ACTION DEBUG iter 100] Raw action[1:3]: [0.9999, 1.0000, -1.0000], noise: 0.0500
[ACTION DEBUG iter 100] WARNING: 10/20 actions clipped (network saturating)
[RLAMPSO DEBUG iter 100] w=0.9000, c1=2.9028, c2=0.0905 | fitness=2716.98
[REWARD DEBUG] Stagnation (normal): 0.0000 → Reward: 0.0
[REWARD DEBUG iter 100] FitnessImprovement: 0.0000 → Reward: +0.0000 (prevFit=2716.98, currFit=2716.98)
[REWARD DEBUG] Stagnation (normal): 0.0000 → Reward: 0.0
[REWARD DEBUG] Stagnation (normal): 0.0000 → Reward: 0.0
[REWARD DEBUG] Stagnation (normal): 0.0000 → Reward: 0.0
[REWARD DEBUG] Stagnation (normal): 0.0000 → Reward: 0.0
[REWARD DEBUG] Stagnation (normal): 0.0000 → Reward: 0.0
[ACTION DEBUG iter 200] Raw action[1:3]: [0.9998, 1.0000, -1.0000], noise: 0.0500
[ACTION DEBUG iter 200] WARNING: 12/20 actions clipped (network saturating)
[RLAMPSO DEBUG iter 200] w=0.9000, c1=2.9345, c2=0.0000 | fitness=2221.03
[REWARD DEBUG iter 200] FitnessImprovement: 0.0000 → Reward: +0.0000 (prevFit=2221.03, currFit=2221.03)
[REWARD DEBUG] Stagnation (normal): 0.0000 → Reward: 0.0
[REWARD DEBUG] Stagnation (normal): 0.0000 → Reward: 0.0
[REWARD DEBUG] Stagnation (normal): 0.0000 → Reward: 0.0
[REWARD DEBUG] Stagnation (normal): 0.0000 → Reward: 0.0
[REWARD DEBUG] Stagnation (normal): 0.0000 → Reward: 0.0
[REWARD DEBUG] Stagnation (normal): 0.0000 → Reward: 0.0
[REWARD DEBUG] Stagnation (normal): 0.0000 → Reward: 0.0
[ACTION DEBUG iter 300] Raw action[1:3]: [0.9997, 1.0000, -1.0000], noise: 0.0500
[ACTION DEBUG iter 300] WARNING: 13/20 actions clipped (network saturating)
[RLAMPSO DEBUG iter 300] w=0.9000, c1=2.9656, c2=0.0000 | fitness=2182.33
[REWARD DEBUG iter 300] FitnessImprovement: 0.4742 → Reward: +0.0843 (prevFit=2182.33, currFit=2181.86)
[REWARD DEBUG] Stagnation (normal): 0.0000 → Reward: 0.0
[REWARD DEBUG] Stagnation (normal): 0.0000 → Reward: 0.0
[REWARD DEBUG] Stagnation (normal): 0.0000 → Reward: 0.0
[REWARD DEBUG] Stagnation (normal): 0.0000 → Reward: 0.0
[REWARD DEBUG] Stagnation (normal): 0.0000 → Reward: 0.0
[REWARD DEBUG] Stagnation (normal): 0.0000 → Reward: 0.0
[REWARD DEBUG] Stagnation (normal): 0.0000 → Reward: 0.0
[REWARD DEBUG] Stagnation (normal): 0.0000 → Reward: 0.0
[REWARD DEBUG] Stagnation (normal): 0.0000 → Reward: 0.0
[ACTION DEBUG iter 400] Raw action[1:3]: [0.9996, 1.0000, -1.0000], noise: 0.0500
[ACTION DEBUG iter 400] WARNING: 9/20 actions clipped (network saturating)
[RLAMPSO DEBUG iter 400] w=0.9000, c1=2.9913, c2=0.0000 | fitness=2120.22
[REWARD DEBUG iter 400] FitnessImprovement: 0.0000 → Reward: +0.0000 (prevFit=2120.22, currFit=2120.22)
[REWARD DEBUG] Stagnation (normal): 0.0000 → Reward: 0.0
[REWARD DEBUG] Stagnation (normal): 0.0000 → Reward: 0.0
[REWARD DEBUG] Improvement: 5.7606 → Reward: +0.4150
[REWARD DEBUG] Stagnation (normal): 0.0000 → Reward: 0.0
[REWARD DEBUG] Stagnation (normal): 0.0000 → Reward: 0.0
[REWARD DEBUG] Stagnation (normal): 0.0000 → Reward: 0.0
[REWARD DEBUG] Stagnation (normal): 0.0000 → Reward: 0.0
[REWARD DEBUG] Stagnation (normal): 0.0000 → Reward: 0.0
[ACTION DEBUG iter 500] Raw action[1:3]: [0.9995, 1.0000, -1.0000], noise: 0.0500
[ACTION DEBUG iter 500] WARNING: 12/20 actions clipped (network saturating)
[RLAMPSO DEBUG iter 500] w=0.9000, c1=2.8645, c2=0.0000 | fitness=2038.88
[REWARD DEBUG iter 500] FitnessImprovement: 0.0000 → Reward: +0.0000 (prevFit=2038.88, currFit=2038.88)
[REWARD DEBUG] Stagnation (normal): 0.0000 → Reward: 0.0
[REWARD DEBUG] Stagnation (normal): 0.0000 → Reward: 0.0
[REWARD DEBUG] Stagnation (normal): 0.0000 → Reward: 0.0
[REWARD DEBUG] Stagnation (normal): 0.0000 → Reward: 0.0
[REWARD DEBUG] Stagnation (normal): 0.0000 → Reward: 0.0
[REWARD DEBUG] Stagnation (normal): 0.0000 → Reward: 0.0
[REWARD DEBUG] Stagnation (normal): 0.0000 → Reward: 0.0
[REWARD DEBUG] Stagnation (normal): 0.0000 → Reward: 0.0
[ACTION DEBUG iter 600] Raw action[1:3]: [0.9993, 1.0000, -1.0000], noise: 0.0500
[ACTION DEBUG iter 600] WARNING: 11/20 actions clipped (network saturating)
[RLAMPSO DEBUG iter 600] w=0.9000, c1=2.8016, c2=0.0000 | fitness=2013.45
[REWARD DEBUG iter 600] FitnessImprovement: 0.0000 → Reward: +0.0000 (prevFit=2013.45, currFit=2013.45)
[Ep  33/1000] Fit:  2013.4 | Avg:  2039.3 | Reward:  +11.7 | Time:  62.6s
          Buffer: 15723 | Noise: 0.0848 | ActorLoss: 4.084e-01 | CriticLoss: 3.218e-04
[REWARD DEBUG] Improvement: 11.3593 → Reward: +0.5460
[REWARD DEBUG] Stagnation (normal): 0.0000 → Reward: 0.0
[REWARD DEBUG] Improvement: 25.5334 → Reward: +0.7119
[REWARD DEBUG] Stagnation (normal): 0.0000 → Reward: 0.0
[REWARD DEBUG] Stagnation (normal): 0.0000 → Reward: 0.0
[REWARD DEBUG] Stagnation (normal): 0.0000 → Reward: 0.0
[REWARD DEBUG] Stagnation (normal): 0.0000 → Reward: 0.0
[ACTION DEBUG iter 100] Raw action[1:3]: [0.9993, 1.0000, -1.0000], noise: 0.0500
[ACTION DEBUG iter 100] WARNING: 10/20 actions clipped (network saturating)
[RLAMPSO DEBUG iter 100] w=0.9000, c1=3.0000, c2=0.0000 | fitness=2583.90
[REWARD DEBUG iter 100] FitnessImprovement: 0.0000 → Reward: +0.0000 (prevFit=2583.90, currFit=2583.90)
[REWARD DEBUG] Improvement: 8.4251 → Reward: +0.4871
[REWARD DEBUG] Stagnation (normal): 0.0000 → Reward: 0.0
[REWARD DEBUG] Stagnation (normal): 0.0000 → Reward: 0.0
[REWARD DEBUG] Improvement: 1.5705 → Reward: +0.2050
[REWARD DEBUG] Stagnation (normal): 0.0000 → Reward: 0.0
[REWARD DEBUG] Stagnation (normal): 0.0000 → Reward: 0.0
[ACTION DEBUG iter 200] Raw action[1:3]: [0.9992, 1.0000, -1.0000], noise: 0.0500
[ACTION DEBUG iter 200] WARNING: 10/20 actions clipped (network saturating)
[RLAMPSO DEBUG iter 200] w=0.9000, c1=2.9619, c2=0.0000 | fitness=2260.93
[REWARD DEBUG iter 200] FitnessImprovement: 0.0000 → Reward: +0.0000 (prevFit=2260.93, currFit=2260.93)
[REWARD DEBUG] Stagnation (normal): 0.0000 → Reward: 0.0
[REWARD DEBUG] Stagnation (normal): 0.0000 → Reward: 0.0
[REWARD DEBUG] Stagnation (normal): 0.0000 → Reward: 0.0
[REWARD DEBUG] Stagnation (normal): 0.0000 → Reward: 0.0
[REWARD DEBUG] Stagnation (normal): 0.0000 → Reward: 0.0
[REWARD DEBUG] Stagnation (normal): 0.0000 → Reward: 0.0
[ACTION DEBUG iter 300] Raw action[1:3]: [0.9579, 1.0000, -1.0000], noise: 0.0500
[ACTION DEBUG iter 300] WARNING: 7/20 actions clipped (network saturating)
[RLAMPSO DEBUG iter 300] w=0.9000, c1=3.0000, c2=0.1190 | fitness=2175.70
[REWARD DEBUG iter 300] FitnessImprovement: 0.0000 → Reward: +0.0000 (prevFit=2175.70, currFit=2175.70)
[REWARD DEBUG] Stagnation (normal): 0.0000 → Reward: 0.0
[REWARD DEBUG] Stagnation (normal): 0.0000 → Reward: 0.0
[REWARD DEBUG] Stagnation (normal): 0.0000 → Reward: 0.0
[REWARD DEBUG] Stagnation (normal): 0.0000 → Reward: 0.0
[REWARD DEBUG] Stagnation (normal): 0.0000 → Reward: 0.0
[REWARD DEBUG] Stagnation (normal): 0.0000 → Reward: 0.0
[REWARD DEBUG] Improvement: 3.5641 → Reward: +0.3297
[REWARD DEBUG] Stagnation (normal): 0.0000 → Reward: 0.0
[REWARD DEBUG] Improvement: 16.2992 → Reward: +0.6190
[ACTION DEBUG iter 400] Raw action[1:3]: [-0.1576, 1.0000, -1.0000], noise: 0.0500
[ACTION DEBUG iter 400] WARNING: 9/20 actions clipped (network saturating)
[RLAMPSO DEBUG iter 400] w=0.6349, c1=2.9848, c2=0.0000 | fitness=2027.02
[REWARD DEBUG iter 400] FitnessImprovement: 0.0000 → Reward: +0.0000 (prevFit=2027.02, currFit=2027.02)
[REWARD DEBUG] Stagnation (normal): 0.0000 → Reward: 0.0
[REWARD DEBUG] Stagnation (normal): 0.0000 → Reward: 0.0
[REWARD DEBUG] Stagnation (normal): 0.0000 → Reward: 0.0
[REWARD DEBUG] Stagnation (normal): 0.0000 → Reward: 0.0
[REWARD DEBUG] Stagnation (normal): 0.0000 → Reward: 0.0
[REWARD DEBUG] Improvement: 0.0000 → Reward: +0.0000
[REWARD DEBUG] Stagnation (normal): 0.0000 → Reward: 0.0
[REWARD DEBUG] Stagnation (normal): 0.0000 → Reward: 0.0
[REWARD DEBUG] Stagnation (normal): 0.0000 → Reward: 0.0
[ACTION DEBUG iter 500] Raw action[1:3]: [-0.9953, 1.0000, -0.8451], noise: 0.0500
[ACTION DEBUG iter 500] WARNING: 10/20 actions clipped (network saturating)
[RLAMPSO DEBUG iter 500] w=0.3011, c1=2.9390, c2=0.1450 | fitness=2011.91
[REWARD DEBUG iter 500] FitnessImprovement: 0.0000 → Reward: +0.0000 (prevFit=2011.91, currFit=2011.91)
[REWARD DEBUG] Improvement: 1.9647 → Reward: +0.2360
[REWARD DEBUG] Stagnation (normal): 0.0000 → Reward: 0.0
[REWARD DEBUG] Stagnation (normal): 0.0000 → Reward: 0.0
[REWARD DEBUG] Stagnation (normal): 0.0000 → Reward: 0.0
[REWARD DEBUG] Stagnation (normal): 0.0000 → Reward: 0.0
[REWARD DEBUG] Stagnation (normal): 0.0000 → Reward: 0.0
[REWARD DEBUG] Stagnation (normal): 0.0000 → Reward: 0.0
[ACTION DEBUG iter 600] Raw action[1:3]: [-0.7275, 1.0000, 1.0000], noise: 0.0500
[ACTION DEBUG iter 600] WARNING: 9/20 actions clipped (network saturating)
[RLAMPSO DEBUG iter 600] w=0.4021, c1=3.0000, c2=3.0000 | fitness=1994.88
[REWARD DEBUG iter 600] FitnessImprovement: 0.0000 → Reward: +0.0000 (prevFit=1994.88, currFit=1994.88)
[Ep  34/1000] Fit:  1994.9 | Avg:  2021.2 | Reward:  +29.7 | Time:  61.7s
          Buffer: 16273 | Noise: 0.0843 | ActorLoss: -2.329e-02 | CriticLoss: 3.147e-03
[REWARD DEBUG] Stagnation (normal): 0.0000 → Reward: 0.0
[REWARD DEBUG] Stagnation (normal): 0.0000 → Reward: 0.0
[REWARD DEBUG] Stagnation (normal): 0.0000 → Reward: 0.0
[REWARD DEBUG] Stagnation (normal): 0.0000 → Reward: 0.0
[REWARD DEBUG] Stagnation (normal): 0.0000 → Reward: 0.0
[REWARD DEBUG] Stagnation (normal): 0.0000 → Reward: 0.0
[REWARD DEBUG] Stagnation (normal): 0.0000 → Reward: 0.0
[REWARD DEBUG] Stagnation (normal): 0.0000 → Reward: 0.0
[REWARD DEBUG] Stagnation (normal): 0.0000 → Reward: 0.0
[REWARD DEBUG] Stagnation (normal): 0.0000 → Reward: 0.0
[REWARD DEBUG] Stagnation (normal): 0.0000 → Reward: 0.0
[ACTION DEBUG iter 100] Raw action[1:3]: [0.6725, 1.0000, 1.0000], noise: 0.0500
[ACTION DEBUG iter 100] WARNING: 10/20 actions clipped (network saturating)
[RLAMPSO DEBUG iter 100] w=0.9000, c1=2.9505, c2=2.9735 | fitness=2138.79
[REWARD DEBUG iter 100] FitnessImprovement: 0.0000 → Reward: +0.0000 (prevFit=2138.79, currFit=2138.79)
[REWARD DEBUG] Stagnation (normal): 0.0000 → Reward: 0.0
[REWARD DEBUG] Stagnation (normal): 0.0000 → Reward: 0.0
[REWARD DEBUG] Stagnation (normal): 0.0000 → Reward: 0.0
[REWARD DEBUG] Stagnation (normal): 0.0000 → Reward: 0.0
[REWARD DEBUG] Stagnation (normal): 0.0000 → Reward: 0.0
[REWARD DEBUG] Stagnation (normal): 0.0000 → Reward: 0.0
[REWARD DEBUG] Stagnation (normal): 0.0000 → Reward: 0.0
[REWARD DEBUG] Stagnation (normal): 0.0000 → Reward: 0.0
[REWARD DEBUG] Stagnation (normal): 0.0000 → Reward: 0.0
[REWARD DEBUG] Stagnation (normal): 0.0000 → Reward: 0.0
[REWARD DEBUG] Stagnation (normal): 0.0000 → Reward: 0.0
[ACTION DEBUG iter 200] Raw action[1:3]: [1.0000, 1.0000, 1.0000], noise: 0.0500
[ACTION DEBUG iter 200] WARNING: 5/20 actions clipped (network saturating)
[RLAMPSO DEBUG iter 200] w=0.9000, c1=2.9443, c2=2.9298 | fitness=1962.42
[REWARD DEBUG iter 200] FitnessImprovement: 0.0000 → Reward: +0.0000 (prevFit=1962.42, currFit=1962.42)
[REWARD DEBUG] Stagnation (normal): 0.0000 → Reward: 0.0
[REWARD DEBUG] Stagnation (normal): 0.0000 → Reward: 0.0
[REWARD DEBUG] Stagnation (normal): 0.0000 → Reward: 0.0
[REWARD DEBUG] Stagnation (normal): 0.0000 → Reward: 0.0
[REWARD DEBUG] Stagnation (normal): 0.0000 → Reward: 0.0
[REWARD DEBUG] Stagnation (normal): 0.0000 → Reward: 0.0
[REWARD DEBUG] Stagnation (normal): 0.0000 → Reward: 0.0
[REWARD DEBUG] Stagnation (normal): 0.0000 → Reward: 0.0
[REWARD DEBUG] Stagnation (normal): 0.0000 → Reward: 0.0
[ACTION DEBUG iter 300] Raw action[1:3]: [1.0000, 1.0000, 1.0000], noise: 0.0500
[ACTION DEBUG iter 300] WARNING: 12/20 actions clipped (network saturating)
[RLAMPSO DEBUG iter 300] w=0.9000, c1=2.9656, c2=3.0000 | fitness=1949.92
[REWARD DEBUG iter 300] FitnessImprovement: 9.9866 → Reward: +0.5204 (prevFit=1949.92, currFit=1939.94)
[REWARD DEBUG] Stagnation (normal): 0.0000 → Reward: 0.0
[REWARD DEBUG] Stagnation (normal): 0.0000 → Reward: 0.0
[REWARD DEBUG] Stagnation (normal): 0.0000 → Reward: 0.0
[REWARD DEBUG] Stagnation (normal): 0.0000 → Reward: 0.0
[REWARD DEBUG] Stagnation (normal): 0.0000 → Reward: 0.0
[REWARD DEBUG] Stagnation (normal): 0.0000 → Reward: 0.0
[REWARD DEBUG] Stagnation (normal): 0.0000 → Reward: 0.0
[REWARD DEBUG] Stagnation (normal): 0.0000 → Reward: 0.0
[REWARD DEBUG] Stagnation (normal): 0.0000 → Reward: 0.0
[REWARD DEBUG] Stagnation (normal): 0.0000 → Reward: 0.0
[REWARD DEBUG] Stagnation (normal): 0.0000 → Reward: 0.0
[REWARD DEBUG] Stagnation (normal): 0.0000 → Reward: 0.0
[REWARD DEBUG] Stagnation (normal): 0.0000 → Reward: 0.0
[REWARD DEBUG] Stagnation (normal): 0.0000 → Reward: 0.0
[REWARD DEBUG] Stagnation (normal): 0.0000 → Reward: 0.0
[ACTION DEBUG iter 400] Raw action[1:3]: [1.0000, 1.0000, 1.0000], noise: 0.0500
[ACTION DEBUG iter 400] WARNING: 13/20 actions clipped (network saturating)
[RLAMPSO DEBUG iter 400] w=0.9000, c1=3.0000, c2=2.9694 | fitness=1915.46
[REWARD DEBUG iter 400] FitnessImprovement: 0.0000 → Reward: +0.0000 (prevFit=1915.46, currFit=1915.46)
[REWARD DEBUG] Stagnation (normal): 0.0000 → Reward: 0.0
[REWARD DEBUG] Stagnation (normal): 0.0000 → Reward: 0.0
[REWARD DEBUG] Stagnation (normal): 0.0000 → Reward: 0.0
[REWARD DEBUG] Stagnation (normal): 0.0000 → Reward: 0.0
[REWARD DEBUG] Stagnation (normal): 0.0000 → Reward: 0.0
[REWARD DEBUG] Stagnation (normal): 0.0000 → Reward: 0.0
[REWARD DEBUG] Stagnation (normal): 0.0000 → Reward: 0.0
[REWARD DEBUG] Stagnation (normal): 0.0000 → Reward: 0.0
[REWARD DEBUG] Stagnation (normal): 0.0000 → Reward: 0.0
[REWARD DEBUG] Stagnation (normal): 0.0000 → Reward: 0.0
[REWARD DEBUG] Stagnation (normal): 0.0000 → Reward: 0.0
[ACTION DEBUG iter 500] Raw action[1:3]: [1.0000, 1.0000, 1.0000], noise: 0.0500
[ACTION DEBUG iter 500] WARNING: 5/20 actions clipped (network saturating)
[RLAMPSO DEBUG iter 500] w=0.9000, c1=2.9106, c2=2.9579 | fitness=1812.30
[REWARD DEBUG iter 500] FitnessImprovement: 0.0000 → Reward: +0.0000 (prevFit=1812.30, currFit=1812.30)
[REWARD DEBUG] Stagnation (normal): 0.0000 → Reward: 0.0
[REWARD DEBUG] Stagnation (normal): 0.0000 → Reward: 0.0
[REWARD DEBUG] Stagnation (normal): 0.0000 → Reward: 0.0
[REWARD DEBUG] Stagnation (normal): 0.0000 → Reward: 0.0
[REWARD DEBUG] Stagnation (normal): 0.0000 → Reward: 0.0
[REWARD DEBUG] Stagnation (normal): 0.0000 → Reward: 0.0
[REWARD DEBUG] Stagnation (normal): 0.0000 → Reward: 0.0
[ACTION DEBUG iter 600] Raw action[1:3]: [1.0000, 1.0000, 1.0000], noise: 0.0500
[ACTION DEBUG iter 600] WARNING: 5/20 actions clipped (network saturating)
[RLAMPSO DEBUG iter 600] w=0.9000, c1=2.9561, c2=2.9507 | fitness=1803.19
[REWARD DEBUG iter 600] FitnessImprovement: 0.0000 → Reward: +0.0000 (prevFit=1803.19, currFit=1803.19)
[Ep  35/1000] Fit:  1803.2 | Avg:  2008.5 | Reward:  +42.4 | Time:  59.9s
          Buffer: 16823 | Noise: 0.0839 | ActorLoss: 2.181e-01 | CriticLoss: 8.688e-04
[REWARD DEBUG] Improvement: 200.9359 → Reward: +1.0000
[REWARD DEBUG] Stagnation (normal): 0.0000 → Reward: 0.0
[REWARD DEBUG] Stagnation (normal): 0.0000 → Reward: 0.0
[REWARD DEBUG] Stagnation (normal): 0.0000 → Reward: 0.0
[REWARD DEBUG] Stagnation (normal): 0.0000 → Reward: 0.0
[REWARD DEBUG] Stagnation (normal): 0.0000 → Reward: 0.0
[REWARD DEBUG] Stagnation (normal): 0.0000 → Reward: 0.0
[REWARD DEBUG] Stagnation (normal): 0.0000 → Reward: 0.0
[ACTION DEBUG iter 100] Raw action[1:3]: [1.0000, 1.0000, 1.0000], noise: 0.0500
[ACTION DEBUG iter 100] WARNING: 8/20 actions clipped (network saturating)
[RLAMPSO DEBUG iter 100] w=0.9000, c1=3.0000, c2=3.0000 | fitness=1990.88
[REWARD DEBUG] Stagnation (normal): 0.0000 → Reward: 0.0
[REWARD DEBUG iter 100] FitnessImprovement: 0.0000 → Reward: +0.0000 (prevFit=1990.88, currFit=1990.88)
[REWARD DEBUG] Stagnation (normal): 0.0000 → Reward: 0.0
[REWARD DEBUG] Stagnation (normal): 0.0000 → Reward: 0.0
[REWARD DEBUG] Stagnation (normal): 0.0000 → Reward: 0.0
[REWARD DEBUG] Stagnation (normal): 0.0000 → Reward: 0.0
[REWARD DEBUG] Stagnation (normal): 0.0000 → Reward: 0.0
[REWARD DEBUG] Stagnation (normal): 0.0000 → Reward: 0.0
[REWARD DEBUG] Stagnation (normal): 0.0000 → Reward: 0.0
[REWARD DEBUG] Stagnation (normal): 0.0000 → Reward: 0.0
[REWARD DEBUG] Stagnation (normal): 0.0000 → Reward: 0.0
[REWARD DEBUG] Stagnation (normal): 0.0000 → Reward: 0.0
[ACTION DEBUG iter 200] Raw action[1:3]: [1.0000, 1.0000, 1.0000], noise: 0.0500
[ACTION DEBUG iter 200] WARNING: 12/20 actions clipped (network saturating)
[RLAMPSO DEBUG iter 200] w=0.9000, c1=3.0000, c2=2.9856 | fitness=1970.00
[REWARD DEBUG iter 200] FitnessImprovement: 0.0000 → Reward: +0.0000 (prevFit=1970.00, currFit=1970.00)
[REWARD DEBUG] Stagnation (normal): 0.0000 → Reward: 0.0
[REWARD DEBUG] Stagnation (normal): 0.0000 → Reward: 0.0
[REWARD DEBUG] Stagnation (normal): 0.0000 → Reward: 0.0
[REWARD DEBUG] Stagnation (normal): 0.0000 → Reward: 0.0
[REWARD DEBUG] Stagnation (normal): 0.0000 → Reward: 0.0
[REWARD DEBUG] Stagnation (normal): 0.0000 → Reward: 0.0
[REWARD DEBUG] Stagnation (normal): 0.0000 → Reward: 0.0
[REWARD DEBUG] Stagnation (normal): 0.0000 → Reward: 0.0
[REWARD DEBUG] Stagnation (normal): 0.0000 → Reward: 0.0
[REWARD DEBUG] Stagnation (normal): 0.0000 → Reward: 0.0
[REWARD DEBUG] Stagnation (normal): 0.0000 → Reward: 0.0
[REWARD DEBUG] Stagnation (normal): 0.0000 → Reward: 0.0
[REWARD DEBUG] Stagnation (normal): 0.0000 → Reward: 0.0
[REWARD DEBUG] Stagnation (normal): 0.0000 → Reward: 0.0
[REWARD DEBUG] Stagnation (normal): 0.0000 → Reward: 0.0
[REWARD DEBUG] Stagnation (normal): 0.0000 → Reward: 0.0
[ACTION DEBUG iter 300] Raw action[1:3]: [1.0000, 1.0000, 1.0000], noise: 0.0500
[ACTION DEBUG iter 300] WARNING: 8/20 actions clipped (network saturating)
[RLAMPSO DEBUG iter 300] w=0.9000, c1=2.8954, c2=2.9079 | fitness=1926.37
[REWARD DEBUG iter 300] FitnessImprovement: 0.0000 → Reward: +0.0000 (prevFit=1926.37, currFit=1926.37)
[REWARD DEBUG] Stagnation (normal): 0.0000 → Reward: 0.0
[REWARD DEBUG] Stagnation (normal): 0.0000 → Reward: 0.0
[REWARD DEBUG] Stagnation (normal): 0.0000 → Reward: 0.0
[REWARD DEBUG] Stagnation (normal): 0.0000 → Reward: 0.0
[REWARD DEBUG] Stagnation (normal): 0.0000 → Reward: 0.0
[REWARD DEBUG] Improvement: 23.0357 → Reward: +0.6904
[REWARD DEBUG] Stagnation (normal): 0.0000 → Reward: 0.0
[REWARD DEBUG] Stagnation (normal): 0.0000 → Reward: 0.0
[ACTION DEBUG iter 400] Raw action[1:3]: [1.0000, 1.0000, 1.0000], noise: 0.0500
[ACTION DEBUG iter 400] WARNING: 11/20 actions clipped (network saturating)
[RLAMPSO DEBUG iter 400] w=0.9000, c1=2.9418, c2=2.9897 | fitness=1888.46
[REWARD DEBUG iter 400] FitnessImprovement: 0.0000 → Reward: +0.0000 (prevFit=1888.46, currFit=1888.46)
[REWARD DEBUG] Stagnation (normal): 0.0000 → Reward: 0.0
[REWARD DEBUG] Stagnation (normal): 0.0000 → Reward: 0.0
[REWARD DEBUG] Stagnation (normal): 0.0000 → Reward: 0.0
[REWARD DEBUG] Stagnation (normal): 0.0000 → Reward: 0.0
[REWARD DEBUG] Stagnation (normal): 0.0000 → Reward: 0.0
[REWARD DEBUG] Stagnation (normal): 0.0000 → Reward: 0.0
[REWARD DEBUG] Stagnation (normal): 0.0000 → Reward: 0.0
[REWARD DEBUG] Stagnation (normal): 0.0000 → Reward: 0.0
[REWARD DEBUG] Stagnation (normal): 0.0000 → Reward: 0.0
[REWARD DEBUG] Stagnation (normal): 0.0000 → Reward: 0.0
[REWARD DEBUG] Stagnation (normal): 0.0000 → Reward: 0.0
[ACTION DEBUG iter 500] Raw action[1:3]: [1.0000, 1.0000, 1.0000], noise: 0.0500
[ACTION DEBUG iter 500] WARNING: 6/20 actions clipped (network saturating)
[RLAMPSO DEBUG iter 500] w=0.9000, c1=2.9798, c2=2.9692 | fitness=1888.46
[REWARD DEBUG iter 500] FitnessImprovement: 0.0000 → Reward: +0.0000 (prevFit=1888.46, currFit=1888.46)
[Ep  36/1000] Fit:  1888.5 | Avg:  1995.7 | Reward:  +55.2 | Time:  58.3s
          Buffer: 17287 | Noise: 0.0835 | ActorLoss: -7.622e-02 | CriticLoss: 2.516e-03
[REWARD DEBUG] Stagnation (normal): 0.0000 → Reward: 0.0
[REWARD DEBUG] Stagnation (normal): 0.0000 → Reward: 0.0
[REWARD DEBUG] Stagnation (normal): 0.0000 → Reward: 0.0
[REWARD DEBUG] Stagnation (normal): 0.0000 → Reward: 0.0
[REWARD DEBUG] Stagnation (normal): 0.0000 → Reward: 0.0
[REWARD DEBUG] Stagnation (normal): 0.0000 → Reward: 0.0
[REWARD DEBUG] Stagnation (normal): 0.0000 → Reward: 0.0
[REWARD DEBUG] Stagnation (normal): 0.0000 → Reward: 0.0
[REWARD DEBUG] Stagnation (normal): 0.0000 → Reward: 0.0
[REWARD DEBUG] Stagnation (normal): 0.0000 → Reward: 0.0
[REWARD DEBUG] Stagnation (normal): 0.0000 → Reward: 0.0
[ACTION DEBUG iter 100] Raw action[1:3]: [1.0000, 1.0000, 1.0000], noise: 0.0500
[ACTION DEBUG iter 100] WARNING: 7/20 actions clipped (network saturating)
[RLAMPSO DEBUG iter 100] w=0.9000, c1=2.9686, c2=2.9372 | fitness=1898.68
[REWARD DEBUG iter 100] FitnessImprovement: 0.0000 → Reward: +0.0000 (prevFit=1898.68, currFit=1898.68)
[REWARD DEBUG] Stagnation (normal): 0.0000 → Reward: 0.0
[REWARD DEBUG] Stagnation (normal): 0.0000 → Reward: 0.0
[REWARD DEBUG] Stagnation (normal): 0.0000 → Reward: 0.0
[REWARD DEBUG] Stagnation (normal): 0.0000 → Reward: 0.0
[REWARD DEBUG] Stagnation (normal): 0.0000 → Reward: 0.0
[REWARD DEBUG] Stagnation (normal): 0.0000 → Reward: 0.0
[REWARD DEBUG] Stagnation (normal): 0.0000 → Reward: 0.0
[REWARD DEBUG] Stagnation (normal): 0.0000 → Reward: 0.0
[REWARD DEBUG] Stagnation (normal): 0.0000 → Reward: 0.0
[REWARD DEBUG] Stagnation (normal): 0.0000 → Reward: 0.0
[REWARD DEBUG] Stagnation (normal): 0.0000 → Reward: 0.0
[REWARD DEBUG] Stagnation (normal): 0.0000 → Reward: 0.0
[ACTION DEBUG iter 200] Raw action[1:3]: [0.9739, 1.0000, 1.0000], noise: 0.0500
[ACTION DEBUG iter 200] WARNING: 11/20 actions clipped (network saturating)
[RLAMPSO DEBUG iter 200] w=0.9000, c1=2.9786, c2=3.0000 | fitness=1876.80
[REWARD DEBUG iter 200] FitnessImprovement: 0.0000 → Reward: +0.0000 (prevFit=1876.80, currFit=1876.80)
[REWARD DEBUG] Stagnation (normal): 0.0000 → Reward: 0.0
[REWARD DEBUG] Stagnation (normal): 0.0000 → Reward: 0.0
[REWARD DEBUG] Stagnation (normal): 0.0000 → Reward: 0.0
[REWARD DEBUG] Stagnation (normal): 0.0000 → Reward: 0.0
[REWARD DEBUG] Stagnation (normal): 0.0000 → Reward: 0.0
[REWARD DEBUG] Stagnation (normal): 0.0000 → Reward: 0.0
[REWARD DEBUG] Stagnation (normal): 0.0000 → Reward: 0.0
[REWARD DEBUG] Stagnation (normal): 0.0000 → Reward: 0.0
[REWARD DEBUG] Stagnation (normal): 0.0000 → Reward: 0.0
[REWARD DEBUG] Stagnation (normal): 0.0000 → Reward: 0.0
[ACTION DEBUG iter 300] Raw action[1:3]: [-1.0000, 1.0000, 1.0000], noise: 0.0500
[ACTION DEBUG iter 300] WARNING: 11/20 actions clipped (network saturating)
[RLAMPSO DEBUG iter 300] w=0.3076, c1=2.9811, c2=3.0000 | fitness=1851.06
[REWARD DEBUG iter 300] FitnessImprovement: 0.0000 → Reward: +0.0000 (prevFit=1851.06, currFit=1851.06)
[REWARD DEBUG] Stagnation (normal): 0.0000 → Reward: 0.0
[REWARD DEBUG] Stagnation (normal): 0.0000 → Reward: 0.0
[REWARD DEBUG] Stagnation (normal): 0.0000 → Reward: 0.0
[REWARD DEBUG] Stagnation (normal): 0.0000 → Reward: 0.0
[REWARD DEBUG] Stagnation (normal): 0.0000 → Reward: 0.0
[REWARD DEBUG] Stagnation (normal): 0.0000 → Reward: 0.0
[REWARD DEBUG] Stagnation (normal): 0.0000 → Reward: 0.0
[REWARD DEBUG] Stagnation (normal): 0.0000 → Reward: 0.0
[ACTION DEBUG iter 400] Raw action[1:3]: [-1.0000, 1.0000, 1.0000], noise: 0.0500
[ACTION DEBUG iter 400] WARNING: 12/20 actions clipped (network saturating)
[RLAMPSO DEBUG iter 400] w=0.3000, c1=3.0000, c2=2.9552 | fitness=1851.06
[REWARD DEBUG iter 400] FitnessImprovement: 0.0000 → Reward: +0.0000 (prevFit=1851.06, currFit=1851.06)
[REWARD DEBUG] Stagnation (normal): 0.0000 → Reward: 0.0
[REWARD DEBUG] Stagnation (normal): 0.0000 → Reward: 0.0
[REWARD DEBUG] Stagnation (normal): 0.0000 → Reward: 0.0
[Ep  37/1000] Fit:  1851.1 | Avg:  1973.8 | Reward:  +77.1 | Time:  50.9s
          Buffer: 17659 | Noise: 0.0831 | ActorLoss: -9.013e-01 | CriticLoss: 3.936e-03
[REWARD DEBUG] Improvement: 21.9938 → Reward: +0.6808
[REWARD DEBUG] Stagnation (normal): 0.0000 → Reward: 0.0
[REWARD DEBUG] Stagnation (normal): 0.0000 → Reward: 0.0
[REWARD DEBUG] Stagnation (normal): 0.0000 → Reward: 0.0
[REWARD DEBUG] Stagnation (normal): 0.0000 → Reward: 0.0
[REWARD DEBUG] Stagnation (normal): 0.0000 → Reward: 0.0
[REWARD DEBUG] Stagnation (normal): 0.0000 → Reward: 0.0
[REWARD DEBUG] Stagnation (normal): 0.0000 → Reward: 0.0
[ACTION DEBUG iter 100] Raw action[1:3]: [-1.0000, 1.0000, 1.0000], noise: 0.0500
[ACTION DEBUG iter 100] WARNING: 11/20 actions clipped (network saturating)
[RLAMPSO DEBUG iter 100] w=0.3000, c1=2.8871, c2=3.0000 | fitness=1957.25
[REWARD DEBUG iter 100] FitnessImprovement: 0.0000 → Reward: +0.0000 (prevFit=1957.25, currFit=1957.25)
[REWARD DEBUG] Stagnation (normal): 0.0000 → Reward: 0.0
[REWARD DEBUG] Stagnation (normal): 0.0000 → Reward: 0.0
[REWARD DEBUG] Stagnation (normal): 0.0000 → Reward: 0.0
[REWARD DEBUG] Stagnation (normal): 0.0000 → Reward: 0.0
[REWARD DEBUG] Stagnation (normal): 0.0000 → Reward: 0.0
[REWARD DEBUG] Stagnation (normal): 0.0000 → Reward: 0.0
[REWARD DEBUG] Stagnation (normal): 0.0000 → Reward: 0.0
[REWARD DEBUG] Stagnation (normal): 0.0000 → Reward: 0.0
[REWARD DEBUG] Stagnation (normal): 0.0000 → Reward: 0.0
[ACTION DEBUG iter 200] Raw action[1:3]: [-1.0000, 1.0000, 1.0000], noise: 0.0500
[ACTION DEBUG iter 200] WARNING: 16/20 actions clipped (network saturating)
[RLAMPSO DEBUG iter 200] w=0.3000, c1=3.0000, c2=2.9785 | fitness=1881.46
[REWARD DEBUG iter 200] FitnessImprovement: 0.0000 → Reward: +0.0000 (prevFit=1881.46, currFit=1881.46)
[REWARD DEBUG] Stagnation (normal): 0.0000 → Reward: 0.0
[REWARD DEBUG] Improvement: 7.2806 → Reward: +0.4590
[REWARD DEBUG] Stagnation (normal): 0.0000 → Reward: 0.0
[REWARD DEBUG] Stagnation (normal): 0.0000 → Reward: 0.0
[REWARD DEBUG] Stagnation (normal): 0.0000 → Reward: 0.0
[REWARD DEBUG] Stagnation (normal): 0.0000 → Reward: 0.0
[REWARD DEBUG] Stagnation (normal): 0.0000 → Reward: 0.0
[REWARD DEBUG] Stagnation (normal): 0.0000 → Reward: 0.0
[ACTION DEBUG iter 300] Raw action[1:3]: [-1.0000, 1.0000, 1.0000], noise: 0.0500
[ACTION DEBUG iter 300] WARNING: 10/20 actions clipped (network saturating)
[RLAMPSO DEBUG iter 300] w=0.3322, c1=2.8552, c2=2.9913 | fitness=1845.42
[REWARD DEBUG iter 300] FitnessImprovement: 0.0000 → Reward: +0.0000 (prevFit=1845.42, currFit=1845.42)
[REWARD DEBUG] Stagnation (normal): 0.0000 → Reward: 0.0
[REWARD DEBUG] Stagnation (normal): 0.0000 → Reward: 0.0
[REWARD DEBUG] Stagnation (normal): 0.0000 → Reward: 0.0
[REWARD DEBUG] Stagnation (normal): 0.0000 → Reward: 0.0
[REWARD DEBUG] Stagnation (normal): 0.0000 → Reward: 0.0
[REWARD DEBUG] Stagnation (normal): 0.0000 → Reward: 0.0
[REWARD DEBUG] Stagnation (normal): 0.0000 → Reward: 0.0
[REWARD DEBUG] Stagnation (normal): 0.0000 → Reward: 0.0
[REWARD DEBUG] Stagnation (normal): 0.0000 → Reward: 0.0
[REWARD DEBUG] Stagnation (normal): 0.0000 → Reward: 0.0
[REWARD DEBUG] Stagnation (normal): 0.0000 → Reward: 0.0
[ACTION DEBUG iter 400] Raw action[1:3]: [-1.0000, 1.0000, 1.0000], noise: 0.0500
[ACTION DEBUG iter 400] WARNING: 8/20 actions clipped (network saturating)
[RLAMPSO DEBUG iter 400] w=0.3132, c1=2.8540, c2=2.9954 | fitness=1845.42
[REWARD DEBUG] Stagnation (normal): 0.0000 → Reward: 0.0
[REWARD DEBUG iter 400] FitnessImprovement: 0.0000 → Reward: +0.0000 (prevFit=1845.42, currFit=1845.42)
[REWARD DEBUG] Stagnation (normal): 0.0000 → Reward: 0.0
[REWARD DEBUG] Stagnation (normal): 0.0000 → Reward: 0.0
[REWARD DEBUG] Stagnation (normal): 0.0000 → Reward: 0.0
[REWARD DEBUG] Stagnation (normal): 0.0000 → Reward: 0.0
[REWARD DEBUG] Stagnation (normal): 0.0000 → Reward: 0.0
[REWARD DEBUG] Stagnation (normal): 0.0000 → Reward: 0.0
[Ep  38/1000] Fit:  1845.4 | Avg:  1941.7 | Reward: +109.2 | Time:  42.6s
          Buffer: 18047 | Noise: 0.0827 | ActorLoss: -1.371e+00 | CriticLoss: 5.604e-03
[REWARD DEBUG] Improvement: 3.3710 → Reward: +0.3203
[REWARD DEBUG] Stagnation (normal): 0.0000 → Reward: 0.0
[REWARD DEBUG] Stagnation (normal): 0.0000 → Reward: 0.0
[REWARD DEBUG] Stagnation (normal): 0.0000 → Reward: 0.0
[REWARD DEBUG] Stagnation (normal): 0.0000 → Reward: 0.0
[REWARD DEBUG] Stagnation (normal): 0.0000 → Reward: 0.0
[REWARD DEBUG] Stagnation (normal): 0.0000 → Reward: 0.0
[ACTION DEBUG iter 100] Raw action[1:3]: [-1.0000, 1.0000, 1.0000], noise: 0.0500
[ACTION DEBUG iter 100] WARNING: 9/20 actions clipped (network saturating)
[RLAMPSO DEBUG iter 100] w=0.3286, c1=3.0000, c2=3.0000 | fitness=1936.42
[REWARD DEBUG iter 100] FitnessImprovement: 0.0000 → Reward: +0.0000 (prevFit=1936.42, currFit=1936.42)
[REWARD DEBUG] Stagnation (normal): 0.0000 → Reward: 0.0
[REWARD DEBUG] Stagnation (normal): 0.0000 → Reward: 0.0
[REWARD DEBUG] Stagnation (normal): 0.0000 → Reward: 0.0
[REWARD DEBUG] Stagnation (normal): 0.0000 → Reward: 0.0
[REWARD DEBUG] Stagnation (normal): 0.0000 → Reward: 0.0
[ACTION DEBUG iter 200] Raw action[1:3]: [-1.0000, 1.0000, 1.0000], noise: 0.0500
[ACTION DEBUG iter 200] WARNING: 11/20 actions clipped (network saturating)
[RLAMPSO DEBUG iter 200] w=0.3000, c1=3.0000, c2=3.0000 | fitness=1845.78
[REWARD DEBUG iter 200] FitnessImprovement: 0.0000 → Reward: +0.0000 (prevFit=1845.78, currFit=1845.78)
[REWARD DEBUG] Stagnation (normal): 0.0000 → Reward: 0.0
[REWARD DEBUG] Stagnation (normal): 0.0000 → Reward: 0.0
[REWARD DEBUG] Stagnation (normal): 0.0000 → Reward: 0.0
[REWARD DEBUG] Stagnation (normal): 0.0000 → Reward: 0.0
[REWARD DEBUG] Stagnation (normal): 0.0000 → Reward: 0.0
[REWARD DEBUG] Stagnation (normal): 0.0000 → Reward: 0.0
[REWARD DEBUG] Stagnation (normal): 0.0000 → Reward: 0.0
[REWARD DEBUG] Stagnation (normal): 0.0000 → Reward: 0.0
[REWARD DEBUG] Stagnation (normal): 0.0000 → Reward: 0.0
[REWARD DEBUG] Stagnation (normal): 0.0000 → Reward: 0.0
[ACTION DEBUG iter 300] Raw action[1:3]: [-1.0000, 1.0000, 1.0000], noise: 0.0500
[ACTION DEBUG iter 300] WARNING: 9/20 actions clipped (network saturating)
[RLAMPSO DEBUG iter 300] w=0.3058, c1=2.9834, c2=2.8914 | fitness=1830.44
[REWARD DEBUG iter 300] FitnessImprovement: 0.0000 → Reward: +0.0000 (prevFit=1830.44, currFit=1830.44)
[REWARD DEBUG] Stagnation (normal): 0.0000 → Reward: 0.0
[REWARD DEBUG] Stagnation (normal): 0.0000 → Reward: 0.0
[REWARD DEBUG] Stagnation (normal): 0.0000 → Reward: 0.0
[REWARD DEBUG] Stagnation (normal): 0.0000 → Reward: 0.0
[REWARD DEBUG] Stagnation (normal): 0.0000 → Reward: 0.0
[REWARD DEBUG] Stagnation (normal): 0.0000 → Reward: 0.0
[REWARD DEBUG] Stagnation (normal): 0.0000 → Reward: 0.0
[REWARD DEBUG] Stagnation (normal): 0.0000 → Reward: 0.0
[REWARD DEBUG] Stagnation (normal): 0.0000 → Reward: 0.0
[REWARD DEBUG] Stagnation (normal): 0.0000 → Reward: 0.0
[REWARD DEBUG] Stagnation (normal): 0.0000 → Reward: 0.0
[REWARD DEBUG] Stagnation (normal): 0.0000 → Reward: 0.0
[REWARD DEBUG] Stagnation (normal): 0.0000 → Reward: 0.0
[ACTION DEBUG iter 400] Raw action[1:3]: [-1.0000, 1.0000, 1.0000], noise: 0.0500
[ACTION DEBUG iter 400] WARNING: 9/20 actions clipped (network saturating)
[RLAMPSO DEBUG iter 400] w=0.3194, c1=2.9016, c2=2.9489 | fitness=1821.40
[REWARD DEBUG iter 400] FitnessImprovement: 0.0000 → Reward: +0.0000 (prevFit=1821.40, currFit=1821.40)
[REWARD DEBUG] Stagnation (normal): 0.0000 → Reward: 0.0
[REWARD DEBUG] Stagnation (normal): 0.0000 → Reward: 0.0
[REWARD DEBUG] Stagnation (normal): 0.0000 → Reward: 0.0
[REWARD DEBUG] Stagnation (normal): 0.0000 → Reward: 0.0
[REWARD DEBUG] Stagnation (normal): 0.0000 → Reward: 0.0
[REWARD DEBUG] Stagnation (normal): 0.0000 → Reward: 0.0
[REWARD DEBUG] Stagnation (normal): 0.0000 → Reward: 0.0
[REWARD DEBUG] Stagnation (normal): 0.0000 → Reward: 0.0
[ACTION DEBUG iter 500] Raw action[1:3]: [-1.0000, 1.0000, 1.0000], noise: 0.0500
[ACTION DEBUG iter 500] WARNING: 9/20 actions clipped (network saturating)
[RLAMPSO DEBUG iter 500] w=0.3000, c1=3.0000, c2=2.9579 | fitness=1821.40
[REWARD DEBUG iter 500] FitnessImprovement: 0.0000 → Reward: +0.0000 (prevFit=1821.40, currFit=1821.40)
[Ep  39/1000] Fit:  1821.4 | Avg:  1923.2 | Reward: +127.7 | Time:  57.8s
          Buffer: 18504 | Noise: 0.0822 | ActorLoss: -3.099e+00 | CriticLoss: 9.150e-03
[REWARD DEBUG] Improvement: 22.9624 → Reward: +0.6898
[REWARD DEBUG] Stagnation (normal): 0.0000 → Reward: 0.0
[REWARD DEBUG] Stagnation (normal): 0.0000 → Reward: 0.0
[REWARD DEBUG] Stagnation (normal): 0.0000 → Reward: 0.0
[ACTION DEBUG iter 100] Raw action[1:3]: [-1.0000, 1.0000, 1.0000], noise: 0.0500
[ACTION DEBUG iter 100] WARNING: 6/20 actions clipped (network saturating)
[RLAMPSO DEBUG iter 100] w=0.3121, c1=3.0000, c2=2.9748 | fitness=2005.92
[REWARD DEBUG iter 100] FitnessImprovement: 0.0000 → Reward: +0.0000 (prevFit=2005.92, currFit=2005.92)
[REWARD DEBUG] Stagnation (normal): 0.0000 → Reward: 0.0
[REWARD DEBUG] Stagnation (normal): 0.0000 → Reward: 0.0
[REWARD DEBUG] Stagnation (normal): 0.0000 → Reward: 0.0
[REWARD DEBUG] Stagnation (normal): 0.0000 → Reward: 0.0
[REWARD DEBUG] Stagnation (normal): 0.0000 → Reward: 0.0
[REWARD DEBUG] Stagnation (normal): 0.0000 → Reward: 0.0
[REWARD DEBUG] Stagnation (normal): 0.0000 → Reward: 0.0
[REWARD DEBUG] Stagnation (normal): 0.0000 → Reward: 0.0
[REWARD DEBUG] Stagnation (normal): 0.0000 → Reward: 0.0
[REWARD DEBUG] Stagnation (normal): 0.0000 → Reward: 0.0
[REWARD DEBUG] Stagnation (normal): 0.0000 → Reward: 0.0
[REWARD DEBUG] Stagnation (normal): 0.0000 → Reward: 0.0
[REWARD DEBUG] Stagnation (normal): 0.0000 → Reward: 0.0
[ACTION DEBUG iter 200] Raw action[1:3]: [-1.0000, 1.0000, 1.0000], noise: 0.0500
[ACTION DEBUG iter 200] WARNING: 14/20 actions clipped (network saturating)
[RLAMPSO DEBUG iter 200] w=0.3160, c1=3.0000, c2=3.0000 | fitness=1968.00
[REWARD DEBUG iter 200] FitnessImprovement: 0.0000 → Reward: +0.0000 (prevFit=1968.00, currFit=1968.00)
[REWARD DEBUG] Stagnation (normal): 0.0000 → Reward: 0.0
[REWARD DEBUG] Stagnation (normal): 0.0000 → Reward: 0.0
[REWARD DEBUG] Stagnation (normal): 0.0000 → Reward: 0.0
[REWARD DEBUG] Stagnation (normal): 0.0000 → Reward: 0.0
[REWARD DEBUG] Stagnation (normal): 0.0000 → Reward: 0.0
[REWARD DEBUG] Stagnation (normal): 0.0000 → Reward: 0.0
[REWARD DEBUG] Stagnation (normal): 0.0000 → Reward: 0.0
[REWARD DEBUG] Stagnation (normal): 0.0000 → Reward: 0.0
[REWARD DEBUG] Stagnation (normal): 0.0000 → Reward: 0.0
[ACTION DEBUG iter 300] Raw action[1:3]: [-1.0000, 1.0000, 1.0000], noise: 0.0500
[ACTION DEBUG iter 300] WARNING: 10/20 actions clipped (network saturating)
[RLAMPSO DEBUG iter 300] w=0.3000, c1=3.0000, c2=2.9241 | fitness=1922.18
[REWARD DEBUG iter 300] FitnessImprovement: 0.0000 → Reward: +0.0000 (prevFit=1922.18, currFit=1922.18)
[REWARD DEBUG] Stagnation (normal): 0.0000 → Reward: 0.0
[REWARD DEBUG] Stagnation (normal): 0.0000 → Reward: 0.0
[REWARD DEBUG] Stagnation (normal): 0.0000 → Reward: 0.0
[REWARD DEBUG] Stagnation (normal): 0.0000 → Reward: 0.0
[REWARD DEBUG] Stagnation (normal): 0.0000 → Reward: 0.0
[REWARD DEBUG] Stagnation (normal): 0.0000 → Reward: 0.0
[REWARD DEBUG] Stagnation (normal): 0.0000 → Reward: 0.0
[REWARD DEBUG] Stagnation (normal): 0.0000 → Reward: 0.0
[REWARD DEBUG] Stagnation (normal): 0.0000 → Reward: 0.0
[ACTION DEBUG iter 400] Raw action[1:3]: [-1.0000, 1.0000, 1.0000], noise: 0.0500
[ACTION DEBUG iter 400] WARNING: 11/20 actions clipped (network saturating)
[RLAMPSO DEBUG iter 400] w=0.3107, c1=2.9482, c2=2.9989 | fitness=1922.18
[REWARD DEBUG iter 400] FitnessImprovement: 0.0000 → Reward: +0.0000 (prevFit=1922.18, currFit=1922.18)
[REWARD DEBUG] Stagnation (normal): 0.0000 → Reward: 0.0
[REWARD DEBUG] Stagnation (normal): 0.0000 → Reward: 0.0
[REWARD DEBUG] Stagnation (normal): 0.0000 → Reward: 0.0
[REWARD DEBUG] Stagnation (normal): 0.0000 → Reward: 0.0
[REWARD DEBUG] Stagnation (normal): 0.0000 → Reward: 0.0

=== CURRICULUM ADVANCEMENT ===
Advanced from Level 2 (Medium) to Level 3 (Hard)
Success Rate: 100.0% (threshold: 80.0%)
Total Episodes: 40
==============================

[Ep  40/1000] Fit:  1922.2 | Avg:  1915.0 | Reward: +135.9 | Time:  41.2s
          Buffer: 18896 | Noise: 0.0818 | ActorLoss: -8.947e+00 | CriticLoss: 5.050e-02
[REWARD DEBUG] Stagnation (normal): 0.0000 → Reward: 0.0
[REWARD DEBUG] Stagnation (normal): 0.0000 → Reward: 0.0
[REWARD DEBUG] Stagnation (normal): 0.0000 → Reward: 0.0
[REWARD DEBUG] Stagnation (normal): 0.0000 → Reward: 0.0
[REWARD DEBUG] Stagnation (normal): 0.0000 → Reward: 0.0
[REWARD DEBUG] Stagnation (normal): 0.0000 → Reward: 0.0
[REWARD DEBUG] Stagnation (normal): 0.0000 → Reward: 0.0
[REWARD DEBUG] Stagnation (normal): 0.0000 → Reward: 0.0
[REWARD DEBUG] Stagnation (normal): 0.0000 → Reward: 0.0
[REWARD DEBUG] Stagnation (normal): 0.0000 → Reward: 0.0
[REWARD DEBUG] Stagnation (normal): 0.0000 → Reward: 0.0
[ACTION DEBUG iter 100] Raw action[1:3]: [-1.0000, 1.0000, 1.0000], noise: 0.0500
[ACTION DEBUG iter 100] WARNING: 8/20 actions clipped (network saturating)
[RLAMPSO DEBUG iter 100] w=0.3000, c1=2.9433, c2=2.8155 | fitness=2066.74
[REWARD DEBUG iter 100] FitnessImprovement: 0.0000 → Reward: +0.0000 (prevFit=2066.74, currFit=2066.74)
[REWARD DEBUG] Stagnation (normal): 0.0000 → Reward: 0.0
[REWARD DEBUG] Stagnation (normal): 0.0000 → Reward: 0.0
[REWARD DEBUG] Stagnation (normal): 0.0000 → Reward: 0.0
[REWARD DEBUG] Stagnation (normal): 0.0000 → Reward: 0.0
[REWARD DEBUG] Improvement: 20.4080 → Reward: +0.6653
[REWARD DEBUG] Stagnation (normal): 0.0000 → Reward: 0.0
[REWARD DEBUG] Stagnation (normal): 0.0000 → Reward: 0.0
[REWARD DEBUG] Stagnation (normal): 0.0000 → Reward: 0.0
[REWARD DEBUG] Stagnation (normal): 0.0000 → Reward: 0.0
[REWARD DEBUG] Stagnation (normal): 0.0000 → Reward: 0.0
[REWARD DEBUG] Stagnation (normal): 0.0000 → Reward: 0.0
[REWARD DEBUG] Stagnation (normal): 0.0000 → Reward: 0.0
[ACTION DEBUG iter 200] Raw action[1:3]: [-1.0000, 1.0000, 1.0000], noise: 0.0500
[ACTION DEBUG iter 200] WARNING: 10/20 actions clipped (network saturating)
[RLAMPSO DEBUG iter 200] w=0.3023, c1=2.9310, c2=2.9965 | fitness=2013.55
[REWARD DEBUG iter 200] FitnessImprovement: 0.0000 → Reward: +0.0000 (prevFit=2013.55, currFit=2013.55)
[REWARD DEBUG] Stagnation (normal): 0.0000 → Reward: 0.0
[REWARD DEBUG] Stagnation (normal): 0.0000 → Reward: 0.0
[REWARD DEBUG] Stagnation (normal): 0.0000 → Reward: 0.0
[REWARD DEBUG] Stagnation (normal): 0.0000 → Reward: 0.0
[REWARD DEBUG] Stagnation (normal): 0.0000 → Reward: 0.0
[REWARD DEBUG] Stagnation (normal): 0.0000 → Reward: 0.0
[REWARD DEBUG] Stagnation (normal): 0.0000 → Reward: 0.0
[REWARD DEBUG] Stagnation (normal): 0.0000 → Reward: 0.0
[ACTION DEBUG iter 300] Raw action[1:3]: [-1.0000, 1.0000, 1.0000], noise: 0.0500
[ACTION DEBUG iter 300] WARNING: 10/20 actions clipped (network saturating)
[RLAMPSO DEBUG iter 300] w=0.3000, c1=3.0000, c2=2.9672 | fitness=1886.54
[REWARD DEBUG iter 300] FitnessImprovement: 0.0000 → Reward: +0.0000 (prevFit=1886.54, currFit=1886.54)
[REWARD DEBUG] Stagnation (normal): 0.0000 → Reward: 0.0
[REWARD DEBUG] Stagnation (normal): 0.0000 → Reward: 0.0
[REWARD DEBUG] Stagnation (normal): 0.0000 → Reward: 0.0
[REWARD DEBUG] Stagnation (normal): 0.0000 → Reward: 0.0
[REWARD DEBUG] Stagnation (normal): 0.0000 → Reward: 0.0
[REWARD DEBUG] Stagnation (normal): 0.0000 → Reward: 0.0
[REWARD DEBUG] Stagnation (normal): 0.0000 → Reward: 0.0
[REWARD DEBUG] Stagnation (normal): 0.0000 → Reward: 0.0
[REWARD DEBUG] Stagnation (normal): 0.0000 → Reward: 0.0
[REWARD DEBUG] Stagnation (normal): 0.0000 → Reward: 0.0
[ACTION DEBUG iter 400] Raw action[1:3]: [-1.0000, 1.0000, 1.0000], noise: 0.0500
[ACTION DEBUG iter 400] WARNING: 6/20 actions clipped (network saturating)
[RLAMPSO DEBUG iter 400] w=0.3147, c1=2.9129, c2=2.9224 | fitness=1872.23
[REWARD DEBUG iter 400] FitnessImprovement: 0.0000 → Reward: +0.0000 (prevFit=1872.23, currFit=1872.23)
[REWARD DEBUG] Stagnation (normal): 0.0000 → Reward: 0.0
[REWARD DEBUG] Stagnation (normal): 0.0000 → Reward: 0.0
[REWARD DEBUG] Stagnation (normal): 0.0000 → Reward: 0.0
[REWARD DEBUG] Stagnation (normal): 0.0000 → Reward: 0.0
[REWARD DEBUG] Stagnation (normal): 0.0000 → Reward: 0.0
[REWARD DEBUG] Stagnation (normal): 0.0000 → Reward: 0.0
[REWARD DEBUG] Stagnation (normal): 0.0000 → Reward: 0.0
[REWARD DEBUG] Stagnation (normal): 0.0000 → Reward: 0.0
[REWARD DEBUG] Stagnation (normal): 0.0000 → Reward: 0.0
[REWARD DEBUG] Stagnation (normal): 0.0000 → Reward: 0.0
[REWARD DEBUG] Stagnation (normal): 0.0000 → Reward: 0.0
[ACTION DEBUG iter 500] Raw action[1:3]: [-1.0000, 1.0000, 1.0000], noise: 0.0500
[ACTION DEBUG iter 500] WARNING: 8/20 actions clipped (network saturating)
[RLAMPSO DEBUG iter 500] w=0.3030, c1=3.0000, c2=3.0000 | fitness=1861.31
[REWARD DEBUG iter 500] FitnessImprovement: 0.0000 → Reward: +0.0000 (prevFit=1861.31, currFit=1861.31)
[REWARD DEBUG] Stagnation (normal): 0.0000 → Reward: 0.0
[REWARD DEBUG] Stagnation (normal): 0.0000 → Reward: 0.0
[REWARD DEBUG] Stagnation (normal): 0.0000 → Reward: 0.0
[REWARD DEBUG] Stagnation (normal): 0.0000 → Reward: 0.0
[REWARD DEBUG] Stagnation (normal): 0.0000 → Reward: 0.0
[REWARD DEBUG] Stagnation (normal): 0.0000 → Reward: 0.0
[REWARD DEBUG] Stagnation (normal): 0.0000 → Reward: 0.0
[REWARD DEBUG] Stagnation (normal): 0.0000 → Reward: 0.0
[ACTION DEBUG iter 600] Raw action[1:3]: [-1.0000, 1.0000, 1.0000], noise: 0.0500
[ACTION DEBUG iter 600] WARNING: 11/20 actions clipped (network saturating)
[RLAMPSO DEBUG iter 600] w=0.3384, c1=2.8405, c2=3.0000 | fitness=1857.52
[REWARD DEBUG iter 600] FitnessImprovement: 0.0000 → Reward: +0.0000 (prevFit=1857.52, currFit=1857.52)
[Ep  41/1000] Fit:  1857.5 | Avg:  1900.6 | Reward: +150.3 | Time:  97.3s
          Buffer: 19446 | Noise: 0.0814 | ActorLoss: -1.922e+00 | CriticLoss: 5.332e-02
[REWARD DEBUG] Stagnation (normal): 0.0000 → Reward: 0.0
[REWARD DEBUG] Stagnation (normal): 0.0000 → Reward: 0.0
[REWARD DEBUG] Stagnation (normal): 0.0000 → Reward: 0.0
[REWARD DEBUG] Stagnation (normal): 0.0000 → Reward: 0.0
[ACTION DEBUG iter 100] Raw action[1:3]: [-1.0000, 1.0000, 1.0000], noise: 0.0500
[ACTION DEBUG iter 100] WARNING: 9/20 actions clipped (network saturating)
[RLAMPSO DEBUG iter 100] w=0.3036, c1=3.0000, c2=2.9104 | fitness=1996.30
[REWARD DEBUG iter 100] FitnessImprovement: 0.0000 → Reward: +0.0000 (prevFit=1996.30, currFit=1996.30)
[REWARD DEBUG] Stagnation (normal): 0.0000 → Reward: 0.0
[REWARD DEBUG] Stagnation (normal): 0.0000 → Reward: 0.0
[REWARD DEBUG] Stagnation (normal): 0.0000 → Reward: 0.0
[REWARD DEBUG] Stagnation (normal): 0.0000 → Reward: 0.0
[ACTION DEBUG iter 200] Raw action[1:3]: [-1.0000, 1.0000, 1.0000], noise: 0.0500
[ACTION DEBUG iter 200] WARNING: 11/20 actions clipped (network saturating)
[RLAMPSO DEBUG iter 200] w=0.3000, c1=3.0000, c2=3.0000 | fitness=1961.83
[REWARD DEBUG iter 200] FitnessImprovement: 0.0000 → Reward: +0.0000 (prevFit=1961.83, currFit=1961.83)
[REWARD DEBUG] Stagnation (normal): 0.0000 → Reward: 0.0
[REWARD DEBUG] Stagnation (normal): 0.0000 → Reward: 0.0
[REWARD DEBUG] Stagnation (normal): 0.0000 → Reward: 0.0
[REWARD DEBUG] Stagnation (normal): 0.0000 → Reward: 0.0
[REWARD DEBUG] Stagnation (normal): 0.0000 → Reward: 0.0
[REWARD DEBUG] Stagnation (normal): 0.0000 → Reward: 0.0
[ACTION DEBUG iter 300] Raw action[1:3]: [-1.0000, 1.0000, 1.0000], noise: 0.0500
[ACTION DEBUG iter 300] WARNING: 12/20 actions clipped (network saturating)
[RLAMPSO DEBUG iter 300] w=0.3000, c1=2.9973, c2=3.0000 | fitness=1961.83
[REWARD DEBUG] Stagnation (normal): 0.0000 → Reward: 0.0
[REWARD DEBUG iter 300] FitnessImprovement: 0.0000 → Reward: +0.0000 (prevFit=1961.83, currFit=1961.83)
[REWARD DEBUG] Stagnation (normal): 0.0000 → Reward: 0.0
[REWARD DEBUG] Stagnation (normal): 0.0000 → Reward: 0.0
[REWARD DEBUG] Stagnation (normal): 0.0000 → Reward: 0.0
[Ep  42/1000] Fit:  1961.8 | Avg:  1895.9 | Reward: +155.0 | Time:  56.3s
          Buffer: 19726 | Noise: 0.0810 | ActorLoss: -1.808e+00 | CriticLoss: 1.898e-02
[REWARD DEBUG] Improvement: 24.3306 → Reward: +0.7018
[REWARD DEBUG] Improvement: 134.3483 → Reward: +1.0000
[REWARD DEBUG] Stagnation (normal): 0.0000 → Reward: 0.0
[REWARD DEBUG] Stagnation (normal): 0.0000 → Reward: 0.0
[REWARD DEBUG] Stagnation (normal): 0.0000 → Reward: 0.0
[REWARD DEBUG] Stagnation (normal): 0.0000 → Reward: 0.0
[REWARD DEBUG] Stagnation (normal): 0.0000 → Reward: 0.0
[REWARD DEBUG] Stagnation (normal): 0.0000 → Reward: 0.0
[REWARD DEBUG] Stagnation (normal): 0.0000 → Reward: 0.0
[REWARD DEBUG] Stagnation (normal): 0.0000 → Reward: 0.0
[REWARD DEBUG] Stagnation (normal): 0.0000 → Reward: 0.0
[REWARD DEBUG] Stagnation (normal): 0.0000 → Reward: 0.0
[ACTION DEBUG iter 100] Raw action[1:3]: [-1.0000, 1.0000, 1.0000], noise: 0.0500
[ACTION DEBUG iter 100] WARNING: 14/20 actions clipped (network saturating)
[RLAMPSO DEBUG iter 100] w=0.3046, c1=3.0000, c2=3.0000 | fitness=1877.24
[REWARD DEBUG iter 100] FitnessImprovement: 0.0000 → Reward: +0.0000 (prevFit=1877.24, currFit=1877.24)
[REWARD DEBUG] Stagnation (normal): 0.0000 → Reward: 0.0
[REWARD DEBUG] Stagnation (normal): 0.0000 → Reward: 0.0
[REWARD DEBUG] Stagnation (normal): 0.0000 → Reward: 0.0
[REWARD DEBUG] Stagnation (normal): 0.0000 → Reward: 0.0
[REWARD DEBUG] Stagnation (normal): 0.0000 → Reward: 0.0
[REWARD DEBUG] Stagnation (normal): 0.0000 → Reward: 0.0
[REWARD DEBUG] Stagnation (normal): 0.0000 → Reward: 0.0
[REWARD DEBUG] Stagnation (normal): 0.0000 → Reward: 0.0
[REWARD DEBUG] Stagnation (normal): 0.0000 → Reward: 0.0
[REWARD DEBUG] Stagnation (normal): 0.0000 → Reward: 0.0
[REWARD DEBUG] Stagnation (normal): 0.0000 → Reward: 0.0
[REWARD DEBUG] Stagnation (normal): 0.0000 → Reward: 0.0
[REWARD DEBUG] Stagnation (normal): 0.0000 → Reward: 0.0
[ACTION DEBUG iter 200] Raw action[1:3]: [-1.0000, 1.0000, 1.0000], noise: 0.0500
[ACTION DEBUG iter 200] WARNING: 14/20 actions clipped (network saturating)
[RLAMPSO DEBUG iter 200] w=0.3000, c1=3.0000, c2=3.0000 | fitness=1856.46
[REWARD DEBUG iter 200] FitnessImprovement: 0.0000 → Reward: +0.0000 (prevFit=1856.46, currFit=1856.46)
[REWARD DEBUG] Stagnation (normal): 0.0000 → Reward: 0.0
[REWARD DEBUG] Stagnation (normal): 0.0000 → Reward: 0.0
[REWARD DEBUG] Stagnation (normal): 0.0000 → Reward: 0.0
[REWARD DEBUG] Stagnation (normal): 0.0000 → Reward: 0.0
[REWARD DEBUG] Stagnation (normal): 0.0000 → Reward: 0.0
[REWARD DEBUG] Stagnation (normal): 0.0000 → Reward: 0.0
[REWARD DEBUG] Stagnation (normal): 0.0000 → Reward: 0.0
[ACTION DEBUG iter 300] Raw action[1:3]: [-1.0000, 1.0000, 1.0000], noise: 0.0500
[ACTION DEBUG iter 300] WARNING: 7/20 actions clipped (network saturating)
[RLAMPSO DEBUG iter 300] w=0.3064, c1=2.9653, c2=2.9907 | fitness=1850.30
[REWARD DEBUG iter 300] FitnessImprovement: 0.0000 → Reward: +0.0000 (prevFit=1850.30, currFit=1850.30)
[REWARD DEBUG] Stagnation (normal): 0.0000 → Reward: 0.0
[REWARD DEBUG] Stagnation (normal): 0.0000 → Reward: 0.0
[REWARD DEBUG] Stagnation (normal): 0.0000 → Reward: 0.0
[REWARD DEBUG] Stagnation (normal): 0.0000 → Reward: 0.0
[REWARD DEBUG] Stagnation (normal): 0.0000 → Reward: 0.0
[REWARD DEBUG] Stagnation (normal): 0.0000 → Reward: 0.0
[REWARD DEBUG] Stagnation (normal): 0.0000 → Reward: 0.0
[REWARD DEBUG] Stagnation (normal): 0.0000 → Reward: 0.0
[REWARD DEBUG] Stagnation (normal): 0.0000 → Reward: 0.0
[REWARD DEBUG] Stagnation (normal): 0.0000 → Reward: 0.0
[REWARD DEBUG] Stagnation (normal): 0.0000 → Reward: 0.0
[REWARD DEBUG] Stagnation (normal): 0.0000 → Reward: 0.0
[REWARD DEBUG] Stagnation (normal): 0.0000 → Reward: 0.0
[REWARD DEBUG] Stagnation (normal): 0.0000 → Reward: 0.0
[ACTION DEBUG iter 400] Raw action[1:3]: [-1.0000, 1.0000, 1.0000], noise: 0.0500
[ACTION DEBUG iter 400] WARNING: 10/20 actions clipped (network saturating)
[RLAMPSO DEBUG iter 400] w=0.3000, c1=2.8095, c2=2.8540 | fitness=1833.45
[REWARD DEBUG iter 400] FitnessImprovement: 0.0000 → Reward: +0.0000 (prevFit=1833.45, currFit=1833.45)
[REWARD DEBUG] Stagnation (normal): 0.0000 → Reward: 0.0
[REWARD DEBUG] Stagnation (normal): 0.0000 → Reward: 0.0
[REWARD DEBUG] Stagnation (normal): 0.0000 → Reward: 0.0
[REWARD DEBUG] Stagnation (normal): 0.0000 → Reward: 0.0
[REWARD DEBUG] Stagnation (normal): 0.0000 → Reward: 0.0
[REWARD DEBUG] Stagnation (normal): 0.0000 → Reward: 0.0
[REWARD DEBUG] Stagnation (normal): 0.0000 → Reward: 0.0
[REWARD DEBUG] Stagnation (normal): 0.0000 → Reward: 0.0
[ACTION DEBUG iter 500] Raw action[1:3]: [-1.0000, 1.0000, 1.0000], noise: 0.0500
[ACTION DEBUG iter 500] WARNING: 10/20 actions clipped (network saturating)
[RLAMPSO DEBUG iter 500] w=0.3000, c1=3.0000, c2=2.8811 | fitness=1826.11
[REWARD DEBUG iter 500] FitnessImprovement: 0.0000 → Reward: +0.0000 (prevFit=1826.11, currFit=1826.11)
[REWARD DEBUG] Stagnation (normal): 0.0000 → Reward: 0.0
[REWARD DEBUG] Stagnation (normal): 0.0000 → Reward: 0.0
[REWARD DEBUG] Stagnation (normal): 0.0000 → Reward: 0.0
[REWARD DEBUG] Stagnation (normal): 0.0000 → Reward: 0.0
[REWARD DEBUG] Stagnation (normal): 0.0000 → Reward: 0.0
[REWARD DEBUG] Stagnation (normal): 0.0000 → Reward: 0.0
[REWARD DEBUG] Stagnation (normal): 0.0000 → Reward: 0.0
[REWARD DEBUG] Stagnation (normal): 0.0000 → Reward: 0.0
[REWARD DEBUG] Stagnation (normal): 0.0000 → Reward: 0.0
[Ep  43/1000] Fit:  1826.1 | Avg:  1877.2 | Reward: +173.7 | Time:  81.0s
          Buffer: 20242 | Noise: 0.0806 | ActorLoss: -4.517e+00 | CriticLoss: 1.128e-01
[REWARD DEBUG] Improvement: 308.5090 → Reward: +1.0000
[REWARD DEBUG] Improvement: 43.3478 → Reward: +0.8234
[REWARD DEBUG] Improvement: 15.8711 → Reward: +0.6136
[REWARD DEBUG] Improvement: 21.6851 → Reward: +0.6779
[REWARD DEBUG] Stagnation (normal): 0.0000 → Reward: 0.0
[REWARD DEBUG] Stagnation (normal): 0.0000 → Reward: 0.0
[REWARD DEBUG] Stagnation (normal): 0.0000 → Reward: 0.0
[ACTION DEBUG iter 100] Raw action[1:3]: [-1.0000, 1.0000, 1.0000], noise: 0.0500
[ACTION DEBUG iter 100] WARNING: 12/20 actions clipped (network saturating)
[RLAMPSO DEBUG iter 100] w=0.3328, c1=3.0000, c2=2.9706 | fitness=2027.10
[REWARD DEBUG iter 100] FitnessImprovement: 31.6165 → Reward: +0.7567 (prevFit=2027.10, currFit=1995.48)
[REWARD DEBUG] Stagnation (normal): 0.0000 → Reward: 0.0
[REWARD DEBUG] Stagnation (normal): 0.0000 → Reward: 0.0
[REWARD DEBUG] Stagnation (normal): 0.0000 → Reward: 0.0
[REWARD DEBUG] Stagnation (normal): 0.0000 → Reward: 0.0
[REWARD DEBUG] Stagnation (normal): 0.0000 → Reward: 0.0
[REWARD DEBUG] Stagnation (normal): 0.0000 → Reward: 0.0
[REWARD DEBUG] Stagnation (normal): 0.0000 → Reward: 0.0
[REWARD DEBUG] Stagnation (normal): 0.0000 → Reward: 0.0
[REWARD DEBUG] Stagnation (normal): 0.0000 → Reward: 0.0
[REWARD DEBUG] Stagnation (normal): 0.0000 → Reward: 0.0
[REWARD DEBUG] Stagnation (normal): 0.0000 → Reward: 0.0
[ACTION DEBUG iter 200] Raw action[1:3]: [-1.0000, 1.0000, 1.0000], noise: 0.0500
[ACTION DEBUG iter 200] WARNING: 8/20 actions clipped (network saturating)
[RLAMPSO DEBUG iter 200] w=0.3000, c1=2.8704, c2=3.0000 | fitness=1956.39
[REWARD DEBUG iter 200] FitnessImprovement: 0.0000 → Reward: +0.0000 (prevFit=1956.39, currFit=1956.39)
[REWARD DEBUG] Stagnation (normal): 0.0000 → Reward: 0.0
[REWARD DEBUG] Stagnation (normal): 0.0000 → Reward: 0.0
[REWARD DEBUG] Stagnation (normal): 0.0000 → Reward: 0.0
[REWARD DEBUG] Stagnation (normal): 0.0000 → Reward: 0.0
[REWARD DEBUG] Stagnation (normal): 0.0000 → Reward: 0.0
[REWARD DEBUG] Stagnation (normal): 0.0000 → Reward: 0.0
[REWARD DEBUG] Stagnation (normal): 0.0000 → Reward: 0.0
[REWARD DEBUG] Stagnation (normal): 0.0000 → Reward: 0.0
[REWARD DEBUG] Stagnation (normal): 0.0000 → Reward: 0.0
[REWARD DEBUG] Stagnation (normal): 0.0000 → Reward: 0.0
[REWARD DEBUG] Stagnation (normal): 0.0000 → Reward: 0.0
[REWARD DEBUG] Stagnation (normal): 0.0000 → Reward: 0.0
[REWARD DEBUG] Stagnation (normal): 0.0000 → Reward: 0.0
[REWARD DEBUG] Stagnation (normal): 0.0000 → Reward: 0.0
[ACTION DEBUG iter 300] Raw action[1:3]: [-1.0000, 1.0000, 1.0000], noise: 0.0500
[ACTION DEBUG iter 300] WARNING: 10/20 actions clipped (network saturating)
[RLAMPSO DEBUG iter 300] w=0.3000, c1=3.0000, c2=3.0000 | fitness=1954.45
[REWARD DEBUG iter 300] FitnessImprovement: 1.8139 → Reward: +0.2247 (prevFit=1954.45, currFit=1952.64)
[REWARD DEBUG] Stagnation (normal): 0.0000 → Reward: 0.0
[ACTION DEBUG iter 400] Raw action[1:3]: [-1.0000, 1.0000, 1.0000], noise: 0.0500
[ACTION DEBUG iter 400] WARNING: 12/20 actions clipped (network saturating)
[RLAMPSO DEBUG iter 400] w=0.3248, c1=3.0000, c2=3.0000 | fitness=1910.36
[REWARD DEBUG iter 400] FitnessImprovement: 0.0000 → Reward: +0.0000 (prevFit=1910.36, currFit=1910.36)
[REWARD DEBUG] Stagnation (normal): 0.0000 → Reward: 0.0
[REWARD DEBUG] Stagnation (normal): 0.0000 → Reward: 0.0
[REWARD DEBUG] Stagnation (normal): 0.0000 → Reward: 0.0
[REWARD DEBUG] Stagnation (normal): 0.0000 → Reward: 0.0
[REWARD DEBUG] Stagnation (normal): 0.0000 → Reward: 0.0
[REWARD DEBUG] Stagnation (normal): 0.0000 → Reward: 0.0
[ACTION DEBUG iter 500] Raw action[1:3]: [-1.0000, 1.0000, 1.0000], noise: 0.0500
[ACTION DEBUG iter 500] WARNING: 11/20 actions clipped (network saturating)
[RLAMPSO DEBUG iter 500] w=0.3000, c1=2.9335, c2=3.0000 | fitness=1906.44
[REWARD DEBUG iter 500] FitnessImprovement: 0.0000 → Reward: +0.0000 (prevFit=1906.44, currFit=1906.44)
[REWARD DEBUG] Stagnation (normal): 0.0000 → Reward: 0.0
[REWARD DEBUG] Stagnation (normal): 0.0000 → Reward: 0.0
[REWARD DEBUG] Stagnation (normal): 0.0000 → Reward: 0.0
[REWARD DEBUG] Stagnation (normal): 0.0000 → Reward: 0.0
[REWARD DEBUG] Stagnation (normal): 0.0000 → Reward: 0.0
[REWARD DEBUG] Stagnation (normal): 0.0000 → Reward: 0.0
[REWARD DEBUG] Stagnation (normal): 0.0000 → Reward: 0.0
[REWARD DEBUG] Stagnation (normal): 0.0000 → Reward: 0.0
[REWARD DEBUG] Stagnation (normal): 0.0000 → Reward: 0.0
[REWARD DEBUG] Stagnation (normal): 0.0000 → Reward: 0.0
[REWARD DEBUG] Stagnation (normal): 0.0000 → Reward: 0.0
[REWARD DEBUG] Stagnation (normal): 0.0000 → Reward: 0.0
[REWARD DEBUG] Stagnation (normal): 0.0000 → Reward: 0.0
[ACTION DEBUG iter 600] Raw action[1:3]: [-1.0000, 1.0000, 1.0000], noise: 0.0500
[ACTION DEBUG iter 600] WARNING: 9/20 actions clipped (network saturating)
[RLAMPSO DEBUG iter 600] w=0.3000, c1=2.9242, c2=3.0000 | fitness=1906.44
[REWARD DEBUG iter 600] FitnessImprovement: 0.0000 → Reward: +0.0000 (prevFit=1906.44, currFit=1906.44)
[Ep  44/1000] Fit:  1906.4 | Avg:  1868.4 | Reward: +182.5 | Time: 112.0s
          Buffer: 20792 | Noise: 0.0802 | ActorLoss: -1.193e+01 | CriticLoss: 2.712e-01
[REWARD DEBUG] Stagnation (normal): 0.0000 → Reward: 0.0
[REWARD DEBUG] Stagnation (normal): 0.0000 → Reward: 0.0
[REWARD DEBUG] Stagnation (normal): 0.0000 → Reward: 0.0
[REWARD DEBUG] Stagnation (normal): 0.0000 → Reward: 0.0
[REWARD DEBUG] Stagnation (normal): 0.0000 → Reward: 0.0
[REWARD DEBUG] Stagnation (normal): 0.0000 → Reward: 0.0
[REWARD DEBUG] Stagnation (normal): 0.0000 → Reward: 0.0
[REWARD DEBUG] Stagnation (normal): 0.0000 → Reward: 0.0
[REWARD DEBUG] Stagnation (normal): 0.0000 → Reward: 0.0
[REWARD DEBUG] Stagnation (normal): 0.0000 → Reward: 0.0
[ACTION DEBUG iter 100] Raw action[1:3]: [-1.0000, 1.0000, 1.0000], noise: 0.0500
[ACTION DEBUG iter 100] WARNING: 8/20 actions clipped (network saturating)
[RLAMPSO DEBUG iter 100] w=0.3034, c1=2.9787, c2=2.9896 | fitness=1979.38
[REWARD DEBUG iter 100] FitnessImprovement: 0.0000 → Reward: +0.0000 (prevFit=1979.38, currFit=1979.38)
[REWARD DEBUG] Stagnation (normal): 0.0000 → Reward: 0.0
[REWARD DEBUG] Stagnation (normal): 0.0000 → Reward: 0.0
[REWARD DEBUG] Stagnation (normal): 0.0000 → Reward: 0.0
[REWARD DEBUG] Stagnation (normal): 0.0000 → Reward: 0.0
[REWARD DEBUG] Stagnation (normal): 0.0000 → Reward: 0.0
[REWARD DEBUG] Stagnation (normal): 0.0000 → Reward: 0.0
[ACTION DEBUG iter 200] Raw action[1:3]: [-1.0000, 1.0000, 1.0000], noise: 0.0500
[ACTION DEBUG iter 200] WARNING: 9/20 actions clipped (network saturating)
[RLAMPSO DEBUG iter 200] w=0.3204, c1=2.9429, c2=3.0000 | fitness=1903.82
[REWARD DEBUG iter 200] FitnessImprovement: 12.9019 → Reward: +0.5715 (prevFit=1903.82, currFit=1890.92)
[REWARD DEBUG] Stagnation (normal): 0.0000 → Reward: 0.0
[REWARD DEBUG] Stagnation (normal): 0.0000 → Reward: 0.0
[REWARD DEBUG] Stagnation (normal): 0.0000 → Reward: 0.0
[REWARD DEBUG] Stagnation (normal): 0.0000 → Reward: 0.0
[REWARD DEBUG] Stagnation (normal): 0.0000 → Reward: 0.0
[REWARD DEBUG] Stagnation (normal): 0.0000 → Reward: 0.0
[REWARD DEBUG] Stagnation (normal): 0.0000 → Reward: 0.0
[REWARD DEBUG] Stagnation (normal): 0.0000 → Reward: 0.0
[REWARD DEBUG] Stagnation (normal): 0.0000 → Reward: 0.0
[ACTION DEBUG iter 300] Raw action[1:3]: [-1.0000, 1.0000, 1.0000], noise: 0.0500
[ACTION DEBUG iter 300] WARNING: 12/20 actions clipped (network saturating)
[RLAMPSO DEBUG iter 300] w=0.3289, c1=3.0000, c2=3.0000 | fitness=1890.92
[REWARD DEBUG iter 300] FitnessImprovement: 0.0000 → Reward: +0.0000 (prevFit=1890.92, currFit=1890.92)
[REWARD DEBUG] Stagnation (normal): 0.0000 → Reward: 0.0
[REWARD DEBUG] Stagnation (normal): 0.0000 → Reward: 0.0
[REWARD DEBUG] Stagnation (normal): 0.0000 → Reward: 0.0
[REWARD DEBUG] Stagnation (normal): 0.0000 → Reward: 0.0
[REWARD DEBUG] Stagnation (normal): 0.0000 → Reward: 0.0
[REWARD DEBUG] Stagnation (normal): 0.0000 → Reward: 0.0
[REWARD DEBUG] Stagnation (normal): 0.0000 → Reward: 0.0
[REWARD DEBUG] Stagnation (normal): 0.0000 → Reward: 0.0
[REWARD DEBUG] Stagnation (normal): 0.0000 → Reward: 0.0
[REWARD DEBUG] Stagnation (normal): 0.0000 → Reward: 0.0
[ACTION DEBUG iter 400] Raw action[1:3]: [-1.0000, 1.0000, 1.0000], noise: 0.0500
[ACTION DEBUG iter 400] WARNING: 15/20 actions clipped (network saturating)
[RLAMPSO DEBUG iter 400] w=0.3000, c1=3.0000, c2=2.9485 | fitness=1870.89
[REWARD DEBUG iter 400] FitnessImprovement: 0.0000 → Reward: +0.0000 (prevFit=1870.89, currFit=1870.89)
[REWARD DEBUG] Stagnation (normal): 0.0000 → Reward: 0.0
[REWARD DEBUG] Stagnation (normal): 0.0000 → Reward: 0.0
[REWARD DEBUG] Stagnation (normal): 0.0000 → Reward: 0.0
[REWARD DEBUG] Stagnation (normal): 0.0000 → Reward: 0.0
[REWARD DEBUG] Stagnation (normal): 0.0000 → Reward: 0.0
[REWARD DEBUG] Stagnation (normal): 0.0000 → Reward: 0.0
[REWARD DEBUG] Stagnation (normal): 0.0000 → Reward: 0.0
[REWARD DEBUG] Stagnation (normal): 0.0000 → Reward: 0.0
[REWARD DEBUG] Stagnation (normal): 0.0000 → Reward: 0.0
[REWARD DEBUG] Stagnation (normal): 0.0000 → Reward: 0.0
[REWARD DEBUG] Stagnation (normal): 0.0000 → Reward: 0.0
[REWARD DEBUG] Stagnation (normal): 0.0000 → Reward: 0.0
[REWARD DEBUG] Stagnation (normal): 0.0000 → Reward: 0.0
[ACTION DEBUG iter 500] Raw action[1:3]: [-1.0000, 1.0000, 1.0000], noise: 0.0500
[ACTION DEBUG iter 500] WARNING: 12/20 actions clipped (network saturating)
[RLAMPSO DEBUG iter 500] w=0.3000, c1=2.9032, c2=3.0000 | fitness=1853.57
[REWARD DEBUG iter 500] FitnessImprovement: 0.0000 → Reward: +0.0000 (prevFit=1853.57, currFit=1853.57)
[REWARD DEBUG] Stagnation (normal): 0.0000 → Reward: 0.0
[REWARD DEBUG] Stagnation (normal): 0.0000 → Reward: 0.0
[REWARD DEBUG] Stagnation (normal): 0.0000 → Reward: 0.0
[REWARD DEBUG] Stagnation (normal): 0.0000 → Reward: 0.0
[REWARD DEBUG] Stagnation (normal): 0.0000 → Reward: 0.0
[REWARD DEBUG] Stagnation (normal): 0.0000 → Reward: 0.0
[REWARD DEBUG] Stagnation (normal): 0.0000 → Reward: 0.0
[REWARD DEBUG] Stagnation (normal): 0.0000 → Reward: 0.0
[REWARD DEBUG] Stagnation (normal): 0.0000 → Reward: 0.0
[REWARD DEBUG] Stagnation (normal): 0.0000 → Reward: 0.0
[REWARD DEBUG] Stagnation (normal): 0.0000 → Reward: 0.0
[ACTION DEBUG iter 600] Raw action[1:3]: [-1.0000, 1.0000, 1.0000], noise: 0.0500
[ACTION DEBUG iter 600] WARNING: 13/20 actions clipped (network saturating)
[RLAMPSO DEBUG iter 600] w=0.3000, c1=2.9476, c2=3.0000 | fitness=1853.57
[REWARD DEBUG iter 600] FitnessImprovement: 0.0000 → Reward: +0.0000 (prevFit=1853.57, currFit=1853.57)
[Ep  45/1000] Fit:  1853.6 | Avg:  1873.4 | Reward: +177.5 | Time:  97.3s
          Buffer: 21342 | Noise: 0.0798 | ActorLoss: -1.401e+01 | CriticLoss: 3.081e-01
[REWARD DEBUG] Stagnation (normal): 0.0000 → Reward: 0.0
[REWARD DEBUG] Stagnation (normal): 0.0000 → Reward: 0.0
[REWARD DEBUG] Stagnation (normal): 0.0000 → Reward: 0.0
[REWARD DEBUG] Stagnation (normal): 0.0000 → Reward: 0.0
[REWARD DEBUG] Stagnation (normal): 0.0000 → Reward: 0.0
[REWARD DEBUG] Stagnation (normal): 0.0000 → Reward: 0.0
[REWARD DEBUG] Stagnation (normal): 0.0000 → Reward: 0.0
[ACTION DEBUG iter 100] Raw action[1:3]: [-1.0000, 1.0000, 1.0000], noise: 0.0500
[ACTION DEBUG iter 100] WARNING: 9/20 actions clipped (network saturating)
[RLAMPSO DEBUG iter 100] w=0.3000, c1=2.9121, c2=2.9682 | fitness=2044.07
[REWARD DEBUG iter 100] FitnessImprovement: 0.0000 → Reward: +0.0000 (prevFit=2044.07, currFit=2044.07)
[REWARD DEBUG] Stagnation (normal): 0.0000 → Reward: 0.0
[REWARD DEBUG] Stagnation (normal): 0.0000 → Reward: 0.0
[REWARD DEBUG] Stagnation (normal): 0.0000 → Reward: 0.0
[REWARD DEBUG] Stagnation (normal): 0.0000 → Reward: 0.0
[REWARD DEBUG] Stagnation (normal): 0.0000 → Reward: 0.0
[REWARD DEBUG] Stagnation (normal): 0.0000 → Reward: 0.0
[REWARD DEBUG] Stagnation (normal): 0.0000 → Reward: 0.0
[REWARD DEBUG] Stagnation (normal): 0.0000 → Reward: 0.0
[REWARD DEBUG] Stagnation (normal): 0.0000 → Reward: 0.0
[REWARD DEBUG] Stagnation (normal): 0.0000 → Reward: 0.0
[REWARD DEBUG] Stagnation (normal): 0.0000 → Reward: 0.0
[ACTION DEBUG iter 200] Raw action[1:3]: [-1.0000, 1.0000, 1.0000], noise: 0.0500
[ACTION DEBUG iter 200] WARNING: 13/20 actions clipped (network saturating)
[RLAMPSO DEBUG iter 200] w=0.3000, c1=3.0000, c2=2.8851 | fitness=1985.31
[REWARD DEBUG iter 200] FitnessImprovement: 0.0000 → Reward: +0.0000 (prevFit=1985.31, currFit=1985.31)
[REWARD DEBUG] Stagnation (normal): 0.0000 → Reward: 0.0
[REWARD DEBUG] Stagnation (normal): 0.0000 → Reward: 0.0
[REWARD DEBUG] Stagnation (normal): 0.0000 → Reward: 0.0
[REWARD DEBUG] Stagnation (normal): 0.0000 → Reward: 0.0
[REWARD DEBUG] Stagnation (normal): 0.0000 → Reward: 0.0
[ACTION DEBUG iter 300] Raw action[1:3]: [-1.0000, 1.0000, 1.0000], noise: 0.0500
[ACTION DEBUG iter 300] WARNING: 9/20 actions clipped (network saturating)
[RLAMPSO DEBUG iter 300] w=0.3096, c1=3.0000, c2=2.9922 | fitness=1946.50
[REWARD DEBUG iter 300] FitnessImprovement: 0.0000 → Reward: +0.0000 (prevFit=1946.50, currFit=1946.50)
[REWARD DEBUG] Stagnation (normal): 0.0000 → Reward: 0.0
[REWARD DEBUG] Stagnation (normal): 0.0000 → Reward: 0.0
[REWARD DEBUG] Stagnation (normal): 0.0000 → Reward: 0.0
[REWARD DEBUG] Stagnation (normal): 0.0000 → Reward: 0.0
[REWARD DEBUG] Stagnation (normal): 0.0000 → Reward: 0.0
[REWARD DEBUG] Stagnation (normal): 0.0000 → Reward: 0.0
[REWARD DEBUG] Stagnation (normal): 0.0000 → Reward: 0.0
[ACTION DEBUG iter 400] Raw action[1:3]: [-1.0000, 1.0000, 1.0000], noise: 0.0500
[ACTION DEBUG iter 400] WARNING: 10/20 actions clipped (network saturating)
[RLAMPSO DEBUG iter 400] w=0.3066, c1=3.0000, c2=2.9557 | fitness=1943.99
[REWARD DEBUG iter 400] FitnessImprovement: 0.0000 → Reward: +0.0000 (prevFit=1943.99, currFit=1943.99)
[REWARD DEBUG] Stagnation (normal): 0.0000 → Reward: 0.0
[REWARD DEBUG] Stagnation (normal): 0.0000 → Reward: 0.0
[REWARD DEBUG] Stagnation (normal): 0.0000 → Reward: 0.0
[REWARD DEBUG] Stagnation (normal): 0.0000 → Reward: 0.0
[REWARD DEBUG] Stagnation (normal): 0.0000 → Reward: 0.0
[REWARD DEBUG] Stagnation (normal): 0.0000 → Reward: 0.0
[REWARD DEBUG] Stagnation (normal): 0.0000 → Reward: 0.0
[REWARD DEBUG] Stagnation (normal): 0.0000 → Reward: 0.0
[REWARD DEBUG] Stagnation (normal): 0.0000 → Reward: 0.0
[ACTION DEBUG iter 500] Raw action[1:3]: [-1.0000, 1.0000, 1.0000], noise: 0.0500
[ACTION DEBUG iter 500] WARNING: 9/20 actions clipped (network saturating)
[RLAMPSO DEBUG iter 500] w=0.3159, c1=3.0000, c2=2.9692 | fitness=1925.45
[REWARD DEBUG iter 500] FitnessImprovement: 0.0000 → Reward: +0.0000 (prevFit=1925.45, currFit=1925.45)
[REWARD DEBUG] Stagnation (normal): 0.0000 → Reward: 0.0
[REWARD DEBUG] Stagnation (normal): 0.0000 → Reward: 0.0
[REWARD DEBUG] Stagnation (normal): 0.0000 → Reward: 0.0
[REWARD DEBUG] Stagnation (normal): 0.0000 → Reward: 0.0
[REWARD DEBUG] Stagnation (normal): 0.0000 → Reward: 0.0
[REWARD DEBUG] Stagnation (normal): 0.0000 → Reward: 0.0
[REWARD DEBUG] Stagnation (normal): 0.0000 → Reward: 0.0
[REWARD DEBUG] Stagnation (normal): 0.0000 → Reward: 0.0
[REWARD DEBUG] Stagnation (normal): 0.0000 → Reward: 0.0
[ACTION DEBUG iter 600] Raw action[1:3]: [-1.0000, 1.0000, 1.0000], noise: 0.0500
[ACTION DEBUG iter 600] WARNING: 14/20 actions clipped (network saturating)
[RLAMPSO DEBUG iter 600] w=0.3000, c1=3.0000, c2=2.9315 | fitness=1925.45
[REWARD DEBUG iter 600] FitnessImprovement: 0.0000 → Reward: +0.0000 (prevFit=1925.45, currFit=1925.45)
[Ep  46/1000] Fit:  1925.5 | Avg:  1877.1 | Reward: +173.8 | Time:  97.1s
          Buffer: 21892 | Noise: 0.0794 | ActorLoss: -1.043e+01 | CriticLoss: 9.246e-01
[REWARD DEBUG] Stagnation (normal): 0.0000 → Reward: 0.0
[REWARD DEBUG] Stagnation (normal): 0.0000 → Reward: 0.0
[REWARD DEBUG] Improvement: 52.2724 → Reward: +0.8633
[REWARD DEBUG] Stagnation (normal): 0.0000 → Reward: 0.0
[REWARD DEBUG] Stagnation (normal): 0.0000 → Reward: 0.0
[REWARD DEBUG] Stagnation (normal): 0.0000 → Reward: 0.0
[REWARD DEBUG] Stagnation (normal): 0.0000 → Reward: 0.0
[REWARD DEBUG] Stagnation (normal): 0.0000 → Reward: 0.0
[REWARD DEBUG] Stagnation (normal): 0.0000 → Reward: 0.0
[ACTION DEBUG iter 100] Raw action[1:3]: [-1.0000, 1.0000, 1.0000], noise: 0.0500
[ACTION DEBUG iter 100] WARNING: 7/20 actions clipped (network saturating)
[RLAMPSO DEBUG iter 100] w=0.3000, c1=3.0000, c2=2.8713 | fitness=2041.72
[REWARD DEBUG iter 100] FitnessImprovement: 0.0000 → Reward: +0.0000 (prevFit=2041.72, currFit=2041.72)
[REWARD DEBUG] Stagnation (normal): 0.0000 → Reward: 0.0
[REWARD DEBUG] Stagnation (normal): 0.0000 → Reward: 0.0
[REWARD DEBUG] Stagnation (normal): 0.0000 → Reward: 0.0
[REWARD DEBUG] Stagnation (normal): 0.0000 → Reward: 0.0
[REWARD DEBUG] Stagnation (normal): 0.0000 → Reward: 0.0
[REWARD DEBUG] Stagnation (normal): 0.0000 → Reward: 0.0
[REWARD DEBUG] Stagnation (normal): 0.0000 → Reward: 0.0
[REWARD DEBUG] Stagnation (normal): 0.0000 → Reward: 0.0
[REWARD DEBUG] Stagnation (normal): 0.0000 → Reward: 0.0
[REWARD DEBUG] Stagnation (normal): 0.0000 → Reward: 0.0
[REWARD DEBUG] Stagnation (normal): 0.0000 → Reward: 0.0
[REWARD DEBUG] Stagnation (normal): 0.0000 → Reward: 0.0
[REWARD DEBUG] Stagnation (normal): 0.0000 → Reward: 0.0
[REWARD DEBUG] Stagnation (normal): 0.0000 → Reward: 0.0
[ACTION DEBUG iter 200] Raw action[1:3]: [-1.0000, 1.0000, 1.0000], noise: 0.0500
[ACTION DEBUG iter 200] WARNING: 8/20 actions clipped (network saturating)
[RLAMPSO DEBUG iter 200] w=0.3244, c1=2.9172, c2=2.9612 | fitness=2010.15
[REWARD DEBUG iter 200] FitnessImprovement: 0.0000 → Reward: +0.0000 (prevFit=2010.15, currFit=2010.15)
[REWARD DEBUG] Stagnation (normal): 0.0000 → Reward: 0.0
[REWARD DEBUG] Stagnation (normal): 0.0000 → Reward: 0.0
[REWARD DEBUG] Stagnation (normal): 0.0000 → Reward: 0.0
[REWARD DEBUG] Stagnation (normal): 0.0000 → Reward: 0.0
[REWARD DEBUG] Stagnation (normal): 0.0000 → Reward: 0.0
[REWARD DEBUG] Stagnation (normal): 0.0000 → Reward: 0.0
[REWARD DEBUG] Stagnation (normal): 0.0000 → Reward: 0.0
[REWARD DEBUG] Stagnation (normal): 0.0000 → Reward: 0.0
[REWARD DEBUG] Stagnation (normal): 0.0000 → Reward: 0.0
[REWARD DEBUG] Stagnation (normal): 0.0000 → Reward: 0.0
[REWARD DEBUG] Stagnation (normal): 0.0000 → Reward: 0.0
[REWARD DEBUG] Stagnation (normal): 0.0000 → Reward: 0.0
[REWARD DEBUG] Stagnation (normal): 0.0000 → Reward: 0.0
[ACTION DEBUG iter 300] Raw action[1:3]: [-1.0000, 1.0000, 1.0000], noise: 0.0500
[ACTION DEBUG iter 300] WARNING: 10/20 actions clipped (network saturating)
[RLAMPSO DEBUG iter 300] w=0.3000, c1=2.9214, c2=3.0000 | fitness=1971.61
[REWARD DEBUG iter 300] FitnessImprovement: 0.0000 → Reward: +0.0000 (prevFit=1971.61, currFit=1971.61)
[REWARD DEBUG] Stagnation (normal): 0.0000 → Reward: 0.0
[REWARD DEBUG] Stagnation (normal): 0.0000 → Reward: 0.0
[REWARD DEBUG] Stagnation (normal): 0.0000 → Reward: 0.0
[REWARD DEBUG] Stagnation (normal): 0.0000 → Reward: 0.0
[REWARD DEBUG] Stagnation (normal): 0.0000 → Reward: 0.0
[REWARD DEBUG] Stagnation (normal): 0.0000 → Reward: 0.0
[REWARD DEBUG] Stagnation (normal): 0.0000 → Reward: 0.0
[REWARD DEBUG] Stagnation (normal): 0.0000 → Reward: 0.0
[REWARD DEBUG] Improvement: 0.2028 → Reward: +0.0401
[REWARD DEBUG] Improvement: 0.0000 → Reward: +0.0000
[ACTION DEBUG iter 400] Raw action[1:3]: [-1.0000, 1.0000, 1.0000], noise: 0.0500
[ACTION DEBUG iter 400] WARNING: 12/20 actions clipped (network saturating)
[RLAMPSO DEBUG iter 400] w=0.3000, c1=2.7947, c2=2.9473 | fitness=1967.86
[REWARD DEBUG iter 400] FitnessImprovement: 0.0000 → Reward: +0.0000 (prevFit=1967.86, currFit=1967.86)
[REWARD DEBUG] Stagnation (normal): 0.0000 → Reward: 0.0
[REWARD DEBUG] Improvement: 0.0000 → Reward: +0.0000
[REWARD DEBUG] Stagnation (normal): 0.0000 → Reward: 0.0
[REWARD DEBUG] Stagnation (normal): 0.0000 → Reward: 0.0
[REWARD DEBUG] Stagnation (normal): 0.0000 → Reward: 0.0
[REWARD DEBUG] Improvement: 0.0000 → Reward: +0.0000
[ACTION DEBUG iter 500] Raw action[1:3]: [-1.0000, 1.0000, 1.0000], noise: 0.0500
[ACTION DEBUG iter 500] WARNING: 12/20 actions clipped (network saturating)
[RLAMPSO DEBUG iter 500] w=0.3000, c1=2.8942, c2=2.9272 | fitness=1967.86
[REWARD DEBUG iter 500] FitnessImprovement: 0.0000 → Reward: +0.0000 (prevFit=1967.86, currFit=1967.86)
[REWARD DEBUG] Improvement: 0.0000 → Reward: +0.0000
[REWARD DEBUG] Stagnation (normal): 0.0000 → Reward: 0.0
[REWARD DEBUG] Stagnation (normal): 0.0000 → Reward: 0.0
[REWARD DEBUG] Stagnation (normal): 0.0000 → Reward: 0.0
[REWARD DEBUG] Stagnation (normal): 0.0000 → Reward: 0.0
[REWARD DEBUG] Stagnation (normal): 0.0000 → Reward: 0.0
[REWARD DEBUG] Stagnation (normal): 0.0000 → Reward: 0.0
[REWARD DEBUG] Stagnation (normal): 0.0000 → Reward: 0.0
[ACTION DEBUG iter 600] Raw action[1:3]: [-1.0000, 1.0000, 1.0000], noise: 0.0500
[ACTION DEBUG iter 600] WARNING: 12/20 actions clipped (network saturating)
[RLAMPSO DEBUG iter 600] w=0.3123, c1=3.0000, c2=3.0000 | fitness=1967.86
[REWARD DEBUG iter 600] FitnessImprovement: 0.0000 → Reward: +0.0000 (prevFit=1967.86, currFit=1967.86)
[Ep  47/1000] Fit:  1967.9 | Avg:  1888.8 | Reward: +162.1 | Time: 101.0s
          Buffer: 22442 | Noise: 0.0790 | ActorLoss: -1.022e+01 | CriticLoss: 1.708e-01
[REWARD DEBUG] Improvement: 10.1287 → Reward: +0.5232
[REWARD DEBUG] Stagnation (normal): 0.0000 → Reward: 0.0
[REWARD DEBUG] Improvement: 0.0104 → Reward: +0.0023
[REWARD DEBUG] Stagnation (normal): 0.0000 → Reward: 0.0
[REWARD DEBUG] Stagnation (normal): 0.0000 → Reward: 0.0
[ACTION DEBUG iter 100] Raw action[1:3]: [-1.0000, 1.0000, 1.0000], noise: 0.0500
[ACTION DEBUG iter 100] WARNING: 8/20 actions clipped (network saturating)
[RLAMPSO DEBUG iter 100] w=0.3000, c1=3.0000, c2=2.9679 | fitness=1980.60
[REWARD DEBUG iter 100] FitnessImprovement: 0.0000 → Reward: +0.0000 (prevFit=1980.60, currFit=1980.60)
[REWARD DEBUG] Stagnation (normal): 0.0000 → Reward: 0.0
[REWARD DEBUG] Stagnation (normal): 0.0000 → Reward: 0.0
[REWARD DEBUG] Stagnation (normal): 0.0000 → Reward: 0.0
[REWARD DEBUG] Stagnation (normal): 0.0000 → Reward: 0.0
[REWARD DEBUG] Stagnation (normal): 0.0000 → Reward: 0.0
[REWARD DEBUG] Stagnation (normal): 0.0000 → Reward: 0.0
[REWARD DEBUG] Stagnation (normal): 0.0000 → Reward: 0.0
[REWARD DEBUG] Stagnation (normal): 0.0000 → Reward: 0.0
[ACTION DEBUG iter 200] Raw action[1:3]: [-1.0000, 1.0000, 1.0000], noise: 0.0500
[ACTION DEBUG iter 200] WARNING: 7/20 actions clipped (network saturating)
[RLAMPSO DEBUG iter 200] w=0.3341, c1=2.9181, c2=3.0000 | fitness=1962.93
[REWARD DEBUG iter 200] FitnessImprovement: 0.0000 → Reward: +0.0000 (prevFit=1962.93, currFit=1962.93)
[REWARD DEBUG] Stagnation (normal): 0.0000 → Reward: 0.0
[REWARD DEBUG] Stagnation (normal): 0.0000 → Reward: 0.0
[REWARD DEBUG] Stagnation (normal): 0.0000 → Reward: 0.0
[REWARD DEBUG] Stagnation (normal): 0.0000 → Reward: 0.0
[REWARD DEBUG] Stagnation (normal): 0.0000 → Reward: 0.0
[REWARD DEBUG] Stagnation (normal): 0.0000 → Reward: 0.0
[REWARD DEBUG] Stagnation (normal): 0.0000 → Reward: 0.0
[REWARD DEBUG] Stagnation (normal): 0.0000 → Reward: 0.0
[ACTION DEBUG iter 300] Raw action[1:3]: [-1.0000, 1.0000, 1.0000], noise: 0.0500
[ACTION DEBUG iter 300] WARNING: 8/20 actions clipped (network saturating)
[RLAMPSO DEBUG iter 300] w=0.3133, c1=2.9581, c2=3.0000 | fitness=1962.72
[REWARD DEBUG] Stagnation (normal): 0.0000 → Reward: 0.0
[REWARD DEBUG iter 300] FitnessImprovement: 0.0000 → Reward: +0.0000 (prevFit=1962.72, currFit=1962.72)
[REWARD DEBUG] Stagnation (normal): 0.0000 → Reward: 0.0
[REWARD DEBUG] Stagnation (normal): 0.0000 → Reward: 0.0
[REWARD DEBUG] Stagnation (normal): 0.0000 → Reward: 0.0
[REWARD DEBUG] Stagnation (normal): 0.0000 → Reward: 0.0
[REWARD DEBUG] Stagnation (normal): 0.0000 → Reward: 0.0
[REWARD DEBUG] Stagnation (normal): 0.0000 → Reward: 0.0
[REWARD DEBUG] Stagnation (normal): 0.0000 → Reward: 0.0
[REWARD DEBUG] Stagnation (normal): 0.0000 → Reward: 0.0
[REWARD DEBUG] Stagnation (normal): 0.0000 → Reward: 0.0
[REWARD DEBUG] Stagnation (normal): 0.0000 → Reward: 0.0
[REWARD DEBUG] Stagnation (normal): 0.0000 → Reward: 0.0
[REWARD DEBUG] Stagnation (normal): 0.0000 → Reward: 0.0
[REWARD DEBUG] Stagnation (normal): 0.0000 → Reward: 0.0
[REWARD DEBUG] Stagnation (normal): 0.0000 → Reward: 0.0
[ACTION DEBUG iter 400] Raw action[1:3]: [-1.0000, 1.0000, 1.0000], noise: 0.0500
[ACTION DEBUG iter 400] WARNING: 14/20 actions clipped (network saturating)
[RLAMPSO DEBUG iter 400] w=0.3000, c1=2.9743, c2=3.0000 | fitness=1945.20
[REWARD DEBUG iter 400] FitnessImprovement: 0.0000 → Reward: +0.0000 (prevFit=1945.20, currFit=1945.20)
[REWARD DEBUG] Stagnation (normal): 0.0000 → Reward: 0.0
[REWARD DEBUG] Stagnation (normal): 0.0000 → Reward: 0.0
[REWARD DEBUG] Stagnation (normal): 0.0000 → Reward: 0.0
[REWARD DEBUG] Stagnation (normal): 0.0000 → Reward: 0.0
[REWARD DEBUG] Stagnation (normal): 0.0000 → Reward: 0.0
[REWARD DEBUG] Stagnation (normal): 0.0000 → Reward: 0.0
[REWARD DEBUG] Stagnation (normal): 0.0000 → Reward: 0.0
[REWARD DEBUG] Stagnation (normal): 0.0000 → Reward: 0.0
[REWARD DEBUG] Stagnation (normal): 0.0000 → Reward: 0.0
[REWARD DEBUG] Stagnation (normal): 0.0000 → Reward: 0.0
[REWARD DEBUG] Stagnation (normal): 0.0000 → Reward: 0.0
[REWARD DEBUG] Stagnation (normal): 0.0000 → Reward: 0.0
[REWARD DEBUG] Stagnation (normal): 0.0000 → Reward: 0.0
[REWARD DEBUG] Stagnation (normal): 0.0000 → Reward: 0.0
[ACTION DEBUG iter 500] Raw action[1:3]: [-1.0000, 1.0000, 1.0000], noise: 0.0500
[ACTION DEBUG iter 500] WARNING: 8/20 actions clipped (network saturating)
[RLAMPSO DEBUG iter 500] w=0.3476, c1=2.9685, c2=2.9854 | fitness=1945.20
[REWARD DEBUG iter 500] FitnessImprovement: 0.0000 → Reward: +0.0000 (prevFit=1945.20, currFit=1945.20)
[REWARD DEBUG] Stagnation (normal): 0.0000 → Reward: 0.0
[REWARD DEBUG] Stagnation (normal): 0.0000 → Reward: 0.0
[REWARD DEBUG] Stagnation (normal): 0.0000 → Reward: 0.0
[Ep  48/1000] Fit:  1945.2 | Avg:  1898.8 | Reward: +152.2 | Time:  92.6s
          Buffer: 22918 | Noise: 0.0786 | ActorLoss: -1.748e+01 | CriticLoss: 9.243e-01
[REWARD DEBUG] Stagnation (normal): 0.0000 → Reward: 0.0
[REWARD DEBUG] Improvement: 24.5829 → Reward: +0.7040
[REWARD DEBUG] Stagnation (normal): 0.0000 → Reward: 0.0
[REWARD DEBUG] Stagnation (normal): 0.0000 → Reward: 0.0
[REWARD DEBUG] Stagnation (normal): 0.0000 → Reward: 0.0
[REWARD DEBUG] Improvement: 12.5827 → Reward: +0.5665
[REWARD DEBUG] Stagnation (normal): 0.0000 → Reward: 0.0
[REWARD DEBUG] Stagnation (normal): 0.0000 → Reward: 0.0
[REWARD DEBUG] Stagnation (normal): 0.0000 → Reward: 0.0
[ACTION DEBUG iter 100] Raw action[1:3]: [-1.0000, 1.0000, 1.0000], noise: 0.0500
[ACTION DEBUG iter 100] WARNING: 8/20 actions clipped (network saturating)
[RLAMPSO DEBUG iter 100] w=0.3222, c1=3.0000, c2=3.0000 | fitness=2135.12
[REWARD DEBUG iter 100] FitnessImprovement: 0.0000 → Reward: +0.0000 (prevFit=2135.12, currFit=2135.12)
[REWARD DEBUG] Stagnation (normal): 0.0000 → Reward: 0.0
[REWARD DEBUG] Stagnation (normal): 0.0000 → Reward: 0.0
[REWARD DEBUG] Stagnation (normal): 0.0000 → Reward: 0.0
[REWARD DEBUG] Stagnation (normal): 0.0000 → Reward: 0.0
[REWARD DEBUG] Stagnation (normal): 0.0000 → Reward: 0.0
[REWARD DEBUG] Stagnation (normal): 0.0000 → Reward: 0.0
[REWARD DEBUG] Stagnation (normal): 0.0000 → Reward: 0.0
[REWARD DEBUG] Stagnation (normal): 0.0000 → Reward: 0.0
[REWARD DEBUG] Stagnation (normal): 0.0000 → Reward: 0.0
[REWARD DEBUG] Stagnation (normal): 0.0000 → Reward: 0.0
[REWARD DEBUG] Stagnation (normal): 0.0000 → Reward: 0.0
[ACTION DEBUG iter 200] Raw action[1:3]: [-1.0000, 1.0000, 1.0000], noise: 0.0500
[ACTION DEBUG iter 200] WARNING: 14/20 actions clipped (network saturating)
[RLAMPSO DEBUG iter 200] w=0.3095, c1=3.0000, c2=3.0000 | fitness=1977.31
[REWARD DEBUG iter 200] FitnessImprovement: 0.0000 → Reward: +0.0000 (prevFit=1977.31, currFit=1977.31)
[REWARD DEBUG] Stagnation (normal): 0.0000 → Reward: 0.0
[REWARD DEBUG] Improvement: 3.5357 → Reward: +0.3283
[REWARD DEBUG] Stagnation (normal): 0.0000 → Reward: 0.0
[REWARD DEBUG] Stagnation (normal): 0.0000 → Reward: 0.0
[REWARD DEBUG] Stagnation (normal): 0.0000 → Reward: 0.0
[REWARD DEBUG] Stagnation (normal): 0.0000 → Reward: 0.0
[REWARD DEBUG] Stagnation (normal): 0.0000 → Reward: 0.0
[REWARD DEBUG] Stagnation (normal): 0.0000 → Reward: 0.0
[REWARD DEBUG] Stagnation (normal): 0.0000 → Reward: 0.0
[REWARD DEBUG] Stagnation (normal): 0.0000 → Reward: 0.0
[REWARD DEBUG] Stagnation (normal): 0.0000 → Reward: 0.0
[ACTION DEBUG iter 300] Raw action[1:3]: [-1.0000, 1.0000, 1.0000], noise: 0.0500
[ACTION DEBUG iter 300] WARNING: 11/20 actions clipped (network saturating)
[RLAMPSO DEBUG iter 300] w=0.3281, c1=2.9523, c2=3.0000 | fitness=1958.58
[REWARD DEBUG iter 300] FitnessImprovement: 0.0000 → Reward: +0.0000 (prevFit=1958.58, currFit=1958.58)
[REWARD DEBUG] Stagnation (normal): 0.0000 → Reward: 0.0
[REWARD DEBUG] Stagnation (normal): 0.0000 → Reward: 0.0
[REWARD DEBUG] Stagnation (normal): 0.0000 → Reward: 0.0
[REWARD DEBUG] Stagnation (normal): 0.0000 → Reward: 0.0
[REWARD DEBUG] Stagnation (normal): 0.0000 → Reward: 0.0
[REWARD DEBUG] Stagnation (normal): 0.0000 → Reward: 0.0
[ACTION DEBUG iter 400] Raw action[1:3]: [-1.0000, 1.0000, 1.0000], noise: 0.0500
[ACTION DEBUG iter 400] WARNING: 10/20 actions clipped (network saturating)
[RLAMPSO DEBUG iter 400] w=0.3000, c1=2.9116, c2=2.9832 | fitness=1936.90
[REWARD DEBUG iter 400] FitnessImprovement: 0.0000 → Reward: +0.0000 (prevFit=1936.90, currFit=1936.90)
[REWARD DEBUG] Improvement: 3.2392 → Reward: +0.3136
[REWARD DEBUG] Improvement: 2.5513 → Reward: +0.2752
[REWARD DEBUG] Stagnation (normal): 0.0000 → Reward: 0.0
[REWARD DEBUG] Stagnation (normal): 0.0000 → Reward: 0.0
[REWARD DEBUG] Stagnation (normal): 0.0000 → Reward: 0.0
[REWARD DEBUG] Stagnation (normal): 0.0000 → Reward: 0.0
[REWARD DEBUG] Stagnation (normal): 0.0000 → Reward: 0.0
[REWARD DEBUG] Stagnation (normal): 0.0000 → Reward: 0.0
[REWARD DEBUG] Stagnation (normal): 0.0000 → Reward: 0.0
[REWARD DEBUG] Stagnation (normal): 0.0000 → Reward: 0.0
[ACTION DEBUG iter 500] Raw action[1:3]: [-1.0000, 1.0000, 1.0000], noise: 0.0500
[ACTION DEBUG iter 500] WARNING: 9/20 actions clipped (network saturating)
[RLAMPSO DEBUG iter 500] w=0.3313, c1=2.8863, c2=3.0000 | fitness=1924.31
[REWARD DEBUG iter 500] FitnessImprovement: 0.0000 → Reward: +0.0000 (prevFit=1924.31, currFit=1924.31)
[REWARD DEBUG] Stagnation (normal): 0.0000 → Reward: 0.0
[REWARD DEBUG] Stagnation (normal): 0.0000 → Reward: 0.0
[REWARD DEBUG] Stagnation (normal): 0.0000 → Reward: 0.0
[REWARD DEBUG] Stagnation (normal): 0.0000 → Reward: 0.0
[REWARD DEBUG] Stagnation (normal): 0.0000 → Reward: 0.0
[REWARD DEBUG] Stagnation (normal): 0.0000 → Reward: 0.0
[REWARD DEBUG] Stagnation (normal): 0.0000 → Reward: 0.0
[REWARD DEBUG] Stagnation (normal): 0.0000 → Reward: 0.0
[ACTION DEBUG iter 600] Raw action[1:3]: [-1.0000, 1.0000, 1.0000], noise: 0.0500
[ACTION DEBUG iter 600] WARNING: 12/20 actions clipped (network saturating)
[RLAMPSO DEBUG iter 600] w=0.3318, c1=3.0000, c2=3.0000 | fitness=1924.31
[REWARD DEBUG iter 600] FitnessImprovement: 0.0000 → Reward: +0.0000 (prevFit=1924.31, currFit=1924.31)
[Ep  49/1000] Fit:  1924.3 | Avg:  1909.0 | Reward: +141.9 | Time: 114.6s
          Buffer: 23468 | Noise: 0.0782 | ActorLoss: -1.460e+01 | CriticLoss: 7.720e-01
[REWARD DEBUG] Stagnation (normal): 0.0000 → Reward: 0.0
[REWARD DEBUG] Stagnation (normal): 0.0000 → Reward: 0.0
[REWARD DEBUG] Stagnation (normal): 0.0000 → Reward: 0.0
[REWARD DEBUG] Stagnation (normal): 0.0000 → Reward: 0.0
[REWARD DEBUG] Stagnation (normal): 0.0000 → Reward: 0.0
[REWARD DEBUG] Stagnation (normal): 0.0000 → Reward: 0.0
[REWARD DEBUG] Stagnation (normal): 0.0000 → Reward: 0.0
[REWARD DEBUG] Stagnation (normal): 0.0000 → Reward: 0.0
[REWARD DEBUG] Stagnation (normal): 0.0000 → Reward: 0.0
[ACTION DEBUG iter 100] Raw action[1:3]: [-1.0000, 1.0000, 1.0000], noise: 0.0500
[ACTION DEBUG iter 100] WARNING: 11/20 actions clipped (network saturating)
[RLAMPSO DEBUG iter 100] w=0.3000, c1=2.9947, c2=3.0000 | fitness=1982.87
[REWARD DEBUG iter 100] FitnessImprovement: 0.0000 → Reward: +0.0000 (prevFit=1982.87, currFit=1982.87)
[REWARD DEBUG] Stagnation (normal): 0.0000 → Reward: 0.0
[REWARD DEBUG] Stagnation (normal): 0.0000 → Reward: 0.0
[REWARD DEBUG] Stagnation (normal): 0.0000 → Reward: 0.0
[REWARD DEBUG] Stagnation (normal): 0.0000 → Reward: 0.0
[REWARD DEBUG] Stagnation (normal): 0.0000 → Reward: 0.0
[REWARD DEBUG] Stagnation (normal): 0.0000 → Reward: 0.0
[REWARD DEBUG] Stagnation (normal): 0.0000 → Reward: 0.0
[REWARD DEBUG] Stagnation (normal): 0.0000 → Reward: 0.0
[REWARD DEBUG] Stagnation (normal): 0.0000 → Reward: 0.0
[REWARD DEBUG] Stagnation (normal): 0.0000 → Reward: 0.0
[REWARD DEBUG] Stagnation (normal): 0.0000 → Reward: 0.0
[REWARD DEBUG] Stagnation (normal): 0.0000 → Reward: 0.0
[ACTION DEBUG iter 200] Raw action[1:3]: [-1.0000, 1.0000, 1.0000], noise: 0.0500
[ACTION DEBUG iter 200] WARNING: 12/20 actions clipped (network saturating)
[RLAMPSO DEBUG iter 200] w=0.3239, c1=2.9919, c2=3.0000 | fitness=1894.18
[REWARD DEBUG iter 200] FitnessImprovement: 0.0000 → Reward: +0.0000 (prevFit=1894.18, currFit=1894.18)
[REWARD DEBUG] Stagnation (normal): 0.0000 → Reward: 0.0
[REWARD DEBUG] Stagnation (normal): 0.0000 → Reward: 0.0
[REWARD DEBUG] Stagnation (normal): 0.0000 → Reward: 0.0
[REWARD DEBUG] Stagnation (normal): 0.0000 → Reward: 0.0
[REWARD DEBUG] Stagnation (normal): 0.0000 → Reward: 0.0
[REWARD DEBUG] Stagnation (normal): 0.0000 → Reward: 0.0
[ACTION DEBUG iter 300] Raw action[1:3]: [-1.0000, 1.0000, 1.0000], noise: 0.0500
[ACTION DEBUG iter 300] WARNING: 13/20 actions clipped (network saturating)
[RLAMPSO DEBUG iter 300] w=0.3000, c1=2.9853, c2=3.0000 | fitness=1876.50
[REWARD DEBUG] Stagnation (normal): 0.0000 → Reward: 0.0
[REWARD DEBUG iter 300] FitnessImprovement: 0.0000 → Reward: +0.0000 (prevFit=1876.50, currFit=1876.50)
[REWARD DEBUG] Stagnation (normal): 0.0000 → Reward: 0.0
[REWARD DEBUG] Stagnation (normal): 0.0000 → Reward: 0.0
[REWARD DEBUG] Stagnation (normal): 0.0000 → Reward: 0.0
[REWARD DEBUG] Stagnation (normal): 0.0000 → Reward: 0.0
[REWARD DEBUG] Stagnation (normal): 0.0000 → Reward: 0.0
[REWARD DEBUG] Stagnation (normal): 0.0000 → Reward: 0.0
[REWARD DEBUG] Stagnation (normal): 0.0000 → Reward: 0.0
[REWARD DEBUG] Stagnation (normal): 0.0000 → Reward: 0.0
[ACTION DEBUG iter 400] Raw action[1:3]: [-1.0000, 1.0000, 1.0000], noise: 0.0500
[ACTION DEBUG iter 400] WARNING: 9/20 actions clipped (network saturating)
[RLAMPSO DEBUG iter 400] w=0.3000, c1=2.9229, c2=2.8800 | fitness=1860.13
[REWARD DEBUG iter 400] FitnessImprovement: 0.0000 → Reward: +0.0000 (prevFit=1860.13, currFit=1860.13)
[REWARD DEBUG] Stagnation (normal): 0.0000 → Reward: 0.0
[REWARD DEBUG] Stagnation (normal): 0.0000 → Reward: 0.0
[REWARD DEBUG] Stagnation (normal): 0.0000 → Reward: 0.0
[REWARD DEBUG] Stagnation (normal): 0.0000 → Reward: 0.0
[REWARD DEBUG] Stagnation (normal): 0.0000 → Reward: 0.0
[REWARD DEBUG] Stagnation (normal): 0.0000 → Reward: 0.0
[REWARD DEBUG] Stagnation (normal): 0.0000 → Reward: 0.0
[REWARD DEBUG] Stagnation (normal): 0.0000 → Reward: 0.0
[REWARD DEBUG] Stagnation (normal): 0.0000 → Reward: 0.0
[ACTION DEBUG iter 500] Raw action[1:3]: [-1.0000, 1.0000, 1.0000], noise: 0.0500
[ACTION DEBUG iter 500] WARNING: 9/20 actions clipped (network saturating)
[RLAMPSO DEBUG iter 500] w=0.3179, c1=2.9953, c2=2.9814 | fitness=1860.13
[REWARD DEBUG iter 500] FitnessImprovement: 0.0000 → Reward: +0.0000 (prevFit=1860.13, currFit=1860.13)
[Ep  50/1000] Fit:  1860.1 | Avg:  1902.8 | Reward: +148.1 | Time:  67.7s
          Buffer: 23932 | Noise: 0.0778 | ActorLoss: -1.636e+01 | CriticLoss: 4.541e-01
[REWARD DEBUG] Improvement: 326.6377 → Reward: +1.0000
[REWARD DEBUG] Improvement: 8.3088 → Reward: +0.4844
[REWARD DEBUG] Improvement: 1.2875 → Reward: +0.1797
[REWARD DEBUG] Stagnation (normal): 0.0000 → Reward: 0.0
[REWARD DEBUG] Stagnation (normal): 0.0000 → Reward: 0.0
[REWARD DEBUG] Stagnation (normal): 0.0000 → Reward: 0.0
[REWARD DEBUG] Stagnation (normal): 0.0000 → Reward: 0.0
[REWARD DEBUG] Stagnation (normal): 0.0000 → Reward: 0.0
[ACTION DEBUG iter 100] Raw action[1:3]: [-1.0000, 1.0000, 1.0000], noise: 0.0500
[ACTION DEBUG iter 100] WARNING: 11/20 actions clipped (network saturating)
[RLAMPSO DEBUG iter 100] w=0.3000, c1=3.0000, c2=2.9081 | fitness=1908.60
[REWARD DEBUG iter 100] FitnessImprovement: 0.0000 → Reward: +0.0000 (prevFit=1908.60, currFit=1908.60)
[REWARD DEBUG] Stagnation (normal): 0.0000 → Reward: 0.0
[REWARD DEBUG] Stagnation (normal): 0.0000 → Reward: 0.0
[REWARD DEBUG] Stagnation (normal): 0.0000 → Reward: 0.0
[REWARD DEBUG] Stagnation (normal): 0.0000 → Reward: 0.0
[REWARD DEBUG] Stagnation (normal): 0.0000 → Reward: 0.0
[REWARD DEBUG] Stagnation (normal): 0.0000 → Reward: 0.0
[REWARD DEBUG] Stagnation (normal): 0.0000 → Reward: 0.0
[REWARD DEBUG] Stagnation (normal): 0.0000 → Reward: 0.0
[ACTION DEBUG iter 200] Raw action[1:3]: [-1.0000, 1.0000, 1.0000], noise: 0.0500
[ACTION DEBUG iter 200] WARNING: 10/20 actions clipped (network saturating)
[RLAMPSO DEBUG iter 200] w=0.3000, c1=2.9805, c2=2.9715 | fitness=1895.27
[REWARD DEBUG iter 200] FitnessImprovement: 0.0000 → Reward: +0.0000 (prevFit=1895.27, currFit=1895.27)
[REWARD DEBUG] Stagnation (normal): 0.0000 → Reward: 0.0
[REWARD DEBUG] Stagnation (normal): 0.0000 → Reward: 0.0
[REWARD DEBUG] Stagnation (normal): 0.0000 → Reward: 0.0
[REWARD DEBUG] Stagnation (normal): 0.0000 → Reward: 0.0
[REWARD DEBUG] Stagnation (normal): 0.0000 → Reward: 0.0
[REWARD DEBUG] Stagnation (normal): 0.0000 → Reward: 0.0
[REWARD DEBUG] Stagnation (normal): 0.0000 → Reward: 0.0
[REWARD DEBUG] Stagnation (normal): 0.0000 → Reward: 0.0
[REWARD DEBUG] Stagnation (normal): 0.0000 → Reward: 0.0
[REWARD DEBUG] Stagnation (normal): 0.0000 → Reward: 0.0
[REWARD DEBUG] Stagnation (normal): 0.0000 → Reward: 0.0
[REWARD DEBUG] Stagnation (normal): 0.0000 → Reward: 0.0
[REWARD DEBUG] Stagnation (normal): 0.0000 → Reward: 0.0
[REWARD DEBUG] Stagnation (normal): 0.0000 → Reward: 0.0
[ACTION DEBUG iter 300] Raw action[1:3]: [-1.0000, 1.0000, 1.0000], noise: 0.0500
[ACTION DEBUG iter 300] WARNING: 8/20 actions clipped (network saturating)
[RLAMPSO DEBUG iter 300] w=0.3000, c1=2.9960, c2=3.0000 | fitness=1886.54
[REWARD DEBUG iter 300] FitnessImprovement: 0.0000 → Reward: +0.0000 (prevFit=1886.54, currFit=1886.54)
[REWARD DEBUG] Stagnation (normal): 0.0000 → Reward: 0.0
[REWARD DEBUG] Stagnation (normal): 0.0000 → Reward: 0.0
[REWARD DEBUG] Stagnation (normal): 0.0000 → Reward: 0.0
[REWARD DEBUG] Stagnation (normal): 0.0000 → Reward: 0.0
[REWARD DEBUG] Stagnation (normal): 0.0000 → Reward: 0.0
[REWARD DEBUG] Stagnation (normal): 0.0000 → Reward: 0.0
[ACTION DEBUG iter 400] Raw action[1:3]: [-1.0000, 1.0000, 1.0000], noise: 0.0500
[ACTION DEBUG iter 400] WARNING: 11/20 actions clipped (network saturating)
[RLAMPSO DEBUG iter 400] w=0.3000, c1=2.9044, c2=3.0000 | fitness=1871.46
[REWARD DEBUG iter 400] FitnessImprovement: 0.0000 → Reward: +0.0000 (prevFit=1871.46, currFit=1871.46)
[REWARD DEBUG] Stagnation (normal): 0.0000 → Reward: 0.0
[REWARD DEBUG] Stagnation (normal): 0.0000 → Reward: 0.0
[REWARD DEBUG] Stagnation (normal): 0.0000 → Reward: 0.0
[REWARD DEBUG] Stagnation (normal): 0.0000 → Reward: 0.0
[REWARD DEBUG] Stagnation (normal): 0.0000 → Reward: 0.0
[REWARD DEBUG] Stagnation (normal): 0.0000 → Reward: 0.0
[REWARD DEBUG] Stagnation (normal): 0.0000 → Reward: 0.0
[REWARD DEBUG] Stagnation (normal): 0.0000 → Reward: 0.0
[ACTION DEBUG iter 500] Raw action[1:3]: [-1.0000, 1.0000, 1.0000], noise: 0.0500
[ACTION DEBUG iter 500] WARNING: 12/20 actions clipped (network saturating)
[RLAMPSO DEBUG iter 500] w=0.3235, c1=3.0000, c2=3.0000 | fitness=1871.46
[REWARD DEBUG iter 500] FitnessImprovement: 0.0000 → Reward: +0.0000 (prevFit=1871.46, currFit=1871.46)
[REWARD DEBUG] Stagnation (normal): 0.0000 → Reward: 0.0
[REWARD DEBUG] Stagnation (normal): 0.0000 → Reward: 0.0
[REWARD DEBUG] Stagnation (normal): 0.0000 → Reward: 0.0
[REWARD DEBUG] Stagnation (normal): 0.0000 → Reward: 0.0
[REWARD DEBUG] Stagnation (normal): 0.0000 → Reward: 0.0
[REWARD DEBUG] Stagnation (normal): 0.0000 → Reward: 0.0
[REWARD DEBUG] Stagnation (normal): 0.0000 → Reward: 0.0
[REWARD DEBUG] Stagnation (normal): 0.0000 → Reward: 0.0
[REWARD DEBUG] Stagnation (normal): 0.0000 → Reward: 0.0
[REWARD DEBUG] Stagnation (normal): 0.0000 → Reward: 0.0
[REWARD DEBUG] Stagnation (normal): 0.0000 → Reward: 0.0
[ACTION DEBUG iter 600] Raw action[1:3]: [-1.0000, 1.0000, 1.0000], noise: 0.0500
[ACTION DEBUG iter 600] WARNING: 9/20 actions clipped (network saturating)
[RLAMPSO DEBUG iter 600] w=0.3076, c1=3.0000, c2=3.0000 | fitness=1863.02
[REWARD DEBUG iter 600] FitnessImprovement: 0.0000 → Reward: +0.0000 (prevFit=1863.02, currFit=1863.02)
[Ep  51/1000] Fit:  1863.0 | Avg:  1903.4 | Reward: +147.5 | Time: 100.7s
          Buffer: 24482 | Noise: 0.0774 | ActorLoss: -2.047e+01 | CriticLoss: 7.325e-01
[REWARD DEBUG] Stagnation (normal): 0.0000 → Reward: 0.0
[REWARD DEBUG] Stagnation (normal): 0.0000 → Reward: 0.0
[REWARD DEBUG] Stagnation (normal): 0.0000 → Reward: 0.0
[REWARD DEBUG] Stagnation (normal): 0.0000 → Reward: 0.0
[REWARD DEBUG] Stagnation (normal): 0.0000 → Reward: 0.0
[ACTION DEBUG iter 100] Raw action[1:3]: [-1.0000, 1.0000, 1.0000], noise: 0.0500
[ACTION DEBUG iter 100] WARNING: 11/20 actions clipped (network saturating)
[RLAMPSO DEBUG iter 100] w=0.3286, c1=2.9048, c2=3.0000 | fitness=2074.66
[REWARD DEBUG iter 100] FitnessImprovement: 0.0000 → Reward: +0.0000 (prevFit=2074.66, currFit=2074.66)
[REWARD DEBUG] Stagnation (normal): 0.0000 → Reward: 0.0
[REWARD DEBUG] Stagnation (normal): 0.0000 → Reward: 0.0
[REWARD DEBUG] Stagnation (normal): 0.0000 → Reward: 0.0
[REWARD DEBUG] Stagnation (normal): 0.0000 → Reward: 0.0
[REWARD DEBUG] Stagnation (normal): 0.0000 → Reward: 0.0
[REWARD DEBUG] Stagnation (normal): 0.0000 → Reward: 0.0
[REWARD DEBUG] Stagnation (normal): 0.0000 → Reward: 0.0
[REWARD DEBUG] Stagnation (normal): 0.0000 → Reward: 0.0
[REWARD DEBUG] Stagnation (normal): 0.0000 → Reward: 0.0
[REWARD DEBUG] Stagnation (normal): 0.0000 → Reward: 0.0
[REWARD DEBUG] Stagnation (normal): 0.0000 → Reward: 0.0
[ACTION DEBUG iter 200] Raw action[1:3]: [-1.0000, 1.0000, 1.0000], noise: 0.0500
[ACTION DEBUG iter 200] WARNING: 11/20 actions clipped (network saturating)
[RLAMPSO DEBUG iter 200] w=0.3110, c1=2.8517, c2=3.0000 | fitness=2070.44
[REWARD DEBUG iter 200] FitnessImprovement: 0.0000 → Reward: +0.0000 (prevFit=2070.44, currFit=2070.44)
[REWARD DEBUG] Stagnation (normal): 0.0000 → Reward: 0.0
[REWARD DEBUG] Stagnation (normal): 0.0000 → Reward: 0.0
[REWARD DEBUG] Stagnation (normal): 0.0000 → Reward: 0.0
[REWARD DEBUG] Stagnation (normal): 0.0000 → Reward: 0.0
[REWARD DEBUG] Stagnation (normal): 0.0000 → Reward: 0.0
[REWARD DEBUG] Stagnation (normal): 0.0000 → Reward: 0.0
[REWARD DEBUG] Stagnation (normal): 0.0000 → Reward: 0.0
[REWARD DEBUG] Stagnation (normal): 0.0000 → Reward: 0.0
[REWARD DEBUG] Stagnation (normal): 0.0000 → Reward: 0.0
[REWARD DEBUG] Stagnation (normal): 0.0000 → Reward: 0.0
[REWARD DEBUG] Stagnation (normal): 0.0000 → Reward: 0.0
[ACTION DEBUG iter 300] Raw action[1:3]: [-1.0000, 1.0000, 1.0000], noise: 0.0500
[ACTION DEBUG iter 300] WARNING: 7/20 actions clipped (network saturating)
[RLAMPSO DEBUG iter 300] w=0.3000, c1=3.0000, c2=2.9091 | fitness=2042.90
[REWARD DEBUG] Stagnation (normal): 0.0000 → Reward: 0.0
[REWARD DEBUG iter 300] FitnessImprovement: 0.0000 → Reward: +0.0000 (prevFit=2042.90, currFit=2042.90)
[REWARD DEBUG] Stagnation (normal): 0.0000 → Reward: 0.0
[REWARD DEBUG] Stagnation (normal): 0.0000 → Reward: 0.0
[REWARD DEBUG] Stagnation (normal): 0.0000 → Reward: 0.0
[REWARD DEBUG] Stagnation (normal): 0.0000 → Reward: 0.0
[REWARD DEBUG] Stagnation (normal): 0.0000 → Reward: 0.0
[REWARD DEBUG] Stagnation (normal): 0.0000 → Reward: 0.0
[REWARD DEBUG] Stagnation (normal): 0.0000 → Reward: 0.0
[ACTION DEBUG iter 400] Raw action[1:3]: [-1.0000, 1.0000, 1.0000], noise: 0.0500
[ACTION DEBUG iter 400] WARNING: 8/20 actions clipped (network saturating)
[RLAMPSO DEBUG iter 400] w=0.3295, c1=3.0000, c2=2.9810 | fitness=1996.60
[REWARD DEBUG iter 400] FitnessImprovement: 0.0000 → Reward: +0.0000 (prevFit=1996.60, currFit=1996.60)
[REWARD DEBUG] Improvement: 1.9909 → Reward: +0.2379
[REWARD DEBUG] Stagnation (normal): 0.0000 → Reward: 0.0
[REWARD DEBUG] Stagnation (normal): 0.0000 → Reward: 0.0
[REWARD DEBUG] Stagnation (normal): 0.0000 → Reward: 0.0
[REWARD DEBUG] Stagnation (normal): 0.0000 → Reward: 0.0
[REWARD DEBUG] Stagnation (normal): 0.0000 → Reward: 0.0
[REWARD DEBUG] Stagnation (normal): 0.0000 → Reward: 0.0
[REWARD DEBUG] Stagnation (normal): 0.0000 → Reward: 0.0
[REWARD DEBUG] Stagnation (normal): 0.0000 → Reward: 0.0
[REWARD DEBUG] Stagnation (normal): 0.0000 → Reward: 0.0
[REWARD DEBUG] Stagnation (normal): 0.0000 → Reward: 0.0
[REWARD DEBUG] Stagnation (normal): 0.0000 → Reward: 0.0
[ACTION DEBUG iter 500] Raw action[1:3]: [-1.0000, 1.0000, 1.0000], noise: 0.0500
[ACTION DEBUG iter 500] WARNING: 11/20 actions clipped (network saturating)
[RLAMPSO DEBUG iter 500] w=0.3206, c1=2.7277, c2=3.0000 | fitness=1953.30
[REWARD DEBUG iter 500] FitnessImprovement: 0.0000 → Reward: +0.0000 (prevFit=1953.30, currFit=1953.30)
[REWARD DEBUG] Improvement: 23.9865 → Reward: +0.6989
[REWARD DEBUG] Stagnation (normal): 0.0000 → Reward: 0.0
[REWARD DEBUG] Stagnation (normal): 0.0000 → Reward: 0.0
[REWARD DEBUG] Stagnation (normal): 0.0000 → Reward: 0.0
[REWARD DEBUG] Stagnation (normal): 0.0000 → Reward: 0.0
[REWARD DEBUG] Stagnation (normal): 0.0000 → Reward: 0.0
[REWARD DEBUG] Stagnation (normal): 0.0000 → Reward: 0.0
[REWARD DEBUG] Stagnation (normal): 0.0000 → Reward: 0.0
[REWARD DEBUG] Stagnation (normal): 0.0000 → Reward: 0.0
[ACTION DEBUG iter 600] Raw action[1:3]: [-1.0000, 1.0000, 1.0000], noise: 0.0500
[ACTION DEBUG iter 600] WARNING: 10/20 actions clipped (network saturating)
[RLAMPSO DEBUG iter 600] w=0.3000, c1=3.0000, c2=2.9158 | fitness=1929.31
[REWARD DEBUG iter 600] FitnessImprovement: 3.0890 → Reward: +0.3058 (prevFit=1929.31, currFit=1926.22)
[Ep  52/1000] Fit:  1926.2 | Avg:  1899.8 | Reward: +151.1 | Time:  85.4s
          Buffer: 25032 | Noise: 0.0771 | ActorLoss: -2.361e+01 | CriticLoss: 9.749e-01
[REWARD DEBUG] Stagnation (normal): 0.0000 → Reward: 0.0
[REWARD DEBUG] Stagnation (normal): 0.0000 → Reward: 0.0
[REWARD DEBUG] Stagnation (normal): 0.0000 → Reward: 0.0
[REWARD DEBUG] Stagnation (normal): 0.0000 → Reward: 0.0
[REWARD DEBUG] Improvement: 10.4069 → Reward: +0.5286
[REWARD DEBUG] Stagnation (normal): 0.0000 → Reward: 0.0
[REWARD DEBUG] Stagnation (normal): 0.0000 → Reward: 0.0
[REWARD DEBUG] Improvement: 4.0630 → Reward: +0.3522
[ACTION DEBUG iter 100] Raw action[1:3]: [-1.0000, 1.0000, 1.0000], noise: 0.0500
[ACTION DEBUG iter 100] WARNING: 6/20 actions clipped (network saturating)
[RLAMPSO DEBUG iter 100] w=0.3068, c1=2.9493, c2=2.9435 | fitness=2000.07
[REWARD DEBUG iter 100] FitnessImprovement: 0.0000 → Reward: +0.0000 (prevFit=2000.07, currFit=2000.07)
[REWARD DEBUG] Stagnation (normal): 0.0000 → Reward: 0.0
[REWARD DEBUG] Stagnation (normal): 0.0000 → Reward: 0.0
[REWARD DEBUG] Stagnation (normal): 0.0000 → Reward: 0.0
[REWARD DEBUG] Stagnation (normal): 0.0000 → Reward: 0.0
[REWARD DEBUG] Stagnation (normal): 0.0000 → Reward: 0.0
[REWARD DEBUG] Stagnation (normal): 0.0000 → Reward: 0.0
[REWARD DEBUG] Stagnation (normal): 0.0000 → Reward: 0.0
[REWARD DEBUG] Stagnation (normal): 0.0000 → Reward: 0.0
[REWARD DEBUG] Stagnation (normal): 0.0000 → Reward: 0.0
[REWARD DEBUG] Stagnation (normal): 0.0000 → Reward: 0.0
[ACTION DEBUG iter 200] Raw action[1:3]: [-1.0000, 1.0000, 1.0000], noise: 0.0500
[ACTION DEBUG iter 200] WARNING: 12/20 actions clipped (network saturating)
[RLAMPSO DEBUG iter 200] w=0.3000, c1=3.0000, c2=3.0000 | fitness=1969.23
[REWARD DEBUG iter 200] FitnessImprovement: 0.0000 → Reward: +0.0000 (prevFit=1969.23, currFit=1969.23)
[REWARD DEBUG] Stagnation (normal): 0.0000 → Reward: 0.0
[REWARD DEBUG] Stagnation (normal): 0.0000 → Reward: 0.0
[REWARD DEBUG] Stagnation (normal): 0.0000 → Reward: 0.0
[REWARD DEBUG] Stagnation (normal): 0.0000 → Reward: 0.0
[REWARD DEBUG] Stagnation (normal): 0.0000 → Reward: 0.0
[REWARD DEBUG] Stagnation (normal): 0.0000 → Reward: 0.0
[REWARD DEBUG] Stagnation (normal): 0.0000 → Reward: 0.0
[REWARD DEBUG] Stagnation (normal): 0.0000 → Reward: 0.0
[REWARD DEBUG] Stagnation (normal): 0.0000 → Reward: 0.0
[REWARD DEBUG] Stagnation (normal): 0.0000 → Reward: 0.0
[REWARD DEBUG] Stagnation (normal): 0.0000 → Reward: 0.0
[REWARD DEBUG] Stagnation (normal): 0.0000 → Reward: 0.0
[REWARD DEBUG] Stagnation (normal): 0.0000 → Reward: 0.0
[REWARD DEBUG] Stagnation (normal): 0.0000 → Reward: 0.0
[ACTION DEBUG iter 300] Raw action[1:3]: [-1.0000, 1.0000, 1.0000], noise: 0.0500
[ACTION DEBUG iter 300] WARNING: 13/20 actions clipped (network saturating)
[RLAMPSO DEBUG iter 300] w=0.3000, c1=2.9535, c2=3.0000 | fitness=1969.23
[REWARD DEBUG iter 300] FitnessImprovement: 0.0000 → Reward: +0.0000 (prevFit=1969.23, currFit=1969.23)
[REWARD DEBUG] Stagnation (normal): 0.0000 → Reward: 0.0
[Ep  53/1000] Fit:  1969.2 | Avg:  1914.1 | Reward: +136.8 | Time:  46.2s
          Buffer: 25319 | Noise: 0.0767 | ActorLoss: -2.394e+01 | CriticLoss: 9.074e-01
[REWARD DEBUG] Stagnation (normal): 0.0000 → Reward: 0.0
[REWARD DEBUG] Stagnation (normal): 0.0000 → Reward: 0.0
[REWARD DEBUG] Stagnation (normal): 0.0000 → Reward: 0.0
[REWARD DEBUG] Stagnation (normal): 0.0000 → Reward: 0.0
[REWARD DEBUG] Stagnation (normal): 0.0000 → Reward: 0.0
[REWARD DEBUG] Stagnation (normal): 0.0000 → Reward: 0.0
[ACTION DEBUG iter 100] Raw action[1:3]: [-1.0000, 1.0000, 1.0000], noise: 0.0500
[ACTION DEBUG iter 100] WARNING: 13/20 actions clipped (network saturating)
[RLAMPSO DEBUG iter 100] w=0.3000, c1=3.0000, c2=3.0000 | fitness=2066.13
[REWARD DEBUG iter 100] FitnessImprovement: 0.0000 → Reward: +0.0000 (prevFit=2066.13, currFit=2066.13)
[REWARD DEBUG] Stagnation (normal): 0.0000 → Reward: 0.0
[REWARD DEBUG] Stagnation (normal): 0.0000 → Reward: 0.0
[REWARD DEBUG] Stagnation (normal): 0.0000 → Reward: 0.0
[REWARD DEBUG] Stagnation (normal): 0.0000 → Reward: 0.0
[REWARD DEBUG] Stagnation (normal): 0.0000 → Reward: 0.0
[REWARD DEBUG] Stagnation (normal): 0.0000 → Reward: 0.0
[REWARD DEBUG] Stagnation (normal): 0.0000 → Reward: 0.0
[REWARD DEBUG] Stagnation (normal): 0.0000 → Reward: 0.0
[REWARD DEBUG] Stagnation (normal): 0.0000 → Reward: 0.0
[REWARD DEBUG] Stagnation (normal): 0.0000 → Reward: 0.0
[REWARD DEBUG] Stagnation (normal): 0.0000 → Reward: 0.0
[REWARD DEBUG] Stagnation (normal): 0.0000 → Reward: 0.0
[ACTION DEBUG iter 200] Raw action[1:3]: [-1.0000, 1.0000, 1.0000], noise: 0.0500
[ACTION DEBUG iter 200] WARNING: 7/20 actions clipped (network saturating)
[RLAMPSO DEBUG iter 200] w=0.3008, c1=3.0000, c2=2.9996 | fitness=1989.08
[REWARD DEBUG iter 200] FitnessImprovement: 0.0000 → Reward: +0.0000 (prevFit=1989.08, currFit=1989.08)
[REWARD DEBUG] Stagnation (normal): 0.0000 → Reward: 0.0
[REWARD DEBUG] Stagnation (normal): 0.0000 → Reward: 0.0
[REWARD DEBUG] Stagnation (normal): 0.0000 → Reward: 0.0
[REWARD DEBUG] Stagnation (normal): 0.0000 → Reward: 0.0
[REWARD DEBUG] Stagnation (normal): 0.0000 → Reward: 0.0
[REWARD DEBUG] Stagnation (normal): 0.0000 → Reward: 0.0
[REWARD DEBUG] Stagnation (normal): 0.0000 → Reward: 0.0
[REWARD DEBUG] Stagnation (normal): 0.0000 → Reward: 0.0
[REWARD DEBUG] Stagnation (normal): 0.0000 → Reward: 0.0
[ACTION DEBUG iter 300] Raw action[1:3]: [-1.0000, 1.0000, 1.0000], noise: 0.0500
[ACTION DEBUG iter 300] WARNING: 13/20 actions clipped (network saturating)
[RLAMPSO DEBUG iter 300] w=0.3054, c1=3.0000, c2=2.9583 | fitness=1953.30
[REWARD DEBUG iter 300] FitnessImprovement: 0.0000 → Reward: +0.0000 (prevFit=1953.30, currFit=1953.30)
[REWARD DEBUG] Stagnation (normal): 0.0000 → Reward: 0.0
[REWARD DEBUG] Stagnation (normal): 0.0000 → Reward: 0.0
[REWARD DEBUG] Stagnation (normal): 0.0000 → Reward: 0.0
[REWARD DEBUG] Stagnation (normal): 0.0000 → Reward: 0.0
[REWARD DEBUG] Stagnation (normal): 0.0000 → Reward: 0.0
[REWARD DEBUG] Stagnation (normal): 0.0000 → Reward: 0.0
[REWARD DEBUG] Stagnation (normal): 0.0000 → Reward: 0.0
[REWARD DEBUG] Stagnation (normal): 0.0000 → Reward: 0.0
[ACTION DEBUG iter 400] Raw action[1:3]: [-1.0000, 1.0000, 1.0000], noise: 0.0500
[ACTION DEBUG iter 400] WARNING: 7/20 actions clipped (network saturating)
[RLAMPSO DEBUG iter 400] w=0.3000, c1=3.0000, c2=2.9644 | fitness=1908.13
[REWARD DEBUG iter 400] FitnessImprovement: 0.0000 → Reward: +0.0000 (prevFit=1908.13, currFit=1908.13)
[REWARD DEBUG] Stagnation (normal): 0.0000 → Reward: 0.0
[REWARD DEBUG] Stagnation (normal): 0.0000 → Reward: 0.0
[REWARD DEBUG] Stagnation (normal): 0.0000 → Reward: 0.0
[REWARD DEBUG] Stagnation (normal): 0.0000 → Reward: 0.0
[ACTION DEBUG iter 500] Raw action[1:3]: [-1.0000, 1.0000, 1.0000], noise: 0.0500
[ACTION DEBUG iter 500] WARNING: 6/20 actions clipped (network saturating)
[RLAMPSO DEBUG iter 500] w=0.3000, c1=2.9732, c2=2.9513 | fitness=1871.88
[REWARD DEBUG iter 500] FitnessImprovement: 0.0000 → Reward: +0.0000 (prevFit=1871.88, currFit=1871.88)
[REWARD DEBUG] Stagnation (normal): 0.0000 → Reward: 0.0
[REWARD DEBUG] Stagnation (normal): 0.0000 → Reward: 0.0
[REWARD DEBUG] Stagnation (normal): 0.0000 → Reward: 0.0
[REWARD DEBUG] Stagnation (normal): 0.0000 → Reward: 0.0
[REWARD DEBUG] Stagnation (normal): 0.0000 → Reward: 0.0
[REWARD DEBUG] Stagnation (normal): 0.0000 → Reward: 0.0
[REWARD DEBUG] Stagnation (normal): 0.0000 → Reward: 0.0
[REWARD DEBUG] Stagnation (normal): 0.0000 → Reward: 0.0
[REWARD DEBUG] Stagnation (normal): 0.0000 → Reward: 0.0
[Ep  54/1000] Fit:  1871.9 | Avg:  1910.7 | Reward: +140.2 | Time:  84.9s
          Buffer: 25864 | Noise: 0.0763 | ActorLoss: -3.329e+01 | CriticLoss: 1.365e+00
[REWARD DEBUG] Improvement: 48.5053 → Reward: +0.8473
[REWARD DEBUG] Improvement: 113.9475 → Reward: +1.0000
[REWARD DEBUG] Improvement: 3.8305 → Reward: +0.3420
[REWARD DEBUG] Stagnation (normal): 0.0000 → Reward: 0.0
[REWARD DEBUG] Stagnation (normal): 0.0000 → Reward: 0.0
[REWARD DEBUG] Stagnation (normal): 0.0000 → Reward: 0.0
[ACTION DEBUG iter 100] Raw action[1:3]: [-1.0000, 1.0000, 1.0000], noise: 0.0500
[ACTION DEBUG iter 100] WARNING: 10/20 actions clipped (network saturating)
[RLAMPSO DEBUG iter 100] w=0.3245, c1=2.8639, c2=3.0000 | fitness=1979.77
[REWARD DEBUG iter 100] FitnessImprovement: 0.0000 → Reward: +0.0000 (prevFit=1979.77, currFit=1979.77)
[REWARD DEBUG] Stagnation (normal): 0.0000 → Reward: 0.0
[REWARD DEBUG] Stagnation (normal): 0.0000 → Reward: 0.0
[REWARD DEBUG] Stagnation (normal): 0.0000 → Reward: 0.0
[REWARD DEBUG] Stagnation (normal): 0.0000 → Reward: 0.0
[REWARD DEBUG] Stagnation (normal): 0.0000 → Reward: 0.0
[REWARD DEBUG] Stagnation (normal): 0.0000 → Reward: 0.0
[REWARD DEBUG] Stagnation (normal): 0.0000 → Reward: 0.0
[REWARD DEBUG] Stagnation (normal): 0.0000 → Reward: 0.0
[REWARD DEBUG] Stagnation (normal): 0.0000 → Reward: 0.0
[REWARD DEBUG] Stagnation (normal): 0.0000 → Reward: 0.0
[REWARD DEBUG] Stagnation (normal): 0.0000 → Reward: 0.0
[REWARD DEBUG] Stagnation (normal): 0.0000 → Reward: 0.0
[ACTION DEBUG iter 200] Raw action[1:3]: [-1.0000, 1.0000, 1.0000], noise: 0.0500
[ACTION DEBUG iter 200] WARNING: 7/20 actions clipped (network saturating)
[RLAMPSO DEBUG iter 200] w=0.3173, c1=2.9262, c2=2.9894 | fitness=1944.42
[REWARD DEBUG iter 200] FitnessImprovement: 0.0000 → Reward: +0.0000 (prevFit=1944.42, currFit=1944.42)
[REWARD DEBUG] Stagnation (normal): 0.0000 → Reward: 0.0
[REWARD DEBUG] Stagnation (normal): 0.0000 → Reward: 0.0
[REWARD DEBUG] Stagnation (normal): 0.0000 → Reward: 0.0
[REWARD DEBUG] Stagnation (normal): 0.0000 → Reward: 0.0
[REWARD DEBUG] Stagnation (normal): 0.0000 → Reward: 0.0
[REWARD DEBUG] Stagnation (normal): 0.0000 → Reward: 0.0
[REWARD DEBUG] Stagnation (normal): 0.0000 → Reward: 0.0
[REWARD DEBUG] Stagnation (normal): 0.0000 → Reward: 0.0
[REWARD DEBUG] Stagnation (normal): 0.0000 → Reward: 0.0
[ACTION DEBUG iter 300] Raw action[1:3]: [-1.0000, 1.0000, 1.0000], noise: 0.0500
[ACTION DEBUG iter 300] WARNING: 11/20 actions clipped (network saturating)
[RLAMPSO DEBUG iter 300] w=0.3000, c1=2.9137, c2=2.9690 | fitness=1930.15
[REWARD DEBUG iter 300] FitnessImprovement: 0.0000 → Reward: +0.0000 (prevFit=1930.15, currFit=1930.15)
[REWARD DEBUG] Stagnation (normal): 0.0000 → Reward: 0.0
[REWARD DEBUG] Stagnation (normal): 0.0000 → Reward: 0.0
[REWARD DEBUG] Stagnation (normal): 0.0000 → Reward: 0.0
[REWARD DEBUG] Stagnation (normal): 0.0000 → Reward: 0.0
[REWARD DEBUG] Stagnation (normal): 0.0000 → Reward: 0.0
[REWARD DEBUG] Stagnation (normal): 0.0000 → Reward: 0.0
[REWARD DEBUG] Stagnation (normal): 0.0000 → Reward: 0.0
[REWARD DEBUG] Stagnation (normal): 0.0000 → Reward: 0.0
[ACTION DEBUG iter 400] Raw action[1:3]: [-1.0000, 1.0000, 1.0000], noise: 0.0500
[ACTION DEBUG iter 400] WARNING: 13/20 actions clipped (network saturating)
[RLAMPSO DEBUG iter 400] w=0.3049, c1=3.0000, c2=3.0000 | fitness=1897.89
[REWARD DEBUG iter 400] FitnessImprovement: 0.0000 → Reward: +0.0000 (prevFit=1897.89, currFit=1897.89)
[REWARD DEBUG] Stagnation (normal): 0.0000 → Reward: 0.0
[REWARD DEBUG] Stagnation (normal): 0.0000 → Reward: 0.0
[REWARD DEBUG] Stagnation (normal): 0.0000 → Reward: 0.0
[REWARD DEBUG] Stagnation (normal): 0.0000 → Reward: 0.0
[REWARD DEBUG] Stagnation (normal): 0.0000 → Reward: 0.0
[ACTION DEBUG iter 500] Raw action[1:3]: [-1.0000, 1.0000, 1.0000], noise: 0.0500
[ACTION DEBUG iter 500] WARNING: 9/20 actions clipped (network saturating)
[RLAMPSO DEBUG iter 500] w=0.3000, c1=2.9741, c2=3.0000 | fitness=1897.89
[REWARD DEBUG iter 500] FitnessImprovement: 4.0172 → Reward: +0.3502 (prevFit=1897.89, currFit=1893.87)
[REWARD DEBUG] Stagnation (normal): 0.0000 → Reward: 0.0
[REWARD DEBUG] Stagnation (normal): 0.0000 → Reward: 0.0
[REWARD DEBUG] Stagnation (normal): 0.0000 → Reward: 0.0
[REWARD DEBUG] Stagnation (normal): 0.0000 → Reward: 0.0
[REWARD DEBUG] Stagnation (normal): 0.0000 → Reward: 0.0
[REWARD DEBUG] Stagnation (normal): 0.0000 → Reward: 0.0
[REWARD DEBUG] Stagnation (normal): 0.0000 → Reward: 0.0
[REWARD DEBUG] Stagnation (normal): 0.0000 → Reward: 0.0
[REWARD DEBUG] Stagnation (normal): 0.0000 → Reward: 0.0
[REWARD DEBUG] Stagnation (normal): 0.0000 → Reward: 0.0
[REWARD DEBUG] Stagnation (normal): 0.0000 → Reward: 0.0
[ACTION DEBUG iter 600] Raw action[1:3]: [-1.0000, 1.0000, 1.0000], noise: 0.0500
[ACTION DEBUG iter 600] WARNING: 11/20 actions clipped (network saturating)
[RLAMPSO DEBUG iter 600] w=0.3000, c1=3.0000, c2=2.9736 | fitness=1878.00
[REWARD DEBUG iter 600] FitnessImprovement: 0.0000 → Reward: +0.0000 (prevFit=1878.00, currFit=1878.00)
[Ep  55/1000] Fit:  1878.0 | Avg:  1913.1 | Reward: +137.8 | Time:  83.6s
          Buffer: 26414 | Noise: 0.0759 | ActorLoss: -3.065e+01 | CriticLoss: 9.471e-01
[REWARD DEBUG] Stagnation (normal): 0.0000 → Reward: 0.0
[REWARD DEBUG] Stagnation (normal): 0.0000 → Reward: 0.0
[REWARD DEBUG] Stagnation (normal): 0.0000 → Reward: 0.0
[REWARD DEBUG] Stagnation (normal): 0.0000 → Reward: 0.0
[REWARD DEBUG] Stagnation (normal): 0.0000 → Reward: 0.0
[REWARD DEBUG] Stagnation (normal): 0.0000 → Reward: 0.0
[REWARD DEBUG] Stagnation (normal): 0.0000 → Reward: 0.0
[REWARD DEBUG] Stagnation (normal): 0.0000 → Reward: 0.0
[ACTION DEBUG iter 100] Raw action[1:3]: [-1.0000, 1.0000, 1.0000], noise: 0.0500
[ACTION DEBUG iter 100] WARNING: 10/20 actions clipped (network saturating)
[RLAMPSO DEBUG iter 100] w=0.3426, c1=2.9227, c2=2.9841 | fitness=1949.08
[REWARD DEBUG iter 100] FitnessImprovement: 0.0000 → Reward: +0.0000 (prevFit=1949.08, currFit=1949.08)
[REWARD DEBUG] Stagnation (normal): 0.0000 → Reward: 0.0
[REWARD DEBUG] Stagnation (normal): 0.0000 → Reward: 0.0
[REWARD DEBUG] Stagnation (normal): 0.0000 → Reward: 0.0
[REWARD DEBUG] Stagnation (normal): 0.0000 → Reward: 0.0
[REWARD DEBUG] Stagnation (normal): 0.0000 → Reward: 0.0
[REWARD DEBUG] Stagnation (normal): 0.0000 → Reward: 0.0
[REWARD DEBUG] Stagnation (normal): 0.0000 → Reward: 0.0
[REWARD DEBUG] Stagnation (normal): 0.0000 → Reward: 0.0
[REWARD DEBUG] Stagnation (normal): 0.0000 → Reward: 0.0
[REWARD DEBUG] Stagnation (normal): 0.0000 → Reward: 0.0
[ACTION DEBUG iter 200] Raw action[1:3]: [-1.0000, 1.0000, 1.0000], noise: 0.0500
[ACTION DEBUG iter 200] WARNING: 10/20 actions clipped (network saturating)
[RLAMPSO DEBUG iter 200] w=0.3000, c1=3.0000, c2=2.9885 | fitness=1896.97
[REWARD DEBUG iter 200] FitnessImprovement: 0.0000 → Reward: +0.0000 (prevFit=1896.97, currFit=1896.97)
[REWARD DEBUG] Stagnation (normal): 0.0000 → Reward: 0.0
[REWARD DEBUG] Stagnation (normal): 0.0000 → Reward: 0.0
[REWARD DEBUG] Stagnation (normal): 0.0000 → Reward: 0.0
[REWARD DEBUG] Stagnation (normal): 0.0000 → Reward: 0.0
[REWARD DEBUG] Stagnation (normal): 0.0000 → Reward: 0.0
[REWARD DEBUG] Stagnation (normal): 0.0000 → Reward: 0.0
[REWARD DEBUG] Stagnation (normal): 0.0000 → Reward: 0.0
[REWARD DEBUG] Stagnation (normal): 0.0000 → Reward: 0.0
[REWARD DEBUG] Stagnation (normal): 0.0000 → Reward: 0.0
[REWARD DEBUG] Stagnation (normal): 0.0000 → Reward: 0.0
[REWARD DEBUG] Stagnation (normal): 0.0000 → Reward: 0.0
[REWARD DEBUG] Stagnation (normal): 0.0000 → Reward: 0.0
[REWARD DEBUG] Stagnation (normal): 0.0000 → Reward: 0.0
[ACTION DEBUG iter 300] Raw action[1:3]: [-1.0000, 1.0000, 1.0000], noise: 0.0500
[ACTION DEBUG iter 300] WARNING: 8/20 actions clipped (network saturating)
[RLAMPSO DEBUG iter 300] w=0.3435, c1=3.0000, c2=2.8981 | fitness=1876.82
[REWARD DEBUG] Stagnation (normal): 0.0000 → Reward: 0.0
[REWARD DEBUG iter 300] FitnessImprovement: 0.0000 → Reward: +0.0000 (prevFit=1876.82, currFit=1876.82)
[REWARD DEBUG] Stagnation (normal): 0.0000 → Reward: 0.0
[REWARD DEBUG] Stagnation (normal): 0.0000 → Reward: 0.0
[REWARD DEBUG] Stagnation (normal): 0.0000 → Reward: 0.0
[REWARD DEBUG] Stagnation (normal): 0.0000 → Reward: 0.0
[REWARD DEBUG] Stagnation (normal): 0.0000 → Reward: 0.0
[REWARD DEBUG] Stagnation (normal): 0.0000 → Reward: 0.0
[REWARD DEBUG] Stagnation (normal): 0.0000 → Reward: 0.0
[REWARD DEBUG] Stagnation (normal): 0.0000 → Reward: 0.0
[REWARD DEBUG] Stagnation (normal): 0.0000 → Reward: 0.0
[REWARD DEBUG] Stagnation (normal): 0.0000 → Reward: 0.0
[REWARD DEBUG] Stagnation (normal): 0.0000 → Reward: 0.0
[REWARD DEBUG] Stagnation (normal): 0.0000 → Reward: 0.0
[ACTION DEBUG iter 400] Raw action[1:3]: [-1.0000, 1.0000, 1.0000], noise: 0.0500
[ACTION DEBUG iter 400] WARNING: 9/20 actions clipped (network saturating)
[RLAMPSO DEBUG iter 400] w=0.3024, c1=2.8948, c2=2.9377 | fitness=1872.25
[REWARD DEBUG iter 400] FitnessImprovement: 0.0000 → Reward: +0.0000 (prevFit=1872.25, currFit=1872.25)
[REWARD DEBUG] Stagnation (normal): 0.0000 → Reward: 0.0
[REWARD DEBUG] Stagnation (normal): 0.0000 → Reward: 0.0
[REWARD DEBUG] Stagnation (normal): 0.0000 → Reward: 0.0
[REWARD DEBUG] Stagnation (normal): 0.0000 → Reward: 0.0
[REWARD DEBUG] Stagnation (normal): 0.0000 → Reward: 0.0
[REWARD DEBUG] Stagnation (normal): 0.0000 → Reward: 0.0
[REWARD DEBUG] Stagnation (normal): 0.0000 → Reward: 0.0
[REWARD DEBUG] Stagnation (normal): 0.0000 → Reward: 0.0
[REWARD DEBUG] Stagnation (normal): 0.0000 → Reward: 0.0
[REWARD DEBUG] Stagnation (normal): 0.0000 → Reward: 0.0
[REWARD DEBUG] Stagnation (normal): 0.0000 → Reward: 0.0
[REWARD DEBUG] Stagnation (normal): 0.0000 → Reward: 0.0
[REWARD DEBUG] Stagnation (normal): 0.0000 → Reward: 0.0
[REWARD DEBUG] Stagnation (normal): 0.0000 → Reward: 0.0
[REWARD DEBUG] Stagnation (normal): 0.0000 → Reward: 0.0
[REWARD DEBUG] Stagnation (normal): 0.0000 → Reward: 0.0
[REWARD DEBUG] Stagnation (normal): 0.0000 → Reward: 0.0
[REWARD DEBUG] Stagnation (normal): 0.0000 → Reward: 0.0
[ACTION DEBUG iter 500] Raw action[1:3]: [-1.0000, 1.0000, 1.0000], noise: 0.0500
[ACTION DEBUG iter 500] WARNING: 12/20 actions clipped (network saturating)
[RLAMPSO DEBUG iter 500] w=0.3000, c1=2.8718, c2=2.9680 | fitness=1872.25
[REWARD DEBUG iter 500] FitnessImprovement: 0.0000 → Reward: +0.0000 (prevFit=1872.25, currFit=1872.25)
[REWARD DEBUG] Stagnation (normal): 0.0000 → Reward: 0.0
[REWARD DEBUG] Stagnation (normal): 0.0000 → Reward: 0.0
[REWARD DEBUG] Stagnation (normal): 0.0000 → Reward: 0.0
[REWARD DEBUG] Stagnation (normal): 0.0000 → Reward: 0.0
[Ep  56/1000] Fit:  1872.3 | Avg:  1907.8 | Reward: +143.1 | Time:  81.4s
          Buffer: 26896 | Noise: 0.0755 | ActorLoss: -5.301e+01 | CriticLoss: 1.428e+00
[REWARD DEBUG] Improvement: 262.6446 → Reward: +1.0000
[REWARD DEBUG] Improvement: 29.0698 → Reward: +0.7391
[REWARD DEBUG] Improvement: 0.1298 → Reward: +0.0265
[REWARD DEBUG] Improvement: 5.2935 → Reward: +0.3994
[REWARD DEBUG] Improvement: 7.7529 → Reward: +0.4711
[REWARD DEBUG] Stagnation (normal): 0.0000 → Reward: 0.0
[REWARD DEBUG] Stagnation (normal): 0.0000 → Reward: 0.0
[REWARD DEBUG] Stagnation (normal): 0.0000 → Reward: 0.0
[REWARD DEBUG] Stagnation (normal): 0.0000 → Reward: 0.0
[ACTION DEBUG iter 100] Raw action[1:3]: [-1.0000, 1.0000, 1.0000], noise: 0.0500
[ACTION DEBUG iter 100] WARNING: 8/20 actions clipped (network saturating)
[RLAMPSO DEBUG iter 100] w=0.3000, c1=2.9514, c2=2.8950 | fitness=1934.22
[REWARD DEBUG iter 100] FitnessImprovement: 0.0000 → Reward: +0.0000 (prevFit=1934.22, currFit=1934.22)
[REWARD DEBUG] Stagnation (normal): 0.0000 → Reward: 0.0
[REWARD DEBUG] Stagnation (normal): 0.0000 → Reward: 0.0
[REWARD DEBUG] Stagnation (normal): 0.0000 → Reward: 0.0
[REWARD DEBUG] Improvement: 19.9365 → Reward: +0.6605
[REWARD DEBUG] Stagnation (normal): 0.0000 → Reward: 0.0
[REWARD DEBUG] Stagnation (normal): 0.0000 → Reward: 0.0
[REWARD DEBUG] Stagnation (normal): 0.0000 → Reward: 0.0
[REWARD DEBUG] Stagnation (normal): 0.0000 → Reward: 0.0
[REWARD DEBUG] Stagnation (normal): 0.0000 → Reward: 0.0
[REWARD DEBUG] Stagnation (normal): 0.0000 → Reward: 0.0
[REWARD DEBUG] Stagnation (normal): 0.0000 → Reward: 0.0
[ACTION DEBUG iter 200] Raw action[1:3]: [-1.0000, 1.0000, 1.0000], noise: 0.0500
[ACTION DEBUG iter 200] WARNING: 9/20 actions clipped (network saturating)
[RLAMPSO DEBUG iter 200] w=0.3000, c1=2.9391, c2=3.0000 | fitness=1904.57
[REWARD DEBUG iter 200] FitnessImprovement: 0.0000 → Reward: +0.0000 (prevFit=1904.57, currFit=1904.57)
[REWARD DEBUG] Stagnation (normal): 0.0000 → Reward: 0.0
[REWARD DEBUG] Stagnation (normal): 0.0000 → Reward: 0.0
[REWARD DEBUG] Stagnation (normal): 0.0000 → Reward: 0.0
[REWARD DEBUG] Stagnation (normal): 0.0000 → Reward: 0.0
[REWARD DEBUG] Stagnation (normal): 0.0000 → Reward: 0.0
[REWARD DEBUG] Stagnation (normal): 0.0000 → Reward: 0.0
[REWARD DEBUG] Stagnation (normal): 0.0000 → Reward: 0.0
[REWARD DEBUG] Stagnation (normal): 0.0000 → Reward: 0.0
[REWARD DEBUG] Stagnation (normal): 0.0000 → Reward: 0.0
[REWARD DEBUG] Stagnation (normal): 0.0000 → Reward: 0.0
[ACTION DEBUG iter 300] Raw action[1:3]: [-1.0000, 1.0000, 1.0000], noise: 0.0500
[ACTION DEBUG iter 300] WARNING: 9/20 actions clipped (network saturating)
[RLAMPSO DEBUG iter 300] w=0.3000, c1=2.9932, c2=3.0000 | fitness=1894.22
[REWARD DEBUG iter 300] FitnessImprovement: 0.0000 → Reward: +0.0000 (prevFit=1894.22, currFit=1894.22)
[REWARD DEBUG] Stagnation (normal): 0.0000 → Reward: 0.0
[REWARD DEBUG] Stagnation (normal): 0.0000 → Reward: 0.0
[REWARD DEBUG] Stagnation (normal): 0.0000 → Reward: 0.0
[REWARD DEBUG] Stagnation (normal): 0.0000 → Reward: 0.0
[REWARD DEBUG] Stagnation (normal): 0.0000 → Reward: 0.0
[REWARD DEBUG] Stagnation (normal): 0.0000 → Reward: 0.0
[REWARD DEBUG] Stagnation (normal): 0.0000 → Reward: 0.0
[REWARD DEBUG] Stagnation (normal): 0.0000 → Reward: 0.0
[REWARD DEBUG] Stagnation (normal): 0.0000 → Reward: 0.0
[Ep  57/1000] Fit:  1894.2 | Avg:  1900.4 | Reward: +150.5 | Time:  44.8s
          Buffer: 27204 | Noise: 0.0751 | ActorLoss: -2.565e+01 | CriticLoss: 9.365e-01
[REWARD DEBUG] Stagnation (normal): 0.0000 → Reward: 0.0
[REWARD DEBUG] Stagnation (normal): 0.0000 → Reward: 0.0
[REWARD DEBUG] Improvement: 0.6177 → Reward: +0.1045
[REWARD DEBUG] Stagnation (normal): 0.0000 → Reward: 0.0
[REWARD DEBUG] Stagnation (normal): 0.0000 → Reward: 0.0
[REWARD DEBUG] Stagnation (normal): 0.0000 → Reward: 0.0
[REWARD DEBUG] Stagnation (normal): 0.0000 → Reward: 0.0
[REWARD DEBUG] Stagnation (normal): 0.0000 → Reward: 0.0
[REWARD DEBUG] Stagnation (normal): 0.0000 → Reward: 0.0
[REWARD DEBUG] Stagnation (normal): 0.0000 → Reward: 0.0
[REWARD DEBUG] Stagnation (normal): 0.0000 → Reward: 0.0
[REWARD DEBUG] Stagnation (normal): 0.0000 → Reward: 0.0
[ACTION DEBUG iter 100] Raw action[1:3]: [-1.0000, 1.0000, 1.0000], noise: 0.0500
[ACTION DEBUG iter 100] WARNING: 7/20 actions clipped (network saturating)
[RLAMPSO DEBUG iter 100] w=0.3204, c1=2.9029, c2=2.9211 | fitness=1982.09
[REWARD DEBUG iter 100] FitnessImprovement: 0.0000 → Reward: +0.0000 (prevFit=1982.09, currFit=1982.09)
[REWARD DEBUG] Stagnation (normal): 0.0000 → Reward: 0.0
[REWARD DEBUG] Stagnation (normal): 0.0000 → Reward: 0.0
[REWARD DEBUG] Stagnation (normal): 0.0000 → Reward: 0.0
[REWARD DEBUG] Stagnation (normal): 0.0000 → Reward: 0.0
[REWARD DEBUG] Stagnation (normal): 0.0000 → Reward: 0.0
[REWARD DEBUG] Stagnation (normal): 0.0000 → Reward: 0.0
[REWARD DEBUG] Stagnation (normal): 0.0000 → Reward: 0.0
[REWARD DEBUG] Stagnation (normal): 0.0000 → Reward: 0.0
[REWARD DEBUG] Stagnation (normal): 0.0000 → Reward: 0.0
[REWARD DEBUG] Stagnation (normal): 0.0000 → Reward: 0.0
[REWARD DEBUG] Stagnation (normal): 0.0000 → Reward: 0.0
[ACTION DEBUG iter 200] Raw action[1:3]: [-1.0000, 1.0000, 1.0000], noise: 0.0500
[ACTION DEBUG iter 200] WARNING: 13/20 actions clipped (network saturating)
[RLAMPSO DEBUG iter 200] w=0.3000, c1=3.0000, c2=3.0000 | fitness=1941.57
[REWARD DEBUG iter 200] FitnessImprovement: 0.0000 → Reward: +0.0000 (prevFit=1941.57, currFit=1941.57)
[REWARD DEBUG] Stagnation (normal): 0.0000 → Reward: 0.0
[REWARD DEBUG] Stagnation (normal): 0.0000 → Reward: 0.0
[REWARD DEBUG] Stagnation (normal): 0.0000 → Reward: 0.0
[REWARD DEBUG] Stagnation (normal): 0.0000 → Reward: 0.0
[REWARD DEBUG] Stagnation (normal): 0.0000 → Reward: 0.0
[REWARD DEBUG] Stagnation (normal): 0.0000 → Reward: 0.0
[ACTION DEBUG iter 300] Raw action[1:3]: [-1.0000, 1.0000, 1.0000], noise: 0.0500
[ACTION DEBUG iter 300] WARNING: 9/20 actions clipped (network saturating)
[RLAMPSO DEBUG iter 300] w=0.3000, c1=3.0000, c2=2.9692 | fitness=1910.64
[REWARD DEBUG iter 300] FitnessImprovement: 0.0000 → Reward: +0.0000 (prevFit=1910.64, currFit=1910.64)
[REWARD DEBUG] Stagnation (normal): 0.0000 → Reward: 0.0
[REWARD DEBUG] Stagnation (normal): 0.0000 → Reward: 0.0
[REWARD DEBUG] Stagnation (normal): 0.0000 → Reward: 0.0
[REWARD DEBUG] Stagnation (normal): 0.0000 → Reward: 0.0
[REWARD DEBUG] Stagnation (normal): 0.0000 → Reward: 0.0
[REWARD DEBUG] Stagnation (normal): 0.0000 → Reward: 0.0
[REWARD DEBUG] Stagnation (normal): 0.0000 → Reward: 0.0
[ACTION DEBUG iter 400] Raw action[1:3]: [-1.0000, 1.0000, 1.0000], noise: 0.0500
[ACTION DEBUG iter 400] WARNING: 7/20 actions clipped (network saturating)
[RLAMPSO DEBUG iter 400] w=0.3000, c1=3.0000, c2=2.8943 | fitness=1877.78
[REWARD DEBUG iter 400] FitnessImprovement: 0.0000 → Reward: +0.0000 (prevFit=1877.78, currFit=1877.78)
[REWARD DEBUG] Stagnation (normal): 0.0000 → Reward: 0.0
[REWARD DEBUG] Stagnation (normal): 0.0000 → Reward: 0.0
[REWARD DEBUG] Stagnation (normal): 0.0000 → Reward: 0.0
[REWARD DEBUG] Stagnation (normal): 0.0000 → Reward: 0.0
[REWARD DEBUG] Stagnation (normal): 0.0000 → Reward: 0.0
[REWARD DEBUG] Stagnation (normal): 0.0000 → Reward: 0.0
[REWARD DEBUG] Stagnation (normal): 0.0000 → Reward: 0.0
[ACTION DEBUG iter 500] Raw action[1:3]: [-1.0000, 1.0000, 1.0000], noise: 0.0500
[ACTION DEBUG iter 500] WARNING: 10/20 actions clipped (network saturating)
[RLAMPSO DEBUG iter 500] w=0.3000, c1=3.0000, c2=2.9209 | fitness=1861.95
[REWARD DEBUG iter 500] FitnessImprovement: 0.0000 → Reward: +0.0000 (prevFit=1861.95, currFit=1861.95)
[REWARD DEBUG] Stagnation (normal): 0.0000 → Reward: 0.0
[REWARD DEBUG] Stagnation (normal): 0.0000 → Reward: 0.0
[REWARD DEBUG] Stagnation (normal): 0.0000 → Reward: 0.0
[REWARD DEBUG] Stagnation (normal): 0.0000 → Reward: 0.0
[REWARD DEBUG] Stagnation (normal): 0.0000 → Reward: 0.0
[REWARD DEBUG] Stagnation (normal): 0.0000 → Reward: 0.0
[REWARD DEBUG] Stagnation (normal): 0.0000 → Reward: 0.0
[REWARD DEBUG] Stagnation (normal): 0.0000 → Reward: 0.0
[REWARD DEBUG] Stagnation (normal): 0.0000 → Reward: 0.0
[ACTION DEBUG iter 600] Raw action[1:3]: [-1.0000, 1.0000, 1.0000], noise: 0.0500
[ACTION DEBUG iter 600] WARNING: 8/20 actions clipped (network saturating)
[RLAMPSO DEBUG iter 600] w=0.3190, c1=3.0000, c2=2.9621 | fitness=1829.95
[REWARD DEBUG iter 600] FitnessImprovement: 0.0000 → Reward: +0.0000 (prevFit=1829.95, currFit=1829.95)
[Ep  58/1000] Fit:  1830.0 | Avg:  1888.9 | Reward: +162.0 | Time:  91.1s
          Buffer: 27754 | Noise: 0.0748 | ActorLoss: -3.047e+01 | CriticLoss: 2.537e+00
[REWARD DEBUG] Improvement: 11.6618 → Reward: +0.5512
[REWARD DEBUG] Stagnation (normal): 0.0000 → Reward: 0.0
[REWARD DEBUG] Stagnation (normal): 0.0000 → Reward: 0.0
[REWARD DEBUG] Stagnation (normal): 0.0000 → Reward: 0.0
[REWARD DEBUG] Stagnation (normal): 0.0000 → Reward: 0.0
[REWARD DEBUG] Stagnation (normal): 0.0000 → Reward: 0.0
[REWARD DEBUG] Stagnation (normal): 0.0000 → Reward: 0.0
[REWARD DEBUG] Stagnation (normal): 0.0000 → Reward: 0.0
[REWARD DEBUG] Stagnation (normal): 0.0000 → Reward: 0.0
[ACTION DEBUG iter 100] Raw action[1:3]: [-1.0000, 1.0000, 1.0000], noise: 0.0500
[ACTION DEBUG iter 100] WARNING: 10/20 actions clipped (network saturating)
[RLAMPSO DEBUG iter 100] w=0.3111, c1=3.0000, c2=3.0000 | fitness=2003.86
[REWARD DEBUG iter 100] FitnessImprovement: 0.0000 → Reward: +0.0000 (prevFit=2003.86, currFit=2003.86)
[REWARD DEBUG] Stagnation (normal): 0.0000 → Reward: 0.0
[REWARD DEBUG] Stagnation (normal): 0.0000 → Reward: 0.0
[REWARD DEBUG] Stagnation (normal): 0.0000 → Reward: 0.0
[REWARD DEBUG] Stagnation (normal): 0.0000 → Reward: 0.0
[REWARD DEBUG] Stagnation (normal): 0.0000 → Reward: 0.0
[REWARD DEBUG] Stagnation (normal): 0.0000 → Reward: 0.0
[REWARD DEBUG] Stagnation (normal): 0.0000 → Reward: 0.0
[REWARD DEBUG] Stagnation (normal): 0.0000 → Reward: 0.0
[REWARD DEBUG] Stagnation (normal): 0.0000 → Reward: 0.0
[REWARD DEBUG] Stagnation (normal): 0.0000 → Reward: 0.0
[REWARD DEBUG] Stagnation (normal): 0.0000 → Reward: 0.0
[REWARD DEBUG] Stagnation (normal): 0.0000 → Reward: 0.0
[REWARD DEBUG] Stagnation (normal): 0.0000 → Reward: 0.0
[REWARD DEBUG] Stagnation (normal): 0.0000 → Reward: 0.0
[ACTION DEBUG iter 200] Raw action[1:3]: [-1.0000, 1.0000, 1.0000], noise: 0.0500
[ACTION DEBUG iter 200] WARNING: 10/20 actions clipped (network saturating)
[RLAMPSO DEBUG iter 200] w=0.3000, c1=2.8856, c2=2.9384 | fitness=1960.03
[REWARD DEBUG iter 200] FitnessImprovement: 0.0000 → Reward: +0.0000 (prevFit=1960.03, currFit=1960.03)
[REWARD DEBUG] Stagnation (normal): 0.0000 → Reward: 0.0
[REWARD DEBUG] Stagnation (normal): 0.0000 → Reward: 0.0
[REWARD DEBUG] Stagnation (normal): 0.0000 → Reward: 0.0
[REWARD DEBUG] Stagnation (normal): 0.0000 → Reward: 0.0
[REWARD DEBUG] Stagnation (normal): 0.0000 → Reward: 0.0
[REWARD DEBUG] Stagnation (normal): 0.0000 → Reward: 0.0
[REWARD DEBUG] Stagnation (normal): 0.0000 → Reward: 0.0
[REWARD DEBUG] Stagnation (normal): 0.0000 → Reward: 0.0
[REWARD DEBUG] Stagnation (normal): 0.0000 → Reward: 0.0
[Ep  59/1000] Fit:  1960.0 | Avg:  1892.5 | Reward: +158.4 | Time:  35.5s
          Buffer: 27989 | Noise: 0.0744 | ActorLoss: -2.931e+01 | CriticLoss: 1.597e+00
[REWARD DEBUG] Improvement: 16.6300 → Reward: +0.6231
[REWARD DEBUG] Stagnation (normal): 0.0000 → Reward: 0.0
[REWARD DEBUG] Stagnation (normal): 0.0000 → Reward: 0.0
[REWARD DEBUG] Stagnation (normal): 0.0000 → Reward: 0.0
[REWARD DEBUG] Stagnation (normal): 0.0000 → Reward: 0.0
[REWARD DEBUG] Stagnation (normal): 0.0000 → Reward: 0.0
[REWARD DEBUG] Stagnation (normal): 0.0000 → Reward: 0.0
[REWARD DEBUG] Stagnation (normal): 0.0000 → Reward: 0.0
[REWARD DEBUG] Stagnation (normal): 0.0000 → Reward: 0.0
[ACTION DEBUG iter 100] Raw action[1:3]: [-1.0000, 1.0000, 1.0000], noise: 0.0500
[ACTION DEBUG iter 100] WARNING: 10/20 actions clipped (network saturating)
[RLAMPSO DEBUG iter 100] w=0.3000, c1=3.0000, c2=2.9256 | fitness=2037.41
[REWARD DEBUG iter 100] FitnessImprovement: 0.0000 → Reward: +0.0000 (prevFit=2037.41, currFit=2037.41)
[REWARD DEBUG] Stagnation (normal): 0.0000 → Reward: 0.0
[REWARD DEBUG] Stagnation (normal): 0.0000 → Reward: 0.0
[REWARD DEBUG] Stagnation (normal): 0.0000 → Reward: 0.0
[REWARD DEBUG] Stagnation (normal): 0.0000 → Reward: 0.0
[REWARD DEBUG] Stagnation (normal): 0.0000 → Reward: 0.0
[REWARD DEBUG] Stagnation (normal): 0.0000 → Reward: 0.0
[REWARD DEBUG] Stagnation (normal): 0.0000 → Reward: 0.0
[REWARD DEBUG] Stagnation (normal): 0.0000 → Reward: 0.0
[REWARD DEBUG] Stagnation (normal): 0.0000 → Reward: 0.0
[ACTION DEBUG iter 200] Raw action[1:3]: [-1.0000, 1.0000, 1.0000], noise: 0.0500
[ACTION DEBUG iter 200] WARNING: 8/20 actions clipped (network saturating)
[RLAMPSO DEBUG iter 200] w=0.3412, c1=3.0000, c2=3.0000 | fitness=1976.43
[REWARD DEBUG iter 200] FitnessImprovement: 0.0000 → Reward: +0.0000 (prevFit=1976.43, currFit=1976.43)
[REWARD DEBUG] Stagnation (normal): 0.0000 → Reward: 0.0
[REWARD DEBUG] Improvement: 0.2999 → Reward: +0.0569
[REWARD DEBUG] Stagnation (normal): 0.0000 → Reward: 0.0
[REWARD DEBUG] Stagnation (normal): 0.0000 → Reward: 0.0
[REWARD DEBUG] Stagnation (normal): 0.0000 → Reward: 0.0
[REWARD DEBUG] Stagnation (normal): 0.0000 → Reward: 0.0
[REWARD DEBUG] Stagnation (normal): 0.0000 → Reward: 0.0
[REWARD DEBUG] Stagnation (normal): 0.0000 → Reward: 0.0
[REWARD DEBUG] Stagnation (normal): 0.0000 → Reward: 0.0
[REWARD DEBUG] Stagnation (normal): 0.0000 → Reward: 0.0
[REWARD DEBUG] Stagnation (normal): 0.0000 → Reward: 0.0
[ACTION DEBUG iter 300] Raw action[1:3]: [-1.0000, 1.0000, 1.0000], noise: 0.0500
[ACTION DEBUG iter 300] WARNING: 8/20 actions clipped (network saturating)
[RLAMPSO DEBUG iter 300] w=0.3227, c1=2.8262, c2=2.9809 | fitness=1905.73
[REWARD DEBUG] Stagnation (normal): 0.0000 → Reward: 0.0
[REWARD DEBUG iter 300] FitnessImprovement: 0.0000 → Reward: +0.0000 (prevFit=1905.73, currFit=1905.73)
[REWARD DEBUG] Stagnation (normal): 0.0000 → Reward: 0.0
[REWARD DEBUG] Stagnation (normal): 0.0000 → Reward: 0.0
[REWARD DEBUG] Stagnation (normal): 0.0000 → Reward: 0.0
[REWARD DEBUG] Stagnation (normal): 0.0000 → Reward: 0.0
[REWARD DEBUG] Stagnation (normal): 0.0000 → Reward: 0.0
[REWARD DEBUG] Stagnation (normal): 0.0000 → Reward: 0.0
[REWARD DEBUG] Stagnation (normal): 0.0000 → Reward: 0.0
[REWARD DEBUG] Stagnation (normal): 0.0000 → Reward: 0.0
[REWARD DEBUG] Stagnation (normal): 0.0000 → Reward: 0.0
[REWARD DEBUG] Stagnation (normal): 0.0000 → Reward: 0.0
[ACTION DEBUG iter 400] Raw action[1:3]: [-1.0000, 1.0000, 1.0000], noise: 0.0500
[ACTION DEBUG iter 400] WARNING: 15/20 actions clipped (network saturating)
[RLAMPSO DEBUG iter 400] w=0.3000, c1=3.0000, c2=3.0000 | fitness=1905.73
[REWARD DEBUG iter 400] FitnessImprovement: 0.0000 → Reward: +0.0000 (prevFit=1905.73, currFit=1905.73)

=== CURRICULUM ADVANCEMENT ===
Advanced from Level 3 (Hard) to Level 4 (Expert)
Success Rate: 100.0% (threshold: 80.0%)
Total Episodes: 60
==============================

[Ep  60/1000] Fit:  1905.7 | Avg:  1897.1 | Reward: +153.9 | Time:  59.4s
          Buffer: 28364 | Noise: 0.0740 | ActorLoss: -4.264e+01 | CriticLoss: 1.418e+00
[REWARD DEBUG] Improvement: 0.9774 → Reward: +0.1480
[REWARD DEBUG] Stagnation (normal): 0.0000 → Reward: 0.0
[REWARD DEBUG] Stagnation (normal): 0.0000 → Reward: 0.0
[REWARD DEBUG] Stagnation (normal): 0.0000 → Reward: 0.0
[REWARD DEBUG] Stagnation (normal): 0.0000 → Reward: 0.0
[REWARD DEBUG] Stagnation (normal): 0.0000 → Reward: 0.0
[ACTION DEBUG iter 100] Raw action[1:3]: [-1.0000, 1.0000, 1.0000], noise: 0.0500
[ACTION DEBUG iter 100] WARNING: 15/20 actions clipped (network saturating)
[RLAMPSO DEBUG iter 100] w=0.3115, c1=3.0000, c2=3.0000 | fitness=1995.71
[REWARD DEBUG iter 100] FitnessImprovement: 0.0000 → Reward: +0.0000 (prevFit=1995.71, currFit=1995.71)
[REWARD DEBUG] Stagnation (normal): 0.0000 → Reward: 0.0
[REWARD DEBUG] Stagnation (normal): 0.0000 → Reward: 0.0
[REWARD DEBUG] Stagnation (normal): 0.0000 → Reward: 0.0
[REWARD DEBUG] Stagnation (normal): 0.0000 → Reward: 0.0
[REWARD DEBUG] Stagnation (normal): 0.0000 → Reward: 0.0
[REWARD DEBUG] Stagnation (normal): 0.0000 → Reward: 0.0
[REWARD DEBUG] Stagnation (normal): 0.0000 → Reward: 0.0
[REWARD DEBUG] Stagnation (normal): 0.0000 → Reward: 0.0
[REWARD DEBUG] Stagnation (normal): 0.0000 → Reward: 0.0
[REWARD DEBUG] Stagnation (normal): 0.0000 → Reward: 0.0
[REWARD DEBUG] Stagnation (normal): 0.0000 → Reward: 0.0
[ACTION DEBUG iter 200] Raw action[1:3]: [-1.0000, 1.0000, 1.0000], noise: 0.0500
[ACTION DEBUG iter 200] WARNING: 10/20 actions clipped (network saturating)
[RLAMPSO DEBUG iter 200] w=0.3163, c1=2.8249, c2=3.0000 | fitness=1966.71
[REWARD DEBUG iter 200] FitnessImprovement: 30.7640 → Reward: +0.7510 (prevFit=1966.71, currFit=1935.94)
[REWARD DEBUG] Stagnation (normal): 0.0000 → Reward: 0.0
[REWARD DEBUG] Stagnation (normal): 0.0000 → Reward: 0.0
[REWARD DEBUG] Stagnation (normal): 0.0000 → Reward: 0.0
[REWARD DEBUG] Stagnation (normal): 0.0000 → Reward: 0.0
[REWARD DEBUG] Stagnation (normal): 0.0000 → Reward: 0.0
[REWARD DEBUG] Stagnation (normal): 0.0000 → Reward: 0.0
[REWARD DEBUG] Stagnation (normal): 0.0000 → Reward: 0.0
[REWARD DEBUG] Stagnation (normal): 0.0000 → Reward: 0.0
[REWARD DEBUG] Stagnation (normal): 0.0000 → Reward: 0.0
[ACTION DEBUG iter 300] Raw action[1:3]: [-1.0000, 1.0000, 1.0000], noise: 0.0500
[ACTION DEBUG iter 300] WARNING: 9/20 actions clipped (network saturating)
[RLAMPSO DEBUG iter 300] w=0.3083, c1=3.0000, c2=2.9671 | fitness=1924.39
[REWARD DEBUG iter 300] FitnessImprovement: 0.0000 → Reward: +0.0000 (prevFit=1924.39, currFit=1924.39)
[REWARD DEBUG] Stagnation (normal): 0.0000 → Reward: 0.0
[REWARD DEBUG] Stagnation (normal): 0.0000 → Reward: 0.0
[REWARD DEBUG] Stagnation (normal): 0.0000 → Reward: 0.0
[REWARD DEBUG] Stagnation (normal): 0.0000 → Reward: 0.0
[REWARD DEBUG] Stagnation (normal): 0.0000 → Reward: 0.0
[REWARD DEBUG] Stagnation (normal): 0.0000 → Reward: 0.0
[REWARD DEBUG] Stagnation (normal): 0.0000 → Reward: 0.0
[REWARD DEBUG] Stagnation (normal): 0.0000 → Reward: 0.0
[REWARD DEBUG] Stagnation (normal): 0.0000 → Reward: 0.0
[REWARD DEBUG] Stagnation (normal): 0.0000 → Reward: 0.0
[REWARD DEBUG] Stagnation (normal): 0.0000 → Reward: 0.0
[REWARD DEBUG] Stagnation (normal): 0.0000 → Reward: 0.0
[REWARD DEBUG] Stagnation (normal): 0.0000 → Reward: 0.0
[ACTION DEBUG iter 400] Raw action[1:3]: [-1.0000, 1.0000, 1.0000], noise: 0.0500
[ACTION DEBUG iter 400] WARNING: 10/20 actions clipped (network saturating)
[RLAMPSO DEBUG iter 400] w=0.3100, c1=3.0000, c2=2.9414 | fitness=1924.39
[REWARD DEBUG iter 400] FitnessImprovement: 0.0000 → Reward: +0.0000 (prevFit=1924.39, currFit=1924.39)
[Ep  61/1000] Fit:  1924.4 | Avg:  1903.2 | Reward: +147.7 | Time:  84.5s
          Buffer: 28717 | Noise: 0.0737 | ActorLoss: -7.062e-01 | CriticLoss: 2.471e-03
[REWARD DEBUG] Improvement: 23.0023 → Reward: +0.6901
[REWARD DEBUG] Improvement: 10.8278 → Reward: +0.5365
[REWARD DEBUG] Stagnation (normal): 0.0000 → Reward: 0.0
[REWARD DEBUG] Stagnation (normal): 0.0000 → Reward: 0.0
[REWARD DEBUG] Stagnation (normal): 0.0000 → Reward: 0.0
[REWARD DEBUG] Stagnation (normal): 0.0000 → Reward: 0.0
[REWARD DEBUG] Stagnation (normal): 0.0000 → Reward: 0.0
[REWARD DEBUG] Stagnation (normal): 0.0000 → Reward: 0.0
[REWARD DEBUG] Stagnation (normal): 0.0000 → Reward: 0.0
[ACTION DEBUG iter 100] Raw action[1:3]: [-1.0000, 1.0000, 1.0000], noise: 0.0500
[ACTION DEBUG iter 100] WARNING: 10/20 actions clipped (network saturating)
[RLAMPSO DEBUG iter 100] w=0.3000, c1=2.9393, c2=3.0000 | fitness=2088.88
[REWARD DEBUG] Stagnation (normal): 0.0000 → Reward: 0.0
[REWARD DEBUG iter 100] FitnessImprovement: 0.0000 → Reward: +0.0000 (prevFit=2088.88, currFit=2088.88)
[REWARD DEBUG] Stagnation (normal): 0.0000 → Reward: 0.0
[REWARD DEBUG] Stagnation (normal): 0.0000 → Reward: 0.0
[REWARD DEBUG] Stagnation (normal): 0.0000 → Reward: 0.0
[REWARD DEBUG] Stagnation (normal): 0.0000 → Reward: 0.0
[REWARD DEBUG] Stagnation (normal): 0.0000 → Reward: 0.0
[REWARD DEBUG] Stagnation (normal): 0.0000 → Reward: 0.0
[ACTION DEBUG iter 200] Raw action[1:3]: [-1.0000, 1.0000, 1.0000], noise: 0.0500
[ACTION DEBUG iter 200] WARNING: 9/20 actions clipped (network saturating)
[RLAMPSO DEBUG iter 200] w=0.3106, c1=2.9882, c2=3.0000 | fitness=2087.37
[REWARD DEBUG iter 200] FitnessImprovement: 0.0000 → Reward: +0.0000 (prevFit=2087.37, currFit=2087.37)
[REWARD DEBUG] Stagnation (normal): 0.0000 → Reward: 0.0
[REWARD DEBUG] Stagnation (normal): 0.0000 → Reward: 0.0
[REWARD DEBUG] Stagnation (normal): 0.0000 → Reward: 0.0
[REWARD DEBUG] Stagnation (normal): 0.0000 → Reward: 0.0
[REWARD DEBUG] Stagnation (normal): 0.0000 → Reward: 0.0
[REWARD DEBUG] Stagnation (normal): 0.0000 → Reward: 0.0
[REWARD DEBUG] Stagnation (normal): 0.0000 → Reward: 0.0
[REWARD DEBUG] Stagnation (normal): 0.0000 → Reward: 0.0
[REWARD DEBUG] Stagnation (normal): 0.0000 → Reward: 0.0
[REWARD DEBUG] Stagnation (normal): 0.0000 → Reward: 0.0
[REWARD DEBUG] Stagnation (normal): 0.0000 → Reward: 0.0
[REWARD DEBUG] Stagnation (normal): 0.0000 → Reward: 0.0
[ACTION DEBUG iter 300] Raw action[1:3]: [-1.0000, 1.0000, 1.0000], noise: 0.0500
[ACTION DEBUG iter 300] WARNING: 12/20 actions clipped (network saturating)
[RLAMPSO DEBUG iter 300] w=0.3000, c1=3.0000, c2=2.9336 | fitness=2037.55
[REWARD DEBUG iter 300] FitnessImprovement: 0.0000 → Reward: +0.0000 (prevFit=2037.55, currFit=2037.55)
[REWARD DEBUG] Stagnation (normal): 0.0000 → Reward: 0.0
[REWARD DEBUG] Stagnation (normal): 0.0000 → Reward: 0.0
[REWARD DEBUG] Stagnation (normal): 0.0000 → Reward: 0.0
[REWARD DEBUG] Stagnation (normal): 0.0000 → Reward: 0.0
[REWARD DEBUG] Stagnation (normal): 0.0000 → Reward: 0.0
[REWARD DEBUG] Stagnation (normal): 0.0000 → Reward: 0.0
[REWARD DEBUG] Stagnation (normal): 0.0000 → Reward: 0.0
[ACTION DEBUG iter 400] Raw action[1:3]: [-1.0000, 1.0000, 1.0000], noise: 0.0500
[ACTION DEBUG iter 400] WARNING: 16/20 actions clipped (network saturating)
[RLAMPSO DEBUG iter 400] w=0.3000, c1=3.0000, c2=3.0000 | fitness=1949.53
[REWARD DEBUG] Stagnation (normal): 0.0000 → Reward: 0.0
[REWARD DEBUG iter 400] FitnessImprovement: 0.0000 → Reward: +0.0000 (prevFit=1949.53, currFit=1949.53)
[REWARD DEBUG] Stagnation (normal): 0.0000 → Reward: 0.0
[REWARD DEBUG] Stagnation (normal): 0.0000 → Reward: 0.0
[REWARD DEBUG] Stagnation (normal): 0.0000 → Reward: 0.0
[REWARD DEBUG] Stagnation (normal): 0.0000 → Reward: 0.0
[REWARD DEBUG] Stagnation (normal): 0.0000 → Reward: 0.0
[REWARD DEBUG] Stagnation (normal): 0.0000 → Reward: 0.0
[REWARD DEBUG] Stagnation (normal): 0.0000 → Reward: 0.0
[REWARD DEBUG] Stagnation (normal): 0.0000 → Reward: 0.0
[REWARD DEBUG] Stagnation (normal): 0.0000 → Reward: 0.0
[REWARD DEBUG] Stagnation (normal): 0.0000 → Reward: 0.0
[REWARD DEBUG] Stagnation (normal): 0.0000 → Reward: 0.0
[REWARD DEBUG] Stagnation (normal): 0.0000 → Reward: 0.0
[REWARD DEBUG] Stagnation (normal): 0.0000 → Reward: 0.0
[ACTION DEBUG iter 500] Raw action[1:3]: [-1.0000, 1.0000, 1.0000], noise: 0.0500
[ACTION DEBUG iter 500] WARNING: 7/20 actions clipped (network saturating)
[RLAMPSO DEBUG iter 500] w=0.3277, c1=2.7750, c2=3.0000 | fitness=1860.37
[REWARD DEBUG iter 500] FitnessImprovement: 0.0000 → Reward: +0.0000 (prevFit=1860.37, currFit=1860.37)
[REWARD DEBUG] Stagnation (normal): 0.0000 → Reward: 0.0
[REWARD DEBUG] Stagnation (normal): 0.0000 → Reward: 0.0
[REWARD DEBUG] Stagnation (normal): 0.0000 → Reward: 0.0
[REWARD DEBUG] Stagnation (normal): 0.0000 → Reward: 0.0
[REWARD DEBUG] Stagnation (normal): 0.0000 → Reward: 0.0
[REWARD DEBUG] Stagnation (normal): 0.0000 → Reward: 0.0
[REWARD DEBUG] Stagnation (normal): 0.0000 → Reward: 0.0
[REWARD DEBUG] Stagnation (normal): 0.0000 → Reward: 0.0
[REWARD DEBUG] Stagnation (normal): 0.0000 → Reward: 0.0
[REWARD DEBUG] Stagnation (normal): 0.0000 → Reward: 0.0
[ACTION DEBUG iter 600] Raw action[1:3]: [-1.0000, 1.0000, 1.0000], noise: 0.0500
[ACTION DEBUG iter 600] WARNING: 10/20 actions clipped (network saturating)
[RLAMPSO DEBUG iter 600] w=0.3000, c1=3.0000, c2=3.0000 | fitness=1852.31
[REWARD DEBUG iter 600] FitnessImprovement: 0.0000 → Reward: +0.0000 (prevFit=1852.31, currFit=1852.31)
[Ep  62/1000] Fit:  1852.3 | Avg:  1895.8 | Reward: +155.1 | Time: 115.3s
          Buffer: 29267 | Noise: 0.0733 | ActorLoss: -7.787e-01 | CriticLoss: 7.642e-04
[REWARD DEBUG] Improvement: 141.8519 → Reward: +1.0000
[REWARD DEBUG] Stagnation (normal): 0.0000 → Reward: 0.0
[REWARD DEBUG] Stagnation (normal): 0.0000 → Reward: 0.0
[REWARD DEBUG] Stagnation (normal): 0.0000 → Reward: 0.0
[REWARD DEBUG] Stagnation (normal): 0.0000 → Reward: 0.0
[REWARD DEBUG] Stagnation (normal): 0.0000 → Reward: 0.0
[REWARD DEBUG] Stagnation (normal): 0.0000 → Reward: 0.0
[REWARD DEBUG] Stagnation (normal): 0.0000 → Reward: 0.0
[REWARD DEBUG] Stagnation (normal): 0.0000 → Reward: 0.0
[REWARD DEBUG] Stagnation (normal): 0.0000 → Reward: 0.0
[REWARD DEBUG] Stagnation (normal): 0.0000 → Reward: 0.0
[REWARD DEBUG] Stagnation (normal): 0.0000 → Reward: 0.0
[REWARD DEBUG] Stagnation (normal): 0.0000 → Reward: 0.0
[REWARD DEBUG] Stagnation (normal): 0.0000 → Reward: 0.0
[ACTION DEBUG iter 100] Raw action[1:3]: [-1.0000, 1.0000, 1.0000], noise: 0.0500
[ACTION DEBUG iter 100] WARNING: 10/20 actions clipped (network saturating)
[RLAMPSO DEBUG iter 100] w=0.3212, c1=3.0000, c2=2.8534 | fitness=2122.24
[REWARD DEBUG iter 100] FitnessImprovement: 0.0000 → Reward: +0.0000 (prevFit=2122.24, currFit=2122.24)
[REWARD DEBUG] Stagnation (normal): 0.0000 → Reward: 0.0
[REWARD DEBUG] Stagnation (normal): 0.0000 → Reward: 0.0
[REWARD DEBUG] Stagnation (normal): 0.0000 → Reward: 0.0
[REWARD DEBUG] Stagnation (normal): 0.0000 → Reward: 0.0
[REWARD DEBUG] Stagnation (normal): 0.0000 → Reward: 0.0
[REWARD DEBUG] Stagnation (normal): 0.0000 → Reward: 0.0
[Ep  63/1000] Fit:  2122.2 | Avg:  1911.1 | Reward: +139.8 | Time:  32.8s
          Buffer: 29392 | Noise: 0.0729 | ActorLoss: -8.236e-01 | CriticLoss: 7.011e-04
[REWARD DEBUG] Improvement: 43.7593 → Reward: +0.8254
[REWARD DEBUG] Stagnation (normal): 0.0000 → Reward: 0.0
[REWARD DEBUG] Stagnation (normal): 0.0000 → Reward: 0.0
[REWARD DEBUG] Stagnation (normal): 0.0000 → Reward: 0.0
[REWARD DEBUG] Stagnation (normal): 0.0000 → Reward: 0.0
[ACTION DEBUG iter 100] Raw action[1:3]: [-1.0000, 1.0000, 1.0000], noise: 0.0500
[ACTION DEBUG iter 100] WARNING: 9/20 actions clipped (network saturating)
[RLAMPSO DEBUG iter 100] w=0.3017, c1=3.0000, c2=3.0000 | fitness=2014.67
[REWARD DEBUG iter 100] FitnessImprovement: 0.0000 → Reward: +0.0000 (prevFit=2014.67, currFit=2014.67)
[REWARD DEBUG] Stagnation (normal): 0.0000 → Reward: 0.0
[REWARD DEBUG] Stagnation (normal): 0.0000 → Reward: 0.0
[REWARD DEBUG] Stagnation (normal): 0.0000 → Reward: 0.0
[REWARD DEBUG] Stagnation (normal): 0.0000 → Reward: 0.0
[REWARD DEBUG] Stagnation (normal): 0.0000 → Reward: 0.0
[REWARD DEBUG] Stagnation (normal): 0.0000 → Reward: 0.0
[REWARD DEBUG] Stagnation (normal): 0.0000 → Reward: 0.0
[REWARD DEBUG] Stagnation (normal): 0.0000 → Reward: 0.0
[REWARD DEBUG] Stagnation (normal): 0.0000 → Reward: 0.0
[REWARD DEBUG] Stagnation (normal): 0.0000 → Reward: 0.0
[ACTION DEBUG iter 200] Raw action[1:3]: [-1.0000, 1.0000, 1.0000], noise: 0.0500
[ACTION DEBUG iter 200] WARNING: 10/20 actions clipped (network saturating)
[RLAMPSO DEBUG iter 200] w=0.3000, c1=3.0000, c2=3.0000 | fitness=1973.08
[REWARD DEBUG iter 200] FitnessImprovement: 0.0000 → Reward: +0.0000 (prevFit=1973.08, currFit=1973.08)
[REWARD DEBUG] Stagnation (normal): 0.0000 → Reward: 0.0
[REWARD DEBUG] Stagnation (normal): 0.0000 → Reward: 0.0
[REWARD DEBUG] Stagnation (normal): 0.0000 → Reward: 0.0
[REWARD DEBUG] Stagnation (normal): 0.0000 → Reward: 0.0
[REWARD DEBUG] Stagnation (normal): 0.0000 → Reward: 0.0
[REWARD DEBUG] Stagnation (normal): 0.0000 → Reward: 0.0
[REWARD DEBUG] Stagnation (normal): 0.0000 → Reward: 0.0
[REWARD DEBUG] Stagnation (normal): 0.0000 → Reward: 0.0
[REWARD DEBUG] Stagnation (normal): 0.0000 → Reward: 0.0
[REWARD DEBUG] Stagnation (normal): 0.0000 → Reward: 0.0
[REWARD DEBUG] Stagnation (normal): 0.0000 → Reward: 0.0
[REWARD DEBUG] Stagnation (normal): 0.0000 → Reward: 0.0
[REWARD DEBUG] Stagnation (normal): 0.0000 → Reward: 0.0
[REWARD DEBUG] Stagnation (normal): 0.0000 → Reward: 0.0
[REWARD DEBUG] Stagnation (normal): 0.0000 → Reward: 0.0
[REWARD DEBUG] Stagnation (normal): 0.0000 → Reward: 0.0
[ACTION DEBUG iter 300] Raw action[1:3]: [-1.0000, 1.0000, 1.0000], noise: 0.0500
[ACTION DEBUG iter 300] WARNING: 7/20 actions clipped (network saturating)
[RLAMPSO DEBUG iter 300] w=0.3000, c1=2.9037, c2=2.9426 | fitness=1973.08
[REWARD DEBUG iter 300] FitnessImprovement: 0.0000 → Reward: +0.0000 (prevFit=1973.08, currFit=1973.08)
[REWARD DEBUG] Stagnation (normal): 0.0000 → Reward: 0.0
[REWARD DEBUG] Stagnation (normal): 0.0000 → Reward: 0.0
[REWARD DEBUG] Stagnation (normal): 0.0000 → Reward: 0.0
[Ep  64/1000] Fit:  1973.1 | Avg:  1921.2 | Reward: +129.7 | Time:  89.1s
          Buffer: 29683 | Noise: 0.0726 | ActorLoss: -1.959e+00 | CriticLoss: 3.491e-03
[REWARD DEBUG] Stagnation (normal): 0.0000 → Reward: 0.0
[REWARD DEBUG] Improvement: 6.1130 → Reward: +0.4260
[REWARD DEBUG] Stagnation (normal): 0.0000 → Reward: 0.0
[REWARD DEBUG] Improvement: 0.0000 → Reward: +0.0000
[REWARD DEBUG] Stagnation (normal): 0.0000 → Reward: 0.0
[ACTION DEBUG iter 100] Raw action[1:3]: [-1.0000, 1.0000, 1.0000], noise: 0.0500
[ACTION DEBUG iter 100] WARNING: 8/20 actions clipped (network saturating)
[RLAMPSO DEBUG iter 100] w=0.3025, c1=2.9098, c2=3.0000 | fitness=1921.84
[REWARD DEBUG iter 100] FitnessImprovement: 0.0000 → Reward: +0.0000 (prevFit=1921.84, currFit=1921.84)
[REWARD DEBUG] Stagnation (normal): 0.0000 → Reward: 0.0
[REWARD DEBUG] Improvement: 0.0000 → Reward: +0.0000
[REWARD DEBUG] Stagnation (normal): 0.0000 → Reward: 0.0
[REWARD DEBUG] Stagnation (normal): 0.0000 → Reward: 0.0
[REWARD DEBUG] Stagnation (normal): 0.0000 → Reward: 0.0
[REWARD DEBUG] Stagnation (normal): 0.0000 → Reward: 0.0
[ACTION DEBUG iter 200] Raw action[1:3]: [-1.0000, 1.0000, 1.0000], noise: 0.0500
[ACTION DEBUG iter 200] WARNING: 9/20 actions clipped (network saturating)
[RLAMPSO DEBUG iter 200] w=0.3291, c1=2.9802, c2=2.9985 | fitness=1921.84
[REWARD DEBUG iter 200] FitnessImprovement: 0.0000 → Reward: +0.0000 (prevFit=1921.84, currFit=1921.84)
[REWARD DEBUG] Stagnation (normal): 0.0000 → Reward: 0.0
[REWARD DEBUG] Stagnation (normal): 0.0000 → Reward: 0.0
[REWARD DEBUG] Improvement: 0.0000 → Reward: +0.0000
[REWARD DEBUG] Stagnation (normal): 0.0000 → Reward: 0.0
[REWARD DEBUG] Stagnation (normal): 0.0000 → Reward: 0.0
[REWARD DEBUG] Stagnation (normal): 0.0000 → Reward: 0.0
[REWARD DEBUG] Stagnation (normal): 0.0000 → Reward: 0.0
[REWARD DEBUG] Stagnation (normal): 0.0000 → Reward: 0.0
[REWARD DEBUG] Stagnation (normal): 0.0000 → Reward: 0.0
[REWARD DEBUG] Stagnation (normal): 0.0000 → Reward: 0.0
[ACTION DEBUG iter 300] Raw action[1:3]: [-1.0000, 1.0000, 1.0000], noise: 0.0500
[ACTION DEBUG iter 300] WARNING: 8/20 actions clipped (network saturating)
[RLAMPSO DEBUG iter 300] w=0.3000, c1=3.0000, c2=2.9576 | fitness=1921.84
[REWARD DEBUG iter 300] FitnessImprovement: 0.0000 → Reward: +0.0000 (prevFit=1921.84, currFit=1921.84)
[REWARD DEBUG] Stagnation (normal): 0.0000 → Reward: 0.0
[REWARD DEBUG] Stagnation (normal): 0.0000 → Reward: 0.0
[REWARD DEBUG] Stagnation (normal): 0.0000 → Reward: 0.0
[REWARD DEBUG] Stagnation (normal): 0.0000 → Reward: 0.0
[REWARD DEBUG] Improvement: 0.0000 → Reward: +0.0000
[REWARD DEBUG] Stagnation (normal): 0.0000 → Reward: 0.0
[ACTION DEBUG iter 400] Raw action[1:3]: [-1.0000, 1.0000, 1.0000], noise: 0.0500
[ACTION DEBUG iter 400] WARNING: 10/20 actions clipped (network saturating)
[RLAMPSO DEBUG iter 400] w=0.3000, c1=2.9186, c2=2.9628 | fitness=1893.67
[REWARD DEBUG] Stagnation (normal): 0.0000 → Reward: 0.0
[REWARD DEBUG iter 400] FitnessImprovement: 0.0000 → Reward: +0.0000 (prevFit=1893.67, currFit=1893.67)
[REWARD DEBUG] Stagnation (normal): 0.0000 → Reward: 0.0
[REWARD DEBUG] Stagnation (normal): 0.0000 → Reward: 0.0
[REWARD DEBUG] Stagnation (normal): 0.0000 → Reward: 0.0
[REWARD DEBUG] Stagnation (normal): 0.0000 → Reward: 0.0
[REWARD DEBUG] Stagnation (normal): 0.0000 → Reward: 0.0
[REWARD DEBUG] Stagnation (normal): 0.0000 → Reward: 0.0
[REWARD DEBUG] Stagnation (normal): 0.0000 → Reward: 0.0
[ACTION DEBUG iter 500] Raw action[1:3]: [-1.0000, 1.0000, 1.0000], noise: 0.0500
[ACTION DEBUG iter 500] WARNING: 8/20 actions clipped (network saturating)
[RLAMPSO DEBUG iter 500] w=0.3000, c1=2.9744, c2=3.0000 | fitness=1893.67
[REWARD DEBUG] Stagnation (normal): 0.0000 → Reward: 0.0
[REWARD DEBUG iter 500] FitnessImprovement: 0.0000 → Reward: +0.0000 (prevFit=1893.67, currFit=1893.67)
[REWARD DEBUG] Stagnation (normal): 0.0000 → Reward: 0.0
[REWARD DEBUG] Stagnation (normal): 0.0000 → Reward: 0.0
[REWARD DEBUG] Stagnation (normal): 0.0000 → Reward: 0.0
[REWARD DEBUG] Stagnation (normal): 0.0000 → Reward: 0.0
[REWARD DEBUG] Stagnation (normal): 0.0000 → Reward: 0.0
[REWARD DEBUG] Stagnation (normal): 0.0000 → Reward: 0.0
[REWARD DEBUG] Stagnation (normal): 0.0000 → Reward: 0.0
[REWARD DEBUG] Stagnation (normal): 0.0000 → Reward: 0.0
[REWARD DEBUG] Stagnation (normal): 0.0000 → Reward: 0.0
[REWARD DEBUG] Stagnation (normal): 0.0000 → Reward: 0.0
[REWARD DEBUG] Stagnation (normal): 0.0000 → Reward: 0.0
[ACTION DEBUG iter 600] Raw action[1:3]: [-1.0000, 1.0000, 1.0000], noise: 0.0500
[ACTION DEBUG iter 600] WARNING: 11/20 actions clipped (network saturating)
[RLAMPSO DEBUG iter 600] w=0.3000, c1=2.9670, c2=3.0000 | fitness=1879.78
[REWARD DEBUG iter 600] FitnessImprovement: 0.0000 → Reward: +0.0000 (prevFit=1879.78, currFit=1879.78)
[Ep  65/1000] Fit:  1879.8 | Avg:  1921.4 | Reward: +129.5 | Time: 148.3s
          Buffer: 30233 | Noise: 0.0722 | ActorLoss: -2.323e+00 | CriticLoss: 9.516e-03
[REWARD DEBUG] Stagnation (normal): 0.0000 → Reward: 0.0
[REWARD DEBUG] Stagnation (normal): 0.0000 → Reward: 0.0
[REWARD DEBUG] Stagnation (normal): 0.0000 → Reward: 0.0
[ACTION DEBUG iter 100] Raw action[1:3]: [-1.0000, 1.0000, 1.0000], noise: 0.0500
[ACTION DEBUG iter 100] WARNING: 7/20 actions clipped (network saturating)
[RLAMPSO DEBUG iter 100] w=0.3006, c1=2.9558, c2=2.9661 | fitness=1963.29
[REWARD DEBUG iter 100] FitnessImprovement: 0.0000 → Reward: +0.0000 (prevFit=1963.29, currFit=1963.29)
[REWARD DEBUG] Stagnation (normal): 0.0000 → Reward: 0.0
[REWARD DEBUG] Stagnation (normal): 0.0000 → Reward: 0.0
[REWARD DEBUG] Stagnation (normal): 0.0000 → Reward: 0.0
[REWARD DEBUG] Improvement: 4.5795 → Reward: +0.3733
[REWARD DEBUG] Stagnation (normal): 0.0000 → Reward: 0.0
[REWARD DEBUG] Stagnation (normal): 0.0000 → Reward: 0.0
[REWARD DEBUG] Stagnation (normal): 0.0000 → Reward: 0.0
[REWARD DEBUG] Stagnation (normal): 0.0000 → Reward: 0.0
[ACTION DEBUG iter 200] Raw action[1:3]: [-1.0000, 1.0000, 1.0000], noise: 0.0500
[ACTION DEBUG iter 200] WARNING: 14/20 actions clipped (network saturating)
[RLAMPSO DEBUG iter 200] w=0.3000, c1=3.0000, c2=3.0000 | fitness=1915.82
[REWARD DEBUG iter 200] FitnessImprovement: 0.0000 → Reward: +0.0000 (prevFit=1915.82, currFit=1915.82)
[REWARD DEBUG] Stagnation (normal): 0.0000 → Reward: 0.0
[REWARD DEBUG] Stagnation (normal): 0.0000 → Reward: 0.0
[REWARD DEBUG] Stagnation (normal): 0.0000 → Reward: 0.0
[REWARD DEBUG] Stagnation (normal): 0.0000 → Reward: 0.0
[REWARD DEBUG] Stagnation (normal): 0.0000 → Reward: 0.0
[REWARD DEBUG] Stagnation (normal): 0.0000 → Reward: 0.0
[REWARD DEBUG] Stagnation (normal): 0.0000 → Reward: 0.0
[ACTION DEBUG iter 300] Raw action[1:3]: [-1.0000, 1.0000, 1.0000], noise: 0.0500
[ACTION DEBUG iter 300] WARNING: 10/20 actions clipped (network saturating)
[RLAMPSO DEBUG iter 300] w=0.3357, c1=3.0000, c2=2.9760 | fitness=1896.67
[REWARD DEBUG iter 300] FitnessImprovement: 0.0000 → Reward: +0.0000 (prevFit=1896.67, currFit=1896.67)
[REWARD DEBUG] Stagnation (normal): 0.0000 → Reward: 0.0
[REWARD DEBUG] Stagnation (normal): 0.0000 → Reward: 0.0
[REWARD DEBUG] Stagnation (normal): 0.0000 → Reward: 0.0
[REWARD DEBUG] Stagnation (normal): 0.0000 → Reward: 0.0
[REWARD DEBUG] Stagnation (normal): 0.0000 → Reward: 0.0
[REWARD DEBUG] Stagnation (normal): 0.0000 → Reward: 0.0
[ACTION DEBUG iter 400] Raw action[1:3]: [-1.0000, 1.0000, 1.0000], noise: 0.0500
[ACTION DEBUG iter 400] WARNING: 8/20 actions clipped (network saturating)
[RLAMPSO DEBUG iter 400] w=0.3531, c1=3.0000, c2=3.0000 | fitness=1892.69
[REWARD DEBUG iter 400] FitnessImprovement: 0.0000 → Reward: +0.0000 (prevFit=1892.69, currFit=1892.69)
[REWARD DEBUG] Stagnation (normal): 0.0000 → Reward: 0.0
[REWARD DEBUG] Stagnation (normal): 0.0000 → Reward: 0.0
[REWARD DEBUG] Stagnation (normal): 0.0000 → Reward: 0.0
[REWARD DEBUG] Stagnation (normal): 0.0000 → Reward: 0.0
[REWARD DEBUG] Stagnation (normal): 0.0000 → Reward: 0.0
[REWARD DEBUG] Stagnation (normal): 0.0000 → Reward: 0.0
[REWARD DEBUG] Stagnation (normal): 0.0000 → Reward: 0.0
[REWARD DEBUG] Stagnation (normal): 0.0000 → Reward: 0.0
[REWARD DEBUG] Stagnation (normal): 0.0000 → Reward: 0.0
[REWARD DEBUG] Stagnation (normal): 0.0000 → Reward: 0.0
[ACTION DEBUG iter 500] Raw action[1:3]: [-1.0000, 1.0000, 1.0000], noise: 0.0500
[ACTION DEBUG iter 500] WARNING: 11/20 actions clipped (network saturating)
[RLAMPSO DEBUG iter 500] w=0.3281, c1=3.0000, c2=3.0000 | fitness=1881.37
[REWARD DEBUG iter 500] FitnessImprovement: 0.0000 → Reward: +0.0000 (prevFit=1881.37, currFit=1881.37)
[REWARD DEBUG] Stagnation (normal): 0.0000 → Reward: 0.0
[REWARD DEBUG] Stagnation (normal): 0.0000 → Reward: 0.0
[REWARD DEBUG] Stagnation (normal): 0.0000 → Reward: 0.0
[REWARD DEBUG] Stagnation (normal): 0.0000 → Reward: 0.0
[REWARD DEBUG] Stagnation (normal): 0.0000 → Reward: 0.0
[REWARD DEBUG] Stagnation (normal): 0.0000 → Reward: 0.0
[REWARD DEBUG] Stagnation (normal): 0.0000 → Reward: 0.0
[REWARD DEBUG] Stagnation (normal): 0.0000 → Reward: 0.0
[Ep  66/1000] Fit:  1881.4 | Avg:  1922.3 | Reward: +128.6 | Time: 144.8s
          Buffer: 30754 | Noise: 0.0718 | ActorLoss: -1.319e+00 | CriticLoss: 1.837e-02
[REWARD DEBUG] Stagnation (normal): 0.0000 → Reward: 0.0
[REWARD DEBUG] Stagnation (normal): 0.0000 → Reward: 0.0
[REWARD DEBUG] Stagnation (normal): 0.0000 → Reward: 0.0
[REWARD DEBUG] Stagnation (normal): 0.0000 → Reward: 0.0
[REWARD DEBUG] Stagnation (normal): 0.0000 → Reward: 0.0
[REWARD DEBUG] Stagnation (normal): 0.0000 → Reward: 0.0
[REWARD DEBUG] Improvement: 3.4633 → Reward: +0.3248
[REWARD DEBUG] Stagnation (normal): 0.0000 → Reward: 0.0
[REWARD DEBUG] Stagnation (normal): 0.0000 → Reward: 0.0
[REWARD DEBUG] Stagnation (normal): 0.0000 → Reward: 0.0
[REWARD DEBUG] Stagnation (normal): 0.0000 → Reward: 0.0
[REWARD DEBUG] Improvement: 1.3521 → Reward: +0.1857
[ACTION DEBUG iter 100] Raw action[1:3]: [-1.0000, 1.0000, 1.0000], noise: 0.0500
[ACTION DEBUG iter 100] WARNING: 11/20 actions clipped (network saturating)
[RLAMPSO DEBUG iter 100] w=0.3195, c1=3.0000, c2=2.9497 | fitness=2068.67
[REWARD DEBUG iter 100] FitnessImprovement: 0.0011 → Reward: +0.0002 (prevFit=2068.67, currFit=2068.67)
[REWARD DEBUG] Stagnation (normal): 0.0000 → Reward: 0.0
[REWARD DEBUG] Improvement: 10.3008 → Reward: +0.5266
[REWARD DEBUG] Improvement: 0.0000 → Reward: +0.0000
[REWARD DEBUG] Stagnation (normal): 0.0000 → Reward: 0.0
[REWARD DEBUG] Improvement: 0.0000 → Reward: +0.0000
[REWARD DEBUG] Improvement: 0.0000 → Reward: +0.0000
[REWARD DEBUG] Stagnation (normal): 0.0000 → Reward: 0.0
[REWARD DEBUG] Improvement: 10.1114 → Reward: +0.5229
[REWARD DEBUG] Stagnation (normal): 0.0000 → Reward: 0.0
[REWARD DEBUG] Stagnation (normal): 0.0000 → Reward: 0.0
[REWARD DEBUG] Stagnation (normal): 0.0000 → Reward: 0.0
[ACTION DEBUG iter 200] Raw action[1:3]: [-1.0000, 1.0000, 1.0000], noise: 0.0500
[ACTION DEBUG iter 200] WARNING: 8/20 actions clipped (network saturating)
[RLAMPSO DEBUG iter 200] w=0.3058, c1=2.9141, c2=3.0000 | fitness=2039.82
[REWARD DEBUG iter 200] FitnessImprovement: 0.0000 → Reward: +0.0000 (prevFit=2039.82, currFit=2039.82)
[REWARD DEBUG] Stagnation (normal): 0.0000 → Reward: 0.0
[REWARD DEBUG] Stagnation (normal): 0.0000 → Reward: 0.0
[REWARD DEBUG] Stagnation (normal): 0.0000 → Reward: 0.0
[REWARD DEBUG] Stagnation (normal): 0.0000 → Reward: 0.0
[REWARD DEBUG] Stagnation (normal): 0.0000 → Reward: 0.0
[REWARD DEBUG] Stagnation (normal): 0.0000 → Reward: 0.0
[REWARD DEBUG] Stagnation (normal): 0.0000 → Reward: 0.0
[REWARD DEBUG] Stagnation (normal): 0.0000 → Reward: 0.0
[REWARD DEBUG] Stagnation (normal): 0.0000 → Reward: 0.0
[REWARD DEBUG] Improvement: 0.1842 → Reward: +0.0367
[REWARD DEBUG] Stagnation (normal): 0.0000 → Reward: 0.0
[REWARD DEBUG] Stagnation (normal): 0.0000 → Reward: 0.0
[REWARD DEBUG] Stagnation (normal): 0.0000 → Reward: 0.0
[REWARD DEBUG] Stagnation (normal): 0.0000 → Reward: 0.0
[REWARD DEBUG] Stagnation (normal): 0.0000 → Reward: 0.0
[REWARD DEBUG] Stagnation (normal): 0.0000 → Reward: 0.0
[ACTION DEBUG iter 300] Raw action[1:3]: [-1.0000, 1.0000, 1.0000], noise: 0.0500
[ACTION DEBUG iter 300] WARNING: 8/20 actions clipped (network saturating)
[RLAMPSO DEBUG iter 300] w=0.3174, c1=2.9716, c2=3.0000 | fitness=2005.65
[REWARD DEBUG iter 300] FitnessImprovement: 0.0000 → Reward: +0.0000 (prevFit=2005.65, currFit=2005.65)
[REWARD DEBUG] Stagnation (normal): 0.0000 → Reward: 0.0
[REWARD DEBUG] Stagnation (normal): 0.0000 → Reward: 0.0
[REWARD DEBUG] Improvement: 0.3215 → Reward: +0.0605
[REWARD DEBUG] Improvement: 0.0005 → Reward: +0.0001
[REWARD DEBUG] Stagnation (normal): 0.0000 → Reward: 0.0
[REWARD DEBUG] Improvement: 0.0000 → Reward: +0.0000
[REWARD DEBUG] Stagnation (normal): 0.0000 → Reward: 0.0
[REWARD DEBUG] Stagnation (normal): 0.0000 → Reward: 0.0
[REWARD DEBUG] Stagnation (normal): 0.0000 → Reward: 0.0
[REWARD DEBUG] Stagnation (normal): 0.0000 → Reward: 0.0
[ACTION DEBUG iter 400] Raw action[1:3]: [-1.0000, 1.0000, 1.0000], noise: 0.0500
[ACTION DEBUG iter 400] WARNING: 11/20 actions clipped (network saturating)
[RLAMPSO DEBUG iter 400] w=0.3187, c1=2.8961, c2=2.8792 | fitness=1972.40
[REWARD DEBUG] Stagnation (normal): 0.0000 → Reward: 0.0
[REWARD DEBUG iter 400] FitnessImprovement: 0.0000 → Reward: +0.0000 (prevFit=1972.40, currFit=1972.40)
[REWARD DEBUG] Stagnation (normal): 0.0000 → Reward: 0.0
[REWARD DEBUG] Stagnation (normal): 0.0000 → Reward: 0.0
[REWARD DEBUG] Stagnation (normal): 0.0000 → Reward: 0.0
[REWARD DEBUG] Improvement: 0.0000 → Reward: +0.0000
[REWARD DEBUG] Stagnation (normal): 0.0000 → Reward: 0.0
[REWARD DEBUG] Stagnation (normal): 0.0000 → Reward: 0.0
[REWARD DEBUG] Stagnation (normal): 0.0000 → Reward: 0.0
[REWARD DEBUG] Stagnation (normal): 0.0000 → Reward: 0.0
[ACTION DEBUG iter 500] Raw action[1:3]: [-1.0000, 1.0000, 1.0000], noise: 0.0500
[ACTION DEBUG iter 500] WARNING: 11/20 actions clipped (network saturating)
[RLAMPSO DEBUG iter 500] w=0.3164, c1=2.9368, c2=3.0000 | fitness=1945.00
[REWARD DEBUG iter 500] FitnessImprovement: 0.0000 → Reward: +0.0000 (prevFit=1945.00, currFit=1945.00)
[REWARD DEBUG] Stagnation (normal): 0.0000 → Reward: 0.0
[REWARD DEBUG] Stagnation (normal): 0.0000 → Reward: 0.0
[REWARD DEBUG] Stagnation (normal): 0.0000 → Reward: 0.0
[REWARD DEBUG] Stagnation (normal): 0.0000 → Reward: 0.0
[REWARD DEBUG] Stagnation (normal): 0.0000 → Reward: 0.0
[ACTION DEBUG iter 600] Raw action[1:3]: [-1.0000, 1.0000, 1.0000], noise: 0.0500
[ACTION DEBUG iter 600] WARNING: 13/20 actions clipped (network saturating)
[RLAMPSO DEBUG iter 600] w=0.3000, c1=3.0000, c2=3.0000 | fitness=1905.15
[REWARD DEBUG iter 600] FitnessImprovement: 0.0000 → Reward: +0.0000 (prevFit=1905.15, currFit=1905.15)
[Ep  67/1000] Fit:  1905.1 | Avg:  1923.4 | Reward: +127.5 | Time: 122.2s
          Buffer: 31304 | Noise: 0.0715 | ActorLoss: -6.648e-01 | CriticLoss: 4.142e-02
[REWARD DEBUG] Stagnation (normal): 0.0000 → Reward: 0.0
[REWARD DEBUG] Stagnation (normal): 0.0000 → Reward: 0.0
[REWARD DEBUG] Stagnation (normal): 0.0000 → Reward: 0.0
[REWARD DEBUG] Stagnation (normal): 0.0000 → Reward: 0.0
[REWARD DEBUG] Stagnation (normal): 0.0000 → Reward: 0.0
[REWARD DEBUG] Stagnation (normal): 0.0000 → Reward: 0.0
[REWARD DEBUG] Stagnation (normal): 0.0000 → Reward: 0.0
[REWARD DEBUG] Stagnation (normal): 0.0000 → Reward: 0.0
[REWARD DEBUG] Stagnation (normal): 0.0000 → Reward: 0.0
[REWARD DEBUG] Stagnation (normal): 0.0000 → Reward: 0.0
[REWARD DEBUG] Improvement: 30.4263 → Reward: +0.7486
[ACTION DEBUG iter 100] Raw action[1:3]: [-1.0000, 1.0000, 1.0000], noise: 0.0500
[ACTION DEBUG iter 100] WARNING: 11/20 actions clipped (network saturating)
[RLAMPSO DEBUG iter 100] w=0.3189, c1=2.9164, c2=2.9640 | fitness=1941.77
[REWARD DEBUG iter 100] FitnessImprovement: 0.0000 → Reward: +0.0000 (prevFit=1941.77, currFit=1941.77)
[REWARD DEBUG] Stagnation (normal): 0.0000 → Reward: 0.0
[REWARD DEBUG] Stagnation (normal): 0.0000 → Reward: 0.0
[REWARD DEBUG] Stagnation (normal): 0.0000 → Reward: 0.0
[REWARD DEBUG] Stagnation (normal): 0.0000 → Reward: 0.0
[REWARD DEBUG] Stagnation (normal): 0.0000 → Reward: 0.0
[REWARD DEBUG] Stagnation (normal): 0.0000 → Reward: 0.0
[ACTION DEBUG iter 200] Raw action[1:3]: [-1.0000, 1.0000, 1.0000], noise: 0.0500
[ACTION DEBUG iter 200] WARNING: 11/20 actions clipped (network saturating)
[RLAMPSO DEBUG iter 200] w=0.3199, c1=2.9495, c2=3.0000 | fitness=1912.57
[REWARD DEBUG iter 200] FitnessImprovement: 0.0000 → Reward: +0.0000 (prevFit=1912.57, currFit=1912.57)
[REWARD DEBUG] Improvement: 0.9816 → Reward: +0.1485
[REWARD DEBUG] Stagnation (normal): 0.0000 → Reward: 0.0
[REWARD DEBUG] Stagnation (normal): 0.0000 → Reward: 0.0
[REWARD DEBUG] Stagnation (normal): 0.0000 → Reward: 0.0
[REWARD DEBUG] Stagnation (normal): 0.0000 → Reward: 0.0
[REWARD DEBUG] Stagnation (normal): 0.0000 → Reward: 0.0
[REWARD DEBUG] Stagnation (normal): 0.0000 → Reward: 0.0
[ACTION DEBUG iter 300] Raw action[1:3]: [-1.0000, 1.0000, 1.0000], noise: 0.0500
[ACTION DEBUG iter 300] WARNING: 11/20 actions clipped (network saturating)
[RLAMPSO DEBUG iter 300] w=0.3000, c1=3.0000, c2=2.7875 | fitness=1890.19
[REWARD DEBUG iter 300] FitnessImprovement: 0.0000 → Reward: +0.0000 (prevFit=1890.19, currFit=1890.19)
[REWARD DEBUG] Stagnation (normal): 0.0000 → Reward: 0.0
[REWARD DEBUG] Stagnation (normal): 0.0000 → Reward: 0.0
[REWARD DEBUG] Stagnation (normal): 0.0000 → Reward: 0.0
[REWARD DEBUG] Stagnation (normal): 0.0000 → Reward: 0.0
[REWARD DEBUG] Stagnation (normal): 0.0000 → Reward: 0.0
[REWARD DEBUG] Stagnation (normal): 0.0000 → Reward: 0.0
[REWARD DEBUG] Stagnation (normal): 0.0000 → Reward: 0.0
[REWARD DEBUG] Stagnation (normal): 0.0000 → Reward: 0.0
[REWARD DEBUG] Stagnation (normal): 0.0000 → Reward: 0.0
[REWARD DEBUG] Stagnation (normal): 0.0000 → Reward: 0.0
[REWARD DEBUG] Stagnation (normal): 0.0000 → Reward: 0.0
[REWARD DEBUG] Stagnation (normal): 0.0000 → Reward: 0.0
[REWARD DEBUG] Stagnation (normal): 0.0000 → Reward: 0.0
[REWARD DEBUG] Stagnation (normal): 0.0000 → Reward: 0.0
[REWARD DEBUG] Stagnation (normal): 0.0000 → Reward: 0.0
[ACTION DEBUG iter 400] Raw action[1:3]: [-1.0000, 1.0000, 1.0000], noise: 0.0500
[ACTION DEBUG iter 400] WARNING: 11/20 actions clipped (network saturating)
[RLAMPSO DEBUG iter 400] w=0.3000, c1=2.9680, c2=3.0000 | fitness=1884.85
[REWARD DEBUG iter 400] FitnessImprovement: 0.0000 → Reward: +0.0000 (prevFit=1884.85, currFit=1884.85)
[REWARD DEBUG] Stagnation (normal): 0.0000 → Reward: 0.0
[REWARD DEBUG] Stagnation (normal): 0.0000 → Reward: 0.0
[REWARD DEBUG] Stagnation (normal): 0.0000 → Reward: 0.0
[REWARD DEBUG] Stagnation (normal): 0.0000 → Reward: 0.0
[REWARD DEBUG] Stagnation (normal): 0.0000 → Reward: 0.0
[REWARD DEBUG] Stagnation (normal): 0.0000 → Reward: 0.0
[REWARD DEBUG] Stagnation (normal): 0.0000 → Reward: 0.0
[REWARD DEBUG] Stagnation (normal): 0.0000 → Reward: 0.0
[REWARD DEBUG] Stagnation (normal): 0.0000 → Reward: 0.0
[REWARD DEBUG] Stagnation (normal): 0.0000 → Reward: 0.0
[Ep  68/1000] Fit:  1884.9 | Avg:  1928.9 | Reward: +122.0 | Time: 122.1s
          Buffer: 31739 | Noise: 0.0711 | ActorLoss: -6.578e-01 | CriticLoss: 1.805e-02
[REWARD DEBUG] Improvement: 21.3865 → Reward: +0.6750
[REWARD DEBUG] Stagnation (normal): 0.0000 → Reward: 0.0
[REWARD DEBUG] Stagnation (normal): 0.0000 → Reward: 0.0
[REWARD DEBUG] Stagnation (normal): 0.0000 → Reward: 0.0
[ACTION DEBUG iter 100] Raw action[1:3]: [-1.0000, 1.0000, 1.0000], noise: 0.0500
[ACTION DEBUG iter 100] WARNING: 9/20 actions clipped (network saturating)
[RLAMPSO DEBUG iter 100] w=0.3131, c1=2.9847, c2=3.0000 | fitness=2098.88
[REWARD DEBUG iter 100] FitnessImprovement: 0.0000 → Reward: +0.0000 (prevFit=2098.88, currFit=2098.88)
[REWARD DEBUG] Stagnation (normal): 0.0000 → Reward: 0.0
[REWARD DEBUG] Stagnation (normal): 0.0000 → Reward: 0.0
[REWARD DEBUG] Stagnation (normal): 0.0000 → Reward: 0.0
[REWARD DEBUG] Stagnation (normal): 0.0000 → Reward: 0.0
[REWARD DEBUG] Stagnation (normal): 0.0000 → Reward: 0.0
[REWARD DEBUG] Stagnation (normal): 0.0000 → Reward: 0.0
[REWARD DEBUG] Stagnation (normal): 0.0000 → Reward: 0.0
[REWARD DEBUG] Stagnation (normal): 0.0000 → Reward: 0.0
[REWARD DEBUG] Stagnation (normal): 0.0000 → Reward: 0.0
[REWARD DEBUG] Stagnation (normal): 0.0000 → Reward: 0.0
[REWARD DEBUG] Stagnation (normal): 0.0000 → Reward: 0.0
[REWARD DEBUG] Stagnation (normal): 0.0000 → Reward: 0.0
[ACTION DEBUG iter 200] Raw action[1:3]: [-1.0000, 1.0000, 1.0000], noise: 0.0500
[ACTION DEBUG iter 200] WARNING: 13/20 actions clipped (network saturating)
[RLAMPSO DEBUG iter 200] w=0.3000, c1=3.0000, c2=2.9773 | fitness=2065.70
[REWARD DEBUG] Stagnation (normal): 0.0000 → Reward: 0.0
[REWARD DEBUG iter 200] FitnessImprovement: 0.0000 → Reward: +0.0000 (prevFit=2065.70, currFit=2065.70)
[REWARD DEBUG] Stagnation (normal): 0.0000 → Reward: 0.0
[REWARD DEBUG] Stagnation (normal): 0.0000 → Reward: 0.0
[REWARD DEBUG] Stagnation (normal): 0.0000 → Reward: 0.0
[REWARD DEBUG] Stagnation (normal): 0.0000 → Reward: 0.0
[REWARD DEBUG] Stagnation (normal): 0.0000 → Reward: 0.0
[ACTION DEBUG iter 300] Raw action[1:3]: [-1.0000, 1.0000, 1.0000], noise: 0.0500
[ACTION DEBUG iter 300] WARNING: 11/20 actions clipped (network saturating)
[RLAMPSO DEBUG iter 300] w=0.3097, c1=2.8285, c2=3.0000 | fitness=2026.24
[REWARD DEBUG iter 300] FitnessImprovement: 0.0000 → Reward: +0.0000 (prevFit=2026.24, currFit=2026.24)
[REWARD DEBUG] Stagnation (normal): 0.0000 → Reward: 0.0
[REWARD DEBUG] Stagnation (normal): 0.0000 → Reward: 0.0
[REWARD DEBUG] Stagnation (normal): 0.0000 → Reward: 0.0
[REWARD DEBUG] Stagnation (normal): 0.0000 → Reward: 0.0
[REWARD DEBUG] Stagnation (normal): 0.0000 → Reward: 0.0
[REWARD DEBUG] Stagnation (normal): 0.0000 → Reward: 0.0
[REWARD DEBUG] Stagnation (normal): 0.0000 → Reward: 0.0
[REWARD DEBUG] Stagnation (normal): 0.0000 → Reward: 0.0
[REWARD DEBUG] Stagnation (normal): 0.0000 → Reward: 0.0
[REWARD DEBUG] Stagnation (normal): 0.0000 → Reward: 0.0
[REWARD DEBUG] Stagnation (normal): 0.0000 → Reward: 0.0
[ACTION DEBUG iter 400] Raw action[1:3]: [-1.0000, 1.0000, 1.0000], noise: 0.0500
[ACTION DEBUG iter 400] WARNING: 11/20 actions clipped (network saturating)
[RLAMPSO DEBUG iter 400] w=0.3000, c1=3.0000, c2=2.9265 | fitness=1952.41
[REWARD DEBUG iter 400] FitnessImprovement: 0.0000 → Reward: +0.0000 (prevFit=1952.41, currFit=1952.41)
[REWARD DEBUG] Stagnation (normal): 0.0000 → Reward: 0.0
[REWARD DEBUG] Stagnation (normal): 0.0000 → Reward: 0.0
[REWARD DEBUG] Stagnation (normal): 0.0000 → Reward: 0.0
[REWARD DEBUG] Stagnation (normal): 0.0000 → Reward: 0.0
[REWARD DEBUG] Stagnation (normal): 0.0000 → Reward: 0.0
[REWARD DEBUG] Stagnation (normal): 0.0000 → Reward: 0.0
[REWARD DEBUG] Stagnation (normal): 0.0000 → Reward: 0.0
[REWARD DEBUG] Stagnation (normal): 0.0000 → Reward: 0.0
[REWARD DEBUG] Stagnation (normal): 0.0000 → Reward: 0.0
[REWARD DEBUG] Stagnation (normal): 0.0000 → Reward: 0.0
[REWARD DEBUG] Stagnation (normal): 0.0000 → Reward: 0.0
[ACTION DEBUG iter 500] Raw action[1:3]: [-1.0000, 1.0000, 1.0000], noise: 0.0500
[ACTION DEBUG iter 500] WARNING: 9/20 actions clipped (network saturating)
[RLAMPSO DEBUG iter 500] w=0.3000, c1=2.9477, c2=2.9746 | fitness=1919.85
[REWARD DEBUG iter 500] FitnessImprovement: 0.0000 → Reward: +0.0000 (prevFit=1919.85, currFit=1919.85)
[REWARD DEBUG] Stagnation (normal): 0.0000 → Reward: 0.0
[REWARD DEBUG] Stagnation (normal): 0.0000 → Reward: 0.0
[REWARD DEBUG] Stagnation (normal): 0.0000 → Reward: 0.0
[REWARD DEBUG] Stagnation (normal): 0.0000 → Reward: 0.0
[REWARD DEBUG] Stagnation (normal): 0.0000 → Reward: 0.0
[REWARD DEBUG] Stagnation (normal): 0.0000 → Reward: 0.0
[REWARD DEBUG] Stagnation (normal): 0.0000 → Reward: 0.0
[Ep  69/1000] Fit:  1919.8 | Avg:  1924.9 | Reward: +126.0 | Time: 127.2s
          Buffer: 32281 | Noise: 0.0708 | ActorLoss: 4.082e-01 | CriticLoss: 1.439e-01
[REWARD DEBUG] Stagnation (normal): 0.0000 → Reward: 0.0
[REWARD DEBUG] Stagnation (normal): 0.0000 → Reward: 0.0
[REWARD DEBUG] Stagnation (normal): 0.0000 → Reward: 0.0
[REWARD DEBUG] Stagnation (normal): 0.0000 → Reward: 0.0
[REWARD DEBUG] Stagnation (normal): 0.0000 → Reward: 0.0
[REWARD DEBUG] Stagnation (normal): 0.0000 → Reward: 0.0
[REWARD DEBUG] Stagnation (normal): 0.0000 → Reward: 0.0
[REWARD DEBUG] Stagnation (normal): 0.0000 → Reward: 0.0
[REWARD DEBUG] Stagnation (normal): 0.0000 → Reward: 0.0
[REWARD DEBUG] Stagnation (normal): 0.0000 → Reward: 0.0
[REWARD DEBUG] Stagnation (normal): 0.0000 → Reward: 0.0
[REWARD DEBUG] Stagnation (normal): 0.0000 → Reward: 0.0
[ACTION DEBUG iter 100] Raw action[1:3]: [-1.0000, 1.0000, 1.0000], noise: 0.0500
[ACTION DEBUG iter 100] WARNING: 10/20 actions clipped (network saturating)
[RLAMPSO DEBUG iter 100] w=0.3317, c1=2.9581, c2=2.9836 | fitness=1951.30
[REWARD DEBUG iter 100] FitnessImprovement: 0.0000 → Reward: +0.0000 (prevFit=1951.30, currFit=1951.30)
[REWARD DEBUG] Stagnation (normal): 0.0000 → Reward: 0.0
[REWARD DEBUG] Stagnation (normal): 0.0000 → Reward: 0.0
[REWARD DEBUG] Stagnation (normal): 0.0000 → Reward: 0.0
[REWARD DEBUG] Stagnation (normal): 0.0000 → Reward: 0.0
[REWARD DEBUG] Stagnation (normal): 0.0000 → Reward: 0.0
[ACTION DEBUG iter 200] Raw action[1:3]: [-1.0000, 1.0000, 1.0000], noise: 0.0500
[ACTION DEBUG iter 200] WARNING: 9/20 actions clipped (network saturating)
[RLAMPSO DEBUG iter 200] w=0.3000, c1=2.9655, c2=2.9560 | fitness=1920.84
[REWARD DEBUG iter 200] FitnessImprovement: 0.0000 → Reward: +0.0000 (prevFit=1920.84, currFit=1920.84)
[REWARD DEBUG] Stagnation (normal): 0.0000 → Reward: 0.0
[REWARD DEBUG] Stagnation (normal): 0.0000 → Reward: 0.0
[REWARD DEBUG] Stagnation (normal): 0.0000 → Reward: 0.0
[REWARD DEBUG] Stagnation (normal): 0.0000 → Reward: 0.0
[REWARD DEBUG] Stagnation (normal): 0.0000 → Reward: 0.0
[REWARD DEBUG] Stagnation (normal): 0.0000 → Reward: 0.0
[REWARD DEBUG] Stagnation (normal): 0.0000 → Reward: 0.0
[REWARD DEBUG] Stagnation (normal): 0.0000 → Reward: 0.0
[REWARD DEBUG] Stagnation (normal): 0.0000 → Reward: 0.0
[REWARD DEBUG] Stagnation (normal): 0.0000 → Reward: 0.0
[REWARD DEBUG] Stagnation (normal): 0.0000 → Reward: 0.0
[REWARD DEBUG] Stagnation (normal): 0.0000 → Reward: 0.0
[REWARD DEBUG] Stagnation (normal): 0.0000 → Reward: 0.0
[REWARD DEBUG] Stagnation (normal): 0.0000 → Reward: 0.0
[REWARD DEBUG] Stagnation (normal): 0.0000 → Reward: 0.0
[REWARD DEBUG] Stagnation (normal): 0.0000 → Reward: 0.0
[ACTION DEBUG iter 300] Raw action[1:3]: [-1.0000, 1.0000, 1.0000], noise: 0.0500
[ACTION DEBUG iter 300] WARNING: 9/20 actions clipped (network saturating)
[RLAMPSO DEBUG iter 300] w=0.3407, c1=3.0000, c2=3.0000 | fitness=1915.84
[REWARD DEBUG] Stagnation (normal): 0.0000 → Reward: 0.0
[REWARD DEBUG iter 300] FitnessImprovement: 0.0000 → Reward: +0.0000 (prevFit=1915.84, currFit=1915.84)
[REWARD DEBUG] Stagnation (normal): 0.0000 → Reward: 0.0
[REWARD DEBUG] Stagnation (normal): 0.0000 → Reward: 0.0
[REWARD DEBUG] Stagnation (normal): 0.0000 → Reward: 0.0
[REWARD DEBUG] Stagnation (normal): 0.0000 → Reward: 0.0
[REWARD DEBUG] Stagnation (normal): 0.0000 → Reward: 0.0
[REWARD DEBUG] Stagnation (normal): 0.0000 → Reward: 0.0
[REWARD DEBUG] Stagnation (normal): 0.0000 → Reward: 0.0
[REWARD DEBUG] Stagnation (normal): 0.0000 → Reward: 0.0
[REWARD DEBUG] Stagnation (normal): 0.0000 → Reward: 0.0
[REWARD DEBUG] Stagnation (normal): 0.0000 → Reward: 0.0
[ACTION DEBUG iter 400] Raw action[1:3]: [-1.0000, 1.0000, 1.0000], noise: 0.0500
[ACTION DEBUG iter 400] WARNING: 16/20 actions clipped (network saturating)
[RLAMPSO DEBUG iter 400] w=0.3000, c1=3.0000, c2=3.0000 | fitness=1891.67
[REWARD DEBUG iter 400] FitnessImprovement: 0.0000 → Reward: +0.0000 (prevFit=1891.67, currFit=1891.67)
[REWARD DEBUG] Stagnation (normal): 0.0000 → Reward: 0.0
[REWARD DEBUG] Stagnation (normal): 0.0000 → Reward: 0.0
[REWARD DEBUG] Stagnation (normal): 0.0000 → Reward: 0.0
[REWARD DEBUG] Stagnation (normal): 0.0000 → Reward: 0.0
[REWARD DEBUG] Stagnation (normal): 0.0000 → Reward: 0.0
[REWARD DEBUG] Stagnation (normal): 0.0000 → Reward: 0.0
[ACTION DEBUG iter 500] Raw action[1:3]: [-1.0000, 1.0000, 1.0000], noise: 0.0500
[ACTION DEBUG iter 500] WARNING: 12/20 actions clipped (network saturating)
[RLAMPSO DEBUG iter 500] w=0.3000, c1=2.9433, c2=2.9608 | fitness=1891.67
[REWARD DEBUG iter 500] FitnessImprovement: 0.0000 → Reward: +0.0000 (prevFit=1891.67, currFit=1891.67)
[Ep  70/1000] Fit:  1891.7 | Avg:  1923.5 | Reward: +127.4 | Time: 119.9s
          Buffer: 32732 | Noise: 0.0704 | ActorLoss: -1.029e+00 | CriticLoss: 2.162e-02
[REWARD DEBUG] Improvement: 28.0901 → Reward: +0.7319
[REWARD DEBUG] Stagnation (normal): 0.0000 → Reward: 0.0
[REWARD DEBUG] Stagnation (normal): 0.0000 → Reward: 0.0
[REWARD DEBUG] Improvement: 0.0182 → Reward: +0.0039
[REWARD DEBUG] Improvement: 5.6878 → Reward: +0.4126
[REWARD DEBUG] Stagnation (normal): 0.0000 → Reward: 0.0
[ACTION DEBUG iter 100] Raw action[1:3]: [-1.0000, 1.0000, 1.0000], noise: 0.0500
[ACTION DEBUG iter 100] WARNING: 15/20 actions clipped (network saturating)
[RLAMPSO DEBUG iter 100] w=0.3000, c1=3.0000, c2=2.9541 | fitness=1791.69
[REWARD DEBUG iter 100] FitnessImprovement: 0.0000 → Reward: +0.0000 (prevFit=1791.69, currFit=1791.69)
[REWARD DEBUG] Stagnation (normal): 0.0000 → Reward: 0.0
[REWARD DEBUG] Stagnation (normal): 0.0000 → Reward: 0.0
[REWARD DEBUG] Stagnation (normal): 0.0000 → Reward: 0.0
[REWARD DEBUG] Stagnation (normal): 0.0000 → Reward: 0.0
[REWARD DEBUG] Stagnation (normal): 0.0000 → Reward: 0.0
[ACTION DEBUG iter 200] Raw action[1:3]: [-1.0000, 1.0000, 1.0000], noise: 0.0500
[ACTION DEBUG iter 200] WARNING: 9/20 actions clipped (network saturating)
[RLAMPSO DEBUG iter 200] w=0.3138, c1=3.0000, c2=3.0000 | fitness=1788.72
[REWARD DEBUG iter 200] FitnessImprovement: 0.0000 → Reward: +0.0000 (prevFit=1788.72, currFit=1788.72)
[REWARD DEBUG] Stagnation (normal): 0.0000 → Reward: 0.0
[REWARD DEBUG] Stagnation (normal): 0.0000 → Reward: 0.0
[REWARD DEBUG] Stagnation (normal): 0.0000 → Reward: 0.0
[REWARD DEBUG] Stagnation (normal): 0.0000 → Reward: 0.0
[REWARD DEBUG] Stagnation (normal): 0.0000 → Reward: 0.0
[REWARD DEBUG] Stagnation (normal): 0.0000 → Reward: 0.0
[REWARD DEBUG] Stagnation (normal): 0.0000 → Reward: 0.0
[REWARD DEBUG] Stagnation (normal): 0.0000 → Reward: 0.0
[REWARD DEBUG] Stagnation (normal): 0.0000 → Reward: 0.0
[REWARD DEBUG] Stagnation (normal): 0.0000 → Reward: 0.0
[REWARD DEBUG] Stagnation (normal): 0.0000 → Reward: 0.0
[REWARD DEBUG] Stagnation (normal): 0.0000 → Reward: 0.0
[REWARD DEBUG] Stagnation (normal): 0.0000 → Reward: 0.0
[REWARD DEBUG] Stagnation (normal): 0.0000 → Reward: 0.0
[ACTION DEBUG iter 300] Raw action[1:3]: [-1.0000, 1.0000, 1.0000], noise: 0.0500
[ACTION DEBUG iter 300] WARNING: 9/20 actions clipped (network saturating)
[RLAMPSO DEBUG iter 300] w=0.3016, c1=2.9741, c2=3.0000 | fitness=1778.79
[REWARD DEBUG iter 300] FitnessImprovement: 0.0000 → Reward: +0.0000 (prevFit=1778.79, currFit=1778.79)
[REWARD DEBUG] Stagnation (normal): 0.0000 → Reward: 0.0
[REWARD DEBUG] Stagnation (normal): 0.0000 → Reward: 0.0
[REWARD DEBUG] Stagnation (normal): 0.0000 → Reward: 0.0
[REWARD DEBUG] Stagnation (normal): 0.0000 → Reward: 0.0
[REWARD DEBUG] Stagnation (normal): 0.0000 → Reward: 0.0
[REWARD DEBUG] Stagnation (normal): 0.0000 → Reward: 0.0
[REWARD DEBUG] Stagnation (normal): 0.0000 → Reward: 0.0
[REWARD DEBUG] Stagnation (normal): 0.0000 → Reward: 0.0
[REWARD DEBUG] Stagnation (normal): 0.0000 → Reward: 0.0
[REWARD DEBUG] Stagnation (normal): 0.0000 → Reward: 0.0
[REWARD DEBUG] Stagnation (normal): 0.0000 → Reward: 0.0
[REWARD DEBUG] Stagnation (normal): 0.0000 → Reward: 0.0
[REWARD DEBUG] Stagnation (normal): 0.0000 → Reward: 0.0
[REWARD DEBUG] Stagnation (normal): 0.0000 → Reward: 0.0
[ACTION DEBUG iter 400] Raw action[1:3]: [-1.0000, 1.0000, 1.0000], noise: 0.0500
[ACTION DEBUG iter 400] WARNING: 12/20 actions clipped (network saturating)
[RLAMPSO DEBUG iter 400] w=0.3221, c1=3.0000, c2=2.9383 | fitness=1778.79
[REWARD DEBUG iter 400] FitnessImprovement: 0.0000 → Reward: +0.0000 (prevFit=1778.79, currFit=1778.79)
[Ep  71/1000] Fit:  1778.8 | Avg:  1908.9 | Reward: +142.0 | Time:  99.4s
          Buffer: 33088 | Noise: 0.0701 | ActorLoss: -1.310e+00 | CriticLoss: 1.515e-01
[REWARD DEBUG] Stagnation (normal): 0.0000 → Reward: 0.0
[REWARD DEBUG] Stagnation (normal): 0.0000 → Reward: 0.0
[REWARD DEBUG] Stagnation (normal): 0.0000 → Reward: 0.0
[REWARD DEBUG] Stagnation (normal): 0.0000 → Reward: 0.0
[REWARD DEBUG] Stagnation (normal): 0.0000 → Reward: 0.0
[REWARD DEBUG] Stagnation (normal): 0.0000 → Reward: 0.0
[REWARD DEBUG] Stagnation (normal): 0.0000 → Reward: 0.0
[REWARD DEBUG] Stagnation (normal): 0.0000 → Reward: 0.0
[ACTION DEBUG iter 100] Raw action[1:3]: [-1.0000, 1.0000, 1.0000], noise: 0.0500
[ACTION DEBUG iter 100] WARNING: 8/20 actions clipped (network saturating)
[RLAMPSO DEBUG iter 100] w=0.3000, c1=2.9422, c2=2.9444 | fitness=1934.45
[REWARD DEBUG iter 100] FitnessImprovement: 0.0000 → Reward: +0.0000 (prevFit=1934.45, currFit=1934.45)
[REWARD DEBUG] Stagnation (normal): 0.0000 → Reward: 0.0
[REWARD DEBUG] Stagnation (normal): 0.0000 → Reward: 0.0
[REWARD DEBUG] Stagnation (normal): 0.0000 → Reward: 0.0
[REWARD DEBUG] Stagnation (normal): 0.0000 → Reward: 0.0
[REWARD DEBUG] Stagnation (normal): 0.0000 → Reward: 0.0
[REWARD DEBUG] Stagnation (normal): 0.0000 → Reward: 0.0
[REWARD DEBUG] Stagnation (normal): 0.0000 → Reward: 0.0
[REWARD DEBUG] Stagnation (normal): 0.0000 → Reward: 0.0
[REWARD DEBUG] Stagnation (normal): 0.0000 → Reward: 0.0
[REWARD DEBUG] Stagnation (normal): 0.0000 → Reward: 0.0
[REWARD DEBUG] Stagnation (normal): 0.0000 → Reward: 0.0
[REWARD DEBUG] Stagnation (normal): 0.0000 → Reward: 0.0
[REWARD DEBUG] Stagnation (normal): 0.0000 → Reward: 0.0
[REWARD DEBUG] Stagnation (normal): 0.0000 → Reward: 0.0
[REWARD DEBUG] Stagnation (normal): 0.0000 → Reward: 0.0
[REWARD DEBUG] Stagnation (normal): 0.0000 → Reward: 0.0
[REWARD DEBUG] Stagnation (normal): 0.0000 → Reward: 0.0
[REWARD DEBUG] Stagnation (normal): 0.0000 → Reward: 0.0
[REWARD DEBUG] Stagnation (normal): 0.0000 → Reward: 0.0
[ACTION DEBUG iter 200] Raw action[1:3]: [-1.0000, 1.0000, 1.0000], noise: 0.0500
[ACTION DEBUG iter 200] WARNING: 12/20 actions clipped (network saturating)
[RLAMPSO DEBUG iter 200] w=0.3000, c1=2.8822, c2=2.9009 | fitness=1934.45
[REWARD DEBUG iter 200] FitnessImprovement: 0.0000 → Reward: +0.0000 (prevFit=1934.45, currFit=1934.45)
[REWARD DEBUG] Stagnation (normal): 0.0000 → Reward: 0.0
[Ep  72/1000] Fit:  1934.5 | Avg:  1917.1 | Reward: +133.8 | Time:  52.9s
          Buffer: 33257 | Noise: 0.0697 | ActorLoss: -1.145e+00 | CriticLoss: 1.395e-01
[REWARD DEBUG] Improvement: 4.5315 → Reward: +0.3714
[REWARD DEBUG] Stagnation (normal): 0.0000 → Reward: 0.0
[REWARD DEBUG] Stagnation (normal): 0.0000 → Reward: 0.0
[REWARD DEBUG] Stagnation (normal): 0.0000 → Reward: 0.0
[REWARD DEBUG] Stagnation (normal): 0.0000 → Reward: 0.0
[REWARD DEBUG] Stagnation (normal): 0.0000 → Reward: 0.0
[REWARD DEBUG] Stagnation (normal): 0.0000 → Reward: 0.0
[REWARD DEBUG] Stagnation (normal): 0.0000 → Reward: 0.0
[REWARD DEBUG] Stagnation (normal): 0.0000 → Reward: 0.0
[REWARD DEBUG] Stagnation (normal): 0.0000 → Reward: 0.0
[ACTION DEBUG iter 100] Raw action[1:3]: [-1.0000, 1.0000, 1.0000], noise: 0.0500
[ACTION DEBUG iter 100] WARNING: 12/20 actions clipped (network saturating)
[RLAMPSO DEBUG iter 100] w=0.3003, c1=3.0000, c2=3.0000 | fitness=1974.62
[REWARD DEBUG iter 100] FitnessImprovement: 0.0000 → Reward: +0.0000 (prevFit=1974.62, currFit=1974.62)
[REWARD DEBUG] Stagnation (normal): 0.0000 → Reward: 0.0
[REWARD DEBUG] Stagnation (normal): 0.0000 → Reward: 0.0
[REWARD DEBUG] Stagnation (normal): 0.0000 → Reward: 0.0
[REWARD DEBUG] Stagnation (normal): 0.0000 → Reward: 0.0
[REWARD DEBUG] Stagnation (normal): 0.0000 → Reward: 0.0
[REWARD DEBUG] Stagnation (normal): 0.0000 → Reward: 0.0
[REWARD DEBUG] Stagnation (normal): 0.0000 → Reward: 0.0
[REWARD DEBUG] Stagnation (normal): 0.0000 → Reward: 0.0
[REWARD DEBUG] Stagnation (normal): 0.0000 → Reward: 0.0
[REWARD DEBUG] Stagnation (normal): 0.0000 → Reward: 0.0
[REWARD DEBUG] Stagnation (normal): 0.0000 → Reward: 0.0
[ACTION DEBUG iter 200] Raw action[1:3]: [-1.0000, 1.0000, 1.0000], noise: 0.0500
[ACTION DEBUG iter 200] WARNING: 11/20 actions clipped (network saturating)
[RLAMPSO DEBUG iter 200] w=0.3000, c1=2.8952, c2=3.0000 | fitness=1974.62
[REWARD DEBUG iter 200] FitnessImprovement: 0.0000 → Reward: +0.0000 (prevFit=1974.62, currFit=1974.62)
[REWARD DEBUG] Stagnation (normal): 0.0000 → Reward: 0.0
[REWARD DEBUG] Improvement: 5.9571 → Reward: +0.4212
[REWARD DEBUG] Stagnation (normal): 0.0000 → Reward: 0.0
[REWARD DEBUG] Stagnation (normal): 0.0000 → Reward: 0.0
[REWARD DEBUG] Stagnation (normal): 0.0000 → Reward: 0.0
[REWARD DEBUG] Stagnation (normal): 0.0000 → Reward: 0.0
[ACTION DEBUG iter 300] Raw action[1:3]: [-1.0000, 1.0000, 1.0000], noise: 0.0500
[ACTION DEBUG iter 300] WARNING: 9/20 actions clipped (network saturating)
[RLAMPSO DEBUG iter 300] w=0.3256, c1=3.0000, c2=3.0000 | fitness=1955.83
[REWARD DEBUG iter 300] FitnessImprovement: 0.0000 → Reward: +0.0000 (prevFit=1955.83, currFit=1955.83)
[REWARD DEBUG] Stagnation (normal): 0.0000 → Reward: 0.0
[REWARD DEBUG] Stagnation (normal): 0.0000 → Reward: 0.0
[REWARD DEBUG] Stagnation (normal): 0.0000 → Reward: 0.0
[REWARD DEBUG] Stagnation (normal): 0.0000 → Reward: 0.0
[REWARD DEBUG] Stagnation (normal): 0.0000 → Reward: 0.0
[REWARD DEBUG] Stagnation (normal): 0.0000 → Reward: 0.0
[REWARD DEBUG] Stagnation (normal): 0.0000 → Reward: 0.0
[REWARD DEBUG] Stagnation (normal): 0.0000 → Reward: 0.0
[REWARD DEBUG] Stagnation (normal): 0.0000 → Reward: 0.0
[REWARD DEBUG] Stagnation (normal): 0.0000 → Reward: 0.0
[REWARD DEBUG] Stagnation (normal): 0.0000 → Reward: 0.0
[ACTION DEBUG iter 400] Raw action[1:3]: [-1.0000, 1.0000, 1.0000], noise: 0.0500
[ACTION DEBUG iter 400] WARNING: 9/20 actions clipped (network saturating)
[RLAMPSO DEBUG iter 400] w=0.3177, c1=2.9783, c2=2.9246 | fitness=1955.83
[REWARD DEBUG iter 400] FitnessImprovement: 0.0000 → Reward: +0.0000 (prevFit=1955.83, currFit=1955.83)
[REWARD DEBUG] Stagnation (normal): 0.0000 → Reward: 0.0
[REWARD DEBUG] Stagnation (normal): 0.0000 → Reward: 0.0
[REWARD DEBUG] Stagnation (normal): 0.0000 → Reward: 0.0
[REWARD DEBUG] Stagnation (normal): 0.0000 → Reward: 0.0
[REWARD DEBUG] Stagnation (normal): 0.0000 → Reward: 0.0
[REWARD DEBUG] Stagnation (normal): 0.0000 → Reward: 0.0
[REWARD DEBUG] Stagnation (normal): 0.0000 → Reward: 0.0
[REWARD DEBUG] Stagnation (normal): 0.0000 → Reward: 0.0
[ACTION DEBUG iter 500] Raw action[1:3]: [-1.0000, 1.0000, 1.0000], noise: 0.0500
[ACTION DEBUG iter 500] WARNING: 4/20 actions clipped (network saturating)
[RLAMPSO DEBUG iter 500] w=0.3152, c1=2.9087, c2=3.0000 | fitness=1942.51
[REWARD DEBUG iter 500] FitnessImprovement: 0.0000 → Reward: +0.0000 (prevFit=1942.51, currFit=1942.51)
[REWARD DEBUG] Stagnation (normal): 0.0000 → Reward: 0.0
[REWARD DEBUG] Stagnation (normal): 0.0000 → Reward: 0.0
[REWARD DEBUG] Stagnation (normal): 0.0000 → Reward: 0.0
[REWARD DEBUG] Stagnation (normal): 0.0000 → Reward: 0.0
[REWARD DEBUG] Stagnation (normal): 0.0000 → Reward: 0.0
[REWARD DEBUG] Stagnation (normal): 0.0000 → Reward: 0.0
[REWARD DEBUG] Stagnation (normal): 0.0000 → Reward: 0.0
[REWARD DEBUG] Stagnation (normal): 0.0000 → Reward: 0.0
[REWARD DEBUG] Stagnation (normal): 0.0000 → Reward: 0.0
[REWARD DEBUG] Stagnation (normal): 0.0000 → Reward: 0.0
[REWARD DEBUG] Stagnation (normal): 0.0000 → Reward: 0.0
[ACTION DEBUG iter 600] Raw action[1:3]: [-1.0000, 1.0000, 1.0000], noise: 0.0500
[ACTION DEBUG iter 600] WARNING: 7/20 actions clipped (network saturating)
[RLAMPSO DEBUG iter 600] w=0.3092, c1=3.0000, c2=2.9021 | fitness=1914.81
[REWARD DEBUG iter 600] FitnessImprovement: 0.0000 → Reward: +0.0000 (prevFit=1914.81, currFit=1914.81)
[Ep  73/1000] Fit:  1914.8 | Avg:  1896.4 | Reward: +154.5 | Time: 135.3s
          Buffer: 33807 | Noise: 0.0694 | ActorLoss: -1.096e+00 | CriticLoss: 2.775e-02
[REWARD DEBUG] Improvement: 7.6455 → Reward: +0.4684
[REWARD DEBUG] Improvement: 0.0280 → Reward: +0.0060
[REWARD DEBUG] Stagnation (normal): 0.0000 → Reward: 0.0
[REWARD DEBUG] Improvement: 0.0000 → Reward: +0.0000
[REWARD DEBUG] Stagnation (normal): 0.0000 → Reward: 0.0
[REWARD DEBUG] Stagnation (normal): 0.0000 → Reward: 0.0
[REWARD DEBUG] Stagnation (normal): 0.0000 → Reward: 0.0
[REWARD DEBUG] Stagnation (normal): 0.0000 → Reward: 0.0
[REWARD DEBUG] Stagnation (normal): 0.0000 → Reward: 0.0
[REWARD DEBUG] Improvement: 0.0000 → Reward: +0.0000
[REWARD DEBUG] Stagnation (normal): 0.0000 → Reward: 0.0
[ACTION DEBUG iter 100] Raw action[1:3]: [-1.0000, 1.0000, 1.0000], noise: 0.0500
[ACTION DEBUG iter 100] WARNING: 10/20 actions clipped (network saturating)
[RLAMPSO DEBUG iter 100] w=0.3165, c1=2.8586, c2=2.9683 | fitness=1944.38
[REWARD DEBUG iter 100] FitnessImprovement: 0.0000 → Reward: +0.0000 (prevFit=1944.38, currFit=1944.38)
[REWARD DEBUG] Improvement: 0.0000 → Reward: +0.0000
[REWARD DEBUG] Stagnation (normal): 0.0000 → Reward: 0.0
[REWARD DEBUG] Stagnation (normal): 0.0000 → Reward: 0.0
[REWARD DEBUG] Improvement: 0.0000 → Reward: +0.0000
[REWARD DEBUG] Stagnation (normal): 0.0000 → Reward: 0.0
[REWARD DEBUG] Stagnation (normal): 0.0000 → Reward: 0.0
[REWARD DEBUG] Stagnation (normal): 0.0000 → Reward: 0.0
[REWARD DEBUG] Improvement: 0.0000 → Reward: +0.0000
[REWARD DEBUG] Stagnation (normal): 0.0000 → Reward: 0.0
[REWARD DEBUG] Stagnation (normal): 0.0000 → Reward: 0.0
[ACTION DEBUG iter 200] Raw action[1:3]: [-1.0000, 1.0000, 1.0000], noise: 0.0500
[ACTION DEBUG iter 200] WARNING: 12/20 actions clipped (network saturating)
[RLAMPSO DEBUG iter 200] w=0.3268, c1=3.0000, c2=3.0000 | fitness=1944.38
[REWARD DEBUG iter 200] FitnessImprovement: 0.0000 → Reward: +0.0000 (prevFit=1944.38, currFit=1944.38)
[REWARD DEBUG] Stagnation (normal): 0.0000 → Reward: 0.0
[REWARD DEBUG] Stagnation (normal): 0.0000 → Reward: 0.0
[REWARD DEBUG] Improvement: 0.0000 → Reward: +0.0000
[REWARD DEBUG] Stagnation (normal): 0.0000 → Reward: 0.0
[REWARD DEBUG] Improvement: 0.0000 → Reward: +0.0000
[REWARD DEBUG] Stagnation (normal): 0.0000 → Reward: 0.0
[ACTION DEBUG iter 300] Raw action[1:3]: [-1.0000, 1.0000, 1.0000], noise: 0.0500
[ACTION DEBUG iter 300] WARNING: 9/20 actions clipped (network saturating)
[RLAMPSO DEBUG iter 300] w=0.3068, c1=3.0000, c2=3.0000 | fitness=1938.80
[REWARD DEBUG iter 300] FitnessImprovement: 0.0000 → Reward: +0.0000 (prevFit=1938.80, currFit=1938.80)
[REWARD DEBUG] Stagnation (normal): 0.0000 → Reward: 0.0
[REWARD DEBUG] Stagnation (normal): 0.0000 → Reward: 0.0
[REWARD DEBUG] Stagnation (normal): 0.0000 → Reward: 0.0
[REWARD DEBUG] Stagnation (normal): 0.0000 → Reward: 0.0
[REWARD DEBUG] Stagnation (normal): 0.0000 → Reward: 0.0
[REWARD DEBUG] Stagnation (normal): 0.0000 → Reward: 0.0
[REWARD DEBUG] Stagnation (normal): 0.0000 → Reward: 0.0
[REWARD DEBUG] Stagnation (normal): 0.0000 → Reward: 0.0
[REWARD DEBUG] Stagnation (normal): 0.0000 → Reward: 0.0
[REWARD DEBUG] Stagnation (normal): 0.0000 → Reward: 0.0
[REWARD DEBUG] Stagnation (normal): 0.0000 → Reward: 0.0
[REWARD DEBUG] Stagnation (normal): 0.0000 → Reward: 0.0
[REWARD DEBUG] Stagnation (normal): 0.0000 → Reward: 0.0
[REWARD DEBUG] Stagnation (normal): 0.0000 → Reward: 0.0
[REWARD DEBUG] Stagnation (normal): 0.0000 → Reward: 0.0
[REWARD DEBUG] Stagnation (normal): 0.0000 → Reward: 0.0
[ACTION DEBUG iter 400] Raw action[1:3]: [-1.0000, 1.0000, 1.0000], noise: 0.0500
[ACTION DEBUG iter 400] WARNING: 10/20 actions clipped (network saturating)
[RLAMPSO DEBUG iter 400] w=0.3000, c1=2.9110, c2=2.8955 | fitness=1935.27
[REWARD DEBUG iter 400] FitnessImprovement: 0.0000 → Reward: +0.0000 (prevFit=1935.27, currFit=1935.27)
[REWARD DEBUG] Stagnation (normal): 0.0000 → Reward: 0.0
[REWARD DEBUG] Stagnation (normal): 0.0000 → Reward: 0.0
[REWARD DEBUG] Stagnation (normal): 0.0000 → Reward: 0.0
[REWARD DEBUG] Stagnation (normal): 0.0000 → Reward: 0.0
[REWARD DEBUG] Stagnation (normal): 0.0000 → Reward: 0.0
[REWARD DEBUG] Stagnation (normal): 0.0000 → Reward: 0.0
[REWARD DEBUG] Stagnation (normal): 0.0000 → Reward: 0.0
[Ep  74/1000] Fit:  1935.3 | Avg:  1892.6 | Reward: +158.3 | Time: 103.3s
          Buffer: 34243 | Noise: 0.0690 | ActorLoss: 1.620e+01 | CriticLoss: 3.006e+01
[REWARD DEBUG] Improvement: 100.7503 → Reward: +1.0000
[REWARD DEBUG] Stagnation (normal): 0.0000 → Reward: 0.0
[REWARD DEBUG] Stagnation (normal): 0.0000 → Reward: 0.0
[REWARD DEBUG] Stagnation (normal): 0.0000 → Reward: 0.0
[ACTION DEBUG iter 100] Raw action[1:3]: [-1.0000, 1.0000, 1.0000], noise: 0.0500
[ACTION DEBUG iter 100] WARNING: 8/20 actions clipped (network saturating)
[RLAMPSO DEBUG iter 100] w=0.3092, c1=2.9632, c2=3.0000 | fitness=2081.59
[REWARD DEBUG iter 100] FitnessImprovement: 15.1775 → Reward: +0.6045 (prevFit=2081.59, currFit=2066.41)
[REWARD DEBUG] Improvement: 10.9754 → Reward: +0.5391
[REWARD DEBUG] Stagnation (normal): 0.0000 → Reward: 0.0
[REWARD DEBUG] Stagnation (normal): 0.0000 → Reward: 0.0
[REWARD DEBUG] Stagnation (normal): 0.0000 → Reward: 0.0
[REWARD DEBUG] Stagnation (normal): 0.0000 → Reward: 0.0
[REWARD DEBUG] Stagnation (normal): 0.0000 → Reward: 0.0
[REWARD DEBUG] Stagnation (normal): 0.0000 → Reward: 0.0
[REWARD DEBUG] Stagnation (normal): 0.0000 → Reward: 0.0
[REWARD DEBUG] Stagnation (normal): 0.0000 → Reward: 0.0
[REWARD DEBUG] Stagnation (normal): 0.0000 → Reward: 0.0
[REWARD DEBUG] Stagnation (normal): 0.0000 → Reward: 0.0
[REWARD DEBUG] Stagnation (normal): 0.0000 → Reward: 0.0
[REWARD DEBUG] Stagnation (normal): 0.0000 → Reward: 0.0
[REWARD DEBUG] Stagnation (normal): 0.0000 → Reward: 0.0
[REWARD DEBUG] Stagnation (normal): 0.0000 → Reward: 0.0
[ACTION DEBUG iter 200] Raw action[1:3]: [-1.0000, 1.0000, 1.0000], noise: 0.0500
[ACTION DEBUG iter 200] WARNING: 8/20 actions clipped (network saturating)
[RLAMPSO DEBUG iter 200] w=0.3254, c1=3.0000, c2=3.0000 | fitness=2050.26
[REWARD DEBUG iter 200] FitnessImprovement: 0.0000 → Reward: +0.0000 (prevFit=2050.26, currFit=2050.26)
[REWARD DEBUG] Stagnation (normal): 0.0000 → Reward: 0.0
[REWARD DEBUG] Stagnation (normal): 0.0000 → Reward: 0.0
[REWARD DEBUG] Stagnation (normal): 0.0000 → Reward: 0.0
[REWARD DEBUG] Improvement: 7.6943 → Reward: +0.4696
[REWARD DEBUG] Stagnation (normal): 0.0000 → Reward: 0.0
[REWARD DEBUG] Stagnation (normal): 0.0000 → Reward: 0.0
[REWARD DEBUG] Stagnation (normal): 0.0000 → Reward: 0.0
[REWARD DEBUG] Stagnation (normal): 0.0000 → Reward: 0.0
[REWARD DEBUG] Stagnation (normal): 0.0000 → Reward: 0.0
[REWARD DEBUG] Stagnation (normal): 0.0000 → Reward: 0.0
[REWARD DEBUG] Stagnation (normal): 0.0000 → Reward: 0.0
[REWARD DEBUG] Stagnation (normal): 0.0000 → Reward: 0.0
[REWARD DEBUG] Stagnation (normal): 0.0000 → Reward: 0.0
[REWARD DEBUG] Stagnation (normal): 0.0000 → Reward: 0.0
[ACTION DEBUG iter 300] Raw action[1:3]: [-1.0000, 1.0000, 1.0000], noise: 0.0500
[ACTION DEBUG iter 300] WARNING: 7/20 actions clipped (network saturating)
[RLAMPSO DEBUG iter 300] w=0.3000, c1=3.0000, c2=3.0000 | fitness=2042.56
[REWARD DEBUG iter 300] FitnessImprovement: 0.0000 → Reward: +0.0000 (prevFit=2042.56, currFit=2042.56)
[REWARD DEBUG] Stagnation (normal): 0.0000 → Reward: 0.0
[REWARD DEBUG] Stagnation (normal): 0.0000 → Reward: 0.0
[REWARD DEBUG] Stagnation (normal): 0.0000 → Reward: 0.0
[REWARD DEBUG] Stagnation (normal): 0.0000 → Reward: 0.0
[REWARD DEBUG] Stagnation (normal): 0.0000 → Reward: 0.0
[REWARD DEBUG] Stagnation (normal): 0.0000 → Reward: 0.0
[REWARD DEBUG] Stagnation (normal): 0.0000 → Reward: 0.0
[Ep  75/1000] Fit:  2042.6 | Avg:  1908.9 | Reward: +142.0 | Time:  87.9s
          Buffer: 34561 | Noise: 0.0687 | ActorLoss: 3.082e+01 | CriticLoss: 3.151e+01
[REWARD DEBUG] Stagnation (normal): 0.0000 → Reward: 0.0
[REWARD DEBUG] Stagnation (normal): 0.0000 → Reward: 0.0
[REWARD DEBUG] Stagnation (normal): 0.0000 → Reward: 0.0
[REWARD DEBUG] Stagnation (normal): 0.0000 → Reward: 0.0
[REWARD DEBUG] Stagnation (normal): 0.0000 → Reward: 0.0
[REWARD DEBUG] Stagnation (normal): 0.0000 → Reward: 0.0
[REWARD DEBUG] Stagnation (normal): 0.0000 → Reward: 0.0
[ACTION DEBUG iter 100] Raw action[1:3]: [-1.0000, 1.0000, 0.9774], noise: 0.0500
[ACTION DEBUG iter 100] WARNING: 9/20 actions clipped (network saturating)
[RLAMPSO DEBUG iter 100] w=0.3085, c1=2.9844, c2=2.9089 | fitness=1921.54
[REWARD DEBUG iter 100] FitnessImprovement: 0.0000 → Reward: +0.0000 (prevFit=1921.54, currFit=1921.54)
[REWARD DEBUG] Stagnation (normal): 0.0000 → Reward: 0.0
[REWARD DEBUG] Stagnation (normal): 0.0000 → Reward: 0.0
[REWARD DEBUG] Stagnation (normal): 0.0000 → Reward: 0.0
[REWARD DEBUG] Stagnation (normal): 0.0000 → Reward: 0.0
[REWARD DEBUG] Stagnation (normal): 0.0000 → Reward: 0.0
[REWARD DEBUG] Stagnation (normal): 0.0000 → Reward: 0.0
[REWARD DEBUG] Stagnation (normal): 0.0000 → Reward: 0.0
[REWARD DEBUG] Improvement: 0.0177 → Reward: +0.0038
[ACTION DEBUG iter 200] Raw action[1:3]: [-1.0000, 1.0000, -0.6907], noise: 0.0500
[ACTION DEBUG iter 200] WARNING: 5/20 actions clipped (network saturating)
[RLAMPSO DEBUG iter 200] w=0.3000, c1=2.9624, c2=0.3982 | fitness=1896.49
[REWARD DEBUG iter 200] FitnessImprovement: 0.0169 → Reward: +0.0036 (prevFit=1896.49, currFit=1896.47)
[REWARD DEBUG] Stagnation (normal): 0.0000 → Reward: 0.0
[REWARD DEBUG] Improvement: 0.7339 → Reward: +0.1195
[REWARD DEBUG] Improvement: 0.0011 → Reward: +0.0002
[REWARD DEBUG] Improvement: 0.0314 → Reward: +0.0067
[REWARD DEBUG] Improvement: 0.0094 → Reward: +0.0020
[REWARD DEBUG] Improvement: 0.0031 → Reward: +0.0007
[REWARD DEBUG] Improvement: 0.0958 → Reward: +0.0199
[ACTION DEBUG iter 300] Raw action[1:3]: [-1.0000, 1.0000, -0.5648], noise: 0.0500
[ACTION DEBUG iter 300] WARNING: 9/20 actions clipped (network saturating)
[RLAMPSO DEBUG iter 300] w=0.3295, c1=2.9456, c2=0.6131 | fitness=1866.78
[REWARD DEBUG iter 300] FitnessImprovement: 0.4101 → Reward: +0.0746 (prevFit=1866.78, currFit=1866.37)
[REWARD DEBUG] Improvement: 0.0338 → Reward: +0.0072
[REWARD DEBUG] Improvement: 0.1025 → Reward: +0.0212
[REWARD DEBUG] Improvement: 0.0044 → Reward: +0.0009
[REWARD DEBUG] Improvement: 0.0008 → Reward: +0.0002
[REWARD DEBUG] Stagnation (normal): 0.0000 → Reward: 0.0
[REWARD DEBUG] Stagnation (normal): 0.0000 → Reward: 0.0
[REWARD DEBUG] Stagnation (normal): 0.0000 → Reward: 0.0
[REWARD DEBUG] Stagnation (normal): 0.0000 → Reward: 0.0
[REWARD DEBUG] Stagnation (normal): 0.0000 → Reward: 0.0
[REWARD DEBUG] Stagnation (normal): 0.0000 → Reward: 0.0
[ACTION DEBUG iter 400] Raw action[1:3]: [-1.0000, 1.0000, 0.9344], noise: 0.0500
[ACTION DEBUG iter 400] WARNING: 7/20 actions clipped (network saturating)
[RLAMPSO DEBUG iter 400] w=0.3000, c1=2.9740, c2=2.8774 | fitness=1862.81
[REWARD DEBUG iter 400] FitnessImprovement: 0.0000 → Reward: +0.0000 (prevFit=1862.81, currFit=1862.81)
[REWARD DEBUG] Stagnation (normal): 0.0000 → Reward: 0.0
[REWARD DEBUG] Stagnation (normal): 0.0000 → Reward: 0.0
[REWARD DEBUG] Stagnation (normal): 0.0000 → Reward: 0.0
[REWARD DEBUG] Stagnation (normal): 0.0000 → Reward: 0.0
[REWARD DEBUG] Stagnation (normal): 0.0000 → Reward: 0.0
[REWARD DEBUG] Stagnation (normal): 0.0000 → Reward: 0.0
[REWARD DEBUG] Stagnation (normal): 0.0000 → Reward: 0.0
[REWARD DEBUG] Stagnation (normal): 0.0000 → Reward: 0.0
[REWARD DEBUG] Stagnation (normal): 0.0000 → Reward: 0.0
[ACTION DEBUG iter 500] Raw action[1:3]: [-1.0000, 0.9999, 0.9936], noise: 0.0500
[ACTION DEBUG iter 500] WARNING: 12/20 actions clipped (network saturating)
[RLAMPSO DEBUG iter 500] w=0.3146, c1=3.0000, c2=2.9917 | fitness=1862.81
[REWARD DEBUG iter 500] FitnessImprovement: 0.0000 → Reward: +0.0000 (prevFit=1862.81, currFit=1862.81)
[REWARD DEBUG] Stagnation (normal): 0.0000 → Reward: 0.0
[Ep  76/1000] Fit:  1862.8 | Avg:  1907.0 | Reward: +143.9 | Time: 126.7s
          Buffer: 35031 | Noise: 0.0683 | ActorLoss: 2.511e+01 | CriticLoss: 9.131e+00
[REWARD DEBUG] Stagnation (normal): 0.0000 → Reward: 0.0
[REWARD DEBUG] Stagnation (normal): 0.0000 → Reward: 0.0
[REWARD DEBUG] Stagnation (normal): 0.0000 → Reward: 0.0
[REWARD DEBUG] Improvement: 3.2342 → Reward: +0.3134
[REWARD DEBUG] Stagnation (normal): 0.0000 → Reward: 0.0
[REWARD DEBUG] Stagnation (normal): 0.0000 → Reward: 0.0
[REWARD DEBUG] Stagnation (normal): 0.0000 → Reward: 0.0
[REWARD DEBUG] Stagnation (normal): 0.0000 → Reward: 0.0
[REWARD DEBUG] Stagnation (normal): 0.0000 → Reward: 0.0
[ACTION DEBUG iter 100] Raw action[1:3]: [-1.0000, 1.0000, 0.9901], noise: 0.0500
[ACTION DEBUG iter 100] WARNING: 8/20 actions clipped (network saturating)
[RLAMPSO DEBUG iter 100] w=0.3165, c1=2.9716, c2=2.8987 | fitness=2089.64
[REWARD DEBUG iter 100] FitnessImprovement: 0.0000 → Reward: +0.0000 (prevFit=2089.64, currFit=2089.64)
[REWARD DEBUG] Stagnation (normal): 0.0000 → Reward: 0.0
[REWARD DEBUG] Stagnation (normal): 0.0000 → Reward: 0.0
[REWARD DEBUG] Stagnation (normal): 0.0000 → Reward: 0.0
[REWARD DEBUG] Stagnation (normal): 0.0000 → Reward: 0.0
[REWARD DEBUG] Stagnation (normal): 0.0000 → Reward: 0.0
[REWARD DEBUG] Stagnation (normal): 0.0000 → Reward: 0.0
[REWARD DEBUG] Stagnation (normal): 0.0000 → Reward: 0.0
[REWARD DEBUG] Stagnation (normal): 0.0000 → Reward: 0.0
[REWARD DEBUG] Stagnation (normal): 0.0000 → Reward: 0.0
[REWARD DEBUG] Stagnation (normal): 0.0000 → Reward: 0.0
[REWARD DEBUG] Stagnation (normal): 0.0000 → Reward: 0.0
[ACTION DEBUG iter 200] Raw action[1:3]: [-1.0000, 1.0000, 0.9972], noise: 0.0500
[ACTION DEBUG iter 200] WARNING: 6/20 actions clipped (network saturating)
[RLAMPSO DEBUG iter 200] w=0.3037, c1=2.9929, c2=2.7740 | fitness=2011.03
[REWARD DEBUG iter 200] FitnessImprovement: 0.0000 → Reward: +0.0000 (prevFit=2011.03, currFit=2011.03)
[REWARD DEBUG] Stagnation (normal): 0.0000 → Reward: 0.0
[REWARD DEBUG] Stagnation (normal): 0.0000 → Reward: 0.0
[REWARD DEBUG] Stagnation (normal): 0.0000 → Reward: 0.0
[REWARD DEBUG] Stagnation (normal): 0.0000 → Reward: 0.0
[REWARD DEBUG] Stagnation (normal): 0.0000 → Reward: 0.0
[REWARD DEBUG] Stagnation (normal): 0.0000 → Reward: 0.0
[REWARD DEBUG] Stagnation (normal): 0.0000 → Reward: 0.0
[REWARD DEBUG] Stagnation (normal): 0.0000 → Reward: 0.0
[REWARD DEBUG] Stagnation (normal): 0.0000 → Reward: 0.0
[REWARD DEBUG] Stagnation (normal): 0.0000 → Reward: 0.0
[REWARD DEBUG] Stagnation (normal): 0.0000 → Reward: 0.0
[REWARD DEBUG] Stagnation (normal): 0.0000 → Reward: 0.0
[REWARD DEBUG] Stagnation (normal): 0.0000 → Reward: 0.0
[ACTION DEBUG iter 300] Raw action[1:3]: [-1.0000, 1.0000, 0.9981], noise: 0.0500
[ACTION DEBUG iter 300] WARNING: 10/20 actions clipped (network saturating)
[RLAMPSO DEBUG iter 300] w=0.3000, c1=2.9064, c2=3.0000 | fitness=2011.03
[REWARD DEBUG iter 300] FitnessImprovement: 0.0000 → Reward: +0.0000 (prevFit=2011.03, currFit=2011.03)
[REWARD DEBUG] Stagnation (normal): 0.0000 → Reward: 0.0
[REWARD DEBUG] Stagnation (normal): 0.0000 → Reward: 0.0
[REWARD DEBUG] Stagnation (normal): 0.0000 → Reward: 0.0
[REWARD DEBUG] Stagnation (normal): 0.0000 → Reward: 0.0
[ACTION DEBUG iter 400] Raw action[1:3]: [-1.0000, 1.0000, 0.9985], noise: 0.0500
[ACTION DEBUG iter 400] WARNING: 7/20 actions clipped (network saturating)
[RLAMPSO DEBUG iter 400] w=0.3000, c1=3.0000, c2=3.0000 | fitness=1966.04
[REWARD DEBUG iter 400] FitnessImprovement: 0.0000 → Reward: +0.0000 (prevFit=1966.04, currFit=1966.04)
[REWARD DEBUG] Stagnation (normal): 0.0000 → Reward: 0.0
[REWARD DEBUG] Stagnation (normal): 0.0000 → Reward: 0.0
[REWARD DEBUG] Stagnation (normal): 0.0000 → Reward: 0.0
[REWARD DEBUG] Stagnation (normal): 0.0000 → Reward: 0.0
[REWARD DEBUG] Stagnation (normal): 0.0000 → Reward: 0.0
[REWARD DEBUG] Stagnation (normal): 0.0000 → Reward: 0.0
[REWARD DEBUG] Stagnation (normal): 0.0000 → Reward: 0.0
[REWARD DEBUG] Stagnation (normal): 0.0000 → Reward: 0.0
[REWARD DEBUG] Stagnation (normal): 0.0000 → Reward: 0.0
[ACTION DEBUG iter 500] Raw action[1:3]: [-1.0000, 1.0000, 0.9988], noise: 0.0500
[ACTION DEBUG iter 500] WARNING: 10/20 actions clipped (network saturating)
[RLAMPSO DEBUG iter 500] w=0.3175, c1=2.9963, c2=3.0000 | fitness=1944.67
[REWARD DEBUG iter 500] FitnessImprovement: 0.0000 → Reward: +0.0000 (prevFit=1944.67, currFit=1944.67)
[REWARD DEBUG] Stagnation (normal): 0.0000 → Reward: 0.0
[REWARD DEBUG] Stagnation (normal): 0.0000 → Reward: 0.0
[REWARD DEBUG] Stagnation (normal): 0.0000 → Reward: 0.0
[REWARD DEBUG] Stagnation (normal): 0.0000 → Reward: 0.0
[REWARD DEBUG] Stagnation (normal): 0.0000 → Reward: 0.0
[REWARD DEBUG] Stagnation (normal): 0.0000 → Reward: 0.0
[REWARD DEBUG] Stagnation (normal): 0.0000 → Reward: 0.0
[REWARD DEBUG] Stagnation (normal): 0.0000 → Reward: 0.0
[REWARD DEBUG] Stagnation (normal): 0.0000 → Reward: 0.0
[REWARD DEBUG] Stagnation (normal): 0.0000 → Reward: 0.0
[REWARD DEBUG] Stagnation (normal): 0.0000 → Reward: 0.0
[REWARD DEBUG] Stagnation (normal): 0.0000 → Reward: 0.0
[ACTION DEBUG iter 600] Raw action[1:3]: [-1.0000, 1.0000, 0.9993], noise: 0.0500
[ACTION DEBUG iter 600] WARNING: 9/20 actions clipped (network saturating)
[RLAMPSO DEBUG iter 600] w=0.3000, c1=2.8964, c2=2.9036 | fitness=1917.62
[REWARD DEBUG iter 600] FitnessImprovement: 0.0000 → Reward: +0.0000 (prevFit=1917.62, currFit=1917.62)
[Ep  77/1000] Fit:  1917.6 | Avg:  1908.3 | Reward: +142.6 | Time: 114.5s
          Buffer: 35581 | Noise: 0.0680 | ActorLoss: 1.601e+01 | CriticLoss: 3.109e+00
[REWARD DEBUG] Improvement: 1.5321 → Reward: +0.2017
[REWARD DEBUG] Stagnation (normal): 0.0000 → Reward: 0.0
[REWARD DEBUG] Improvement: 52.1919 → Reward: +0.8629
[REWARD DEBUG] Stagnation (normal): 0.0000 → Reward: 0.0
[REWARD DEBUG] Stagnation (normal): 0.0000 → Reward: 0.0
[REWARD DEBUG] Stagnation (normal): 0.0000 → Reward: 0.0
[REWARD DEBUG] Stagnation (normal): 0.0000 → Reward: 0.0
[REWARD DEBUG] Stagnation (normal): 0.0000 → Reward: 0.0
[REWARD DEBUG] Stagnation (normal): 0.0000 → Reward: 0.0
[REWARD DEBUG] Stagnation (normal): 0.0000 → Reward: 0.0
[REWARD DEBUG] Stagnation (normal): 0.0000 → Reward: 0.0
[REWARD DEBUG] Stagnation (normal): 0.0000 → Reward: 0.0
[ACTION DEBUG iter 100] Raw action[1:3]: [-1.0000, 1.0000, 0.9995], noise: 0.0500
[ACTION DEBUG iter 100] WARNING: 12/20 actions clipped (network saturating)
[RLAMPSO DEBUG iter 100] w=0.3000, c1=2.9675, c2=3.0000 | fitness=2014.05
[REWARD DEBUG iter 100] FitnessImprovement: 0.0000 → Reward: +0.0000 (prevFit=2014.05, currFit=2014.05)
[REWARD DEBUG] Stagnation (normal): 0.0000 → Reward: 0.0
[REWARD DEBUG] Stagnation (normal): 0.0000 → Reward: 0.0
[REWARD DEBUG] Stagnation (normal): 0.0000 → Reward: 0.0
[REWARD DEBUG] Stagnation (normal): 0.0000 → Reward: 0.0
[REWARD DEBUG] Stagnation (normal): 0.0000 → Reward: 0.0
[REWARD DEBUG] Stagnation (normal): 0.0000 → Reward: 0.0
[REWARD DEBUG] Stagnation (normal): 0.0000 → Reward: 0.0
[REWARD DEBUG] Stagnation (normal): 0.0000 → Reward: 0.0
[REWARD DEBUG] Stagnation (normal): 0.0000 → Reward: 0.0
[REWARD DEBUG] Stagnation (normal): 0.0000 → Reward: 0.0
[ACTION DEBUG iter 200] Raw action[1:3]: [-1.0000, 1.0000, 0.9996], noise: 0.0500
[ACTION DEBUG iter 200] WARNING: 8/20 actions clipped (network saturating)
[RLAMPSO DEBUG iter 200] w=0.3373, c1=2.9156, c2=3.0000 | fitness=1982.63
[REWARD DEBUG iter 200] FitnessImprovement: 0.0000 → Reward: +0.0000 (prevFit=1982.63, currFit=1982.63)
[REWARD DEBUG] Stagnation (normal): 0.0000 → Reward: 0.0
[REWARD DEBUG] Stagnation (normal): 0.0000 → Reward: 0.0
[REWARD DEBUG] Stagnation (normal): 0.0000 → Reward: 0.0
[REWARD DEBUG] Stagnation (normal): 0.0000 → Reward: 0.0
[REWARD DEBUG] Stagnation (normal): 0.0000 → Reward: 0.0
[REWARD DEBUG] Stagnation (normal): 0.0000 → Reward: 0.0
[REWARD DEBUG] Stagnation (normal): 0.0000 → Reward: 0.0
[REWARD DEBUG] Stagnation (normal): 0.0000 → Reward: 0.0
[REWARD DEBUG] Stagnation (normal): 0.0000 → Reward: 0.0
[ACTION DEBUG iter 300] Raw action[1:3]: [-1.0000, 1.0000, 0.9996], noise: 0.0500
[ACTION DEBUG iter 300] WARNING: 10/20 actions clipped (network saturating)
[RLAMPSO DEBUG iter 300] w=0.3110, c1=2.9976, c2=2.8343 | fitness=1982.63
[REWARD DEBUG iter 300] FitnessImprovement: 0.0000 → Reward: +0.0000 (prevFit=1982.63, currFit=1982.63)
[REWARD DEBUG] Stagnation (normal): 0.0000 → Reward: 0.0
[REWARD DEBUG] Stagnation (normal): 0.0000 → Reward: 0.0
[REWARD DEBUG] Stagnation (normal): 0.0000 → Reward: 0.0
[REWARD DEBUG] Stagnation (normal): 0.0000 → Reward: 0.0
[REWARD DEBUG] Stagnation (normal): 0.0000 → Reward: 0.0
[Ep  78/1000] Fit:  1982.6 | Avg:  1918.0 | Reward: +132.9 | Time:  82.0s
          Buffer: 35856 | Noise: 0.0676 | ActorLoss: 1.160e+01 | CriticLoss: 1.192e+00
[REWARD DEBUG] Improvement: 91.9715 → Reward: +0.9842
[REWARD DEBUG] Stagnation (normal): 0.0000 → Reward: 0.0
[REWARD DEBUG] Improvement: 57.2137 → Reward: +0.8825
[REWARD DEBUG] Improvement: 18.8722 → Reward: +0.6491
[REWARD DEBUG] Stagnation (normal): 0.0000 → Reward: 0.0
[REWARD DEBUG] Stagnation (normal): 0.0000 → Reward: 0.0
[REWARD DEBUG] Stagnation (normal): 0.0000 → Reward: 0.0
[REWARD DEBUG] Stagnation (normal): 0.0000 → Reward: 0.0
[REWARD DEBUG] Stagnation (normal): 0.0000 → Reward: 0.0
[REWARD DEBUG] Stagnation (normal): 0.0000 → Reward: 0.0
[ACTION DEBUG iter 100] Raw action[1:3]: [-1.0000, 1.0000, 0.9996], noise: 0.0500
[ACTION DEBUG iter 100] WARNING: 9/20 actions clipped (network saturating)
[RLAMPSO DEBUG iter 100] w=0.3236, c1=3.0000, c2=3.0000 | fitness=1962.87
[REWARD DEBUG iter 100] FitnessImprovement: 0.0000 → Reward: +0.0000 (prevFit=1962.87, currFit=1962.87)
[REWARD DEBUG] Stagnation (normal): 0.0000 → Reward: 0.0
[ACTION DEBUG iter 200] Raw action[1:3]: [-1.0000, 1.0000, 0.9997], noise: 0.0500
[ACTION DEBUG iter 200] WARNING: 11/20 actions clipped (network saturating)
[RLAMPSO DEBUG iter 200] w=0.3000, c1=3.0000, c2=3.0000 | fitness=1937.14
[REWARD DEBUG iter 200] FitnessImprovement: 0.0000 → Reward: +0.0000 (prevFit=1937.14, currFit=1937.14)
[REWARD DEBUG] Stagnation (normal): 0.0000 → Reward: 0.0
[REWARD DEBUG] Stagnation (normal): 0.0000 → Reward: 0.0
[REWARD DEBUG] Stagnation (normal): 0.0000 → Reward: 0.0
[REWARD DEBUG] Stagnation (normal): 0.0000 → Reward: 0.0
[REWARD DEBUG] Stagnation (normal): 0.0000 → Reward: 0.0
[REWARD DEBUG] Stagnation (normal): 0.0000 → Reward: 0.0
[ACTION DEBUG iter 300] Raw action[1:3]: [-1.0000, 1.0000, 0.9997], noise: 0.0500
[ACTION DEBUG iter 300] WARNING: 10/20 actions clipped (network saturating)
[RLAMPSO DEBUG iter 300] w=0.3000, c1=2.9377, c2=2.9852 | fitness=1918.10
[REWARD DEBUG iter 300] FitnessImprovement: 0.0000 → Reward: +0.0000 (prevFit=1918.10, currFit=1918.10)
[REWARD DEBUG] Stagnation (normal): 0.0000 → Reward: 0.0
[REWARD DEBUG] Stagnation (normal): 0.0000 → Reward: 0.0
[REWARD DEBUG] Stagnation (normal): 0.0000 → Reward: 0.0
[REWARD DEBUG] Stagnation (normal): 0.0000 → Reward: 0.0
[REWARD DEBUG] Stagnation (normal): 0.0000 → Reward: 0.0
[REWARD DEBUG] Stagnation (normal): 0.0000 → Reward: 0.0
[REWARD DEBUG] Stagnation (normal): 0.0000 → Reward: 0.0
[REWARD DEBUG] Stagnation (normal): 0.0000 → Reward: 0.0
[REWARD DEBUG] Improvement: 22.9119 → Reward: +0.6893
[REWARD DEBUG] Stagnation (normal): 0.0000 → Reward: 0.0
[REWARD DEBUG] Stagnation (normal): 0.0000 → Reward: 0.0
[ACTION DEBUG iter 400] Raw action[1:3]: [-1.0000, 1.0000, 0.9997], noise: 0.0500
[ACTION DEBUG iter 400] WARNING: 9/20 actions clipped (network saturating)
[RLAMPSO DEBUG iter 400] w=0.3000, c1=2.9533, c2=3.0000 | fitness=1895.19
[REWARD DEBUG] Stagnation (normal): 0.0000 → Reward: 0.0
[REWARD DEBUG iter 400] FitnessImprovement: 0.0000 → Reward: +0.0000 (prevFit=1895.19, currFit=1895.19)
[REWARD DEBUG] Stagnation (normal): 0.0000 → Reward: 0.0
[REWARD DEBUG] Stagnation (normal): 0.0000 → Reward: 0.0
[REWARD DEBUG] Stagnation (normal): 0.0000 → Reward: 0.0
[REWARD DEBUG] Stagnation (normal): 0.0000 → Reward: 0.0
[REWARD DEBUG] Stagnation (normal): 0.0000 → Reward: 0.0
[REWARD DEBUG] Stagnation (normal): 0.0000 → Reward: 0.0
[REWARD DEBUG] Stagnation (normal): 0.0000 → Reward: 0.0
[REWARD DEBUG] Stagnation (normal): 0.0000 → Reward: 0.0
[REWARD DEBUG] Stagnation (normal): 0.0000 → Reward: 0.0
[REWARD DEBUG] Stagnation (normal): 0.0000 → Reward: 0.0
[ACTION DEBUG iter 500] Raw action[1:3]: [-1.0000, 1.0000, 0.9998], noise: 0.0500
[ACTION DEBUG iter 500] WARNING: 10/20 actions clipped (network saturating)
[RLAMPSO DEBUG iter 500] w=0.3027, c1=2.9925, c2=3.0000 | fitness=1895.19
[REWARD DEBUG iter 500] FitnessImprovement: 0.0000 → Reward: +0.0000 (prevFit=1895.19, currFit=1895.19)
[REWARD DEBUG] Stagnation (normal): 0.0000 → Reward: 0.0
[REWARD DEBUG] Stagnation (normal): 0.0000 → Reward: 0.0
[Ep  79/1000] Fit:  1895.2 | Avg:  1915.6 | Reward: +135.3 | Time: 126.3s
          Buffer: 36328 | Noise: 0.0673 | ActorLoss: 7.661e+00 | CriticLoss: 1.728e+00
[REWARD DEBUG] Improvement: 63.1586 → Reward: +0.9036
[REWARD DEBUG] Improvement: 0.0000 → Reward: +0.0000
[REWARD DEBUG] Stagnation (normal): 0.0000 → Reward: 0.0
[REWARD DEBUG] Stagnation (normal): 0.0000 → Reward: 0.0
[REWARD DEBUG] Stagnation (normal): 0.0000 → Reward: 0.0
[REWARD DEBUG] Stagnation (normal): 0.0000 → Reward: 0.0
[REWARD DEBUG] Improvement: 3.3592 → Reward: +0.3197
[REWARD DEBUG] Stagnation (normal): 0.0000 → Reward: 0.0
[ACTION DEBUG iter 100] Raw action[1:3]: [-1.0000, 1.0000, 0.9998], noise: 0.0500
[ACTION DEBUG iter 100] WARNING: 10/20 actions clipped (network saturating)
[RLAMPSO DEBUG iter 100] w=0.3033, c1=3.0000, c2=2.8736 | fitness=2087.69
[REWARD DEBUG iter 100] FitnessImprovement: 0.0000 → Reward: +0.0000 (prevFit=2087.69, currFit=2087.69)
[REWARD DEBUG] Stagnation (normal): 0.0000 → Reward: 0.0
[REWARD DEBUG] Stagnation (normal): 0.0000 → Reward: 0.0
[REWARD DEBUG] Stagnation (normal): 0.0000 → Reward: 0.0
[REWARD DEBUG] Stagnation (normal): 0.0000 → Reward: 0.0
[REWARD DEBUG] Stagnation (normal): 0.0000 → Reward: 0.0
[REWARD DEBUG] Stagnation (normal): 0.0000 → Reward: 0.0
[REWARD DEBUG] Stagnation (normal): 0.0000 → Reward: 0.0
[REWARD DEBUG] Stagnation (normal): 0.0000 → Reward: 0.0
[REWARD DEBUG] Stagnation (normal): 0.0000 → Reward: 0.0
[REWARD DEBUG] Stagnation (normal): 0.0000 → Reward: 0.0
[REWARD DEBUG] Stagnation (normal): 0.0000 → Reward: 0.0
[REWARD DEBUG] Stagnation (normal): 0.0000 → Reward: 0.0
[REWARD DEBUG] Stagnation (normal): 0.0000 → Reward: 0.0
[REWARD DEBUG] Stagnation (normal): 0.0000 → Reward: 0.0
[REWARD DEBUG] Stagnation (normal): 0.0000 → Reward: 0.0
[REWARD DEBUG] Stagnation (normal): 0.0000 → Reward: 0.0
[REWARD DEBUG] Improvement: 4.3403 → Reward: +0.3638
[ACTION DEBUG iter 200] Raw action[1:3]: [-1.0000, 1.0000, 0.9998], noise: 0.0500
[ACTION DEBUG iter 200] WARNING: 10/20 actions clipped (network saturating)
[RLAMPSO DEBUG iter 200] w=0.3040, c1=3.0000, c2=3.0000 | fitness=1979.97
[REWARD DEBUG iter 200] FitnessImprovement: 0.0000 → Reward: +0.0000 (prevFit=1979.97, currFit=1979.97)
[REWARD DEBUG] Stagnation (normal): 0.0000 → Reward: 0.0
[REWARD DEBUG] Stagnation (normal): 0.0000 → Reward: 0.0
[REWARD DEBUG] Stagnation (normal): 0.0000 → Reward: 0.0
[REWARD DEBUG] Stagnation (normal): 0.0000 → Reward: 0.0
[REWARD DEBUG] Stagnation (normal): 0.0000 → Reward: 0.0
[REWARD DEBUG] Stagnation (normal): 0.0000 → Reward: 0.0
[ACTION DEBUG iter 300] Raw action[1:3]: [-1.0000, 1.0000, 0.9998], noise: 0.0500
[ACTION DEBUG iter 300] WARNING: 13/20 actions clipped (network saturating)
[RLAMPSO DEBUG iter 300] w=0.3000, c1=2.9610, c2=3.0000 | fitness=1979.47
[REWARD DEBUG iter 300] FitnessImprovement: 13.3588 → Reward: +0.5786 (prevFit=1979.47, currFit=1966.11)
[REWARD DEBUG] Stagnation (normal): 0.0000 → Reward: 0.0
[REWARD DEBUG] Stagnation (normal): 0.0000 → Reward: 0.0
[REWARD DEBUG] Stagnation (normal): 0.0000 → Reward: 0.0
[REWARD DEBUG] Stagnation (normal): 0.0000 → Reward: 0.0
[REWARD DEBUG] Stagnation (normal): 0.0000 → Reward: 0.0
[ACTION DEBUG iter 400] Raw action[1:3]: [-1.0000, 1.0000, 0.9998], noise: 0.0500
[ACTION DEBUG iter 400] WARNING: 8/20 actions clipped (network saturating)
[RLAMPSO DEBUG iter 400] w=0.3375, c1=3.0000, c2=3.0000 | fitness=1939.24
[REWARD DEBUG iter 400] FitnessImprovement: 0.0000 → Reward: +0.0000 (prevFit=1939.24, currFit=1939.24)
[REWARD DEBUG] Stagnation (normal): 0.0000 → Reward: 0.0
[REWARD DEBUG] Stagnation (normal): 0.0000 → Reward: 0.0
[REWARD DEBUG] Stagnation (normal): 0.0000 → Reward: 0.0
[REWARD DEBUG] Stagnation (normal): 0.0000 → Reward: 0.0
[REWARD DEBUG] Stagnation (normal): 0.0000 → Reward: 0.0
[REWARD DEBUG] Stagnation (normal): 0.0000 → Reward: 0.0
[REWARD DEBUG] Stagnation (normal): 0.0000 → Reward: 0.0
[REWARD DEBUG] Stagnation (normal): 0.0000 → Reward: 0.0
[Ep  80/1000] Fit:  1939.2 | Avg:  1920.3 | Reward: +130.6 | Time: 124.7s
          Buffer: 36774 | Noise: 0.0670 | ActorLoss: 4.320e+00 | CriticLoss: 6.994e-01
[REWARD DEBUG] Stagnation (normal): 0.0000 → Reward: 0.0
[REWARD DEBUG] Stagnation (normal): 0.0000 → Reward: 0.0
[REWARD DEBUG] Stagnation (normal): 0.0000 → Reward: 0.0
[REWARD DEBUG] Stagnation (normal): 0.0000 → Reward: 0.0
[REWARD DEBUG] Stagnation (normal): 0.0000 → Reward: 0.0
[REWARD DEBUG] Stagnation (normal): 0.0000 → Reward: 0.0
[ACTION DEBUG iter 100] Raw action[1:3]: [-1.0000, 1.0000, 0.9999], noise: 0.0500
[ACTION DEBUG iter 100] WARNING: 8/20 actions clipped (network saturating)
[RLAMPSO DEBUG iter 100] w=0.3001, c1=2.8819, c2=2.9853 | fitness=1908.89
[REWARD DEBUG iter 100] FitnessImprovement: 0.0000 → Reward: +0.0000 (prevFit=1908.89, currFit=1908.89)
[REWARD DEBUG] Stagnation (normal): 0.0000 → Reward: 0.0
[REWARD DEBUG] Stagnation (normal): 0.0000 → Reward: 0.0
[REWARD DEBUG] Stagnation (normal): 0.0000 → Reward: 0.0
[REWARD DEBUG] Stagnation (normal): 0.0000 → Reward: 0.0
[REWARD DEBUG] Stagnation (normal): 0.0000 → Reward: 0.0
[REWARD DEBUG] Stagnation (normal): 0.0000 → Reward: 0.0
[REWARD DEBUG] Stagnation (normal): 0.0000 → Reward: 0.0
[REWARD DEBUG] Stagnation (normal): 0.0000 → Reward: 0.0
[REWARD DEBUG] Stagnation (normal): 0.0000 → Reward: 0.0
[REWARD DEBUG] Stagnation (normal): 0.0000 → Reward: 0.0
[REWARD DEBUG] Stagnation (normal): 0.0000 → Reward: 0.0
[REWARD DEBUG] Stagnation (normal): 0.0000 → Reward: 0.0
[REWARD DEBUG] Stagnation (normal): 0.0000 → Reward: 0.0
[REWARD DEBUG] Stagnation (normal): 0.0000 → Reward: 0.0
[ACTION DEBUG iter 200] Raw action[1:3]: [-1.0000, 1.0000, 0.9999], noise: 0.0500
[ACTION DEBUG iter 200] WARNING: 11/20 actions clipped (network saturating)
[RLAMPSO DEBUG iter 200] w=0.3202, c1=3.0000, c2=3.0000 | fitness=1904.76
[REWARD DEBUG iter 200] FitnessImprovement: 0.0000 → Reward: +0.0000 (prevFit=1904.76, currFit=1904.76)
[REWARD DEBUG] Stagnation (normal): 0.0000 → Reward: 0.0
[REWARD DEBUG] Stagnation (normal): 0.0000 → Reward: 0.0
[REWARD DEBUG] Stagnation (normal): 0.0000 → Reward: 0.0
[REWARD DEBUG] Stagnation (normal): 0.0000 → Reward: 0.0
[REWARD DEBUG] Stagnation (normal): 0.0000 → Reward: 0.0
[REWARD DEBUG] Stagnation (normal): 0.0000 → Reward: 0.0
[REWARD DEBUG] Stagnation (normal): 0.0000 → Reward: 0.0
[REWARD DEBUG] Stagnation (normal): 0.0000 → Reward: 0.0
[REWARD DEBUG] Stagnation (normal): 0.0000 → Reward: 0.0
[REWARD DEBUG] Stagnation (normal): 0.0000 → Reward: 0.0
[REWARD DEBUG] Stagnation (normal): 0.0000 → Reward: 0.0
[REWARD DEBUG] Stagnation (normal): 0.0000 → Reward: 0.0
[ACTION DEBUG iter 300] Raw action[1:3]: [-1.0000, 1.0000, 0.9999], noise: 0.0500
[ACTION DEBUG iter 300] WARNING: 7/20 actions clipped (network saturating)
[RLAMPSO DEBUG iter 300] w=0.3192, c1=2.9899, c2=2.8976 | fitness=1904.76
[REWARD DEBUG iter 300] FitnessImprovement: 0.0000 → Reward: +0.0000 (prevFit=1904.76, currFit=1904.76)
[REWARD DEBUG] Stagnation (normal): 0.0000 → Reward: 0.0
[REWARD DEBUG] Stagnation (normal): 0.0000 → Reward: 0.0
[REWARD DEBUG] Stagnation (normal): 0.0000 → Reward: 0.0
[REWARD DEBUG] Stagnation (normal): 0.0000 → Reward: 0.0
[Ep  81/1000] Fit:  1904.8 | Avg:  1932.9 | Reward: +118.0 | Time:  91.2s
          Buffer: 37070 | Noise: 0.0666 | ActorLoss: 3.647e+00 | CriticLoss: 4.647e-01
[REWARD DEBUG] Improvement: 5.0022 → Reward: +0.3892
[REWARD DEBUG] Stagnation (normal): 0.0000 → Reward: 0.0
[REWARD DEBUG] Stagnation (normal): 0.0000 → Reward: 0.0
[REWARD DEBUG] Stagnation (normal): 0.0000 → Reward: 0.0
[REWARD DEBUG] Improvement: 1.3366 → Reward: +0.1843
[REWARD DEBUG] Stagnation (normal): 0.0000 → Reward: 0.0
[REWARD DEBUG] Improvement: 9.8798 → Reward: +0.5183
[REWARD DEBUG] Improvement: 0.0000 → Reward: +0.0000
[REWARD DEBUG] Stagnation (normal): 0.0000 → Reward: 0.0
[ACTION DEBUG iter 100] Raw action[1:3]: [-1.0000, 1.0000, 0.9999], noise: 0.0500
[ACTION DEBUG iter 100] WARNING: 12/20 actions clipped (network saturating)
[RLAMPSO DEBUG iter 100] w=0.3000, c1=2.9383, c2=3.0000 | fitness=2000.17
[REWARD DEBUG] Stagnation (normal): 0.0000 → Reward: 0.0
[REWARD DEBUG iter 100] FitnessImprovement: 0.0000 → Reward: +0.0000 (prevFit=2000.17, currFit=2000.17)
[REWARD DEBUG] Stagnation (normal): 0.0000 → Reward: 0.0
[REWARD DEBUG] Stagnation (normal): 0.0000 → Reward: 0.0
[REWARD DEBUG] Stagnation (normal): 0.0000 → Reward: 0.0
[REWARD DEBUG] Stagnation (normal): 0.0000 → Reward: 0.0
[REWARD DEBUG] Stagnation (normal): 0.0000 → Reward: 0.0
[REWARD DEBUG] Stagnation (normal): 0.0000 → Reward: 0.0
[REWARD DEBUG] Stagnation (normal): 0.0000 → Reward: 0.0
[REWARD DEBUG] Stagnation (normal): 0.0000 → Reward: 0.0
[REWARD DEBUG] Stagnation (normal): 0.0000 → Reward: 0.0
[ACTION DEBUG iter 200] Raw action[1:3]: [-1.0000, 1.0000, 0.9999], noise: 0.0500
[ACTION DEBUG iter 200] WARNING: 9/20 actions clipped (network saturating)
[RLAMPSO DEBUG iter 200] w=0.3000, c1=2.9562, c2=2.9811 | fitness=1925.07
[REWARD DEBUG] Stagnation (normal): 0.0000 → Reward: 0.0
[REWARD DEBUG iter 200] FitnessImprovement: 0.0000 → Reward: +0.0000 (prevFit=1925.07, currFit=1925.07)
[REWARD DEBUG] Stagnation (normal): 0.0000 → Reward: 0.0
[REWARD DEBUG] Stagnation (normal): 0.0000 → Reward: 0.0
[REWARD DEBUG] Stagnation (normal): 0.0000 → Reward: 0.0
[REWARD DEBUG] Stagnation (normal): 0.0000 → Reward: 0.0
[REWARD DEBUG] Stagnation (normal): 0.0000 → Reward: 0.0
[REWARD DEBUG] Stagnation (normal): 0.0000 → Reward: 0.0
[REWARD DEBUG] Stagnation (normal): 0.0000 → Reward: 0.0
[REWARD DEBUG] Stagnation (normal): 0.0000 → Reward: 0.0
[REWARD DEBUG] Stagnation (normal): 0.0000 → Reward: 0.0
[ACTION DEBUG iter 300] Raw action[1:3]: [-1.0000, 1.0000, 0.9999], noise: 0.0500
[ACTION DEBUG iter 300] WARNING: 10/20 actions clipped (network saturating)
[RLAMPSO DEBUG iter 300] w=0.3429, c1=2.9850, c2=3.0000 | fitness=1886.60
[REWARD DEBUG iter 300] FitnessImprovement: 0.0000 → Reward: +0.0000 (prevFit=1886.60, currFit=1886.60)
[REWARD DEBUG] Stagnation (normal): 0.0000 → Reward: 0.0
[REWARD DEBUG] Stagnation (normal): 0.0000 → Reward: 0.0
[REWARD DEBUG] Stagnation (normal): 0.0000 → Reward: 0.0
[REWARD DEBUG] Stagnation (normal): 0.0000 → Reward: 0.0
[REWARD DEBUG] Stagnation (normal): 0.0000 → Reward: 0.0
[REWARD DEBUG] Stagnation (normal): 0.0000 → Reward: 0.0
[REWARD DEBUG] Stagnation (normal): 0.0000 → Reward: 0.0
[REWARD DEBUG] Stagnation (normal): 0.0000 → Reward: 0.0
[REWARD DEBUG] Stagnation (normal): 0.0000 → Reward: 0.0
[REWARD DEBUG] Stagnation (normal): 0.0000 → Reward: 0.0
[REWARD DEBUG] Stagnation (normal): 0.0000 → Reward: 0.0
[ACTION DEBUG iter 400] Raw action[1:3]: [-1.0000, 1.0000, 0.9999], noise: 0.0500
[ACTION DEBUG iter 400] WARNING: 14/20 actions clipped (network saturating)
[RLAMPSO DEBUG iter 400] w=0.3011, c1=3.0000, c2=3.0000 | fitness=1879.42
[REWARD DEBUG iter 400] FitnessImprovement: 0.0000 → Reward: +0.0000 (prevFit=1879.42, currFit=1879.42)
[REWARD DEBUG] Stagnation (normal): 0.0000 → Reward: 0.0
[REWARD DEBUG] Stagnation (normal): 0.0000 → Reward: 0.0
[REWARD DEBUG] Stagnation (normal): 0.0000 → Reward: 0.0
[REWARD DEBUG] Improvement: 1.1633 → Reward: +0.1676
[REWARD DEBUG] Improvement: 0.6696 → Reward: +0.1113
[REWARD DEBUG] Stagnation (normal): 0.0000 → Reward: 0.0
[REWARD DEBUG] Stagnation (normal): 0.0000 → Reward: 0.0
[ACTION DEBUG iter 500] Raw action[1:3]: [-1.0000, 1.0000, 0.9999], noise: 0.0500
[ACTION DEBUG iter 500] WARNING: 6/20 actions clipped (network saturating)
[RLAMPSO DEBUG iter 500] w=0.3093, c1=3.0000, c2=2.9735 | fitness=1869.89
[REWARD DEBUG iter 500] FitnessImprovement: 0.0000 → Reward: +0.0000 (prevFit=1869.89, currFit=1869.89)
[REWARD DEBUG] Stagnation (normal): 0.0000 → Reward: 0.0
[REWARD DEBUG] Stagnation (normal): 0.0000 → Reward: 0.0
[REWARD DEBUG] Stagnation (normal): 0.0000 → Reward: 0.0
[REWARD DEBUG] Stagnation (normal): 0.0000 → Reward: 0.0
[REWARD DEBUG] Stagnation (normal): 0.0000 → Reward: 0.0
[REWARD DEBUG] Stagnation (normal): 0.0000 → Reward: 0.0
[REWARD DEBUG] Stagnation (normal): 0.0000 → Reward: 0.0
[ACTION DEBUG iter 600] Raw action[1:3]: [-1.0000, 1.0000, 0.9999], noise: 0.0500
[ACTION DEBUG iter 600] WARNING: 10/20 actions clipped (network saturating)
[RLAMPSO DEBUG iter 600] w=0.3000, c1=3.0000, c2=3.0000 | fitness=1847.23
[REWARD DEBUG iter 600] FitnessImprovement: 0.0000 → Reward: +0.0000 (prevFit=1847.23, currFit=1847.23)
[Ep  82/1000] Fit:  1847.2 | Avg:  1924.2 | Reward: +126.7 | Time: 118.4s
          Buffer: 37620 | Noise: 0.0663 | ActorLoss: 2.857e+00 | CriticLoss: 3.019e-01
[REWARD DEBUG] Improvement: 38.2530 → Reward: +0.7969
[REWARD DEBUG] Stagnation (normal): 0.0000 → Reward: 0.0
[REWARD DEBUG] Stagnation (normal): 0.0000 → Reward: 0.0
[REWARD DEBUG] Stagnation (normal): 0.0000 → Reward: 0.0
[REWARD DEBUG] Stagnation (normal): 0.0000 → Reward: 0.0
[REWARD DEBUG] Stagnation (normal): 0.0000 → Reward: 0.0
[REWARD DEBUG] Stagnation (normal): 0.0000 → Reward: 0.0
[REWARD DEBUG] Stagnation (normal): 0.0000 → Reward: 0.0
[ACTION DEBUG iter 100] Raw action[1:3]: [-1.0000, 1.0000, 1.0000], noise: 0.0500
[ACTION DEBUG iter 100] WARNING: 7/20 actions clipped (network saturating)
[RLAMPSO DEBUG iter 100] w=0.3277, c1=3.0000, c2=2.9741 | fitness=1910.55
[REWARD DEBUG iter 100] FitnessImprovement: 0.0000 → Reward: +0.0000 (prevFit=1910.55, currFit=1910.55)
[REWARD DEBUG] Stagnation (normal): 0.0000 → Reward: 0.0
[REWARD DEBUG] Stagnation (normal): 0.0000 → Reward: 0.0
[REWARD DEBUG] Stagnation (normal): 0.0000 → Reward: 0.0
[REWARD DEBUG] Stagnation (normal): 0.0000 → Reward: 0.0
[REWARD DEBUG] Stagnation (normal): 0.0000 → Reward: 0.0
[REWARD DEBUG] Stagnation (normal): 0.0000 → Reward: 0.0
[ACTION DEBUG iter 200] Raw action[1:3]: [0.8418, 0.9822, 1.0000], noise: 0.0500
[ACTION DEBUG iter 200] WARNING: 6/20 actions clipped (network saturating)
[RLAMPSO DEBUG iter 200] w=0.9000, c1=2.8971, c2=2.9124 | fitness=1910.55
[REWARD DEBUG iter 200] FitnessImprovement: 0.0000 → Reward: +0.0000 (prevFit=1910.55, currFit=1910.55)
[REWARD DEBUG] Stagnation (normal): 0.0000 → Reward: 0.0
[REWARD DEBUG] Stagnation (normal): 0.0000 → Reward: 0.0
[REWARD DEBUG] Stagnation (normal): 0.0000 → Reward: 0.0
[REWARD DEBUG] Stagnation (normal): 0.0000 → Reward: 0.0
[Ep  83/1000] Fit:  1910.6 | Avg:  1923.8 | Reward: +127.1 | Time:  44.6s
          Buffer: 37812 | Noise: 0.0660 | ActorLoss: 2.624e+00 | CriticLoss: 2.409e-01
[REWARD DEBUG] Stagnation (normal): 0.0000 → Reward: 0.0
[REWARD DEBUG] Improvement: 31.5888 → Reward: +0.7565
[REWARD DEBUG] Stagnation (normal): 0.0000 → Reward: 0.0
[REWARD DEBUG] Stagnation (normal): 0.0000 → Reward: 0.0
[REWARD DEBUG] Stagnation (normal): 0.0000 → Reward: 0.0
[REWARD DEBUG] Stagnation (normal): 0.0000 → Reward: 0.0
[REWARD DEBUG] Improvement: 7.5337 → Reward: +0.4656
[REWARD DEBUG] Stagnation (normal): 0.0000 → Reward: 0.0
[REWARD DEBUG] Stagnation (normal): 0.0000 → Reward: 0.0
[REWARD DEBUG] Stagnation (normal): 0.0000 → Reward: 0.0
[REWARD DEBUG] Stagnation (normal): 0.0000 → Reward: 0.0
[REWARD DEBUG] Stagnation (normal): 0.0000 → Reward: 0.0
[ACTION DEBUG iter 100] Raw action[1:3]: [0.9995, 0.9968, 1.0000], noise: 0.0500
[ACTION DEBUG iter 100] WARNING: 7/20 actions clipped (network saturating)
[RLAMPSO DEBUG iter 100] w=0.9000, c1=2.9865, c2=3.0000 | fitness=1958.00
[REWARD DEBUG iter 100] FitnessImprovement: 0.0000 → Reward: +0.0000 (prevFit=1958.00, currFit=1958.00)
[REWARD DEBUG] Stagnation (normal): 0.0000 → Reward: 0.0
[REWARD DEBUG] Stagnation (normal): 0.0000 → Reward: 0.0
[REWARD DEBUG] Stagnation (normal): 0.0000 → Reward: 0.0
[REWARD DEBUG] Stagnation (normal): 0.0000 → Reward: 0.0
[REWARD DEBUG] Stagnation (normal): 0.0000 → Reward: 0.0
[REWARD DEBUG] Stagnation (normal): 0.0000 → Reward: 0.0
[REWARD DEBUG] Stagnation (normal): 0.0000 → Reward: 0.0
[REWARD DEBUG] Stagnation (normal): 0.0000 → Reward: 0.0
[REWARD DEBUG] Stagnation (normal): 0.0000 → Reward: 0.0
[ACTION DEBUG iter 200] Raw action[1:3]: [0.9984, 0.9996, 1.0000], noise: 0.0500
[ACTION DEBUG iter 200] WARNING: 7/20 actions clipped (network saturating)
[RLAMPSO DEBUG iter 200] w=0.9000, c1=3.0000, c2=2.9463 | fitness=1888.24
[REWARD DEBUG iter 200] FitnessImprovement: 0.0000 → Reward: +0.0000 (prevFit=1888.24, currFit=1888.24)
[REWARD DEBUG] Stagnation (normal): 0.0000 → Reward: 0.0
[REWARD DEBUG] Stagnation (normal): 0.0000 → Reward: 0.0
[REWARD DEBUG] Stagnation (normal): 0.0000 → Reward: 0.0
[REWARD DEBUG] Improvement: 5.4432 → Reward: +0.4046
[REWARD DEBUG] Stagnation (normal): 0.0000 → Reward: 0.0
[REWARD DEBUG] Stagnation (normal): 0.0000 → Reward: 0.0
[REWARD DEBUG] Stagnation (normal): 0.0000 → Reward: 0.0
[REWARD DEBUG] Stagnation (normal): 0.0000 → Reward: 0.0
[REWARD DEBUG] Stagnation (normal): 0.0000 → Reward: 0.0
[REWARD DEBUG] Stagnation (normal): 0.0000 → Reward: 0.0
[REWARD DEBUG] Stagnation (normal): 0.0000 → Reward: 0.0
[REWARD DEBUG] Stagnation (normal): 0.0000 → Reward: 0.0
[REWARD DEBUG] Stagnation (normal): 0.0000 → Reward: 0.0
[REWARD DEBUG] Stagnation (normal): 0.0000 → Reward: 0.0
[REWARD DEBUG] Stagnation (normal): 0.0000 → Reward: 0.0
[REWARD DEBUG] Stagnation (normal): 0.0000 → Reward: 0.0
[REWARD DEBUG] Stagnation (normal): 0.0000 → Reward: 0.0
[REWARD DEBUG] Stagnation (normal): 0.0000 → Reward: 0.0
[ACTION DEBUG iter 300] Raw action[1:3]: [0.9915, 1.0000, 1.0000], noise: 0.0500
[ACTION DEBUG iter 300] WARNING: 7/20 actions clipped (network saturating)
[RLAMPSO DEBUG iter 300] w=0.9000, c1=2.9625, c2=2.9322 | fitness=1870.22
[REWARD DEBUG iter 300] FitnessImprovement: 25.4887 → Reward: +0.7115 (prevFit=1870.22, currFit=1844.74)
[REWARD DEBUG] Stagnation (normal): 0.0000 → Reward: 0.0
[REWARD DEBUG] Stagnation (normal): 0.0000 → Reward: 0.0
[REWARD DEBUG] Stagnation (normal): 0.0000 → Reward: 0.0
[REWARD DEBUG] Stagnation (normal): 0.0000 → Reward: 0.0
[REWARD DEBUG] Stagnation (normal): 0.0000 → Reward: 0.0
[REWARD DEBUG] Stagnation (normal): 0.0000 → Reward: 0.0
[REWARD DEBUG] Stagnation (normal): 0.0000 → Reward: 0.0
[REWARD DEBUG] Stagnation (normal): 0.0000 → Reward: 0.0
[REWARD DEBUG] Stagnation (normal): 0.0000 → Reward: 0.0
[ACTION DEBUG iter 400] Raw action[1:3]: [1.0000, 0.9717, 1.0000], noise: 0.0500
[ACTION DEBUG iter 400] WARNING: 7/20 actions clipped (network saturating)
[RLAMPSO DEBUG iter 400] w=0.9000, c1=2.7777, c2=3.0000 | fitness=1844.74
[REWARD DEBUG iter 400] FitnessImprovement: 0.0000 → Reward: +0.0000 (prevFit=1844.74, currFit=1844.74)
[REWARD DEBUG] Stagnation (normal): 0.0000 → Reward: 0.0
[REWARD DEBUG] Stagnation (normal): 0.0000 → Reward: 0.0
[REWARD DEBUG] Stagnation (normal): 0.0000 → Reward: 0.0
[REWARD DEBUG] Stagnation (normal): 0.0000 → Reward: 0.0
[REWARD DEBUG] Stagnation (normal): 0.0000 → Reward: 0.0
[REWARD DEBUG] Stagnation (normal): 0.0000 → Reward: 0.0
[REWARD DEBUG] Stagnation (normal): 0.0000 → Reward: 0.0
[REWARD DEBUG] Stagnation (normal): 0.0000 → Reward: 0.0
[REWARD DEBUG] Stagnation (normal): 0.0000 → Reward: 0.0
[ACTION DEBUG iter 500] Raw action[1:3]: [1.0000, 0.9982, 1.0000], noise: 0.0500
[ACTION DEBUG iter 500] WARNING: 8/20 actions clipped (network saturating)
[RLAMPSO DEBUG iter 500] w=0.9000, c1=3.0000, c2=3.0000 | fitness=1832.44
[REWARD DEBUG iter 500] FitnessImprovement: 0.0000 → Reward: +0.0000 (prevFit=1832.44, currFit=1832.44)
[REWARD DEBUG] Stagnation (normal): 0.0000 → Reward: 0.0
[REWARD DEBUG] Stagnation (normal): 0.0000 → Reward: 0.0
[REWARD DEBUG] Stagnation (normal): 0.0000 → Reward: 0.0
[REWARD DEBUG] Stagnation (normal): 0.0000 → Reward: 0.0
[REWARD DEBUG] Stagnation (normal): 0.0000 → Reward: 0.0
[REWARD DEBUG] Stagnation (normal): 0.0000 → Reward: 0.0
[REWARD DEBUG] Stagnation (normal): 0.0000 → Reward: 0.0
[REWARD DEBUG] Stagnation (normal): 0.0000 → Reward: 0.0
[REWARD DEBUG] Stagnation (normal): 0.0000 → Reward: 0.0
[ACTION DEBUG iter 600] Raw action[1:3]: [1.0000, 0.9960, 1.0000], noise: 0.0500
[ACTION DEBUG iter 600] WARNING: 9/20 actions clipped (network saturating)
[RLAMPSO DEBUG iter 600] w=0.9000, c1=2.9383, c2=3.0000 | fitness=1832.44
[REWARD DEBUG iter 600] FitnessImprovement: 0.0000 → Reward: +0.0000 (prevFit=1832.44, currFit=1832.44)
[Ep  84/1000] Fit:  1832.4 | Avg:  1913.5 | Reward: +137.4 | Time: 150.3s
          Buffer: 38362 | Noise: 0.0656 | ActorLoss: 4.677e-01 | CriticLoss: 5.786e-01
[REWARD DEBUG] Improvement: 92.5813 → Reward: +0.9856
[REWARD DEBUG] Stagnation (normal): 0.0000 → Reward: 0.0
[REWARD DEBUG] Stagnation (normal): 0.0000 → Reward: 0.0
[REWARD DEBUG] Stagnation (normal): 0.0000 → Reward: 0.0
[REWARD DEBUG] Improvement: 10.5236 → Reward: +0.5308
[REWARD DEBUG] Stagnation (normal): 0.0000 → Reward: 0.0
[REWARD DEBUG] Stagnation (normal): 0.0000 → Reward: 0.0
[REWARD DEBUG] Stagnation (normal): 0.0000 → Reward: 0.0
[REWARD DEBUG] Stagnation (normal): 0.0000 → Reward: 0.0
[REWARD DEBUG] Stagnation (normal): 0.0000 → Reward: 0.0
[REWARD DEBUG] Stagnation (normal): 0.0000 → Reward: 0.0
[ACTION DEBUG iter 100] Raw action[1:3]: [1.0000, 0.9920, 1.0000], noise: 0.0500
[ACTION DEBUG iter 100] WARNING: 6/20 actions clipped (network saturating)
[RLAMPSO DEBUG iter 100] w=0.9000, c1=2.9726, c2=2.8751 | fitness=1911.87
[REWARD DEBUG] Stagnation (normal): 0.0000 → Reward: 0.0
[REWARD DEBUG iter 100] FitnessImprovement: 0.0000 → Reward: +0.0000 (prevFit=1911.87, currFit=1911.87)
[REWARD DEBUG] Stagnation (normal): 0.0000 → Reward: 0.0
[REWARD DEBUG] Stagnation (normal): 0.0000 → Reward: 0.0
[REWARD DEBUG] Stagnation (normal): 0.0000 → Reward: 0.0
[REWARD DEBUG] Stagnation (normal): 0.0000 → Reward: 0.0
[REWARD DEBUG] Stagnation (normal): 0.0000 → Reward: 0.0
[REWARD DEBUG] Stagnation (normal): 0.0000 → Reward: 0.0
[REWARD DEBUG] Stagnation (normal): 0.0000 → Reward: 0.0
[REWARD DEBUG] Stagnation (normal): 0.0000 → Reward: 0.0
[REWARD DEBUG] Stagnation (normal): 0.0000 → Reward: 0.0
[REWARD DEBUG] Stagnation (normal): 0.0000 → Reward: 0.0
[REWARD DEBUG] Stagnation (normal): 0.0000 → Reward: 0.0
[REWARD DEBUG] Stagnation (normal): 0.0000 → Reward: 0.0
[ACTION DEBUG iter 200] Raw action[1:3]: [1.0000, 0.9945, 1.0000], noise: 0.0500
[ACTION DEBUG iter 200] WARNING: 10/20 actions clipped (network saturating)
[RLAMPSO DEBUG iter 200] w=0.9000, c1=3.0000, c2=3.0000 | fitness=1911.87
[REWARD DEBUG iter 200] FitnessImprovement: 0.0000 → Reward: +0.0000 (prevFit=1911.87, currFit=1911.87)
[REWARD DEBUG] Stagnation (normal): 0.0000 → Reward: 0.0
[REWARD DEBUG] Stagnation (normal): 0.0000 → Reward: 0.0
[REWARD DEBUG] Stagnation (normal): 0.0000 → Reward: 0.0
[REWARD DEBUG] Stagnation (normal): 0.0000 → Reward: 0.0
[REWARD DEBUG] Stagnation (normal): 0.0000 → Reward: 0.0
[Ep  85/1000] Fit:  1911.9 | Avg:  1900.4 | Reward: +150.5 | Time:  45.2s
          Buffer: 38526 | Noise: 0.0653 | ActorLoss: -1.996e-02 | CriticLoss: 1.590e+00
[REWARD DEBUG] Stagnation (normal): 0.0000 → Reward: 0.0
[REWARD DEBUG] Stagnation (normal): 0.0000 → Reward: 0.0
[REWARD DEBUG] Stagnation (normal): 0.0000 → Reward: 0.0
[REWARD DEBUG] Stagnation (normal): 0.0000 → Reward: 0.0
[REWARD DEBUG] Stagnation (normal): 0.0000 → Reward: 0.0
[REWARD DEBUG] Stagnation (normal): 0.0000 → Reward: 0.0
[REWARD DEBUG] Stagnation (normal): 0.0000 → Reward: 0.0
[REWARD DEBUG] Stagnation (normal): 0.0000 → Reward: 0.0
[REWARD DEBUG] Stagnation (normal): 0.0000 → Reward: 0.0
[REWARD DEBUG] Stagnation (normal): 0.0000 → Reward: 0.0
[REWARD DEBUG] Stagnation (normal): 0.0000 → Reward: 0.0
[REWARD DEBUG] Stagnation (normal): 0.0000 → Reward: 0.0
[ACTION DEBUG iter 100] Raw action[1:3]: [1.0000, 0.9989, 1.0000], noise: 0.0500
[ACTION DEBUG iter 100] WARNING: 8/20 actions clipped (network saturating)
[RLAMPSO DEBUG iter 100] w=0.9000, c1=3.0000, c2=2.9885 | fitness=2027.02
[REWARD DEBUG iter 100] FitnessImprovement: 0.0000 → Reward: +0.0000 (prevFit=2027.02, currFit=2027.02)
[REWARD DEBUG] Stagnation (normal): 0.0000 → Reward: 0.0
[REWARD DEBUG] Stagnation (normal): 0.0000 → Reward: 0.0
[REWARD DEBUG] Stagnation (normal): 0.0000 → Reward: 0.0
[REWARD DEBUG] Stagnation (normal): 0.0000 → Reward: 0.0
[REWARD DEBUG] Stagnation (normal): 0.0000 → Reward: 0.0
[REWARD DEBUG] Stagnation (normal): 0.0000 → Reward: 0.0
[REWARD DEBUG] Stagnation (normal): 0.0000 → Reward: 0.0
[REWARD DEBUG] Stagnation (normal): 0.0000 → Reward: 0.0
[REWARD DEBUG] Stagnation (normal): 0.0000 → Reward: 0.0
[REWARD DEBUG] Stagnation (normal): 0.0000 → Reward: 0.0
[ACTION DEBUG iter 200] Raw action[1:3]: [1.0000, 0.9993, 1.0000], noise: 0.0500
[ACTION DEBUG iter 200] WARNING: 11/20 actions clipped (network saturating)
[RLAMPSO DEBUG iter 200] w=0.9000, c1=2.9519, c2=3.0000 | fitness=1954.65
[REWARD DEBUG iter 200] FitnessImprovement: 0.0000 → Reward: +0.0000 (prevFit=1954.65, currFit=1954.65)
[REWARD DEBUG] Stagnation (normal): 0.0000 → Reward: 0.0
[REWARD DEBUG] Stagnation (normal): 0.0000 → Reward: 0.0
[REWARD DEBUG] Stagnation (normal): 0.0000 → Reward: 0.0
[REWARD DEBUG] Stagnation (normal): 0.0000 → Reward: 0.0
[REWARD DEBUG] Stagnation (normal): 0.0000 → Reward: 0.0
[REWARD DEBUG] Stagnation (normal): 0.0000 → Reward: 0.0
[ACTION DEBUG iter 300] Raw action[1:3]: [1.0000, 0.9994, 1.0000], noise: 0.0500
[ACTION DEBUG iter 300] WARNING: 9/20 actions clipped (network saturating)
[RLAMPSO DEBUG iter 300] w=0.9000, c1=2.9766, c2=3.0000 | fitness=1862.74
[REWARD DEBUG iter 300] FitnessImprovement: 0.0000 → Reward: +0.0000 (prevFit=1862.74, currFit=1862.74)
[REWARD DEBUG] Stagnation (normal): 0.0000 → Reward: 0.0
[REWARD DEBUG] Stagnation (normal): 0.0000 → Reward: 0.0
[REWARD DEBUG] Stagnation (normal): 0.0000 → Reward: 0.0
[REWARD DEBUG] Stagnation (normal): 0.0000 → Reward: 0.0
[REWARD DEBUG] Stagnation (normal): 0.0000 → Reward: 0.0
[ACTION DEBUG iter 400] Raw action[1:3]: [1.0000, 0.9998, 1.0000], noise: 0.0500
[ACTION DEBUG iter 400] WARNING: 9/20 actions clipped (network saturating)
[RLAMPSO DEBUG iter 400] w=0.9000, c1=3.0000, c2=3.0000 | fitness=1838.80
[REWARD DEBUG iter 400] FitnessImprovement: 0.0000 → Reward: +0.0000 (prevFit=1838.80, currFit=1838.80)
[REWARD DEBUG] Stagnation (normal): 0.0000 → Reward: 0.0
[REWARD DEBUG] Stagnation (normal): 0.0000 → Reward: 0.0
[REWARD DEBUG] Stagnation (normal): 0.0000 → Reward: 0.0
[REWARD DEBUG] Stagnation (normal): 0.0000 → Reward: 0.0
[Ep  86/1000] Fit:  1838.8 | Avg:  1898.0 | Reward: +152.9 | Time: 103.7s
          Buffer: 38945 | Noise: 0.0650 | ActorLoss: -5.684e-01 | CriticLoss: 3.636e-01
[REWARD DEBUG] Stagnation (normal): 0.0000 → Reward: 0.0
[REWARD DEBUG] Stagnation (normal): 0.0000 → Reward: 0.0
[REWARD DEBUG] Stagnation (normal): 0.0000 → Reward: 0.0
[REWARD DEBUG] Stagnation (normal): 0.0000 → Reward: 0.0
[REWARD DEBUG] Stagnation (normal): 0.0000 → Reward: 0.0
[REWARD DEBUG] Stagnation (normal): 0.0000 → Reward: 0.0
[ACTION DEBUG iter 100] Raw action[1:3]: [1.0000, 0.9998, 1.0000], noise: 0.0500
[ACTION DEBUG iter 100] WARNING: 6/20 actions clipped (network saturating)
[RLAMPSO DEBUG iter 100] w=0.9000, c1=3.0000, c2=3.0000 | fitness=1944.44
[REWARD DEBUG iter 100] FitnessImprovement: 0.0000 → Reward: +0.0000 (prevFit=1944.44, currFit=1944.44)
[REWARD DEBUG] Stagnation (normal): 0.0000 → Reward: 0.0
[REWARD DEBUG] Stagnation (normal): 0.0000 → Reward: 0.0
[REWARD DEBUG] Stagnation (normal): 0.0000 → Reward: 0.0
[REWARD DEBUG] Stagnation (normal): 0.0000 → Reward: 0.0
[REWARD DEBUG] Stagnation (normal): 0.0000 → Reward: 0.0
[REWARD DEBUG] Stagnation (normal): 0.0000 → Reward: 0.0
[REWARD DEBUG] Stagnation (normal): 0.0000 → Reward: 0.0
[REWARD DEBUG] Stagnation (normal): 0.0000 → Reward: 0.0
[REWARD DEBUG] Stagnation (normal): 0.0000 → Reward: 0.0
[REWARD DEBUG] Stagnation (normal): 0.0000 → Reward: 0.0
[REWARD DEBUG] Stagnation (normal): 0.0000 → Reward: 0.0
[ACTION DEBUG iter 200] Raw action[1:3]: [1.0000, 0.9998, 1.0000], noise: 0.0500
[ACTION DEBUG iter 200] WARNING: 8/20 actions clipped (network saturating)
[RLAMPSO DEBUG iter 200] w=0.9000, c1=2.9942, c2=3.0000 | fitness=1909.55
[REWARD DEBUG iter 200] FitnessImprovement: 0.0000 → Reward: +0.0000 (prevFit=1909.55, currFit=1909.55)
[REWARD DEBUG] Stagnation (normal): 0.0000 → Reward: 0.0
[REWARD DEBUG] Stagnation (normal): 0.0000 → Reward: 0.0
[REWARD DEBUG] Stagnation (normal): 0.0000 → Reward: 0.0
[REWARD DEBUG] Stagnation (normal): 0.0000 → Reward: 0.0
[REWARD DEBUG] Stagnation (normal): 0.0000 → Reward: 0.0
[REWARD DEBUG] Stagnation (normal): 0.0000 → Reward: 0.0
[REWARD DEBUG] Stagnation (normal): 0.0000 → Reward: 0.0
[REWARD DEBUG] Stagnation (normal): 0.0000 → Reward: 0.0
[REWARD DEBUG] Stagnation (normal): 0.0000 → Reward: 0.0
[REWARD DEBUG] Stagnation (normal): 0.0000 → Reward: 0.0
[ACTION DEBUG iter 300] Raw action[1:3]: [1.0000, 0.9998, 1.0000], noise: 0.0500
[ACTION DEBUG iter 300] WARNING: 11/20 actions clipped (network saturating)
[RLAMPSO DEBUG iter 300] w=0.9000, c1=3.0000, c2=3.0000 | fitness=1842.74
[REWARD DEBUG iter 300] FitnessImprovement: 0.0000 → Reward: +0.0000 (prevFit=1842.74, currFit=1842.74)
[REWARD DEBUG] Stagnation (normal): 0.0000 → Reward: 0.0
[REWARD DEBUG] Stagnation (normal): 0.0000 → Reward: 0.0
[REWARD DEBUG] Stagnation (normal): 0.0000 → Reward: 0.0
[REWARD DEBUG] Stagnation (normal): 0.0000 → Reward: 0.0
[REWARD DEBUG] Stagnation (normal): 0.0000 → Reward: 0.0
[REWARD DEBUG] Stagnation (normal): 0.0000 → Reward: 0.0
[REWARD DEBUG] Stagnation (normal): 0.0000 → Reward: 0.0
[ACTION DEBUG iter 400] Raw action[1:3]: [1.0000, 0.9999, 1.0000], noise: 0.0500
[ACTION DEBUG iter 400] WARNING: 9/20 actions clipped (network saturating)
[RLAMPSO DEBUG iter 400] w=0.9000, c1=3.0000, c2=3.0000 | fitness=1842.74
[REWARD DEBUG iter 400] FitnessImprovement: 13.7975 → Reward: +0.5851 (prevFit=1842.74, currFit=1828.94)
[REWARD DEBUG] Stagnation (normal): 0.0000 → Reward: 0.0
[REWARD DEBUG] Stagnation (normal): 0.0000 → Reward: 0.0
[REWARD DEBUG] Stagnation (normal): 0.0000 → Reward: 0.0
[REWARD DEBUG] Stagnation (normal): 0.0000 → Reward: 0.0
[REWARD DEBUG] Stagnation (normal): 0.0000 → Reward: 0.0
[REWARD DEBUG] Stagnation (normal): 0.0000 → Reward: 0.0
[ACTION DEBUG iter 500] Raw action[1:3]: [1.0000, 0.9999, 1.0000], noise: 0.0500
[ACTION DEBUG iter 500] WARNING: 13/20 actions clipped (network saturating)
[RLAMPSO DEBUG iter 500] w=0.9000, c1=2.9009, c2=3.0000 | fitness=1828.94
[REWARD DEBUG iter 500] FitnessImprovement: 0.0000 → Reward: +0.0000 (prevFit=1828.94, currFit=1828.94)
[REWARD DEBUG] Stagnation (normal): 0.0000 → Reward: 0.0
[REWARD DEBUG] Stagnation (normal): 0.0000 → Reward: 0.0
[REWARD DEBUG] Stagnation (normal): 0.0000 → Reward: 0.0
[REWARD DEBUG] Stagnation (normal): 0.0000 → Reward: 0.0
[REWARD DEBUG] Stagnation (normal): 0.0000 → Reward: 0.0
[Ep  87/1000] Fit:  1828.9 | Avg:  1889.2 | Reward: +161.7 | Time: 143.4s
          Buffer: 39446 | Noise: 0.0647 | ActorLoss: -7.689e-01 | CriticLoss: 1.085e-01
[REWARD DEBUG] Stagnation (normal): 0.0000 → Reward: 0.0
[REWARD DEBUG] Stagnation (normal): 0.0000 → Reward: 0.0
[REWARD DEBUG] Stagnation (normal): 0.0000 → Reward: 0.0
[REWARD DEBUG] Stagnation (normal): 0.0000 → Reward: 0.0
[REWARD DEBUG] Stagnation (normal): 0.0000 → Reward: 0.0
[REWARD DEBUG] Stagnation (normal): 0.0000 → Reward: 0.0
[REWARD DEBUG] Stagnation (normal): 0.0000 → Reward: 0.0
[REWARD DEBUG] Stagnation (normal): 0.0000 → Reward: 0.0
[ACTION DEBUG iter 100] Raw action[1:3]: [1.0000, 0.9999, 1.0000], noise: 0.0500
[ACTION DEBUG iter 100] WARNING: 8/20 actions clipped (network saturating)
[RLAMPSO DEBUG iter 100] w=0.9000, c1=3.0000, c2=2.9573 | fitness=2113.23
[REWARD DEBUG iter 100] FitnessImprovement: 0.0000 → Reward: +0.0000 (prevFit=2113.23, currFit=2113.23)
[REWARD DEBUG] Stagnation (normal): 0.0000 → Reward: 0.0
[REWARD DEBUG] Stagnation (normal): 0.0000 → Reward: 0.0
[REWARD DEBUG] Stagnation (normal): 0.0000 → Reward: 0.0
[REWARD DEBUG] Stagnation (normal): 0.0000 → Reward: 0.0
[REWARD DEBUG] Stagnation (normal): 0.0000 → Reward: 0.0
[REWARD DEBUG] Stagnation (normal): 0.0000 → Reward: 0.0
[REWARD DEBUG] Stagnation (normal): 0.0000 → Reward: 0.0
[REWARD DEBUG] Stagnation (normal): 0.0000 → Reward: 0.0
[REWARD DEBUG] Stagnation (normal): 0.0000 → Reward: 0.0
[ACTION DEBUG iter 200] Raw action[1:3]: [1.0000, 0.9999, 1.0000], noise: 0.0500
[ACTION DEBUG iter 200] WARNING: 12/20 actions clipped (network saturating)
[RLAMPSO DEBUG iter 200] w=0.9000, c1=2.9029, c2=2.8979 | fitness=1960.98
[REWARD DEBUG iter 200] FitnessImprovement: 0.0000 → Reward: +0.0000 (prevFit=1960.98, currFit=1960.98)
[REWARD DEBUG] Stagnation (normal): 0.0000 → Reward: 0.0
[REWARD DEBUG] Stagnation (normal): 0.0000 → Reward: 0.0
[REWARD DEBUG] Stagnation (normal): 0.0000 → Reward: 0.0
[REWARD DEBUG] Stagnation (normal): 0.0000 → Reward: 0.0
[REWARD DEBUG] Stagnation (normal): 0.0000 → Reward: 0.0
[REWARD DEBUG] Stagnation (normal): 0.0000 → Reward: 0.0
[REWARD DEBUG] Stagnation (normal): 0.0000 → Reward: 0.0
[REWARD DEBUG] Stagnation (normal): 0.0000 → Reward: 0.0
[REWARD DEBUG] Stagnation (normal): 0.0000 → Reward: 0.0
[REWARD DEBUG] Stagnation (normal): 0.0000 → Reward: 0.0
[ACTION DEBUG iter 300] Raw action[1:3]: [1.0000, 0.9999, 1.0000], noise: 0.0500
[ACTION DEBUG iter 300] WARNING: 9/20 actions clipped (network saturating)
[RLAMPSO DEBUG iter 300] w=0.9000, c1=2.9769, c2=3.0000 | fitness=1922.95
[REWARD DEBUG iter 300] FitnessImprovement: 0.0000 → Reward: +0.0000 (prevFit=1922.95, currFit=1922.95)
[REWARD DEBUG] Stagnation (normal): 0.0000 → Reward: 0.0
[REWARD DEBUG] Stagnation (normal): 0.0000 → Reward: 0.0
[REWARD DEBUG] Stagnation (normal): 0.0000 → Reward: 0.0
[REWARD DEBUG] Stagnation (normal): 0.0000 → Reward: 0.0
[REWARD DEBUG] Stagnation (normal): 0.0000 → Reward: 0.0
[REWARD DEBUG] Stagnation (normal): 0.0000 → Reward: 0.0
[REWARD DEBUG] Stagnation (normal): 0.0000 → Reward: 0.0
[REWARD DEBUG] Stagnation (normal): 0.0000 → Reward: 0.0
[REWARD DEBUG] Stagnation (normal): 0.0000 → Reward: 0.0
[REWARD DEBUG] Stagnation (normal): 0.0000 → Reward: 0.0
[ACTION DEBUG iter 400] Raw action[1:3]: [1.0000, 0.9999, 1.0000], noise: 0.0500
[ACTION DEBUG iter 400] WARNING: 8/20 actions clipped (network saturating)
[RLAMPSO DEBUG iter 400] w=0.9000, c1=2.9842, c2=2.9222 | fitness=1905.44
[REWARD DEBUG iter 400] FitnessImprovement: 0.0000 → Reward: +0.0000 (prevFit=1905.44, currFit=1905.44)
[REWARD DEBUG] Stagnation (normal): 0.0000 → Reward: 0.0
[REWARD DEBUG] Stagnation (normal): 0.0000 → Reward: 0.0
[REWARD DEBUG] Stagnation (normal): 0.0000 → Reward: 0.0
[REWARD DEBUG] Stagnation (normal): 0.0000 → Reward: 0.0
[REWARD DEBUG] Stagnation (normal): 0.0000 → Reward: 0.0
[REWARD DEBUG] Stagnation (normal): 0.0000 → Reward: 0.0
[REWARD DEBUG] Stagnation (normal): 0.0000 → Reward: 0.0
[REWARD DEBUG] Stagnation (normal): 0.0000 → Reward: 0.0
[REWARD DEBUG] Stagnation (normal): 0.0000 → Reward: 0.0
[Ep  88/1000] Fit:  1905.4 | Avg:  1881.4 | Reward: +169.5 | Time: 111.6s
          Buffer: 39855 | Noise: 0.0643 | ActorLoss: -9.447e-01 | CriticLoss: 3.281e-01
[REWARD DEBUG] Improvement: 74.5917 → Reward: +0.9392
[REWARD DEBUG] Stagnation (normal): 0.0000 → Reward: 0.0
[REWARD DEBUG] Stagnation (normal): 0.0000 → Reward: 0.0
[REWARD DEBUG] Stagnation (normal): 0.0000 → Reward: 0.0
[REWARD DEBUG] Stagnation (normal): 0.0000 → Reward: 0.0
[REWARD DEBUG] Stagnation (normal): 0.0000 → Reward: 0.0
[REWARD DEBUG] Improvement: 3.4788 → Reward: +0.3256
[REWARD DEBUG] Stagnation (normal): 0.0000 → Reward: 0.0
[REWARD DEBUG] Stagnation (normal): 0.0000 → Reward: 0.0
[ACTION DEBUG iter 100] Raw action[1:3]: [1.0000, 0.9999, 1.0000], noise: 0.0500
[ACTION DEBUG iter 100] WARNING: 8/20 actions clipped (network saturating)
[RLAMPSO DEBUG iter 100] w=0.9000, c1=3.0000, c2=2.9445 | fitness=1995.13
[REWARD DEBUG iter 100] FitnessImprovement: 0.0000 → Reward: +0.0000 (prevFit=1995.13, currFit=1995.13)
[REWARD DEBUG] Stagnation (normal): 0.0000 → Reward: 0.0
[REWARD DEBUG] Stagnation (normal): 0.0000 → Reward: 0.0
[REWARD DEBUG] Stagnation (normal): 0.0000 → Reward: 0.0
[REWARD DEBUG] Stagnation (normal): 0.0000 → Reward: 0.0
[REWARD DEBUG] Stagnation (normal): 0.0000 → Reward: 0.0
[REWARD DEBUG] Stagnation (normal): 0.0000 → Reward: 0.0
[REWARD DEBUG] Stagnation (normal): 0.0000 → Reward: 0.0
[REWARD DEBUG] Stagnation (normal): 0.0000 → Reward: 0.0
[REWARD DEBUG] Stagnation (normal): 0.0000 → Reward: 0.0
[REWARD DEBUG] Stagnation (normal): 0.0000 → Reward: 0.0
[REWARD DEBUG] Stagnation (normal): 0.0000 → Reward: 0.0
[REWARD DEBUG] Stagnation (normal): 0.0000 → Reward: 0.0
[REWARD DEBUG] Stagnation (normal): 0.0000 → Reward: 0.0
[ACTION DEBUG iter 200] Raw action[1:3]: [1.0000, 1.0000, 1.0000], noise: 0.0500
[ACTION DEBUG iter 200] WARNING: 9/20 actions clipped (network saturating)
[RLAMPSO DEBUG iter 200] w=0.9000, c1=2.9733, c2=2.9747 | fitness=1948.36
[REWARD DEBUG iter 200] FitnessImprovement: 0.0000 → Reward: +0.0000 (prevFit=1948.36, currFit=1948.36)
[REWARD DEBUG] Stagnation (normal): 0.0000 → Reward: 0.0
[REWARD DEBUG] Stagnation (normal): 0.0000 → Reward: 0.0
[REWARD DEBUG] Stagnation (normal): 0.0000 → Reward: 0.0
[REWARD DEBUG] Stagnation (normal): 0.0000 → Reward: 0.0
[REWARD DEBUG] Stagnation (normal): 0.0000 → Reward: 0.0
[REWARD DEBUG] Stagnation (normal): 0.0000 → Reward: 0.0
[REWARD DEBUG] Stagnation (normal): 0.0000 → Reward: 0.0
[REWARD DEBUG] Stagnation (normal): 0.0000 → Reward: 0.0
[REWARD DEBUG] Stagnation (normal): 0.0000 → Reward: 0.0
[REWARD DEBUG] Stagnation (normal): 0.0000 → Reward: 0.0
[REWARD DEBUG] Stagnation (normal): 0.0000 → Reward: 0.0
[REWARD DEBUG] Stagnation (normal): 0.0000 → Reward: 0.0
[ACTION DEBUG iter 300] Raw action[1:3]: [1.0000, 1.0000, 1.0000], noise: 0.0500
[ACTION DEBUG iter 300] WARNING: 7/20 actions clipped (network saturating)
[RLAMPSO DEBUG iter 300] w=0.9000, c1=3.0000, c2=3.0000 | fitness=1938.16
[REWARD DEBUG iter 300] FitnessImprovement: 0.0000 → Reward: +0.0000 (prevFit=1938.16, currFit=1938.16)
[REWARD DEBUG] Stagnation (normal): 0.0000 → Reward: 0.0
[REWARD DEBUG] Stagnation (normal): 0.0000 → Reward: 0.0
[REWARD DEBUG] Stagnation (normal): 0.0000 → Reward: 0.0
[REWARD DEBUG] Stagnation (normal): 0.0000 → Reward: 0.0
[REWARD DEBUG] Stagnation (normal): 0.0000 → Reward: 0.0
[REWARD DEBUG] Stagnation (normal): 0.0000 → Reward: 0.0
[REWARD DEBUG] Stagnation (normal): 0.0000 → Reward: 0.0
[REWARD DEBUG] Stagnation (normal): 0.0000 → Reward: 0.0
[REWARD DEBUG] Stagnation (normal): 0.0000 → Reward: 0.0
[REWARD DEBUG] Stagnation (normal): 0.0000 → Reward: 0.0
[REWARD DEBUG] Stagnation (normal): 0.0000 → Reward: 0.0
[REWARD DEBUG] Stagnation (normal): 0.0000 → Reward: 0.0
[REWARD DEBUG] Stagnation (normal): 0.0000 → Reward: 0.0
[REWARD DEBUG] Stagnation (normal): 0.0000 → Reward: 0.0
[ACTION DEBUG iter 400] Raw action[1:3]: [1.0000, 1.0000, 1.0000], noise: 0.0500
[ACTION DEBUG iter 400] WARNING: 8/20 actions clipped (network saturating)
[RLAMPSO DEBUG iter 400] w=0.9000, c1=3.0000, c2=2.8882 | fitness=1934.29
[REWARD DEBUG iter 400] FitnessImprovement: 0.0000 → Reward: +0.0000 (prevFit=1934.29, currFit=1934.29)
[REWARD DEBUG] Stagnation (normal): 0.0000 → Reward: 0.0
[REWARD DEBUG] Stagnation (normal): 0.0000 → Reward: 0.0
[REWARD DEBUG] Stagnation (normal): 0.0000 → Reward: 0.0
[REWARD DEBUG] Stagnation (normal): 0.0000 → Reward: 0.0
[REWARD DEBUG] Stagnation (normal): 0.0000 → Reward: 0.0
[REWARD DEBUG] Stagnation (normal): 0.0000 → Reward: 0.0
[REWARD DEBUG] Stagnation (normal): 0.0000 → Reward: 0.0
[REWARD DEBUG] Stagnation (normal): 0.0000 → Reward: 0.0
[ACTION DEBUG iter 500] Raw action[1:3]: [1.0000, 1.0000, 1.0000], noise: 0.0500
[ACTION DEBUG iter 500] WARNING: 11/20 actions clipped (network saturating)
[RLAMPSO DEBUG iter 500] w=0.9000, c1=2.9886, c2=2.9749 | fitness=1923.38
[REWARD DEBUG iter 500] FitnessImprovement: 0.0000 → Reward: +0.0000 (prevFit=1923.38, currFit=1923.38)
[REWARD DEBUG] Stagnation (normal): 0.0000 → Reward: 0.0
[REWARD DEBUG] Stagnation (normal): 0.0000 → Reward: 0.0
[REWARD DEBUG] Stagnation (normal): 0.0000 → Reward: 0.0
[REWARD DEBUG] Stagnation (normal): 0.0000 → Reward: 0.0
[REWARD DEBUG] Stagnation (normal): 0.0000 → Reward: 0.0
[REWARD DEBUG] Stagnation (normal): 0.0000 → Reward: 0.0
[REWARD DEBUG] Stagnation (normal): 0.0000 → Reward: 0.0
[REWARD DEBUG] Stagnation (normal): 0.0000 → Reward: 0.0
[REWARD DEBUG] Stagnation (normal): 0.0000 → Reward: 0.0
[REWARD DEBUG] Stagnation (normal): 0.0000 → Reward: 0.0
[REWARD DEBUG] Stagnation (normal): 0.0000 → Reward: 0.0
[REWARD DEBUG] Stagnation (normal): 0.0000 → Reward: 0.0
[REWARD DEBUG] Stagnation (normal): 0.0000 → Reward: 0.0
[Ep  89/1000] Fit:  1923.4 | Avg:  1884.3 | Reward: +166.6 | Time: 139.3s
          Buffer: 40397 | Noise: 0.0640 | ActorLoss: -3.162e-01 | CriticLoss: 3.500e-01
[REWARD DEBUG] Stagnation (normal): 0.0000 → Reward: 0.0
[REWARD DEBUG] Stagnation (normal): 0.0000 → Reward: 0.0
[REWARD DEBUG] Stagnation (normal): 0.0000 → Reward: 0.0
[REWARD DEBUG] Stagnation (normal): 0.0000 → Reward: 0.0
[REWARD DEBUG] Stagnation (normal): 0.0000 → Reward: 0.0
[REWARD DEBUG] Stagnation (normal): 0.0000 → Reward: 0.0
[REWARD DEBUG] Stagnation (normal): 0.0000 → Reward: 0.0
[REWARD DEBUG] Stagnation (normal): 0.0000 → Reward: 0.0
[REWARD DEBUG] Stagnation (normal): 0.0000 → Reward: 0.0
[REWARD DEBUG] Stagnation (normal): 0.0000 → Reward: 0.0
[ACTION DEBUG iter 100] Raw action[1:3]: [1.0000, 1.0000, 1.0000], noise: 0.0500
[ACTION DEBUG iter 100] WARNING: 10/20 actions clipped (network saturating)
[RLAMPSO DEBUG iter 100] w=0.9000, c1=3.0000, c2=2.9798 | fitness=1975.12
[REWARD DEBUG iter 100] FitnessImprovement: 2.1188 → Reward: +0.2470 (prevFit=1975.12, currFit=1973.00)
[REWARD DEBUG] Stagnation (normal): 0.0000 → Reward: 0.0
[REWARD DEBUG] Stagnation (normal): 0.0000 → Reward: 0.0
[REWARD DEBUG] Stagnation (normal): 0.0000 → Reward: 0.0
[REWARD DEBUG] Stagnation (normal): 0.0000 → Reward: 0.0
[REWARD DEBUG] Stagnation (normal): 0.0000 → Reward: 0.0
[REWARD DEBUG] Stagnation (normal): 0.0000 → Reward: 0.0
[REWARD DEBUG] Stagnation (normal): 0.0000 → Reward: 0.0
[ACTION DEBUG iter 200] Raw action[1:3]: [1.0000, 1.0000, 1.0000], noise: 0.0500
[ACTION DEBUG iter 200] WARNING: 9/20 actions clipped (network saturating)
[RLAMPSO DEBUG iter 200] w=0.9000, c1=2.9411, c2=3.0000 | fitness=1908.35
[REWARD DEBUG iter 200] FitnessImprovement: 0.0000 → Reward: +0.0000 (prevFit=1908.35, currFit=1908.35)
[REWARD DEBUG] Stagnation (normal): 0.0000 → Reward: 0.0
[REWARD DEBUG] Stagnation (normal): 0.0000 → Reward: 0.0
[REWARD DEBUG] Stagnation (normal): 0.0000 → Reward: 0.0
[REWARD DEBUG] Stagnation (normal): 0.0000 → Reward: 0.0
[REWARD DEBUG] Stagnation (normal): 0.0000 → Reward: 0.0
[REWARD DEBUG] Stagnation (normal): 0.0000 → Reward: 0.0
[ACTION DEBUG iter 300] Raw action[1:3]: [1.0000, 1.0000, 1.0000], noise: 0.0500
[ACTION DEBUG iter 300] WARNING: 8/20 actions clipped (network saturating)
[RLAMPSO DEBUG iter 300] w=0.9000, c1=2.8994, c2=2.9824 | fitness=1895.63
[REWARD DEBUG iter 300] FitnessImprovement: 0.0000 → Reward: +0.0000 (prevFit=1895.63, currFit=1895.63)
[REWARD DEBUG] Stagnation (normal): 0.0000 → Reward: 0.0
[REWARD DEBUG] Stagnation (normal): 0.0000 → Reward: 0.0
[REWARD DEBUG] Stagnation (normal): 0.0000 → Reward: 0.0
[REWARD DEBUG] Stagnation (normal): 0.0000 → Reward: 0.0
[REWARD DEBUG] Stagnation (normal): 0.0000 → Reward: 0.0
[REWARD DEBUG] Stagnation (normal): 0.0000 → Reward: 0.0
[REWARD DEBUG] Stagnation (normal): 0.0000 → Reward: 0.0
[ACTION DEBUG iter 400] Raw action[1:3]: [1.0000, 1.0000, 1.0000], noise: 0.0500
[ACTION DEBUG iter 400] WARNING: 14/20 actions clipped (network saturating)
[RLAMPSO DEBUG iter 400] w=0.9000, c1=2.9123, c2=3.0000 | fitness=1855.75
[REWARD DEBUG iter 400] FitnessImprovement: 0.0000 → Reward: +0.0000 (prevFit=1855.75, currFit=1855.75)
[REWARD DEBUG] Stagnation (normal): 0.0000 → Reward: 0.0
[REWARD DEBUG] Stagnation (normal): 0.0000 → Reward: 0.0
[REWARD DEBUG] Stagnation (normal): 0.0000 → Reward: 0.0
[REWARD DEBUG] Stagnation (normal): 0.0000 → Reward: 0.0
[REWARD DEBUG] Stagnation (normal): 0.0000 → Reward: 0.0
[REWARD DEBUG] Stagnation (normal): 0.0000 → Reward: 0.0
[REWARD DEBUG] Stagnation (normal): 0.0000 → Reward: 0.0
[REWARD DEBUG] Stagnation (normal): 0.0000 → Reward: 0.0
[REWARD DEBUG] Stagnation (normal): 0.0000 → Reward: 0.0
[Ep  90/1000] Fit:  1855.7 | Avg:  1875.9 | Reward: +175.0 | Time: 127.2s
          Buffer: 40814 | Noise: 0.0637 | ActorLoss: -1.352e+00 | CriticLoss: 6.665e-03
[REWARD DEBUG] Stagnation (normal): 0.0000 → Reward: 0.0
[REWARD DEBUG] Stagnation (normal): 0.0000 → Reward: 0.0
[REWARD DEBUG] Stagnation (normal): 0.0000 → Reward: 0.0
[REWARD DEBUG] Stagnation (normal): 0.0000 → Reward: 0.0
[ACTION DEBUG iter 100] Raw action[1:3]: [1.0000, 1.0000, 1.0000], noise: 0.0500
[ACTION DEBUG iter 100] WARNING: 7/20 actions clipped (network saturating)
[RLAMPSO DEBUG iter 100] w=0.9000, c1=3.0000, c2=2.9828 | fitness=1990.84
[REWARD DEBUG iter 100] FitnessImprovement: 0.0000 → Reward: +0.0000 (prevFit=1990.84, currFit=1990.84)
[REWARD DEBUG] Stagnation (normal): 0.0000 → Reward: 0.0
[REWARD DEBUG] Stagnation (normal): 0.0000 → Reward: 0.0
[REWARD DEBUG] Stagnation (normal): 0.0000 → Reward: 0.0
[REWARD DEBUG] Stagnation (normal): 0.0000 → Reward: 0.0
[REWARD DEBUG] Stagnation (normal): 0.0000 → Reward: 0.0
[REWARD DEBUG] Stagnation (normal): 0.0000 → Reward: 0.0
[REWARD DEBUG] Stagnation (normal): 0.0000 → Reward: 0.0
[REWARD DEBUG] Stagnation (normal): 0.0000 → Reward: 0.0
[REWARD DEBUG] Stagnation (normal): 0.0000 → Reward: 0.0
[ACTION DEBUG iter 200] Raw action[1:3]: [1.0000, 1.0000, 1.0000], noise: 0.0500
[ACTION DEBUG iter 200] WARNING: 10/20 actions clipped (network saturating)
[RLAMPSO DEBUG iter 200] w=0.9000, c1=3.0000, c2=2.9977 | fitness=1907.86
[REWARD DEBUG] Stagnation (normal): 0.0000 → Reward: 0.0
[REWARD DEBUG iter 200] FitnessImprovement: 0.0000 → Reward: +0.0000 (prevFit=1907.86, currFit=1907.86)
[REWARD DEBUG] Stagnation (normal): 0.0000 → Reward: 0.0
[REWARD DEBUG] Stagnation (normal): 0.0000 → Reward: 0.0
[REWARD DEBUG] Stagnation (normal): 0.0000 → Reward: 0.0
[REWARD DEBUG] Stagnation (normal): 0.0000 → Reward: 0.0
[REWARD DEBUG] Stagnation (normal): 0.0000 → Reward: 0.0
[REWARD DEBUG] Stagnation (normal): 0.0000 → Reward: 0.0
[REWARD DEBUG] Stagnation (normal): 0.0000 → Reward: 0.0
[REWARD DEBUG] Stagnation (normal): 0.0000 → Reward: 0.0
[REWARD DEBUG] Stagnation (normal): 0.0000 → Reward: 0.0
[REWARD DEBUG] Stagnation (normal): 0.0000 → Reward: 0.0
[ACTION DEBUG iter 300] Raw action[1:3]: [1.0000, 1.0000, 1.0000], noise: 0.0500
[ACTION DEBUG iter 300] WARNING: 10/20 actions clipped (network saturating)
[RLAMPSO DEBUG iter 300] w=0.9000, c1=2.9651, c2=3.0000 | fitness=1902.66
[REWARD DEBUG iter 300] FitnessImprovement: 0.0000 → Reward: +0.0000 (prevFit=1902.66, currFit=1902.66)
[REWARD DEBUG] Stagnation (normal): 0.0000 → Reward: 0.0
[REWARD DEBUG] Stagnation (normal): 0.0000 → Reward: 0.0
[REWARD DEBUG] Stagnation (normal): 0.0000 → Reward: 0.0
[REWARD DEBUG] Stagnation (normal): 0.0000 → Reward: 0.0
[REWARD DEBUG] Stagnation (normal): 0.0000 → Reward: 0.0
[REWARD DEBUG] Stagnation (normal): 0.0000 → Reward: 0.0
[REWARD DEBUG] Stagnation (normal): 0.0000 → Reward: 0.0
[REWARD DEBUG] Stagnation (normal): 0.0000 → Reward: 0.0
[ACTION DEBUG iter 400] Raw action[1:3]: [1.0000, 1.0000, 1.0000], noise: 0.0500
[ACTION DEBUG iter 400] WARNING: 13/20 actions clipped (network saturating)
[RLAMPSO DEBUG iter 400] w=0.9000, c1=3.0000, c2=3.0000 | fitness=1851.42
[REWARD DEBUG iter 400] FitnessImprovement: 0.0000 → Reward: +0.0000 (prevFit=1851.42, currFit=1851.42)
[REWARD DEBUG] Stagnation (normal): 0.0000 → Reward: 0.0
[REWARD DEBUG] Stagnation (normal): 0.0000 → Reward: 0.0
[REWARD DEBUG] Stagnation (normal): 0.0000 → Reward: 0.0
[REWARD DEBUG] Stagnation (normal): 0.0000 → Reward: 0.0
[REWARD DEBUG] Stagnation (normal): 0.0000 → Reward: 0.0
[REWARD DEBUG] Stagnation (normal): 0.0000 → Reward: 0.0
[REWARD DEBUG] Stagnation (normal): 0.0000 → Reward: 0.0
[REWARD DEBUG] Stagnation (normal): 0.0000 → Reward: 0.0
[REWARD DEBUG] Stagnation (normal): 0.0000 → Reward: 0.0
[REWARD DEBUG] Stagnation (normal): 0.0000 → Reward: 0.0
[Ep  91/1000] Fit:  1851.4 | Avg:  1870.6 | Reward: +180.3 | Time: 121.7s
          Buffer: 41230 | Noise: 0.0634 | ActorLoss: -1.423e+00 | CriticLoss: 4.835e-02
[REWARD DEBUG] Improvement: 16.8158 → Reward: +0.6254
[REWARD DEBUG] Improvement: 211.8154 → Reward: +1.0000
[REWARD DEBUG] Stagnation (normal): 0.0000 → Reward: 0.0
[REWARD DEBUG] Stagnation (normal): 0.0000 → Reward: 0.0
[REWARD DEBUG] Stagnation (normal): 0.0000 → Reward: 0.0
[REWARD DEBUG] Stagnation (normal): 0.0000 → Reward: 0.0
[REWARD DEBUG] Stagnation (normal): 0.0000 → Reward: 0.0
[REWARD DEBUG] Improvement: 23.6038 → Reward: +0.6955
[REWARD DEBUG] Stagnation (normal): 0.0000 → Reward: 0.0
[ACTION DEBUG iter 100] Raw action[1:3]: [1.0000, 1.0000, 1.0000], noise: 0.0500
[ACTION DEBUG iter 100] WARNING: 14/20 actions clipped (network saturating)
[RLAMPSO DEBUG iter 100] w=0.9000, c1=2.9302, c2=3.0000 | fitness=1907.20
[REWARD DEBUG iter 100] FitnessImprovement: 0.0000 → Reward: +0.0000 (prevFit=1907.20, currFit=1907.20)
[REWARD DEBUG] Stagnation (normal): 0.0000 → Reward: 0.0
[REWARD DEBUG] Stagnation (normal): 0.0000 → Reward: 0.0
[REWARD DEBUG] Stagnation (normal): 0.0000 → Reward: 0.0
[REWARD DEBUG] Stagnation (normal): 0.0000 → Reward: 0.0
[REWARD DEBUG] Stagnation (normal): 0.0000 → Reward: 0.0
[REWARD DEBUG] Stagnation (normal): 0.0000 → Reward: 0.0
[REWARD DEBUG] Stagnation (normal): 0.0000 → Reward: 0.0
[REWARD DEBUG] Stagnation (normal): 0.0000 → Reward: 0.0
[REWARD DEBUG] Stagnation (normal): 0.0000 → Reward: 0.0
[REWARD DEBUG] Stagnation (normal): 0.0000 → Reward: 0.0
[REWARD DEBUG] Stagnation (normal): 0.0000 → Reward: 0.0
[REWARD DEBUG] Stagnation (normal): 0.0000 → Reward: 0.0
[REWARD DEBUG] Stagnation (normal): 0.0000 → Reward: 0.0
[ACTION DEBUG iter 200] Raw action[1:3]: [1.0000, 1.0000, 1.0000], noise: 0.0500
[ACTION DEBUG iter 200] WARNING: 9/20 actions clipped (network saturating)
[RLAMPSO DEBUG iter 200] w=0.9000, c1=3.0000, c2=2.9338 | fitness=1872.83
[REWARD DEBUG iter 200] FitnessImprovement: 0.0000 → Reward: +0.0000 (prevFit=1872.83, currFit=1872.83)
[REWARD DEBUG] Stagnation (normal): 0.0000 → Reward: 0.0
[REWARD DEBUG] Stagnation (normal): 0.0000 → Reward: 0.0
[REWARD DEBUG] Stagnation (normal): 0.0000 → Reward: 0.0
[REWARD DEBUG] Stagnation (normal): 0.0000 → Reward: 0.0
[REWARD DEBUG] Stagnation (normal): 0.0000 → Reward: 0.0
[REWARD DEBUG] Stagnation (normal): 0.0000 → Reward: 0.0
[REWARD DEBUG] Stagnation (normal): 0.0000 → Reward: 0.0
[Ep  92/1000] Fit:  1872.8 | Avg:  1873.1 | Reward: +177.8 | Time:  72.4s
          Buffer: 41448 | Noise: 0.0631 | ActorLoss: -1.441e+00 | CriticLoss: 6.624e-02
[REWARD DEBUG] Stagnation (normal): 0.0000 → Reward: 0.0
[REWARD DEBUG] Stagnation (normal): 0.0000 → Reward: 0.0
[REWARD DEBUG] Stagnation (normal): 0.0000 → Reward: 0.0
[REWARD DEBUG] Stagnation (normal): 0.0000 → Reward: 0.0
[REWARD DEBUG] Stagnation (normal): 0.0000 → Reward: 0.0
[REWARD DEBUG] Stagnation (normal): 0.0000 → Reward: 0.0
[ACTION DEBUG iter 100] Raw action[1:3]: [1.0000, 1.0000, 1.0000], noise: 0.0500
[ACTION DEBUG iter 100] WARNING: 7/20 actions clipped (network saturating)
[RLAMPSO DEBUG iter 100] w=0.9000, c1=2.9461, c2=3.0000 | fitness=2044.26
[REWARD DEBUG iter 100] FitnessImprovement: 0.0000 → Reward: +0.0000 (prevFit=2044.26, currFit=2044.26)
[REWARD DEBUG] Stagnation (normal): 0.0000 → Reward: 0.0
[REWARD DEBUG] Stagnation (normal): 0.0000 → Reward: 0.0
[REWARD DEBUG] Stagnation (normal): 0.0000 → Reward: 0.0
[REWARD DEBUG] Stagnation (normal): 0.0000 → Reward: 0.0
[REWARD DEBUG] Stagnation (normal): 0.0000 → Reward: 0.0
[REWARD DEBUG] Stagnation (normal): 0.0000 → Reward: 0.0
[REWARD DEBUG] Stagnation (normal): 0.0000 → Reward: 0.0
[ACTION DEBUG iter 200] Raw action[1:3]: [0.9979, 1.0000, 1.0000], noise: 0.0500
[ACTION DEBUG iter 200] WARNING: 8/20 actions clipped (network saturating)
[RLAMPSO DEBUG iter 200] w=0.9000, c1=2.9958, c2=3.0000 | fitness=1952.03
[REWARD DEBUG iter 200] FitnessImprovement: 0.0000 → Reward: +0.0000 (prevFit=1952.03, currFit=1952.03)
[REWARD DEBUG] Stagnation (normal): 0.0000 → Reward: 0.0
[REWARD DEBUG] Stagnation (normal): 0.0000 → Reward: 0.0
[REWARD DEBUG] Stagnation (normal): 0.0000 → Reward: 0.0
[REWARD DEBUG] Stagnation (normal): 0.0000 → Reward: 0.0
[REWARD DEBUG] Stagnation (normal): 0.0000 → Reward: 0.0
[REWARD DEBUG] Stagnation (normal): 0.0000 → Reward: 0.0
[REWARD DEBUG] Stagnation (normal): 0.0000 → Reward: 0.0
[REWARD DEBUG] Stagnation (normal): 0.0000 → Reward: 0.0
[REWARD DEBUG] Stagnation (normal): 0.0000 → Reward: 0.0
[REWARD DEBUG] Stagnation (normal): 0.0000 → Reward: 0.0
[REWARD DEBUG] Stagnation (normal): 0.0000 → Reward: 0.0
[ACTION DEBUG iter 300] Raw action[1:3]: [0.9996, 1.0000, 1.0000], noise: 0.0500
[ACTION DEBUG iter 300] WARNING: 10/20 actions clipped (network saturating)
[RLAMPSO DEBUG iter 300] w=0.9000, c1=2.9613, c2=2.8729 | fitness=1941.51
[REWARD DEBUG iter 300] FitnessImprovement: 0.0000 → Reward: +0.0000 (prevFit=1941.51, currFit=1941.51)
[REWARD DEBUG] Stagnation (normal): 0.0000 → Reward: 0.0
[REWARD DEBUG] Stagnation (normal): 0.0000 → Reward: 0.0
[REWARD DEBUG] Stagnation (normal): 0.0000 → Reward: 0.0
[REWARD DEBUG] Stagnation (normal): 0.0000 → Reward: 0.0
[REWARD DEBUG] Stagnation (normal): 0.0000 → Reward: 0.0
[REWARD DEBUG] Stagnation (normal): 0.0000 → Reward: 0.0
[REWARD DEBUG] Stagnation (normal): 0.0000 → Reward: 0.0
[ACTION DEBUG iter 400] Raw action[1:3]: [0.9997, 1.0000, 1.0000], noise: 0.0500
[ACTION DEBUG iter 400] WARNING: 8/20 actions clipped (network saturating)
[RLAMPSO DEBUG iter 400] w=0.9000, c1=3.0000, c2=3.0000 | fitness=1908.40
[REWARD DEBUG iter 400] FitnessImprovement: 0.0000 → Reward: +0.0000 (prevFit=1908.40, currFit=1908.40)
[REWARD DEBUG] Stagnation (normal): 0.0000 → Reward: 0.0
[REWARD DEBUG] Stagnation (normal): 0.0000 → Reward: 0.0
[REWARD DEBUG] Stagnation (normal): 0.0000 → Reward: 0.0
[REWARD DEBUG] Stagnation (normal): 0.0000 → Reward: 0.0
[REWARD DEBUG] Stagnation (normal): 0.0000 → Reward: 0.0
[REWARD DEBUG] Stagnation (normal): 0.0000 → Reward: 0.0
[REWARD DEBUG] Stagnation (normal): 0.0000 → Reward: 0.0
[REWARD DEBUG] Stagnation (normal): 0.0000 → Reward: 0.0
[REWARD DEBUG] Stagnation (normal): 0.0000 → Reward: 0.0
[ACTION DEBUG iter 500] Raw action[1:3]: [0.9998, 1.0000, 1.0000], noise: 0.0500
[ACTION DEBUG iter 500] WARNING: 8/20 actions clipped (network saturating)
[RLAMPSO DEBUG iter 500] w=0.9000, c1=2.9437, c2=3.0000 | fitness=1859.19
[REWARD DEBUG iter 500] FitnessImprovement: 0.0000 → Reward: +0.0000 (prevFit=1859.19, currFit=1859.19)
[REWARD DEBUG] Stagnation (normal): 0.0000 → Reward: 0.0
[REWARD DEBUG] Stagnation (normal): 0.0000 → Reward: 0.0
[REWARD DEBUG] Stagnation (normal): 0.0000 → Reward: 0.0
[REWARD DEBUG] Stagnation (normal): 0.0000 → Reward: 0.0
[REWARD DEBUG] Stagnation (normal): 0.0000 → Reward: 0.0
[REWARD DEBUG] Stagnation (normal): 0.0000 → Reward: 0.0
[REWARD DEBUG] Stagnation (normal): 0.0000 → Reward: 0.0
[REWARD DEBUG] Stagnation (normal): 0.0000 → Reward: 0.0
[Ep  93/1000] Fit:  1859.2 | Avg:  1868.0 | Reward: +182.9 | Time: 137.7s
          Buffer: 41991 | Noise: 0.0627 | ActorLoss: -1.623e+00 | CriticLoss: 3.237e-02
[REWARD DEBUG] Stagnation (normal): 0.0000 → Reward: 0.0
[REWARD DEBUG] Stagnation (normal): 0.0000 → Reward: 0.0
[REWARD DEBUG] Stagnation (normal): 0.0000 → Reward: 0.0
[REWARD DEBUG] Stagnation (normal): 0.0000 → Reward: 0.0
[REWARD DEBUG] Stagnation (normal): 0.0000 → Reward: 0.0
[REWARD DEBUG] Stagnation (normal): 0.0000 → Reward: 0.0
[REWARD DEBUG] Stagnation (normal): 0.0000 → Reward: 0.0
[REWARD DEBUG] Stagnation (normal): 0.0000 → Reward: 0.0
[REWARD DEBUG] Stagnation (normal): 0.0000 → Reward: 0.0
[REWARD DEBUG] Stagnation (normal): 0.0000 → Reward: 0.0
[ACTION DEBUG iter 100] Raw action[1:3]: [0.9999, 1.0000, 1.0000], noise: 0.0500
[ACTION DEBUG iter 100] WARNING: 11/20 actions clipped (network saturating)
[RLAMPSO DEBUG iter 100] w=0.9000, c1=3.0000, c2=3.0000 | fitness=1927.64
[REWARD DEBUG iter 100] FitnessImprovement: 0.0000 → Reward: +0.0000 (prevFit=1927.64, currFit=1927.64)
[REWARD DEBUG] Stagnation (normal): 0.0000 → Reward: 0.0
[REWARD DEBUG] Stagnation (normal): 0.0000 → Reward: 0.0
[REWARD DEBUG] Stagnation (normal): 0.0000 → Reward: 0.0
[REWARD DEBUG] Stagnation (normal): 0.0000 → Reward: 0.0
[REWARD DEBUG] Stagnation (normal): 0.0000 → Reward: 0.0
[REWARD DEBUG] Stagnation (normal): 0.0000 → Reward: 0.0
[REWARD DEBUG] Stagnation (normal): 0.0000 → Reward: 0.0
[ACTION DEBUG iter 200] Raw action[1:3]: [0.9999, 1.0000, 1.0000], noise: 0.0500
[ACTION DEBUG iter 200] WARNING: 6/20 actions clipped (network saturating)
[RLAMPSO DEBUG iter 200] w=0.9000, c1=3.0000, c2=2.9194 | fitness=1871.04
[REWARD DEBUG] Stagnation (normal): 0.0000 → Reward: 0.0
[REWARD DEBUG iter 200] FitnessImprovement: 0.0000 → Reward: +0.0000 (prevFit=1871.04, currFit=1871.04)
[REWARD DEBUG] Stagnation (normal): 0.0000 → Reward: 0.0
[REWARD DEBUG] Stagnation (normal): 0.0000 → Reward: 0.0
[REWARD DEBUG] Stagnation (normal): 0.0000 → Reward: 0.0
[REWARD DEBUG] Stagnation (normal): 0.0000 → Reward: 0.0
[REWARD DEBUG] Stagnation (normal): 0.0000 → Reward: 0.0
[REWARD DEBUG] Stagnation (normal): 0.0000 → Reward: 0.0
[Ep  94/1000] Fit:  1871.0 | Avg:  1871.9 | Reward: +179.0 | Time:  81.5s
          Buffer: 42239 | Noise: 0.0624 | ActorLoss: -1.687e+00 | CriticLoss: 3.288e-02
[REWARD DEBUG] Improvement: 79.2861 → Reward: +0.9523
[REWARD DEBUG] Stagnation (normal): 0.0000 → Reward: 0.0
[REWARD DEBUG] Stagnation (normal): 0.0000 → Reward: 0.0
[REWARD DEBUG] Stagnation (normal): 0.0000 → Reward: 0.0
[REWARD DEBUG] Stagnation (normal): 0.0000 → Reward: 0.0
[REWARD DEBUG] Stagnation (normal): 0.0000 → Reward: 0.0
[REWARD DEBUG] Stagnation (normal): 0.0000 → Reward: 0.0
[REWARD DEBUG] Stagnation (normal): 0.0000 → Reward: 0.0
[REWARD DEBUG] Stagnation (normal): 0.0000 → Reward: 0.0
[REWARD DEBUG] Stagnation (normal): 0.0000 → Reward: 0.0
[REWARD DEBUG] Stagnation (normal): 0.0000 → Reward: 0.0
[REWARD DEBUG] Stagnation (normal): 0.0000 → Reward: 0.0
[REWARD DEBUG] Stagnation (normal): 0.0000 → Reward: 0.0
[ACTION DEBUG iter 100] Raw action[1:3]: [0.9999, 1.0000, 1.0000], noise: 0.0500
[ACTION DEBUG iter 100] WARNING: 11/20 actions clipped (network saturating)
[RLAMPSO DEBUG iter 100] w=0.9000, c1=2.9898, c2=3.0000 | fitness=2006.07
[REWARD DEBUG iter 100] FitnessImprovement: 0.0000 → Reward: +0.0000 (prevFit=2006.07, currFit=2006.07)
[REWARD DEBUG] Improvement: 20.9436 → Reward: +0.6707
[REWARD DEBUG] Stagnation (normal): 0.0000 → Reward: 0.0
[REWARD DEBUG] Stagnation (normal): 0.0000 → Reward: 0.0
[REWARD DEBUG] Stagnation (normal): 0.0000 → Reward: 0.0
[REWARD DEBUG] Stagnation (normal): 0.0000 → Reward: 0.0
[REWARD DEBUG] Stagnation (normal): 0.0000 → Reward: 0.0
[REWARD DEBUG] Stagnation (normal): 0.0000 → Reward: 0.0
[REWARD DEBUG] Stagnation (normal): 0.0000 → Reward: 0.0
[ACTION DEBUG iter 200] Raw action[1:3]: [0.9999, 1.0000, 1.0000], noise: 0.0500
[ACTION DEBUG iter 200] WARNING: 12/20 actions clipped (network saturating)
[RLAMPSO DEBUG iter 200] w=0.9000, c1=2.9890, c2=3.0000 | fitness=1985.13
[REWARD DEBUG iter 200] FitnessImprovement: 0.0803 → Reward: +0.0168 (prevFit=1985.13, currFit=1985.05)
[REWARD DEBUG] Stagnation (normal): 0.0000 → Reward: 0.0
[REWARD DEBUG] Stagnation (normal): 0.0000 → Reward: 0.0
[REWARD DEBUG] Stagnation (normal): 0.0000 → Reward: 0.0
[REWARD DEBUG] Stagnation (normal): 0.0000 → Reward: 0.0
[REWARD DEBUG] Stagnation (normal): 0.0000 → Reward: 0.0
[REWARD DEBUG] Stagnation (normal): 0.0000 → Reward: 0.0
[REWARD DEBUG] Stagnation (normal): 0.0000 → Reward: 0.0
[ACTION DEBUG iter 300] Raw action[1:3]: [0.9999, 1.0000, 1.0000], noise: 0.0500
[ACTION DEBUG iter 300] WARNING: 10/20 actions clipped (network saturating)
[RLAMPSO DEBUG iter 300] w=0.9000, c1=2.8410, c2=2.9638 | fitness=1959.04
[REWARD DEBUG iter 300] FitnessImprovement: 0.0000 → Reward: +0.0000 (prevFit=1959.04, currFit=1959.04)
[REWARD DEBUG] Stagnation (normal): 0.0000 → Reward: 0.0
[REWARD DEBUG] Stagnation (normal): 0.0000 → Reward: 0.0
[REWARD DEBUG] Stagnation (normal): 0.0000 → Reward: 0.0
[REWARD DEBUG] Stagnation (normal): 0.0000 → Reward: 0.0
[REWARD DEBUG] Stagnation (normal): 0.0000 → Reward: 0.0
[REWARD DEBUG] Stagnation (normal): 0.0000 → Reward: 0.0
[REWARD DEBUG] Stagnation (normal): 0.0000 → Reward: 0.0
[REWARD DEBUG] Improvement: 4.1170 → Reward: +0.3545
[ACTION DEBUG iter 400] Raw action[1:3]: [0.9999, 1.0000, 1.0000], noise: 0.0500
[ACTION DEBUG iter 400] WARNING: 10/20 actions clipped (network saturating)
[RLAMPSO DEBUG iter 400] w=0.9000, c1=3.0000, c2=3.0000 | fitness=1952.47
[REWARD DEBUG iter 400] FitnessImprovement: 0.0000 → Reward: +0.0000 (prevFit=1952.47, currFit=1952.47)
[REWARD DEBUG] Stagnation (normal): 0.0000 → Reward: 0.0
[REWARD DEBUG] Stagnation (normal): 0.0000 → Reward: 0.0
[REWARD DEBUG] Stagnation (normal): 0.0000 → Reward: 0.0
[REWARD DEBUG] Stagnation (normal): 0.0000 → Reward: 0.0
[REWARD DEBUG] Stagnation (normal): 0.0000 → Reward: 0.0
[REWARD DEBUG] Stagnation (normal): 0.0000 → Reward: 0.0
[REWARD DEBUG] Stagnation (normal): 0.0000 → Reward: 0.0
[ACTION DEBUG iter 500] Raw action[1:3]: [0.9999, 1.0000, 1.0000], noise: 0.0500
[ACTION DEBUG iter 500] WARNING: 9/20 actions clipped (network saturating)
[RLAMPSO DEBUG iter 500] w=0.9000, c1=2.9878, c2=2.9729 | fitness=1927.44
[REWARD DEBUG iter 500] FitnessImprovement: 0.0000 → Reward: +0.0000 (prevFit=1927.44, currFit=1927.44)
[REWARD DEBUG] Stagnation (normal): 0.0000 → Reward: 0.0
[REWARD DEBUG] Stagnation (normal): 0.0000 → Reward: 0.0
[REWARD DEBUG] Stagnation (normal): 0.0000 → Reward: 0.0
[REWARD DEBUG] Stagnation (normal): 0.0000 → Reward: 0.0
[REWARD DEBUG] Stagnation (normal): 0.0000 → Reward: 0.0
[REWARD DEBUG] Stagnation (normal): 0.0000 → Reward: 0.0
[REWARD DEBUG] Stagnation (normal): 0.0000 → Reward: 0.0
[REWARD DEBUG] Stagnation (normal): 0.0000 → Reward: 0.0
[REWARD DEBUG] Stagnation (normal): 0.0000 → Reward: 0.0
[REWARD DEBUG] Stagnation (normal): 0.0000 → Reward: 0.0
[REWARD DEBUG] Stagnation (normal): 0.0000 → Reward: 0.0
[REWARD DEBUG] Stagnation (normal): 0.0000 → Reward: 0.0
[ACTION DEBUG iter 600] Raw action[1:3]: [0.9999, 1.0000, 1.0000], noise: 0.0500
[ACTION DEBUG iter 600] WARNING: 10/20 actions clipped (network saturating)
[RLAMPSO DEBUG iter 600] w=0.9000, c1=2.9955, c2=3.0000 | fitness=1918.32
[REWARD DEBUG iter 600] FitnessImprovement: 0.0000 → Reward: +0.0000 (prevFit=1918.32, currFit=1918.32)
[Ep  95/1000] Fit:  1918.3 | Avg:  1872.5 | Reward: +178.4 | Time: 130.9s
          Buffer: 42789 | Noise: 0.0621 | ActorLoss: -1.505e+00 | CriticLoss: 1.300e-02
[REWARD DEBUG] Stagnation (normal): 0.0000 → Reward: 0.0
[REWARD DEBUG] Stagnation (normal): 0.0000 → Reward: 0.0
[REWARD DEBUG] Stagnation (normal): 0.0000 → Reward: 0.0
[ACTION DEBUG iter 100] Raw action[1:3]: [0.9999, 1.0000, 1.0000], noise: 0.0500
[ACTION DEBUG iter 100] WARNING: 11/20 actions clipped (network saturating)
[RLAMPSO DEBUG iter 100] w=0.9000, c1=2.9856, c2=3.0000 | fitness=1930.86
[REWARD DEBUG iter 100] FitnessImprovement: 0.0000 → Reward: +0.0000 (prevFit=1930.86, currFit=1930.86)
[REWARD DEBUG] Stagnation (normal): 0.0000 → Reward: 0.0
[REWARD DEBUG] Stagnation (normal): 0.0000 → Reward: 0.0
[REWARD DEBUG] Stagnation (normal): 0.0000 → Reward: 0.0
[REWARD DEBUG] Stagnation (normal): 0.0000 → Reward: 0.0
[REWARD DEBUG] Stagnation (normal): 0.0000 → Reward: 0.0
[ACTION DEBUG iter 200] Raw action[1:3]: [0.9999, 1.0000, 1.0000], noise: 0.0500
[ACTION DEBUG iter 200] WARNING: 7/20 actions clipped (network saturating)
[RLAMPSO DEBUG iter 200] w=0.9000, c1=2.9701, c2=3.0000 | fitness=1926.95
[REWARD DEBUG] Stagnation (normal): 0.0000 → Reward: 0.0
[REWARD DEBUG iter 200] FitnessImprovement: 0.0000 → Reward: +0.0000 (prevFit=1926.95, currFit=1926.95)
[REWARD DEBUG] Stagnation (normal): 0.0000 → Reward: 0.0
[REWARD DEBUG] Stagnation (normal): 0.0000 → Reward: 0.0
[REWARD DEBUG] Stagnation (normal): 0.0000 → Reward: 0.0
[REWARD DEBUG] Stagnation (normal): 0.0000 → Reward: 0.0
[REWARD DEBUG] Stagnation (normal): 0.0000 → Reward: 0.0
[REWARD DEBUG] Stagnation (normal): 0.0000 → Reward: 0.0
[REWARD DEBUG] Stagnation (normal): 0.0000 → Reward: 0.0
[REWARD DEBUG] Stagnation (normal): 0.0000 → Reward: 0.0
[REWARD DEBUG] Stagnation (normal): 0.0000 → Reward: 0.0
[REWARD DEBUG] Stagnation (normal): 0.0000 → Reward: 0.0
[REWARD DEBUG] Stagnation (normal): 0.0000 → Reward: 0.0
[ACTION DEBUG iter 300] Raw action[1:3]: [0.9999, 1.0000, 1.0000], noise: 0.0500
[ACTION DEBUG iter 300] WARNING: 10/20 actions clipped (network saturating)
[RLAMPSO DEBUG iter 300] w=0.9000, c1=2.9947, c2=2.8590 | fitness=1870.85
[REWARD DEBUG iter 300] FitnessImprovement: 0.0000 → Reward: +0.0000 (prevFit=1870.85, currFit=1870.85)
[REWARD DEBUG] Stagnation (normal): 0.0000 → Reward: 0.0
[REWARD DEBUG] Stagnation (normal): 0.0000 → Reward: 0.0
[REWARD DEBUG] Stagnation (normal): 0.0000 → Reward: 0.0
[REWARD DEBUG] Stagnation (normal): 0.0000 → Reward: 0.0
[REWARD DEBUG] Stagnation (normal): 0.0000 → Reward: 0.0
[REWARD DEBUG] Stagnation (normal): 0.0000 → Reward: 0.0
[REWARD DEBUG] Stagnation (normal): 0.0000 → Reward: 0.0
[REWARD DEBUG] Stagnation (normal): 0.0000 → Reward: 0.0
[REWARD DEBUG] Stagnation (normal): 0.0000 → Reward: 0.0
[REWARD DEBUG] Stagnation (normal): 0.0000 → Reward: 0.0
[REWARD DEBUG] Stagnation (normal): 0.0000 → Reward: 0.0
[REWARD DEBUG] Stagnation (normal): 0.0000 → Reward: 0.0
[REWARD DEBUG] Stagnation (normal): 0.0000 → Reward: 0.0
[REWARD DEBUG] Stagnation (normal): 0.0000 → Reward: 0.0
[ACTION DEBUG iter 400] Raw action[1:3]: [0.9999, 1.0000, 1.0000], noise: 0.0500
[ACTION DEBUG iter 400] WARNING: 12/20 actions clipped (network saturating)
[RLAMPSO DEBUG iter 400] w=0.9000, c1=3.0000, c2=3.0000 | fitness=1864.57
[REWARD DEBUG iter 400] FitnessImprovement: 0.0000 → Reward: +0.0000 (prevFit=1864.57, currFit=1864.57)
[REWARD DEBUG] Stagnation (normal): 0.0000 → Reward: 0.0
[REWARD DEBUG] Stagnation (normal): 0.0000 → Reward: 0.0
[REWARD DEBUG] Stagnation (normal): 0.0000 → Reward: 0.0
[REWARD DEBUG] Stagnation (normal): 0.0000 → Reward: 0.0
[REWARD DEBUG] Stagnation (normal): 0.0000 → Reward: 0.0
[REWARD DEBUG] Stagnation (normal): 0.0000 → Reward: 0.0
[REWARD DEBUG] Stagnation (normal): 0.0000 → Reward: 0.0
[REWARD DEBUG] Stagnation (normal): 0.0000 → Reward: 0.0
[REWARD DEBUG] Stagnation (normal): 0.0000 → Reward: 0.0
[REWARD DEBUG] Stagnation (normal): 0.0000 → Reward: 0.0
[REWARD DEBUG] Stagnation (normal): 0.0000 → Reward: 0.0
[REWARD DEBUG] Stagnation (normal): 0.0000 → Reward: 0.0
[ACTION DEBUG iter 500] Raw action[1:3]: [0.9999, 1.0000, 1.0000], noise: 0.0500
[ACTION DEBUG iter 500] WARNING: 13/20 actions clipped (network saturating)
[RLAMPSO DEBUG iter 500] w=0.9000, c1=2.9723, c2=3.0000 | fitness=1864.57
[REWARD DEBUG iter 500] FitnessImprovement: 0.0000 → Reward: +0.0000 (prevFit=1864.57, currFit=1864.57)
[REWARD DEBUG] Stagnation (normal): 0.0000 → Reward: 0.0
[Ep  96/1000] Fit:  1864.6 | Avg:  1875.1 | Reward: +175.8 | Time: 115.3s
          Buffer: 43243 | Noise: 0.0618 | ActorLoss: -1.603e+00 | CriticLoss: 1.240e-01
[REWARD DEBUG] Improvement: 0.9338 → Reward: +0.1432
[REWARD DEBUG] Stagnation (normal): 0.0000 → Reward: 0.0
[REWARD DEBUG] Stagnation (normal): 0.0000 → Reward: 0.0
[REWARD DEBUG] Stagnation (normal): 0.0000 → Reward: 0.0
[REWARD DEBUG] Stagnation (normal): 0.0000 → Reward: 0.0
[REWARD DEBUG] Stagnation (normal): 0.0000 → Reward: 0.0
[REWARD DEBUG] Stagnation (normal): 0.0000 → Reward: 0.0
[REWARD DEBUG] Stagnation (normal): 0.0000 → Reward: 0.0
[REWARD DEBUG] Stagnation (normal): 0.0000 → Reward: 0.0
[REWARD DEBUG] Stagnation (normal): 0.0000 → Reward: 0.0
[REWARD DEBUG] Stagnation (normal): 0.0000 → Reward: 0.0
[REWARD DEBUG] Stagnation (normal): 0.0000 → Reward: 0.0
[ACTION DEBUG iter 100] Raw action[1:3]: [0.9999, 1.0000, 1.0000], noise: 0.0500
[ACTION DEBUG iter 100] WARNING: 8/20 actions clipped (network saturating)
[RLAMPSO DEBUG iter 100] w=0.9000, c1=3.0000, c2=2.8527 | fitness=1940.68
[REWARD DEBUG iter 100] FitnessImprovement: 0.0000 → Reward: +0.0000 (prevFit=1940.68, currFit=1940.68)
[REWARD DEBUG] Stagnation (normal): 0.0000 → Reward: 0.0
[REWARD DEBUG] Stagnation (normal): 0.0000 → Reward: 0.0
[REWARD DEBUG] Stagnation (normal): 0.0000 → Reward: 0.0
[REWARD DEBUG] Stagnation (normal): 0.0000 → Reward: 0.0
[REWARD DEBUG] Stagnation (normal): 0.0000 → Reward: 0.0
[REWARD DEBUG] Stagnation (normal): 0.0000 → Reward: 0.0
[REWARD DEBUG] Stagnation (normal): 0.0000 → Reward: 0.0
[REWARD DEBUG] Stagnation (normal): 0.0000 → Reward: 0.0
[REWARD DEBUG] Stagnation (normal): 0.0000 → Reward: 0.0
[REWARD DEBUG] Stagnation (normal): 0.0000 → Reward: 0.0
[REWARD DEBUG] Stagnation (normal): 0.0000 → Reward: 0.0
[REWARD DEBUG] Stagnation (normal): 0.0000 → Reward: 0.0
[REWARD DEBUG] Stagnation (normal): 0.0000 → Reward: 0.0
[ACTION DEBUG iter 200] Raw action[1:3]: [0.9999, 1.0000, 1.0000], noise: 0.0500
[ACTION DEBUG iter 200] WARNING: 11/20 actions clipped (network saturating)
[RLAMPSO DEBUG iter 200] w=0.9000, c1=2.9230, c2=3.0000 | fitness=1886.68
[REWARD DEBUG iter 200] FitnessImprovement: 0.0000 → Reward: +0.0000 (prevFit=1886.68, currFit=1886.68)
[REWARD DEBUG] Stagnation (normal): 0.0000 → Reward: 0.0
[REWARD DEBUG] Stagnation (normal): 0.0000 → Reward: 0.0
[REWARD DEBUG] Stagnation (normal): 0.0000 → Reward: 0.0
[REWARD DEBUG] Stagnation (normal): 0.0000 → Reward: 0.0
[REWARD DEBUG] Stagnation (normal): 0.0000 → Reward: 0.0
[REWARD DEBUG] Stagnation (normal): 0.0000 → Reward: 0.0
[REWARD DEBUG] Stagnation (normal): 0.0000 → Reward: 0.0
[REWARD DEBUG] Stagnation (normal): 0.0000 → Reward: 0.0
[REWARD DEBUG] Stagnation (normal): 0.0000 → Reward: 0.0
[REWARD DEBUG] Stagnation (normal): 0.0000 → Reward: 0.0
[REWARD DEBUG] Improvement: 20.9426 → Reward: +0.6706
[REWARD DEBUG] Stagnation (normal): 0.0000 → Reward: 0.0
[REWARD DEBUG] Stagnation (normal): 0.0000 → Reward: 0.0
[ACTION DEBUG iter 300] Raw action[1:3]: [0.9948, 1.0000, 1.0000], noise: 0.0500
[ACTION DEBUG iter 300] WARNING: 7/20 actions clipped (network saturating)
[RLAMPSO DEBUG iter 300] w=0.9000, c1=2.8784, c2=2.9673 | fitness=1851.24
[REWARD DEBUG iter 300] FitnessImprovement: 0.0000 → Reward: +0.0000 (prevFit=1851.24, currFit=1851.24)
[REWARD DEBUG] Stagnation (normal): 0.0000 → Reward: 0.0
[REWARD DEBUG] Stagnation (normal): 0.0000 → Reward: 0.0
[REWARD DEBUG] Stagnation (normal): 0.0000 → Reward: 0.0
[REWARD DEBUG] Stagnation (normal): 0.0000 → Reward: 0.0
[REWARD DEBUG] Stagnation (normal): 0.0000 → Reward: 0.0
[REWARD DEBUG] Stagnation (normal): 0.0000 → Reward: 0.0
[REWARD DEBUG] Stagnation (normal): 0.0000 → Reward: 0.0
[REWARD DEBUG] Stagnation (normal): 0.0000 → Reward: 0.0
[REWARD DEBUG] Stagnation (normal): 0.0000 → Reward: 0.0
[REWARD DEBUG] Stagnation (normal): 0.0000 → Reward: 0.0
[REWARD DEBUG] Stagnation (normal): 0.0000 → Reward: 0.0
[REWARD DEBUG] Stagnation (normal): 0.0000 → Reward: 0.0
[REWARD DEBUG] Stagnation (normal): 0.0000 → Reward: 0.0
[REWARD DEBUG] Stagnation (normal): 0.0000 → Reward: 0.0
[REWARD DEBUG] Stagnation (normal): 0.0000 → Reward: 0.0
[ACTION DEBUG iter 400] Raw action[1:3]: [0.9977, 1.0000, 1.0000], noise: 0.0500
[ACTION DEBUG iter 400] WARNING: 8/20 actions clipped (network saturating)
[RLAMPSO DEBUG iter 400] w=0.9000, c1=2.9903, c2=2.9397 | fitness=1823.05
[REWARD DEBUG iter 400] FitnessImprovement: 0.0000 → Reward: +0.0000 (prevFit=1823.05, currFit=1823.05)
[REWARD DEBUG] Stagnation (normal): 0.0000 → Reward: 0.0
[REWARD DEBUG] Stagnation (normal): 0.0000 → Reward: 0.0
[REWARD DEBUG] Stagnation (normal): 0.0000 → Reward: 0.0
[Ep  97/1000] Fit:  1823.0 | Avg:  1874.5 | Reward: +176.4 | Time: 103.1s
          Buffer: 43646 | Noise: 0.0615 | ActorLoss: -1.552e+00 | CriticLoss: 5.112e-03
[REWARD DEBUG] Stagnation (normal): 0.0000 → Reward: 0.0
[REWARD DEBUG] Improvement: 146.0654 → Reward: +1.0000
[REWARD DEBUG] Stagnation (normal): 0.0000 → Reward: 0.0
