========================================
  PSO Algorithm Comparison Launcher
========================================

Execution mode: parallel
Independent runs: 30
Logging to: /Users/hust-hwashin621m/Desktop/vietanhpaper-2/outputs/logs/run_comparison_2026-03-11_12-58-44.log

Initialising parallel pool (parallel mode)...
Running in PARALLEL mode
Cleaning up 1 stale local cluster job(s) before parpool.
Initializing parallel pool with 14 workers (from VIETANH_PARPOOL_WORKERS)...
Starting parallel pool (parpool) using the 'Processes' profile ...
Connected to parallel pool with 14 workers.
Parallel pool initialized successfully with 14 workers.

==========================================================
Scenario 1: terrainStruct_c_100 - Simple
Terrain: /Users/hust-hwashin621m/Desktop/vietanhpaper-2/data/terrainStruct_c_100.mat
Danger Zones: 0
==========================================================
Executing 30 runs for 8 parallel-safe algorithms...

========== Direct Global Planning ==========
Algorithm: RRSACPSO
Start: [0.0, 0.0, 10.0]
Goal:  [200.0, 200.0, 10.0]
============================================


╔══════════════════════════════════════════════════════════╗
║              RRSACPSO Global Path Planning              ║
╚══════════════════════════════════════════════════════════╝


========== Direct Global Planning ==========
Algorithm: RRSACPSO
Start: [0.0, 0.0, 10.0]
Goal:  [200.0, 200.0, 10.0]
============================================


╔══════════════════════════════════════════════════════════╗
║              RRSACPSO Global Path Planning              ║
╚══════════════════════════════════════════════════════════╝


========== Direct Global Planning ==========
Algorithm: RRSACPSO
Start: [0.0, 0.0, 10.0]
Goal:  [200.0, 200.0, 10.0]
============================================


╔══════════════════════════════════════════════════════════╗
║              RRSACPSO Global Path Planning              ║
╚══════════════════════════════════════════════════════════╝


========== Direct Global Planning ==========
Algorithm: RRSACPSO
Start: [0.0, 0.0, 10.0]
Goal:  [200.0, 200.0, 10.0]
============================================


╔══════════════════════════════════════════════════════════╗
║              RRSACPSO Global Path Planning              ║
╚══════════════════════════════════════════════════════════╝

Warning: Directory already exists.
> In <a href="matlab:matlab.lang.internal.introspective.errorDocCallback('compare_algorithms>getRunCheckpointPath', '/Users/hust-hwashin621m/Desktop/vietanhpaper-2/scripts/compare_algorithms.m', 205)" style="font-weight:bold">compare_algorithms>getRunCheckpointPath</a> (<a href="matlab: opentoline('/Users/hust-hwashin621m/Desktop/vietanhpaper-2/scripts/compare_algorithms.m',205,0)">line 205</a>)
In <a href="matlab:matlab.lang.internal.introspective.errorDocCallback('compare_algorithms>runAlgorithmBatch', '/Users/hust-hwashin621m/Desktop/vietanhpaper-2/scripts/compare_algorithms.m', 133)" style="font-weight:bold">compare_algorithms>runAlgorithmBatch</a> (<a href="matlab: opentoline('/Users/hust-hwashin621m/Desktop/vietanhpaper-2/scripts/compare_algorithms.m',133,0)">line 133</a>)

========== Direct Global Planning ==========
Algorithm: RRSACPSO
Start: [0.0, 0.0, 10.0]
Goal:  [200.0, 200.0, 10.0]
============================================


╔══════════════════════════════════════════════════════════╗
║              RRSACPSO Global Path Planning              ║
╚══════════════════════════════════════════════════════════╝

Warning: File '/Users/hust-hwashin621m/Desktop/vietanhpaper-2/results/staging/_tmp_others_s4/.writetest_20260311_125858582' not found.
> In <a href="matlab:matlab.lang.internal.introspective.errorDocCallback('getResultsDir>ensureWritableDirectory', '/Users/hust-hwashin621m/Desktop/vietanhpaper-2/shared/utilities/getResultsDir.m', 56)" style="font-weight:bold">getResultsDir>ensureWritableDirectory</a> (<a href="matlab: opentoline('/Users/hust-hwashin621m/Desktop/vietanhpaper-2/shared/utilities/getResultsDir.m',56,0)">line 56</a>)
In <a href="matlab:matlab.lang.internal.introspective.errorDocCallback('getResultsDir', '/Users/hust-hwashin621m/Desktop/vietanhpaper-2/shared/utilities/getResultsDir.m', 13)" style="font-weight:bold">getResultsDir</a> (<a href="matlab: opentoline('/Users/hust-hwashin621m/Desktop/vietanhpaper-2/shared/utilities/getResultsDir.m',13,0)">line 13</a>)
In <a href="matlab:matlab.lang.internal.introspective.errorDocCallback('compare_algorithms>getRunCheckpointPath', '/Users/hust-hwashin621m/Desktop/vietanhpaper-2/scripts/compare_algorithms.m', 203)" style="font-weight:bold">compare_algorithms>getRunCheckpointPath</a> (<a href="matlab: opentoline('/Users/hust-hwashin621m/Desktop/vietanhpaper-2/scripts/compare_algorithms.m',203,0)">line 203</a>)
In <a href="matlab:matlab.lang.internal.introspective.errorDocCallback('compare_algorithms>runAlgorithmBatch', '/Users/hust-hwashin621m/Desktop/vietanhpaper-2/scripts/compare_algorithms.m', 133)" style="font-weight:bold">compare_algorithms>runAlgorithmBatch</a> (<a href="matlab: opentoline('/Users/hust-hwashin621m/Desktop/vietanhpaper-2/scripts/compare_algorithms.m',133,0)">line 133</a>)

========== Direct Global Planning ==========
Algorithm: RRSACPSO
Start: [0.0, 0.0, 10.0]
Goal:  [200.0, 200.0, 10.0]
============================================


╔══════════════════════════════════════════════════════════╗
║              RRSACPSO Global Path Planning              ║
╚══════════════════════════════════════════════════════════╝

Warning: File '/Users/hust-hwashin621m/Desktop/vietanhpaper-2/results/staging/_tmp_others_s4/.writetest_20260311_125858569' not found.
> In <a href="matlab:matlab.lang.internal.introspective.errorDocCallback('getResultsDir>ensureWritableDirectory', '/Users/hust-hwashin621m/Desktop/vietanhpaper-2/shared/utilities/getResultsDir.m', 56)" style="font-weight:bold">getResultsDir>ensureWritableDirectory</a> (<a href="matlab: opentoline('/Users/hust-hwashin621m/Desktop/vietanhpaper-2/shared/utilities/getResultsDir.m',56,0)">line 56</a>)
In <a href="matlab:matlab.lang.internal.introspective.errorDocCallback('getResultsDir', '/Users/hust-hwashin621m/Desktop/vietanhpaper-2/shared/utilities/getResultsDir.m', 13)" style="font-weight:bold">getResultsDir</a> (<a href="matlab: opentoline('/Users/hust-hwashin621m/Desktop/vietanhpaper-2/shared/utilities/getResultsDir.m',13,0)">line 13</a>)
In <a href="matlab:matlab.lang.internal.introspective.errorDocCallback('compare_algorithms>getRunCheckpointPath', '/Users/hust-hwashin621m/Desktop/vietanhpaper-2/scripts/compare_algorithms.m', 203)" style="font-weight:bold">compare_algorithms>getRunCheckpointPath</a> (<a href="matlab: opentoline('/Users/hust-hwashin621m/Desktop/vietanhpaper-2/scripts/compare_algorithms.m',203,0)">line 203</a>)
In <a href="matlab:matlab.lang.internal.introspective.errorDocCallback('compare_algorithms>runAlgorithmBatch', '/Users/hust-hwashin621m/Desktop/vietanhpaper-2/scripts/compare_algorithms.m', 133)" style="font-weight:bold">compare_algorithms>runAlgorithmBatch</a> (<a href="matlab: opentoline('/Users/hust-hwashin621m/Desktop/vietanhpaper-2/scripts/compare_algorithms.m',133,0)">line 133</a>)

========== Direct Global Planning ==========
Algorithm: RRSACPSO
Start: [0.0, 0.0, 10.0]
Goal:  [200.0, 200.0, 10.0]
============================================


╔══════════════════════════════════════════════════════════╗
║              RRSACPSO Global Path Planning              ║
╚══════════════════════════════════════════════════════════╝


========== Direct Global Planning ==========
Algorithm: RRSACPSO
Start: [0.0, 0.0, 10.0]
Goal:  [200.0, 200.0, 10.0]
============================================


╔══════════════════════════════════════════════════════════╗
║              RRSACPSO Global Path Planning              ║
╚══════════════════════════════════════════════════════════╝


========== Direct Global Planning ==========
Algorithm: RRSACPSO
Start: [0.0, 0.0, 10.0]
Goal:  [200.0, 200.0, 10.0]
============================================


╔══════════════════════════════════════════════════════════╗
║              RRSACPSO Global Path Planning              ║
╚══════════════════════════════════════════════════════════╝

Warning: File '/Users/hust-hwashin621m/Desktop/vietanhpaper-2/results/staging/_tmp_others_s4/.writetest_20260311_125858569' not found.
> In <a href="matlab:matlab.lang.internal.introspective.errorDocCallback('getResultsDir>ensureWritableDirectory', '/Users/hust-hwashin621m/Desktop/vietanhpaper-2/shared/utilities/getResultsDir.m', 56)" style="font-weight:bold">getResultsDir>ensureWritableDirectory</a> (<a href="matlab: opentoline('/Users/hust-hwashin621m/Desktop/vietanhpaper-2/shared/utilities/getResultsDir.m',56,0)">line 56</a>)
In <a href="matlab:matlab.lang.internal.introspective.errorDocCallback('getResultsDir', '/Users/hust-hwashin621m/Desktop/vietanhpaper-2/shared/utilities/getResultsDir.m', 13)" style="font-weight:bold">getResultsDir</a> (<a href="matlab: opentoline('/Users/hust-hwashin621m/Desktop/vietanhpaper-2/shared/utilities/getResultsDir.m',13,0)">line 13</a>)
In <a href="matlab:matlab.lang.internal.introspective.errorDocCallback('compare_algorithms>getRunCheckpointPath', '/Users/hust-hwashin621m/Desktop/vietanhpaper-2/scripts/compare_algorithms.m', 203)" style="font-weight:bold">compare_algorithms>getRunCheckpointPath</a> (<a href="matlab: opentoline('/Users/hust-hwashin621m/Desktop/vietanhpaper-2/scripts/compare_algorithms.m',203,0)">line 203</a>)
In <a href="matlab:matlab.lang.internal.introspective.errorDocCallback('compare_algorithms>runAlgorithmBatch', '/Users/hust-hwashin621m/Desktop/vietanhpaper-2/scripts/compare_algorithms.m', 133)" style="font-weight:bold">compare_algorithms>runAlgorithmBatch</a> (<a href="matlab: opentoline('/Users/hust-hwashin621m/Desktop/vietanhpaper-2/scripts/compare_algorithms.m',133,0)">line 133</a>)

========== Direct Global Planning ==========
Algorithm: RRSACPSO
Start: [0.0, 0.0, 10.0]
Goal:  [200.0, 200.0, 10.0]
============================================


╔══════════════════════════════════════════════════════════╗
║              RRSACPSO Global Path Planning              ║
╚══════════════════════════════════════════════════════════╝


========== Direct Global Planning ==========
Algorithm: RRSACPSO
Start: [0.0, 0.0, 10.0]
Goal:  [200.0, 200.0, 10.0]
============================================


╔══════════════════════════════════════════════════════════╗
║              RRSACPSO Global Path Planning              ║
╚══════════════════════════════════════════════════════════╝


========== Direct Global Planning ==========
Algorithm: RRSACPSO
Start: [0.0, 0.0, 10.0]
Goal:  [200.0, 200.0, 10.0]
============================================


╔══════════════════════════════════════════════════════════╗
║              RRSACPSO Global Path Planning              ║
╚══════════════════════════════════════════════════════════╝


========== Direct Global Planning ==========
Algorithm: RRSACPSO
Start: [0.0, 0.0, 10.0]
Goal:  [200.0, 200.0, 10.0]
============================================


╔══════════════════════════════════════════════════════════╗
║              RRSACPSO Global Path Planning              ║
╚══════════════════════════════════════════════════════════╝


========== Direct Global Planning ==========
Algorithm: RRSACPSO
Start: [0.0, 0.0, 10.0]
Goal:  [200.0, 200.0, 10.0]
============================================


╔══════════════════════════════════════════════════════════╗
║              RRSACPSO Global Path Planning              ║
╚══════════════════════════════════════════════════════════╝


[Episode 1/1] Starting training...
  Config: mode=online, episodes=1, iterations=1000, popSize=100

[Episode 1/1] Starting training...
  Config: mode=online, episodes=1, iterations=1000, popSize=100

[Episode 1/1] Starting training...
  Config: mode=online, episodes=1, iterations=1000, popSize=100

[Episode 1/1] Starting training...
  Config: mode=online, episodes=1, iterations=1000, popSize=100

[Episode 1/1] Starting training...
  Config: mode=online, episodes=1, iterations=1000, popSize=100

[Episode 1/1] Starting training...
  Config: mode=online, episodes=1, iterations=1000, popSize=100

[Episode 1/1] Starting training...
  Config: mode=online, episodes=1, iterations=1000, popSize=100

[Episode 1/1] Starting training...
  Config: mode=online, episodes=1, iterations=1000, popSize=100

[Episode 1/1] Starting training...
  Config: mode=online, episodes=1, iterations=1000, popSize=100

[Episode 1/1] Starting training...
  Config: mode=online, episodes=1, iterations=1000, popSize=100

[Episode 1/1] Starting training...
  Config: mode=online, episodes=1, iterations=1000, popSize=100

[Episode 1/1] Starting training...
  Config: mode=online, episodes=1, iterations=1000, popSize=100

[Episode 1/1] Starting training...
  Config: mode=online, episodes=1, iterations=1000, popSize=100

[Episode 1/1] Starting training...
  Config: mode=online, episodes=1, iterations=1000, popSize=100
      [Iter  50] Action stats: mean=0.3880±0.5838 [-0.6973-0.9973]
      [Iter  50] Action stats: mean=-0.1920±0.6457 [-0.8755-0.9382]
      [Iter  50] Action stats: mean=-0.1489±0.6841 [-0.9848-0.5739]
  [Iter  50/1000] Best: 12958.6329 | Alpha: 0.2000
      [Iter  50] Action stats: mean=0.0773±0.6734 [-0.8886-0.9822]
  [Iter  50/1000] Best: 12683.7635 | Alpha: 0.2000
  [Iter  50/1000] Best: 12811.8475 | Alpha: 0.2000
      [Iter  50] Action stats: mean=0.3772±0.6112 [-0.9268-0.9508]
      [Iter  50] Action stats: mean=-0.2148±0.6099 [-0.8277-0.7990]
  [Iter  50/1000] Best: 12755.2662 | Alpha: 0.2000
      [Iter  50] Action stats: mean=-0.0716±0.7564 [-0.9880-0.9431]
  [Iter  50/1000] Best: 12896.5013 | Alpha: 0.2000
      [Iter  50] Action stats: mean=-0.0979±0.6648 [-0.9748-0.7571]
  [Iter  50/1000] Best: 12665.9026 | Alpha: 0.2000
      [Iter  50] Action stats: mean=-0.0671±0.7726 [-0.9614-0.7484]
      [Iter  50] Action stats: mean=0.0935±0.7056 [-0.9132-0.9880]
      [Iter  50] Action stats: mean=-0.0871±0.6913 [-0.9619-0.9896]
  [Iter  50/1000] Best: 12801.9432 | Alpha: 0.2000
      [Iter  50] Action stats: mean=0.0887±0.7908 [-0.9536-0.9886]
  [Iter  50/1000] Best: 12807.6705 | Alpha: 0.2000
  [Iter  50/1000] Best: 13491.0996 | Alpha: 0.2000
  [Iter  50/1000] Best: 12783.7925 | Alpha: 0.2000
  [Iter  50/1000] Best: 12750.6741 | Alpha: 0.2000
  [Iter  50/1000] Best: 12933.8750 | Alpha: 0.2000
      [Iter  50] Action stats: mean=0.1406±0.5755 [-0.8214-0.9808]
  [Iter  50/1000] Best: 12728.9326 | Alpha: 0.2000
      [Iter  50] Action stats: mean=0.0616±0.7101 [-0.9945-0.8734]
  [Iter  50/1000] Best: 12932.1955 | Alpha: 0.2000
      [Iter 100] Action stats: mean=0.1786±0.5418 [-0.5130-0.9203]
      [Iter 100] Action stats: mean=-0.0259±0.8118 [-0.9448-0.9684]
      [Iter 100] Action stats: mean=-0.1636±0.8332 [-0.8644-0.9485]
      [Iter 100] Fitness: current=12811.8475, best=12811.8475, diversity=12.155560
      [Iter 100] Reward: -1.0000
  [Iter 100/1000] Best: 12811.8475 | Alpha: 0.2000
      [Iter 100] Action stats: mean=-0.1360±0.5940 [-0.8603-0.6519]
      [Iter 100] Fitness: current=12786.7528, best=12786.7528, diversity=10.497284
      [Iter 100] Reward: -1.0000
  [Iter 100/1000] Best: 12786.7528 | Alpha: 0.2000
      [Iter 100] Action stats: mean=0.2841±0.5754 [-0.9600-0.8297]
      [Iter 100] Fitness: current=12631.4617, best=12631.4617, diversity=12.314188
      [Iter 100] Reward: -1.0000
  [Iter 100/1000] Best: 12631.4617 | Alpha: 0.2000
      [Iter 100] Action stats: mean=0.0130±0.6492 [-0.9397-0.8301]
      [Iter 100] Fitness: current=12514.3209, best=12514.3209, diversity=9.719022
      [Iter 100] Reward: -1.0000
  [Iter 100/1000] Best: 12514.3209 | Alpha: 0.2000
      [Iter 100] Action stats: mean=-0.3008±0.6309 [-0.9744-0.9261]
      [Iter 100] Fitness: current=13303.4437, best=13303.4437, diversity=11.362958
      [Iter 100] Reward: -1.0000
  [Iter 100/1000] Best: 13303.4437 | Alpha: 0.2000
      [Iter 100] Action stats: mean=0.1333±0.4340 [-0.5085-0.7404]
      [Iter 100] Fitness: current=12633.7104, best=12633.7104, diversity=6.896834
      [Iter 100] Reward: 1.0000
  [Iter 100/1000] Best: 12633.7104 | Alpha: 0.2000
      [Iter 100] Action stats: mean=-0.0386±0.7490 [-0.8991-0.9878]
      [Iter 100] Action stats: mean=-0.0556±0.6795 [-0.9425-0.9613]
      [Iter 100] Fitness: current=12700.8495, best=12700.8495, diversity=8.672426
      [Iter 100] Reward: 1.0000
  [Iter 100/1000] Best: 12700.8495 | Alpha: 0.2000
      [Iter 100] Fitness: current=12676.5525, best=12676.5525, diversity=16.347851
      [Iter 100] Reward: -1.0000
  [Iter 100/1000] Best: 12676.5525 | Alpha: 0.2000
      [Iter 100] Fitness: current=12837.5149, best=12837.5149, diversity=11.546292
      [Iter 100] Reward: -1.0000
  [Iter 100/1000] Best: 12837.5149 | Alpha: 0.2000
      [Iter 100] Action stats: mean=-0.1785±0.6619 [-0.9712-0.9521]
      [Iter 100] Fitness: current=12739.7242, best=12739.7242, diversity=9.960601
      [Iter 100] Reward: -1.0000
  [Iter 100/1000] Best: 12739.7242 | Alpha: 0.2000
      [Iter 100] Action stats: mean=-0.0238±0.4433 [-0.8626-0.4940]
      [Iter 100] Fitness: current=12686.0494, best=12686.0494, diversity=10.976826
      [Iter 100] Reward: -1.0000
  [Iter 100/1000] Best: 12686.0494 | Alpha: 0.2000
      [Iter 100] Fitness: current=12597.0609, best=12597.0609, diversity=10.334611
      [Iter 100] Reward: -1.0000
  [Iter 100/1000] Best: 12597.0609 | Alpha: 0.2000
      [Iter 100] Action stats: mean=-0.2073±0.5589 [-0.7540-0.7676]
      [Iter 100] Fitness: current=12642.8940, best=12642.8940, diversity=13.782659
      [Iter 100] Reward: -1.0000
  [Iter 100/1000] Best: 12642.8940 | Alpha: 0.2000
      [Iter 100] Action stats: mean=-0.0958±0.8388 [-0.9784-0.9883]
      [Iter 100] Fitness: current=12493.8217, best=12493.8217, diversity=10.060647
      [Iter 100] Reward: -1.0000
  [Iter 100/1000] Best: 12493.8217 | Alpha: 0.2000
      [Iter 150] Action stats: mean=-0.1546±0.5510 [-0.9731-0.7904]
      [Iter 150] Action stats: mean=-0.0621±0.6151 [-0.8489-0.9831]
      [Iter 150] Action stats: mean=0.3474±0.5379 [-0.6010-0.9308]
      [Iter 150] Action stats: mean=-0.0431±0.5841 [-0.8224-0.8763]
      [Iter 150] Action stats: mean=-0.1617±0.5919 [-0.9827-0.8463]
      [Iter 150] Action stats: mean=-0.1084±0.7532 [-0.9206-0.9269]
      [Iter 150] Action stats: mean=0.1942±0.6660 [-0.8570-0.9470]
      [Iter 150] Action stats: mean=0.1482±0.7035 [-0.9597-0.9385]
  [Iter 150/1000] Best: 12745.0724 | Alpha: 0.1986
  [Iter 150/1000] Best: 12676.5017 | Alpha: 0.1986
  [Iter 150/1000] Best: 12516.9631 | Alpha: 0.1986
  [Iter 150/1000] Best: 12622.7401 | Alpha: 0.1986
      [Iter 150] Action stats: mean=0.1902±0.6002 [-0.8870-0.9567]
  [Iter 150/1000] Best: 12631.9497 | Alpha: 0.1986
      [Iter 150] Action stats: mean=0.2328±0.5716 [-0.7339-0.9915]
  [Iter 150/1000] Best: 13131.2697 | Alpha: 0.1986
  [Iter 150/1000] Best: 12782.6871 | Alpha: 0.1986
  [Iter 150/1000] Best: 12453.5659 | Alpha: 0.1986
      [Iter 150] Action stats: mean=0.0149±0.7698 [-0.9560-0.9352]
      [Iter 150] Action stats: mean=0.0937±0.7389 [-0.9913-0.9973]
  [Iter 150/1000] Best: 12455.9285 | Alpha: 0.1986
  [Iter 150/1000] Best: 12738.4585 | Alpha: 0.1986
  [Iter 150/1000] Best: 12643.5892 | Alpha: 0.1986
  [Iter 150/1000] Best: 12585.8037 | Alpha: 0.1986
      [Iter 150] Action stats: mean=-0.3697±0.5746 [-0.9001-0.6506]
  [Iter 150/1000] Best: 12624.5784 | Alpha: 0.1986
      [Iter 150] Action stats: mean=0.0682±0.5754 [-0.7594-0.8772]
  [Iter 150/1000] Best: 12414.7246 | Alpha: 0.1986
      [Iter 200] Action stats: mean=-0.2058±0.5010 [-0.9316-0.5266]
      [Iter 200] Action stats: mean=-0.0326±0.5479 [-0.9937-0.6019]
      [Iter 200] Fitness: current=12700.8764, best=12700.8764, diversity=9.783980
      [Iter 200] Reward: 1.0000
      [Iter 200] Fitness: current=12672.4220, best=12672.4220, diversity=7.220570
      [Iter 200] Reward: 1.0000
      [Iter 200] Action stats: mean=-0.0619±0.6601 [-0.8139-0.8936]
      [Iter 200] Action stats: mean=0.1324±0.6043 [-0.9771-0.6939]
  [Iter 200/1000] Best: 12672.4220 | Alpha: 0.1957
      [Iter 200] Action stats: mean=-0.2599±0.6153 [-0.9831-0.9110]
      [Iter 200] Fitness: current=12763.4179, best=12763.4179, diversity=7.606008
      [Iter 200] Reward: -1.0000
      [Iter 200] Action stats: mean=0.5551±0.5450 [-0.8281-0.9801]
      [Iter 200] Action stats: mean=-0.0481±0.7416 [-0.9963-0.8793]
      [Iter 200] Action stats: mean=0.2289±0.6496 [-0.7389-0.9716]
      [Iter 200] Fitness: current=12745.0724, best=12745.0724, diversity=10.357755
      [Iter 200] Reward: -1.0000
  [Iter 200/1000] Best: 12745.0724 | Alpha: 0.1957
      [Iter 200] Fitness: current=12372.5390, best=12372.5390, diversity=10.557668
      [Iter 200] Reward: -1.0000
  [Iter 200/1000] Best: 12763.4179 | Alpha: 0.1957
      [Iter 200] Fitness: current=12516.9631, best=12516.9631, diversity=9.308725
      [Iter 200] Reward: -1.0000
      [Iter 200] Action stats: mean=0.4649±0.3951 [-0.2654-0.9763]
  [Iter 200/1000] Best: 12700.8764 | Alpha: 0.1957
      [Iter 200] Fitness: current=12566.2925, best=12566.2925, diversity=6.390304
      [Iter 200] Reward: -1.0000
  [Iter 200/1000] Best: 12372.5390 | Alpha: 0.1957
      [Iter 200] Fitness: current=12631.9497, best=12631.9497, diversity=8.026719
      [Iter 200] Reward: -1.0000
  [Iter 200/1000] Best: 12631.9497 | Alpha: 0.1957
      [Iter 200] Action stats: mean=0.0167±0.8100 [-0.9546-0.9855]
      [Iter 200] Action stats: mean=0.1448±0.5611 [-0.4893-0.9580]
  [Iter 200/1000] Best: 12516.9631 | Alpha: 0.1957
      [Iter 200] Fitness: current=12620.1904, best=12620.1904, diversity=5.587235
      [Iter 200] Reward: -1.0000
  [Iter 200/1000] Best: 12620.1904 | Alpha: 0.1957
      [Iter 200] Fitness: current=12331.1461, best=12331.1461, diversity=8.157126
      [Iter 200] Reward: -1.0000
      [Iter 200] Fitness: current=12710.7142, best=12710.7142, diversity=9.948676
      [Iter 200] Reward: -1.0000
      [Iter 200] Action stats: mean=-0.3194±0.4434 [-0.6836-0.6535]
  [Iter 200/1000] Best: 12566.2925 | Alpha: 0.1957
  [Iter 200/1000] Best: 12331.1461 | Alpha: 0.1957
  [Iter 200/1000] Best: 12710.7142 | Alpha: 0.1957
      [Iter 200] Fitness: current=12536.0650, best=12536.0650, diversity=7.910215
      [Iter 200] Reward: -1.0000
  [Iter 200/1000] Best: 12536.0650 | Alpha: 0.1957
      [Iter 200] Action stats: mean=0.1409±0.5269 [-0.7975-0.8119]
      [Iter 200] Fitness: current=12309.8388, best=12309.8388, diversity=9.947168
      [Iter 200] Reward: -1.0000
  [Iter 200/1000] Best: 12309.8388 | Alpha: 0.1957
      [Iter 200] Action stats: mean=0.0672±0.5910 [-0.7343-0.8741]
      [Iter 200] Fitness: current=12403.0600, best=12403.0600, diversity=8.309762
      [Iter 200] Reward: -1.0000
  [Iter 200/1000] Best: 12403.0600 | Alpha: 0.1957
      [Iter 250] Action stats: mean=0.4443±0.8069 [-0.9391-0.9890]
      [Iter 250] Action stats: mean=0.2322±0.8119 [-0.9532-0.9908]
  [Iter 250/1000] Best: 12672.2798 | Alpha: 0.1928
      [Iter 250] Action stats: mean=-0.2906±0.5626 [-0.9617-0.7850]
  [Iter 250/1000] Best: 12550.0185 | Alpha: 0.1928
      [Iter 250] Action stats: mean=0.1696±0.6870 [-0.7494-0.9555]
      [Iter 250] Action stats: mean=-0.1029±0.7478 [-0.9978-0.9447]
      [Iter 250] Action stats: mean=-0.2986±0.5788 [-0.9647-0.7920]
      [Iter 250] Action stats: mean=0.1585±0.7748 [-0.9637-0.9713]
      [Iter 250] Action stats: mean=0.3223±0.5508 [-0.7927-0.8878]
  [Iter 250/1000] Best: 12545.4898 | Alpha: 0.1928
  [Iter 250/1000] Best: 12596.9181 | Alpha: 0.1928
      [Iter 250] Action stats: mean=0.0498±0.5531 [-0.8750-0.6224]
  [Iter 250/1000] Best: 12688.8179 | Alpha: 0.1928
  [Iter 250/1000] Best: 12350.2223 | Alpha: 0.1928
  [Iter 250/1000] Best: 12325.6116 | Alpha: 0.1928
  [Iter 250/1000] Best: 12707.7765 | Alpha: 0.1928
      [Iter 250] Action stats: mean=-0.0594±0.6892 [-0.9499-0.8947]
      [Iter 250] Action stats: mean=0.1464±0.6977 [-0.6726-0.9976]
  [Iter 250/1000] Best: 12503.7304 | Alpha: 0.1928
      [Iter 250] Action stats: mean=-0.1991±0.7377 [-0.9308-0.9631]
  [Iter 250/1000] Best: 12493.6074 | Alpha: 0.1928
  [Iter 250/1000] Best: 12664.6696 | Alpha: 0.1928
  [Iter 250/1000] Best: 12619.1476 | Alpha: 0.1928
      [Iter 250] Action stats: mean=0.1102±0.5860 [-0.6997-0.7898]
  [Iter 250/1000] Best: 12269.2187 | Alpha: 0.1928
      [Iter 250] Action stats: mean=-0.1891±0.7867 [-0.9443-0.9119]
  [Iter 250/1000] Best: 12313.4383 | Alpha: 0.1928
      [Iter 300] Action stats: mean=0.1724±0.5157 [-0.5980-0.8233]
      [Iter 300] Action stats: mean=0.0236±0.6500 [-0.8198-0.8976]
      [Iter 300] Action stats: mean=-0.5684±0.6361 [-0.9916-0.9363]
      [Iter 300] Action stats: mean=-0.2416±0.7636 [-0.9535-0.9993]
      [Iter 300] Fitness: current=12554.0391, best=12554.0391, diversity=7.011124
      [Iter 300] Reward: 1.0000
      [Iter 300] Fitness: current=12347.8726, best=12347.8726, diversity=7.400910
      [Iter 300] Reward: -1.0000
  [Iter 300/1000] Best: 12554.0391 | Alpha: 0.1899
      [Iter 300] Fitness: current=12546.3669, best=12546.3669, diversity=3.694725
      [Iter 300] Reward: -1.0000
      [Iter 300] Fitness: current=12672.2798, best=12672.2798, diversity=4.867183
      [Iter 300] Reward: 1.0000
  [Iter 300/1000] Best: 12347.8726 | Alpha: 0.1899
      [Iter 300] Action stats: mean=-0.2593±0.3715 [-0.7176-0.2342]
  [Iter 300/1000] Best: 12546.3669 | Alpha: 0.1899
  [Iter 300/1000] Best: 12672.2798 | Alpha: 0.1899
      [Iter 300] Action stats: mean=-0.0365±0.7047 [-0.9502-0.7661]
      [Iter 300] Fitness: current=12675.6857, best=12675.6857, diversity=3.817011
      [Iter 300] Reward: -1.0000
      [Iter 300] Fitness: current=12514.7115, best=12514.7115, diversity=5.747467
      [Iter 300] Reward: 1.0000
      [Iter 300] Action stats: mean=-0.4581±0.6235 [-0.9464-0.9850]
  [Iter 300/1000] Best: 12675.6857 | Alpha: 0.1899
  [Iter 300/1000] Best: 12514.7115 | Alpha: 0.1899
      [Iter 300] Action stats: mean=0.3804±0.7451 [-0.9234-0.9626]
      [Iter 300] Fitness: current=12487.0764, best=12487.0764, diversity=7.379648
      [Iter 300] Reward: -1.0000
      [Iter 300] Action stats: mean=0.3151±0.6761 [-0.8892-0.9782]
      [Iter 300] Action stats: mean=-0.2673±0.4360 [-0.9750-0.3583]
  [Iter 300/1000] Best: 12487.0764 | Alpha: 0.1899
      [Iter 300] Fitness: current=12622.8611, best=12622.8611, diversity=6.628379
      [Iter 300] Reward: 1.0000
      [Iter 300] Fitness: current=12318.5174, best=12318.5174, diversity=6.668677
      [Iter 300] Reward: -1.0000
  [Iter 300/1000] Best: 12318.5174 | Alpha: 0.1899
      [Iter 300] Fitness: current=12647.4811, best=12647.4811, diversity=7.845983
      [Iter 300] Reward: -1.0000
  [Iter 300/1000] Best: 12622.8611 | Alpha: 0.1899
      [Iter 300] Action stats: mean=0.3249±0.5918 [-0.8656-0.8608]
  [Iter 300/1000] Best: 12647.4811 | Alpha: 0.1899
      [Iter 300] Action stats: mean=-0.2103±0.6951 [-0.9149-0.8151]
      [Iter 300] Fitness: current=12442.8283, best=12442.8283, diversity=8.215044
      [Iter 300] Reward: -1.0000
  [Iter 300/1000] Best: 12442.8283 | Alpha: 0.1899
      [Iter 300] Action stats: mean=-0.2016±0.6134 [-0.9728-0.7005]
      [Iter 300] Fitness: current=12254.3272, best=12254.3272, diversity=8.947899
      [Iter 300] Reward: -1.0000
  [Iter 300/1000] Best: 12254.3272 | Alpha: 0.1899
      [Iter 300] Fitness: current=12615.5017, best=12615.5017, diversity=3.544893
      [Iter 300] Reward: 1.0000
  [Iter 300/1000] Best: 12615.5017 | Alpha: 0.1899
      [Iter 300] Action stats: mean=-0.1394±0.4708 [-0.6372-0.9484]
      [Iter 300] Fitness: current=12197.6242, best=12197.6242, diversity=5.991488
      [Iter 300] Reward: 1.0000
  [Iter 300/1000] Best: 12197.6242 | Alpha: 0.1899
      [Iter 350] Action stats: mean=-0.1912±0.4648 [-0.8617-0.5687]
  [Iter 350/1000] Best: 12326.6461 | Alpha: 0.1871
      [Iter 350] Action stats: mean=0.1209±0.7349 [-0.8795-0.9567]
      [Iter 350] Action stats: mean=0.1227±0.7305 [-0.9602-0.9784]
      [Iter 350] Action stats: mean=-0.1108±0.5365 [-0.9139-0.9573]
  [Iter 350/1000] Best: 12545.9374 | Alpha: 0.1871
  [Iter 350/1000] Best: 12671.2896 | Alpha: 0.1871
      [Iter 350] Action stats: mean=0.1227±0.7532 [-0.9455-0.9915]
  [Iter 350/1000] Best: 12523.7569 | Alpha: 0.1871
      [Iter 350] Action stats: mean=-0.0196±0.5171 [-0.8641-0.8864]
  [Iter 350/1000] Best: 12485.5597 | Alpha: 0.1871
      [Iter 350] Action stats: mean=0.0736±0.6713 [-0.6647-0.9787]
      [Iter 350] Action stats: mean=-0.0544±0.6774 [-0.8782-0.9769]
  [Iter 350/1000] Best: 12671.9881 | Alpha: 0.1871
      [Iter 350] Action stats: mean=0.1504±0.5673 [-0.7318-0.9204]
  [Iter 350/1000] Best: 12314.2978 | Alpha: 0.1871
  [Iter 350/1000] Best: 12571.8732 | Alpha: 0.1871
  [Iter 350/1000] Best: 12408.0662 | Alpha: 0.1871
      [Iter 350] Action stats: mean=-0.3851±0.7475 [-0.9504-0.9264]
      [Iter 350] Action stats: mean=0.1235±0.6172 [-0.7600-0.8862]
  [Iter 350/1000] Best: 12459.1820 | Alpha: 0.1871
      [Iter 350] Action stats: mean=0.0370±0.6678 [-0.6808-0.8666]
  [Iter 350/1000] Best: 12588.7856 | Alpha: 0.1871
      [Iter 350] Action stats: mean=0.1696±0.6133 [-0.8382-0.8122]
  [Iter 350/1000] Best: 12246.7920 | Alpha: 0.1871
  [Iter 350/1000] Best: 12610.3114 | Alpha: 0.1871
      [Iter 350] Action stats: mean=-0.2938±0.5876 [-0.9909-0.5804]
  [Iter 350/1000] Best: 12183.9605 | Alpha: 0.1871
      [Iter 400] Action stats: mean=-0.0908±0.5936 [-0.9287-0.7710]
      [Iter 400] Action stats: mean=0.2432±0.6556 [-0.7715-0.9335]
      [Iter 400] Fitness: current=12316.5576, best=12316.5576, diversity=5.042932
      [Iter 400] Reward: -1.0000
  [Iter 400/1000] Best: 12316.5576 | Alpha: 0.1843
      [Iter 400] Action stats: mean=-0.1582±0.6566 [-0.9361-0.8734]
      [Iter 400] Fitness: current=12544.8217, best=12544.8217, diversity=3.925414
      [Iter 400] Reward: -1.0000
      [Iter 400] Fitness: current=12418.0586, best=12418.0586, diversity=3.606520
      [Iter 400] Reward: -1.0000
      [Iter 400] Action stats: mean=0.0506±0.4438 [-0.4449-0.7457]
      [Iter 400] Fitness: current=12427.3845, best=12427.3845, diversity=6.405449
      [Iter 400] Reward: -1.0000
  [Iter 400/1000] Best: 12427.3845 | Alpha: 0.1843
  [Iter 400/1000] Best: 12544.8217 | Alpha: 0.1843
      [Iter 400] Action stats: mean=0.0580±0.6772 [-0.9810-0.9877]
      [Iter 400] Action stats: mean=-0.0573±0.5693 [-0.8534-0.8103]
      [Iter 400] Fitness: current=12657.8988, best=12657.8988, diversity=4.254442
      [Iter 400] Reward: -1.0000
  [Iter 400/1000] Best: 12657.8988 | Alpha: 0.1843
  [Iter 400/1000] Best: 12418.0586 | Alpha: 0.1843
      [Iter 400] Action stats: mean=-0.1000±0.7625 [-0.9199-0.9033]
      [Iter 400] Fitness: current=12566.7160, best=12566.7160, diversity=3.159866
      [Iter 400] Reward: 1.0000
  [Iter 400/1000] Best: 12566.7160 | Alpha: 0.1843
      [Iter 400] Action stats: mean=0.6015±0.2705 [0.1985-0.9455]
      [Iter 400] Fitness: current=12666.3091, best=12666.3091, diversity=4.534649
      [Iter 400] Reward: -1.0000
      [Iter 400] Fitness: current=12311.0349, best=12311.0349, diversity=4.251836
      [Iter 400] Reward: 1.0000
  [Iter 400/1000] Best: 12311.0349 | Alpha: 0.1843
  [Iter 400/1000] Best: 12666.3091 | Alpha: 0.1843
      [Iter 400] Action stats: mean=0.3574±0.4342 [-0.2717-0.8283]
      [Iter 400] Fitness: current=12404.6783, best=12404.6783, diversity=6.892353
      [Iter 400] Reward: -1.0000
  [Iter 400/1000] Best: 12404.6783 | Alpha: 0.1843
      [Iter 400] Action stats: mean=0.0275±0.5509 [-0.7332-0.9652]
      [Iter 400] Fitness: current=12372.5396, best=12372.5396, diversity=7.978125
      [Iter 400] Reward: 1.0000
  [Iter 400/1000] Best: 12372.5396 | Alpha: 0.1843
      [Iter 400] Action stats: mean=-0.1461±0.6776 [-0.9299-0.9727]
      [Iter 400] Action stats: mean=0.1160±0.5536 [-0.8976-0.8426]
      [Iter 400] Fitness: current=12540.7032, best=12540.7032, diversity=7.344362
      [Iter 400] Reward: 1.0000
      [Iter 400] Action stats: mean=-0.2931±0.6657 [-0.9319-0.8769]
      [Iter 400] Fitness: current=12234.9900, best=12234.9900, diversity=6.005236
      [Iter 400] Reward: 1.0000
  [Iter 400/1000] Best: 12234.9900 | Alpha: 0.1843
      [Iter 400] Fitness: current=12601.5861, best=12601.5861, diversity=2.631841
      [Iter 400] Reward: -1.0000
  [Iter 400/1000] Best: 12540.7032 | Alpha: 0.1843
  [Iter 400/1000] Best: 12601.5861 | Alpha: 0.1843
      [Iter 400] Action stats: mean=-0.0119±0.4913 [-0.8506-0.6662]
      [Iter 400] Fitness: current=12183.1475, best=12183.1475, diversity=5.179610
      [Iter 400] Reward: -1.0000
  [Iter 400/1000] Best: 12183.1475 | Alpha: 0.1843
      [Iter 450] Action stats: mean=-0.0513±0.4456 [-0.8254-0.6364]
  [Iter 450/1000] Best: 12316.2343 | Alpha: 0.1815
      [Iter 450] Action stats: mean=0.0337±0.4583 [-0.6500-0.7895]
  [Iter 450/1000] Best: 12541.5155 | Alpha: 0.1815
      [Iter 450] Action stats: mean=-0.1360±0.4285 [-0.7227-0.5287]
      [Iter 450] Action stats: mean=0.1619±0.4410 [-0.3914-0.9927]
      [Iter 450] Action stats: mean=0.3217±0.4858 [-0.4679-0.8143]
      [Iter 450] Action stats: mean=0.0908±0.5729 [-0.9119-0.8207]
  [Iter 450/1000] Best: 12616.7132 | Alpha: 0.1815
  [Iter 450/1000] Best: 12397.9704 | Alpha: 0.1815
  [Iter 450/1000] Best: 12565.3627 | Alpha: 0.1815
      [Iter 450] Action stats: mean=0.3505±0.7478 [-0.8632-0.9632]
  [Iter 450/1000] Best: 12337.7115 | Alpha: 0.1815
      [Iter 450] Action stats: mean=-0.1338±0.5319 [-0.9684-0.7816]
  [Iter 450/1000] Best: 12664.7660 | Alpha: 0.1815
  [Iter 450/1000] Best: 12306.7870 | Alpha: 0.1815
      [Iter 450] Action stats: mean=0.0131±0.7407 [-0.9856-0.9289]
      [Iter 450] Action stats: mean=-0.0601±0.5693 [-0.9774-0.6488]
  [Iter 450/1000] Best: 12224.7808 | Alpha: 0.1815
      [Iter 450] Action stats: mean=0.0942±0.7893 [-0.9143-0.9742]
      [Iter 450] Action stats: mean=-0.2044±0.7277 [-0.9714-0.7995]
  [Iter 450/1000] Best: 12599.4667 | Alpha: 0.1815
      [Iter 450] Action stats: mean=0.2873±0.6453 [-0.9550-0.9439]
  [Iter 450/1000] Best: 12381.8826 | Alpha: 0.1815
  [Iter 450/1000] Best: 12363.7611 | Alpha: 0.1815
  [Iter 450/1000] Best: 12517.8584 | Alpha: 0.1815
      [Iter 450] Action stats: mean=-0.2199±0.5146 [-0.9634-0.7575]
  [Iter 450/1000] Best: 12178.5459 | Alpha: 0.1815
      [Iter 500] Action stats: mean=-0.3179±0.4258 [-0.8916-0.1789]
      [Iter 500] Fitness: current=12307.2830, best=12307.2830, diversity=2.131977
      [Iter 500] Reward: -1.0000
  [Iter 500/1000] Best: 12307.2830 | Alpha: 0.1788
      [Iter 500] Action stats: mean=0.0498±0.7113 [-0.8314-0.9733]
      [Iter 500] Fitness: current=12386.6587, best=12386.6587, diversity=3.730715
      [Iter 500] Reward: -1.0000
  [Iter 500/1000] Best: 12386.6587 | Alpha: 0.1788
      [Iter 500] Action stats: mean=0.2520±0.5500 [-0.3697-0.8891]
      [Iter 500] Fitness: current=12593.5254, best=12593.5254, diversity=4.353387
      [Iter 500] Reward: 1.0000
      [Iter 500] Action stats: mean=0.1505±0.8167 [-0.9341-0.9916]
      [Iter 500] Fitness: current=12564.9291, best=12564.9291, diversity=2.173475
      [Iter 500] Reward: -1.0000
  [Iter 500/1000] Best: 12564.9291 | Alpha: 0.1788
  [Iter 500/1000] Best: 12593.5254 | Alpha: 0.1788
      [Iter 500] Action stats: mean=0.1019±0.6151 [-0.6463-0.9580]
      [Iter 500] Fitness: current=12388.3862, best=12388.3862, diversity=2.867902
      [Iter 500] Reward: -1.0000
      [Iter 500] Action stats: mean=0.3141±0.6047 [-0.9525-0.9909]
      [Iter 500] Fitness: current=12331.0369, best=12331.0369, diversity=6.172911
      [Iter 500] Reward: -1.0000
  [Iter 500/1000] Best: 12388.3862 | Alpha: 0.1788
  [Iter 500/1000] Best: 12331.0369 | Alpha: 0.1788
      [Iter 500] Action stats: mean=-0.2527±0.7014 [-0.9415-0.9658]
      [Iter 500] Action stats: mean=-0.1261±0.5233 [-0.7133-0.8325]
      [Iter 500] Action stats: mean=-0.2469±0.6241 [-0.9788-0.9166]
      [Iter 500] Fitness: current=12306.0891, best=12306.0891, diversity=2.763734
      [Iter 500] Reward: -1.0000
      [Iter 500] Action stats: mean=0.0674±0.6142 [-0.8099-0.9297]
      [Iter 500] Fitness: current=12662.6024, best=12662.6024, diversity=2.905361
      [Iter 500] Reward: -1.0000
  [Iter 500/1000] Best: 12662.6024 | Alpha: 0.1788
  [Iter 500/1000] Best: 12306.0891 | Alpha: 0.1788
      [Iter 500] Action stats: mean=-0.0908±0.5956 [-0.9682-0.5272]
      [Iter 500] Fitness: current=12373.0580, best=12373.0580, diversity=3.761860
      [Iter 500] Reward: -1.0000
  [Iter 500/1000] Best: 12373.0580 | Alpha: 0.1788
      [Iter 500] Fitness: current=12224.5709, best=12224.5709, diversity=3.960960
      [Iter 500] Reward: 1.0000
  [Iter 500/1000] Best: 12224.5709 | Alpha: 0.1788
      [Iter 500] Action stats: mean=-0.0997±0.4135 [-0.6359-0.5031]
      [Iter 500] Fitness: current=12594.8556, best=12594.8556, diversity=1.860105
      [Iter 500] Reward: -1.0000
      [Iter 500] Fitness: current=12516.4540, best=12516.4540, diversity=4.474302
      [Iter 500] Reward: -1.0000
  [Iter 500/1000] Best: 12516.4540 | Alpha: 0.1788
      [Iter 500] Action stats: mean=0.1736±0.5172 [-0.6554-0.9620]
      [Iter 500] Fitness: current=12354.6173, best=12354.6173, diversity=6.085692
      [Iter 500] Reward: -1.0000
  [Iter 500/1000] Best: 12354.6173 | Alpha: 0.1788
  [Iter 500/1000] Best: 12594.8556 | Alpha: 0.1788
      [Iter 500] Action stats: mean=0.0889±0.6561 [-0.9164-0.8754]
      [Iter 500] Fitness: current=12177.5274, best=12177.5274, diversity=4.574156
      [Iter 500] Reward: -1.0000
  [Iter 500/1000] Best: 12177.5274 | Alpha: 0.1789
      [Iter 550] Action stats: mean=-0.0818±0.6469 [-0.8437-0.9238]
  [Iter 550/1000] Best: 12299.1554 | Alpha: 0.1762
      [Iter 550] Action stats: mean=-0.1627±0.7987 [-0.8760-0.9341]
  [Iter 550/1000] Best: 12277.9419 | Alpha: 0.1762
      [Iter 550] Action stats: mean=0.3429±0.5363 [-0.5466-0.9221]
  [Iter 550/1000] Best: 12564.7653 | Alpha: 0.1762
      [Iter 550] Action stats: mean=0.0002±0.5741 [-0.8711-0.7251]
      [Iter 550] Action stats: mean=-0.3889±0.5690 [-0.9685-0.9011]
      [Iter 550] Action stats: mean=-0.0293±0.4144 [-0.6514-0.5875]
  [Iter 550/1000] Best: 12592.1727 | Alpha: 0.1762
  [Iter 550/1000] Best: 12385.0354 | Alpha: 0.1762
  [Iter 550/1000] Best: 12305.9688 | Alpha: 0.1762
      [Iter 550] Action stats: mean=-0.2917±0.6828 [-0.9668-0.7962]
  [Iter 550/1000] Best: 12323.2276 | Alpha: 0.1763
      [Iter 550] Action stats: mean=-0.0391±0.4206 [-0.8406-0.4887]
      [Iter 550] Action stats: mean=-0.1557±0.5020 [-0.8390-0.6410]
      [Iter 550] Action stats: mean=0.1219±0.6807 [-0.7259-0.9503]
      [Iter 550] Action stats: mean=0.1364±0.5455 [-0.9716-0.6627]
      [Iter 550] Action stats: mean=0.0535±0.7512 [-0.9520-0.9038]
  [Iter 550/1000] Best: 12364.2450 | Alpha: 0.1762
  [Iter 550/1000] Best: 12224.2269 | Alpha: 0.1762
  [Iter 550/1000] Best: 12661.9756 | Alpha: 0.1762
      [Iter 550] Action stats: mean=0.3637±0.4835 [-0.4969-0.9478]
  [Iter 550/1000] Best: 12593.3543 | Alpha: 0.1762
  [Iter 550/1000] Best: 12515.5525 | Alpha: 0.1762
  [Iter 550/1000] Best: 12347.1409 | Alpha: 0.1762
      [Iter 550] Action stats: mean=-0.1167±0.5330 [-0.8278-0.6808]
  [Iter 550/1000] Best: 12177.3985 | Alpha: 0.1762
      [Iter 600] Action stats: mean=0.1150±0.7049 [-0.9797-0.9771]
      [Iter 600] Fitness: current=12296.5713, best=12296.5713, diversity=2.715429
      [Iter 600] Reward: -1.0000
  [Iter 600/1000] Best: 12296.5713 | Alpha: 0.1736
      [Iter 600] Action stats: mean=-0.2649±0.6234 [-0.8930-0.6536]
      [Iter 600] Fitness: current=12246.3006, best=12246.3006, diversity=2.136532
      [Iter 600] Reward: -1.0000
  [Iter 600/1000] Best: 12246.3006 | Alpha: 0.1735
      [Iter 600] Action stats: mean=-0.0978±0.6893 [-0.9573-0.9900]
      [Iter 600] Fitness: current=12564.7183, best=12564.7183, diversity=0.950869
      [Iter 600] Reward: -1.0000
  [Iter 600/1000] Best: 12564.7183 | Alpha: 0.1735
      [Iter 600] Action stats: mean=-0.0969±0.5932 [-0.9516-0.8259]
      [Iter 600] Fitness: current=12591.7029, best=12591.7029, diversity=3.459372
      [Iter 600] Reward: -1.0000
  [Iter 600/1000] Best: 12591.7029 | Alpha: 0.1735
      [Iter 600] Action stats: mean=0.2568±0.4731 [-0.7392-0.9705]
      [Iter 600] Fitness: current=12318.7559, best=12318.7559, diversity=5.038997
      [Iter 600] Reward: 1.0000
  [Iter 600/1000] Best: 12318.7559 | Alpha: 0.1736
      [Iter 600] Action stats: mean=-0.3373±0.4498 [-0.9610-0.3646]
      [Iter 600] Action stats: mean=0.1320±0.5605 [-0.4873-0.9110]
      [Iter 600] Fitness: current=12384.3943, best=12384.3943, diversity=1.637896
      [Iter 600] Reward: -1.0000
  [Iter 600/1000] Best: 12384.3943 | Alpha: 0.1735
      [Iter 600] Fitness: current=12305.5092, best=12305.5092, diversity=1.783279
      [Iter 600] Reward: -1.0000
  [Iter 600/1000] Best: 12305.5092 | Alpha: 0.1735
      [Iter 600] Action stats: mean=0.1300±0.6578 [-0.9982-0.7661]
      [Iter 600] Fitness: current=12223.5940, best=12223.5940, diversity=2.806789
      [Iter 600] Reward: -1.0000
  [Iter 600/1000] Best: 12223.5940 | Alpha: 0.1735
      [Iter 600] Action stats: mean=-0.0269±0.7214 [-0.9567-0.8787]
      [Iter 600] Action stats: mean=0.0222±0.8863 [-0.9187-0.9769]
      [Iter 600] Fitness: current=12355.8238, best=12355.8238, diversity=2.171737
      [Iter 600] Reward: -1.0000
  [Iter 600/1000] Best: 12355.8238 | Alpha: 0.1735
      [Iter 600] Action stats: mean=-0.1310±0.6256 [-0.9261-0.8756]
      [Iter 600] Fitness: current=12505.6249, best=12505.6249, diversity=3.638959
      [Iter 600] Reward: -1.0000
  [Iter 600/1000] Best: 12505.6249 | Alpha: 0.1735
      [Iter 600] Action stats: mean=-0.2291±0.6780 [-0.9845-0.9828]
      [Iter 600] Fitness: current=12661.4176, best=12661.4176, diversity=0.757294
      [Iter 600] Reward: -1.0000
  [Iter 600/1000] Best: 12661.4176 | Alpha: 0.1735
      [Iter 600] Fitness: current=12592.4313, best=12592.4313, diversity=0.984011
      [Iter 600] Reward: 1.0000
  [Iter 600/1000] Best: 12592.4313 | Alpha: 0.1735
      [Iter 600] Action stats: mean=0.1015±0.7135 [-0.8771-0.9509]
      [Iter 600] Fitness: current=12329.2733, best=12329.2733, diversity=4.896573
      [Iter 600] Reward: 1.0000
  [Iter 600/1000] Best: 12329.2733 | Alpha: 0.1735
      [Iter 600] Action stats: mean=0.0983±0.4268 [-0.4484-0.6596]
      [Iter 600] Fitness: current=12177.2949, best=12177.2949, diversity=3.021539
      [Iter 600] Reward: 1.0000
  [Iter 600/1000] Best: 12177.2949 | Alpha: 0.1736
      [Iter 650] Action stats: mean=0.2228±0.6384 [-0.9655-0.8618]
  [Iter 650/1000] Best: 12296.5271 | Alpha: 0.1710
      [Iter 650] Action stats: mean=0.0031±0.7017 [-0.9235-0.8084]
  [Iter 650/1000] Best: 12239.6421 | Alpha: 0.1710
      [Iter 650] Action stats: mean=-0.1071±0.6860 [-0.9375-0.7198]
      [Iter 650] Action stats: mean=-0.0333±0.7321 [-0.9606-0.8477]
      [Iter 650] Action stats: mean=-0.0069±0.6614 [-0.7652-0.8483]
  [Iter 650/1000] Best: 12590.8317 | Alpha: 0.1710
      [Iter 650] Action stats: mean=0.2074±0.5937 [-0.9344-0.9091]
  [Iter 650/1000] Best: 12305.4315 | Alpha: 0.1710
  [Iter 650/1000] Best: 12564.7004 | Alpha: 0.1710
  [Iter 650/1000] Best: 12317.7062 | Alpha: 0.1710
      [Iter 650] Action stats: mean=0.0392±0.6338 [-0.9141-0.9275]
      [Iter 650] Action stats: mean=-0.1245±0.5631 [-0.7928-0.7727]
  [Iter 650/1000] Best: 12223.5631 | Alpha: 0.1710
  [Iter 650/1000] Best: 12384.0459 | Alpha: 0.1710
      [Iter 650] Action stats: mean=-0.1443±0.5941 [-0.7507-0.9817]
  [Iter 650/1000] Best: 12505.0962 | Alpha: 0.1710
      [Iter 650] Action stats: mean=0.0987±0.6674 [-0.9164-0.9639]
      [Iter 650] Action stats: mean=-0.2197±0.6381 [-0.9885-0.6910]
  [Iter 650/1000] Best: 12354.0746 | Alpha: 0.1710
  [Iter 650/1000] Best: 12656.9751 | Alpha: 0.1709
      [Iter 650] Action stats: mean=-0.3848±0.5733 [-0.9594-0.7315]
  [Iter 650/1000] Best: 12592.3437 | Alpha: 0.1710
      [Iter 650] Action stats: mean=-0.1886±0.4419 [-0.9480-0.3340]
      [Iter 650] Action stats: mean=0.1706±0.6909 [-0.9264-0.8989]
  [Iter 650/1000] Best: 12324.9023 | Alpha: 0.1710
  [Iter 650/1000] Best: 12176.6629 | Alpha: 0.1710
      [Iter 700] Action stats: mean=0.1309±0.7909 [-0.9701-0.8985]
      [Iter 700] Fitness: current=12296.5212, best=12296.5212, diversity=2.128354
      [Iter 700] Reward: -1.0000
  [Iter 700/1000] Best: 12296.5212 | Alpha: 0.1684
      [Iter 700] Action stats: mean=0.1671±0.6383 [-0.9404-0.9845]
      [Iter 700] Fitness: current=12585.6635, best=12585.6635, diversity=3.036785
      [Iter 700] Reward: -1.0000
      [Iter 700] Action stats: mean=-0.2030±0.6523 [-0.9664-0.8006]
  [Iter 700/1000] Best: 12585.6635 | Alpha: 0.1684
      [Iter 700] Fitness: current=12239.3370, best=12239.3370, diversity=1.751768
      [Iter 700] Reward: 1.0000
  [Iter 700/1000] Best: 12239.3370 | Alpha: 0.1684
      [Iter 700] Action stats: mean=-0.0631±0.5228 [-0.5575-0.9531]
      [Iter 700] Action stats: mean=-0.0420±0.6460 [-0.9523-0.9231]
      [Iter 700] Fitness: current=12305.4274, best=12305.4274, diversity=1.491145
      [Iter 700] Reward: 1.0000
  [Iter 700/1000] Best: 12305.4274 | Alpha: 0.1685
      [Iter 700] Fitness: current=12564.6738, best=12564.6738, diversity=0.615627
      [Iter 700] Reward: -1.0000
  [Iter 700/1000] Best: 12564.6738 | Alpha: 0.1684
      [Iter 700] Action stats: mean=-0.1904±0.4154 [-0.9525-0.2409]
      [Iter 700] Fitness: current=12310.4747, best=12310.4747, diversity=3.596788
      [Iter 700] Reward: 1.0000
      [Iter 700] Action stats: mean=-0.3596±0.5048 [-0.9032-0.3653]
      [Iter 700] Fitness: current=12223.5581, best=12223.5581, diversity=1.879544
      [Iter 700] Reward: 1.0000
  [Iter 700/1000] Best: 12223.5581 | Alpha: 0.1684
  [Iter 700/1000] Best: 12310.4747 | Alpha: 0.1685
      [Iter 700] Action stats: mean=-0.0547±0.6128 [-0.7503-0.7579]
      [Iter 700] Action stats: mean=0.1549±0.8496 [-0.9377-0.9747]
      [Iter 700] Action stats: mean=-0.3703±0.5831 [-0.9403-0.7678]
      [Iter 700] Fitness: current=12504.7046, best=12504.7046, diversity=2.983429
      [Iter 700] Reward: 1.0000
  [Iter 700/1000] Best: 12504.7046 | Alpha: 0.1684
      [Iter 700] Fitness: current=12353.9358, best=12353.9358, diversity=1.500637
      [Iter 700] Reward: 1.0000
  [Iter 700/1000] Best: 12353.9358 | Alpha: 0.1684
      [Iter 700] Fitness: current=12656.2795, best=12656.2795, diversity=0.109614
      [Iter 700] Reward: -1.0000
  [Iter 700/1000] Best: 12656.2795 | Alpha: 0.1684
      [Iter 700] Action stats: mean=0.0699±0.5313 [-0.5436-0.9136]
      [Iter 700] Fitness: current=12382.2773, best=12382.2773, diversity=0.994443
      [Iter 700] Reward: -1.0000
  [Iter 700/1000] Best: 12382.2773 | Alpha: 0.1684
      [Iter 700] Action stats: mean=-0.1487±0.6774 [-0.9310-0.8555]
      [Iter 700] Fitness: current=12592.3422, best=12592.3422, diversity=0.667689
      [Iter 700] Reward: 1.0000
      [Iter 700] Action stats: mean=-0.0536±0.5282 [-0.8462-0.8598]
      [Iter 700] Fitness: current=12321.9169, best=12321.9169, diversity=3.458663
      [Iter 700] Reward: 1.0000
  [Iter 700/1000] Best: 12321.9169 | Alpha: 0.1684
  [Iter 700/1000] Best: 12592.3422 | Alpha: 0.1684
      [Iter 700] Action stats: mean=0.0063±0.4731 [-0.6612-0.9001]
      [Iter 700] Fitness: current=12176.6471, best=12176.6471, diversity=1.687907
      [Iter 700] Reward: 1.0000
  [Iter 700/1000] Best: 12176.6471 | Alpha: 0.1684
      [Iter 750] Action stats: mean=-0.0082±0.6365 [-0.8690-0.8687]
  [Iter 750/1000] Best: 12296.4655 | Alpha: 0.1659
      [Iter 750] Action stats: mean=-0.2301±0.6769 [-0.9423-0.9754]
      [Iter 750] Action stats: mean=-0.1043±0.5398 [-0.7739-0.6837]
  [Iter 750/1000] Best: 12581.2569 | Alpha: 0.1659
  [Iter 750/1000] Best: 12239.0806 | Alpha: 0.1659
      [Iter 750] Action stats: mean=-0.0857±0.8033 [-0.9057-0.8786]
      [Iter 750] Action stats: mean=-0.4658±0.6607 [-0.9421-0.7245]
  [Iter 750/1000] Best: 12223.5488 | Alpha: 0.1659
      [Iter 750] Action stats: mean=-0.3056±0.5872 [-0.9769-0.7772]
  [Iter 750/1000] Best: 12305.4164 | Alpha: 0.1661
      [Iter 750] Action stats: mean=-0.0063±0.6507 [-0.9776-0.8324]
  [Iter 750/1000] Best: 12564.6680 | Alpha: 0.1659
      [Iter 750] Action stats: mean=0.1293±0.5111 [-0.9411-0.7581]
  [Iter 750/1000] Best: 12304.5406 | Alpha: 0.1660
  [Iter 750/1000] Best: 12504.2695 | Alpha: 0.1659
      [Iter 750] Action stats: mean=-0.1699±0.6697 [-0.9370-0.8521]
      [Iter 750] Action stats: mean=0.3200±0.6710 [-0.8831-0.9250]
      [Iter 750] Action stats: mean=-0.0210±0.6857 [-0.9388-0.9356]
  [Iter 750/1000] Best: 12656.0062 | Alpha: 0.1659
  [Iter 750/1000] Best: 12381.9734 | Alpha: 0.1659
  [Iter 750/1000] Best: 12353.2029 | Alpha: 0.1659
      [Iter 750] Action stats: mean=-0.1718±0.5744 [-0.8018-0.7287]
      [Iter 750] Action stats: mean=-0.0214±0.6435 [-0.8162-0.9216]
      [Iter 750] Action stats: mean=-0.1406±0.7825 [-0.9668-0.8952]
  [Iter 750/1000] Best: 12176.6448 | Alpha: 0.1659
  [Iter 750/1000] Best: 12319.5890 | Alpha: 0.1659
  [Iter 750/1000] Best: 12592.3422 | Alpha: 0.1659
      [Iter 800] Action stats: mean=-0.4149±0.4778 [-0.9949-0.2103]
      [Iter 800] Fitness: current=12233.2710, best=12233.2710, diversity=0.770866
      [Iter 800] Reward: 1.0000
  [Iter 800/1000] Best: 12233.2710 | Alpha: 0.1634
      [Iter 800] Action stats: mean=0.1586±0.6111 [-0.7834-0.9278]
      [Iter 800] Fitness: current=12296.3877, best=12296.3877, diversity=1.548872
      [Iter 800] Reward: -1.0000
  [Iter 800/1000] Best: 12296.3877 | Alpha: 0.1635
      [Iter 800] Action stats: mean=-0.0168±0.6090 [-0.8720-0.8889]
      [Iter 800] Fitness: current=12578.0275, best=12578.0275, diversity=1.891067
      [Iter 800] Reward: 1.0000
  [Iter 800/1000] Best: 12578.0275 | Alpha: 0.1634
      [Iter 800] Action stats: mean=0.0311±0.5270 [-0.8487-0.6421]
      [Iter 800] Fitness: current=12305.4162, best=12305.4162, diversity=1.114321
      [Iter 800] Reward: -1.0000
  [Iter 800/1000] Best: 12305.4162 | Alpha: 0.1637
      [Iter 800] Action stats: mean=-0.0983±0.6124 [-0.9286-0.8034]
      [Iter 800] Action stats: mean=-0.2318±0.5770 [-0.7070-0.7392]
      [Iter 800] Fitness: current=12564.6232, best=12564.6232, diversity=0.544418
      [Iter 800] Reward: 1.0000
  [Iter 800/1000] Best: 12564.6232 | Alpha: 0.1634
      [Iter 800] Action stats: mean=0.2257±0.6002 [-0.7805-0.8328]
      [Iter 800] Fitness: current=12223.5487, best=12223.5487, diversity=0.562330
      [Iter 800] Reward: -1.0000
  [Iter 800/1000] Best: 12223.5487 | Alpha: 0.1635
      [Iter 800] Fitness: current=12303.5554, best=12303.5554, diversity=3.259163
      [Iter 800] Reward: 1.0000
  [Iter 800/1000] Best: 12303.5554 | Alpha: 0.1635
      [Iter 800] Action stats: mean=0.3109±0.5807 [-0.6197-0.8772]
      [Iter 800] Fitness: current=12504.1515, best=12504.1515, diversity=3.550966
      [Iter 800] Reward: -1.0000
  [Iter 800/1000] Best: 12504.1515 | Alpha: 0.1634
      [Iter 800] Action stats: mean=0.2030±0.8506 [-0.9723-0.9858]
      [Iter 800] Fitness: current=12654.7448, best=12654.7448, diversity=0.137412
      [Iter 800] Reward: -1.0000
  [Iter 800/1000] Best: 12654.7448 | Alpha: 0.1634
      [Iter 800] Action stats: mean=0.2215±0.6275 [-0.9062-0.9796]
      [Iter 800] Action stats: mean=-0.2808±0.6350 [-0.9514-0.8031]
      [Iter 800] Fitness: current=12381.9519, best=12381.9519, diversity=1.201756
      [Iter 800] Reward: 1.0000
  [Iter 800/1000] Best: 12381.9519 | Alpha: 0.1634
      [Iter 800] Fitness: current=12352.8420, best=12352.8420, diversity=0.897742
      [Iter 800] Reward: -1.0000
  [Iter 800/1000] Best: 12352.8420 | Alpha: 0.1634
      [Iter 800] Action stats: mean=-0.3199±0.5377 [-0.8797-0.5880]
      [Iter 800] Fitness: current=12592.3420, best=12592.3420, diversity=0.109066
      [Iter 800] Reward: 1.0000
  [Iter 800/1000] Best: 12592.3420 | Alpha: 0.1634
      [Iter 800] Action stats: mean=-0.1781±0.5079 [-0.8927-0.4925]
      [Iter 800] Fitness: current=12176.6448, best=12176.6448, diversity=1.419500
      [Iter 800] Reward: 1.0000
  [Iter 800/1000] Best: 12176.6448 | Alpha: 0.1634
      [Iter 800] Action stats: mean=0.0050±0.5135 [-0.6041-0.9090]
      [Iter 800] Fitness: current=12317.5362, best=12317.5362, diversity=2.537986
      [Iter 800] Reward: -1.0000
  [Iter 800/1000] Best: 12317.5362 | Alpha: 0.1634
      [Iter 850] Action stats: mean=-0.2927±0.5424 [-0.9589-0.5184]
  [Iter 850/1000] Best: 12233.0235 | Alpha: 0.1610
      [Iter 850] Action stats: mean=0.3517±0.4543 [-0.3028-0.9500]
  [Iter 850/1000] Best: 12296.3773 | Alpha: 0.1610
      [Iter 850] Action stats: mean=0.0356±0.4999 [-0.9035-0.6255]
  [Iter 850/1000] Best: 12576.7416 | Alpha: 0.1610
      [Iter 850] Action stats: mean=-0.3311±0.5054 [-0.9424-0.4931]
      [Iter 850] Action stats: mean=-0.0883±0.5710 [-0.9254-0.5278]
      [Iter 850] Action stats: mean=-0.3077±0.7622 [-0.9869-0.8952]
      [Iter 850] Action stats: mean=0.4518±0.3105 [0.0271-0.8654]
  [Iter 850/1000] Best: 12303.4170 | Alpha: 0.1612
  [Iter 850/1000] Best: 12305.4162 | Alpha: 0.1612
  [Iter 850/1000] Best: 12223.5487 | Alpha: 0.1610
  [Iter 850/1000] Best: 12564.5704 | Alpha: 0.1610
      [Iter 850] Action stats: mean=0.1515±0.6217 [-0.8094-0.9545]
  [Iter 850/1000] Best: 12504.1425 | Alpha: 0.1610
      [Iter 850] Action stats: mean=0.0832±0.6581 [-0.9247-0.9572]
  [Iter 850/1000] Best: 12653.9171 | Alpha: 0.1611
      [Iter 850] Action stats: mean=-0.2412±0.6484 [-0.9249-0.6059]
  [Iter 850/1000] Best: 12381.9074 | Alpha: 0.1610
      [Iter 850] Action stats: mean=0.0307±0.7939 [-0.9412-0.8980]
      [Iter 850] Action stats: mean=0.2478±0.6373 [-0.4687-0.9978]
  [Iter 850/1000] Best: 12352.1237 | Alpha: 0.1610
      [Iter 850] Action stats: mean=-0.0878±0.3447 [-0.6416-0.3555]
  [Iter 850/1000] Best: 12592.3420 | Alpha: 0.1610
  [Iter 850/1000] Best: 12176.6448 | Alpha: 0.1610
      [Iter 850] Action stats: mean=0.4298±0.3456 [-0.0843-0.8183]
  [Iter 850/1000] Best: 12317.2151 | Alpha: 0.1610
      [Iter 900] Action stats: mean=-0.3435±0.5993 [-0.9100-0.6823]
      [Iter 900] Action stats: mean=-0.0410±0.5254 [-0.9145-0.8734]
      [Iter 900] Fitness: current=12232.6986, best=12232.6986, diversity=1.160367
      [Iter 900] Reward: 1.0000
  [Iter 900/1000] Best: 12232.6986 | Alpha: 0.1586
      [Iter 900] Fitness: current=12296.3090, best=12296.3090, diversity=1.142841
      [Iter 900] Reward: 1.0000
  [Iter 900/1000] Best: 12296.3090 | Alpha: 0.1586
      [Iter 900] Action stats: mean=0.2469±0.5751 [-0.7786-0.8458]
      [Iter 900] Action stats: mean=-0.1306±0.5680 [-0.8267-0.7440]
      [Iter 900] Fitness: current=12305.4162, best=12305.4162, diversity=0.619322
      [Iter 900] Reward: -1.0000
      [Iter 900] Action stats: mean=-0.1403±0.4288 [-0.6460-0.7282]
      [Iter 900] Fitness: current=12223.5487, best=12223.5487, diversity=0.301053
      [Iter 900] Reward: 1.0000
      [Iter 900] Fitness: current=12576.4407, best=12576.4407, diversity=1.386411
      [Iter 900] Reward: -1.0000
  [Iter 900/1000] Best: 12223.5487 | Alpha: 0.1587
      [Iter 900] Action stats: mean=-0.2754±0.5800 [-0.9165-0.5655]
  [Iter 900/1000] Best: 12576.4407 | Alpha: 0.1586
  [Iter 900/1000] Best: 12305.4162 | Alpha: 0.1590
      [Iter 900] Action stats: mean=0.2292±0.5036 [-0.5538-0.9179]
      [Iter 900] Fitness: current=12564.5688, best=12564.5688, diversity=0.015914
      [Iter 900] Reward: 1.0000
  [Iter 900/1000] Best: 12564.5688 | Alpha: 0.1586
      [Iter 900] Action stats: mean=0.0243±0.5629 [-0.8826-0.8365]
      [Iter 900] Fitness: current=12303.2031, best=12303.2031, diversity=2.251839
      [Iter 900] Reward: 1.0000
  [Iter 900/1000] Best: 12303.2031 | Alpha: 0.1592
      [Iter 900] Fitness: current=12504.1408, best=12504.1408, diversity=1.787590
      [Iter 900] Reward: 1.0000
  [Iter 900/1000] Best: 12504.1408 | Alpha: 0.1586
      [Iter 900] Action stats: mean=-0.0369±0.7000 [-0.9325-0.9647]
      [Iter 900] Fitness: current=12652.9355, best=12652.9355, diversity=0.274751
      [Iter 900] Reward: 1.0000
  [Iter 900/1000] Best: 12652.9355 | Alpha: 0.1590
      [Iter 900] Action stats: mean=-0.1698±0.5265 [-0.7509-0.8296]
      [Iter 900] Fitness: current=12359.1717, best=12359.1717, diversity=1.255026
      [Iter 900] Reward: 1.0000
  [Iter 900/1000] Best: 12359.1717 | Alpha: 0.1586
      [Iter 900] Action stats: mean=0.0197±0.6421 [-0.9790-0.9711]
      [Iter 900] Fitness: current=12352.0045, best=12352.0045, diversity=0.928266
      [Iter 900] Reward: -1.0000
  [Iter 900/1000] Best: 12352.0045 | Alpha: 0.1586
      [Iter 900] Action stats: mean=-0.3485±0.6356 [-0.9697-0.8924]
      [Iter 900] Fitness: current=12592.3420, best=12592.3420, diversity=0.075313
      [Iter 900] Reward: 1.0000
  [Iter 900/1000] Best: 12592.3420 | Alpha: 0.1588
      [Iter 900] Action stats: mean=-0.0399±0.5142 [-0.5408-0.9845]
      [Iter 900] Fitness: current=12176.6418, best=12176.6418, diversity=0.593598
      [Iter 900] Reward: -1.0000
  [Iter 900/1000] Best: 12176.6418 | Alpha: 0.1586
      [Iter 900] Action stats: mean=0.0689±0.7836 [-0.9364-0.9764]
      [Iter 900] Fitness: current=12317.1879, best=12317.1879, diversity=1.980651
      [Iter 900] Reward: 1.0000
  [Iter 900/1000] Best: 12317.1879 | Alpha: 0.1586
      [Iter 950] Action stats: mean=-0.2620±0.8018 [-0.9976-0.9901]
  [Iter 950/1000] Best: 12232.6829 | Alpha: 0.1562
      [Iter 950] Action stats: mean=0.3156±0.6348 [-0.9402-0.9487]
  [Iter 950/1000] Best: 12295.8655 | Alpha: 0.1563
      [Iter 950] Action stats: mean=-0.0061±0.5849 [-0.9465-0.8601]
  [Iter 950/1000] Best: 12575.8088 | Alpha: 0.1564
      [Iter 950] Action stats: mean=-0.2169±0.7214 [-0.8547-0.9892]
  [Iter 950/1000] Best: 12223.5487 | Alpha: 0.1564
      [Iter 950] Action stats: mean=-0.2880±0.6809 [-0.8813-0.8601]
      [Iter 950] Action stats: mean=-0.1285±0.7033 [-0.9631-0.9026]
      [Iter 950] Action stats: mean=-0.0454±0.7167 [-0.9385-0.9760]
  [Iter 950/1000] Best: 12303.1713 | Alpha: 0.1574
  [Iter 950/1000] Best: 12305.4162 | Alpha: 0.1568
      [Iter 950] Action stats: mean=0.0637±0.5332 [-0.7050-0.7481]
  [Iter 950/1000] Best: 12504.1407 | Alpha: 0.1562
  [Iter 950/1000] Best: 12564.5683 | Alpha: 0.1562
      [Iter 950] Action stats: mean=-0.2731±0.6685 [-0.9571-0.7786]
      [Iter 950] Action stats: mean=-0.2309±0.5201 [-0.8212-0.8057]
      [Iter 950] Action stats: mean=-0.0088±0.6332 [-0.8225-0.9233]
  [Iter 950/1000] Best: 12652.8639 | Alpha: 0.1568
  [Iter 950/1000] Best: 12358.1789 | Alpha: 0.1563
  [Iter 950/1000] Best: 12351.6501 | Alpha: 0.1562
      [Iter 950] Action stats: mean=0.0492±0.6244 [-0.6981-0.8472]
      [Iter 950] Action stats: mean=0.0918±0.6667 [-0.6926-0.9079]
  [Iter 950/1000] Best: 12176.6418 | Alpha: 0.1562
      [Iter 950] Action stats: mean=0.2328±0.7078 [-0.7985-0.9679]
  [Iter 950/1000] Best: 12592.3420 | Alpha: 0.1567
  [Iter 950/1000] Best: 12317.1862 | Alpha: 0.1565
      [Iter 1000] Action stats: mean=0.0164±0.6610 [-0.9197-0.9472]
      [Iter 1000] Fitness: current=12232.6829, best=12232.6829, diversity=0.641743
      [Iter 1000] Reward: 1.0000
  [Iter 1000/1000] Best: 12232.6829 | Alpha: 0.1539

╔════════════════════════════════════════════════════════════╗
║              RRSACPSO TRAINING COMPLETE                   ║
╚════════════════════════════════════════════════════════════╝
  Mode:              online
  Episodes:          1
  Iterations/Ep:     1000
  Population Size:   100
  Best Fitness:      12232.6829
  Path Length:       5 waypoints


========== Planning Complete ==========
Algorithm: RRSACPSO
Execution time: 411.6102 seconds
Path length: 301.4325 units
Waypoints: 7
Best fitness: 12232.6829
========================================

      [Iter 1000] Action stats: mean=-0.0021±0.6999 [-0.8328-0.8772]

========== Direct Global Planning ==========
Algorithm: PSO
Start: [0.0, 0.0, 10.0]
Goal:  [200.0, 200.0, 10.0]
============================================

Starting Traditional PSO path planning with tracking...
      [Iter 1000] Fitness: current=12295.3793, best=12295.3793, diversity=0.654751
      [Iter 1000] Reward: 1.0000
  [Iter 1000/1000] Best: 12295.3793 | Alpha: 0.1540

╔════════════════════════════════════════════════════════════╗
║              RRSACPSO TRAINING COMPLETE                   ║
╚════════════════════════════════════════════════════════════╝
  Mode:              online
  Episodes:          1
  Iterations/Ep:     1000
  Population Size:   100
  Best Fitness:      12295.3793
  Path Length:       5 waypoints


========== Planning Complete ==========
Algorithm: RRSACPSO
Execution time: 412.1281 seconds
Path length: 294.4573 units
Waypoints: 7
Best fitness: 12295.3793
========================================


========== Direct Global Planning ==========
Algorithm: PSO
Start: [0.0, 0.0, 10.0]
Goal:  [200.0, 200.0, 10.0]
============================================

Starting Traditional PSO path planning with tracking...
      [Iter 1000] Action stats: mean=-0.1701±0.5747 [-0.8191-0.8826]
      [Iter 1000] Fitness: current=12223.5487, best=12223.5487, diversity=0.108542
      [Iter 1000] Reward: -1.0000
      [Iter 1000] Action stats: mean=-0.3806±0.6254 [-0.9258-0.9908]
      [Iter 1000] Action stats: mean=-0.0859±0.6659 [-0.9966-0.9127]
Number of Initial feasible particles: 0/100
  [Iter 1000/1000] Best: 12223.5487 | Alpha: 0.1541

╔════════════════════════════════════════════════════════════╗
║              RRSACPSO TRAINING COMPLETE                   ║
╚════════════════════════════════════════════════════════════╝
  Mode:              online
  Episodes:          1
  Iterations/Ep:     1000
  Population Size:   100
  Best Fitness:      12223.5487
  Path Length:       5 waypoints


========== Planning Complete ==========
Algorithm: RRSACPSO
Execution time: 412.3818 seconds
Path length: 303.8187 units
Waypoints: 7
Best fitness: 12223.5487
========================================

      [Iter 1000] Fitness: current=12575.4667, best=12575.4667, diversity=0.618795
      [Iter 1000] Reward: 1.0000
  [Iter 1000/1000] Best: 12575.4667 | Alpha: 0.1545

╔════════════════════════════════════════════════════════════╗
║              RRSACPSO TRAINING COMPLETE                   ║
╚════════════════════════════════════════════════════════════╝
  Mode:              online
  Episodes:          1
  Iterations/Ep:     1000
  Population Size:   100
  Best Fitness:      12575.4667
  Path Length:       5 waypoints


========== Planning Complete ==========
Algorithm: RRSACPSO
Execution time: 412.7328 seconds
Path length: 292.1604 units
Waypoints: 7
Best fitness: 12575.4667
========================================

      [Iter 1000] Fitness: current=12302.8229, best=12302.8229, diversity=1.978573
      [Iter 1000] Reward: 1.0000
  [Iter 1000/1000] Best: 12302.8229 | Alpha: 0.1556

╔════════════════════════════════════════════════════════════╗
║              RRSACPSO TRAINING COMPLETE                   ║
╚════════════════════════════════════════════════════════════╝
  Mode:              online
  Episodes:          1
  Iterations/Ep:     1000
  Population Size:   100
  Best Fitness:      12302.8229
  Path Length:       5 waypoints


========== Planning Complete ==========
Algorithm: RRSACPSO
Execution time: 412.6824 seconds
Path length: 289.3573 units
Waypoints: 7
Best fitness: 12302.8229
========================================

      [Iter 1000] Action stats: mean=-0.0240±0.5291 [-0.9466-0.7357]

========== Direct Global Planning ==========
Algorithm: PSO
Start: [0.0, 0.0, 10.0]
Goal:  [200.0, 200.0, 10.0]
============================================

Starting Traditional PSO path planning with tracking...
Number of Initial feasible particles: 0/100

========== Direct Global Planning ==========
Algorithm: PSO
Start: [0.0, 0.0, 10.0]
Goal:  [200.0, 200.0, 10.0]
============================================

Starting Traditional PSO path planning with tracking...

========== Direct Global Planning ==========
Algorithm: PSO
Start: [0.0, 0.0, 10.0]
Goal:  [200.0, 200.0, 10.0]
============================================

Starting Traditional PSO path planning with tracking...
      [Iter 1000] Action stats: mean=0.2549±0.6963 [-0.8651-0.9826]
      [Iter 1000] Fitness: current=12305.4162, best=12305.4162, diversity=1.309995
      [Iter 1000] Reward: -1.0000
  [Iter 1000/1000] Best: 12305.4162 | Alpha: 0.1552

╔════════════════════════════════════════════════════════════╗
║              RRSACPSO TRAINING COMPLETE                   ║
╚════════════════════════════════════════════════════════════╝
  Mode:              online
  Episodes:          1
  Iterations/Ep:     1000
  Population Size:   100
  Best Fitness:      12305.4162
  Path Length:       5 waypoints


========== Planning Complete ==========
Algorithm: RRSACPSO
Execution time: 413.0368 seconds
Path length: 295.1284 units
Waypoints: 7
Best fitness: 12305.4162
========================================

      [Iter 1000] Fitness: current=12504.1407, best=12504.1407, diversity=1.323041
      [Iter 1000] Reward: 1.0000
  [Iter 1000/1000] Best: 12504.1407 | Alpha: 0.1539

╔════════════════════════════════════════════════════════════╗
║              RRSACPSO TRAINING COMPLETE                   ║
╚════════════════════════════════════════════════════════════╝
  Mode:              online
  Episodes:          1
  Iterations/Ep:     1000
  Population Size:   100
  Best Fitness:      12504.1407
  Path Length:       5 waypoints


========== Planning Complete ==========
Algorithm: RRSACPSO
Execution time: 412.8101 seconds
Path length: 305.3116 units
Waypoints: 7
Best fitness: 12504.1407
========================================


========== Direct Global Planning ==========
Algorithm: PSO
Start: [0.0, 0.0, 10.0]
Goal:  [200.0, 200.0, 10.0]
============================================

Starting Traditional PSO path planning with tracking...
      [Iter 1000] Action stats: mean=-0.6039±0.4219 [-0.9900-0.2863]
      [Iter 1000] Fitness: current=12564.5683, best=12564.5683, diversity=0.013211
      [Iter 1000] Reward: 1.0000

========== Direct Global Planning ==========
Algorithm: PSO
Start: [0.0, 0.0, 10.0]
Goal:  [200.0, 200.0, 10.0]
============================================

Starting Traditional PSO path planning with tracking...
Number of Initial feasible particles: 0/100
  [Iter 1000/1000] Best: 12564.5683 | Alpha: 0.1539

╔════════════════════════════════════════════════════════════╗
║              RRSACPSO TRAINING COMPLETE                   ║
╚════════════════════════════════════════════════════════════╝
  Mode:              online
  Episodes:          1
  Iterations/Ep:     1000
  Population Size:   100
  Best Fitness:      12564.5683
  Path Length:       5 waypoints


========== Planning Complete ==========
Algorithm: RRSACPSO
Execution time: 413.1844 seconds
Path length: 294.3178 units
Waypoints: 7
Best fitness: 12564.5683
========================================

Number of Initial feasible particles: 0/100
Number of Initial feasible particles: 0/100

========== Direct Global Planning ==========
Algorithm: PSO
Start: [0.0, 0.0, 10.0]
Goal:  [200.0, 200.0, 10.0]
============================================

Starting Traditional PSO path planning with tracking...
      [Iter 1000] Action stats: mean=-0.2941±0.5944 [-0.9702-0.6751]
Number of Initial feasible particles: 0/100
Number of Initial feasible particles: 0/100
Number of Initial feasible particles: 0/100
      [Iter 1000] Action stats: mean=-0.0826±0.7711 [-0.9493-0.9021]
      [Iter 1000] Fitness: current=12358.1678, best=12358.1678, diversity=0.497880
      [Iter 1000] Reward: -1.0000
  [Iter 1000/1000] Best: 12358.1678 | Alpha: 0.1540

╔════════════════════════════════════════════════════════════╗
║              RRSACPSO TRAINING COMPLETE                   ║
╚════════════════════════════════════════════════════════════╝
  Mode:              online
  Episodes:          1
  Iterations/Ep:     1000
  Population Size:   100
  Best Fitness:      12358.1678
  Path Length:       5 waypoints


========== Planning Complete ==========
Algorithm: RRSACPSO
Execution time: 414.2521 seconds
Path length: 294.1041 units
Waypoints: 7
Best fitness: 12358.1678
========================================

      [Iter 1000] Action stats: mean=0.1854±0.7716 [-0.8921-0.9750]
      [Iter 1000] Fitness: current=12175.3766, best=12175.3766, diversity=0.637327
      [Iter 1000] Reward: 1.0000
      [Iter 1000] Fitness: current=12652.8581, best=12652.8581, diversity=0.117462
      [Iter 1000] Reward: 1.0000

========== Direct Global Planning ==========
Algorithm: PSO
Start: [0.0, 0.0, 10.0]
Goal:  [200.0, 200.0, 10.0]
============================================

      [Iter 1000] Action stats: mean=-0.1290±0.6478 [-0.8967-0.9305]
  [Iter 1000/1000] Best: 12652.8581 | Alpha: 0.1546

╔════════════════════════════════════════════════════════════╗
║              RRSACPSO TRAINING COMPLETE                   ║
╚════════════════════════════════════════════════════════════╝
  Mode:              online
  Episodes:          1
  Iterations/Ep:     1000
  Population Size:   100
  Best Fitness:      12652.8581
  Path Length:       5 waypoints


========== Planning Complete ==========
Algorithm: RRSACPSO
Execution time: 414.3939 seconds
Path length: 290.2098 units
Waypoints: 7
Best fitness: 12652.8581
========================================


========== Direct Global Planning ==========
Algorithm: PSO
Start: [0.0, 0.0, 10.0]
Goal:  [200.0, 200.0, 10.0]
============================================

Starting Traditional PSO path planning with tracking...
Starting Traditional PSO path planning with tracking...
      [Iter 1000] Fitness: current=12351.6436, best=12351.6436, diversity=0.813856
      [Iter 1000] Reward: 1.0000
  [Iter 1000/1000] Best: 12175.3766 | Alpha: 0.1540

╔════════════════════════════════════════════════════════════╗
║              RRSACPSO TRAINING COMPLETE                   ║
╚════════════════════════════════════════════════════════════╝
  Mode:              online
  Episodes:          1
  Iterations/Ep:     1000
  Population Size:   100
  Best Fitness:      12175.3766
  Path Length:       5 waypoints


========== Planning Complete ==========
Algorithm: RRSACPSO
Execution time: 414.3993 seconds
Path length: 296.3353 units
Waypoints: 7
Best fitness: 12175.3766
========================================


========== Direct Global Planning ==========
Algorithm: PSO
Start: [0.0, 0.0, 10.0]
Goal:  [200.0, 200.0, 10.0]
============================================

Starting Traditional PSO path planning with tracking...
  [Iter 1000/1000] Best: 12351.6436 | Alpha: 0.1542

╔════════════════════════════════════════════════════════════╗
║              RRSACPSO TRAINING COMPLETE                   ║
╚════════════════════════════════════════════════════════════╝
  Mode:              online
  Episodes:          1
  Iterations/Ep:     1000
  Population Size:   100
  Best Fitness:      12351.6436
  Path Length:       5 waypoints


========== Planning Complete ==========
Algorithm: RRSACPSO
Execution time: 414.5953 seconds
Path length: 308.2722 units
Waypoints: 7
Best fitness: 12351.6436
========================================


========== Direct Global Planning ==========
Algorithm: PSO
Start: [0.0, 0.0, 10.0]
Goal:  [200.0, 200.0, 10.0]
============================================

Starting Traditional PSO path planning with tracking...
      [Iter 1000] Action stats: mean=-0.0547±0.6248 [-0.8628-0.6249]
      [Iter 1000] Fitness: current=12592.3420, best=12592.3420, diversity=0.151000
      [Iter 1000] Reward: -1.0000
  [Iter 1000/1000] Best: 12592.3420 | Alpha: 0.1545

╔════════════════════════════════════════════════════════════╗
║              RRSACPSO TRAINING COMPLETE                   ║
╚════════════════════════════════════════════════════════════╝
  Mode:              online
  Episodes:          1
  Iterations/Ep:     1000
  Population Size:   100
  Best Fitness:      12592.3420
  Path Length:       5 waypoints

Number of Initial feasible particles: 0/100

========== Planning Complete ==========
Algorithm: RRSACPSO
Execution time: 415.1318 seconds
Path length: 293.7444 units
Waypoints: 7
Best fitness: 12592.3420
========================================


========== Direct Global Planning ==========
Algorithm: PSO
Start: [0.0, 0.0, 10.0]
Goal:  [200.0, 200.0, 10.0]
============================================

Starting Traditional PSO path planning with tracking...
Number of Initial feasible particles: 0/100
Number of Initial feasible particles: 0/100
      [Iter 1000] Action stats: mean=-0.0304±0.5814 [-0.7475-0.7905]
      [Iter 1000] Fitness: current=12317.1726, best=12317.1726, diversity=1.051526
      [Iter 1000] Reward: -1.0000
Number of Initial feasible particles: 0/100
  [Iter 1000/1000] Best: 12317.1726 | Alpha: 0.1547

╔════════════════════════════════════════════════════════════╗
║              RRSACPSO TRAINING COMPLETE                   ║
╚════════════════════════════════════════════════════════════╝
  Mode:              online
  Episodes:          1
  Iterations/Ep:     1000
  Population Size:   100
  Best Fitness:      12317.1726
  Path Length:       5 waypoints


========== Planning Complete ==========
Algorithm: RRSACPSO
Execution time: 415.6597 seconds
Path length: 292.7382 units
Waypoints: 7
Best fitness: 12317.1726
========================================


========== Direct Global Planning ==========
Algorithm: PSO
Start: [0.0, 0.0, 10.0]
Goal:  [200.0, 200.0, 10.0]
============================================

Starting Traditional PSO path planning with tracking...
Number of Initial feasible particles: 0/100
Number of Initial feasible particles: 0/100
Traditional PSO iteration: 50/1000 - Best fitness: 12442.0739
Traditional PSO iteration: 50/1000 - Best fitness: 12796.7561
Traditional PSO iteration: 50/1000 - Best fitness: 12741.8069
Traditional PSO iteration: 50/1000 - Best fitness: 13016.8831
Traditional PSO iteration: 50/1000 - Best fitness: 12799.3962
Traditional PSO iteration: 50/1000 - Best fitness: 13121.9205
Traditional PSO iteration: 50/1000 - Best fitness: 13368.0357
Traditional PSO iteration: 50/1000 - Best fitness: 12780.6596
Traditional PSO iteration: 50/1000 - Best fitness: 12634.7962
Traditional PSO iteration: 50/1000 - Best fitness: 13163.8032
Traditional PSO iteration: 50/1000 - Best fitness: 12764.5532
Traditional PSO iteration: 50/1000 - Best fitness: 12659.8742
Traditional PSO iteration: 50/1000 - Best fitness: 13179.6394
Traditional PSO iteration: 50/1000 - Best fitness: 13289.7985
Traditional PSO iteration: 100/1000 - Best fitness: 12685.0152
Traditional PSO iteration: 100/1000 - Best fitness: 12340.4309
Traditional PSO iteration: 100/1000 - Best fitness: 12547.4433
Traditional PSO iteration: 100/1000 - Best fitness: 12362.9865
Traditional PSO iteration: 100/1000 - Best fitness: 12703.8462
Traditional PSO iteration: 100/1000 - Best fitness: 12557.6766
Traditional PSO iteration: 100/1000 - Best fitness: 12329.1447
Traditional PSO iteration: 100/1000 - Best fitness: 12487.5109
Traditional PSO iteration: 100/1000 - Best fitness: 12854.4954
Traditional PSO iteration: 100/1000 - Best fitness: 12444.3072
Traditional PSO iteration: 100/1000 - Best fitness: 13006.4168
Traditional PSO iteration: 100/1000 - Best fitness: 12405.0376
Traditional PSO iteration: 100/1000 - Best fitness: 12698.5895
Traditional PSO iteration: 150/1000 - Best fitness: 12574.0837
Traditional PSO iteration: 100/1000 - Best fitness: 12725.4224
Traditional PSO iteration: 150/1000 - Best fitness: 12497.1541
Traditional PSO iteration: 150/1000 - Best fitness: 12291.874
Traditional PSO iteration: 150/1000 - Best fitness: 12376.4145
Traditional PSO iteration: 150/1000 - Best fitness: 12263.181
Traditional PSO iteration: 150/1000 - Best fitness: 12547.4146
Traditional PSO iteration: 200/1000 - Best fitness: 12552.0025
Traditional PSO iteration: 150/1000 - Best fitness: 12426.4236
Traditional PSO iteration: 150/1000 - Best fitness: 12323.9068
Traditional PSO iteration: 150/1000 - Best fitness: 12297.309
Traditional PSO iteration: 150/1000 - Best fitness: 12384.2598
Traditional PSO iteration: 150/1000 - Best fitness: 12281.9979
Traditional PSO iteration: 150/1000 - Best fitness: 12993.451
Traditional PSO iteration: 250/1000 - Best fitness: 12549.5135
Traditional PSO iteration: 200/1000 - Best fitness: 12451.4716
Traditional PSO iteration: 150/1000 - Best fitness: 12655.971
Traditional PSO iteration: 150/1000 - Best fitness: 12675.4313
Traditional PSO iteration: 200/1000 - Best fitness: 12250.2922
Traditional PSO iteration: 200/1000 - Best fitness: 12322.6034
Traditional PSO iteration: 200/1000 - Best fitness: 12270.31
Traditional PSO iteration: 200/1000 - Best fitness: 12400.5897
Traditional PSO iteration: 200/1000 - Best fitness: 12321.1677
Traditional PSO iteration: 200/1000 - Best fitness: 12545.9355
Traditional PSO iteration: 300/1000 - Best fitness: 12548.9373
Traditional PSO iteration: 200/1000 - Best fitness: 12372.7125
Traditional PSO iteration: 200/1000 - Best fitness: 12281.7002
Traditional PSO iteration: 200/1000 - Best fitness: 12271.3588
Traditional PSO iteration: 200/1000 - Best fitness: 12666.567
Traditional PSO iteration: 200/1000 - Best fitness: 12986.4284
Traditional PSO iteration: 250/1000 - Best fitness: 12244.3015
Traditional PSO iteration: 250/1000 - Best fitness: 12442.1363
Traditional PSO iteration: 350/1000 - Best fitness: 12548.8362
Traditional PSO iteration: 250/1000 - Best fitness: 12394.2326
Traditional PSO iteration: 250/1000 - Best fitness: 12306.9294
Traditional PSO iteration: 250/1000 - Best fitness: 12258.7561
Traditional PSO iteration: 250/1000 - Best fitness: 12665.4931
Traditional PSO iteration: 250/1000 - Best fitness: 12368.034
Traditional PSO iteration: 200/1000 - Best fitness: 12624.8371
Traditional PSO iteration: 250/1000 - Best fitness: 12320.9983
Traditional PSO iteration: 400/1000 - Best fitness: 12548.8176
Traditional PSO iteration: 300/1000 - Best fitness: 12243.8907
Traditional PSO iteration: 250/1000 - Best fitness: 12545.6249
Traditional PSO iteration: 250/1000 - Best fitness: 12268.7945
Traditional PSO iteration: 300/1000 - Best fitness: 12665.1815
Traditional PSO iteration: 250/1000 - Best fitness: 12279.316
Traditional PSO iteration: 300/1000 - Best fitness: 12256.119
Traditional PSO iteration: 300/1000 - Best fitness: 12438.0624
Traditional PSO iteration: 250/1000 - Best fitness: 12981.3349
Traditional PSO iteration: 350/1000 - Best fitness: 12664.9808
Traditional PSO iteration: 450/1000 - Best fitness: 12548.8144
Traditional PSO iteration: 300/1000 - Best fitness: 12392.5823
Traditional PSO iteration: 300/1000 - Best fitness: 12365.8282
Traditional PSO iteration: 350/1000 - Best fitness: 12255.1427
Traditional PSO iteration: 350/1000 - Best fitness: 12243.7284
Traditional PSO iteration: 300/1000 - Best fitness: 12302.1114
Traditional PSO iteration: 400/1000 - Best fitness: 12664.6948
Traditional PSO iteration: 300/1000 - Best fitness: 12320.6769
Traditional PSO iteration: 500/1000 - Best fitness: 12548.8105
Traditional PSO iteration: 400/1000 - Best fitness: 12254.6011
Traditional PSO iteration: 250/1000 - Best fitness: 12620.4803
Traditional PSO iteration: 450/1000 - Best fitness: 12664.5316
Traditional PSO iteration: 300/1000 - Best fitness: 12267.5396
Traditional PSO iteration: 300/1000 - Best fitness: 12545.5585
Traditional PSO iteration: 300/1000 - Best fitness: 12278.4689
Traditional PSO iteration: 450/1000 - Best fitness: 12254.4187
Traditional PSO iteration: 350/1000 - Best fitness: 12365.0694
Traditional PSO iteration: 350/1000 - Best fitness: 12391.0461
Traditional PSO iteration: 550/1000 - Best fitness: 12548.8103
Traditional PSO iteration: 350/1000 - Best fitness: 12437.7234
Traditional PSO iteration: 400/1000 - Best fitness: 12243.608
Traditional PSO iteration: 500/1000 - Best fitness: 12664.3199
Traditional PSO iteration: 300/1000 - Best fitness: 12980.8397
Traditional PSO iteration: 500/1000 - Best fitness: 12254.3752
Traditional PSO iteration: 550/1000 - Best fitness: 12664.1535
Traditional PSO iteration: 350/1000 - Best fitness: 12320.6085
Traditional PSO iteration: 600/1000 - Best fitness: 12548.5052
Traditional PSO iteration: 350/1000 - Best fitness: 12299.4699
Traditional PSO iteration: 550/1000 - Best fitness: 12254.3531
Traditional PSO iteration: 600/1000 - Best fitness: 12663.9028
Traditional PSO iteration: 400/1000 - Best fitness: 12364.7969
Traditional PSO iteration: 450/1000 - Best fitness: 12243.5927
Traditional PSO iteration: 400/1000 - Best fitness: 12390.738
Traditional PSO iteration: 350/1000 - Best fitness: 12267.4235
Traditional PSO iteration: 600/1000 - Best fitness: 12254.2826
Traditional PSO iteration: 300/1000 - Best fitness: 12619.7108
Traditional PSO iteration: 650/1000 - Best fitness: 12663.5089
Traditional PSO iteration: 350/1000 - Best fitness: 12545.5492
Traditional PSO iteration: 650/1000 - Best fitness: 12548.5001
Traditional PSO iteration: 400/1000 - Best fitness: 12437.5498
Traditional PSO iteration: 350/1000 - Best fitness: 12822.9736
Traditional PSO iteration: 350/1000 - Best fitness: 12278.3483
Traditional PSO iteration: 650/1000 - Best fitness: 12250.3852
Traditional PSO iteration: 700/1000 - Best fitness: 12662.8447
Traditional PSO iteration: 450/1000 - Best fitness: 12364.7379
Traditional PSO iteration: 500/1000 - Best fitness: 12243.5853
Traditional PSO iteration: 400/1000 - Best fitness: 12320.5968
Traditional PSO iteration: 700/1000 - Best fitness: 12548.4995
Traditional PSO iteration: 700/1000 - Best fitness: 12249.3626
Traditional PSO iteration: 750/1000 - Best fitness: 12661.9523
Traditional PSO iteration: 450/1000 - Best fitness: 12390.4835
Traditional PSO iteration: 400/1000 - Best fitness: 12298.6145
Traditional PSO iteration: 750/1000 - Best fitness: 12249.2125
Traditional PSO iteration: 800/1000 - Best fitness: 12661.5172
Traditional PSO iteration: 400/1000 - Best fitness: 12267.1707
Traditional PSO iteration: 500/1000 - Best fitness: 12364.6297
Traditional PSO iteration: 750/1000 - Best fitness: 12548.4993
Traditional PSO iteration: 800/1000 - Best fitness: 12249.1569
Traditional PSO iteration: 450/1000 - Best fitness: 12437.5356
Traditional PSO iteration: 850/1000 - Best fitness: 12661.2906
Traditional PSO iteration: 550/1000 - Best fitness: 12242.7095
Traditional PSO iteration: 400/1000 - Best fitness: 12545.545
Traditional PSO iteration: 350/1000 - Best fitness: 12619.177
Traditional PSO iteration: 500/1000 - Best fitness: 12390.433
Traditional PSO iteration: 400/1000 - Best fitness: 12668.4401
Traditional PSO iteration: 400/1000 - Best fitness: 12278.3081
Traditional PSO iteration: 850/1000 - Best fitness: 12249.1022
Traditional PSO iteration: 450/1000 - Best fitness: 12320.593
Traditional PSO iteration: 800/1000 - Best fitness: 12548.4993
Traditional PSO iteration: 900/1000 - Best fitness: 12660.965
Traditional PSO iteration: 550/1000 - Best fitness: 12364.6153
Traditional PSO iteration: 900/1000 - Best fitness: 12249.0328
Traditional PSO iteration: 950/1000 - Best fitness: 12660.9247
Traditional PSO iteration: 600/1000 - Best fitness: 12241.6876
Traditional PSO iteration: 450/1000 - Best fitness: 12298.3712
Traditional PSO iteration: 850/1000 - Best fitness: 12548.4993
Traditional PSO iteration: 450/1000 - Best fitness: 12266.6734
Traditional PSO iteration: 550/1000 - Best fitness: 12390.3344
Traditional PSO iteration: 1000/1000 - Best fitness: 12660.9121
Traditional PSO completed with final fitness: 12660.9121

========== Planning Complete ==========
Algorithm: PSO
Execution time: 298.1124 seconds
Path length: 291.7891 units
Waypoints: 7
Best fitness: 12660.9121
========================================


========== Direct Global Planning ==========
Algorithm: PSO_LDIW
Start: [0.0, 0.0, 10.0]
Goal:  [200.0, 200.0, 10.0]
============================================

Starting PSO-LDIW (linearly decreasing inertia weight)...
Traditional PSO iteration: 950/1000 - Best fitness: 12249.0265
Number of Initial feasible particles: 0/100
PSO-LDIW iteration: 1/1000 - Best fitness: 39036.1221 - w=0.8995, c1=1.5, c2=1.5
Traditional PSO iteration: 500/1000 - Best fitness: 12437.5294
Traditional PSO iteration: 600/1000 - Best fitness: 12334.2206
Traditional PSO iteration: 1000/1000 - Best fitness: 12249.0245
Traditional PSO completed with final fitness: 12249.0245

========== Planning Complete ==========
Algorithm: PSO
Execution time: 308.0821 seconds
Path length: 299.1765 units
Waypoints: 7
Best fitness: 12249.0245
========================================


========== Direct Global Planning ==========
Algorithm: PSO_LDIW
Start: [0.0, 0.0, 10.0]
Goal:  [200.0, 200.0, 10.0]
============================================

Starting PSO-LDIW (linearly decreasing inertia weight)...
Traditional PSO iteration: 450/1000 - Best fitness: 12545.5428
Number of Initial feasible particles: 0/100
Traditional PSO iteration: 900/1000 - Best fitness: 12548.4991
PSO-LDIW iteration: 1/1000 - Best fitness: 35504.6174 - w=0.8995, c1=1.5, c2=1.5
Traditional PSO iteration: 500/1000 - Best fitness: 12320.5889
Traditional PSO iteration: 400/1000 - Best fitness: 12618.7043
Traditional PSO iteration: 650/1000 - Best fitness: 12241.6065
Traditional PSO iteration: 450/1000 - Best fitness: 12654.6799
Traditional PSO iteration: 450/1000 - Best fitness: 12278.3022
Traditional PSO iteration: 600/1000 - Best fitness: 12389.4861
PSO-LDIW iteration: 50/1000 - Best fitness: 13322.7674 - w=0.875, c1=1.5, c2=1.5
Traditional PSO iteration: 950/1000 - Best fitness: 12548.4991
Traditional PSO iteration: 500/1000 - Best fitness: 12298.3164
PSO-LDIW iteration: 50/1000 - Best fitness: 12701.5816 - w=0.875, c1=1.5, c2=1.5
Traditional PSO iteration: 500/1000 - Best fitness: 12266.5792
Traditional PSO iteration: 650/1000 - Best fitness: 12273.7639
Traditional PSO iteration: 700/1000 - Best fitness: 12241.5935
Traditional PSO iteration: 550/1000 - Best fitness: 12437.5185
Traditional PSO iteration: 650/1000 - Best fitness: 12389.4486
Traditional PSO iteration: 1000/1000 - Best fitness: 12548.4991
Traditional PSO completed with final fitness: 12548.4991

========== Planning Complete ==========
Algorithm: PSO
Execution time: 341.4402 seconds
Path length: 420.3548 units
Waypoints: 7
Best fitness: 12548.4991
========================================


========== Direct Global Planning ==========
Algorithm: PSO_LDIW
Start: [0.0, 0.0, 10.0]
Goal:  [200.0, 200.0, 10.0]
============================================

Starting PSO-LDIW (linearly decreasing inertia weight)...
Number of Initial feasible particles: 0/100
PSO-LDIW iteration: 1/1000 - Best fitness: 44772.8624 - w=0.8995, c1=1.5, c2=1.5
Traditional PSO iteration: 550/1000 - Best fitness: 12320.587
Traditional PSO iteration: 500/1000 - Best fitness: 12651.2303
Traditional PSO iteration: 500/1000 - Best fitness: 12545.5421
PSO-LDIW iteration: 100/1000 - Best fitness: 13083.883 - w=0.85, c1=1.5, c2=1.5
PSO-LDIW iteration: 100/1000 - Best fitness: 12554.1373 - w=0.85, c1=1.5, c2=1.5
Traditional PSO iteration: 450/1000 - Best fitness: 12617.8067
Traditional PSO iteration: 500/1000 - Best fitness: 12278.3018
Traditional PSO iteration: 700/1000 - Best fitness: 12260.1702
Traditional PSO iteration: 750/1000 - Best fitness: 12241.5645
Traditional PSO iteration: 700/1000 - Best fitness: 12389.4404
PSO-LDIW iteration: 50/1000 - Best fitness: 13369.2108 - w=0.875, c1=1.5, c2=1.5
Traditional PSO iteration: 550/1000 - Best fitness: 12298.3051
Traditional PSO iteration: 550/1000 - Best fitness: 12266.5429
PSO-LDIW iteration: 150/1000 - Best fitness: 12475.799 - w=0.825, c1=1.5, c2=1.5
PSO-LDIW iteration: 150/1000 - Best fitness: 12866.6571 - w=0.825, c1=1.5, c2=1.5
Traditional PSO iteration: 550/1000 - Best fitness: 12650.916
Traditional PSO iteration: 600/1000 - Best fitness: 12437.5171
Traditional PSO iteration: 600/1000 - Best fitness: 12320.5869
Traditional PSO iteration: 800/1000 - Best fitness: 12241.5139
Traditional PSO iteration: 750/1000 - Best fitness: 12389.4323
PSO-LDIW iteration: 100/1000 - Best fitness: 13292.9386 - w=0.85, c1=1.5, c2=1.5
PSO-LDIW iteration: 200/1000 - Best fitness: 12456.1222 - w=0.8, c1=1.5, c2=1.5
Traditional PSO iteration: 550/1000 - Best fitness: 12545.542
Traditional PSO iteration: 750/1000 - Best fitness: 12236.5946
Traditional PSO iteration: 600/1000 - Best fitness: 12629.3642
Traditional PSO iteration: 500/1000 - Best fitness: 12617.7489
PSO-LDIW iteration: 200/1000 - Best fitness: 12627.8215 - w=0.8, c1=1.5, c2=1.5
Traditional PSO iteration: 550/1000 - Best fitness: 12278.3012
Traditional PSO iteration: 600/1000 - Best fitness: 12298.3023
Traditional PSO iteration: 600/1000 - Best fitness: 12266.4985
Traditional PSO iteration: 850/1000 - Best fitness: 12241.499
Traditional PSO iteration: 800/1000 - Best fitness: 12389.4148
PSO-LDIW iteration: 250/1000 - Best fitness: 12357.057 - w=0.775, c1=1.5, c2=1.5
Traditional PSO iteration: 650/1000 - Best fitness: 12595.7512
Traditional PSO iteration: 650/1000 - Best fitness: 12320.5868
Traditional PSO iteration: 650/1000 - Best fitness: 12437.5168
PSO-LDIW iteration: 150/1000 - Best fitness: 13256.6539 - w=0.825, c1=1.5, c2=1.5
Traditional PSO iteration: 800/1000 - Best fitness: 12233.0821
Traditional PSO iteration: 700/1000 - Best fitness: 12590.5762
PSO-LDIW iteration: 250/1000 - Best fitness: 12550.932 - w=0.775, c1=1.5, c2=1.5
Traditional PSO iteration: 600/1000 - Best fitness: 12545.542
Traditional PSO iteration: 900/1000 - Best fitness: 12241.464
Traditional PSO iteration: 850/1000 - Best fitness: 12389.398
PSO-LDIW iteration: 300/1000 - Best fitness: 12289.4002 - w=0.75, c1=1.5, c2=1.5
Traditional PSO iteration: 550/1000 - Best fitness: 12617.6815
Traditional PSO iteration: 650/1000 - Best fitness: 12264.5485
Traditional PSO iteration: 650/1000 - Best fitness: 12298.3016
Traditional PSO iteration: 750/1000 - Best fitness: 12589.8454
Traditional PSO iteration: 600/1000 - Best fitness: 12278.3012
Traditional PSO iteration: 700/1000 - Best fitness: 12320.5868
PSO-LDIW iteration: 200/1000 - Best fitness: 13195.1533 - w=0.8, c1=1.5, c2=1.5
Traditional PSO iteration: 850/1000 - Best fitness: 12227.3652
Traditional PSO iteration: 700/1000 - Best fitness: 12437.5167
Traditional PSO iteration: 900/1000 - Best fitness: 12389.3966
PSO-LDIW iteration: 300/1000 - Best fitness: 12436.5297 - w=0.75, c1=1.5, c2=1.5
Traditional PSO iteration: 950/1000 - Best fitness: 12241.4228
PSO-LDIW iteration: 350/1000 - Best fitness: 12266.105 - w=0.725, c1=1.5, c2=1.5
Traditional PSO iteration: 800/1000 - Best fitness: 12589.5982
Traditional PSO iteration: 650/1000 - Best fitness: 12545.542
Traditional PSO iteration: 700/1000 - Best fitness: 12264.5273
PSO-LDIW iteration: 250/1000 - Best fitness: 13108.0271 - w=0.775, c1=1.5, c2=1.5
Traditional PSO iteration: 700/1000 - Best fitness: 12298.3015
Traditional PSO iteration: 950/1000 - Best fitness: 12389.3964
Traditional PSO iteration: 750/1000 - Best fitness: 12320.5868
Traditional PSO iteration: 900/1000 - Best fitness: 12212.7845
Traditional PSO iteration: 1000/1000 - Best fitness: 12241.2708
Traditional PSO completed with final fitness: 12241.2708

========== Planning Complete ==========
Algorithm: PSO
Execution time: 468.9510 seconds
Path length: 288.7961 units
Waypoints: 7
Best fitness: 12241.2708
========================================


========== Direct Global Planning ==========
Algorithm: PSO_LDIW
Start: [0.0, 0.0, 10.0]
Goal:  [200.0, 200.0, 10.0]
============================================

Starting PSO-LDIW (linearly decreasing inertia weight)...
Number of Initial feasible particles: 0/100
PSO-LDIW iteration: 1/1000 - Best fitness: 31299.6211 - w=0.8995, c1=1.5, c2=1.5
Traditional PSO iteration: 850/1000 - Best fitness: 12589.1522
Traditional PSO iteration: 600/1000 - Best fitness: 12617.6627
Traditional PSO iteration: 650/1000 - Best fitness: 12278.3012
PSO-LDIW iteration: 350/1000 - Best fitness: 12409.2482 - w=0.725, c1=1.5, c2=1.5
PSO-LDIW iteration: 400/1000 - Best fitness: 12257.4504 - w=0.7, c1=1.5, c2=1.5
Traditional PSO iteration: 750/1000 - Best fitness: 12423.7393
Traditional PSO iteration: 1000/1000 - Best fitness: 12389.3963
Traditional PSO completed with final fitness: 12389.3963

========== Planning Complete ==========
Algorithm: PSO
Execution time: 487.5506 seconds
Path length: 308.7503 units
Waypoints: 7
Best fitness: 12389.3963
========================================


========== Direct Global Planning ==========
Algorithm: PSO_LDIW
Start: [0.0, 0.0, 10.0]
Goal:  [200.0, 200.0, 10.0]
============================================

Starting PSO-LDIW (linearly decreasing inertia weight)...
Number of Initial feasible particles: 0/100
PSO-LDIW iteration: 1/1000 - Best fitness: 24906.8244 - w=0.8995, c1=1.5, c2=1.5
Traditional PSO iteration: 900/1000 - Best fitness: 12588.6456
PSO-LDIW iteration: 50/1000 - Best fitness: 13319.7186 - w=0.875, c1=1.5, c2=1.5
Traditional PSO iteration: 750/1000 - Best fitness: 12264.525
Traditional PSO iteration: 750/1000 - Best fitness: 12298.3015
Traditional PSO iteration: 950/1000 - Best fitness: 12205.8338
PSO-LDIW iteration: 300/1000 - Best fitness: 12985.7764 - w=0.75, c1=1.5, c2=1.5
Traditional PSO iteration: 800/1000 - Best fitness: 12320.5868
Traditional PSO iteration: 700/1000 - Best fitness: 12545.542
Traditional PSO iteration: 800/1000 - Best fitness: 12420.1805
PSO-LDIW iteration: 400/1000 - Best fitness: 12329.9181 - w=0.7, c1=1.5, c2=1.5
PSO-LDIW iteration: 450/1000 - Best fitness: 12251.9767 - w=0.675, c1=1.5, c2=1.5
PSO-LDIW iteration: 50/1000 - Best fitness: 13264.6212 - w=0.875, c1=1.5, c2=1.5
Traditional PSO iteration: 950/1000 - Best fitness: 12588.0856
Traditional PSO iteration: 650/1000 - Best fitness: 12617.6178
Traditional PSO iteration: 700/1000 - Best fitness: 12278.3012
PSO-LDIW iteration: 100/1000 - Best fitness: 12883.6835 - w=0.85, c1=1.5, c2=1.5
Traditional PSO iteration: 800/1000 - Best fitness: 12298.3015
Traditional PSO iteration: 1000/1000 - Best fitness: 12196.5924
Traditional PSO completed with final fitness: 12196.5924

========== Planning Complete ==========
Algorithm: PSO
Execution time: 524.8014 seconds
Path length: 295.1252 units
Waypoints: 7
Best fitness: 12196.5924
========================================


========== Direct Global Planning ==========
Algorithm: PSO_LDIW
Start: [0.0, 0.0, 10.0]
Goal:  [200.0, 200.0, 10.0]
============================================

Starting PSO-LDIW (linearly decreasing inertia weight)...
Number of Initial feasible particles: 0/100
PSO-LDIW iteration: 1/1000 - Best fitness: 21577.8221 - w=0.8995, c1=1.5, c2=1.5
Traditional PSO iteration: 800/1000 - Best fitness: 12264.5247
PSO-LDIW iteration: 350/1000 - Best fitness: 12896.4879 - w=0.725, c1=1.5, c2=1.5
PSO-LDIW iteration: 100/1000 - Best fitness: 12969.3501 - w=0.85, c1=1.5, c2=1.5
Traditional PSO iteration: 1000/1000 - Best fitness: 12586.234
Traditional PSO completed with final fitness: 12586.234

========== Planning Complete ==========
Algorithm: PSO
Execution time: 532.2654 seconds
Path length: 292.5761 units
Waypoints: 7
Best fitness: 12586.2340
========================================


========== Direct Global Planning ==========
Algorithm: PSO_LDIW
Start: [0.0, 0.0, 10.0]
Goal:  [200.0, 200.0, 10.0]
============================================

Starting PSO-LDIW (linearly decreasing inertia weight)...
Number of Initial feasible particles: 0/100
PSO-LDIW iteration: 1/1000 - Best fitness: 34133.0906 - w=0.8995, c1=1.5, c2=1.5
Traditional PSO iteration: 850/1000 - Best fitness: 12320.5868
Traditional PSO iteration: 850/1000 - Best fitness: 12407.6035
PSO-LDIW iteration: 450/1000 - Best fitness: 12307.4975 - w=0.675, c1=1.5, c2=1.5
Traditional PSO iteration: 750/1000 - Best fitness: 12545.542
PSO-LDIW iteration: 500/1000 - Best fitness: 12245.9875 - w=0.65, c1=1.5, c2=1.5
Traditional PSO iteration: 850/1000 - Best fitness: 12298.3015
PSO-LDIW iteration: 150/1000 - Best fitness: 12778.7815 - w=0.825, c1=1.5, c2=1.5
PSO-LDIW iteration: 150/1000 - Best fitness: 12721.65 - w=0.825, c1=1.5, c2=1.5
Traditional PSO iteration: 700/1000 - Best fitness: 12617.5849
PSO-LDIW iteration: 50/1000 - Best fitness: 13078.9992 - w=0.875, c1=1.5, c2=1.5
Traditional PSO iteration: 750/1000 - Best fitness: 12278.3012
PSO-LDIW iteration: 50/1000 - Best fitness: 13418.47 - w=0.875, c1=1.5, c2=1.5
Traditional PSO iteration: 850/1000 - Best fitness: 12264.5246
Traditional PSO iteration: 900/1000 - Best fitness: 12320.5868
Traditional PSO iteration: 900/1000 - Best fitness: 12403.4948
PSO-LDIW iteration: 400/1000 - Best fitness: 12710.7665 - w=0.7, c1=1.5, c2=1.5
PSO-LDIW iteration: 500/1000 - Best fitness: 12266.7473 - w=0.65, c1=1.5, c2=1.5
PSO-LDIW iteration: 200/1000 - Best fitness: 12563.308 - w=0.8, c1=1.5, c2=1.5
Traditional PSO iteration: 900/1000 - Best fitness: 12298.3015
Traditional PSO iteration: 800/1000 - Best fitness: 12504.9609
PSO-LDIW iteration: 550/1000 - Best fitness: 12237.3712 - w=0.625, c1=1.5, c2=1.5
PSO-LDIW iteration: 200/1000 - Best fitness: 12681.1401 - w=0.8, c1=1.5, c2=1.5
PSO-LDIW iteration: 100/1000 - Best fitness: 12747.8392 - w=0.85, c1=1.5, c2=1.5
PSO-LDIW iteration: 100/1000 - Best fitness: 13293.1454 - w=0.85, c1=1.5, c2=1.5
Traditional PSO iteration: 950/1000 - Best fitness: 12320.5868
PSO-LDIW iteration: 250/1000 - Best fitness: 12467.2085 - w=0.775, c1=1.5, c2=1.5
Traditional PSO iteration: 900/1000 - Best fitness: 12264.5246
Traditional PSO iteration: 950/1000 - Best fitness: 12402.4019
Traditional PSO iteration: 750/1000 - Best fitness: 12617.5303
Traditional PSO iteration: 800/1000 - Best fitness: 12278.3012
PSO-LDIW iteration: 600/1000 - Best fitness: 12222.6413 - w=0.6, c1=1.5, c2=1.5
PSO-LDIW iteration: 550/1000 - Best fitness: 12246.6457 - w=0.625, c1=1.5, c2=1.5
Traditional PSO iteration: 950/1000 - Best fitness: 12298.3015
Traditional PSO iteration: 850/1000 - Best fitness: 12476.9934
PSO-LDIW iteration: 450/1000 - Best fitness: 12657.4971 - w=0.675, c1=1.5, c2=1.5
PSO-LDIW iteration: 650/1000 - Best fitness: 12221.5928 - w=0.575, c1=1.5, c2=1.5
PSO-LDIW iteration: 150/1000 - Best fitness: 12587.373 - w=0.825, c1=1.5, c2=1.5
PSO-LDIW iteration: 600/1000 - Best fitness: 12244.74 - w=0.6, c1=1.5, c2=1.5
PSO-LDIW iteration: 150/1000 - Best fitness: 13212.3576 - w=0.825, c1=1.5, c2=1.5
PSO-LDIW iteration: 250/1000 - Best fitness: 12659.3867 - w=0.775, c1=1.5, c2=1.5
PSO-LDIW iteration: 300/1000 - Best fitness: 12439.5017 - w=0.75, c1=1.5, c2=1.5
PSO-LDIW iteration: 700/1000 - Best fitness: 12221.2752 - w=0.55, c1=1.5, c2=1.5
Traditional PSO iteration: 1000/1000 - Best fitness: 12298.3015
Traditional PSO completed with final fitness: 12298.3015

========== Planning Complete ==========
Algorithm: PSO
Execution time: 637.6817 seconds
Path length: 298.2376 units
Waypoints: 7
Best fitness: 12298.3015
========================================

Traditional PSO iteration: 1000/1000 - Best fitness: 12320.5868
Traditional PSO completed with final fitness: 12320.5868

========== Planning Complete ==========
Algorithm: PSO
Execution time: 639.2255 seconds
Path length: 306.2709 units
Waypoints: 7
Best fitness: 12320.5868
========================================


========== Direct Global Planning ==========
Algorithm: PSO_LDIW
Start: [0.0, 0.0, 10.0]
Goal:  [200.0, 200.0, 10.0]
============================================

Starting PSO-LDIW (linearly decreasing inertia weight)...

========== Direct Global Planning ==========
Algorithm: PSO_LDIW
Start: [0.0, 0.0, 10.0]
Goal:  [200.0, 200.0, 10.0]
============================================

Starting PSO-LDIW (linearly decreasing inertia weight)...
Number of Initial feasible particles: 0/100
Number of Initial feasible particles: 0/100
PSO-LDIW iteration: 1/1000 - Best fitness: 29034.9459 - w=0.8995, c1=1.5, c2=1.5
Traditional PSO iteration: 950/1000 - Best fitness: 12264.5208
PSO-LDIW iteration: 1/1000 - Best fitness: 14525.1534 - w=0.8995, c1=1.5, c2=1.5
Traditional PSO iteration: 1000/1000 - Best fitness: 12401.2477
Traditional PSO completed with final fitness: 12401.2477

========== Planning Complete ==========
Algorithm: PSO
Execution time: 643.2884 seconds
Path length: 311.4464 units
Waypoints: 7
Best fitness: 12401.2477
========================================


========== Direct Global Planning ==========
Algorithm: PSO_LDIW
Start: [0.0, 0.0, 10.0]
Goal:  [200.0, 200.0, 10.0]
============================================

Starting PSO-LDIW (linearly decreasing inertia weight)...
Number of Initial feasible particles: 0/100
PSO-LDIW iteration: 1/1000 - Best fitness: 31320.6272 - w=0.8995, c1=1.5, c2=1.5
Traditional PSO iteration: 900/1000 - Best fitness: 12471.5157
PSO-LDIW iteration: 750/1000 - Best fitness: 12220.8355 - w=0.525, c1=1.5, c2=1.5
Traditional PSO iteration: 850/1000 - Best fitness: 12278.3012
PSO-LDIW iteration: 650/1000 - Best fitness: 12244.0967 - w=0.575, c1=1.5, c2=1.5
Traditional PSO iteration: 800/1000 - Best fitness: 12617.5174
PSO-LDIW iteration: 500/1000 - Best fitness: 12645.8814 - w=0.65, c1=1.5, c2=1.5
PSO-LDIW iteration: 800/1000 - Best fitness: 12219.9684 - w=0.5, c1=1.5, c2=1.5
PSO-LDIW iteration: 200/1000 - Best fitness: 12531.4925 - w=0.8, c1=1.5, c2=1.5
PSO-LDIW iteration: 50/1000 - Best fitness: 12942.2307 - w=0.875, c1=1.5, c2=1.5
PSO-LDIW iteration: 200/1000 - Best fitness: 13155.3077 - w=0.8, c1=1.5, c2=1.5
PSO-LDIW iteration: 50/1000 - Best fitness: 13238.4753 - w=0.875, c1=1.5, c2=1.5
PSO-LDIW iteration: 350/1000 - Best fitness: 12403.7693 - w=0.725, c1=1.5, c2=1.5
PSO-LDIW iteration: 50/1000 - Best fitness: 12776.3044 - w=0.875, c1=1.5, c2=1.5
PSO-LDIW iteration: 850/1000 - Best fitness: 12219.9329 - w=0.475, c1=1.5, c2=1.5
PSO-LDIW iteration: 700/1000 - Best fitness: 12241.5103 - w=0.55, c1=1.5, c2=1.5
Traditional PSO iteration: 1000/1000 - Best fitness: 12264.5143
Traditional PSO completed with final fitness: 12264.5143

========== Planning Complete ==========
Algorithm: PSO
Execution time: 674.2151 seconds
Path length: 324.6552 units
Waypoints: 7
Best fitness: 12264.5143
========================================


========== Direct Global Planning ==========
Algorithm: PSO_LDIW
Start: [0.0, 0.0, 10.0]
Goal:  [200.0, 200.0, 10.0]
============================================

Starting PSO-LDIW (linearly decreasing inertia weight)...
Number of Initial feasible particles: 0/100
PSO-LDIW iteration: 1/1000 - Best fitness: 44132.3854 - w=0.8995, c1=1.5, c2=1.5
PSO-LDIW iteration: 300/1000 - Best fitness: 12637.261 - w=0.75, c1=1.5, c2=1.5
PSO-LDIW iteration: 900/1000 - Best fitness: 12219.9259 - w=0.45, c1=1.5, c2=1.5
Traditional PSO iteration: 950/1000 - Best fitness: 12453.0638
PSO-LDIW iteration: 950/1000 - Best fitness: 12219.6956 - w=0.425, c1=1.5, c2=1.5
PSO-LDIW iteration: 100/1000 - Best fitness: 12669.543 - w=0.85, c1=1.5, c2=1.5
PSO-LDIW iteration: 750/1000 - Best fitness: 12241.1238 - w=0.525, c1=1.5, c2=1.5
PSO-LDIW iteration: 100/1000 - Best fitness: 12841.8529 - w=0.85, c1=1.5, c2=1.5
PSO-LDIW iteration: 250/1000 - Best fitness: 12454.0299 - w=0.775, c1=1.5, c2=1.5
Traditional PSO iteration: 900/1000 - Best fitness: 12278.3012
PSO-LDIW iteration: 1000/1000 - Best fitness: 12219.6892 - w=0.4, c1=1.5, c2=1.5

========== Planning Complete ==========
Algorithm: PSO_LDIW
Execution time: 382.4033 seconds
Path length: 297.1501 units
Waypoints: 7
Best fitness: 12219.6892
========================================


========== Direct Global Planning ==========
Algorithm: FIPS
Start: [0.0, 0.0, 10.0]
Goal:  [200.0, 200.0, 10.0]
============================================

Starting FIPS (Fully Informed PSO) path planning...
Number of Initial feasible particles: 0/100
PSO-LDIW iteration: 100/1000 - Best fitness: 12715.5684 - w=0.85, c1=1.5, c2=1.5
Traditional PSO iteration: 850/1000 - Best fitness: 12617.5137
PSO-LDIW iteration: 250/1000 - Best fitness: 13095.1146 - w=0.775, c1=1.5, c2=1.5
PSO-LDIW iteration: 550/1000 - Best fitness: 12616.8137 - w=0.625, c1=1.5, c2=1.5
PSO-LDIW iteration: 400/1000 - Best fitness: 12325.3866 - w=0.7, c1=1.5, c2=1.5
PSO-LDIW iteration: 50/1000 - Best fitness: 13367.4589 - w=0.875, c1=1.5, c2=1.5
PSO-LDIW iteration: 800/1000 - Best fitness: 12240.559 - w=0.5, c1=1.5, c2=1.5
PSO-LDIW iteration: 150/1000 - Best fitness: 12495.4971 - w=0.825, c1=1.5, c2=1.5
PSO-LDIW iteration: 150/1000 - Best fitness: 12725.5563 - w=0.825, c1=1.5, c2=1.5
Traditional PSO iteration: 1000/1000 - Best fitness: 12452.6541
Traditional PSO completed with final fitness: 12452.6541

========== Planning Complete ==========
Algorithm: PSO
Execution time: 716.0098 seconds
Path length: 286.4960 units
Waypoints: 7
Best fitness: 12452.6541
========================================


========== Direct Global Planning ==========
Algorithm: PSO_LDIW
Start: [0.0, 0.0, 10.0]
Goal:  [200.0, 200.0, 10.0]
============================================

Starting PSO-LDIW (linearly decreasing inertia weight)...
PSO-LDIW iteration: 350/1000 - Best fitness: 12631.4118 - w=0.725, c1=1.5, c2=1.5
Number of Initial feasible particles: 0/100
PSO-LDIW iteration: 1/1000 - Best fitness: 25752.6654 - w=0.8995, c1=1.5, c2=1.5
PSO-LDIW iteration: 850/1000 - Best fitness: 12240.4588 - w=0.475, c1=1.5, c2=1.5
PSO-LDIW iteration: 300/1000 - Best fitness: 12409.6798 - w=0.75, c1=1.5, c2=1.5
PSO-LDIW iteration: 150/1000 - Best fitness: 12612.9328 - w=0.825, c1=1.5, c2=1.5
PSO-LDIW iteration: 300/1000 - Best fitness: 13014.9697 - w=0.75, c1=1.5, c2=1.5
FIPS iteration: 50/1000 - Best fitness: 13911.7508
PSO-LDIW iteration: 450/1000 - Best fitness: 12249.2579 - w=0.675, c1=1.5, c2=1.5
PSO-LDIW iteration: 100/1000 - Best fitness: 13089.2914 - w=0.85, c1=1.5, c2=1.5
PSO-LDIW iteration: 200/1000 - Best fitness: 12371.9792 - w=0.8, c1=1.5, c2=1.5
PSO-LDIW iteration: 50/1000 - Best fitness: 13260.5986 - w=0.875, c1=1.5, c2=1.5
Traditional PSO iteration: 950/1000 - Best fitness: 12278.3012
Traditional PSO iteration: 900/1000 - Best fitness: 12617.5117
PSO-LDIW iteration: 200/1000 - Best fitness: 12658.9881 - w=0.8, c1=1.5, c2=1.5
PSO-LDIW iteration: 600/1000 - Best fitness: 12600.4508 - w=0.6, c1=1.5, c2=1.5
PSO-LDIW iteration: 900/1000 - Best fitness: 12240.4412 - w=0.45, c1=1.5, c2=1.5
PSO-LDIW iteration: 350/1000 - Best fitness: 12624.0247 - w=0.725, c1=1.5, c2=1.5
PSO-LDIW iteration: 350/1000 - Best fitness: 12345.5752 - w=0.725, c1=1.5, c2=1.5
PSO-LDIW iteration: 950/1000 - Best fitness: 12240.4097 - w=0.425, c1=1.5, c2=1.5
PSO-LDIW iteration: 200/1000 - Best fitness: 12588.0986 - w=0.8, c1=1.5, c2=1.5
PSO-LDIW iteration: 100/1000 - Best fitness: 13174.1374 - w=0.85, c1=1.5, c2=1.5
PSO-LDIW iteration: 400/1000 - Best fitness: 12615.413 - w=0.7, c1=1.5, c2=1.5
PSO-LDIW iteration: 250/1000 - Best fitness: 12341.9704 - w=0.775, c1=1.5, c2=1.5
PSO-LDIW iteration: 250/1000 - Best fitness: 12528.4078 - w=0.775, c1=1.5, c2=1.5
PSO-LDIW iteration: 150/1000 - Best fitness: 12902.8092 - w=0.825, c1=1.5, c2=1.5
FIPS iteration: 100/1000 - Best fitness: 13716.6398
PSO-LDIW iteration: 500/1000 - Best fitness: 12230.5467 - w=0.65, c1=1.5, c2=1.5
PSO-LDIW iteration: 1000/1000 - Best fitness: 12240.4095 - w=0.4, c1=1.5, c2=1.5

========== Planning Complete ==========
Algorithm: PSO_LDIW
Execution time: 474.5433 seconds
Path length: 287.7162 units
Waypoints: 7
Best fitness: 12240.4095
========================================


========== Direct Global Planning ==========
Algorithm: FIPS
Start: [0.0, 0.0, 10.0]
Goal:  [200.0, 200.0, 10.0]
============================================

Starting FIPS (Fully Informed PSO) path planning...
Number of Initial feasible particles: 0/100
Traditional PSO iteration: 1000/1000 - Best fitness: 12278.3012
Traditional PSO completed with final fitness: 12278.3012

========== Planning Complete ==========
Algorithm: PSO
Execution time: 781.3446 seconds
Path length: 295.9460 units
Waypoints: 7
Best fitness: 12278.3012
========================================


========== Direct Global Planning ==========
Algorithm: PSO_LDIW
Start: [0.0, 0.0, 10.0]
Goal:  [200.0, 200.0, 10.0]
============================================

Starting PSO-LDIW (linearly decreasing inertia weight)...
Number of Initial feasible particles: 0/100
PSO-LDIW iteration: 1/1000 - Best fitness: 34194.2519 - w=0.8995, c1=1.5, c2=1.5
PSO-LDIW iteration: 650/1000 - Best fitness: 12579.1163 - w=0.575, c1=1.5, c2=1.5
PSO-LDIW iteration: 400/1000 - Best fitness: 12586.9444 - w=0.7, c1=1.5, c2=1.5
Traditional PSO iteration: 950/1000 - Best fitness: 12617.511
PSO-LDIW iteration: 150/1000 - Best fitness: 13009.6 - w=0.825, c1=1.5, c2=1.5
PSO-LDIW iteration: 300/1000 - Best fitness: 12321.7056 - w=0.75, c1=1.5, c2=1.5
PSO-LDIW iteration: 400/1000 - Best fitness: 12314.96 - w=0.7, c1=1.5, c2=1.5
PSO-LDIW iteration: 250/1000 - Best fitness: 12574.2214 - w=0.775, c1=1.5, c2=1.5
PSO-LDIW iteration: 300/1000 - Best fitness: 12331.0215 - w=0.75, c1=1.5, c2=1.5
PSO-LDIW iteration: 200/1000 - Best fitness: 12743.3981 - w=0.8, c1=1.5, c2=1.5
FIPS iteration: 150/1000 - Best fitness: 13523.6951
PSO-LDIW iteration: 450/1000 - Best fitness: 12573.6181 - w=0.675, c1=1.5, c2=1.5
PSO-LDIW iteration: 450/1000 - Best fitness: 12603.754 - w=0.675, c1=1.5, c2=1.5
PSO-LDIW iteration: 550/1000 - Best fitness: 12211.9989 - w=0.625, c1=1.5, c2=1.5
PSO-LDIW iteration: 350/1000 - Best fitness: 12268.0118 - w=0.725, c1=1.5, c2=1.5
FIPS iteration: 50/1000 - Best fitness: 13855.1819
PSO-LDIW iteration: 200/1000 - Best fitness: 12745.2856 - w=0.8, c1=1.5, c2=1.5
PSO-LDIW iteration: 50/1000 - Best fitness: 13147.0466 - w=0.875, c1=1.5, c2=1.5
PSO-LDIW iteration: 500/1000 - Best fitness: 12569.9075 - w=0.65, c1=1.5, c2=1.5
PSO-LDIW iteration: 450/1000 - Best fitness: 12311.1829 - w=0.675, c1=1.5, c2=1.5
PSO-LDIW iteration: 300/1000 - Best fitness: 12563.667 - w=0.75, c1=1.5, c2=1.5
PSO-LDIW iteration: 700/1000 - Best fitness: 12575.1136 - w=0.55, c1=1.5, c2=1.5
Traditional PSO iteration: 1000/1000 - Best fitness: 12617.511
Traditional PSO completed with final fitness: 12617.511

========== Planning Complete ==========
Algorithm: PSO
Execution time: 829.6668 seconds
Path length: 309.1512 units
Waypoints: 7
Best fitness: 12617.5110
========================================


========== Direct Global Planning ==========
Algorithm: PSO_LDIW
Start: [0.0, 0.0, 10.0]
Goal:  [200.0, 200.0, 10.0]
============================================

Starting PSO-LDIW (linearly decreasing inertia weight)...
Number of Initial feasible particles: 0/100
PSO-LDIW iteration: 1/1000 - Best fitness: 39356.4849 - w=0.8995, c1=1.5, c2=1.5
PSO-LDIW iteration: 350/1000 - Best fitness: 12327.1225 - w=0.725, c1=1.5, c2=1.5
PSO-LDIW iteration: 550/1000 - Best fitness: 12567.4531 - w=0.625, c1=1.5, c2=1.5
PSO-LDIW iteration: 400/1000 - Best fitness: 12245.4696 - w=0.7, c1=1.5, c2=1.5
FIPS iteration: 200/1000 - Best fitness: 13269.2074
PSO-LDIW iteration: 250/1000 - Best fitness: 12638.5357 - w=0.775, c1=1.5, c2=1.5
PSO-LDIW iteration: 250/1000 - Best fitness: 12619.6053 - w=0.775, c1=1.5, c2=1.5
PSO-LDIW iteration: 600/1000 - Best fitness: 12208.7045 - w=0.6, c1=1.5, c2=1.5
PSO-LDIW iteration: 600/1000 - Best fitness: 12566.3526 - w=0.6, c1=1.5, c2=1.5
PSO-LDIW iteration: 500/1000 - Best fitness: 12600.2477 - w=0.65, c1=1.5, c2=1.5
FIPS iteration: 100/1000 - Best fitness: 13623.8405
PSO-LDIW iteration: 450/1000 - Best fitness: 12243.2582 - w=0.675, c1=1.5, c2=1.5
PSO-LDIW iteration: 500/1000 - Best fitness: 12302.7562 - w=0.65, c1=1.5, c2=1.5
PSO-LDIW iteration: 650/1000 - Best fitness: 12564.1882 - w=0.575, c1=1.5, c2=1.5
PSO-LDIW iteration: 50/1000 - Best fitness: 13265.7847 - w=0.875, c1=1.5, c2=1.5
PSO-LDIW iteration: 100/1000 - Best fitness: 12701.7503 - w=0.85, c1=1.5, c2=1.5
PSO-LDIW iteration: 400/1000 - Best fitness: 12321.9444 - w=0.7, c1=1.5, c2=1.5
PSO-LDIW iteration: 350/1000 - Best fitness: 12557.3458 - w=0.725, c1=1.5, c2=1.5
FIPS iteration: 250/1000 - Best fitness: 13269.2074
PSO-LDIW iteration: 700/1000 - Best fitness: 12564.0015 - w=0.55, c1=1.5, c2=1.5
PSO-LDIW iteration: 750/1000 - Best fitness: 12574.7322 - w=0.525, c1=1.5, c2=1.5
PSO-LDIW iteration: 300/1000 - Best fitness: 12496.1818 - w=0.75, c1=1.5, c2=1.5
PSO-LDIW iteration: 500/1000 - Best fitness: 12239.7709 - w=0.65, c1=1.5, c2=1.5
PSO-LDIW iteration: 300/1000 - Best fitness: 12579.3874 - w=0.75, c1=1.5, c2=1.5
PSO-LDIW iteration: 750/1000 - Best fitness: 12563.3846 - w=0.525, c1=1.5, c2=1.5
PSO-LDIW iteration: 650/1000 - Best fitness: 12207.9371 - w=0.575, c1=1.5, c2=1.5
PSO-LDIW iteration: 450/1000 - Best fitness: 12317.5398 - w=0.675, c1=1.5, c2=1.5
FIPS iteration: 150/1000 - Best fitness: 13444.3274
PSO-LDIW iteration: 800/1000 - Best fitness: 12562.8522 - w=0.5, c1=1.5, c2=1.5
PSO-LDIW iteration: 550/1000 - Best fitness: 12299.5242 - w=0.625, c1=1.5, c2=1.5
PSO-LDIW iteration: 100/1000 - Best fitness: 12966.4587 - w=0.85, c1=1.5, c2=1.5
PSO-LDIW iteration: 550/1000 - Best fitness: 12239.5297 - w=0.625, c1=1.5, c2=1.5
PSO-LDIW iteration: 550/1000 - Best fitness: 12598.6847 - w=0.625, c1=1.5, c2=1.5
FIPS iteration: 300/1000 - Best fitness: 13269.2074
PSO-LDIW iteration: 150/1000 - Best fitness: 12521.1998 - w=0.825, c1=1.5, c2=1.5
PSO-LDIW iteration: 850/1000 - Best fitness: 12562.4127 - w=0.475, c1=1.5, c2=1.5
PSO-LDIW iteration: 350/1000 - Best fitness: 12553.1291 - w=0.725, c1=1.5, c2=1.5
PSO-LDIW iteration: 400/1000 - Best fitness: 12554.2144 - w=0.7, c1=1.5, c2=1.5
PSO-LDIW iteration: 500/1000 - Best fitness: 12316.7597 - w=0.65, c1=1.5, c2=1.5
PSO-LDIW iteration: 350/1000 - Best fitness: 12451.5383 - w=0.725, c1=1.5, c2=1.5
PSO-LDIW iteration: 600/1000 - Best fitness: 12239.5058 - w=0.6, c1=1.5, c2=1.5
PSO-LDIW iteration: 900/1000 - Best fitness: 12561.6397 - w=0.45, c1=1.5, c2=1.5
PSO-LDIW iteration: 800/1000 - Best fitness: 12574.6194 - w=0.5, c1=1.5, c2=1.5
FIPS iteration: 200/1000 - Best fitness: 13103.9172
PSO-LDIW iteration: 700/1000 - Best fitness: 12207.7712 - w=0.55, c1=1.5, c2=1.5
PSO-LDIW iteration: 950/1000 - Best fitness: 12560.7117 - w=0.425, c1=1.5, c2=1.5
PSO-LDIW iteration: 400/1000 - Best fitness: 12542.9534 - w=0.7, c1=1.5, c2=1.5
PSO-LDIW iteration: 150/1000 - Best fitness: 12838.9124 - w=0.825, c1=1.5, c2=1.5
PSO-LDIW iteration: 600/1000 - Best fitness: 12298.0273 - w=0.6, c1=1.5, c2=1.5
FIPS iteration: 350/1000 - Best fitness: 13095.4725
PSO-LDIW iteration: 550/1000 - Best fitness: 12316.6565 - w=0.625, c1=1.5, c2=1.5
PSO-LDIW iteration: 650/1000 - Best fitness: 12239.4481 - w=0.575, c1=1.5, c2=1.5
PSO-LDIW iteration: 1000/1000 - Best fitness: 12560.5723 - w=0.4, c1=1.5, c2=1.5

========== Planning Complete ==========
Algorithm: PSO_LDIW
Execution time: 412.9772 seconds
Path length: 289.3650 units
Waypoints: 7
Best fitness: 12560.5723
========================================


========== Direct Global Planning ==========
Algorithm: FIPS
Start: [0.0, 0.0, 10.0]
Goal:  [200.0, 200.0, 10.0]
============================================

Starting FIPS (Fully Informed PSO) path planning...
Number of Initial feasible particles: 0/100
PSO-LDIW iteration: 200/1000 - Best fitness: 12404.9107 - w=0.8, c1=1.5, c2=1.5
PSO-LDIW iteration: 600/1000 - Best fitness: 12598.1937 - w=0.6, c1=1.5, c2=1.5
PSO-LDIW iteration: 400/1000 - Best fitness: 12420.5355 - w=0.7, c1=1.5, c2=1.5
PSO-LDIW iteration: 450/1000 - Best fitness: 12534.6913 - w=0.675, c1=1.5, c2=1.5
PSO-LDIW iteration: 450/1000 - Best fitness: 12553.4855 - w=0.675, c1=1.5, c2=1.5
PSO-LDIW iteration: 600/1000 - Best fitness: 12316.6465 - w=0.6, c1=1.5, c2=1.5
FIPS iteration: 250/1000 - Best fitness: 13103.9172
PSO-LDIW iteration: 700/1000 - Best fitness: 12239.4449 - w=0.55, c1=1.5, c2=1.5
FIPS iteration: 400/1000 - Best fitness: 13011.4801
PSO-LDIW iteration: 850/1000 - Best fitness: 12574.613 - w=0.475, c1=1.5, c2=1.5
PSO-LDIW iteration: 200/1000 - Best fitness: 12715.9167 - w=0.8, c1=1.5, c2=1.5
PSO-LDIW iteration: 650/1000 - Best fitness: 12295.2182 - w=0.575, c1=1.5, c2=1.5
PSO-LDIW iteration: 750/1000 - Best fitness: 12207.7628 - w=0.525, c1=1.5, c2=1.5
PSO-LDIW iteration: 500/1000 - Best fitness: 12526.8511 - w=0.65, c1=1.5, c2=1.5
PSO-LDIW iteration: 650/1000 - Best fitness: 12316.6395 - w=0.575, c1=1.5, c2=1.5
PSO-LDIW iteration: 750/1000 - Best fitness: 12239.4443 - w=0.525, c1=1.5, c2=1.5
PSO-LDIW iteration: 250/1000 - Best fitness: 12384.3844 - w=0.775, c1=1.5, c2=1.5
FIPS iteration: 50/1000 - Best fitness: 13980.5465
PSO-LDIW iteration: 550/1000 - Best fitness: 12523.0619 - w=0.625, c1=1.5, c2=1.5
FIPS iteration: 300/1000 - Best fitness: 12994.037
PSO-LDIW iteration: 450/1000 - Best fitness: 12412.3252 - w=0.675, c1=1.5, c2=1.5
PSO-LDIW iteration: 650/1000 - Best fitness: 12598.1524 - w=0.575, c1=1.5, c2=1.5
FIPS iteration: 450/1000 - Best fitness: 12993.6327
PSO-LDIW iteration: 250/1000 - Best fitness: 12618.6031 - w=0.775, c1=1.5, c2=1.5
PSO-LDIW iteration: 700/1000 - Best fitness: 12315.4892 - w=0.55, c1=1.5, c2=1.5
PSO-LDIW iteration: 500/1000 - Best fitness: 12552.1861 - w=0.65, c1=1.5, c2=1.5
PSO-LDIW iteration: 700/1000 - Best fitness: 12295.0522 - w=0.55, c1=1.5, c2=1.5
PSO-LDIW iteration: 600/1000 - Best fitness: 12521.0571 - w=0.6, c1=1.5, c2=1.5
PSO-LDIW iteration: 800/1000 - Best fitness: 12239.4443 - w=0.5, c1=1.5, c2=1.5
PSO-LDIW iteration: 900/1000 - Best fitness: 12574.6078 - w=0.45, c1=1.5, c2=1.5
PSO-LDIW iteration: 800/1000 - Best fitness: 12207.7501 - w=0.5, c1=1.5, c2=1.5
FIPS iteration: 350/1000 - Best fitness: 12994.037
PSO-LDIW iteration: 650/1000 - Best fitness: 12519.4705 - w=0.575, c1=1.5, c2=1.5
FIPS iteration: 500/1000 - Best fitness: 12993.6327
PSO-LDIW iteration: 300/1000 - Best fitness: 12379.105 - w=0.75, c1=1.5, c2=1.5
PSO-LDIW iteration: 750/1000 - Best fitness: 12309.782 - w=0.525, c1=1.5, c2=1.5
FIPS iteration: 100/1000 - Best fitness: 13432.7684
PSO-LDIW iteration: 850/1000 - Best fitness: 12239.4441 - w=0.475, c1=1.5, c2=1.5
PSO-LDIW iteration: 300/1000 - Best fitness: 12575.2325 - w=0.75, c1=1.5, c2=1.5
PSO-LDIW iteration: 700/1000 - Best fitness: 12518.6701 - w=0.55, c1=1.5, c2=1.5
PSO-LDIW iteration: 500/1000 - Best fitness: 12409.9803 - w=0.65, c1=1.5, c2=1.5
PSO-LDIW iteration: 750/1000 - Best fitness: 12295.0449 - w=0.525, c1=1.5, c2=1.5
PSO-LDIW iteration: 700/1000 - Best fitness: 12597.6777 - w=0.55, c1=1.5, c2=1.5
PSO-LDIW iteration: 900/1000 - Best fitness: 12239.3735 - w=0.45, c1=1.5, c2=1.5
PSO-LDIW iteration: 800/1000 - Best fitness: 12308.9321 - w=0.5, c1=1.5, c2=1.5
FIPS iteration: 400/1000 - Best fitness: 12904.5356
PSO-LDIW iteration: 750/1000 - Best fitness: 12518.4219 - w=0.525, c1=1.5, c2=1.5
PSO-LDIW iteration: 550/1000 - Best fitness: 12550.8378 - w=0.625, c1=1.5, c2=1.5
FIPS iteration: 550/1000 - Best fitness: 12993.6327
PSO-LDIW iteration: 850/1000 - Best fitness: 12207.7498 - w=0.475, c1=1.5, c2=1.5
PSO-LDIW iteration: 950/1000 - Best fitness: 12574.5963 - w=0.425, c1=1.5, c2=1.5
PSO-LDIW iteration: 800/1000 - Best fitness: 12518.2411 - w=0.5, c1=1.5, c2=1.5
FIPS iteration: 150/1000 - Best fitness: 13432.7684
PSO-LDIW iteration: 350/1000 - Best fitness: 12356.2604 - w=0.725, c1=1.5, c2=1.5
PSO-LDIW iteration: 350/1000 - Best fitness: 12370.5159 - w=0.725, c1=1.5, c2=1.5
PSO-LDIW iteration: 950/1000 - Best fitness: 12239.3735 - w=0.425, c1=1.5, c2=1.5
PSO-LDIW iteration: 850/1000 - Best fitness: 12308.8601 - w=0.475, c1=1.5, c2=1.5
PSO-LDIW iteration: 800/1000 - Best fitness: 12294.851 - w=0.5, c1=1.5, c2=1.5
FIPS iteration: 450/1000 - Best fitness: 12884.7859
PSO-LDIW iteration: 850/1000 - Best fitness: 12518.2284 - w=0.475, c1=1.5, c2=1.5
FIPS iteration: 600/1000 - Best fitness: 12875.0186
PSO-LDIW iteration: 550/1000 - Best fitness: 12406.4136 - w=0.625, c1=1.5, c2=1.5
PSO-LDIW iteration: 1000/1000 - Best fitness: 12239.3735 - w=0.4, c1=1.5, c2=1.5

========== Planning Complete ==========
Algorithm: PSO_LDIW
Execution time: 442.6498 seconds
Path length: 309.4085 units
Waypoints: 7
Best fitness: 12239.3735
========================================


========== Direct Global Planning ==========
Algorithm: FIPS
Start: [0.0, 0.0, 10.0]
Goal:  [200.0, 200.0, 10.0]
============================================

Starting FIPS (Fully Informed PSO) path planning...
Number of Initial feasible particles: 0/100
PSO-LDIW iteration: 750/1000 - Best fitness: 12597.6739 - w=0.525, c1=1.5, c2=1.5
PSO-LDIW iteration: 900/1000 - Best fitness: 12308.8574 - w=0.45, c1=1.5, c2=1.5
PSO-LDIW iteration: 900/1000 - Best fitness: 12518.2279 - w=0.45, c1=1.5, c2=1.5
PSO-LDIW iteration: 600/1000 - Best fitness: 12550.5406 - w=0.6, c1=1.5, c2=1.5
PSO-LDIW iteration: 400/1000 - Best fitness: 12266.3274 - w=0.7, c1=1.5, c2=1.5
FIPS iteration: 200/1000 - Best fitness: 13387.6244
PSO-LDIW iteration: 900/1000 - Best fitness: 12207.7497 - w=0.45, c1=1.5, c2=1.5
FIPS iteration: 500/1000 - Best fitness: 12796.4659
PSO-LDIW iteration: 400/1000 - Best fitness: 12366.3315 - w=0.7, c1=1.5, c2=1.5
FIPS iteration: 650/1000 - Best fitness: 12833.7912
PSO-LDIW iteration: 950/1000 - Best fitness: 12518.2277 - w=0.425, c1=1.5, c2=1.5
PSO-LDIW iteration: 850/1000 - Best fitness: 12293.8081 - w=0.475, c1=1.5, c2=1.5
PSO-LDIW iteration: 1000/1000 - Best fitness: 12574.2037 - w=0.4, c1=1.5, c2=1.5

========== Planning Complete ==========
Algorithm: PSO_LDIW
Execution time: 757.7206 seconds
Path length: 292.6185 units
Waypoints: 7
Best fitness: 12574.2037
========================================


========== Direct Global Planning ==========
Algorithm: FIPS
Start: [0.0, 0.0, 10.0]
Goal:  [200.0, 200.0, 10.0]
============================================

Starting FIPS (Fully Informed PSO) path planning...
Number of Initial feasible particles: 0/100
PSO-LDIW iteration: 950/1000 - Best fitness: 12308.8571 - w=0.425, c1=1.5, c2=1.5
PSO-LDIW iteration: 1000/1000 - Best fitness: 12518.2276 - w=0.4, c1=1.5, c2=1.5

========== Planning Complete ==========
Algorithm: PSO_LDIW
Execution time: 393.8832 seconds
Path length: 287.5672 units
Waypoints: 7
Best fitness: 12518.2276
========================================


========== Direct Global Planning ==========
Algorithm: FIPS
Start: [0.0, 0.0, 10.0]
Goal:  [200.0, 200.0, 10.0]
============================================

Starting FIPS (Fully Informed PSO) path planning...
Number of Initial feasible particles: 0/100
FIPS iteration: 50/1000 - Best fitness: 13990.8912
FIPS iteration: 550/1000 - Best fitness: 12777.3164
PSO-LDIW iteration: 600/1000 - Best fitness: 12405.8169 - w=0.6, c1=1.5, c2=1.5
PSO-LDIW iteration: 450/1000 - Best fitness: 12235.7301 - w=0.675, c1=1.5, c2=1.5
FIPS iteration: 700/1000 - Best fitness: 12739.7514
PSO-LDIW iteration: 1000/1000 - Best fitness: 12308.8571 - w=0.4, c1=1.5, c2=1.5

========== Planning Complete ==========
Algorithm: PSO_LDIW
Execution time: 482.1094 seconds
Path length: 292.4141 units
Waypoints: 7
Best fitness: 12308.8571
========================================


========== Direct Global Planning ==========
Algorithm: FIPS
Start: [0.0, 0.0, 10.0]
Goal:  [200.0, 200.0, 10.0]
============================================

Starting FIPS (Fully Informed PSO) path planning...
PSO-LDIW iteration: 450/1000 - Best fitness: 12366.1666 - w=0.675, c1=1.5, c2=1.5
Number of Initial feasible particles: 0/100
FIPS iteration: 250/1000 - Best fitness: 13347.0333
PSO-LDIW iteration: 800/1000 - Best fitness: 12597.5335 - w=0.5, c1=1.5, c2=1.5
PSO-LDIW iteration: 900/1000 - Best fitness: 12293.7955 - w=0.45, c1=1.5, c2=1.5
PSO-LDIW iteration: 650/1000 - Best fitness: 12550.0986 - w=0.575, c1=1.5, c2=1.5
FIPS iteration: 50/1000 - Best fitness: 13451.2825
PSO-LDIW iteration: 950/1000 - Best fitness: 12207.7497 - w=0.425, c1=1.5, c2=1.5
FIPS iteration: 600/1000 - Best fitness: 12777.3164
PSO-LDIW iteration: 500/1000 - Best fitness: 12221.2726 - w=0.65, c1=1.5, c2=1.5
FIPS iteration: 50/1000 - Best fitness: 13869.393
PSO-LDIW iteration: 500/1000 - Best fitness: 12366.0909 - w=0.65, c1=1.5, c2=1.5
FIPS iteration: 750/1000 - Best fitness: 12620.4166
FIPS iteration: 100/1000 - Best fitness: 13675.9726
FIPS iteration: 300/1000 - Best fitness: 13294.3036
FIPS iteration: 50/1000 - Best fitness: 14051.5801
PSO-LDIW iteration: 550/1000 - Best fitness: 12218.696 - w=0.625, c1=1.5, c2=1.5
PSO-LDIW iteration: 950/1000 - Best fitness: 12293.794 - w=0.425, c1=1.5, c2=1.5
PSO-LDIW iteration: 650/1000 - Best fitness: 12405.6265 - w=0.575, c1=1.5, c2=1.5
FIPS iteration: 650/1000 - Best fitness: 12777.3164
PSO-LDIW iteration: 550/1000 - Best fitness: 12366.0887 - w=0.625, c1=1.5, c2=1.5
FIPS iteration: 800/1000 - Best fitness: 12620.4166
FIPS iteration: 100/1000 - Best fitness: 13296.0024
PSO-LDIW iteration: 850/1000 - Best fitness: 12597.5151 - w=0.475, c1=1.5, c2=1.5
PSO-LDIW iteration: 600/1000 - Best fitness: 12218.3867 - w=0.6, c1=1.5, c2=1.5
PSO-LDIW iteration: 1000/1000 - Best fitness: 12207.7497 - w=0.4, c1=1.5, c2=1.5

========== Planning Complete ==========
Algorithm: PSO_LDIW
Execution time: 681.8320 seconds
Path length: 285.6532 units
Waypoints: 7
Best fitness: 12207.7497
========================================


========== Direct Global Planning ==========
Algorithm: FIPS
Start: [0.0, 0.0, 10.0]
Goal:  [200.0, 200.0, 10.0]
============================================

Starting FIPS (Fully Informed PSO) path planning...
Number of Initial feasible particles: 0/100
PSO-LDIW iteration: 700/1000 - Best fitness: 12549.6708 - w=0.55, c1=1.5, c2=1.5
FIPS iteration: 100/1000 - Best fitness: 13476.2603
PSO-LDIW iteration: 600/1000 - Best fitness: 12366.0881 - w=0.6, c1=1.5, c2=1.5
FIPS iteration: 700/1000 - Best fitness: 12727.9352
FIPS iteration: 350/1000 - Best fitness: 13171.9754
FIPS iteration: 150/1000 - Best fitness: 13553.6465
PSO-LDIW iteration: 650/1000 - Best fitness: 12218.3328 - w=0.575, c1=1.5, c2=1.5
FIPS iteration: 850/1000 - Best fitness: 12620.4166
FIPS iteration: 100/1000 - Best fitness: 13223.7442
PSO-LDIW iteration: 1000/1000 - Best fitness: 12293.7874 - w=0.4, c1=1.5, c2=1.5

========== Planning Complete ==========
Algorithm: PSO_LDIW
Execution time: 663.5927 seconds
Path length: 296.0817 units
Waypoints: 7
Best fitness: 12293.7874
========================================


========== Direct Global Planning ==========
Algorithm: FIPS
Start: [0.0, 0.0, 10.0]
Goal:  [200.0, 200.0, 10.0]
============================================

Starting FIPS (Fully Informed PSO) path planning...
Number of Initial feasible particles: 0/100
FIPS iteration: 150/1000 - Best fitness: 13126.9742
PSO-LDIW iteration: 700/1000 - Best fitness: 12218.2573 - w=0.55, c1=1.5, c2=1.5
PSO-LDIW iteration: 650/1000 - Best fitness: 12366.0865 - w=0.575, c1=1.5, c2=1.5
FIPS iteration: 750/1000 - Best fitness: 12602.8769
PSO-LDIW iteration: 700/1000 - Best fitness: 12405.4301 - w=0.55, c1=1.5, c2=1.5
FIPS iteration: 900/1000 - Best fitness: 12620.4166
FIPS iteration: 50/1000 - Best fitness: 13663.3556
FIPS iteration: 150/1000 - Best fitness: 13458.337
PSO-LDIW iteration: 900/1000 - Best fitness: 12597.2849 - w=0.45, c1=1.5, c2=1.5
FIPS iteration: 400/1000 - Best fitness: 13086.2063
PSO-LDIW iteration: 750/1000 - Best fitness: 12218.2288 - w=0.525, c1=1.5, c2=1.5
FIPS iteration: 200/1000 - Best fitness: 13450.819
PSO-LDIW iteration: 750/1000 - Best fitness: 12548.5826 - w=0.525, c1=1.5, c2=1.5
FIPS iteration: 150/1000 - Best fitness: 13223.7442
PSO-LDIW iteration: 700/1000 - Best fitness: 12364.6365 - w=0.55, c1=1.5, c2=1.5
FIPS iteration: 800/1000 - Best fitness: 12602.8769
PSO-LDIW iteration: 800/1000 - Best fitness: 12218.2044 - w=0.5, c1=1.5, c2=1.5
FIPS iteration: 50/1000 - Best fitness: 13772.4893
FIPS iteration: 950/1000 - Best fitness: 12607.5098
FIPS iteration: 200/1000 - Best fitness: 13016.0825
FIPS iteration: 450/1000 - Best fitness: 13067.1892
PSO-LDIW iteration: 850/1000 - Best fitness: 12218.2036 - w=0.475, c1=1.5, c2=1.5
FIPS iteration: 200/1000 - Best fitness: 13244.0358
FIPS iteration: 100/1000 - Best fitness: 13559.8931
PSO-LDIW iteration: 750/1000 - Best fitness: 12364.396 - w=0.525, c1=1.5, c2=1.5
PSO-LDIW iteration: 750/1000 - Best fitness: 12398.1513 - w=0.525, c1=1.5, c2=1.5
FIPS iteration: 850/1000 - Best fitness: 12602.8769
FIPS iteration: 250/1000 - Best fitness: 13450.819
FIPS iteration: 1000/1000 - Best fitness: 12607.5098
FIPS completed with final fitness: 12607.5098

========== Planning Complete ==========
Algorithm: FIPS
Execution time: 552.4026 seconds
Path length: 316.4340 units
Waypoints: 7
Best fitness: 12607.5098
========================================


========== Direct Global Planning ==========
Algorithm: CLPSO
Start: [0.0, 0.0, 10.0]
Goal:  [200.0, 200.0, 10.0]
============================================

Starting CLPSO (Comprehensive Learning PSO) path planning...
Number of Initial feasible particles: 0/100
PSO-LDIW iteration: 900/1000 - Best fitness: 12218.2034 - w=0.45, c1=1.5, c2=1.5
PSO-LDIW iteration: 950/1000 - Best fitness: 12596.6266 - w=0.425, c1=1.5, c2=1.5
FIPS iteration: 200/1000 - Best fitness: 13052.9593
FIPS iteration: 250/1000 - Best fitness: 12935.4975
FIPS iteration: 100/1000 - Best fitness: 13250.3944
PSO-LDIW iteration: 800/1000 - Best fitness: 12548.2208 - w=0.5, c1=1.5, c2=1.5
FIPS iteration: 500/1000 - Best fitness: 13039.8637
PSO-LDIW iteration: 800/1000 - Best fitness: 12364.3786 - w=0.5, c1=1.5, c2=1.5
PSO-LDIW iteration: 950/1000 - Best fitness: 12218.2034 - w=0.425, c1=1.5, c2=1.5
FIPS iteration: 900/1000 - Best fitness: 12602.8769
FIPS iteration: 250/1000 - Best fitness: 13153.7454
FIPS iteration: 150/1000 - Best fitness: 13462.1827
PSO-LDIW iteration: 1000/1000 - Best fitness: 12218.2034 - w=0.4, c1=1.5, c2=1.5

========== Planning Complete ==========
Algorithm: PSO_LDIW
Execution time: 440.9702 seconds
Path length: 296.5982 units
Waypoints: 7
Best fitness: 12218.2034
========================================


========== Direct Global Planning ==========
Algorithm: FIPS
Start: [0.0, 0.0, 10.0]
Goal:  [200.0, 200.0, 10.0]
============================================

Starting FIPS (Fully Informed PSO) path planning...
Number of Initial feasible particles: 0/100
CLPSO iteration: 50/1000 - Best fitness: 14557.4959 - w: 0.860
PSO-LDIW iteration: 850/1000 - Best fitness: 12364.1854 - w=0.475, c1=1.5, c2=1.5
FIPS iteration: 300/1000 - Best fitness: 13336.9773
FIPS iteration: 250/1000 - Best fitness: 12981.2392
FIPS iteration: 300/1000 - Best fitness: 12853.6646
FIPS iteration: 550/1000 - Best fitness: 12823.4417
PSO-LDIW iteration: 800/1000 - Best fitness: 12393.3278 - w=0.5, c1=1.5, c2=1.5
FIPS iteration: 950/1000 - Best fitness: 12561.2552
FIPS iteration: 150/1000 - Best fitness: 13017.6897
PSO-LDIW iteration: 1000/1000 - Best fitness: 12596.2563 - w=0.4, c1=1.5, c2=1.5

========== Planning Complete ==========
Algorithm: PSO_LDIW
Execution time: 821.6793 seconds
Path length: 288.3855 units
Waypoints: 7
Best fitness: 12596.2563
========================================


========== Direct Global Planning ==========
Algorithm: FIPS
Start: [0.0, 0.0, 10.0]
Goal:  [200.0, 200.0, 10.0]
============================================

Starting FIPS (Fully Informed PSO) path planning...
Number of Initial feasible particles: 0/100
PSO-LDIW iteration: 900/1000 - Best fitness: 12362.4505 - w=0.45, c1=1.5, c2=1.5
FIPS iteration: 300/1000 - Best fitness: 12965.3952
PSO-LDIW iteration: 850/1000 - Best fitness: 12547.6808 - w=0.475, c1=1.5, c2=1.5
FIPS iteration: 200/1000 - Best fitness: 13236.9793
FIPS iteration: 1000/1000 - Best fitness: 12561.2552
FIPS completed with final fitness: 12561.2552

========== Planning Complete ==========
Algorithm: FIPS
Execution time: 528.4031 seconds
Path length: 316.0153 units
Waypoints: 7
Best fitness: 12561.2552
========================================


========== Direct Global Planning ==========
Algorithm: CLPSO
Start: [0.0, 0.0, 10.0]
Goal:  [200.0, 200.0, 10.0]
============================================

Starting CLPSO (Comprehensive Learning PSO) path planning...
Number of Initial feasible particles: 0/100
FIPS iteration: 350/1000 - Best fitness: 13274.4082
FIPS iteration: 50/1000 - Best fitness: 14011.9732
FIPS iteration: 600/1000 - Best fitness: 12823.4417
CLPSO iteration: 100/1000 - Best fitness: 13908.7361 - w: 0.820
FIPS iteration: 350/1000 - Best fitness: 12777.938
FIPS iteration: 300/1000 - Best fitness: 12887.2258
PSO-LDIW iteration: 950/1000 - Best fitness: 12362.3314 - w=0.425, c1=1.5, c2=1.5
FIPS iteration: 200/1000 - Best fitness: 13017.6897
FIPS iteration: 350/1000 - Best fitness: 12965.3952
FIPS iteration: 50/1000 - Best fitness: 14061.7047
PSO-LDIW iteration: 850/1000 - Best fitness: 12392.1344 - w=0.475, c1=1.5, c2=1.5
FIPS iteration: 250/1000 - Best fitness: 13229.9128
FIPS iteration: 650/1000 - Best fitness: 12823.4417
PSO-LDIW iteration: 1000/1000 - Best fitness: 12362.2002 - w=0.4, c1=1.5, c2=1.5

========== Planning Complete ==========
Algorithm: PSO_LDIW
Execution time: 549.5097 seconds
Path length: 326.7455 units
Waypoints: 7
Best fitness: 12362.2002
========================================


========== Direct Global Planning ==========
Algorithm: FIPS
Start: [0.0, 0.0, 10.0]
Goal:  [200.0, 200.0, 10.0]
============================================

Starting FIPS (Fully Informed PSO) path planning...
Number of Initial feasible particles: 0/100
CLPSO iteration: 50/1000 - Best fitness: 14369.2031 - w: 0.860
FIPS iteration: 400/1000 - Best fitness: 13274.4082
FIPS iteration: 400/1000 - Best fitness: 12777.938
FIPS iteration: 350/1000 - Best fitness: 12779.9785
CLPSO iteration: 150/1000 - Best fitness: 13846.8954 - w: 0.780
FIPS iteration: 100/1000 - Best fitness: 13358.0736
PSO-LDIW iteration: 900/1000 - Best fitness: 12547.1452 - w=0.45, c1=1.5, c2=1.5
FIPS iteration: 250/1000 - Best fitness: 13017.4206
FIPS iteration: 700/1000 - Best fitness: 12823.4417
FIPS iteration: 400/1000 - Best fitness: 12965.3952
FIPS iteration: 300/1000 - Best fitness: 13156.3666
FIPS iteration: 450/1000 - Best fitness: 12768.1271
FIPS iteration: 100/1000 - Best fitness: 13773.1768
FIPS iteration: 450/1000 - Best fitness: 13244.8836
FIPS iteration: 400/1000 - Best fitness: 12779.9785
CLPSO iteration: 100/1000 - Best fitness: 13741.0005 - w: 0.820
FIPS iteration: 50/1000 - Best fitness: 13708.9415
PSO-LDIW iteration: 900/1000 - Best fitness: 12390.8209 - w=0.45, c1=1.5, c2=1.5
CLPSO iteration: 200/1000 - Best fitness: 13354.2541 - w: 0.740
FIPS iteration: 150/1000 - Best fitness: 13358.0736
FIPS iteration: 300/1000 - Best fitness: 12936.6329
FIPS iteration: 750/1000 - Best fitness: 12823.4417
FIPS iteration: 450/1000 - Best fitness: 12953.3069
PSO-LDIW iteration: 950/1000 - Best fitness: 12547.0911 - w=0.425, c1=1.5, c2=1.5
FIPS iteration: 350/1000 - Best fitness: 13156.3666
FIPS iteration: 500/1000 - Best fitness: 12745.2198
FIPS iteration: 500/1000 - Best fitness: 13244.8836
FIPS iteration: 450/1000 - Best fitness: 12779.9785
FIPS iteration: 150/1000 - Best fitness: 13546.8438
FIPS iteration: 350/1000 - Best fitness: 12819.1926
CLPSO iteration: 150/1000 - Best fitness: 13741.0005 - w: 0.780
FIPS iteration: 100/1000 - Best fitness: 13015.2334
FIPS iteration: 200/1000 - Best fitness: 13280.9356
CLPSO iteration: 250/1000 - Best fitness: 13354.2541 - w: 0.700
FIPS iteration: 800/1000 - Best fitness: 12823.4417
FIPS iteration: 550/1000 - Best fitness: 12745.2198
FIPS iteration: 500/1000 - Best fitness: 12727.6449
FIPS iteration: 400/1000 - Best fitness: 12948.3633
PSO-LDIW iteration: 950/1000 - Best fitness: 12389.021 - w=0.425, c1=1.5, c2=1.5
FIPS iteration: 500/1000 - Best fitness: 12779.9785
FIPS iteration: 550/1000 - Best fitness: 13244.8836
FIPS iteration: 400/1000 - Best fitness: 12782.5269
PSO-LDIW iteration: 1000/1000 - Best fitness: 12547.0884 - w=0.4, c1=1.5, c2=1.5

========== Planning Complete ==========
Algorithm: PSO_LDIW
Execution time: 777.6320 seconds
Path length: 290.8461 units
Waypoints: 7
Best fitness: 12547.0884
========================================


========== Direct Global Planning ==========
Algorithm: FIPS
Start: [0.0, 0.0, 10.0]
Goal:  [200.0, 200.0, 10.0]
============================================

Starting FIPS (Fully Informed PSO) path planning...
Number of Initial feasible particles: 0/100
FIPS iteration: 200/1000 - Best fitness: 13526.2865
FIPS iteration: 850/1000 - Best fitness: 12823.4417
FIPS iteration: 150/1000 - Best fitness: 13010.7631
CLPSO iteration: 200/1000 - Best fitness: 13689.2423 - w: 0.740
FIPS iteration: 250/1000 - Best fitness: 13076.8664
FIPS iteration: 600/1000 - Best fitness: 12593.0317
FIPS iteration: 550/1000 - Best fitness: 12727.6449
CLPSO iteration: 300/1000 - Best fitness: 13354.2541 - w: 0.660
FIPS iteration: 450/1000 - Best fitness: 12948.3633
FIPS iteration: 550/1000 - Best fitness: 12621.5503
FIPS iteration: 600/1000 - Best fitness: 13170.3156
FIPS iteration: 450/1000 - Best fitness: 12754.4923
FIPS iteration: 900/1000 - Best fitness: 12823.4417
PSO-LDIW iteration: 1000/1000 - Best fitness: 12387.3385 - w=0.4, c1=1.5, c2=1.5

========== Planning Complete ==========
Algorithm: PSO_LDIW
Execution time: 777.4512 seconds
Path length: 292.1537 units
Waypoints: 7
Best fitness: 12387.3385
========================================

FIPS iteration: 650/1000 - Best fitness: 12593.0317

========== Direct Global Planning ==========
Algorithm: FIPS
Start: [0.0, 0.0, 10.0]
Goal:  [200.0, 200.0, 10.0]
============================================

Starting FIPS (Fully Informed PSO) path planning...
FIPS iteration: 250/1000 - Best fitness: 13526.2865
Number of Initial feasible particles: 0/100
FIPS iteration: 200/1000 - Best fitness: 12921.6601
FIPS iteration: 300/1000 - Best fitness: 13066.7418
CLPSO iteration: 250/1000 - Best fitness: 13689.2423 - w: 0.700
FIPS iteration: 50/1000 - Best fitness: 14038.2903
FIPS iteration: 500/1000 - Best fitness: 12948.3633
FIPS iteration: 600/1000 - Best fitness: 12665.0845
FIPS iteration: 600/1000 - Best fitness: 12621.5503
FIPS iteration: 500/1000 - Best fitness: 12610.5666
FIPS iteration: 650/1000 - Best fitness: 13170.3156
CLPSO iteration: 350/1000 - Best fitness: 13354.2541 - w: 0.620
FIPS iteration: 950/1000 - Best fitness: 12823.4417
FIPS iteration: 700/1000 - Best fitness: 12593.0317
FIPS iteration: 350/1000 - Best fitness: 13012.7505
FIPS iteration: 250/1000 - Best fitness: 12886.4931
FIPS iteration: 550/1000 - Best fitness: 12610.5666
FIPS iteration: 300/1000 - Best fitness: 13526.2865
FIPS iteration: 550/1000 - Best fitness: 12948.3633
FIPS iteration: 650/1000 - Best fitness: 12354.0807
FIPS iteration: 650/1000 - Best fitness: 12621.5503
FIPS iteration: 50/1000 - Best fitness: 14100.434
FIPS iteration: 700/1000 - Best fitness: 13055.9888
CLPSO iteration: 300/1000 - Best fitness: 13315.3244 - w: 0.660
FIPS iteration: 100/1000 - Best fitness: 13703.7041
FIPS iteration: 1000/1000 - Best fitness: 12823.4417
FIPS completed with final fitness: 12823.4417

========== Planning Complete ==========
Algorithm: FIPS
Execution time: 544.8727 seconds
Path length: 295.8228 units
Waypoints: 7
Best fitness: 12823.4417
========================================


========== Direct Global Planning ==========
Algorithm: CLPSO
Start: [0.0, 0.0, 10.0]
Goal:  [200.0, 200.0, 10.0]
============================================

Starting CLPSO (Comprehensive Learning PSO) path planning...
FIPS iteration: 750/1000 - Best fitness: 12553.2023
Number of Initial feasible particles: 0/100
CLPSO iteration: 400/1000 - Best fitness: 13304.4392 - w: 0.580
FIPS iteration: 400/1000 - Best fitness: 13006.4313
FIPS iteration: 600/1000 - Best fitness: 12610.5666
FIPS iteration: 300/1000 - Best fitness: 12822.83
FIPS iteration: 600/1000 - Best fitness: 12948.3633
FIPS iteration: 700/1000 - Best fitness: 12621.5503
FIPS iteration: 700/1000 - Best fitness: 12354.0807
FIPS iteration: 750/1000 - Best fitness: 13055.9888
FIPS iteration: 350/1000 - Best fitness: 13456.5552
FIPS iteration: 800/1000 - Best fitness: 12553.2023
FIPS iteration: 100/1000 - Best fitness: 13880.7613
CLPSO iteration: 50/1000 - Best fitness: 14352.6859 - w: 0.860
FIPS iteration: 650/1000 - Best fitness: 12610.5666
CLPSO iteration: 350/1000 - Best fitness: 13315.3244 - w: 0.620
FIPS iteration: 150/1000 - Best fitness: 13437.9592
FIPS iteration: 450/1000 - Best fitness: 12926.5333
FIPS iteration: 350/1000 - Best fitness: 12769.1579
FIPS iteration: 650/1000 - Best fitness: 12861.69
FIPS iteration: 750/1000 - Best fitness: 12621.5503
FIPS iteration: 750/1000 - Best fitness: 12354.0807
FIPS iteration: 800/1000 - Best fitness: 13055.9888
FIPS iteration: 850/1000 - Best fitness: 12553.2023
CLPSO iteration: 450/1000 - Best fitness: 13294.6959 - w: 0.540
FIPS iteration: 400/1000 - Best fitness: 13328.4478
FIPS iteration: 700/1000 - Best fitness: 12571.7051
FIPS iteration: 500/1000 - Best fitness: 12866.2358
CLPSO iteration: 100/1000 - Best fitness: 13905.3271 - w: 0.820
FIPS iteration: 150/1000 - Best fitness: 13639.8911
FIPS iteration: 400/1000 - Best fitness: 12769.1579
FIPS iteration: 800/1000 - Best fitness: 12526.558
FIPS iteration: 200/1000 - Best fitness: 13255.6301
FIPS iteration: 700/1000 - Best fitness: 12839.5647
FIPS iteration: 900/1000 - Best fitness: 12553.2023
CLPSO iteration: 400/1000 - Best fitness: 13221.0264 - w: 0.580
FIPS iteration: 800/1000 - Best fitness: 12354.0807
FIPS iteration: 850/1000 - Best fitness: 13055.9888
FIPS iteration: 750/1000 - Best fitness: 12571.7051
FIPS iteration: 450/1000 - Best fitness: 13314.8069
FIPS iteration: 550/1000 - Best fitness: 12765.8256
CLPSO iteration: 500/1000 - Best fitness: 13252.7502 - w: 0.500
FIPS iteration: 450/1000 - Best fitness: 12756.6639
FIPS iteration: 950/1000 - Best fitness: 12553.2023
FIPS iteration: 850/1000 - Best fitness: 12526.558
FIPS iteration: 750/1000 - Best fitness: 12839.5647
FIPS iteration: 850/1000 - Best fitness: 12354.0807
FIPS iteration: 800/1000 - Best fitness: 12571.7051
FIPS iteration: 250/1000 - Best fitness: 13255.6301
FIPS iteration: 200/1000 - Best fitness: 13585.2392
FIPS iteration: 900/1000 - Best fitness: 13030.3201
CLPSO iteration: 150/1000 - Best fitness: 13905.3271 - w: 0.780
CLPSO iteration: 450/1000 - Best fitness: 13196.7859 - w: 0.540
FIPS iteration: 600/1000 - Best fitness: 12765.8256
FIPS iteration: 500/1000 - Best fitness: 13233.2124
FIPS iteration: 500/1000 - Best fitness: 12756.6639
FIPS iteration: 1000/1000 - Best fitness: 12553.2023
FIPS completed with final fitness: 12553.2023

========== Planning Complete ==========
Algorithm: FIPS
Execution time: 497.3192 seconds
Path length: 312.3869 units
Waypoints: 7
Best fitness: 12553.2023
========================================


========== Direct Global Planning ==========
Algorithm: CLPSO
Start: [0.0, 0.0, 10.0]
Goal:  [200.0, 200.0, 10.0]
============================================

Starting CLPSO (Comprehensive Learning PSO) path planning...
Number of Initial feasible particles: 0/100
FIPS iteration: 850/1000 - Best fitness: 12571.7051
FIPS iteration: 900/1000 - Best fitness: 12526.558
FIPS iteration: 900/1000 - Best fitness: 12354.0807
FIPS iteration: 800/1000 - Best fitness: 12839.5647
FIPS iteration: 950/1000 - Best fitness: 13030.3201
CLPSO iteration: 550/1000 - Best fitness: 13252.7501 - w: 0.460
FIPS iteration: 300/1000 - Best fitness: 13248.0713
FIPS iteration: 650/1000 - Best fitness: 12765.8256
FIPS iteration: 250/1000 - Best fitness: 13427.3216
CLPSO iteration: 200/1000 - Best fitness: 13905.3271 - w: 0.740
FIPS iteration: 550/1000 - Best fitness: 12730.007
FIPS iteration: 900/1000 - Best fitness: 12571.7051
CLPSO iteration: 50/1000 - Best fitness: 14288.6107 - w: 0.860
FIPS iteration: 550/1000 - Best fitness: 13021.0824
CLPSO iteration: 500/1000 - Best fitness: 13196.5164 - w: 0.500
FIPS iteration: 950/1000 - Best fitness: 12526.558
FIPS iteration: 850/1000 - Best fitness: 12839.5647
FIPS iteration: 950/1000 - Best fitness: 12354.0807
FIPS iteration: 1000/1000 - Best fitness: 13030.3201
FIPS completed with final fitness: 13030.3201

========== Planning Complete ==========
Algorithm: FIPS
Execution time: 550.7197 seconds
Path length: 304.3571 units
Waypoints: 7
Best fitness: 13030.3201
========================================


========== Direct Global Planning ==========
Algorithm: CLPSO
Start: [0.0, 0.0, 10.0]
Goal:  [200.0, 200.0, 10.0]
============================================

Starting CLPSO (Comprehensive Learning PSO) path planning...
Number of Initial feasible particles: 0/100
FIPS iteration: 700/1000 - Best fitness: 12756.0528
FIPS iteration: 350/1000 - Best fitness: 13179.7532
FIPS iteration: 300/1000 - Best fitness: 13414.5572
FIPS iteration: 950/1000 - Best fitness: 12566.3869
FIPS iteration: 600/1000 - Best fitness: 12730.007
CLPSO iteration: 600/1000 - Best fitness: 13194.6706 - w: 0.420
CLPSO iteration: 250/1000 - Best fitness: 13427.1765 - w: 0.700
FIPS iteration: 1000/1000 - Best fitness: 12526.558
FIPS completed with final fitness: 12526.558

========== Planning Complete ==========
Algorithm: FIPS
Execution time: 533.1346 seconds
Path length: 323.8229 units
Waypoints: 7
Best fitness: 12526.5580
========================================

CLPSO iteration: 100/1000 - Best fitness: 14227.7728 - w: 0.820

========== Direct Global Planning ==========
Algorithm: CLPSO
Start: [0.0, 0.0, 10.0]
Goal:  [200.0, 200.0, 10.0]
============================================

Starting CLPSO (Comprehensive Learning PSO) path planning...
FIPS iteration: 600/1000 - Best fitness: 12757.979
Number of Initial feasible particles: 0/100
FIPS iteration: 1000/1000 - Best fitness: 12354.0807
FIPS completed with final fitness: 12354.0807

========== Planning Complete ==========
Algorithm: FIPS
Execution time: 546.8669 seconds
Path length: 318.4991 units
Waypoints: 7
Best fitness: 12354.0807
========================================


========== Direct Global Planning ==========
Algorithm: CLPSO
Start: [0.0, 0.0, 10.0]
Goal:  [200.0, 200.0, 10.0]
============================================

Starting CLPSO (Comprehensive Learning PSO) path planning...
Number of Initial feasible particles: 0/100
FIPS iteration: 900/1000 - Best fitness: 12839.5647
FIPS iteration: 750/1000 - Best fitness: 12730.5297
CLPSO iteration: 550/1000 - Best fitness: 12857.0218 - w: 0.460
FIPS iteration: 1000/1000 - Best fitness: 12553.0035
FIPS completed with final fitness: 12553.0035

========== Planning Complete ==========
Algorithm: FIPS
Execution time: 477.1256 seconds
Path length: 310.9937 units
Waypoints: 7
Best fitness: 12553.0035
========================================


========== Direct Global Planning ==========
Algorithm: CLPSO
Start: [0.0, 0.0, 10.0]
Goal:  [200.0, 200.0, 10.0]
============================================

Starting CLPSO (Comprehensive Learning PSO) path planning...
CLPSO iteration: 50/1000 - Best fitness: 14501.3643 - w: 0.860
Number of Initial feasible particles: 0/100
FIPS iteration: 400/1000 - Best fitness: 13062.3358
FIPS iteration: 650/1000 - Best fitness: 12730.007
FIPS iteration: 350/1000 - Best fitness: 13250.2701
FIPS iteration: 800/1000 - Best fitness: 12730.5297
FIPS iteration: 650/1000 - Best fitness: 12757.979
FIPS iteration: 950/1000 - Best fitness: 12839.5647
CLPSO iteration: 150/1000 - Best fitness: 14070.1768 - w: 0.780
CLPSO iteration: 650/1000 - Best fitness: 13182.9821 - w: 0.380
CLPSO iteration: 50/1000 - Best fitness: 14575.8078 - w: 0.860
CLPSO iteration: 50/1000 - Best fitness: 13928.8713 - w: 0.860
CLPSO iteration: 300/1000 - Best fitness: 13427.1765 - w: 0.660
FIPS iteration: 700/1000 - Best fitness: 12700.3778
FIPS iteration: 450/1000 - Best fitness: 12923.764
CLPSO iteration: 50/1000 - Best fitness: 14546.8355 - w: 0.860
CLPSO iteration: 100/1000 - Best fitness: 13850.2602 - w: 0.820
CLPSO iteration: 600/1000 - Best fitness: 12853.2756 - w: 0.420
FIPS iteration: 850/1000 - Best fitness: 12683.4273
FIPS iteration: 400/1000 - Best fitness: 12971.0534
FIPS iteration: 700/1000 - Best fitness: 12757.979
FIPS iteration: 1000/1000 - Best fitness: 12839.5647
FIPS completed with final fitness: 12839.5647

========== Planning Complete ==========
Algorithm: FIPS
Execution time: 542.3323 seconds
Path length: 314.1756 units
Waypoints: 7
Best fitness: 12839.5647
========================================


========== Direct Global Planning ==========
Algorithm: CLPSO
Start: [0.0, 0.0, 10.0]
Goal:  [200.0, 200.0, 10.0]
============================================

Starting CLPSO (Comprehensive Learning PSO) path planning...
Number of Initial feasible particles: 0/100
CLPSO iteration: 200/1000 - Best fitness: 13848.5936 - w: 0.740
FIPS iteration: 750/1000 - Best fitness: 12695.8681
FIPS iteration: 500/1000 - Best fitness: 12923.764
CLPSO iteration: 100/1000 - Best fitness: 14263.503 - w: 0.820
FIPS iteration: 900/1000 - Best fitness: 12591.4233
CLPSO iteration: 100/1000 - Best fitness: 13928.8713 - w: 0.820
CLPSO iteration: 350/1000 - Best fitness: 13427.1765 - w: 0.620
CLPSO iteration: 700/1000 - Best fitness: 13150.7109 - w: 0.340
FIPS iteration: 450/1000 - Best fitness: 12971.0534
CLPSO iteration: 100/1000 - Best fitness: 14067.3968 - w: 0.820
CLPSO iteration: 150/1000 - Best fitness: 13850.2602 - w: 0.780
CLPSO iteration: 650/1000 - Best fitness: 12852.0319 - w: 0.380
FIPS iteration: 750/1000 - Best fitness: 12757.979
FIPS iteration: 800/1000 - Best fitness: 12695.8681
FIPS iteration: 950/1000 - Best fitness: 12591.4233
CLPSO iteration: 50/1000 - Best fitness: 14444.8314 - w: 0.860
FIPS iteration: 550/1000 - Best fitness: 12923.764
CLPSO iteration: 250/1000 - Best fitness: 13838.9144 - w: 0.700
CLPSO iteration: 150/1000 - Best fitness: 14084.26 - w: 0.780
FIPS iteration: 1000/1000 - Best fitness: 12550.9498
FIPS completed with final fitness: 12550.9498

========== Planning Complete ==========
Algorithm: FIPS
Execution time: 494.1857 seconds
Path length: 298.4462 units
Waypoints: 7
Best fitness: 12550.9498
========================================


========== Direct Global Planning ==========
Algorithm: CLPSO
Start: [0.0, 0.0, 10.0]
Goal:  [200.0, 200.0, 10.0]
============================================

Starting CLPSO (Comprehensive Learning PSO) path planning...
CLPSO iteration: 150/1000 - Best fitness: 13751.8419 - w: 0.780
Number of Initial feasible particles: 0/100
FIPS iteration: 850/1000 - Best fitness: 12695.8681
CLPSO iteration: 400/1000 - Best fitness: 13427.1765 - w: 0.580
FIPS iteration: 500/1000 - Best fitness: 12971.0534
CLPSO iteration: 750/1000 - Best fitness: 13134.3103 - w: 0.300
FIPS iteration: 800/1000 - Best fitness: 12757.979
FIPS iteration: 600/1000 - Best fitness: 12923.764
CLPSO iteration: 150/1000 - Best fitness: 14067.3968 - w: 0.780
CLPSO iteration: 200/1000 - Best fitness: 13762.8963 - w: 0.740
CLPSO iteration: 700/1000 - Best fitness: 12826.8742 - w: 0.340
CLPSO iteration: 100/1000 - Best fitness: 13875.1985 - w: 0.820
CLPSO iteration: 300/1000 - Best fitness: 13655.7417 - w: 0.660
FIPS iteration: 900/1000 - Best fitness: 12655.6055
CLPSO iteration: 50/1000 - Best fitness: 14350.7477 - w: 0.860
FIPS iteration: 550/1000 - Best fitness: 12971.0534
FIPS iteration: 650/1000 - Best fitness: 12916.7979
FIPS iteration: 850/1000 - Best fitness: 12757.979
CLPSO iteration: 200/1000 - Best fitness: 13892.3071 - w: 0.740
CLPSO iteration: 200/1000 - Best fitness: 13751.8419 - w: 0.740
CLPSO iteration: 450/1000 - Best fitness: 13427.1765 - w: 0.540
CLPSO iteration: 800/1000 - Best fitness: 13130.9349 - w: 0.260
FIPS iteration: 950/1000 - Best fitness: 12655.6055
CLPSO iteration: 200/1000 - Best fitness: 13861.3843 - w: 0.740
CLPSO iteration: 250/1000 - Best fitness: 13667.3361 - w: 0.700
CLPSO iteration: 750/1000 - Best fitness: 12826.8742 - w: 0.300
CLPSO iteration: 150/1000 - Best fitness: 13715.4882 - w: 0.780
CLPSO iteration: 350/1000 - Best fitness: 13620.6409 - w: 0.620
FIPS iteration: 700/1000 - Best fitness: 12916.7979
FIPS iteration: 600/1000 - Best fitness: 12971.0534
FIPS iteration: 900/1000 - Best fitness: 12575.0413
CLPSO iteration: 100/1000 - Best fitness: 13972.6081 - w: 0.820
FIPS iteration: 1000/1000 - Best fitness: 12655.6055
FIPS completed with final fitness: 12655.6055

========== Planning Complete ==========
Algorithm: FIPS
Execution time: 500.4486 seconds
Path length: 335.1052 units
Waypoints: 7
Best fitness: 12655.6055
========================================


========== Direct Global Planning ==========
Algorithm: CLPSO
Start: [0.0, 0.0, 10.0]
Goal:  [200.0, 200.0, 10.0]
============================================

Starting CLPSO (Comprehensive Learning PSO) path planning...
Number of Initial feasible particles: 0/100
CLPSO iteration: 250/1000 - Best fitness: 13750.5252 - w: 0.700
CLPSO iteration: 250/1000 - Best fitness: 13723.9691 - w: 0.700
CLPSO iteration: 500/1000 - Best fitness: 13427.1765 - w: 0.500
FIPS iteration: 750/1000 - Best fitness: 12850.6368
CLPSO iteration: 850/1000 - Best fitness: 13130.9349 - w: 0.220
CLPSO iteration: 250/1000 - Best fitness: 13730.9718 - w: 0.700
FIPS iteration: 650/1000 - Best fitness: 12971.0534
FIPS iteration: 950/1000 - Best fitness: 12575.0413
CLPSO iteration: 400/1000 - Best fitness: 13620.6409 - w: 0.580
CLPSO iteration: 300/1000 - Best fitness: 13450.1606 - w: 0.660
CLPSO iteration: 200/1000 - Best fitness: 13533.7546 - w: 0.740
CLPSO iteration: 800/1000 - Best fitness: 12812.3291 - w: 0.260
CLPSO iteration: 150/1000 - Best fitness: 13761.4422 - w: 0.780
CLPSO iteration: 50/1000 - Best fitness: 14305.5874 - w: 0.860
FIPS iteration: 800/1000 - Best fitness: 12814.075
CLPSO iteration: 300/1000 - Best fitness: 13723.9691 - w: 0.660
CLPSO iteration: 300/1000 - Best fitness: 13703.5041 - w: 0.660
FIPS iteration: 1000/1000 - Best fitness: 12575.0413
FIPS completed with final fitness: 12575.0413

========== Planning Complete ==========
Algorithm: FIPS
Execution time: 585.4725 seconds
Path length: 305.4149 units
Waypoints: 7
Best fitness: 12575.0413
========================================


========== Direct Global Planning ==========
Algorithm: CLPSO
Start: [0.0, 0.0, 10.0]
Goal:  [200.0, 200.0, 10.0]
============================================

Starting CLPSO (Comprehensive Learning PSO) path planning...
CLPSO iteration: 550/1000 - Best fitness: 13403.0743 - w: 0.460
Number of Initial feasible particles: 0/100
FIPS iteration: 700/1000 - Best fitness: 12971.0534
CLPSO iteration: 900/1000 - Best fitness: 13130.3566 - w: 0.180
CLPSO iteration: 450/1000 - Best fitness: 13362.7561 - w: 0.540
CLPSO iteration: 300/1000 - Best fitness: 13730.9718 - w: 0.660
FIPS iteration: 850/1000 - Best fitness: 12814.075
CLPSO iteration: 250/1000 - Best fitness: 13409.7352 - w: 0.700
CLPSO iteration: 350/1000 - Best fitness: 13450.1606 - w: 0.620
CLPSO iteration: 850/1000 - Best fitness: 12811.4335 - w: 0.220
CLPSO iteration: 200/1000 - Best fitness: 13596.5638 - w: 0.740
CLPSO iteration: 100/1000 - Best fitness: 13807.0598 - w: 0.820
FIPS iteration: 750/1000 - Best fitness: 12971.0534
CLPSO iteration: 350/1000 - Best fitness: 13622.5891 - w: 0.620
CLPSO iteration: 50/1000 - Best fitness: 14408.9649 - w: 0.860
CLPSO iteration: 350/1000 - Best fitness: 13647.1225 - w: 0.620
CLPSO iteration: 600/1000 - Best fitness: 13403.0743 - w: 0.420
FIPS iteration: 900/1000 - Best fitness: 12814.075
CLPSO iteration: 500/1000 - Best fitness: 13362.7561 - w: 0.500
CLPSO iteration: 950/1000 - Best fitness: 13114.0163 - w: 0.140
CLPSO iteration: 350/1000 - Best fitness: 13597.745 - w: 0.620
CLPSO iteration: 300/1000 - Best fitness: 13165.4166 - w: 0.660
CLPSO iteration: 400/1000 - Best fitness: 13402.8543 - w: 0.580
CLPSO iteration: 250/1000 - Best fitness: 13453.6811 - w: 0.700
CLPSO iteration: 150/1000 - Best fitness: 13449.5685 - w: 0.780
CLPSO iteration: 900/1000 - Best fitness: 12811.4335 - w: 0.180
FIPS iteration: 800/1000 - Best fitness: 12714.0538
FIPS iteration: 950/1000 - Best fitness: 12814.075
CLPSO iteration: 400/1000 - Best fitness: 13533.4821 - w: 0.580
CLPSO iteration: 100/1000 - Best fitness: 14109.8413 - w: 0.820
CLPSO iteration: 400/1000 - Best fitness: 13647.1225 - w: 0.580
CLPSO iteration: 650/1000 - Best fitness: 13256.243 - w: 0.380
CLPSO iteration: 550/1000 - Best fitness: 13362.7561 - w: 0.460
FIPS iteration: 1000/1000 - Best fitness: 12806.7396
FIPS completed with final fitness: 12806.7396

========== Planning Complete ==========
Algorithm: FIPS
Execution time: 546.6412 seconds
Path length: 360.1756 units
Waypoints: 7
Best fitness: 12806.7396
========================================


========== Direct Global Planning ==========
Algorithm: CLPSO
Start: [0.0, 0.0, 10.0]
Goal:  [200.0, 200.0, 10.0]
============================================

Starting CLPSO (Comprehensive Learning PSO) path planning...
FIPS iteration: 850/1000 - Best fitness: 12714.0538
Number of Initial feasible particles: 0/100
CLPSO iteration: 200/1000 - Best fitness: 13269.4529 - w: 0.740
CLPSO iteration: 300/1000 - Best fitness: 13452.1556 - w: 0.660
CLPSO iteration: 1000/1000 - Best fitness: 13106.7619 - w: 0.100
CLPSO completed with final fitness: 13106.7619

========== Planning Complete ==========
Algorithm: CLPSO
Execution time: 728.9599 seconds
Path length: 308.6518 units
Waypoints: 7
Best fitness: 13106.7619
========================================

CLPSO iteration: 400/1000 - Best fitness: 13399.4136 - w: 0.580

========== Direct Global Planning ==========
Algorithm: SAEPSO
Start: [0.0, 0.0, 10.0]
Goal:  [200.0, 200.0, 10.0]
============================================

Starting SAEPSO-FULL (All improvements enabled)...
  Stage 1: Tent map initialization in spherical coordinates...
  Stage 2: Opposition-based learning...
  Stage 3: Main optimization loop...
CLPSO iteration: 350/1000 - Best fitness: 13165.4166 - w: 0.620
CLPSO iteration: 450/1000 - Best fitness: 13402.8543 - w: 0.540
CLPSO iteration: 950/1000 - Best fitness: 12811.4335 - w: 0.140
Iteration: 50/1000 - Best fitness: 12175.1978
CLPSO iteration: 450/1000 - Best fitness: 13329.5034 - w: 0.540
CLPSO iteration: 150/1000 - Best fitness: 13957.5022 - w: 0.780
FIPS iteration: 900/1000 - Best fitness: 12714.0538
Iteration: 100/1000 - Best fitness: 12109.6855
CLPSO iteration: 450/1000 - Best fitness: 13553.372 - w: 0.540
CLPSO iteration: 700/1000 - Best fitness: 13149.045 - w: 0.340
CLPSO iteration: 600/1000 - Best fitness: 13362.7561 - w: 0.420
CLPSO iteration: 50/1000 - Best fitness: 14341.7157 - w: 0.860
Iteration: 150/1000 - Best fitness: 12109.6855
CLPSO iteration: 250/1000 - Best fitness: 13269.4529 - w: 0.700
CLPSO iteration: 350/1000 - Best fitness: 13408.4177 - w: 0.620
CLPSO iteration: 400/1000 - Best fitness: 13165.4166 - w: 0.580
CLPSO iteration: 450/1000 - Best fitness: 13399.4136 - w: 0.540
CLPSO iteration: 500/1000 - Best fitness: 13402.8543 - w: 0.500
CLPSO iteration: 1000/1000 - Best fitness: 12811.1594 - w: 0.100
CLPSO completed with final fitness: 12811.1594

========== Planning Complete ==========
Algorithm: CLPSO
Execution time: 720.5381 seconds
Path length: 308.2257 units
Waypoints: 7
Best fitness: 12811.1594
========================================


========== Direct Global Planning ==========
Algorithm: SAEPSO
Start: [0.0, 0.0, 10.0]
Goal:  [200.0, 200.0, 10.0]
============================================

Starting SAEPSO-FULL (All improvements enabled)...
  Stage 1: Tent map initialization in spherical coordinates...
  Stage 2: Opposition-based learning...
  Stage 3: Main optimization loop...
Iteration: 200/1000 - Best fitness: 12108.7379
FIPS iteration: 950/1000 - Best fitness: 12714.0538
CLPSO iteration: 500/1000 - Best fitness: 13283.8296 - w: 0.500
Iteration: 250/1000 - Best fitness: 12108.7379
Iteration: 50/1000 - Best fitness: 12178.5492
CLPSO iteration: 200/1000 - Best fitness: 13856.4532 - w: 0.740
CLPSO iteration: 100/1000 - Best fitness: 14236.739 - w: 0.820
CLPSO iteration: 650/1000 - Best fitness: 13234.0343 - w: 0.380
CLPSO iteration: 500/1000 - Best fitness: 13439.5807 - w: 0.500
Iteration: 300/1000 - Best fitness: 12108.2789
CLPSO iteration: 750/1000 - Best fitness: 13079.7021 - w: 0.300
Iteration: 100/1000 - Best fitness: 12176.8498
CLPSO iteration: 300/1000 - Best fitness: 13269.4529 - w: 0.660
FIPS iteration: 1000/1000 - Best fitness: 12640.2217
FIPS completed with final fitness: 12640.2217

========== Planning Complete ==========
Algorithm: FIPS
Execution time: 606.3393 seconds
Path length: 301.4923 units
Waypoints: 7
Best fitness: 12640.2217
========================================


========== Direct Global Planning ==========
Algorithm: CLPSO
Start: [0.0, 0.0, 10.0]
Goal:  [200.0, 200.0, 10.0]
============================================

Starting CLPSO (Comprehensive Learning PSO) path planning...
Number of Initial feasible particles: 0/100
CLPSO iteration: 400/1000 - Best fitness: 13408.4177 - w: 0.580
Iteration: 350/1000 - Best fitness: 12108.2789
CLPSO iteration: 450/1000 - Best fitness: 13165.4166 - w: 0.540
Iteration: 150/1000 - Best fitness: 12176.2989
CLPSO iteration: 500/1000 - Best fitness: 13362.7874 - w: 0.500
CLPSO iteration: 550/1000 - Best fitness: 13402.8543 - w: 0.460
Iteration: 400/1000 - Best fitness: 12108.2789
Iteration: 200/1000 - Best fitness: 12176.2989
CLPSO iteration: 550/1000 - Best fitness: 13262.2279 - w: 0.460
Iteration: 450/1000 - Best fitness: 12108.2789
CLPSO iteration: 250/1000 - Best fitness: 13627.2015 - w: 0.700
CLPSO iteration: 150/1000 - Best fitness: 14026.5331 - w: 0.780
Iteration: 250/1000 - Best fitness: 12176.2989
CLPSO iteration: 700/1000 - Best fitness: 13234.0343 - w: 0.340
CLPSO iteration: 50/1000 - Best fitness: 14983.2981 - w: 0.860
CLPSO iteration: 550/1000 - Best fitness: 13439.5807 - w: 0.460
Iteration: 500/1000 - Best fitness: 12107.954
CLPSO iteration: 800/1000 - Best fitness: 13034.5077 - w: 0.260
CLPSO iteration: 350/1000 - Best fitness: 13269.4529 - w: 0.620
Iteration: 300/1000 - Best fitness: 12129.0914
CLPSO iteration: 450/1000 - Best fitness: 13370.6515 - w: 0.540
Iteration: 550/1000 - Best fitness: 12107.954
CLPSO iteration: 500/1000 - Best fitness: 13165.4166 - w: 0.500
Iteration: 350/1000 - Best fitness: 12109.141
CLPSO iteration: 550/1000 - Best fitness: 13362.7874 - w: 0.460
CLPSO iteration: 600/1000 - Best fitness: 13257.9982 - w: 0.420
Iteration: 600/1000 - Best fitness: 12107.954
CLPSO iteration: 600/1000 - Best fitness: 13229.0663 - w: 0.420
Iteration: 400/1000 - Best fitness: 12108.5377
CLPSO iteration: 200/1000 - Best fitness: 13888.65 - w: 0.740
CLPSO iteration: 300/1000 - Best fitness: 13621.1424 - w: 0.660
CLPSO iteration: 100/1000 - Best fitness: 14382.2157 - w: 0.820
Iteration: 650/1000 - Best fitness: 12107.954
CLPSO iteration: 750/1000 - Best fitness: 13234.0343 - w: 0.300
Iteration: 450/1000 - Best fitness: 12108.4674
CLPSO iteration: 600/1000 - Best fitness: 13410.8706 - w: 0.420
CLPSO iteration: 400/1000 - Best fitness: 13269.4529 - w: 0.580
Iteration: 700/1000 - Best fitness: 12107.954
CLPSO iteration: 850/1000 - Best fitness: 13012.307 - w: 0.220
CLPSO iteration: 500/1000 - Best fitness: 13310.3894 - w: 0.500
Iteration: 500/1000 - Best fitness: 12108.2229
CLPSO iteration: 550/1000 - Best fitness: 13165.4166 - w: 0.460
Iteration: 750/1000 - Best fitness: 12107.954
Iteration: 550/1000 - Best fitness: 12108.2229
CLPSO iteration: 600/1000 - Best fitness: 13362.7874 - w: 0.420
CLPSO iteration: 650/1000 - Best fitness: 13252.0065 - w: 0.380
Iteration: 800/1000 - Best fitness: 12107.954
CLPSO iteration: 650/1000 - Best fitness: 13175.8498 - w: 0.380
CLPSO iteration: 150/1000 - Best fitness: 14093.4024 - w: 0.780
Iteration: 600/1000 - Best fitness: 12108.2229
CLPSO iteration: 250/1000 - Best fitness: 13881.6563 - w: 0.700
CLPSO iteration: 350/1000 - Best fitness: 13405.2573 - w: 0.620
CLPSO iteration: 800/1000 - Best fitness: 13233.4946 - w: 0.260
Iteration: 850/1000 - Best fitness: 12107.954
Iteration: 650/1000 - Best fitness: 12108.2229
CLPSO iteration: 450/1000 - Best fitness: 13153.9442 - w: 0.540
CLPSO iteration: 650/1000 - Best fitness: 13410.8706 - w: 0.380
Iteration: 900/1000 - Best fitness: 12107.954
CLPSO iteration: 900/1000 - Best fitness: 12959.2783 - w: 0.180
CLPSO iteration: 550/1000 - Best fitness: 13235.5383 - w: 0.460
Iteration: 700/1000 - Best fitness: 12107.9757
CLPSO iteration: 600/1000 - Best fitness: 13165.4166 - w: 0.420
Iteration: 950/1000 - Best fitness: 12107.954
Iteration: 750/1000 - Best fitness: 12107.9757
CLPSO iteration: 200/1000 - Best fitness: 14008.1894 - w: 0.740
CLPSO iteration: 650/1000 - Best fitness: 13215.1412 - w: 0.380
CLPSO iteration: 700/1000 - Best fitness: 13252.0065 - w: 0.340
Iteration: 1000/1000 - Best fitness: 12107.954
SAEPSO-FULL completed with final fitness: 12107.954

========== Planning Complete ==========
Algorithm: SAEPSO
Execution time: 225.1980 seconds
Path length: 364.2189 units
Waypoints: 7
Best fitness: 12107.9540
========================================


========== Direct Global Planning ==========
Algorithm: SAEPSO
Start: [0.0, 0.0, 10.0]
Goal:  [200.0, 200.0, 10.0]
============================================

Starting SAEPSO-ParamsOnly (Parameter control strategy only)...
  Initialization: Random Cartesian coordinates...
CLPSO iteration: 700/1000 - Best fitness: 13163.4008 - w: 0.340
  Stage 3: Main optimization loop...
Iteration: 800/1000 - Best fitness: 12107.9757
CLPSO iteration: 300/1000 - Best fitness: 13760.7001 - w: 0.660
Iteration: 50/1000 - Best fitness: 13891.0588
CLPSO iteration: 400/1000 - Best fitness: 13282.4462 - w: 0.580
CLPSO iteration: 850/1000 - Best fitness: 13008.1423 - w: 0.220
Iteration: 100/1000 - Best fitness: 13095.9397
Iteration: 150/1000 - Best fitness: 12683.9872
CLPSO iteration: 500/1000 - Best fitness: 13072.4631 - w: 0.500
Iteration: 850/1000 - Best fitness: 12107.9757
Iteration: 200/1000 - Best fitness: 12478.9261
CLPSO iteration: 700/1000 - Best fitness: 13376.106 - w: 0.340
Iteration: 250/1000 - Best fitness: 12417.6167
CLPSO iteration: 600/1000 - Best fitness: 13235.5383 - w: 0.420
Iteration: 900/1000 - Best fitness: 12107.9725
CLPSO iteration: 950/1000 - Best fitness: 12959.2783 - w: 0.140
Iteration: 300/1000 - Best fitness: 12399.102
CLPSO iteration: 650/1000 - Best fitness: 13160.5291 - w: 0.380
CLPSO iteration: 250/1000 - Best fitness: 13929.7892 - w: 0.700
Iteration: 350/1000 - Best fitness: 12373.089
Iteration: 400/1000 - Best fitness: 12331.1145
Iteration: 950/1000 - Best fitness: 12107.9725
Iteration: 450/1000 - Best fitness: 12300.2692
CLPSO iteration: 750/1000 - Best fitness: 13115.1336 - w: 0.300
CLPSO iteration: 750/1000 - Best fitness: 13045.6811 - w: 0.300
CLPSO iteration: 700/1000 - Best fitness: 13215.1412 - w: 0.340
Iteration: 500/1000 - Best fitness: 12292.4093
CLPSO iteration: 350/1000 - Best fitness: 13493.0879 - w: 0.620
CLPSO iteration: 450/1000 - Best fitness: 13274.9944 - w: 0.540
Iteration: 1000/1000 - Best fitness: 12107.9725
SAEPSO-FULL completed with final fitness: 12107.9725

========== Planning Complete ==========
Algorithm: SAEPSO
Execution time: 214.4537 seconds
Path length: 364.2274 units
Waypoints: 7
Best fitness: 12107.9725
========================================


========== Direct Global Planning ==========
Algorithm: SAEPSO
Start: [0.0, 0.0, 10.0]
Goal:  [200.0, 200.0, 10.0]
============================================

Starting SAEPSO-ParamsOnly (Parameter control strategy only)...
  Initialization: Random Cartesian coordinates...
  Stage 3: Main optimization loop...
Iteration: 550/1000 - Best fitness: 12286.5441
CLPSO iteration: 900/1000 - Best fitness: 13008.1423 - w: 0.180
Iteration: 50/1000 - Best fitness: 13021.9707
Iteration: 600/1000 - Best fitness: 12284.8692
CLPSO iteration: 550/1000 - Best fitness: 13072.4631 - w: 0.460
Iteration: 100/1000 - Best fitness: 12859.8224
Iteration: 650/1000 - Best fitness: 12238.5791
Iteration: 150/1000 - Best fitness: 12595.8035
Iteration: 700/1000 - Best fitness: 12213.5918
CLPSO iteration: 750/1000 - Best fitness: 13279.9587 - w: 0.300
CLPSO iteration: 650/1000 - Best fitness: 13141.4003 - w: 0.380
Iteration: 200/1000 - Best fitness: 12542.9809
Iteration: 750/1000 - Best fitness: 12209.3096
CLPSO iteration: 1000/1000 - Best fitness: 12956.0147 - w: 0.100
CLPSO completed with final fitness: 12956.0147

========== Planning Complete ==========
Algorithm: CLPSO
Execution time: 764.4189 seconds
Path length: 326.1308 units
Waypoints: 7
Best fitness: 12956.0147
========================================

Iteration: 250/1000 - Best fitness: 12469.7192

========== Direct Global Planning ==========
Algorithm: SAEPSO
Start: [0.0, 0.0, 10.0]
Goal:  [200.0, 200.0, 10.0]
============================================

Starting SAEPSO-FULL (All improvements enabled)...
  Stage 1: Tent map initialization in spherical coordinates...
  Stage 2: Opposition-based learning...
  Stage 3: Main optimization loop...
Iteration: 800/1000 - Best fitness: 12208.521
CLPSO iteration: 300/1000 - Best fitness: 13768.2714 - w: 0.660
CLPSO iteration: 700/1000 - Best fitness: 13160.5291 - w: 0.340
Iteration: 300/1000 - Best fitness: 12422.8877
Iteration: 850/1000 - Best fitness: 12208.1594
Iteration: 900/1000 - Best fitness: 12208.0724
Iteration: 350/1000 - Best fitness: 12371.7032
Iteration: 400/1000 - Best fitness: 12341.2407
Iteration: 50/1000 - Best fitness: 12179.6231
Iteration: 950/1000 - Best fitness: 12208.0498
CLPSO iteration: 800/1000 - Best fitness: 13097.4805 - w: 0.260
CLPSO iteration: 400/1000 - Best fitness: 13493.0879 - w: 0.580
CLPSO iteration: 800/1000 - Best fitness: 13037.7003 - w: 0.260
Iteration: 450/1000 - Best fitness: 12324.5953
Iteration: 1000/1000 - Best fitness: 12208.0435
SAEPSO-ParamsOnly completed with final fitness: 12208.0435

========== Planning Complete ==========
Algorithm: SAEPSO
Execution time: 71.5971 seconds
Path length: 320.5993 units
Waypoints: 7
Best fitness: 12208.0435
========================================

CLPSO iteration: 750/1000 - Best fitness: 13215.1412 - w: 0.300

========== Direct Global Planning ==========
Algorithm: UAPSO
Start: [0.0, 0.0, 10.0]
Goal:  [200.0, 200.0, 10.0]
============================================

Starting UAPSO global path planning...
CLPSO iteration: 500/1000 - Best fitness: 13257.646 - w: 0.500
Initial feasible particles: 0/100
Iteration: 500/1000 - Best fitness: 12268.827
CLPSO iteration: 950/1000 - Best fitness: 13008.1423 - w: 0.140
Iteration: 100/1000 - Best fitness: 12176.5656
Iteration: 550/1000 - Best fitness: 12200.7825
CLPSO iteration: 600/1000 - Best fitness: 13072.4631 - w: 0.420
Iteration: 600/1000 - Best fitness: 12186.6376
Iteration: 650/1000 - Best fitness: 12177.5392
Iteration: 150/1000 - Best fitness: 12108.3928
CLPSO iteration: 800/1000 - Best fitness: 13225.4669 - w: 0.260
CLPSO iteration: 700/1000 - Best fitness: 13088.5137 - w: 0.340
Iteration: 700/1000 - Best fitness: 12169.4155
CLPSO iteration: 350/1000 - Best fitness: 13413.8267 - w: 0.620
Iteration: 750/1000 - Best fitness: 12165.0802
CLPSO iteration: 750/1000 - Best fitness: 13160.5291 - w: 0.300
Iteration: 200/1000 - Best fitness: 12108.3928
Iteration: 800/1000 - Best fitness: 12162.9144
Iteration: 850/1000 - Best fitness: 12158.0335
Iteration: 900/1000 - Best fitness: 12156.9804
CLPSO iteration: 850/1000 - Best fitness: 13092.0837 - w: 0.220
CLPSO iteration: 450/1000 - Best fitness: 13342.6203 - w: 0.540
Iteration: 250/1000 - Best fitness: 12108.3928
CLPSO iteration: 550/1000 - Best fitness: 13109.9912 - w: 0.460
CLPSO iteration: 850/1000 - Best fitness: 13037.7003 - w: 0.220
Iteration: 950/1000 - Best fitness: 12156.5907
CLPSO iteration: 800/1000 - Best fitness: 13215.1412 - w: 0.260
CLPSO iteration: 1000/1000 - Best fitness: 13008.1423 - w: 0.100
CLPSO completed with final fitness: 13008.1423

========== Planning Complete ==========
Algorithm: CLPSO
Execution time: 712.6725 seconds
Path length: 311.8491 units
Waypoints: 7
Best fitness: 13008.1423
========================================


========== Direct Global Planning ==========
Algorithm: SAEPSO
Start: [0.0, 0.0, 10.0]
Goal:  [200.0, 200.0, 10.0]
============================================

Starting SAEPSO-FULL (All improvements enabled)...
  Stage 1: Tent map initialization in spherical coordinates...
  Stage 2: Opposition-based learning...
  Stage 3: Main optimization loop...
Iteration: 1000/1000 - Best fitness: 12156.3332
SAEPSO-ParamsOnly completed with final fitness: 12156.3332

========== Planning Complete ==========
Algorithm: SAEPSO
Execution time: 72.2318 seconds
Path length: 315.9168 units
Waypoints: 7
Best fitness: 12156.3332
========================================


========== Direct Global Planning ==========
Algorithm: UAPSO
Start: [0.0, 0.0, 10.0]
Goal:  [200.0, 200.0, 10.0]
============================================

Starting UAPSO global path planning...
Initial feasible particles: 0/100
CLPSO iteration: 650/1000 - Best fitness: 13072.4631 - w: 0.380
Iteration: 300/1000 - Best fitness: 12108.3928
Iteration: 50/1000 - Best fitness: 12108.2203
UAPSO iteration 50/1000 - Best fitness: 14611.5991
CLPSO iteration: 850/1000 - Best fitness: 13225.4669 - w: 0.220
Iteration: 350/1000 - Best fitness: 12107.9773
CLPSO iteration: 750/1000 - Best fitness: 13088.5137 - w: 0.300
CLPSO iteration: 400/1000 - Best fitness: 13213.4472 - w: 0.580
Iteration: 100/1000 - Best fitness: 12108.2203
CLPSO iteration: 800/1000 - Best fitness: 13146.0796 - w: 0.260
Iteration: 400/1000 - Best fitness: 12107.9773
CLPSO iteration: 900/1000 - Best fitness: 13087.2752 - w: 0.180
Iteration: 150/1000 - Best fitness: 12105.9223
Iteration: 450/1000 - Best fitness: 12107.9773
CLPSO iteration: 500/1000 - Best fitness: 13290.4139 - w: 0.500
CLPSO iteration: 600/1000 - Best fitness: 13109.9912 - w: 0.420
CLPSO iteration: 900/1000 - Best fitness: 12922.6167 - w: 0.180
CLPSO iteration: 850/1000 - Best fitness: 13079.1518 - w: 0.220
CLPSO iteration: 700/1000 - Best fitness: 13072.4631 - w: 0.340
Iteration: 200/1000 - Best fitness: 12105.9223
Iteration: 500/1000 - Best fitness: 12107.9773
CLPSO iteration: 900/1000 - Best fitness: 13126.0186 - w: 0.180
Iteration: 250/1000 - Best fitness: 12105.4449
CLPSO iteration: 800/1000 - Best fitness: 13065.8635 - w: 0.260
CLPSO iteration: 450/1000 - Best fitness: 13213.4472 - w: 0.540
Iteration: 550/1000 - Best fitness: 12107.9773
UAPSO iteration 50/1000 - Best fitness: 14236.2971
CLPSO iteration: 850/1000 - Best fitness: 13080.1462 - w: 0.220
Iteration: 600/1000 - Best fitness: 12107.9773
Iteration: 300/1000 - Best fitness: 12105.4449
UAPSO iteration 100/1000 - Best fitness: 14611.5991
CLPSO iteration: 950/1000 - Best fitness: 12974.6892 - w: 0.140
Iteration: 650/1000 - Best fitness: 12107.9773
Iteration: 350/1000 - Best fitness: 12105.4449
CLPSO iteration: 550/1000 - Best fitness: 13290.4139 - w: 0.460
CLPSO iteration: 650/1000 - Best fitness: 13065.2688 - w: 0.380
CLPSO iteration: 950/1000 - Best fitness: 12922.6167 - w: 0.140
CLPSO iteration: 750/1000 - Best fitness: 13072.4631 - w: 0.300
CLPSO iteration: 900/1000 - Best fitness: 13054.488 - w: 0.180
Iteration: 700/1000 - Best fitness: 12107.9773
Iteration: 400/1000 - Best fitness: 12105.4449
CLPSO iteration: 500/1000 - Best fitness: 13211.0839 - w: 0.500
CLPSO iteration: 950/1000 - Best fitness: 13054.9391 - w: 0.140
Iteration: 450/1000 - Best fitness: 12104.5951
Iteration: 750/1000 - Best fitness: 12107.9773
CLPSO iteration: 850/1000 - Best fitness: 12910.409 - w: 0.220
CLPSO iteration: 900/1000 - Best fitness: 13058.0699 - w: 0.180
Iteration: 800/1000 - Best fitness: 12107.9773
Iteration: 500/1000 - Best fitness: 12104.2224
CLPSO iteration: 1000/1000 - Best fitness: 12974.6892 - w: 0.100
CLPSO completed with final fitness: 12974.6892

========== Planning Complete ==========
Algorithm: CLPSO
Execution time: 752.8615 seconds
Path length: 318.9223 units
Waypoints: 7
Best fitness: 12974.6892
========================================


========== Direct Global Planning ==========
Algorithm: SAEPSO
Start: [0.0, 0.0, 10.0]
Goal:  [200.0, 200.0, 10.0]
============================================

Starting SAEPSO-FULL (All improvements enabled)...
  Stage 1: Tent map initialization in spherical coordinates...
  Stage 2: Opposition-based learning...
  Stage 3: Main optimization loop...
Iteration: 850/1000 - Best fitness: 12107.9773
Iteration: 550/1000 - Best fitness: 12104.2224
CLPSO iteration: 600/1000 - Best fitness: 13290.4139 - w: 0.420
CLPSO iteration: 700/1000 - Best fitness: 13003.4083 - w: 0.340
CLPSO iteration: 1000/1000 - Best fitness: 12922.6167 - w: 0.100
CLPSO completed with final fitness: 12922.6167

========== Planning Complete ==========
Algorithm: CLPSO
Execution time: 785.5478 seconds
Path length: 296.8120 units
Waypoints: 7
Best fitness: 12922.6167
========================================


========== Direct Global Planning ==========
Algorithm: SAEPSO
Start: [0.0, 0.0, 10.0]
Goal:  [200.0, 200.0, 10.0]
============================================

Starting SAEPSO-FULL (All improvements enabled)...
  Stage 1: Tent map initialization in spherical coordinates...
  Stage 2: Opposition-based learning...
  Stage 3: Main optimization loop...
UAPSO iteration 100/1000 - Best fitness: 14236.2971
CLPSO iteration: 800/1000 - Best fitness: 13011.4089 - w: 0.260
Iteration: 50/1000 - Best fitness: 12167.7788
CLPSO iteration: 950/1000 - Best fitness: 13054.488 - w: 0.140
Iteration: 600/1000 - Best fitness: 12104.2224
Iteration: 900/1000 - Best fitness: 12107.9773
UAPSO iteration 150/1000 - Best fitness: 14611.5991
CLPSO iteration: 550/1000 - Best fitness: 13211.0728 - w: 0.460
Iteration: 50/1000 - Best fitness: 12112.8795
Iteration: 100/1000 - Best fitness: 12109.4477
CLPSO iteration: 1000/1000 - Best fitness: 13054.9391 - w: 0.100
CLPSO completed with final fitness: 13054.9391

========== Planning Complete ==========
Algorithm: CLPSO
Execution time: 777.8704 seconds
Path length: 312.4458 units
Waypoints: 7
Best fitness: 13054.9391
========================================


========== Direct Global Planning ==========
Algorithm: SAEPSO
Start: [0.0, 0.0, 10.0]
Goal:  [200.0, 200.0, 10.0]
============================================

Starting SAEPSO-FULL (All improvements enabled)...
  Stage 1: Tent map initialization in spherical coordinates...
  Stage 2: Opposition-based learning...
  Stage 3: Main optimization loop...
CLPSO iteration: 900/1000 - Best fitness: 12910.409 - w: 0.180
Iteration: 950/1000 - Best fitness: 12107.9364
Iteration: 650/1000 - Best fitness: 12102.8753
CLPSO iteration: 950/1000 - Best fitness: 13058.0699 - w: 0.140
Iteration: 100/1000 - Best fitness: 12109.664
Iteration: 150/1000 - Best fitness: 12107.9599
Iteration: 50/1000 - Best fitness: 12177.4805
Iteration: 1000/1000 - Best fitness: 12107.9364
SAEPSO-FULL completed with final fitness: 12107.9364

========== Planning Complete ==========
Algorithm: SAEPSO
Execution time: 187.1007 seconds
Path length: 364.2107 units
Waypoints: 7
Best fitness: 12107.9364
========================================


========== Direct Global Planning ==========
Algorithm: SAEPSO
Start: [0.0, 0.0, 10.0]
Goal:  [200.0, 200.0, 10.0]
============================================

Starting SAEPSO-ParamsOnly (Parameter control strategy only)...
  Initialization: Random Cartesian coordinates...
Iteration: 700/1000 - Best fitness: 12102.5738
  Stage 3: Main optimization loop...
Iteration: 50/1000 - Best fitness: 13109.3957
Iteration: 200/1000 - Best fitness: 12107.9599
Iteration: 150/1000 - Best fitness: 12108.4528
Iteration: 100/1000 - Best fitness: 12785.1416
CLPSO iteration: 650/1000 - Best fitness: 13218.2306 - w: 0.380
CLPSO iteration: 750/1000 - Best fitness: 12903.2843 - w: 0.300
Iteration: 100/1000 - Best fitness: 12177.4805
Iteration: 750/1000 - Best fitness: 12102.5738
Iteration: 150/1000 - Best fitness: 12719.6582
CLPSO iteration: 850/1000 - Best fitness: 13010.5953 - w: 0.220
Iteration: 200/1000 - Best fitness: 12587.7226
Iteration: 250/1000 - Best fitness: 12107.9599
Iteration: 200/1000 - Best fitness: 12108.1058
CLPSO iteration: 1000/1000 - Best fitness: 13054.488 - w: 0.100
CLPSO completed with final fitness: 13054.488

========== Planning Complete ==========
Algorithm: CLPSO
Execution time: 795.2608 seconds
Path length: 332.6061 units
Waypoints: 7
Best fitness: 13054.4880
========================================


========== Direct Global Planning ==========
Algorithm: SAEPSO
Start: [0.0, 0.0, 10.0]
Goal:  [200.0, 200.0, 10.0]
============================================

Starting SAEPSO-FULL (All improvements enabled)...
  Stage 1: Tent map initialization in spherical coordinates...
  Stage 2: Opposition-based learning...
  Stage 3: Main optimization loop...
Iteration: 250/1000 - Best fitness: 12569.8183
Iteration: 800/1000 - Best fitness: 12102.3672
Iteration: 150/1000 - Best fitness: 12176.8967
CLPSO iteration: 600/1000 - Best fitness: 13208.2758 - w: 0.420
Iteration: 300/1000 - Best fitness: 12465.579
Iteration: 250/1000 - Best fitness: 12108.0245
Iteration: 300/1000 - Best fitness: 12107.9599
CLPSO iteration: 950/1000 - Best fitness: 12910.409 - w: 0.140
Iteration: 350/1000 - Best fitness: 12421.3023
Iteration: 50/1000 - Best fitness: 12178.8301
Iteration: 200/1000 - Best fitness: 12176.3924
Iteration: 850/1000 - Best fitness: 12102.3672
Iteration: 400/1000 - Best fitness: 12399.2682
UAPSO iteration 150/1000 - Best fitness: 14236.2971
CLPSO iteration: 1000/1000 - Best fitness: 13058.0699 - w: 0.100
CLPSO completed with final fitness: 13058.0699

========== Planning Complete ==========
Algorithm: CLPSO
Execution time: 766.8204 seconds
Path length: 337.5795 units
Waypoints: 7
Best fitness: 13058.0699
========================================

Iteration: 450/1000 - Best fitness: 12378.3843

========== Direct Global Planning ==========
Algorithm: SAEPSO
Start: [0.0, 0.0, 10.0]
Goal:  [200.0, 200.0, 10.0]
============================================

Starting SAEPSO-FULL (All improvements enabled)...
  Stage 1: Tent map initialization in spherical coordinates...
  Stage 2: Opposition-based learning...
  Stage 3: Main optimization loop...
Iteration: 350/1000 - Best fitness: 12107.9599
Iteration: 300/1000 - Best fitness: 12108.0245
UAPSO iteration 200/1000 - Best fitness: 14611.5991
Iteration: 100/1000 - Best fitness: 12176.2627
Iteration: 500/1000 - Best fitness: 12370.7433
Iteration: 250/1000 - Best fitness: 12176.3924
Iteration: 900/1000 - Best fitness: 12102.3672
Iteration: 550/1000 - Best fitness: 12365.6877
Iteration: 400/1000 - Best fitness: 12107.9599
CLPSO iteration: 800/1000 - Best fitness: 12903.2843 - w: 0.260
Iteration: 50/1000 - Best fitness: 12179.6231
Iteration: 350/1000 - Best fitness: 12107.9422
CLPSO iteration: 700/1000 - Best fitness: 13210.4266 - w: 0.340
Iteration: 600/1000 - Best fitness: 12361.4423
Iteration: 300/1000 - Best fitness: 12108.0341
Iteration: 150/1000 - Best fitness: 12108.5922
Iteration: 950/1000 - Best fitness: 12102.2331
CLPSO iteration: 900/1000 - Best fitness: 13010.5953 - w: 0.180
Iteration: 650/1000 - Best fitness: 12360.609
Iteration: 700/1000 - Best fitness: 12360.3154
Iteration: 450/1000 - Best fitness: 12107.9599
Iteration: 400/1000 - Best fitness: 12107.9422
Iteration: 100/1000 - Best fitness: 12176.3573
CLPSO iteration: 650/1000 - Best fitness: 13205.2249 - w: 0.380
Iteration: 750/1000 - Best fitness: 12360.1988
Iteration: 350/1000 - Best fitness: 12108.0341
Iteration: 200/1000 - Best fitness: 12108.5922
Iteration: 1000/1000 - Best fitness: 12102.2331
SAEPSO-FULL completed with final fitness: 12102.2331

========== Planning Complete ==========
Algorithm: SAEPSO
Execution time: 194.1611 seconds
Path length: 360.8816 units
Waypoints: 7
Best fitness: 12102.2331
========================================


========== Direct Global Planning ==========
Algorithm: SAEPSO
Start: [0.0, 0.0, 10.0]
Goal:  [200.0, 200.0, 10.0]
============================================

Starting SAEPSO-ParamsOnly (Parameter control strategy only)...
  Initialization: Random Cartesian coordinates...
  Stage 3: Main optimization loop...
Iteration: 800/1000 - Best fitness: 12360.1721
Iteration: 50/1000 - Best fitness: 13098.2529
CLPSO iteration: 1000/1000 - Best fitness: 12904.529 - w: 0.100
CLPSO completed with final fitness: 12904.529

========== Planning Complete ==========
Algorithm: CLPSO
Execution time: 741.4014 seconds
Path length: 321.9909 units
Waypoints: 7
Best fitness: 12904.5290
========================================


========== Direct Global Planning ==========
Algorithm: SAEPSO
Start: [0.0, 0.0, 10.0]
Goal:  [200.0, 200.0, 10.0]
============================================

Starting SAEPSO-FULL (All improvements enabled)...
  Stage 1: Tent map initialization in spherical coordinates...
  Stage 2: Opposition-based learning...
Iteration: 500/1000 - Best fitness: 12107.9599
  Stage 3: Main optimization loop...
Iteration: 450/1000 - Best fitness: 12107.9422
Iteration: 850/1000 - Best fitness: 12356.7737
Iteration: 150/1000 - Best fitness: 12176.3573
Iteration: 100/1000 - Best fitness: 12908.6649
Iteration: 400/1000 - Best fitness: 12108.0341
Iteration: 250/1000 - Best fitness: 12108.0938
Iteration: 900/1000 - Best fitness: 12356.6325
Iteration: 150/1000 - Best fitness: 12826.7103
Iteration: 950/1000 - Best fitness: 12356.6058
Iteration: 550/1000 - Best fitness: 12107.9599
Iteration: 200/1000 - Best fitness: 12590.6749
Iteration: 500/1000 - Best fitness: 12107.9422
Iteration: 50/1000 - Best fitness: 12108.1725
Iteration: 300/1000 - Best fitness: 12108.0938
Iteration: 1000/1000 - Best fitness: 12356.5998
SAEPSO-ParamsOnly completed with final fitness: 12356.5998

========== Planning Complete ==========
Algorithm: SAEPSO
Execution time: 77.5852 seconds
Path length: 307.2784 units
Waypoints: 7
Best fitness: 12356.5998
========================================


========== Direct Global Planning ==========
Algorithm: UAPSO
Start: [0.0, 0.0, 10.0]
Goal:  [200.0, 200.0, 10.0]
============================================

Starting UAPSO global path planning...
Iteration: 200/1000 - Best fitness: 12176.3573
Iteration: 450/1000 - Best fitness: 12108.0341
Initial feasible particles: 0/100
Iteration: 250/1000 - Best fitness: 12553.8217
Iteration: 300/1000 - Best fitness: 12475.1071
CLPSO iteration: 850/1000 - Best fitness: 12898.3939 - w: 0.220
Iteration: 600/1000 - Best fitness: 12107.9599
CLPSO iteration: 750/1000 - Best fitness: 13210.4266 - w: 0.300
Iteration: 550/1000 - Best fitness: 12107.9422
Iteration: 100/1000 - Best fitness: 12108.1725
Iteration: 350/1000 - Best fitness: 12108.0938
Iteration: 350/1000 - Best fitness: 12453.4631
Iteration: 250/1000 - Best fitness: 12176.2923
Iteration: 500/1000 - Best fitness: 12108.0341
CLPSO iteration: 950/1000 - Best fitness: 13004.7976 - w: 0.140
Iteration: 400/1000 - Best fitness: 12409.7929
UAPSO iteration 250/1000 - Best fitness: 14611.5991
Iteration: 650/1000 - Best fitness: 12107.9491
UAPSO iteration 200/1000 - Best fitness: 14236.2971
Iteration: 600/1000 - Best fitness: 12107.9422
Iteration: 450/1000 - Best fitness: 12336.4368
CLPSO iteration: 700/1000 - Best fitness: 13191.5848 - w: 0.340
Iteration: 400/1000 - Best fitness: 12108.0938
Iteration: 150/1000 - Best fitness: 12105.104
Iteration: 550/1000 - Best fitness: 12108.0341
Iteration: 300/1000 - Best fitness: 12176.2923
Iteration: 500/1000 - Best fitness: 12292.0083
Iteration: 700/1000 - Best fitness: 12107.9491
Iteration: 550/1000 - Best fitness: 12258.6243
Iteration: 650/1000 - Best fitness: 12107.9422
Iteration: 450/1000 - Best fitness: 12108.0938
Iteration: 200/1000 - Best fitness: 12105.104
Iteration: 600/1000 - Best fitness: 12108.0341
Iteration: 600/1000 - Best fitness: 12225.5122
Iteration: 350/1000 - Best fitness: 12108.5536
Iteration: 650/1000 - Best fitness: 12183.08
Iteration: 750/1000 - Best fitness: 12107.9392
Iteration: 500/1000 - Best fitness: 12108.0172
Iteration: 700/1000 - Best fitness: 12172.5944
Iteration: 700/1000 - Best fitness: 12107.9422
Iteration: 250/1000 - Best fitness: 12105.104
Iteration: 650/1000 - Best fitness: 12108.0341
Iteration: 400/1000 - Best fitness: 12108.5536
Iteration: 750/1000 - Best fitness: 12168.8432
CLPSO iteration: 900/1000 - Best fitness: 12898.3939 - w: 0.180
Iteration: 800/1000 - Best fitness: 12107.9392
Iteration: 800/1000 - Best fitness: 12167.84
CLPSO iteration: 800/1000 - Best fitness: 13210.4266 - w: 0.260
Iteration: 750/1000 - Best fitness: 12107.9422
Iteration: 550/1000 - Best fitness: 12107.9859
CLPSO iteration: 1000/1000 - Best fitness: 13004.7976 - w: 0.100
CLPSO completed with final fitness: 13004.7976

========== Planning Complete ==========
Algorithm: CLPSO
Execution time: 735.0006 seconds
Path length: 298.3749 units
Waypoints: 7
Best fitness: 13004.7976
========================================


========== Direct Global Planning ==========
Algorithm: SAEPSO
Start: [0.0, 0.0, 10.0]
Goal:  [200.0, 200.0, 10.0]
============================================

Starting SAEPSO-FULL (All improvements enabled)...
  Stage 1: Tent map initialization in spherical coordinates...
  Stage 2: Opposition-based learning...
  Stage 3: Main optimization loop...
Iteration: 850/1000 - Best fitness: 12167.6219
Iteration: 300/1000 - Best fitness: 12105.104
Iteration: 700/1000 - Best fitness: 12107.9742
Iteration: 450/1000 - Best fitness: 12108.5536
Iteration: 900/1000 - Best fitness: 12167.545
Iteration: 850/1000 - Best fitness: 12107.9392
CLPSO iteration: 750/1000 - Best fitness: 13184.9243 - w: 0.300
Iteration: 600/1000 - Best fitness: 12107.9859
Iteration: 800/1000 - Best fitness: 12107.9422
Iteration: 950/1000 - Best fitness: 12167.5215
Iteration: 750/1000 - Best fitness: 12107.9456
Iteration: 50/1000 - Best fitness: 12128.5385
Iteration: 350/1000 - Best fitness: 12105.104
Iteration: 500/1000 - Best fitness: 12108.082
Iteration: 1000/1000 - Best fitness: 12167.5145
SAEPSO-ParamsOnly completed with final fitness: 12167.5145

========== Planning Complete ==========
Algorithm: SAEPSO
Execution time: 74.9184 seconds
Path length: 322.4847 units
Waypoints: 7
Best fitness: 12167.5145
========================================


========== Direct Global Planning ==========
Algorithm: UAPSO
Start: [0.0, 0.0, 10.0]
Goal:  [200.0, 200.0, 10.0]
============================================

Starting UAPSO global path planning...
Initial feasible particles: 0/100
Iteration: 900/1000 - Best fitness: 12107.9392
Iteration: 650/1000 - Best fitness: 12107.9859
UAPSO iteration 50/1000 - Best fitness: 14672.6673
Iteration: 850/1000 - Best fitness: 12107.9422
Iteration: 800/1000 - Best fitness: 12107.9456
Iteration: 400/1000 - Best fitness: 12105.104
Iteration: 550/1000 - Best fitness: 12107.9661
Iteration: 100/1000 - Best fitness: 12108.0651
UAPSO iteration 300/1000 - Best fitness: 14611.5991
Iteration: 700/1000 - Best fitness: 12107.9859
Iteration: 950/1000 - Best fitness: 12107.9392
Iteration: 900/1000 - Best fitness: 12107.9422
UAPSO iteration 250/1000 - Best fitness: 14236.2971
Iteration: 850/1000 - Best fitness: 12107.9456
Iteration: 450/1000 - Best fitness: 12103.8377
Iteration: 600/1000 - Best fitness: 12107.9661
Iteration: 150/1000 - Best fitness: 12108.0651
CLPSO iteration: 950/1000 - Best fitness: 12898.3939 - w: 0.140
Iteration: 1000/1000 - Best fitness: 12102.4469
SAEPSO-FULL completed with final fitness: 12102.4469

========== Planning Complete ==========
Algorithm: SAEPSO
Execution time: 190.9561 seconds
Path length: 361.0884 units
Waypoints: 7
Best fitness: 12102.4469
========================================


========== Direct Global Planning ==========
Algorithm: SAEPSO
Start: [0.0, 0.0, 10.0]
Goal:  [200.0, 200.0, 10.0]
============================================

Starting SAEPSO-ParamsOnly (Parameter control strategy only)...
  Initialization: Random Cartesian coordinates...
Iteration: 750/1000 - Best fitness: 12107.9859
CLPSO iteration: 850/1000 - Best fitness: 13180.5938 - w: 0.220
  Stage 3: Main optimization loop...
Iteration: 950/1000 - Best fitness: 12107.9422
Iteration: 900/1000 - Best fitness: 12107.9413
Iteration: 650/1000 - Best fitness: 12107.9661
Iteration: 50/1000 - Best fitness: 12990.1442
Iteration: 500/1000 - Best fitness: 12103.8377
Iteration: 200/1000 - Best fitness: 12108.0535
Iteration: 100/1000 - Best fitness: 12897.3387
CLPSO iteration: 800/1000 - Best fitness: 13184.7827 - w: 0.260
Iteration: 800/1000 - Best fitness: 12107.952
Iteration: 950/1000 - Best fitness: 12107.9413
Iteration: 150/1000 - Best fitness: 12638.4389
Iteration: 1000/1000 - Best fitness: 12107.9407
SAEPSO-FULL completed with final fitness: 12107.9407

========== Planning Complete ==========
Algorithm: SAEPSO
Execution time: 193.1967 seconds
Path length: 364.2127 units
Waypoints: 7
Best fitness: 12107.9407
========================================


========== Direct Global Planning ==========
Algorithm: SAEPSO
Start: [0.0, 0.0, 10.0]
Goal:  [200.0, 200.0, 10.0]
============================================

Starting SAEPSO-ParamsOnly (Parameter control strategy only)...
  Initialization: Random Cartesian coordinates...
  Stage 3: Main optimization loop...
Iteration: 700/1000 - Best fitness: 12107.9661
Iteration: 200/1000 - Best fitness: 12439.8723
Iteration: 550/1000 - Best fitness: 12103.8377
Iteration: 250/1000 - Best fitness: 12108.0535
Iteration: 50/1000 - Best fitness: 12850.4166
Iteration: 850/1000 - Best fitness: 12107.952
Iteration: 250/1000 - Best fitness: 12371.0187
Iteration: 100/1000 - Best fitness: 12662.0906
Iteration: 1000/1000 - Best fitness: 12107.9386
SAEPSO-FULL completed with final fitness: 12107.9386

========== Planning Complete ==========
Algorithm: SAEPSO
Execution time: 187.3636 seconds
Path length: 364.2117 units
Waypoints: 7
Best fitness: 12107.9386
========================================


========== Direct Global Planning ==========
Algorithm: SAEPSO
Start: [0.0, 0.0, 10.0]
Goal:  [200.0, 200.0, 10.0]
============================================

Starting SAEPSO-ParamsOnly (Parameter control strategy only)...
  Initialization: Random Cartesian coordinates...
  Stage 3: Main optimization loop...
Iteration: 300/1000 - Best fitness: 12333.0777
Iteration: 750/1000 - Best fitness: 12107.9661
Iteration: 150/1000 - Best fitness: 12597.776
Iteration: 600/1000 - Best fitness: 12103.8377
Iteration: 300/1000 - Best fitness: 12108.031
Iteration: 50/1000 - Best fitness: 13056.5322
Iteration: 350/1000 - Best fitness: 12261.8084
Iteration: 200/1000 - Best fitness: 12589.3754
Iteration: 900/1000 - Best fitness: 12107.9423
Iteration: 100/1000 - Best fitness: 12922.9577
UAPSO iteration 50/1000 - Best fitness: 14259.0423
Iteration: 400/1000 - Best fitness: 12199.4094
Iteration: 250/1000 - Best fitness: 12559.0443
Iteration: 800/1000 - Best fitness: 12107.9661
Iteration: 150/1000 - Best fitness: 12833.5707
Iteration: 350/1000 - Best fitness: 12108.0294
Iteration: 450/1000 - Best fitness: 12154.8008
CLPSO iteration: 1000/1000 - Best fitness: 12898.1875 - w: 0.100
CLPSO completed with final fitness: 12898.1875

========== Planning Complete ==========
Algorithm: CLPSO
Execution time: 755.6286 seconds
Path length: 329.6020 units
Waypoints: 7
Best fitness: 12898.1875
========================================

Iteration: 650/1000 - Best fitness: 12103.5526

========== Direct Global Planning ==========
Algorithm: SAEPSO
Start: [0.0, 0.0, 10.0]
Goal:  [200.0, 200.0, 10.0]
============================================

Starting SAEPSO-FULL (All improvements enabled)...
  Stage 1: Tent map initialization in spherical coordinates...
  Stage 2: Opposition-based learning...
  Stage 3: Main optimization loop...
Iteration: 300/1000 - Best fitness: 12465.6625
Iteration: 200/1000 - Best fitness: 12774.6659
Iteration: 950/1000 - Best fitness: 12104.7379
CLPSO iteration: 900/1000 - Best fitness: 13180.5938 - w: 0.180
Iteration: 500/1000 - Best fitness: 12140.8128
Iteration: 350/1000 - Best fitness: 12423.6937
Iteration: 250/1000 - Best fitness: 12748.7873
Iteration: 550/1000 - Best fitness: 12132.6381
Iteration: 850/1000 - Best fitness: 12107.9661
Iteration: 400/1000 - Best fitness: 12343.4701
Iteration: 400/1000 - Best fitness: 12107.9624
Iteration: 700/1000 - Best fitness: 12103.5526
UAPSO iteration 350/1000 - Best fitness: 14611.5991
Iteration: 300/1000 - Best fitness: 12715.0113
Iteration: 600/1000 - Best fitness: 12128.8814
Iteration: 50/1000 - Best fitness: 12111.9963
CLPSO iteration: 850/1000 - Best fitness: 13183.5042 - w: 0.220
Iteration: 450/1000 - Best fitness: 12314.5863
Iteration: 1000/1000 - Best fitness: 12104.7379
SAEPSO-FULL completed with final fitness: 12104.7379

========== Planning Complete ==========
Algorithm: SAEPSO
Execution time: 182.3837 seconds
Path length: 362.8756 units
Waypoints: 7
Best fitness: 12104.7379
========================================


========== Direct Global Planning ==========
Algorithm: SAEPSO
Start: [0.0, 0.0, 10.0]
Goal:  [200.0, 200.0, 10.0]
============================================

Starting SAEPSO-ParamsOnly (Parameter control strategy only)...
  Initialization: Random Cartesian coordinates...
  Stage 3: Main optimization loop...
Iteration: 350/1000 - Best fitness: 12660.9663
Iteration: 650/1000 - Best fitness: 12127.0339
UAPSO iteration 100/1000 - Best fitness: 14672.6673
Iteration: 900/1000 - Best fitness: 12107.9618
Iteration: 500/1000 - Best fitness: 12296.933
Iteration: 50/1000 - Best fitness: 12960.5748
Iteration: 400/1000 - Best fitness: 12504.5805
UAPSO iteration 300/1000 - Best fitness: 14236.2971
Iteration: 700/1000 - Best fitness: 12126.627
Iteration: 750/1000 - Best fitness: 12103.1518
Iteration: 450/1000 - Best fitness: 12107.9624
Iteration: 550/1000 - Best fitness: 12287.4255
Iteration: 100/1000 - Best fitness: 12767.9316
Iteration: 100/1000 - Best fitness: 12108.5377
Iteration: 450/1000 - Best fitness: 12435.937
Iteration: 750/1000 - Best fitness: 12126.1381
Iteration: 600/1000 - Best fitness: 12279.0233
Iteration: 150/1000 - Best fitness: 12628.4115
Iteration: 500/1000 - Best fitness: 12345.4407
Iteration: 950/1000 - Best fitness: 12107.9528
Iteration: 800/1000 - Best fitness: 12124.679
Iteration: 500/1000 - Best fitness: 12107.9624
Iteration: 650/1000 - Best fitness: 12276.34
Iteration: 200/1000 - Best fitness: 12628.4115
Iteration: 550/1000 - Best fitness: 12251.2846
Iteration: 800/1000 - Best fitness: 12103.1518
Iteration: 850/1000 - Best fitness: 12124.2366
Iteration: 250/1000 - Best fitness: 12467.9068
Iteration: 150/1000 - Best fitness: 12108.5377
Iteration: 700/1000 - Best fitness: 12274.8828
Iteration: 600/1000 - Best fitness: 12179.9907
Iteration: 900/1000 - Best fitness: 12124.047
Iteration: 1000/1000 - Best fitness: 12107.9379
SAEPSO-FULL completed with final fitness: 12107.9379

========== Planning Complete ==========
Algorithm: SAEPSO
Execution time: 185.3276 seconds
Path length: 364.2114 units
Waypoints: 7
Best fitness: 12107.9379
========================================


========== Direct Global Planning ==========
Algorithm: SAEPSO
Start: [0.0, 0.0, 10.0]
Goal:  [200.0, 200.0, 10.0]
============================================

Starting SAEPSO-ParamsOnly (Parameter control strategy only)...
  Initialization: Random Cartesian coordinates...
  Stage 3: Main optimization loop...
Iteration: 300/1000 - Best fitness: 12429.8019
Iteration: 750/1000 - Best fitness: 12274.4788
Iteration: 650/1000 - Best fitness: 12164.526
Iteration: 550/1000 - Best fitness: 12107.9624
Iteration: 950/1000 - Best fitness: 12123.9829
Iteration: 850/1000 - Best fitness: 12102.9546
Iteration: 50/1000 - Best fitness: 12983.3651
Iteration: 350/1000 - Best fitness: 12422.8796
Iteration: 800/1000 - Best fitness: 12274.3718
Iteration: 700/1000 - Best fitness: 12150.343
Iteration: 200/1000 - Best fitness: 12108.1581
Iteration: 1000/1000 - Best fitness: 12123.7482
SAEPSO-ParamsOnly completed with final fitness: 12123.7482

========== Planning Complete ==========
Algorithm: SAEPSO
Execution time: 72.6410 seconds
Path length: 325.1823 units
Waypoints: 7
Best fitness: 12123.7482
========================================


========== Direct Global Planning ==========
Algorithm: UAPSO
Start: [0.0, 0.0, 10.0]
Goal:  [200.0, 200.0, 10.0]
============================================

Starting UAPSO global path planning...
CLPSO iteration: 950/1000 - Best fitness: 13169.2614 - w: 0.140
Initial feasible particles: 0/100
Iteration: 100/1000 - Best fitness: 12918.1484
Iteration: 850/1000 - Best fitness: 12274.3373
Iteration: 400/1000 - Best fitness: 12396.9653
Iteration: 750/1000 - Best fitness: 12145.8959
Iteration: 150/1000 - Best fitness: 12760.6101
Iteration: 600/1000 - Best fitness: 12107.9583
Iteration: 450/1000 - Best fitness: 12390.7461
Iteration: 900/1000 - Best fitness: 12274.3309
Iteration: 800/1000 - Best fitness: 12143.0259
UAPSO iteration 100/1000 - Best fitness: 14259.0423
CLPSO iteration: 900/1000 - Best fitness: 13144.8053 - w: 0.180
Iteration: 900/1000 - Best fitness: 12102.9061
Iteration: 250/1000 - Best fitness: 12108.0482
Iteration: 200/1000 - Best fitness: 12659.5339
Iteration: 950/1000 - Best fitness: 12274.3295
Iteration: 500/1000 - Best fitness: 12369.5182
Iteration: 850/1000 - Best fitness: 12142.1946
Iteration: 250/1000 - Best fitness: 12625.6424
Iteration: 1000/1000 - Best fitness: 12271.8623
SAEPSO-ParamsOnly completed with final fitness: 12271.8623

========== Planning Complete ==========
Algorithm: SAEPSO
Execution time: 73.3955 seconds
Path length: 312.6682 units
Waypoints: 7
Best fitness: 12271.8623
========================================

Iteration: 550/1000 - Best fitness: 12352.3773

========== Direct Global Planning ==========
Algorithm: UAPSO
Start: [0.0, 0.0, 10.0]
Goal:  [200.0, 200.0, 10.0]
============================================

Starting UAPSO global path planning...
Initial feasible particles: 0/100
Iteration: 650/1000 - Best fitness: 12107.9583
Iteration: 900/1000 - Best fitness: 12141.5596
Iteration: 300/1000 - Best fitness: 12527.4278
Iteration: 600/1000 - Best fitness: 12349.6644
Iteration: 950/1000 - Best fitness: 12102.9061
Iteration: 300/1000 - Best fitness: 12108.0482
Iteration: 950/1000 - Best fitness: 12141.333
Iteration: 350/1000 - Best fitness: 12452.5696
Iteration: 650/1000 - Best fitness: 12347.102
Iteration: 1000/1000 - Best fitness: 12140.6052
SAEPSO-ParamsOnly completed with final fitness: 12140.6052

========== Planning Complete ==========
Algorithm: SAEPSO
Execution time: 73.2972 seconds
Path length: 324.1739 units
Waypoints: 7
Best fitness: 12140.6052
========================================


========== Direct Global Planning ==========
Algorithm: UAPSO
Start: [0.0, 0.0, 10.0]
Goal:  [200.0, 200.0, 10.0]
============================================

Starting UAPSO global path planning...
Initial feasible particles: 0/100
Iteration: 700/1000 - Best fitness: 12107.9583
Iteration: 400/1000 - Best fitness: 12415.7805
Iteration: 700/1000 - Best fitness: 12346.4815
Iteration: 1000/1000 - Best fitness: 12102.9061
SAEPSO-FULL completed with final fitness: 12102.9061

========== Planning Complete ==========
Algorithm: SAEPSO
Execution time: 189.4332 seconds
Path length: 361.4187 units
Waypoints: 7
Best fitness: 12102.9061
========================================


========== Direct Global Planning ==========
Algorithm: SAEPSO
Start: [0.0, 0.0, 10.0]
Goal:  [200.0, 200.0, 10.0]
============================================

Starting SAEPSO-ParamsOnly (Parameter control strategy only)...
  Initialization: Random Cartesian coordinates...
UAPSO iteration 400/1000 - Best fitness: 14611.5991
  Stage 3: Main optimization loop...
Iteration: 350/1000 - Best fitness: 12107.9561
Iteration: 450/1000 - Best fitness: 12389.9649
Iteration: 750/1000 - Best fitness: 12345.1971
Iteration: 50/1000 - Best fitness: 13262.3487
Iteration: 500/1000 - Best fitness: 12379.2373
Iteration: 800/1000 - Best fitness: 12344.9842
Iteration: 750/1000 - Best fitness: 12107.9583
Iteration: 100/1000 - Best fitness: 13080.7185
Iteration: 550/1000 - Best fitness: 12373.2998
Iteration: 850/1000 - Best fitness: 12344.9525
UAPSO iteration 350/1000 - Best fitness: 14236.2971
Iteration: 400/1000 - Best fitness: 12107.9561
CLPSO iteration: 1000/1000 - Best fitness: 13169.2614 - w: 0.100
CLPSO completed with final fitness: 13169.2614

========== Planning Complete ==========
Algorithm: CLPSO
Execution time: 741.5759 seconds
Path length: 319.0410 units
Waypoints: 7
Best fitness: 13169.2614
========================================

Iteration: 150/1000 - Best fitness: 12877.9425

========== Direct Global Planning ==========
Algorithm: SAEPSO
Start: [0.0, 0.0, 10.0]
Goal:  [200.0, 200.0, 10.0]
============================================

Starting SAEPSO-FULL (All improvements enabled)...
  Stage 1: Tent map initialization in spherical coordinates...
  Stage 2: Opposition-based learning...
  Stage 3: Main optimization loop...
Iteration: 600/1000 - Best fitness: 12370.025
Iteration: 900/1000 - Best fitness: 12344.9474
Iteration: 200/1000 - Best fitness: 12877.9425
Iteration: 800/1000 - Best fitness: 12107.9583
Iteration: 650/1000 - Best fitness: 12369.0702
Iteration: 950/1000 - Best fitness: 12344.9463
CLPSO iteration: 950/1000 - Best fitness: 13144.8053 - w: 0.140
UAPSO iteration 150/1000 - Best fitness: 14672.6673
Iteration: 250/1000 - Best fitness: 12760.8656
Iteration: 450/1000 - Best fitness: 12107.9558
Iteration: 1000/1000 - Best fitness: 12344.9429
SAEPSO-ParamsOnly completed with final fitness: 12344.9429

========== Planning Complete ==========
Algorithm: SAEPSO
Execution time: 73.9738 seconds
Path length: 307.8645 units
Waypoints: 7
Best fitness: 12344.9429
========================================


========== Direct Global Planning ==========
Algorithm: UAPSO
Start: [0.0, 0.0, 10.0]
Goal:  [200.0, 200.0, 10.0]
============================================

Starting UAPSO global path planning...
Iteration: 700/1000 - Best fitness: 12368.8967
Initial feasible particles: 0/100
Iteration: 50/1000 - Best fitness: 12165.3308
Iteration: 300/1000 - Best fitness: 12691.2037
Iteration: 750/1000 - Best fitness: 12368.8243
Iteration: 850/1000 - Best fitness: 12107.9583
Iteration: 350/1000 - Best fitness: 12640.7542
UAPSO iteration 50/1000 - Best fitness: 14984.9427
Iteration: 800/1000 - Best fitness: 12368.7434
Iteration: 500/1000 - Best fitness: 12107.9558
Iteration: 400/1000 - Best fitness: 12605.8278
UAPSO iteration 150/1000 - Best fitness: 14259.0423
Iteration: 850/1000 - Best fitness: 12368.7211
Iteration: 100/1000 - Best fitness: 12109.2649
Iteration: 900/1000 - Best fitness: 12107.9415
Iteration: 450/1000 - Best fitness: 12578.9548
Iteration: 900/1000 - Best fitness: 12368.7148
Iteration: 500/1000 - Best fitness: 12559.9772
Iteration: 550/1000 - Best fitness: 12107.9558
Iteration: 950/1000 - Best fitness: 12368.7121
Iteration: 550/1000 - Best fitness: 12551.5983
Iteration: 150/1000 - Best fitness: 12108.0202
Iteration: 950/1000 - Best fitness: 12107.9415
Iteration: 1000/1000 - Best fitness: 12368.7117
SAEPSO-ParamsOnly completed with final fitness: 12368.7117

========== Planning Complete ==========
Algorithm: SAEPSO
Execution time: 74.1207 seconds
Path length: 303.6291 units
Waypoints: 7
Best fitness: 12368.7117
========================================


========== Direct Global Planning ==========
Algorithm: UAPSO
Start: [0.0, 0.0, 10.0]
Goal:  [200.0, 200.0, 10.0]
============================================

Starting UAPSO global path planning...
Initial feasible particles: 0/100
UAPSO iteration 50/1000 - Best fitness: 14349.7735
Iteration: 600/1000 - Best fitness: 12549.5649
Iteration: 600/1000 - Best fitness: 12107.9558
Iteration: 650/1000 - Best fitness: 12547.9577
Iteration: 200/1000 - Best fitness: 12108.0202
Iteration: 700/1000 - Best fitness: 12546.4799
Iteration: 1000/1000 - Best fitness: 12107.9415
SAEPSO-FULL completed with final fitness: 12107.9415

========== Planning Complete ==========
Algorithm: SAEPSO
Execution time: 182.5925 seconds
Path length: 364.2130 units
Waypoints: 7
Best fitness: 12107.9415
========================================


========== Direct Global Planning ==========
Algorithm: SAEPSO
Start: [0.0, 0.0, 10.0]
Goal:  [200.0, 200.0, 10.0]
============================================

Starting SAEPSO-ParamsOnly (Parameter control strategy only)...
  Initialization: Random Cartesian coordinates...
  Stage 3: Main optimization loop...
CLPSO iteration: 1000/1000 - Best fitness: 13091.2545 - w: 0.100
CLPSO completed with final fitness: 13091.2545

========== Planning Complete ==========
Algorithm: CLPSO
Execution time: 692.0224 seconds
Path length: 327.1931 units
Waypoints: 7
Best fitness: 13091.2545
========================================


========== Direct Global Planning ==========
Algorithm: SAEPSO
Start: [0.0, 0.0, 10.0]
Goal:  [200.0, 200.0, 10.0]
============================================

Starting SAEPSO-FULL (All improvements enabled)...
  Stage 1: Tent map initialization in spherical coordinates...
  Stage 2: Opposition-based learning...
  Stage 3: Main optimization loop...
UAPSO iteration 50/1000 - Best fitness: 14344.638
Iteration: 750/1000 - Best fitness: 12546.1852
Iteration: 50/1000 - Best fitness: 13411.392
Iteration: 650/1000 - Best fitness: 12107.9558
UAPSO iteration 450/1000 - Best fitness: 14611.5991
Iteration: 100/1000 - Best fitness: 13014.3441
Iteration: 800/1000 - Best fitness: 12546.0533
Iteration: 250/1000 - Best fitness: 12106.87
Iteration: 850/1000 - Best fitness: 12544.7481
Iteration: 50/1000 - Best fitness: 12112.823
Iteration: 150/1000 - Best fitness: 12709.1943
Iteration: 700/1000 - Best fitness: 12107.9558
Iteration: 200/1000 - Best fitness: 12508.486
Iteration: 900/1000 - Best fitness: 12544.4125
UAPSO iteration 400/1000 - Best fitness: 14236.2971
Iteration: 300/1000 - Best fitness: 12104.9095
Iteration: 950/1000 - Best fitness: 12544.1682
Iteration: 250/1000 - Best fitness: 12445.7288
Iteration: 100/1000 - Best fitness: 12108.0807
Iteration: 1000/1000 - Best fitness: 12544.1086
SAEPSO-ParamsOnly completed with final fitness: 12544.1086

========== Planning Complete ==========
Algorithm: SAEPSO
Execution time: 72.7076 seconds
Path length: 296.2411 units
Waypoints: 7
Best fitness: 12544.1086
========================================


========== Direct Global Planning ==========
Algorithm: UAPSO
Start: [0.0, 0.0, 10.0]
Goal:  [200.0, 200.0, 10.0]
============================================

Starting UAPSO global path planning...
Iteration: 300/1000 - Best fitness: 12407.9874
Iteration: 750/1000 - Best fitness: 12107.945
Initial feasible particles: 0/100
UAPSO iteration 50/1000 - Best fitness: 14173.991
UAPSO iteration 100/1000 - Best fitness: 14984.9427
Iteration: 350/1000 - Best fitness: 12316.5895
Iteration: 350/1000 - Best fitness: 12104.8594
Iteration: 400/1000 - Best fitness: 12280.4738
UAPSO iteration 200/1000 - Best fitness: 14259.0423
Iteration: 150/1000 - Best fitness: 12108.0807
UAPSO iteration 200/1000 - Best fitness: 14672.6673
Iteration: 800/1000 - Best fitness: 12107.945
Iteration: 450/1000 - Best fitness: 12246.4839
Iteration: 500/1000 - Best fitness: 12232.8519
Iteration: 400/1000 - Best fitness: 12102.93
Iteration: 200/1000 - Best fitness: 12108.0807
Iteration: 550/1000 - Best fitness: 12220.3362
Iteration: 850/1000 - Best fitness: 12107.945
Iteration: 600/1000 - Best fitness: 12216.9837
Iteration: 450/1000 - Best fitness: 12102.93
Iteration: 650/1000 - Best fitness: 12214.8583
Iteration: 250/1000 - Best fitness: 12108.0807
UAPSO iteration 100/1000 - Best fitness: 14349.7735
UAPSO iteration 50/1000 - Best fitness: 14372.6519
Iteration: 900/1000 - Best fitness: 12107.945
Iteration: 700/1000 - Best fitness: 12213.6751
Iteration: 750/1000 - Best fitness: 12213.4314
Iteration: 500/1000 - Best fitness: 12102.93
Iteration: 300/1000 - Best fitness: 12108.0755
Iteration: 800/1000 - Best fitness: 12213.3489
Iteration: 950/1000 - Best fitness: 12107.945
Iteration: 850/1000 - Best fitness: 12213.3117
UAPSO iteration 500/1000 - Best fitness: 14611.5991
UAPSO iteration 100/1000 - Best fitness: 14326.3258
Iteration: 550/1000 - Best fitness: 12102.93
Iteration: 900/1000 - Best fitness: 12213.2999
UAPSO iteration 50/1000 - Best fitness: 14483.3913
Iteration: 350/1000 - Best fitness: 12107.9459
Iteration: 950/1000 - Best fitness: 12213.2984
Iteration: 1000/1000 - Best fitness: 12107.945
SAEPSO-FULL completed with final fitness: 12107.945

========== Planning Complete ==========
Algorithm: SAEPSO
Execution time: 185.0947 seconds
Path length: 364.2147 units
Waypoints: 7
Best fitness: 12107.9450
========================================


========== Direct Global Planning ==========
Algorithm: SAEPSO
Start: [0.0, 0.0, 10.0]
Goal:  [200.0, 200.0, 10.0]
============================================

Starting SAEPSO-ParamsOnly (Parameter control strategy only)...
  Initialization: Random Cartesian coordinates...
  Stage 3: Main optimization loop...
Iteration: 1000/1000 - Best fitness: 12213.2979
SAEPSO-ParamsOnly completed with final fitness: 12213.2979

========== Planning Complete ==========
Algorithm: SAEPSO
Execution time: 71.9988 seconds
Path length: 306.9429 units
Waypoints: 7
Best fitness: 12213.2979
========================================


========== Direct Global Planning ==========
Algorithm: UAPSO
Start: [0.0, 0.0, 10.0]
Goal:  [200.0, 200.0, 10.0]
============================================

Starting UAPSO global path planning...
Iteration: 600/1000 - Best fitness: 12102.93
Iteration: 50/1000 - Best fitness: 13385.4063
Initial feasible particles: 0/100
UAPSO iteration 450/1000 - Best fitness: 14074.6701
Iteration: 400/1000 - Best fitness: 12107.9459
UAPSO iteration 150/1000 - Best fitness: 14984.9427
Iteration: 100/1000 - Best fitness: 13070.0171
UAPSO iteration 100/1000 - Best fitness: 14106.783
UAPSO iteration 250/1000 - Best fitness: 14259.0423
Iteration: 150/1000 - Best fitness: 12855.4554
Iteration: 650/1000 - Best fitness: 12102.93
Iteration: 200/1000 - Best fitness: 12777.2753
Iteration: 450/1000 - Best fitness: 12107.9459
Iteration: 250/1000 - Best fitness: 12749.5063
Iteration: 300/1000 - Best fitness: 12599.5223
Iteration: 700/1000 - Best fitness: 12102.7099
Iteration: 500/1000 - Best fitness: 12107.9459
Iteration: 350/1000 - Best fitness: 12448.8308
UAPSO iteration 250/1000 - Best fitness: 14672.6673
Iteration: 400/1000 - Best fitness: 12316.0442
Iteration: 750/1000 - Best fitness: 12102.7099
Iteration: 450/1000 - Best fitness: 12238.0833
Iteration: 550/1000 - Best fitness: 12107.9459
Iteration: 500/1000 - Best fitness: 12212.9755
UAPSO iteration 150/1000 - Best fitness: 14349.7735
UAPSO iteration 100/1000 - Best fitness: 14483.3913
Iteration: 550/1000 - Best fitness: 12199.5095
UAPSO iteration 100/1000 - Best fitness: 14372.6519
Iteration: 600/1000 - Best fitness: 12107.9459
Iteration: 800/1000 - Best fitness: 12102.7099
Iteration: 600/1000 - Best fitness: 12194.2783
Iteration: 650/1000 - Best fitness: 12190.3023
UAPSO iteration 550/1000 - Best fitness: 14496.628
Iteration: 850/1000 - Best fitness: 12102.7099
Iteration: 650/1000 - Best fitness: 12107.9428
Iteration: 700/1000 - Best fitness: 12187.5173
Iteration: 750/1000 - Best fitness: 12185.3539
UAPSO iteration 50/1000 - Best fitness: 14511.5848
UAPSO iteration 150/1000 - Best fitness: 14326.3258
Iteration: 800/1000 - Best fitness: 12184.0346
UAPSO iteration 200/1000 - Best fitness: 14984.9427
Iteration: 700/1000 - Best fitness: 12107.9428
Iteration: 900/1000 - Best fitness: 12102.2821
UAPSO iteration 150/1000 - Best fitness: 14106.783
Iteration: 850/1000 - Best fitness: 12176.5747
UAPSO iteration 300/1000 - Best fitness: 14259.0423
Iteration: 900/1000 - Best fitness: 12176.2287
UAPSO iteration 500/1000 - Best fitness: 14018.8114
Iteration: 750/1000 - Best fitness: 12107.9428
Iteration: 950/1000 - Best fitness: 12102.2821
Iteration: 950/1000 - Best fitness: 12175.3052
Iteration: 1000/1000 - Best fitness: 12174.7327
SAEPSO-ParamsOnly completed with final fitness: 12174.7327

========== Planning Complete ==========
Algorithm: SAEPSO
Execution time: 72.2713 seconds
Path length: 294.8102 units
Waypoints: 7
Best fitness: 12174.7327
========================================


========== Direct Global Planning ==========
Algorithm: UAPSO
Start: [0.0, 0.0, 10.0]
Goal:  [200.0, 200.0, 10.0]
============================================

Starting UAPSO global path planning...
Initial feasible particles: 0/100
Iteration: 800/1000 - Best fitness: 12107.9428
Iteration: 1000/1000 - Best fitness: 12102.2477
SAEPSO-FULL completed with final fitness: 12102.2477

========== Planning Complete ==========
Algorithm: SAEPSO
Execution time: 186.4966 seconds
Path length: 360.8793 units
Waypoints: 7
Best fitness: 12102.2477
========================================


========== Direct Global Planning ==========
Algorithm: SAEPSO
Start: [0.0, 0.0, 10.0]
Goal:  [200.0, 200.0, 10.0]
============================================

Starting SAEPSO-ParamsOnly (Parameter control strategy only)...
  Initialization: Random Cartesian coordinates...
  Stage 3: Main optimization loop...
UAPSO iteration 150/1000 - Best fitness: 14483.3913
Iteration: 50/1000 - Best fitness: 13221.1345
Iteration: 100/1000 - Best fitness: 12920.881
Iteration: 850/1000 - Best fitness: 12107.9428
Iteration: 150/1000 - Best fitness: 12787.4561
UAPSO iteration 300/1000 - Best fitness: 14672.6673
Iteration: 200/1000 - Best fitness: 12778.1627
UAPSO iteration 200/1000 - Best fitness: 14349.7735
Iteration: 900/1000 - Best fitness: 12107.9428
Iteration: 250/1000 - Best fitness: 12621.6548
Iteration: 300/1000 - Best fitness: 12565.0304
UAPSO iteration 150/1000 - Best fitness: 14372.6519
Iteration: 950/1000 - Best fitness: 12107.9428
Iteration: 350/1000 - Best fitness: 12474.603
Iteration: 400/1000 - Best fitness: 12400.2275
UAPSO iteration 600/1000 - Best fitness: 14218.0013
UAPSO iteration 250/1000 - Best fitness: 14984.9427
UAPSO iteration 100/1000 - Best fitness: 14511.5848
UAPSO iteration 200/1000 - Best fitness: 14106.783
Iteration: 450/1000 - Best fitness: 12289.5299
Iteration: 1000/1000 - Best fitness: 12107.9428
SAEPSO-FULL completed with final fitness: 12107.9428

========== Planning Complete ==========
Algorithm: SAEPSO
Execution time: 181.6931 seconds
Path length: 364.2137 units
Waypoints: 7
Best fitness: 12107.9428
========================================


========== Direct Global Planning ==========
Algorithm: SAEPSO
Start: [0.0, 0.0, 10.0]
Goal:  [200.0, 200.0, 10.0]
============================================

Starting SAEPSO-ParamsOnly (Parameter control strategy only)...
  Initialization: Random Cartesian coordinates...
  Stage 3: Main optimization loop...
UAPSO iteration 350/1000 - Best fitness: 14259.0423
Iteration: 500/1000 - Best fitness: 12235.5538
UAPSO iteration 200/1000 - Best fitness: 14326.3258
Iteration: 50/1000 - Best fitness: 13019.6914
Iteration: 550/1000 - Best fitness: 12171.7638
Iteration: 100/1000 - Best fitness: 12920.225
Iteration: 600/1000 - Best fitness: 12113.3044
UAPSO iteration 200/1000 - Best fitness: 14483.3913
Iteration: 150/1000 - Best fitness: 12791.9268
Iteration: 650/1000 - Best fitness: 12083.0572
Iteration: 200/1000 - Best fitness: 12758.9551
UAPSO iteration 550/1000 - Best fitness: 14018.8114
UAPSO iteration 50/1000 - Best fitness: 14781.1378
Iteration: 700/1000 - Best fitness: 12068.1399
Iteration: 250/1000 - Best fitness: 12693.9476
Iteration: 750/1000 - Best fitness: 12062.6016
Iteration: 300/1000 - Best fitness: 12554.7915
Iteration: 800/1000 - Best fitness: 12058.6938
Iteration: 350/1000 - Best fitness: 12436.8364
Iteration: 850/1000 - Best fitness: 12056.8198
Iteration: 400/1000 - Best fitness: 12311.8501
Iteration: 900/1000 - Best fitness: 12055.0564
Iteration: 450/1000 - Best fitness: 12270.5342
Iteration: 950/1000 - Best fitness: 12054.1577
Iteration: 500/1000 - Best fitness: 12216.3509
UAPSO iteration 250/1000 - Best fitness: 14349.7735
Iteration: 1000/1000 - Best fitness: 12053.4491
SAEPSO-ParamsOnly completed with final fitness: 12053.4491

========== Planning Complete ==========
Algorithm: SAEPSO
Execution time: 72.6795 seconds
Path length: 286.5860 units
Waypoints: 7
Best fitness: 12053.4491
========================================


========== Direct Global Planning ==========
Algorithm: UAPSO
Start: [0.0, 0.0, 10.0]
Goal:  [200.0, 200.0, 10.0]
============================================

Starting UAPSO global path planning...
Initial feasible particles: 0/100
Iteration: 550/1000 - Best fitness: 12176.1017
UAPSO iteration 350/1000 - Best fitness: 14672.6673
Iteration: 600/1000 - Best fitness: 12164.3918
Iteration: 650/1000 - Best fitness: 12158.2731
UAPSO iteration 200/1000 - Best fitness: 14372.6519
UAPSO iteration 250/1000 - Best fitness: 14106.783
Iteration: 700/1000 - Best fitness: 12152.7687
UAPSO iteration 300/1000 - Best fitness: 14984.9427
UAPSO iteration 400/1000 - Best fitness: 14259.0423
Iteration: 750/1000 - Best fitness: 12149.9792
UAPSO iteration 150/1000 - Best fitness: 14511.5848
UAPSO iteration 250/1000 - Best fitness: 14483.3913
UAPSO iteration 650/1000 - Best fitness: 14218.0013
Iteration: 800/1000 - Best fitness: 12148.9297
Iteration: 850/1000 - Best fitness: 12148.6267
UAPSO iteration 250/1000 - Best fitness: 14326.3258
Iteration: 900/1000 - Best fitness: 12147.9737
Iteration: 950/1000 - Best fitness: 12147.8197
Iteration: 1000/1000 - Best fitness: 12147.7457
SAEPSO-ParamsOnly completed with final fitness: 12147.7457

========== Planning Complete ==========
Algorithm: SAEPSO
Execution time: 72.1462 seconds
Path length: 296.4619 units
Waypoints: 7
Best fitness: 12147.7457
========================================


========== Direct Global Planning ==========
Algorithm: UAPSO
Start: [0.0, 0.0, 10.0]
Goal:  [200.0, 200.0, 10.0]
============================================

Starting UAPSO global path planning...
Initial feasible particles: 0/100
UAPSO iteration 100/1000 - Best fitness: 14781.1378
UAPSO iteration 600/1000 - Best fitness: 14018.8114
UAPSO iteration 50/1000 - Best fitness: 14031.5346
UAPSO iteration 300/1000 - Best fitness: 14349.7735
UAPSO iteration 300/1000 - Best fitness: 14483.3913
UAPSO iteration 300/1000 - Best fitness: 14106.783
UAPSO iteration 450/1000 - Best fitness: 14259.0423
UAPSO iteration 400/1000 - Best fitness: 14672.6673
UAPSO iteration 200/1000 - Best fitness: 14511.5848
UAPSO iteration 350/1000 - Best fitness: 14553.9248
UAPSO iteration 250/1000 - Best fitness: 14372.6519
UAPSO iteration 700/1000 - Best fitness: 14214.3824
UAPSO iteration 50/1000 - Best fitness: 14340.6719
UAPSO iteration 300/1000 - Best fitness: 14326.3258
UAPSO iteration 150/1000 - Best fitness: 14645.8923
UAPSO iteration 650/1000 - Best fitness: 14018.8114
UAPSO iteration 350/1000 - Best fitness: 14483.3913
UAPSO iteration 100/1000 - Best fitness: 14031.5346
UAPSO iteration 350/1000 - Best fitness: 14349.7735
UAPSO iteration 350/1000 - Best fitness: 14106.783
UAPSO iteration 500/1000 - Best fitness: 14109.4772
UAPSO iteration 100/1000 - Best fitness: 14340.6719
UAPSO iteration 250/1000 - Best fitness: 14511.5848
UAPSO iteration 750/1000 - Best fitness: 13894.4841
UAPSO iteration 300/1000 - Best fitness: 14372.6519
UAPSO iteration 450/1000 - Best fitness: 14672.6673
UAPSO iteration 400/1000 - Best fitness: 14553.9248
UAPSO iteration 350/1000 - Best fitness: 14326.3258
UAPSO iteration 200/1000 - Best fitness: 14645.8923
UAPSO iteration 700/1000 - Best fitness: 13945.4677
UAPSO iteration 400/1000 - Best fitness: 14483.3913
UAPSO iteration 400/1000 - Best fitness: 14106.783
UAPSO iteration 150/1000 - Best fitness: 14031.5346
UAPSO iteration 400/1000 - Best fitness: 14220.5803
UAPSO iteration 150/1000 - Best fitness: 14340.6719
UAPSO iteration 550/1000 - Best fitness: 14109.4772
UAPSO iteration 300/1000 - Best fitness: 14511.5848
UAPSO iteration 800/1000 - Best fitness: 13805.9356
UAPSO iteration 350/1000 - Best fitness: 14372.6519
UAPSO iteration 500/1000 - Best fitness: 14672.6673
UAPSO iteration 250/1000 - Best fitness: 14645.8923
UAPSO iteration 450/1000 - Best fitness: 14553.9248
UAPSO iteration 400/1000 - Best fitness: 14326.3258
UAPSO iteration 450/1000 - Best fitness: 14255.5583
UAPSO iteration 750/1000 - Best fitness: 13744.0699
UAPSO iteration 200/1000 - Best fitness: 14340.6719
UAPSO iteration 450/1000 - Best fitness: 14032.7315
UAPSO iteration 200/1000 - Best fitness: 14031.5346
UAPSO iteration 450/1000 - Best fitness: 14220.5803
UAPSO iteration 600/1000 - Best fitness: 14109.4772
UAPSO iteration 350/1000 - Best fitness: 14511.5848
UAPSO iteration 850/1000 - Best fitness: 13776.5332
UAPSO iteration 400/1000 - Best fitness: 14372.6519
UAPSO iteration 300/1000 - Best fitness: 14645.8923
UAPSO iteration 550/1000 - Best fitness: 14672.6673
UAPSO iteration 500/1000 - Best fitness: 14255.5583
UAPSO iteration 250/1000 - Best fitness: 14340.6719
UAPSO iteration 450/1000 - Best fitness: 14326.3258
UAPSO iteration 500/1000 - Best fitness: 14553.9248
UAPSO iteration 800/1000 - Best fitness: 13744.0699
UAPSO iteration 250/1000 - Best fitness: 14031.5346
UAPSO iteration 500/1000 - Best fitness: 14032.7315
UAPSO iteration 650/1000 - Best fitness: 14109.4772
UAPSO iteration 500/1000 - Best fitness: 14082.3244
UAPSO iteration 400/1000 - Best fitness: 14511.5848
UAPSO iteration 900/1000 - Best fitness: 13396.6346
UAPSO iteration 300/1000 - Best fitness: 14340.6719
UAPSO iteration 350/1000 - Best fitness: 14645.8923
UAPSO iteration 450/1000 - Best fitness: 14372.6519
UAPSO iteration 550/1000 - Best fitness: 14255.5583
UAPSO iteration 500/1000 - Best fitness: 14326.3258
UAPSO iteration 600/1000 - Best fitness: 14650.2643
UAPSO iteration 850/1000 - Best fitness: 13388.3414
UAPSO iteration 550/1000 - Best fitness: 14553.9248
UAPSO iteration 300/1000 - Best fitness: 14031.5346
UAPSO iteration 550/1000 - Best fitness: 13876.7283
UAPSO iteration 700/1000 - Best fitness: 14109.4772
UAPSO iteration 550/1000 - Best fitness: 14082.3244
UAPSO iteration 450/1000 - Best fitness: 14511.5848
UAPSO iteration 950/1000 - Best fitness: 13166.3583
UAPSO iteration 350/1000 - Best fitness: 14340.6719
UAPSO iteration 400/1000 - Best fitness: 14645.8923
UAPSO iteration 600/1000 - Best fitness: 14255.5583
UAPSO iteration 500/1000 - Best fitness: 14372.6519
UAPSO iteration 900/1000 - Best fitness: 13086.9608
UAPSO iteration 550/1000 - Best fitness: 14326.3258
UAPSO iteration 650/1000 - Best fitness: 14373.7487
UAPSO iteration 350/1000 - Best fitness: 14031.5346
UAPSO iteration 750/1000 - Best fitness: 14109.4772
UAPSO iteration 600/1000 - Best fitness: 14553.9248
UAPSO iteration 600/1000 - Best fitness: 13687.5284
UAPSO iteration 1000/1000 - Best fitness: 12994.2513
UAPSO completed with final fitness: 12994.2513

========== Planning Complete ==========
Algorithm: UAPSO
Execution time: 1105.7117 seconds
Path length: 339.7515 units
Waypoints: 7
Best fitness: 12994.2513
========================================

UAPSO iteration 500/1000 - Best fitness: 14511.5848

========== Direct Global Planning ==========
Algorithm: RRSACPSO
Start: [0.0, 0.0, 10.0]
Goal:  [200.0, 200.0, 10.0]
============================================


╔══════════════════════════════════════════════════════════╗
║              RRSACPSO Global Path Planning              ║
╚══════════════════════════════════════════════════════════╝


[Episode 1/1] Starting training...
  Config: mode=online, episodes=1, iterations=1000, popSize=100
UAPSO iteration 600/1000 - Best fitness: 14082.3244
UAPSO iteration 400/1000 - Best fitness: 14340.6719
      [Iter  50] Action stats: mean=-0.3254±0.6307 [-0.9723-0.9953]
  [Iter  50/1000] Best: 13387.6660 | Alpha: 0.2000
      [Iter 100] Action stats: mean=-0.1531±0.5840 [-0.7958-0.9487]
      [Iter 100] Fitness: current=13139.3447, best=13139.3447, diversity=11.326820
      [Iter 100] Reward: 1.0000
  [Iter 100/1000] Best: 13139.3447 | Alpha: 0.2000
      [Iter 150] Action stats: mean=0.1719±0.6935 [-0.9620-0.8569]
  [Iter 150/1000] Best: 13107.2986 | Alpha: 0.1986
UAPSO iteration 450/1000 - Best fitness: 14645.8923
      [Iter 200] Action stats: mean=0.1032±0.5914 [-0.7203-0.8852]
      [Iter 200] Fitness: current=12954.7761, best=12954.7761, diversity=12.243105
      [Iter 200] Reward: 1.0000
  [Iter 200/1000] Best: 12954.7761 | Alpha: 0.1957
UAPSO iteration 650/1000 - Best fitness: 14057.5852
      [Iter 250] Action stats: mean=-0.0098±0.7849 [-0.8580-0.8975]
  [Iter 250/1000] Best: 12937.3410 | Alpha: 0.1928
UAPSO iteration 550/1000 - Best fitness: 14372.6519
      [Iter 300] Action stats: mean=-0.1957±0.6909 [-0.9847-0.9178]
      [Iter 300] Fitness: current=12936.4500, best=12936.4500, diversity=11.940733
      [Iter 300] Reward: 1.0000
  [Iter 300/1000] Best: 12936.4500 | Alpha: 0.1899
UAPSO iteration 950/1000 - Best fitness: 12892.6889
      [Iter 350] Action stats: mean=0.0294±0.5278 [-0.7838-0.9386]
  [Iter 350/1000] Best: 12807.2330 | Alpha: 0.1871
UAPSO iteration 800/1000 - Best fitness: 13950.1926
      [Iter 400] Action stats: mean=0.2695±0.6239 [-0.8000-0.9982]
      [Iter 400] Fitness: current=12515.7287, best=12515.7287, diversity=12.357883
      [Iter 400] Reward: -1.0000
  [Iter 400/1000] Best: 12515.7287 | Alpha: 0.1843
UAPSO iteration 600/1000 - Best fitness: 14168.6993
UAPSO iteration 400/1000 - Best fitness: 14031.5346
UAPSO iteration 700/1000 - Best fitness: 14070.447
      [Iter 450] Action stats: mean=0.1444±0.4943 [-0.7183-0.8169]
  [Iter 450/1000] Best: 12322.2107 | Alpha: 0.1815
UAPSO iteration 650/1000 - Best fitness: 13687.5284
UAPSO iteration 650/1000 - Best fitness: 14266.4718
UAPSO iteration 450/1000 - Best fitness: 14340.6719
UAPSO iteration 550/1000 - Best fitness: 14355.1906
      [Iter 500] Action stats: mean=0.1056±0.5841 [-0.9102-0.9642]
      [Iter 500] Fitness: current=12254.3786, best=12254.3786, diversity=11.124589
      [Iter 500] Reward: 1.0000
  [Iter 500/1000] Best: 12254.3786 | Alpha: 0.1788
      [Iter 550] Action stats: mean=-0.1706±0.5899 [-0.9361-0.9452]
  [Iter 550/1000] Best: 12240.2377 | Alpha: 0.1762
UAPSO iteration 650/1000 - Best fitness: 14082.3244
      [Iter 600] Action stats: mean=-0.1486±0.6312 [-0.9967-0.8674]
      [Iter 600] Fitness: current=12237.3059, best=12237.3059, diversity=7.256993
      [Iter 600] Reward: -1.0000
  [Iter 600/1000] Best: 12237.3059 | Alpha: 0.1735
UAPSO iteration 500/1000 - Best fitness: 14589.7413
      [Iter 650] Action stats: mean=0.1191±0.8064 [-0.9971-0.9839]
  [Iter 650/1000] Best: 12235.4227 | Alpha: 0.1710
      [Iter 700] Action stats: mean=-0.2201±0.6124 [-0.9981-0.5981]
UAPSO iteration 700/1000 - Best fitness: 14057.5852
      [Iter 700] Fitness: current=12235.1343, best=12235.1343, diversity=6.769310
      [Iter 700] Reward: 1.0000
  [Iter 700/1000] Best: 12235.1343 | Alpha: 0.1690
UAPSO iteration 1000/1000 - Best fitness: 12806.9738
UAPSO completed with final fitness: 12806.9738

========== Planning Complete ==========
Algorithm: UAPSO
Execution time: 1153.8111 seconds
Path length: 310.7505 units
Waypoints: 7
Best fitness: 12806.9738
========================================


========== Direct Global Planning ==========
Algorithm: RRSACPSO
Start: [0.0, 0.0, 10.0]
Goal:  [200.0, 200.0, 10.0]
============================================


╔══════════════════════════════════════════════════════════╗
║              RRSACPSO Global Path Planning              ║
╚══════════════════════════════════════════════════════════╝


[Episode 1/1] Starting training...
  Config: mode=online, episodes=1, iterations=1000, popSize=100
      [Iter 750] Action stats: mean=-0.0440±0.7411 [-0.9447-0.9692]
  [Iter 750/1000] Best: 12234.9793 | Alpha: 0.1670
      [Iter  50] Action stats: mean=-0.3530±0.4247 [-0.9695-0.3597]
  [Iter  50/1000] Best: 13361.5357 | Alpha: 0.2000
UAPSO iteration 600/1000 - Best fitness: 14371.8507
      [Iter 800] Action stats: mean=-0.1891±0.6888 [-0.9595-0.9489]
      [Iter 800] Fitness: current=12234.8750, best=12234.8750, diversity=4.957302
      [Iter 800] Reward: -1.0000
  [Iter 800/1000] Best: 12234.8750 | Alpha: 0.1647
      [Iter 100] Action stats: mean=-0.0340±0.6427 [-0.8639-0.9096]
      [Iter 100] Fitness: current=13137.0387, best=13137.0387, diversity=14.874457
      [Iter 100] Reward: -1.0000
  [Iter 100/1000] Best: 13137.0387 | Alpha: 0.2000
UAPSO iteration 850/1000 - Best fitness: 13747.8796
      [Iter 150] Action stats: mean=-0.0615±0.5433 [-0.8373-0.9669]
  [Iter 150/1000] Best: 12971.2197 | Alpha: 0.1986
      [Iter 850] Action stats: mean=0.0747±0.7853 [-0.9765-0.9792]
  [Iter 850/1000] Best: 12234.6090 | Alpha: 0.1622
UAPSO iteration 450/1000 - Best fitness: 14031.5346
      [Iter 900] Action stats: mean=0.2394±0.8074 [-0.8737-0.9416]
      [Iter 900] Fitness: current=12234.5945, best=12234.5945, diversity=4.218067
      [Iter 900] Reward: -1.0000
  [Iter 900/1000] Best: 12234.5945 | Alpha: 0.1600
      [Iter 200] Action stats: mean=0.2888±0.4255 [-0.5635-0.6532]
      [Iter 200] Fitness: current=12731.1975, best=12731.1975, diversity=12.367543
      [Iter 200] Reward: -1.0000
UAPSO iteration 500/1000 - Best fitness: 14340.6719
  [Iter 200/1000] Best: 12731.1975 | Alpha: 0.1957
UAPSO iteration 650/1000 - Best fitness: 14168.6993
UAPSO iteration 700/1000 - Best fitness: 13614.3035
UAPSO iteration 750/1000 - Best fitness: 13746.4265
UAPSO iteration 600/1000 - Best fitness: 14355.1906
      [Iter 250] Action stats: mean=-0.0532±0.5787 [-0.7689-0.9131]
      [Iter 950] Action stats: mean=-0.2525±0.7274 [-0.8464-0.9892]
  [Iter 950/1000] Best: 12234.5933 | Alpha: 0.1578
  [Iter 250/1000] Best: 12651.3279 | Alpha: 0.1928
UAPSO iteration 700/1000 - Best fitness: 14021.0674
      [Iter 1000] Action stats: mean=-0.1608±0.7460 [-0.9719-0.9094]
      [Iter 1000] Fitness: current=12234.5933, best=12234.5933, diversity=2.571828
      [Iter 1000] Reward: 1.0000
  [Iter 1000/1000] Best: 12234.5933 | Alpha: 0.1558

╔════════════════════════════════════════════════════════════╗
║              RRSACPSO TRAINING COMPLETE                   ║
╚════════════════════════════════════════════════════════════╝
  Mode:              online
  Episodes:          1
  Iterations/Ep:     1000
  Population Size:   100
  Best Fitness:      12234.5933
  Path Length:       5 waypoints


========== Planning Complete ==========
Algorithm: RRSACPSO
Execution time: 121.7028 seconds
Path length: 298.3609 units
Waypoints: 7
Best fitness: 12234.5933
========================================


========== Direct Global Planning ==========
Algorithm: PSO
Start: [0.0, 0.0, 10.0]
Goal:  [200.0, 200.0, 10.0]
============================================

Starting Traditional PSO path planning with tracking...
      [Iter 300] Action stats: mean=-0.1901±0.6230 [-0.9574-0.7242]
      [Iter 300] Fitness: current=12586.5441, best=12586.5441, diversity=10.404340
      [Iter 300] Reward: -1.0000
  [Iter 300/1000] Best: 12586.5441 | Alpha: 0.1899
Number of Initial feasible particles: 0/100
      [Iter 350] Action stats: mean=0.0079±0.7616 [-0.9738-0.8950]
  [Iter 350/1000] Best: 12559.5240 | Alpha: 0.1871
UAPSO iteration 700/1000 - Best fitness: 13939.9341
UAPSO iteration 550/1000 - Best fitness: 14468.7632
      [Iter 400] Action stats: mean=-0.0062±0.7273 [-0.8549-0.7185]
      [Iter 400] Fitness: current=12545.8556, best=12545.8556, diversity=7.207431
      [Iter 400] Reward: -1.0000
  [Iter 400/1000] Best: 12545.8556 | Alpha: 0.1843
      [Iter 450] Action stats: mean=-0.1339±0.6513 [-0.7557-0.6974]
UAPSO iteration 750/1000 - Best fitness: 13981.1318
  [Iter 450/1000] Best: 12534.8841 | Alpha: 0.1815
      [Iter 500] Action stats: mean=-0.2281±0.5907 [-0.9905-0.4355]
      [Iter 500] Fitness: current=12526.3374, best=12526.3374, diversity=5.079198
      [Iter 500] Reward: -1.0000
  [Iter 500/1000] Best: 12526.3374 | Alpha: 0.1788
      [Iter 550] Action stats: mean=-0.0838±0.6393 [-0.9778-0.7580]
  [Iter 550/1000] Best: 12509.8683 | Alpha: 0.1762
UAPSO iteration 900/1000 - Best fitness: 13584.5867
Traditional PSO iteration: 50/1000 - Best fitness: 12785.045
UAPSO iteration 650/1000 - Best fitness: 14075.6719
      [Iter 600] Action stats: mean=0.1059±0.6133 [-0.8455-0.8950]
      [Iter 600] Fitness: current=12502.7016, best=12502.7016, diversity=4.018552
      [Iter 600] Reward: 1.0000
  [Iter 600/1000] Best: 12502.7016 | Alpha: 0.1735
UAPSO iteration 550/1000 - Best fitness: 14042.1139
      [Iter 650] Action stats: mean=-0.2930±0.5642 [-0.7937-0.9405]
  [Iter 650/1000] Best: 12500.7869 | Alpha: 0.1710
UAPSO iteration 500/1000 - Best fitness: 14031.5346
UAPSO iteration 650/1000 - Best fitness: 14210.5953
UAPSO iteration 750/1000 - Best fitness: 13614.3035
      [Iter 700] Action stats: mean=0.0877±0.6766 [-0.9836-0.8754]
      [Iter 700] Fitness: current=12500.6870, best=12500.6870, diversity=3.718707
      [Iter 700] Reward: -1.0000
  [Iter 700/1000] Best: 12500.6870 | Alpha: 0.1684
UAPSO iteration 700/1000 - Best fitness: 14014.0314
      [Iter 750] Action stats: mean=-0.0798±0.5769 [-0.7767-0.7660]
  [Iter 750/1000] Best: 12500.6755 | Alpha: 0.1659
UAPSO iteration 800/1000 - Best fitness: 13652.5521
Traditional PSO iteration: 100/1000 - Best fitness: 12532.1343
UAPSO iteration 750/1000 - Best fitness: 13760.707
      [Iter 800] Action stats: mean=-0.2009±0.6520 [-0.9482-0.9744]
      [Iter 800] Fitness: current=12500.6721, best=12500.6721, diversity=1.984301
      [Iter 800] Reward: 1.0000
  [Iter 800/1000] Best: 12500.6721 | Alpha: 0.1634
UAPSO iteration 750/1000 - Best fitness: 13824.4603
      [Iter 850] Action stats: mean=-0.4692±0.5331 [-0.9952-0.3554]
UAPSO iteration 600/1000 - Best fitness: 14468.7632
  [Iter 850/1000] Best: 12500.6719 | Alpha: 0.1610
      [Iter 900] Action stats: mean=-0.3271±0.6402 [-0.9897-0.9828]
      [Iter 900] Fitness: current=12500.6718, best=12500.6718, diversity=0.874043
      [Iter 900] Reward: 1.0000
  [Iter 900/1000] Best: 12500.6718 | Alpha: 0.1586
UAPSO iteration 800/1000 - Best fitness: 13942.4225
      [Iter 950] Action stats: mean=-0.4492±0.3653 [-0.9029-0.1023]
  [Iter 950/1000] Best: 12500.6718 | Alpha: 0.1562
Traditional PSO iteration: 150/1000 - Best fitness: 12493.0941
      [Iter 1000] Action stats: mean=-0.3525±0.3912 [-0.8458-0.2580]
UAPSO iteration 950/1000 - Best fitness: 13226.3829
      [Iter 1000] Fitness: current=12500.6718, best=12500.6718, diversity=0.408011
      [Iter 1000] Reward: 1.0000
  [Iter 1000/1000] Best: 12500.6718 | Alpha: 0.1539

╔════════════════════════════════════════════════════════════╗
║              RRSACPSO TRAINING COMPLETE                   ║
╚════════════════════════════════════════════════════════════╝
  Mode:              online
  Episodes:          1
  Iterations/Ep:     1000
  Population Size:   100
  Best Fitness:      12500.6718
  Path Length:       5 waypoints


========== Planning Complete ==========
Algorithm: RRSACPSO
Execution time: 119.5459 seconds
Path length: 287.2869 units
Waypoints: 7
Best fitness: 12500.6718
========================================


========== Direct Global Planning ==========
Algorithm: PSO
Start: [0.0, 0.0, 10.0]
Goal:  [200.0, 200.0, 10.0]
============================================

Starting Traditional PSO path planning with tracking...
Number of Initial feasible particles: 0/100
UAPSO iteration 600/1000 - Best fitness: 14042.1139
UAPSO iteration 700/1000 - Best fitness: 14075.6719
UAPSO iteration 550/1000 - Best fitness: 13989.7129
UAPSO iteration 800/1000 - Best fitness: 13614.3035
UAPSO iteration 700/1000 - Best fitness: 13911.4834
UAPSO iteration 750/1000 - Best fitness: 13825.0988
UAPSO iteration 800/1000 - Best fitness: 13484.5125
Traditional PSO iteration: 200/1000 - Best fitness: 12481.7312
Traditional PSO iteration: 50/1000 - Best fitness: 12546.6709
UAPSO iteration 850/1000 - Best fitness: 13401.5961
UAPSO iteration 800/1000 - Best fitness: 13680.9327
UAPSO iteration 650/1000 - Best fitness: 14468.7632
UAPSO iteration 850/1000 - Best fitness: 13504.079
UAPSO iteration 1000/1000 - Best fitness: 12754.5671
UAPSO completed with final fitness: 12754.5671

========== Planning Complete ==========
Algorithm: UAPSO
Execution time: 1057.5988 seconds
Path length: 341.5729 units
Waypoints: 7
Best fitness: 12754.5671
========================================


========== Direct Global Planning ==========
Algorithm: RRSACPSO
Start: [0.0, 0.0, 10.0]
Goal:  [200.0, 200.0, 10.0]
============================================


╔══════════════════════════════════════════════════════════╗
║              RRSACPSO Global Path Planning              ║
╚══════════════════════════════════════════════════════════╝


[Episode 1/1] Starting training...
  Config: mode=online, episodes=1, iterations=1000, popSize=100
Traditional PSO iteration: 250/1000 - Best fitness: 12473.2918
      [Iter  50] Action stats: mean=0.3233±0.7222 [-0.9769-0.9901]
  [Iter  50/1000] Best: 12590.0666 | Alpha: 0.2000
UAPSO iteration 650/1000 - Best fitness: 14042.1139
      [Iter 100] Action stats: mean=0.4489±0.4933 [-0.3844-0.9622]
      [Iter 100] Fitness: current=12467.1636, best=12467.1636, diversity=12.256626
      [Iter 100] Reward: -1.0000
  [Iter 100/1000] Best: 12467.1636 | Alpha: 0.2000
Traditional PSO iteration: 100/1000 - Best fitness: 12473.1294
      [Iter 150] Action stats: mean=0.3923±0.5659 [-0.4595-0.9916]
  [Iter 150/1000] Best: 12450.0647 | Alpha: 0.1986
UAPSO iteration 750/1000 - Best fitness: 14005.1114
Traditional PSO iteration: 300/1000 - Best fitness: 12470.5577
      [Iter 200] Action stats: mean=-0.0569±0.7217 [-0.9817-0.9064]
      [Iter 200] Fitness: current=12431.7106, best=12431.7106, diversity=7.089599
      [Iter 200] Reward: 1.0000
  [Iter 200/1000] Best: 12431.7106 | Alpha: 0.1957
UAPSO iteration 850/1000 - Best fitness: 13480.2167
UAPSO iteration 750/1000 - Best fitness: 13125.4497
      [Iter 250] Action stats: mean=-0.2937±0.6185 [-0.9912-0.8583]
  [Iter 250/1000] Best: 12431.6969 | Alpha: 0.1928
UAPSO iteration 600/1000 - Best fitness: 13989.7129
      [Iter 300] Action stats: mean=-0.2724±0.6574 [-0.9705-0.5735]
      [Iter 300] Fitness: current=12431.6969, best=12431.6969, diversity=7.096872
      [Iter 300] Reward: 1.0000
  [Iter 300/1000] Best: 12431.6969 | Alpha: 0.1899
Traditional PSO iteration: 350/1000 - Best fitness: 12470.2081
UAPSO iteration 850/1000 - Best fitness: 13185.8279
UAPSO iteration 800/1000 - Best fitness: 13518.5103
UAPSO iteration 850/1000 - Best fitness: 13345.6585
UAPSO iteration 900/1000 - Best fitness: 13411.1907
      [Iter 350] Action stats: mean=0.3651±0.6859 [-0.9502-0.9701]
  [Iter 350/1000] Best: 12431.2511 | Alpha: 0.1871
UAPSO iteration 700/1000 - Best fitness: 14281.5272
UAPSO iteration 900/1000 - Best fitness: 13309.1712
Traditional PSO iteration: 150/1000 - Best fitness: 12468.7885
      [Iter 400] Action stats: mean=-0.3361±0.5949 [-0.9549-0.5003]
      [Iter 400] Fitness: current=12425.1120, best=12425.1120, diversity=5.055471
      [Iter 400] Reward: -1.0000
  [Iter 400/1000] Best: 12425.1120 | Alpha: 0.1843
Traditional PSO iteration: 400/1000 - Best fitness: 12470.1411
      [Iter 450] Action stats: mean=0.0600±0.5551 [-0.6778-0.9045]
  [Iter 450/1000] Best: 12407.1217 | Alpha: 0.1815
      [Iter 500] Action stats: mean=0.6300±0.3108 [-0.0369-0.9683]
      [Iter 500] Fitness: current=12402.5501, best=12402.5501, diversity=4.665621
      [Iter 500] Reward: -1.0000
  [Iter 500/1000] Best: 12402.5501 | Alpha: 0.1788
Traditional PSO iteration: 450/1000 - Best fitness: 12469.7085
UAPSO iteration 700/1000 - Best fitness: 14017.8801
      [Iter 550] Action stats: mean=0.2592±0.6170 [-0.8100-0.9605]
  [Iter 550/1000] Best: 12390.5816 | Alpha: 0.1762
      [Iter 600] Action stats: mean=-0.0589±0.7292 [-0.9819-0.8480]
      [Iter 600] Fitness: current=12376.2210, best=12376.2210, diversity=2.403603
      [Iter 600] Reward: -1.0000
  [Iter 600/1000] Best: 12376.2210 | Alpha: 0.1735
Traditional PSO iteration: 500/1000 - Best fitness: 12469.6688
UAPSO iteration 800/1000 - Best fitness: 13710.3176
UAPSO iteration 900/1000 - Best fitness: 13279.3344
      [Iter 650] Action stats: mean=0.4215±0.5497 [-0.5143-0.9587]
  [Iter 650/1000] Best: 12366.2372 | Alpha: 0.1710
UAPSO iteration 800/1000 - Best fitness: 13125.4497
Traditional PSO iteration: 550/1000 - Best fitness: 12469.6606
      [Iter 700] Action stats: mean=-0.0406±0.7653 [-0.9751-0.9168]
      [Iter 700] Fitness: current=12364.5955, best=12364.5955, diversity=1.422506
      [Iter 700] Reward: 1.0000
  [Iter 700/1000] Best: 12364.5955 | Alpha: 0.1684
Traditional PSO iteration: 200/1000 - Best fitness: 12468.0612
UAPSO iteration 950/1000 - Best fitness: 13003.7671
      [Iter 750] Action stats: mean=-0.0769±0.6938 [-0.9546-0.9216]
  [Iter 750/1000] Best: 12364.3758 | Alpha: 0.1659
UAPSO iteration 650/1000 - Best fitness: 13989.7129
UAPSO iteration 900/1000 - Best fitness: 13118.4973
UAPSO iteration 900/1000 - Best fitness: 13019.6296
Traditional PSO iteration: 600/1000 - Best fitness: 12469.6554
UAPSO iteration 850/1000 - Best fitness: 13176.93
      [Iter 800] Action stats: mean=-0.2484±0.8183 [-0.9368-0.9504]
      [Iter 800] Fitness: current=12364.3670, best=12364.3670, diversity=1.145235
      [Iter 800] Reward: -1.0000
  [Iter 800/1000] Best: 12364.3670 | Alpha: 0.1634
UAPSO iteration 750/1000 - Best fitness: 14104.9031
      [Iter 850] Action stats: mean=0.1231±0.6385 [-0.6656-0.9709]
  [Iter 850/1000] Best: 12364.3653 | Alpha: 0.1610
Traditional PSO iteration: 650/1000 - Best fitness: 12469.6519
UAPSO iteration 950/1000 - Best fitness: 12925.4412
      [Iter 900] Action stats: mean=0.1974±0.6661 [-0.9291-0.9856]
      [Iter 900] Fitness: current=12364.3590, best=12364.3590, diversity=0.817859
      [Iter 900] Reward: 1.0000
  [Iter 900/1000] Best: 12364.3590 | Alpha: 0.1586
Traditional PSO iteration: 700/1000 - Best fitness: 12469.6487
      [Iter 950] Action stats: mean=0.1235±0.6518 [-0.8932-0.9790]
  [Iter 950/1000] Best: 12364.3586 | Alpha: 0.1562
UAPSO iteration 750/1000 - Best fitness: 13916.3821
      [Iter 1000] Action stats: mean=0.0013±0.6616 [-0.9924-0.7574]
      [Iter 1000] Fitness: current=12364.3585, best=12364.3585, diversity=0.984902
      [Iter 1000] Reward: 1.0000
  [Iter 1000/1000] Best: 12364.3585 | Alpha: 0.1539

╔════════════════════════════════════════════════════════════╗
║              RRSACPSO TRAINING COMPLETE                   ║
╚════════════════════════════════════════════════════════════╝
  Mode:              online
  Episodes:          1
  Iterations/Ep:     1000
  Population Size:   100
  Best Fitness:      12364.3585
  Path Length:       5 waypoints


========== Planning Complete ==========
Algorithm: RRSACPSO
Execution time: 118.1635 seconds
Path length: 303.8689 units
Waypoints: 7
Best fitness: 12364.3585
========================================


========== Direct Global Planning ==========
Algorithm: PSO
Start: [0.0, 0.0, 10.0]
Goal:  [200.0, 200.0, 10.0]
============================================

Starting Traditional PSO path planning with tracking...
Number of Initial feasible particles: 0/100
Traditional PSO iteration: 750/1000 - Best fitness: 12469.6407
Traditional PSO iteration: 250/1000 - Best fitness: 12467.7668
UAPSO iteration 950/1000 - Best fitness: 13093.569
UAPSO iteration 850/1000 - Best fitness: 13516.2608
Traditional PSO iteration: 800/1000 - Best fitness: 12469.6224
UAPSO iteration 1000/1000 - Best fitness: 12679.0854
UAPSO completed with final fitness: 12679.0854

========== Planning Complete ==========
Algorithm: UAPSO
Execution time: 1001.4076 seconds
Path length: 309.6632 units
Waypoints: 7
Best fitness: 12679.0854
========================================


========== Direct Global Planning ==========
Algorithm: RRSACPSO
Start: [0.0, 0.0, 10.0]
Goal:  [200.0, 200.0, 10.0]
============================================


╔══════════════════════════════════════════════════════════╗
║              RRSACPSO Global Path Planning              ║
╚══════════════════════════════════════════════════════════╝

UAPSO iteration 850/1000 - Best fitness: 13125.4497

[Episode 1/1] Starting training...
  Config: mode=online, episodes=1, iterations=1000, popSize=100
UAPSO iteration 950/1000 - Best fitness: 13006.3265
      [Iter  50] Action stats: mean=0.2048±0.6167 [-0.7038-0.9758]
  [Iter  50/1000] Best: 12906.8134 | Alpha: 0.2000
Traditional PSO iteration: 850/1000 - Best fitness: 12469.6192
UAPSO iteration 950/1000 - Best fitness: 12862.9384
      [Iter 100] Action stats: mean=-0.1092±0.6553 [-0.9160-0.9265]
      [Iter 100] Fitness: current=12830.6642, best=12830.6642, diversity=12.374286
      [Iter 100] Reward: -1.0000
  [Iter 100/1000] Best: 12830.6642 | Alpha: 0.2000
UAPSO iteration 900/1000 - Best fitness: 12965.9207
UAPSO iteration 700/1000 - Best fitness: 13989.7129
      [Iter 150] Action stats: mean=0.0755±0.6247 [-0.9200-0.8128]
  [Iter 150/1000] Best: 12732.3849 | Alpha: 0.1986
Traditional PSO iteration: 900/1000 - Best fitness: 12469.6169
Traditional PSO iteration: 50/1000 - Best fitness: 12641.2347
UAPSO iteration 800/1000 - Best fitness: 13939.2528
      [Iter 200] Action stats: mean=-0.0125±0.7971 [-0.9405-0.9477]
      [Iter 200] Fitness: current=12621.4875, best=12621.4875, diversity=9.983842
      [Iter 200] Reward: -1.0000
  [Iter 200/1000] Best: 12621.4875 | Alpha: 0.1957
Traditional PSO iteration: 950/1000 - Best fitness: 12469.6165
UAPSO iteration 1000/1000 - Best fitness: 12819.0523
UAPSO completed with final fitness: 12819.0523

========== Planning Complete ==========
Algorithm: UAPSO
Execution time: 1280.3722 seconds
Path length: 359.2285 units
Waypoints: 7
Best fitness: 12819.0523
========================================


========== Direct Global Planning ==========
Algorithm: RRSACPSO
Start: [0.0, 0.0, 10.0]
Goal:  [200.0, 200.0, 10.0]
============================================


╔══════════════════════════════════════════════════════════╗
║              RRSACPSO Global Path Planning              ║
╚══════════════════════════════════════════════════════════╝

      [Iter 250] Action stats: mean=0.1499±0.6314 [-0.8561-0.9432]
  [Iter 250/1000] Best: 12544.7561 | Alpha: 0.1928
Traditional PSO iteration: 300/1000 - Best fitness: 12467.7261

[Episode 1/1] Starting training...
  Config: mode=online, episodes=1, iterations=1000, popSize=100
      [Iter  50] Action stats: mean=-0.0363±0.7239 [-0.9956-0.8985]
  [Iter  50/1000] Best: 13231.3771 | Alpha: 0.2000
      [Iter 300] Action stats: mean=0.2314±0.7318 [-0.8800-0.9727]
      [Iter 300] Fitness: current=12523.3001, best=12523.3001, diversity=6.236317
      [Iter 300] Reward: 1.0000
  [Iter 300/1000] Best: 12523.3001 | Alpha: 0.1899
Traditional PSO iteration: 1000/1000 - Best fitness: 12469.6162
Traditional PSO completed with final fitness: 12469.6162

========== Planning Complete ==========
Algorithm: PSO
Execution time: 311.7617 seconds
Path length: 286.4626 units
Waypoints: 7
Best fitness: 12469.6162
========================================


========== Direct Global Planning ==========
Algorithm: PSO_LDIW
Start: [0.0, 0.0, 10.0]
Goal:  [200.0, 200.0, 10.0]
============================================

Starting PSO-LDIW (linearly decreasing inertia weight)...
Number of Initial feasible particles: 0/100
PSO-LDIW iteration: 1/1000 - Best fitness: 13650.5685 - w=0.8995, c1=1.5, c2=1.5
      [Iter 100] Action stats: mean=-0.0334±0.6518 [-0.9175-0.7888]
      [Iter 100] Fitness: current=13083.5785, best=13083.5785, diversity=14.571966
      [Iter 100] Reward: 1.0000
  [Iter 100/1000] Best: 13083.5785 | Alpha: 0.2000
UAPSO iteration 800/1000 - Best fitness: 13764.0845
      [Iter 350] Action stats: mean=0.2631±0.5776 [-0.9428-0.8800]
UAPSO iteration 1000/1000 - Best fitness: 12929.7067
UAPSO completed with final fitness: 12929.7067

========== Planning Complete ==========
Algorithm: UAPSO
Execution time: 1098.8909 seconds
Path length: 383.2939 units
Waypoints: 7
Best fitness: 12929.7067
========================================

  [Iter 350/1000] Best: 12508.7604 | Alpha: 0.1871

========== Direct Global Planning ==========
Algorithm: RRSACPSO
Start: [0.0, 0.0, 10.0]
Goal:  [200.0, 200.0, 10.0]
============================================


╔══════════════════════════════════════════════════════════╗
║              RRSACPSO Global Path Planning              ║
╚══════════════════════════════════════════════════════════╝

      [Iter 150] Action stats: mean=-0.2478±0.5784 [-0.7718-0.9779]
  [Iter 150/1000] Best: 12949.2638 | Alpha: 0.1986

[Episode 1/1] Starting training...
  Config: mode=online, episodes=1, iterations=1000, popSize=100
      [Iter  50] Action stats: mean=-0.2542±0.5584 [-0.9633-0.4299]
  [Iter  50/1000] Best: 13311.5154 | Alpha: 0.2000
      [Iter 400] Action stats: mean=0.1818±0.6498 [-0.9273-0.8820]
      [Iter 400] Fitness: current=12505.0481, best=12505.0481, diversity=5.142507
      [Iter 400] Reward: 1.0000
Traditional PSO iteration: 100/1000 - Best fitness: 12463.3972
  [Iter 400/1000] Best: 12505.0481 | Alpha: 0.1843
UAPSO iteration 900/1000 - Best fitness: 13125.6612
      [Iter 200] Action stats: mean=-0.2597±0.6426 [-0.9746-0.9514]
      [Iter 200] Fitness: current=12818.6779, best=12818.6779, diversity=11.608038
      [Iter 200] Reward: 1.0000
  [Iter 200/1000] Best: 12818.6779 | Alpha: 0.1957
      [Iter 100] Action stats: mean=-0.2029±0.6187 [-0.9402-0.7904]
      [Iter 100] Fitness: current=12750.3349, best=12750.3349, diversity=6.857810
      [Iter 100] Reward: 1.0000
  [Iter 100/1000] Best: 12750.3349 | Alpha: 0.2000
UAPSO iteration 900/1000 - Best fitness: 12955.1419
      [Iter 450] Action stats: mean=0.1397±0.4609 [-0.6263-0.7485]
  [Iter 450/1000] Best: 12505.0478 | Alpha: 0.1815
UAPSO iteration 1000/1000 - Best fitness: 12719.2521
UAPSO completed with final fitness: 12719.2521

========== Planning Complete ==========
Algorithm: UAPSO
Execution time: 1145.0853 seconds
Path length: 325.1834 units
Waypoints: 7
Best fitness: 12719.2521
========================================


========== Direct Global Planning ==========
Algorithm: RRSACPSO
Start: [0.0, 0.0, 10.0]
Goal:  [200.0, 200.0, 10.0]
============================================


╔══════════════════════════════════════════════════════════╗
║              RRSACPSO Global Path Planning              ║
╚══════════════════════════════════════════════════════════╝


[Episode 1/1] Starting training...
  Config: mode=online, episodes=1, iterations=1000, popSize=100
      [Iter 250] Action stats: mean=0.2601±0.4934 [-0.6965-0.7863]
  [Iter 250/1000] Best: 12724.5132 | Alpha: 0.1927
UAPSO iteration 1000/1000 - Best fitness: 12672.6455
UAPSO completed with final fitness: 12672.6455

========== Planning Complete ==========
Algorithm: UAPSO
Execution time: 1160.1804 seconds
Path length: 327.7961 units
Waypoints: 7
Best fitness: 12672.6455
========================================

      [Iter 150] Action stats: mean=-0.0226±0.5257 [-0.8513-0.7034]

========== Direct Global Planning ==========
Algorithm: RRSACPSO
Start: [0.0, 0.0, 10.0]
Goal:  [200.0, 200.0, 10.0]
============================================


╔══════════════════════════════════════════════════════════╗
║              RRSACPSO Global Path Planning              ║
╚══════════════════════════════════════════════════════════╝

  [Iter 150/1000] Best: 12699.1587 | Alpha: 0.1986

[Episode 1/1] Starting training...
  Config: mode=online, episodes=1, iterations=1000, popSize=100
PSO-LDIW iteration: 50/1000 - Best fitness: 12837.5039 - w=0.875, c1=1.5, c2=1.5
      [Iter  50] Action stats: mean=-0.0804±0.6693 [-0.8415-0.8053]
  [Iter  50/1000] Best: 13638.1719 | Alpha: 0.2000
      [Iter 500] Action stats: mean=-0.1426±0.5838 [-0.8611-0.9441]
      [Iter 500] Fitness: current=12502.1959, best=12502.1959, diversity=2.043511
      [Iter 500] Reward: -1.0000
  [Iter 500/1000] Best: 12502.1959 | Alpha: 0.1788
      [Iter  50] Action stats: mean=0.2786±0.5919 [-0.5481-0.9979]
  [Iter  50/1000] Best: 13463.5726 | Alpha: 0.2000
UAPSO iteration 950/1000 - Best fitness: 12707.1967
      [Iter 300] Action stats: mean=-0.0762±0.6022 [-0.8836-0.9452]
      [Iter 300] Fitness: current=12619.5507, best=12619.5507, diversity=9.280700
      [Iter 300] Reward: -1.0000
  [Iter 300/1000] Best: 12619.5507 | Alpha: 0.1899
      [Iter 100] Action stats: mean=0.0802±0.7299 [-0.9960-0.9907]
      [Iter 100] Fitness: current=13544.1218, best=13544.1218, diversity=10.214036
      [Iter 100] Reward: -1.0000
  [Iter 100/1000] Best: 13544.1218 | Alpha: 0.2000
      [Iter 200] Action stats: mean=-0.1279±0.6846 [-0.9891-0.9259]
      [Iter 200] Fitness: current=12694.2194, best=12694.2194, diversity=5.192422
      [Iter 200] Reward: -1.0000
  [Iter 200/1000] Best: 12694.2194 | Alpha: 0.1957
      [Iter 100] Action stats: mean=0.4312±0.6099 [-0.8626-0.9517]
      [Iter 100] Fitness: current=13150.3814, best=13150.3814, diversity=13.102550
      [Iter 100] Reward: -1.0000
  [Iter 100/1000] Best: 13150.3814 | Alpha: 0.2000
      [Iter 550] Action stats: mean=-0.0037±0.6061 [-0.8327-0.7691]
  [Iter 550/1000] Best: 12489.8869 | Alpha: 0.1762
      [Iter 350] Action stats: mean=-0.0796±0.6350 [-0.8254-0.8869]
  [Iter 350/1000] Best: 12427.7622 | Alpha: 0.1870
      [Iter 150] Action stats: mean=0.2981±0.6596 [-0.8359-0.9683]
  [Iter 150/1000] Best: 13483.9924 | Alpha: 0.1986
Traditional PSO iteration: 350/1000 - Best fitness: 12467.7114
      [Iter 250] Action stats: mean=0.1393±0.6726 [-0.7063-0.9929]
  [Iter 250/1000] Best: 12692.5297 | Alpha: 0.1928
      [Iter 150] Action stats: mean=0.0000±0.6606 [-0.8886-0.9516]
  [Iter 150/1000] Best: 12913.6427 | Alpha: 0.1986
      [Iter 600] Action stats: mean=0.0053±0.6067 [-0.6339-0.9915]
UAPSO iteration 750/1000 - Best fitness: 13927.8415
UAPSO iteration 850/1000 - Best fitness: 13808.943
      [Iter 600] Fitness: current=12484.2623, best=12484.2623, diversity=1.341446
      [Iter 600] Reward: 1.0000
  [Iter 600/1000] Best: 12484.2623 | Alpha: 0.1735
      [Iter 400] Action stats: mean=0.2090±0.4678 [-0.5883-0.8177]
      [Iter 400] Fitness: current=12385.4669, best=12385.4669, diversity=9.640301
      [Iter 400] Reward: -1.0000
  [Iter 400/1000] Best: 12385.4669 | Alpha: 0.1843
Traditional PSO iteration: 150/1000 - Best fitness: 12413.4151
      [Iter 200] Action stats: mean=0.1833±0.7138 [-0.8390-0.8821]
      [Iter 200] Fitness: current=13270.0632, best=13270.0632, diversity=8.357926
      [Iter 200] Reward: -1.0000
  [Iter 200/1000] Best: 13270.0632 | Alpha: 0.1957
      [Iter 300] Action stats: mean=-0.3031±0.4364 [-0.7680-0.6430]
      [Iter 300] Fitness: current=12690.9888, best=12690.9888, diversity=2.832588
      [Iter 300] Reward: 1.0000
  [Iter 300/1000] Best: 12690.9888 | Alpha: 0.1899
      [Iter 200] Action stats: mean=-0.2132±0.4676 [-0.9709-0.4469]
      [Iter 200] Fitness: current=12857.8654, best=12857.8654, diversity=12.830741
      [Iter 200] Reward: -1.0000
  [Iter 200/1000] Best: 12857.8654 | Alpha: 0.1957
      [Iter 650] Action stats: mean=-0.0191±0.5321 [-0.6653-0.6688]
  [Iter 650/1000] Best: 12474.9175 | Alpha: 0.1710
PSO-LDIW iteration: 100/1000 - Best fitness: 12630.9405 - w=0.85, c1=1.5, c2=1.5
      [Iter 450] Action stats: mean=-0.4365±0.5022 [-0.8883-0.3074]
  [Iter 450/1000] Best: 12367.7429 | Alpha: 0.1815
      [Iter 250] Action stats: mean=-0.3652±0.5353 [-0.8976-0.4535]
  [Iter 250/1000] Best: 13236.9883 | Alpha: 0.1928
      [Iter 350] Action stats: mean=0.0780±0.6984 [-0.8506-0.9444]
  [Iter 350/1000] Best: 12680.9131 | Alpha: 0.1871
      [Iter 250] Action stats: mean=-0.1604±0.5561 [-0.9905-0.7753]
  [Iter 250/1000] Best: 12856.1808 | Alpha: 0.1928
      [Iter 700] Action stats: mean=-0.2681±0.7224 [-0.9392-0.8668]
      [Iter 700] Fitness: current=12473.9716, best=12473.9716, diversity=0.795930
      [Iter 700] Reward: -1.0000
  [Iter 700/1000] Best: 12473.9716 | Alpha: 0.1684
      [Iter 500] Action stats: mean=0.0999±0.6016 [-0.7658-0.8988]
      [Iter 500] Fitness: current=12356.0055, best=12356.0055, diversity=9.184112
      [Iter 500] Reward: 1.0000
  [Iter 500/1000] Best: 12356.0055 | Alpha: 0.1788
      [Iter 300] Action stats: mean=-0.2069±0.6802 [-0.9690-0.6731]
      [Iter 300] Fitness: current=13188.4491, best=13188.4491, diversity=8.057216
      [Iter 300] Reward: -1.0000
  [Iter 300/1000] Best: 13188.4491 | Alpha: 0.1899
      [Iter 400] Action stats: mean=0.0383±0.7270 [-0.9783-0.9922]
      [Iter 400] Fitness: current=12677.3472, best=12677.3472, diversity=3.378638
      [Iter 400] Reward: -1.0000
  [Iter 400/1000] Best: 12677.3472 | Alpha: 0.1843
UAPSO iteration 850/1000 - Best fitness: 13431.6748
      [Iter 300] Action stats: mean=0.1999±0.6363 [-0.9573-0.8713]
      [Iter 300] Fitness: current=12689.7947, best=12689.7947, diversity=9.980404
      [Iter 300] Reward: 1.0000
  [Iter 300/1000] Best: 12689.7947 | Alpha: 0.1899
      [Iter 750] Action stats: mean=0.1193±0.6586 [-0.7990-0.9521]
  [Iter 750/1000] Best: 12472.4528 | Alpha: 0.1659
      [Iter 550] Action stats: mean=-0.0096±0.5124 [-0.6462-0.7824]
  [Iter 550/1000] Best: 12350.2989 | Alpha: 0.1761
      [Iter 350] Action stats: mean=-0.1134±0.8063 [-0.9606-0.9854]
      [Iter 450] Action stats: mean=0.3455±0.5886 [-0.6774-0.9788]
  [Iter 450/1000] Best: 12674.6554 | Alpha: 0.1815
  [Iter 350/1000] Best: 12916.6552 | Alpha: 0.1871
Traditional PSO iteration: 200/1000 - Best fitness: 12361.8964
      [Iter 350] Action stats: mean=-0.0156±0.6251 [-0.7599-0.9391]
  [Iter 350/1000] Best: 12593.2423 | Alpha: 0.1871
      [Iter 800] Action stats: mean=0.1239±0.6892 [-0.9175-0.9864]
      [Iter 800] Fitness: current=12472.0607, best=12472.0607, diversity=0.769347
      [Iter 800] Reward: -1.0000
  [Iter 800/1000] Best: 12472.0607 | Alpha: 0.1634
UAPSO iteration 950/1000 - Best fitness: 12862.1936
      [Iter 600] Action stats: mean=-0.0808±0.7171 [-0.9730-0.7105]
      [Iter 600] Fitness: current=12348.7086, best=12348.7086, diversity=7.513758
      [Iter 600] Reward: 1.0000
  [Iter 600/1000] Best: 12348.7086 | Alpha: 0.1735
      [Iter 500] Action stats: mean=0.1911±0.4694 [-0.4714-0.7215]
      [Iter 500] Fitness: current=12672.3524, best=12672.3524, diversity=2.820140
      [Iter 500] Reward: -1.0000
  [Iter 500/1000] Best: 12672.3524 | Alpha: 0.1788
      [Iter 400] Action stats: mean=0.0242±0.7080 [-0.9694-0.9384]
      [Iter 400] Fitness: current=12736.4663, best=12736.4663, diversity=4.744590
      [Iter 400] Reward: -1.0000
  [Iter 400/1000] Best: 12736.4663 | Alpha: 0.1843
PSO-LDIW iteration: 150/1000 - Best fitness: 12601.7886 - w=0.825, c1=1.5, c2=1.5
      [Iter 400] Action stats: mean=0.1298±0.4744 [-0.7009-0.5791]
      [Iter 400] Fitness: current=12567.6482, best=12567.6482, diversity=7.208731
      [Iter 400] Reward: 1.0000
  [Iter 400/1000] Best: 12567.6482 | Alpha: 0.1843
      [Iter 850] Action stats: mean=0.0519±0.6471 [-0.7910-0.9845]
  [Iter 850/1000] Best: 12471.5510 | Alpha: 0.1611
UAPSO iteration 950/1000 - Best fitness: 12960.7737
      [Iter 650] Action stats: mean=0.3696±0.5872 [-0.5636-0.9236]
  [Iter 650/1000] Best: 12347.7892 | Alpha: 0.1709
      [Iter 550] Action stats: mean=-0.0640±0.4376 [-0.7579-0.4781]
  [Iter 550/1000] Best: 12671.2459 | Alpha: 0.1762
      [Iter 450] Action stats: mean=-0.1067±0.7302 [-0.9995-0.9780]
  [Iter 450/1000] Best: 12606.2702 | Alpha: 0.1816
      [Iter 450] Action stats: mean=-0.2453±0.5438 [-0.8477-0.6849]
  [Iter 450/1000] Best: 12514.0755 | Alpha: 0.1815
UAPSO iteration 1000/1000 - Best fitness: 12463.2409
UAPSO completed with final fitness: 12463.2409

========== Planning Complete ==========
Algorithm: UAPSO
Execution time: 1196.0432 seconds
Path length: 325.1705 units
Waypoints: 7
Best fitness: 12463.2409
========================================


========== Direct Global Planning ==========
Algorithm: RRSACPSO
Start: [0.0, 0.0, 10.0]
Goal:  [200.0, 200.0, 10.0]
============================================


╔══════════════════════════════════════════════════════════╗
║              RRSACPSO Global Path Planning              ║
╚══════════════════════════════════════════════════════════╝

      [Iter 900] Action stats: mean=0.1823±0.6524 [-0.8608-0.9494]
Traditional PSO iteration: 400/1000 - Best fitness: 12467.7087
      [Iter 900] Fitness: current=12471.3778, best=12471.3778, diversity=0.793643
      [Iter 900] Reward: 1.0000
  [Iter 900/1000] Best: 12471.3778 | Alpha: 0.1588

[Episode 1/1] Starting training...
  Config: mode=online, episodes=1, iterations=1000, popSize=100
      [Iter 700] Action stats: mean=0.3845±0.4788 [-0.4894-0.8754]
      [Iter 700] Fitness: current=12346.5517, best=12346.5517, diversity=6.281405
      [Iter 700] Reward: -1.0000
  [Iter 700/1000] Best: 12346.5517 | Alpha: 0.1684
      [Iter 600] Action stats: mean=0.0686±0.6702 [-0.8654-0.8901]
      [Iter 600] Fitness: current=12669.5812, best=12669.5812, diversity=1.353989
      [Iter 600] Reward: -1.0000
  [Iter 600/1000] Best: 12669.5812 | Alpha: 0.1735
      [Iter 500] Action stats: mean=-0.2142±0.7087 [-0.8849-0.9978]
      [Iter 500] Fitness: current=12582.5628, best=12582.5628, diversity=1.225390
      [Iter 500] Reward: 1.0000
  [Iter 500/1000] Best: 12582.5628 | Alpha: 0.1789
Traditional PSO iteration: 250/1000 - Best fitness: 12352.6454
      [Iter  50] Action stats: mean=0.2189±0.6479 [-0.9000-0.9577]
  [Iter  50/1000] Best: 13005.7789 | Alpha: 0.2000
      [Iter 500] Action stats: mean=-0.0053±0.6240 [-0.9544-0.6153]
      [Iter 500] Fitness: current=12479.3148, best=12479.3148, diversity=6.769215
      [Iter 500] Reward: 1.0000
  [Iter 500/1000] Best: 12479.3148 | Alpha: 0.1788
      [Iter 950] Action stats: mean=0.1791±0.6236 [-0.8321-0.7937]
  [Iter 950/1000] Best: 12471.3347 | Alpha: 0.1566
      [Iter 750] Action stats: mean=-0.0428±0.6592 [-0.8055-0.9639]
  [Iter 750/1000] Best: 12346.5015 | Alpha: 0.1659
      [Iter 100] Action stats: mean=0.0158±0.8561 [-0.9766-0.9717]
      [Iter 100] Fitness: current=12938.0232, best=12938.0232, diversity=17.569795
      [Iter 100] Reward: -1.0000
  [Iter 100/1000] Best: 12938.0232 | Alpha: 0.2000
      [Iter 650] Action stats: mean=0.0968±0.5993 [-0.9593-0.9166]
  [Iter 650/1000] Best: 12668.9508 | Alpha: 0.1710
      [Iter 550] Action stats: mean=-0.1072±0.5810 [-0.6463-0.8957]
  [Iter 550/1000] Best: 12544.0712 | Alpha: 0.1762
      [Iter 550] Action stats: mean=-0.1430±0.4562 [-0.9683-0.7298]
  [Iter 550/1000] Best: 12478.7831 | Alpha: 0.1762
      [Iter 1000] Action stats: mean=0.0220±0.6514 [-0.8214-0.9343]
      [Iter 1000] Fitness: current=12471.3279, best=12471.3279, diversity=0.656541
      [Iter 1000] Reward: 1.0000
  [Iter 1000/1000] Best: 12471.3279 | Alpha: 0.1546

╔════════════════════════════════════════════════════════════╗
║              RRSACPSO TRAINING COMPLETE                   ║
╚════════════════════════════════════════════════════════════╝
  Mode:              online
  Episodes:          1
  Iterations/Ep:     1000
  Population Size:   100
  Best Fitness:      12471.3279
  Path Length:       5 waypoints


========== Planning Complete ==========
Algorithm: RRSACPSO
Execution time: 131.5540 seconds
Path length: 296.9643 units
Waypoints: 7
Best fitness: 12471.3279
========================================


========== Direct Global Planning ==========
Algorithm: PSO
Start: [0.0, 0.0, 10.0]
Goal:  [200.0, 200.0, 10.0]
============================================

Starting Traditional PSO path planning with tracking...
Number of Initial feasible particles: 0/100
      [Iter 150] Action stats: mean=0.1973±0.6471 [-0.7625-0.9748]
      [Iter 800] Action stats: mean=-0.1192±0.6548 [-0.8984-0.9327]
  [Iter 150/1000] Best: 12845.0649 | Alpha: 0.1986
      [Iter 800] Fitness: current=12346.4752, best=12346.4752, diversity=4.973639
      [Iter 800] Reward: 1.0000
  [Iter 800/1000] Best: 12346.4752 | Alpha: 0.1634
      [Iter 700] Action stats: mean=-0.2158±0.6350 [-0.9848-0.7183]
      [Iter 700] Fitness: current=12668.8167, best=12668.8167, diversity=0.159796
      [Iter 700] Reward: 1.0000
  [Iter 700/1000] Best: 12668.8167 | Alpha: 0.1684
      [Iter 600] Action stats: mean=-0.2137±0.6293 [-0.9575-0.5966]
      [Iter 600] Fitness: current=12539.6602, best=12539.6602, diversity=1.029218
      [Iter 600] Reward: -1.0000
  [Iter 600/1000] Best: 12539.6602 | Alpha: 0.1736
UAPSO iteration 900/1000 - Best fitness: 13465.1339
      [Iter 600] Action stats: mean=0.1313±0.5778 [-0.9945-0.9018]
      [Iter 600] Fitness: current=12474.9620, best=12474.9620, diversity=5.377566
      [Iter 600] Reward: -1.0000
  [Iter 600/1000] Best: 12474.9620 | Alpha: 0.1735
      [Iter 850] Action stats: mean=0.1872±0.5098 [-0.7624-0.7964]
  [Iter 850/1000] Best: 12345.4789 | Alpha: 0.1611
      [Iter 200] Action stats: mean=0.1553±0.5759 [-0.7529-0.9597]
      [Iter 200] Fitness: current=12595.3807, best=12595.3807, diversity=15.889483
      [Iter 200] Reward: 1.0000
  [Iter 200/1000] Best: 12595.3807 | Alpha: 0.1957
UAPSO iteration 800/1000 - Best fitness: 13645.1172
PSO-LDIW iteration: 200/1000 - Best fitness: 12578.0643 - w=0.8, c1=1.5, c2=1.5
      [Iter 750] Action stats: mean=-0.0213±0.5468 [-0.8774-0.7120]
  [Iter 750/1000] Best: 12668.8061 | Alpha: 0.1659
Traditional PSO iteration: 300/1000 - Best fitness: 12350.9027
      [Iter 650] Action stats: mean=-0.2753±0.5226 [-0.9445-0.6393]
  [Iter 650/1000] Best: 12537.7727 | Alpha: 0.1710
      [Iter 650] Action stats: mean=-0.3542±0.5222 [-0.8871-0.7333]
  [Iter 650/1000] Best: 12469.9391 | Alpha: 0.1710
      [Iter 900] Action stats: mean=0.2840±0.5287 [-0.7655-0.9629]
      [Iter 900] Fitness: current=12345.4558, best=12345.4558, diversity=5.846074
      [Iter 900] Reward: 1.0000
  [Iter 900/1000] Best: 12345.4558 | Alpha: 0.1587
      [Iter 250] Action stats: mean=0.0122±0.5912 [-0.6907-0.9840]
      [Iter 800] Action stats: mean=-0.2669±0.6542 [-0.8834-0.7838]
      [Iter 800] Fitness: current=12668.8005, best=12668.8005, diversity=0.159705
      [Iter 800] Reward: -1.0000
  [Iter 800/1000] Best: 12668.8005 | Alpha: 0.1634
      [Iter 700] Action stats: mean=0.3222±0.5655 [-0.5448-0.9742]
      [Iter 700] Fitness: current=12537.6014, best=12537.6014, diversity=0.525199
      [Iter 700] Reward: 1.0000
  [Iter 250/1000] Best: 12505.0223 | Alpha: 0.1927
  [Iter 700/1000] Best: 12537.6014 | Alpha: 0.1685
      [Iter 700] Action stats: mean=-0.3867±0.7342 [-0.9486-0.9926]
      [Iter 700] Fitness: current=12459.0410, best=12459.0410, diversity=4.314759
      [Iter 700] Reward: 1.0000
  [Iter 700/1000] Best: 12459.0410 | Alpha: 0.1684
UAPSO iteration 900/1000 - Best fitness: 13302.5431
      [Iter 950] Action stats: mean=0.2071±0.6584 [-0.8290-0.9386]
  [Iter 950/1000] Best: 12345.2194 | Alpha: 0.1565
UAPSO iteration 1000/1000 - Best fitness: 12856.6365
UAPSO completed with final fitness: 12856.6365

========== Planning Complete ==========
Algorithm: UAPSO
Execution time: 1104.1469 seconds
Path length: 366.0539 units
Waypoints: 7
Best fitness: 12856.6365
========================================

      [Iter 850] Action stats: mean=-0.3174±0.4655 [-0.9440-0.2977]

========== Direct Global Planning ==========
Algorithm: RRSACPSO
Start: [0.0, 0.0, 10.0]
Goal:  [200.0, 200.0, 10.0]
============================================


╔══════════════════════════════════════════════════════════╗
║              RRSACPSO Global Path Planning              ║
╚══════════════════════════════════════════════════════════╝

      [Iter 300] Action stats: mean=0.1385±0.4262 [-0.5506-0.6327]
  [Iter 850/1000] Best: 12668.7995 | Alpha: 0.1610
      [Iter 750] Action stats: mean=-0.1551±0.5465 [-0.8228-0.8360]
      [Iter 300] Fitness: current=12496.2153, best=12496.2153, diversity=13.376014
      [Iter 300] Reward: -1.0000
  [Iter 300/1000] Best: 12496.2153 | Alpha: 0.1899
  [Iter 750/1000] Best: 12536.4180 | Alpha: 0.1661

[Episode 1/1] Starting training...
  Config: mode=online, episodes=1, iterations=1000, popSize=100
      [Iter 750] Action stats: mean=-0.2175±0.5741 [-0.8182-0.9897]
  [Iter 750/1000] Best: 12433.0697 | Alpha: 0.1660
      [Iter  50] Action stats: mean=-0.0855±0.6110 [-0.6447-0.9823]
Traditional PSO iteration: 50/1000 - Best fitness: 13184.7892
  [Iter  50/1000] Best: 12787.4104 | Alpha: 0.2000
      [Iter 1000] Action stats: mean=-0.0707±0.6572 [-0.9054-0.9554]
      [Iter 1000] Fitness: current=12345.1105, best=12345.1105, diversity=2.771566
      [Iter 1000] Reward: 1.0000
  [Iter 1000/1000] Best: 12345.1105 | Alpha: 0.1544

╔════════════════════════════════════════════════════════════╗
║              RRSACPSO TRAINING COMPLETE                   ║
╚════════════════════════════════════════════════════════════╝
  Mode:              online
  Episodes:          1
  Iterations/Ep:     1000
  Population Size:   100
  Best Fitness:      12345.1105
  Path Length:       5 waypoints


========== Planning Complete ==========
Algorithm: RRSACPSO
Execution time: 129.6524 seconds
Path length: 317.5272 units
Waypoints: 7
Best fitness: 12345.1105
========================================


========== Direct Global Planning ==========
Algorithm: PSO
Start: [0.0, 0.0, 10.0]
Goal:  [200.0, 200.0, 10.0]
============================================

Starting Traditional PSO path planning with tracking...
      [Iter 900] Action stats: mean=0.1989±0.5468 [-0.6015-0.9907]
      [Iter 900] Fitness: current=12668.7990, best=12668.7990, diversity=0.085969
      [Iter 900] Reward: -1.0000
  [Iter 900/1000] Best: 12668.7990 | Alpha: 0.1586
      [Iter 350] Action stats: mean=0.0698±0.5894 [-0.8866-0.7833]
  [Iter 350/1000] Best: 12490.7258 | Alpha: 0.1870
Number of Initial feasible particles: 0/100
      [Iter 800] Action stats: mean=-0.2329±0.5122 [-0.9077-0.5430]
      [Iter 800] Fitness: current=12536.4161, best=12536.4161, diversity=0.257097
      [Iter 800] Reward: 1.0000
  [Iter 800/1000] Best: 12536.4161 | Alpha: 0.1638
Traditional PSO iteration: 450/1000 - Best fitness: 12467.708
      [Iter 800] Action stats: mean=-0.1836±0.6100 [-0.7883-0.7909]
      [Iter 800] Fitness: current=12428.6910, best=12428.6910, diversity=3.408306
      [Iter 800] Reward: 1.0000
  [Iter 800/1000] Best: 12428.6910 | Alpha: 0.1635
Traditional PSO iteration: 350/1000 - Best fitness: 12346.8598
      [Iter 100] Action stats: mean=-0.2646±0.6307 [-0.8876-0.9801]
      [Iter 100] Fitness: current=12499.4738, best=12499.4738, diversity=13.922239
      [Iter 100] Reward: -1.0000
  [Iter 100/1000] Best: 12499.4738 | Alpha: 0.2000
      [Iter 950] Action stats: mean=-0.0110±0.5610 [-0.8490-0.8540]
  [Iter 950/1000] Best: 12668.7990 | Alpha: 0.1562
      [Iter 400] Action stats: mean=-0.0818±0.6293 [-0.8859-0.6918]
      [Iter 400] Fitness: current=12487.9773, best=12487.9773, diversity=11.745817
      [Iter 400] Reward: -1.0000
  [Iter 400/1000] Best: 12487.9773 | Alpha: 0.1843
      [Iter 850] Action stats: mean=0.0073±0.6006 [-0.9071-0.9467]
  [Iter 850/1000] Best: 12536.4159 | Alpha: 0.1615
      [Iter 850] Action stats: mean=-0.0785±0.6472 [-0.8602-0.9377]
  [Iter 850/1000] Best: 12428.6265 | Alpha: 0.1611
      [Iter 150] Action stats: mean=-0.0660±0.7101 [-0.8801-0.8408]
  [Iter 150/1000] Best: 12499.4738 | Alpha: 0.1986
UAPSO iteration 1000/1000 - Best fitness: 12679.0623
UAPSO completed with final fitness: 12679.0623

========== Planning Complete ==========
Algorithm: UAPSO
Execution time: 1202.6244 seconds
Path length: 330.1763 units
Waypoints: 7
Best fitness: 12679.0623
========================================


========== Direct Global Planning ==========
Algorithm: RRSACPSO
Start: [0.0, 0.0, 10.0]
Goal:  [200.0, 200.0, 10.0]
============================================


╔══════════════════════════════════════════════════════════╗
║              RRSACPSO Global Path Planning              ║
╚══════════════════════════════════════════════════════════╝


[Episode 1/1] Starting training...
  Config: mode=online, episodes=1, iterations=1000, popSize=100
PSO-LDIW iteration: 250/1000 - Best fitness: 12550.7143 - w=0.775, c1=1.5, c2=1.5
      [Iter 1000] Action stats: mean=0.1882±0.5396 [-0.9625-0.9770]
      [Iter 1000] Fitness: current=12668.7990, best=12668.7990, diversity=0.029650
      [Iter 1000] Reward: -1.0000
  [Iter 1000/1000] Best: 12668.7990 | Alpha: 0.1539

╔════════════════════════════════════════════════════════════╗
║              RRSACPSO TRAINING COMPLETE                   ║
╚════════════════════════════════════════════════════════════╝
  Mode:              online
  Episodes:          1
  Iterations/Ep:     1000
  Population Size:   100
  Best Fitness:      12668.7990
  Path Length:       5 waypoints


========== Planning Complete ==========
Algorithm: RRSACPSO
Execution time: 128.8569 seconds
Path length: 290.4027 units
Waypoints: 7
Best fitness: 12668.7990
========================================

      [Iter 450] Action stats: mean=0.0598±0.6410 [-0.9391-0.7431]

========== Direct Global Planning ==========
Algorithm: PSO
Start: [0.0, 0.0, 10.0]
Goal:  [200.0, 200.0, 10.0]
============================================

Starting Traditional PSO path planning with tracking...
      [Iter 900] Action stats: mean=0.1957±0.5317 [-0.7530-0.8495]
      [Iter 900] Fitness: current=12536.4154, best=12536.4154, diversity=0.204612
      [Iter 900] Reward: 1.0000
  [Iter 900/1000] Best: 12536.4154 | Alpha: 0.1593
  [Iter 450/1000] Best: 12485.1632 | Alpha: 0.1815
Number of Initial feasible particles: 0/100
      [Iter 900] Action stats: mean=0.0344±0.5995 [-0.9175-0.9277]
      [Iter 900] Fitness: current=12428.6132, best=12428.6132, diversity=3.086173
      [Iter 900] Reward: 1.0000
  [Iter 900/1000] Best: 12428.6132 | Alpha: 0.1587
      [Iter  50] Action stats: mean=0.1145±0.5646 [-0.7052-0.9221]
  [Iter  50/1000] Best: 12945.3234 | Alpha: 0.2000
      [Iter 200] Action stats: mean=-0.3285±0.4069 [-0.8475-0.2582]
      [Iter 200] Fitness: current=12437.5376, best=12437.5376, diversity=9.952058
      [Iter 200] Reward: -1.0000
  [Iter 200/1000] Best: 12437.5376 | Alpha: 0.1957
      [Iter 100] Action stats: mean=-0.0480±0.7040 [-0.9757-0.7529]
      [Iter 500] Action stats: mean=0.0998±0.6911 [-0.8398-0.8511]
      [Iter 100] Fitness: current=12635.1265, best=12635.1265, diversity=9.224054
      [Iter 100] Reward: -1.0000
  [Iter 100/1000] Best: 12635.1265 | Alpha: 0.2000
      [Iter 500] Fitness: current=12484.8559, best=12484.8559, diversity=9.553276
      [Iter 500] Reward: 1.0000
  [Iter 500/1000] Best: 12484.8559 | Alpha: 0.1788
      [Iter 950] Action stats: mean=-0.0411±0.6916 [-0.8757-0.9674]
  [Iter 950/1000] Best: 12536.4154 | Alpha: 0.1572
Traditional PSO iteration: 400/1000 - Best fitness: 12346.1932
      [Iter 950] Action stats: mean=-0.0519±0.7357 [-0.9084-0.9438]
  [Iter 950/1000] Best: 12428.6131 | Alpha: 0.1563
      [Iter 250] Action stats: mean=0.3020±0.4750 [-0.4420-0.8558]
  [Iter 250/1000] Best: 12426.9176 | Alpha: 0.1928
      [Iter 150] Action stats: mean=0.0103±0.6863 [-0.8172-0.9865]
  [Iter 150/1000] Best: 12567.5856 | Alpha: 0.1986
Traditional PSO iteration: 100/1000 - Best fitness: 12607.4319
      [Iter 550] Action stats: mean=-0.0946±0.8138 [-0.9860-0.9756]
  [Iter 550/1000] Best: 12484.5697 | Alpha: 0.1762
      [Iter 1000] Action stats: mean=-0.2181±0.5545 [-0.8279-0.6320]
      [Iter 1000] Fitness: current=12536.4147, best=12536.4147, diversity=0.000028
      [Iter 1000] Reward: -1.0000
  [Iter 1000/1000] Best: 12536.4147 | Alpha: 0.1553

╔════════════════════════════════════════════════════════════╗
║              RRSACPSO TRAINING COMPLETE                   ║
╚════════════════════════════════════════════════════════════╝
  Mode:              online
  Episodes:          1
  Iterations/Ep:     1000
  Population Size:   100
  Best Fitness:      12536.4147
  Path Length:       5 waypoints


========== Planning Complete ==========
Algorithm: RRSACPSO
Execution time: 132.1537 seconds
Path length: 294.6433 units
Waypoints: 7
Best fitness: 12536.4147
========================================


========== Direct Global Planning ==========
Algorithm: PSO
Start: [0.0, 0.0, 10.0]
Goal:  [200.0, 200.0, 10.0]
============================================

Starting Traditional PSO path planning with tracking...
Number of Initial feasible particles: 0/100
UAPSO iteration 950/1000 - Best fitness: 13180.4477
      [Iter 1000] Action stats: mean=-0.0529±0.5973 [-0.6670-0.9436]
      [Iter 1000] Fitness: current=12428.6131, best=12428.6131, diversity=2.046027
      [Iter 1000] Reward: 1.0000
  [Iter 1000/1000] Best: 12428.6131 | Alpha: 0.1544

╔════════════════════════════════════════════════════════════╗
║              RRSACPSO TRAINING COMPLETE                   ║
╚════════════════════════════════════════════════════════════╝
  Mode:              online
  Episodes:          1
  Iterations/Ep:     1000
  Population Size:   100
  Best Fitness:      12428.6131
  Path Length:       5 waypoints


========== Planning Complete ==========
Algorithm: RRSACPSO
Execution time: 131.4327 seconds
Path length: 331.8600 units
Waypoints: 7
Best fitness: 12428.6131
========================================

Traditional PSO iteration: 50/1000 - Best fitness: 12505.7071

========== Direct Global Planning ==========
Algorithm: PSO
Start: [0.0, 0.0, 10.0]
Goal:  [200.0, 200.0, 10.0]
============================================

Starting Traditional PSO path planning with tracking...
Number of Initial feasible particles: 0/100
      [Iter 300] Action stats: mean=-0.3319±0.6908 [-0.9958-0.8258]
      [Iter 300] Fitness: current=12405.4026, best=12405.4026, diversity=7.338724
      [Iter 300] Reward: 1.0000
  [Iter 300/1000] Best: 12405.4026 | Alpha: 0.1899
      [Iter 200] Action stats: mean=0.3999±0.4260 [-0.5662-0.8385]
      [Iter 200] Fitness: current=12538.8105, best=12538.8105, diversity=8.709489
      [Iter 200] Reward: 1.0000
  [Iter 200/1000] Best: 12538.8105 | Alpha: 0.1957
      [Iter 600] Action stats: mean=0.1866±0.6882 [-0.6303-0.9695]
      [Iter 600] Fitness: current=12484.4791, best=12484.4791, diversity=9.069296
      [Iter 600] Reward: 1.0000
  [Iter 600/1000] Best: 12484.4791 | Alpha: 0.1735
      [Iter 350] Action stats: mean=-0.1318±0.8208 [-0.9534-0.9786]
  [Iter 350/1000] Best: 12405.3972 | Alpha: 0.1871
      [Iter 250] Action stats: mean=0.2016±0.7017 [-0.9790-0.9457]
      [Iter 650] Action stats: mean=-0.0364±0.6504 [-0.8110-0.9435]
  [Iter 650/1000] Best: 12484.4775 | Alpha: 0.1709
Traditional PSO iteration: 450/1000 - Best fitness: 12346.0048
  [Iter 250/1000] Best: 12524.9684 | Alpha: 0.1928
UAPSO iteration 950/1000 - Best fitness: 12977.0384
Traditional PSO iteration: 50/1000 - Best fitness: 13118.8877
UAPSO iteration 850/1000 - Best fitness: 13409.2914
      [Iter 400] Action stats: mean=0.0232±0.7084 [-0.9705-0.8662]
      [Iter 400] Fitness: current=12405.3972, best=12405.3972, diversity=6.931324
      [Iter 400] Reward: -1.0000
  [Iter 400/1000] Best: 12405.3972 | Alpha: 0.1843
PSO-LDIW iteration: 300/1000 - Best fitness: 12538.4737 - w=0.75, c1=1.5, c2=1.5
      [Iter 300] Action stats: mean=-0.0284±0.5763 [-0.8869-0.7809]
Traditional PSO iteration: 500/1000 - Best fitness: 12467.3724
      [Iter 300] Fitness: current=12524.9684, best=12524.9684, diversity=7.878782
      [Iter 300] Reward: -1.0000
  [Iter 300/1000] Best: 12524.9684 | Alpha: 0.1899
      [Iter 700] Action stats: mean=0.0587±0.6142 [-0.8586-0.8746]
      [Iter 700] Fitness: current=12484.0900, best=12484.0900, diversity=6.101769
      [Iter 700] Reward: 1.0000
  [Iter 700/1000] Best: 12484.0900 | Alpha: 0.1684
      [Iter 450] Action stats: mean=-0.0653±0.7291 [-0.9484-0.9259]
  [Iter 450/1000] Best: 12366.7546 | Alpha: 0.1815
      [Iter 350] Action stats: mean=0.0250±0.5765 [-0.6481-0.9575]
  [Iter 350/1000] Best: 12515.5183 | Alpha: 0.1871
      [Iter 750] Action stats: mean=0.0508±0.5029 [-0.7134-0.8465]
  [Iter 750/1000] Best: 12483.8969 | Alpha: 0.1659
      [Iter 500] Action stats: mean=0.1603±0.5664 [-0.9340-0.8035]
      [Iter 500] Fitness: current=12336.5988, best=12336.5988, diversity=6.943824
      [Iter 500] Reward: -1.0000
  [Iter 500/1000] Best: 12336.5988 | Alpha: 0.1788
Traditional PSO iteration: 100/1000 - Best fitness: 12458.7735
Traditional PSO iteration: 500/1000 - Best fitness: 12345.4624
Traditional PSO iteration: 150/1000 - Best fitness: 12521.0444
      [Iter 400] Action stats: mean=0.0019±0.5630 [-0.9763-0.6729]
      [Iter 400] Fitness: current=12505.9854, best=12505.9854, diversity=4.321989
      [Iter 400] Reward: -1.0000
  [Iter 400/1000] Best: 12505.9854 | Alpha: 0.1843
      [Iter 800] Action stats: mean=0.2167±0.5776 [-0.8321-0.8346]
      [Iter 800] Fitness: current=12483.3846, best=12483.3846, diversity=5.765862
      [Iter 800] Reward: 1.0000
  [Iter 800/1000] Best: 12483.3846 | Alpha: 0.1634
Traditional PSO iteration: 50/1000 - Best fitness: 12644.9099
      [Iter 550] Action stats: mean=0.0661±0.3968 [-0.5183-0.6590]
  [Iter 550/1000] Best: 12326.3366 | Alpha: 0.1762
Traditional PSO iteration: 50/1000 - Best fitness: 13177.1844
      [Iter 450] Action stats: mean=-0.0130±0.7137 [-0.9652-0.7650]
  [Iter 450/1000] Best: 12485.9041 | Alpha: 0.1815
      [Iter 850] Action stats: mean=-0.0412±0.6210 [-0.9921-0.9620]
  [Iter 850/1000] Best: 12483.3040 | Alpha: 0.1610
      [Iter 600] Action stats: mean=-0.0691±0.5979 [-0.8246-0.9058]
      [Iter 600] Fitness: current=12318.4028, best=12318.4028, diversity=5.170382
      [Iter 600] Reward: -1.0000
  [Iter 600/1000] Best: 12318.4028 | Alpha: 0.1737
      [Iter 500] Action stats: mean=0.0314±0.6172 [-0.9163-0.9409]
      [Iter 500] Fitness: current=12464.1814, best=12464.1814, diversity=4.016502
      [Iter 500] Reward: -1.0000
  [Iter 500/1000] Best: 12464.1814 | Alpha: 0.1788
      [Iter 900] Action stats: mean=-0.3116±0.6562 [-0.9408-0.9140]
      [Iter 900] Fitness: current=12483.2979, best=12483.2979, diversity=3.831863
      [Iter 900] Reward: 1.0000
  [Iter 900/1000] Best: 12483.2979 | Alpha: 0.1586
Traditional PSO iteration: 100/1000 - Best fitness: 12586.19
Traditional PSO iteration: 550/1000 - Best fitness: 12345.4265
      [Iter 650] Action stats: mean=-0.2401±0.6200 [-0.9738-0.4719]
  [Iter 650/1000] Best: 12307.0765 | Alpha: 0.1711
UAPSO iteration 1000/1000 - Best fitness: 12934.7249
UAPSO completed with final fitness: 12934.7249

========== Planning Complete ==========
Algorithm: UAPSO
Execution time: 1121.4786 seconds
Path length: 330.5735 units
Waypoints: 7
Best fitness: 12934.7249
========================================


========== Direct Global Planning ==========
Algorithm: RRSACPSO
Start: [0.0, 0.0, 10.0]
Goal:  [200.0, 200.0, 10.0]
============================================


╔══════════════════════════════════════════════════════════╗
║              RRSACPSO Global Path Planning              ║
╚══════════════════════════════════════════════════════════╝


[Episode 1/1] Starting training...
  Config: mode=online, episodes=1, iterations=1000, popSize=100
      [Iter 550] Action stats: mean=0.0186±0.7850 [-0.9882-0.9408]
  [Iter 550/1000] Best: 12460.7917 | Alpha: 0.1762
      [Iter 950] Action stats: mean=-0.2054±0.6299 [-0.9701-0.5710]
  [Iter 950/1000] Best: 12483.2917 | Alpha: 0.1562
PSO-LDIW iteration: 350/1000 - Best fitness: 12522.6893 - w=0.725, c1=1.5, c2=1.5
Traditional PSO iteration: 150/1000 - Best fitness: 12454.0933
      [Iter  50] Action stats: mean=0.1087±0.8109 [-0.8745-0.9939]
  [Iter  50/1000] Best: 12930.1516 | Alpha: 0.2000
      [Iter 700] Action stats: mean=0.1537±0.5543 [-0.7356-0.9430]
      [Iter 700] Fitness: current=12301.2993, best=12301.2993, diversity=2.652969
      [Iter 700] Reward: 1.0000
  [Iter 700/1000] Best: 12301.2993 | Alpha: 0.1685
      [Iter 600] Action stats: mean=-0.1430±0.5434 [-0.8955-0.5772]
      [Iter 600] Fitness: current=12431.7041, best=12431.7041, diversity=2.789350
      [Iter 600] Reward: -1.0000
  [Iter 600/1000] Best: 12431.7041 | Alpha: 0.1735
      [Iter 1000] Action stats: mean=-0.4500±0.4465 [-0.9626-0.4052]
      [Iter 1000] Fitness: current=12483.2904, best=12483.2904, diversity=1.539044
      [Iter 1000] Reward: 1.0000
  [Iter 1000/1000] Best: 12483.2904 | Alpha: 0.1539

╔════════════════════════════════════════════════════════════╗
║              RRSACPSO TRAINING COMPLETE                   ║
╚════════════════════════════════════════════════════════════╝
  Mode:              online
  Episodes:          1
  Iterations/Ep:     1000
  Population Size:   100
  Best Fitness:      12483.2904
  Path Length:       5 waypoints


========== Planning Complete ==========
Algorithm: RRSACPSO
Execution time: 130.6389 seconds
Path length: 354.2940 units
Waypoints: 7
Best fitness: 12483.2904
========================================


========== Direct Global Planning ==========
Algorithm: PSO
Start: [0.0, 0.0, 10.0]
Goal:  [200.0, 200.0, 10.0]
============================================

Starting Traditional PSO path planning with tracking...
Number of Initial feasible particles: 0/100
      [Iter 100] Action stats: mean=0.0697±0.7470 [-0.9649-0.8509]
      [Iter 100] Fitness: current=12847.6933, best=12847.6933, diversity=11.407216
      [Iter 100] Reward: -1.0000
  [Iter 100/1000] Best: 12847.6933 | Alpha: 0.2000
      [Iter 750] Action stats: mean=0.0488±0.5917 [-0.9899-0.7444]
  [Iter 750/1000] Best: 12297.0675 | Alpha: 0.1660
Traditional PSO iteration: 550/1000 - Best fitness: 12467.3162
UAPSO iteration 1000/1000 - Best fitness: 12825.0123
UAPSO completed with final fitness: 12825.0123

========== Planning Complete ==========
Algorithm: UAPSO
Execution time: 1022.0928 seconds
Path length: 324.4023 units
Waypoints: 7
Best fitness: 12825.0123
========================================


========== Direct Global Planning ==========
Algorithm: RRSACPSO
Start: [0.0, 0.0, 10.0]
Goal:  [200.0, 200.0, 10.0]
============================================


╔══════════════════════════════════════════════════════════╗
║              RRSACPSO Global Path Planning              ║
╚══════════════════════════════════════════════════════════╝

Traditional PSO iteration: 100/1000 - Best fitness: 12599.1923
Traditional PSO iteration: 600/1000 - Best fitness: 12345.4141
      [Iter 650] Action stats: mean=-0.2267±0.4882 [-0.7713-0.7332]
  [Iter 650/1000] Best: 12333.8845 | Alpha: 0.1710

[Episode 1/1] Starting training...
  Config: mode=online, episodes=1, iterations=1000, popSize=100
      [Iter 150] Action stats: mean=0.1235±0.5727 [-0.6156-0.9268]
  [Iter 150/1000] Best: 12809.5862 | Alpha: 0.1986
Traditional PSO iteration: 200/1000 - Best fitness: 12493.3857
      [Iter 800] Action stats: mean=-0.0494±0.6917 [-0.9611-0.9702]
      [Iter 800] Fitness: current=12296.2864, best=12296.2864, diversity=0.767518
      [Iter 800] Reward: -1.0000
  [Iter 800/1000] Best: 12296.2864 | Alpha: 0.1636
      [Iter  50] Action stats: mean=0.2307±0.5273 [-0.4956-0.8329]
  [Iter  50/1000] Best: 12802.2362 | Alpha: 0.2000
      [Iter 700] Action stats: mean=0.1227±0.4993 [-0.6257-0.8419]
      [Iter 700] Fitness: current=12251.6489, best=12251.6489, diversity=3.407627
      [Iter 700] Reward: -1.0000
  [Iter 700/1000] Best: 12251.6489 | Alpha: 0.1684
Traditional PSO iteration: 200/1000 - Best fitness: 12453.2734
      [Iter 200] Action stats: mean=0.0299±0.6200 [-0.8520-0.9918]
      [Iter 200] Fitness: current=12764.3481, best=12764.3481, diversity=9.096902
      [Iter 200] Reward: 1.0000
  [Iter 200/1000] Best: 12764.3481 | Alpha: 0.1957
UAPSO iteration 900/1000 - Best fitness: 13207.4162
      [Iter 100] Action stats: mean=0.0249±0.7885 [-0.8476-0.9775]
      [Iter 100] Fitness: current=12589.3379, best=12589.3379, diversity=12.820089
      [Iter 100] Reward: -1.0000
  [Iter 100/1000] Best: 12589.3379 | Alpha: 0.2000
      [Iter 850] Action stats: mean=-0.1598±0.6143 [-0.6927-0.9257]
  [Iter 850/1000] Best: 12295.8669 | Alpha: 0.1612
Traditional PSO iteration: 150/1000 - Best fitness: 12327.135
Traditional PSO iteration: 100/1000 - Best fitness: 12820.3764
      [Iter 750] Action stats: mean=-0.0120±0.7203 [-0.9881-0.8553]
  [Iter 750/1000] Best: 12233.2583 | Alpha: 0.1659
      [Iter 250] Action stats: mean=-0.1066±0.7709 [-0.9165-0.8632]
  [Iter 250/1000] Best: 12754.6775 | Alpha: 0.1928
      [Iter 150] Action stats: mean=0.2632±0.6472 [-0.7453-0.9830]
  [Iter 150/1000] Best: 12535.5701 | Alpha: 0.1986
Traditional PSO iteration: 650/1000 - Best fitness: 12345.4076
      [Iter 900] Action stats: mean=-0.2533±0.7459 [-0.9628-0.8784]
      [Iter 900] Fitness: current=12295.4849, best=12295.4849, diversity=0.421123
      [Iter 900] Reward: 1.0000
  [Iter 900/1000] Best: 12295.4849 | Alpha: 0.1590
      [Iter 800] Action stats: mean=0.0617±0.6830 [-0.8085-0.9181]
      [Iter 800] Fitness: current=12225.8408, best=12225.8408, diversity=1.869945
      [Iter 800] Reward: 1.0000
  [Iter 800/1000] Best: 12225.8408 | Alpha: 0.1634
Traditional PSO iteration: 150/1000 - Best fitness: 12590.8644
      [Iter 300] Action stats: mean=-0.2645±0.6120 [-0.8909-0.8980]
      [Iter 300] Fitness: current=12713.3340, best=12713.3340, diversity=7.304029
      [Iter 300] Reward: 1.0000
  [Iter 300/1000] Best: 12713.3340 | Alpha: 0.1899
      [Iter 200] Action stats: mean=0.0327±0.7050 [-0.9728-0.8577]
      [Iter 200] Fitness: current=12529.7308, best=12529.7308, diversity=9.547792
      [Iter 200] Reward: -1.0000
  [Iter 200/1000] Best: 12529.7308 | Alpha: 0.1957
Traditional PSO iteration: 50/1000 - Best fitness: 12530.4507
      [Iter 950] Action stats: mean=0.3816±0.5779 [-0.5718-0.9764]
  [Iter 950/1000] Best: 12295.4513 | Alpha: 0.1568
Traditional PSO iteration: 600/1000 - Best fitness: 12466.7503
Traditional PSO iteration: 250/1000 - Best fitness: 12453.1893
      [Iter 850] Action stats: mean=-0.0264±0.6748 [-0.9826-0.8610]
  [Iter 850/1000] Best: 12224.9766 | Alpha: 0.1610
      [Iter 350] Action stats: mean=-0.2518±0.5950 [-0.9025-0.8204]
  [Iter 350/1000] Best: 12630.6901 | Alpha: 0.1871
      [Iter 250] Action stats: mean=0.2771±0.5569 [-0.7995-0.8042]
PSO-LDIW iteration: 400/1000 - Best fitness: 12508.8501 - w=0.7, c1=1.5, c2=1.5
  [Iter 250/1000] Best: 12515.6003 | Alpha: 0.1928
      [Iter 1000] Action stats: mean=-0.1060±0.6354 [-0.9727-0.9585]
      [Iter 1000] Fitness: current=12295.4512, best=12295.4512, diversity=0.316251
      [Iter 1000] Reward: -1.0000
  [Iter 1000/1000] Best: 12295.4512 | Alpha: 0.1547

╔════════════════════════════════════════════════════════════╗
║              RRSACPSO TRAINING COMPLETE                   ║
╚════════════════════════════════════════════════════════════╝
  Mode:              online
  Episodes:          1
  Iterations/Ep:     1000
  Population Size:   100
  Best Fitness:      12295.4512
  Path Length:       5 waypoints


========== Planning Complete ==========
Algorithm: RRSACPSO
Execution time: 130.9795 seconds
Path length: 316.0654 units
Waypoints: 7
Best fitness: 12295.4512
========================================


========== Direct Global Planning ==========
Algorithm: PSO
Start: [0.0, 0.0, 10.0]
Goal:  [200.0, 200.0, 10.0]
============================================

Starting Traditional PSO path planning with tracking...
Number of Initial feasible particles: 0/100
Traditional PSO iteration: 250/1000 - Best fitness: 12487.5017
      [Iter 900] Action stats: mean=-0.1055±0.5311 [-0.9134-0.6681]
      [Iter 900] Fitness: current=12224.1890, best=12224.1890, diversity=1.508866
      [Iter 900] Reward: 1.0000
  [Iter 900/1000] Best: 12224.1890 | Alpha: 0.1586
Traditional PSO iteration: 700/1000 - Best fitness: 12345.4028
      [Iter 400] Action stats: mean=0.0560±0.8577 [-0.9467-0.9811]
      [Iter 400] Fitness: current=12585.5275, best=12585.5275, diversity=7.333098
      [Iter 400] Reward: -1.0000
  [Iter 400/1000] Best: 12585.5275 | Alpha: 0.1843
      [Iter 300] Action stats: mean=-0.1269±0.6575 [-0.9618-0.8426]
      [Iter 300] Fitness: current=12505.5728, best=12505.5728, diversity=6.675983
      [Iter 300] Reward: -1.0000
Traditional PSO iteration: 200/1000 - Best fitness: 12587.8116
  [Iter 300/1000] Best: 12505.5728 | Alpha: 0.1899
Traditional PSO iteration: 200/1000 - Best fitness: 12227.3672
      [Iter 950] Action stats: mean=-0.1382±0.6736 [-0.8137-0.9141]
  [Iter 950/1000] Best: 12222.2218 | Alpha: 0.1562
      [Iter 450] Action stats: mean=-0.0746±0.6192 [-0.8573-0.9449]
  [Iter 450/1000] Best: 12512.2480 | Alpha: 0.1815
      [Iter 350] Action stats: mean=0.1312±0.8400 [-0.9580-0.9801]
  [Iter 350/1000] Best: 12505.0584 | Alpha: 0.1871
Traditional PSO iteration: 300/1000 - Best fitness: 12453.1789
      [Iter 1000] Action stats: mean=0.1841±0.6380 [-0.8438-0.9471]
      [Iter 1000] Fitness: current=12222.1183, best=12222.1183, diversity=1.692974
      [Iter 1000] Reward: 1.0000
  [Iter 1000/1000] Best: 12222.1183 | Alpha: 0.1539

╔════════════════════════════════════════════════════════════╗
║              RRSACPSO TRAINING COMPLETE                   ║
╚════════════════════════════════════════════════════════════╝
  Mode:              online
  Episodes:          1
  Iterations/Ep:     1000
  Population Size:   100
  Best Fitness:      12222.1183
  Path Length:       5 waypoints


========== Planning Complete ==========
Algorithm: RRSACPSO
Execution time: 129.0415 seconds
Path length: 287.2972 units
Waypoints: 7
Best fitness: 12222.1183
========================================


========== Direct Global Planning ==========
Algorithm: PSO
Start: [0.0, 0.0, 10.0]
Goal:  [200.0, 200.0, 10.0]
============================================

Starting Traditional PSO path planning with tracking...
Traditional PSO iteration: 650/1000 - Best fitness: 12466.7382
Number of Initial feasible particles: 0/100
      [Iter 500] Action stats: mean=-0.1017±0.6169 [-0.9172-0.8958]
      [Iter 500] Fitness: current=12307.3878, best=12307.3878, diversity=5.262256
      [Iter 500] Reward: 1.0000
  [Iter 500/1000] Best: 12307.3878 | Alpha: 0.1788
      [Iter 400] Action stats: mean=-0.1353±0.7281 [-0.8616-0.9748]
      [Iter 400] Fitness: current=12505.0205, best=12505.0205, diversity=6.043654
      [Iter 400] Reward: 1.0000
  [Iter 400/1000] Best: 12505.0205 | Alpha: 0.1843
Traditional PSO iteration: 100/1000 - Best fitness: 12328.5447
Traditional PSO iteration: 750/1000 - Best fitness: 12345.3998
Traditional PSO iteration: 250/1000 - Best fitness: 12586.8772
Traditional PSO iteration: 150/1000 - Best fitness: 12769.557
Traditional PSO iteration: 300/1000 - Best fitness: 12485.2774
      [Iter 550] Action stats: mean=0.3227±0.3190 [-0.1702-0.6392]
  [Iter 550/1000] Best: 12229.0528 | Alpha: 0.1762
      [Iter 450] Action stats: mean=0.3592±0.6108 [-0.8141-0.9309]
  [Iter 450/1000] Best: 12505.0040 | Alpha: 0.1815
Traditional PSO iteration: 350/1000 - Best fitness: 12453.1719
      [Iter 600] Action stats: mean=0.1683±0.7794 [-0.9662-0.9470]
      [Iter 600] Fitness: current=12221.4631, best=12221.4631, diversity=4.496260
      [Iter 600] Reward: 1.0000
  [Iter 600/1000] Best: 12221.4631 | Alpha: 0.1735
      [Iter 500] Action stats: mean=-0.2064±0.6178 [-0.9088-0.6973]
      [Iter 500] Fitness: current=12505.0036, best=12505.0036, diversity=4.051513
      [Iter 500] Reward: 1.0000
  [Iter 500/1000] Best: 12505.0036 | Alpha: 0.1788
Traditional PSO iteration: 250/1000 - Best fitness: 12211.6612
Traditional PSO iteration: 300/1000 - Best fitness: 12586.7934
Traditional PSO iteration: 700/1000 - Best fitness: 12466.6728
UAPSO iteration 950/1000 - Best fitness: 13060.8973
Traditional PSO iteration: 50/1000 - Best fitness: 13039.5107
Traditional PSO iteration: 800/1000 - Best fitness: 12345.1282
      [Iter 650] Action stats: mean=0.1525±0.6423 [-0.7348-0.9382]
  [Iter 650/1000] Best: 12214.6552 | Alpha: 0.1710
      [Iter 550] Action stats: mean=-0.3228±0.4182 [-0.9314-0.3231]
  [Iter 550/1000] Best: 12322.0946 | Alpha: 0.1762
PSO-LDIW iteration: 450/1000 - Best fitness: 12502.7085 - w=0.675, c1=1.5, c2=1.5
Traditional PSO iteration: 350/1000 - Best fitness: 12483.4783
      [Iter 700] Action stats: mean=0.1541±0.6034 [-0.9117-0.8314]
      [Iter 700] Fitness: current=12214.2816, best=12214.2816, diversity=2.949909
      [Iter 700] Reward: 1.0000
  [Iter 700/1000] Best: 12214.2816 | Alpha: 0.1684
      [Iter 600] Action stats: mean=0.2032±0.5123 [-0.6425-0.8063]
      [Iter 600] Fitness: current=12309.0963, best=12309.0963, diversity=5.614941
      [Iter 600] Reward: -1.0000
  [Iter 600/1000] Best: 12309.0963 | Alpha: 0.1735
Traditional PSO iteration: 350/1000 - Best fitness: 12586.751
Traditional PSO iteration: 400/1000 - Best fitness: 12453.1712
Traditional PSO iteration: 150/1000 - Best fitness: 12321.3738
      [Iter 650] Action stats: mean=0.2691±0.4071 [-0.5448-0.7100]
      [Iter 750] Action stats: mean=-0.2068±0.6354 [-0.8802-0.8761]
  [Iter 650/1000] Best: 12306.5166 | Alpha: 0.1710
  [Iter 750/1000] Best: 12214.2794 | Alpha: 0.1659
Traditional PSO iteration: 50/1000 - Best fitness: 12933.0302
Traditional PSO iteration: 750/1000 - Best fitness: 12466.6423
      [Iter 700] Action stats: mean=0.2909±0.6325 [-0.9099-0.9377]
      [Iter 700] Fitness: current=12306.1945, best=12306.1945, diversity=2.113261
      [Iter 700] Reward: 1.0000
  [Iter 700/1000] Best: 12306.1945 | Alpha: 0.1684
Traditional PSO iteration: 300/1000 - Best fitness: 12189.9997
      [Iter 800] Action stats: mean=-0.1050±0.6994 [-0.9155-0.9716]
      [Iter 800] Fitness: current=12214.2792, best=12214.2792, diversity=1.780825
      [Iter 800] Reward: 1.0000
  [Iter 800/1000] Best: 12214.2792 | Alpha: 0.1635
Traditional PSO iteration: 850/1000 - Best fitness: 12344.9862
Traditional PSO iteration: 200/1000 - Best fitness: 12738.7813
Traditional PSO iteration: 400/1000 - Best fitness: 12586.6456
Traditional PSO iteration: 400/1000 - Best fitness: 12482.1754
      [Iter 750] Action stats: mean=0.0119±0.6480 [-0.8455-0.7401]
  [Iter 750/1000] Best: 12306.1500 | Alpha: 0.1660
      [Iter 850] Action stats: mean=-0.0164±0.5133 [-0.9816-0.4750]
  [Iter 850/1000] Best: 12214.2606 | Alpha: 0.1611
Traditional PSO iteration: 450/1000 - Best fitness: 12453.1711
Traditional PSO iteration: 100/1000 - Best fitness: 12594.7152
      [Iter 800] Action stats: mean=-0.1861±0.5344 [-0.8565-0.7564]
      [Iter 800] Fitness: current=12306.1491, best=12306.1491, diversity=1.830462
      [Iter 800] Reward: 1.0000
  [Iter 800/1000] Best: 12306.1491 | Alpha: 0.1636
      [Iter 900] Action stats: mean=0.2275±0.4425 [-0.3621-0.9158]
Traditional PSO iteration: 800/1000 - Best fitness: 12466.6359
      [Iter 900] Fitness: current=12214.2579, best=12214.2579, diversity=0.998865
      [Iter 900] Reward: 1.0000
  [Iter 900/1000] Best: 12214.2579 | Alpha: 0.1588
Traditional PSO iteration: 450/1000 - Best fitness: 12586.637
      [Iter 850] Action stats: mean=-0.0652±0.6252 [-0.8629-0.9714]
  [Iter 850/1000] Best: 12306.1111 | Alpha: 0.1612
Traditional PSO iteration: 100/1000 - Best fitness: 12730.1909
      [Iter 950] Action stats: mean=-0.0306±0.7224 [-0.9257-0.9250]
Traditional PSO iteration: 900/1000 - Best fitness: 12344.2422
  [Iter 950/1000] Best: 12214.2578 | Alpha: 0.1566
Traditional PSO iteration: 200/1000 - Best fitness: 12314.0105
Traditional PSO iteration: 350/1000 - Best fitness: 12182.1376
PSO-LDIW iteration: 500/1000 - Best fitness: 12491.3331 - w=0.65, c1=1.5, c2=1.5
Traditional PSO iteration: 450/1000 - Best fitness: 12481.264
Traditional PSO iteration: 500/1000 - Best fitness: 12453.1711
      [Iter 900] Action stats: mean=-0.0047±0.6017 [-0.6112-0.9195]
      [Iter 900] Fitness: current=12306.1070, best=12306.1070, diversity=1.244638
      [Iter 900] Reward: 1.0000
  [Iter 900/1000] Best: 12306.1070 | Alpha: 0.1589
      [Iter 1000] Action stats: mean=0.1302±0.5376 [-0.8054-0.8641]
      [Iter 1000] Fitness: current=12214.2578, best=12214.2578, diversity=0.405611
      [Iter 1000] Reward: 1.0000
  [Iter 1000/1000] Best: 12214.2578 | Alpha: 0.1546

╔════════════════════════════════════════════════════════════╗
║              RRSACPSO TRAINING COMPLETE                   ║
╚════════════════════════════════════════════════════════════╝
  Mode:              online
  Episodes:          1
  Iterations/Ep:     1000
  Population Size:   100
  Best Fitness:      12214.2578
  Path Length:       5 waypoints


========== Planning Complete ==========
Algorithm: RRSACPSO
Execution time: 129.7672 seconds
Path length: 302.0401 units
Waypoints: 7
Best fitness: 12214.2578
========================================


========== Direct Global Planning ==========
Algorithm: PSO
Start: [0.0, 0.0, 10.0]
Goal:  [200.0, 200.0, 10.0]
============================================

Starting Traditional PSO path planning with tracking...
Number of Initial feasible particles: 0/100
Traditional PSO iteration: 500/1000 - Best fitness: 12586.543
      [Iter 950] Action stats: mean=-0.2986±0.5145 [-0.8710-0.5793]
Traditional PSO iteration: 850/1000 - Best fitness: 12466.633
  [Iter 950/1000] Best: 12306.1070 | Alpha: 0.1566
UAPSO iteration 1000/1000 - Best fitness: 12931.7112
UAPSO completed with final fitness: 12931.7112

========== Planning Complete ==========
Algorithm: UAPSO
Execution time: 1182.8476 seconds
Path length: 316.3382 units
Waypoints: 7
Best fitness: 12931.7112
========================================


========== Direct Global Planning ==========
Algorithm: RRSACPSO
Start: [0.0, 0.0, 10.0]
Goal:  [200.0, 200.0, 10.0]
============================================


╔══════════════════════════════════════════════════════════╗
║              RRSACPSO Global Path Planning              ║
╚══════════════════════════════════════════════════════════╝


[Episode 1/1] Starting training...
  Config: mode=online, episodes=1, iterations=1000, popSize=100
      [Iter 1000] Action stats: mean=0.0115±0.8038 [-0.9177-0.8817]
      [Iter 1000] Fitness: current=12306.1070, best=12306.1070, diversity=1.291739
      [Iter 1000] Reward: -1.0000
  [Iter 1000/1000] Best: 12306.1070 | Alpha: 0.1542

╔════════════════════════════════════════════════════════════╗
║              RRSACPSO TRAINING COMPLETE                   ║
╚════════════════════════════════════════════════════════════╝
  Mode:              online
  Episodes:          1
  Iterations/Ep:     1000
  Population Size:   100
  Best Fitness:      12306.1070
  Path Length:       5 waypoints


========== Planning Complete ==========
Algorithm: RRSACPSO
Execution time: 128.4565 seconds
Path length: 322.9587 units
Waypoints: 7
Best fitness: 12306.1070
========================================


========== Direct Global Planning ==========
Algorithm: PSO
Start: [0.0, 0.0, 10.0]
Goal:  [200.0, 200.0, 10.0]
============================================

Starting Traditional PSO path planning with tracking...
Traditional PSO iteration: 950/1000 - Best fitness: 12343.0941
Number of Initial feasible particles: 0/100
Traditional PSO iteration: 400/1000 - Best fitness: 12176.5113
Traditional PSO iteration: 150/1000 - Best fitness: 12607.3409
      [Iter  50] Action stats: mean=-0.1599±0.6723 [-0.9893-0.8726]
Traditional PSO iteration: 550/1000 - Best fitness: 12453.1711
Traditional PSO iteration: 150/1000 - Best fitness: 12579.6969
  [Iter  50/1000] Best: 12657.2190 | Alpha: 0.2000
Traditional PSO iteration: 500/1000 - Best fitness: 12481.0031
Traditional PSO iteration: 550/1000 - Best fitness: 12586.5295
Traditional PSO iteration: 250/1000 - Best fitness: 12724.3989
      [Iter 100] Action stats: mean=-0.1508±0.5756 [-0.9796-0.8474]
      [Iter 100] Fitness: current=12519.5295, best=12519.5295, diversity=7.881515
      [Iter 100] Reward: -1.0000
  [Iter 100/1000] Best: 12519.5295 | Alpha: 0.2000
Traditional PSO iteration: 900/1000 - Best fitness: 12466.6314
      [Iter 150] Action stats: mean=0.2578±0.5307 [-0.2988-0.9952]
  [Iter 150/1000] Best: 12473.4739 | Alpha: 0.1986
Traditional PSO iteration: 250/1000 - Best fitness: 12308.4924
Traditional PSO iteration: 50/1000 - Best fitness: 12950.6352
Traditional PSO iteration: 1000/1000 - Best fitness: 12343.0569
Traditional PSO completed with final fitness: 12343.0569

========== Planning Complete ==========
Algorithm: PSO
Execution time: 422.5336 seconds
Path length: 292.9969 units
Waypoints: 7
Best fitness: 12343.0569
========================================


========== Direct Global Planning ==========
Algorithm: PSO_LDIW
Start: [0.0, 0.0, 10.0]
Goal:  [200.0, 200.0, 10.0]
============================================

Starting PSO-LDIW (linearly decreasing inertia weight)...
Number of Initial feasible particles: 0/100
Traditional PSO iteration: 600/1000 - Best fitness: 12586.5281
PSO-LDIW iteration: 1/1000 - Best fitness: 53244.9008 - w=0.8995, c1=1.5, c2=1.5
Traditional PSO iteration: 450/1000 - Best fitness: 12173.5087
Traditional PSO iteration: 600/1000 - Best fitness: 12453.1711
      [Iter 200] Action stats: mean=-0.0509±0.8357 [-0.9652-0.9080]
      [Iter 200] Fitness: current=12432.5058, best=12432.5058, diversity=6.767625
      [Iter 200] Reward: -1.0000
  [Iter 200/1000] Best: 12432.5058 | Alpha: 0.1957
Traditional PSO iteration: 550/1000 - Best fitness: 12479.9072
PSO-LDIW iteration: 550/1000 - Best fitness: 12488.8386 - w=0.625, c1=1.5, c2=1.5
Traditional PSO iteration: 200/1000 - Best fitness: 12558.1372
Traditional PSO iteration: 950/1000 - Best fitness: 12466.6309
      [Iter 250] Action stats: mean=0.3475±0.6563 [-0.9344-0.9386]
  [Iter 250/1000] Best: 12406.6777 | Alpha: 0.1928
Traditional PSO iteration: 650/1000 - Best fitness: 12586.5276
      [Iter 300] Action stats: mean=0.0418±0.7075 [-0.7700-0.9543]
      [Iter 300] Fitness: current=12405.1367, best=12405.1367, diversity=7.687739
      [Iter 300] Reward: 1.0000
  [Iter 300/1000] Best: 12405.1367 | Alpha: 0.1899
Traditional PSO iteration: 50/1000 - Best fitness: 12776.9091
Traditional PSO iteration: 500/1000 - Best fitness: 12172.8175
Traditional PSO iteration: 650/1000 - Best fitness: 12453.1711
Traditional PSO iteration: 200/1000 - Best fitness: 12576.6159
      [Iter 350] Action stats: mean=0.2201±0.5778 [-0.6722-0.7885]
  [Iter 350/1000] Best: 12405.1356 | Alpha: 0.1871
Traditional PSO iteration: 600/1000 - Best fitness: 12479.5744
PSO-LDIW iteration: 50/1000 - Best fitness: 12656.8967 - w=0.875, c1=1.5, c2=1.5
Traditional PSO iteration: 700/1000 - Best fitness: 12586.5272
Traditional PSO iteration: 100/1000 - Best fitness: 12792.0341
Traditional PSO iteration: 1000/1000 - Best fitness: 12466.6309
Traditional PSO completed with final fitness: 12466.6309

========== Planning Complete ==========
Algorithm: PSO
Execution time: 619.3163 seconds
Path length: 318.8780 units
Waypoints: 7
Best fitness: 12466.6309
========================================


========== Direct Global Planning ==========
Algorithm: PSO_LDIW
Start: [0.0, 0.0, 10.0]
Goal:  [200.0, 200.0, 10.0]
============================================

Starting PSO-LDIW (linearly decreasing inertia weight)...
Number of Initial feasible particles: 0/100
PSO-LDIW iteration: 1/1000 - Best fitness: 34487.3346 - w=0.8995, c1=1.5, c2=1.5
      [Iter 400] Action stats: mean=0.0926±0.7641 [-0.9253-0.8821]
      [Iter 400] Fitness: current=12392.9524, best=12392.9524, diversity=7.989819
      [Iter 400] Reward: -1.0000
  [Iter 400/1000] Best: 12392.9524 | Alpha: 0.1843
Traditional PSO iteration: 300/1000 - Best fitness: 12713.0225
Traditional PSO iteration: 300/1000 - Best fitness: 12300.3965
Traditional PSO iteration: 250/1000 - Best fitness: 12550.2557
      [Iter 450] Action stats: mean=-0.0523±0.6290 [-0.9148-0.8574]
Traditional PSO iteration: 550/1000 - Best fitness: 12172.5487
  [Iter 450/1000] Best: 12342.7670 | Alpha: 0.1815
Traditional PSO iteration: 700/1000 - Best fitness: 12453.1711
Traditional PSO iteration: 750/1000 - Best fitness: 12586.5272
Traditional PSO iteration: 650/1000 - Best fitness: 12479.1926
      [Iter 500] Action stats: mean=-0.1584±0.7207 [-0.9566-0.8949]
      [Iter 500] Fitness: current=12305.7735, best=12305.7735, diversity=6.262066
      [Iter 500] Reward: -1.0000
  [Iter 500/1000] Best: 12305.7735 | Alpha: 0.1788
Traditional PSO iteration: 100/1000 - Best fitness: 12677.9753
      [Iter 550] Action stats: mean=0.0712±0.5961 [-0.9551-0.7669]
PSO-LDIW iteration: 100/1000 - Best fitness: 12432.052 - w=0.85, c1=1.5, c2=1.5
  [Iter 550/1000] Best: 12268.2859 | Alpha: 0.1762
PSO-LDIW iteration: 600/1000 - Best fitness: 12488.2987 - w=0.6, c1=1.5, c2=1.5
PSO-LDIW iteration: 50/1000 - Best fitness: 12932.4559 - w=0.875, c1=1.5, c2=1.5
Traditional PSO iteration: 800/1000 - Best fitness: 12586.527
Traditional PSO iteration: 600/1000 - Best fitness: 12172.3638
Traditional PSO iteration: 750/1000 - Best fitness: 12453.1711
      [Iter 600] Action stats: mean=0.1648±0.5676 [-0.8072-0.9285]
      [Iter 600] Fitness: current=12230.8584, best=12230.8584, diversity=5.309155
      [Iter 600] Reward: -1.0000
  [Iter 600/1000] Best: 12230.8584 | Alpha: 0.1735
Traditional PSO iteration: 150/1000 - Best fitness: 12739.1063
Traditional PSO iteration: 700/1000 - Best fitness: 12479.0922
Traditional PSO iteration: 300/1000 - Best fitness: 12547.7831
      [Iter 650] Action stats: mean=-0.1140±0.4933 [-0.8102-0.7203]
  [Iter 650/1000] Best: 12192.3035 | Alpha: 0.1710
Traditional PSO iteration: 250/1000 - Best fitness: 12568.7635
Traditional PSO iteration: 850/1000 - Best fitness: 12586.5133
Traditional PSO iteration: 350/1000 - Best fitness: 12296.7837
      [Iter 700] Action stats: mean=0.0584±0.6006 [-0.9413-0.8322]
      [Iter 700] Fitness: current=12183.7423, best=12183.7423, diversity=4.569936
      [Iter 700] Reward: 1.0000
  [Iter 700/1000] Best: 12183.7423 | Alpha: 0.1684
Traditional PSO iteration: 650/1000 - Best fitness: 12172.3041
Traditional PSO iteration: 800/1000 - Best fitness: 12453.1711
Traditional PSO iteration: 350/1000 - Best fitness: 12709.5746
PSO-LDIW iteration: 150/1000 - Best fitness: 12229.5189 - w=0.825, c1=1.5, c2=1.5
      [Iter 750] Action stats: mean=-0.0555±0.5460 [-0.7829-0.7236]
  [Iter 750/1000] Best: 12179.8764 | Alpha: 0.1659
Traditional PSO iteration: 900/1000 - Best fitness: 12586.5115
Traditional PSO iteration: 750/1000 - Best fitness: 12479.0385
Traditional PSO iteration: 150/1000 - Best fitness: 12660.1651
PSO-LDIW iteration: 100/1000 - Best fitness: 12717.094 - w=0.85, c1=1.5, c2=1.5
      [Iter 800] Action stats: mean=0.0213±0.6778 [-0.9064-0.9858]
      [Iter 800] Fitness: current=12179.1578, best=12179.1578, diversity=2.003586
      [Iter 800] Reward: 1.0000
  [Iter 800/1000] Best: 12179.1578 | Alpha: 0.1635
Traditional PSO iteration: 200/1000 - Best fitness: 12727.4489
Traditional PSO iteration: 700/1000 - Best fitness: 12172.2512
      [Iter 850] Action stats: mean=-0.0963±0.7080 [-0.9472-0.9691]
  [Iter 850/1000] Best: 12179.0684 | Alpha: 0.1610
Traditional PSO iteration: 850/1000 - Best fitness: 12453.0603
Traditional PSO iteration: 950/1000 - Best fitness: 12586.5027
Traditional PSO iteration: 350/1000 - Best fitness: 12547.3604
PSO-LDIW iteration: 650/1000 - Best fitness: 12488.0661 - w=0.575, c1=1.5, c2=1.5
Traditional PSO iteration: 800/1000 - Best fitness: 12479.0014
      [Iter 900] Action stats: mean=-0.3604±0.6246 [-0.9936-0.8668]
      [Iter 900] Fitness: current=12166.6809, best=12166.6809, diversity=1.247494
      [Iter 900] Reward: 1.0000
  [Iter 900/1000] Best: 12166.6809 | Alpha: 0.1588
PSO-LDIW iteration: 200/1000 - Best fitness: 12202.4164 - w=0.8, c1=1.5, c2=1.5
Traditional PSO iteration: 400/1000 - Best fitness: 12295.1527
      [Iter 950] Action stats: mean=-0.2250±0.4310 [-0.9555-0.2683]
  [Iter 950/1000] Best: 12164.5505 | Alpha: 0.1565
Traditional PSO iteration: 1000/1000 - Best fitness: 12586.5008
Traditional PSO completed with final fitness: 12586.5008

========== Planning Complete ==========
Algorithm: PSO
Execution time: 316.5933 seconds
Path length: 299.3652 units
Waypoints: 7
Best fitness: 12586.5008
========================================


========== Direct Global Planning ==========
Algorithm: PSO_LDIW
Start: [0.0, 0.0, 10.0]
Goal:  [200.0, 200.0, 10.0]
============================================

Starting PSO-LDIW (linearly decreasing inertia weight)...
Number of Initial feasible particles: 0/100
PSO-LDIW iteration: 1/1000 - Best fitness: 34825.6914 - w=0.8995, c1=1.5, c2=1.5
Traditional PSO iteration: 750/1000 - Best fitness: 12172.2433
Traditional PSO iteration: 900/1000 - Best fitness: 12453.0603
Traditional PSO iteration: 300/1000 - Best fitness: 12566.4052
      [Iter 1000] Action stats: mean=0.0692±0.7460 [-0.9247-0.9519]
      [Iter 1000] Fitness: current=12164.4974, best=12164.4974, diversity=0.624372
      [Iter 1000] Reward: 1.0000
  [Iter 1000/1000] Best: 12164.4974 | Alpha: 0.1545

╔════════════════════════════════════════════════════════════╗
║              RRSACPSO TRAINING COMPLETE                   ║
╚════════════════════════════════════════════════════════════╝
  Mode:              online
  Episodes:          1
  Iterations/Ep:     1000
  Population Size:   100
  Best Fitness:      12164.4974
  Path Length:       5 waypoints


========== Planning Complete ==========
Algorithm: RRSACPSO
Execution time: 132.9261 seconds
Path length: 288.8725 units
Waypoints: 7
Best fitness: 12164.4974
========================================

Traditional PSO iteration: 200/1000 - Best fitness: 12656.8496

========== Direct Global Planning ==========
Algorithm: PSO
Start: [0.0, 0.0, 10.0]
Goal:  [200.0, 200.0, 10.0]
============================================

Starting Traditional PSO path planning with tracking...
Number of Initial feasible particles: 0/100
PSO-LDIW iteration: 150/1000 - Best fitness: 12590.8801 - w=0.825, c1=1.5, c2=1.5
Traditional PSO iteration: 850/1000 - Best fitness: 12478.9118
Traditional PSO iteration: 400/1000 - Best fitness: 12707.0798
Traditional PSO iteration: 250/1000 - Best fitness: 12723.5593
Traditional PSO iteration: 800/1000 - Best fitness: 12172.2374
Traditional PSO iteration: 400/1000 - Best fitness: 12547.2859
PSO-LDIW iteration: 250/1000 - Best fitness: 12184.7255 - w=0.775, c1=1.5, c2=1.5
Traditional PSO iteration: 950/1000 - Best fitness: 12453.0603
Traditional PSO iteration: 450/1000 - Best fitness: 12294.8342
PSO-LDIW iteration: 50/1000 - Best fitness: 13221.4092 - w=0.875, c1=1.5, c2=1.5
Traditional PSO iteration: 900/1000 - Best fitness: 12478.8892
Traditional PSO iteration: 850/1000 - Best fitness: 12172.237
Traditional PSO iteration: 250/1000 - Best fitness: 12654.0562
PSO-LDIW iteration: 700/1000 - Best fitness: 12488.0345 - w=0.55, c1=1.5, c2=1.5
Traditional PSO iteration: 1000/1000 - Best fitness: 12453.0603
Traditional PSO completed with final fitness: 12453.0603

========== Planning Complete ==========
Algorithm: PSO
Execution time: 383.5706 seconds
Path length: 294.0563 units
Waypoints: 7
Best fitness: 12453.0603
========================================

PSO-LDIW iteration: 200/1000 - Best fitness: 12568.6688 - w=0.8, c1=1.5, c2=1.5

========== Direct Global Planning ==========
Algorithm: PSO_LDIW
Start: [0.0, 0.0, 10.0]
Goal:  [200.0, 200.0, 10.0]
============================================

Starting PSO-LDIW (linearly decreasing inertia weight)...
Number of Initial feasible particles: 0/100
PSO-LDIW iteration: 1/1000 - Best fitness: 24586.62 - w=0.8995, c1=1.5, c2=1.5
Traditional PSO iteration: 50/1000 - Best fitness: 12801.6353
PSO-LDIW iteration: 300/1000 - Best fitness: 12155.7558 - w=0.75, c1=1.5, c2=1.5
Traditional PSO iteration: 350/1000 - Best fitness: 12565.9093
Traditional PSO iteration: 950/1000 - Best fitness: 12478.8633
Traditional PSO iteration: 300/1000 - Best fitness: 12723.0281
Traditional PSO iteration: 900/1000 - Best fitness: 12172.237
Traditional PSO iteration: 450/1000 - Best fitness: 12546.7702
Traditional PSO iteration: 500/1000 - Best fitness: 12294.7588
PSO-LDIW iteration: 100/1000 - Best fitness: 13037.886 - w=0.85, c1=1.5, c2=1.5
Traditional PSO iteration: 450/1000 - Best fitness: 12706.5747
PSO-LDIW iteration: 50/1000 - Best fitness: 13236.8126 - w=0.875, c1=1.5, c2=1.5
Traditional PSO iteration: 300/1000 - Best fitness: 12652.5319
Traditional PSO iteration: 1000/1000 - Best fitness: 12478.8509
Traditional PSO completed with final fitness: 12478.8509

========== Planning Complete ==========
Algorithm: PSO
Execution time: 439.9949 seconds
Path length: 321.9154 units
Waypoints: 7
Best fitness: 12478.8509
========================================


========== Direct Global Planning ==========
Algorithm: PSO_LDIW
Start: [0.0, 0.0, 10.0]
Goal:  [200.0, 200.0, 10.0]
============================================

Starting PSO-LDIW (linearly decreasing inertia weight)...
Traditional PSO iteration: 950/1000 - Best fitness: 12172.2368
Number of Initial feasible particles: 0/100
PSO-LDIW iteration: 1/1000 - Best fitness: 24777.311 - w=0.8995, c1=1.5, c2=1.5
PSO-LDIW iteration: 250/1000 - Best fitness: 12508.9325 - w=0.775, c1=1.5, c2=1.5
PSO-LDIW iteration: 350/1000 - Best fitness: 12149.7623 - w=0.725, c1=1.5, c2=1.5
Traditional PSO iteration: 100/1000 - Best fitness: 12574.7061
PSO-LDIW iteration: 750/1000 - Best fitness: 12487.9599 - w=0.525, c1=1.5, c2=1.5
Traditional PSO iteration: 350/1000 - Best fitness: 12721.7048
Traditional PSO iteration: 1000/1000 - Best fitness: 12172.2368
Traditional PSO completed with final fitness: 12172.2368

========== Planning Complete ==========
Algorithm: PSO
Execution time: 412.8428 seconds
Path length: 287.4540 units
Waypoints: 7
Best fitness: 12172.2368
========================================


========== Direct Global Planning ==========
Algorithm: PSO_LDIW
Start: [0.0, 0.0, 10.0]
Goal:  [200.0, 200.0, 10.0]
============================================

Starting PSO-LDIW (linearly decreasing inertia weight)...
Number of Initial feasible particles: 0/100
PSO-LDIW iteration: 1/1000 - Best fitness: 38154.2767 - w=0.8995, c1=1.5, c2=1.5
Traditional PSO iteration: 500/1000 - Best fitness: 12545.7939
PSO-LDIW iteration: 150/1000 - Best fitness: 12821.4432 - w=0.825, c1=1.5, c2=1.5
Traditional PSO iteration: 550/1000 - Best fitness: 12294.7383
PSO-LDIW iteration: 100/1000 - Best fitness: 12790.3916 - w=0.85, c1=1.5, c2=1.5
Traditional PSO iteration: 400/1000 - Best fitness: 12565.6681
PSO-LDIW iteration: 400/1000 - Best fitness: 12148.4118 - w=0.7, c1=1.5, c2=1.5
PSO-LDIW iteration: 300/1000 - Best fitness: 12389.0917 - w=0.75, c1=1.5, c2=1.5
PSO-LDIW iteration: 50/1000 - Best fitness: 12901.8379 - w=0.875, c1=1.5, c2=1.5
Traditional PSO iteration: 350/1000 - Best fitness: 12644.9289
Traditional PSO iteration: 500/1000 - Best fitness: 12705.7221
PSO-LDIW iteration: 50/1000 - Best fitness: 12834.5312 - w=0.875, c1=1.5, c2=1.5
Traditional PSO iteration: 150/1000 - Best fitness: 12487.6456
PSO-LDIW iteration: 200/1000 - Best fitness: 12618.3753 - w=0.8, c1=1.5, c2=1.5
PSO-LDIW iteration: 450/1000 - Best fitness: 12147.9504 - w=0.675, c1=1.5, c2=1.5
Traditional PSO iteration: 600/1000 - Best fitness: 12294.7342
PSO-LDIW iteration: 150/1000 - Best fitness: 12743.976 - w=0.825, c1=1.5, c2=1.5
Traditional PSO iteration: 550/1000 - Best fitness: 12545.4413
Traditional PSO iteration: 400/1000 - Best fitness: 12721.436
PSO-LDIW iteration: 800/1000 - Best fitness: 12487.857 - w=0.5, c1=1.5, c2=1.5
Traditional PSO iteration: 450/1000 - Best fitness: 12565.6382
PSO-LDIW iteration: 100/1000 - Best fitness: 12614.4928 - w=0.85, c1=1.5, c2=1.5
PSO-LDIW iteration: 350/1000 - Best fitness: 12338.9681 - w=0.725, c1=1.5, c2=1.5
PSO-LDIW iteration: 500/1000 - Best fitness: 12147.6997 - w=0.65, c1=1.5, c2=1.5
PSO-LDIW iteration: 100/1000 - Best fitness: 12659.3448 - w=0.85, c1=1.5, c2=1.5
Traditional PSO iteration: 400/1000 - Best fitness: 12641.4156
PSO-LDIW iteration: 250/1000 - Best fitness: 12509.4255 - w=0.775, c1=1.5, c2=1.5
Traditional PSO iteration: 550/1000 - Best fitness: 12663.253
Traditional PSO iteration: 650/1000 - Best fitness: 12294.7335
PSO-LDIW iteration: 550/1000 - Best fitness: 12147.6432 - w=0.625, c1=1.5, c2=1.5
Traditional PSO iteration: 200/1000 - Best fitness: 12463.2157
PSO-LDIW iteration: 200/1000 - Best fitness: 12699.4916 - w=0.8, c1=1.5, c2=1.5
Traditional PSO iteration: 600/1000 - Best fitness: 12544.7118
Traditional PSO iteration: 450/1000 - Best fitness: 12721.3413
PSO-LDIW iteration: 150/1000 - Best fitness: 12601.2994 - w=0.825, c1=1.5, c2=1.5
PSO-LDIW iteration: 400/1000 - Best fitness: 12287.7073 - w=0.7, c1=1.5, c2=1.5
PSO-LDIW iteration: 600/1000 - Best fitness: 12147.6157 - w=0.6, c1=1.5, c2=1.5
PSO-LDIW iteration: 150/1000 - Best fitness: 12638.6839 - w=0.825, c1=1.5, c2=1.5
Traditional PSO iteration: 500/1000 - Best fitness: 12565.6239
PSO-LDIW iteration: 850/1000 - Best fitness: 12487.8546 - w=0.475, c1=1.5, c2=1.5
Traditional PSO iteration: 700/1000 - Best fitness: 12294.7228
PSO-LDIW iteration: 650/1000 - Best fitness: 12147.5845 - w=0.575, c1=1.5, c2=1.5
PSO-LDIW iteration: 300/1000 - Best fitness: 12455.286 - w=0.75, c1=1.5, c2=1.5
Traditional PSO iteration: 250/1000 - Best fitness: 12454.68
Traditional PSO iteration: 450/1000 - Best fitness: 12640.3402
PSO-LDIW iteration: 450/1000 - Best fitness: 12256.4448 - w=0.675, c1=1.5, c2=1.5
Traditional PSO iteration: 650/1000 - Best fitness: 12543.8607
Traditional PSO iteration: 600/1000 - Best fitness: 12634.4792
PSO-LDIW iteration: 250/1000 - Best fitness: 12674.2233 - w=0.775, c1=1.5, c2=1.5
Traditional PSO iteration: 500/1000 - Best fitness: 12721.2775
PSO-LDIW iteration: 200/1000 - Best fitness: 12572.1567 - w=0.8, c1=1.5, c2=1.5
PSO-LDIW iteration: 700/1000 - Best fitness: 12147.5747 - w=0.55, c1=1.5, c2=1.5
PSO-LDIW iteration: 200/1000 - Best fitness: 12606.4928 - w=0.8, c1=1.5, c2=1.5
Traditional PSO iteration: 300/1000 - Best fitness: 12450.4838
PSO-LDIW iteration: 500/1000 - Best fitness: 12227.364 - w=0.65, c1=1.5, c2=1.5
PSO-LDIW iteration: 750/1000 - Best fitness: 12147.5744 - w=0.525, c1=1.5, c2=1.5
Traditional PSO iteration: 750/1000 - Best fitness: 12294.7219
Traditional PSO iteration: 550/1000 - Best fitness: 12557.2776
PSO-LDIW iteration: 350/1000 - Best fitness: 12408.2169 - w=0.725, c1=1.5, c2=1.5
PSO-LDIW iteration: 900/1000 - Best fitness: 12487.8546 - w=0.45, c1=1.5, c2=1.5
Traditional PSO iteration: 350/1000 - Best fitness: 12450.0835
Traditional PSO iteration: 700/1000 - Best fitness: 12542.5734
PSO-LDIW iteration: 550/1000 - Best fitness: 12220.7787 - w=0.625, c1=1.5, c2=1.5
PSO-LDIW iteration: 800/1000 - Best fitness: 12147.5744 - w=0.5, c1=1.5, c2=1.5
Traditional PSO iteration: 500/1000 - Best fitness: 12639.977
Traditional PSO iteration: 550/1000 - Best fitness: 12721.1553
PSO-LDIW iteration: 250/1000 - Best fitness: 12569.0812 - w=0.775, c1=1.5, c2=1.5
Traditional PSO iteration: 650/1000 - Best fitness: 12632.3281
Traditional PSO iteration: 400/1000 - Best fitness: 12450.0117
PSO-LDIW iteration: 300/1000 - Best fitness: 12584.6388 - w=0.75, c1=1.5, c2=1.5
PSO-LDIW iteration: 250/1000 - Best fitness: 12585.2195 - w=0.775, c1=1.5, c2=1.5
PSO-LDIW iteration: 600/1000 - Best fitness: 12219.9848 - w=0.6, c1=1.5, c2=1.5
PSO-LDIW iteration: 850/1000 - Best fitness: 12147.5744 - w=0.475, c1=1.5, c2=1.5
Traditional PSO iteration: 600/1000 - Best fitness: 12553.5848
Traditional PSO iteration: 800/1000 - Best fitness: 12294.1225
PSO-LDIW iteration: 400/1000 - Best fitness: 12363.1791 - w=0.7, c1=1.5, c2=1.5
Traditional PSO iteration: 450/1000 - Best fitness: 12449.9473
PSO-LDIW iteration: 650/1000 - Best fitness: 12219.8088 - w=0.575, c1=1.5, c2=1.5
PSO-LDIW iteration: 900/1000 - Best fitness: 12147.5744 - w=0.45, c1=1.5, c2=1.5
Traditional PSO iteration: 650/1000 - Best fitness: 12552.1618
Traditional PSO iteration: 750/1000 - Best fitness: 12542.1911
PSO-LDIW iteration: 950/1000 - Best fitness: 12487.8545 - w=0.425, c1=1.5, c2=1.5
PSO-LDIW iteration: 700/1000 - Best fitness: 12219.7141 - w=0.55, c1=1.5, c2=1.5
Traditional PSO iteration: 500/1000 - Best fitness: 12449.8992
PSO-LDIW iteration: 300/1000 - Best fitness: 12582.3191 - w=0.75, c1=1.5, c2=1.5
PSO-LDIW iteration: 950/1000 - Best fitness: 12147.5743 - w=0.425, c1=1.5, c2=1.5
PSO-LDIW iteration: 300/1000 - Best fitness: 12560.1065 - w=0.75, c1=1.5, c2=1.5
Traditional PSO iteration: 700/1000 - Best fitness: 12551.2312
Traditional PSO iteration: 600/1000 - Best fitness: 12721.1428
Traditional PSO iteration: 550/1000 - Best fitness: 12639.6683
Traditional PSO iteration: 850/1000 - Best fitness: 12290.5963
Traditional PSO iteration: 700/1000 - Best fitness: 12632.1262
PSO-LDIW iteration: 450/1000 - Best fitness: 12338.8091 - w=0.675, c1=1.5, c2=1.5
PSO-LDIW iteration: 750/1000 - Best fitness: 12219.6886 - w=0.525, c1=1.5, c2=1.5
Traditional PSO iteration: 550/1000 - Best fitness: 12449.8204
PSO-LDIW iteration: 350/1000 - Best fitness: 12568.4604 - w=0.725, c1=1.5, c2=1.5
PSO-LDIW iteration: 1000/1000 - Best fitness: 12147.5743 - w=0.4, c1=1.5, c2=1.5

========== Planning Complete ==========
Algorithm: PSO_LDIW
Execution time: 354.3881 seconds
Path length: 308.1192 units
Waypoints: 7
Best fitness: 12147.5743
========================================


========== Direct Global Planning ==========
Algorithm: FIPS
Start: [0.0, 0.0, 10.0]
Goal:  [200.0, 200.0, 10.0]
============================================

Starting FIPS (Fully Informed PSO) path planning...
Number of Initial feasible particles: 0/100
Traditional PSO iteration: 750/1000 - Best fitness: 12551.1602
PSO-LDIW iteration: 800/1000 - Best fitness: 12219.6543 - w=0.5, c1=1.5, c2=1.5
Traditional PSO iteration: 800/1000 - Best fitness: 12541.8572
PSO-LDIW iteration: 350/1000 - Best fitness: 12577.8279 - w=0.725, c1=1.5, c2=1.5
PSO-LDIW iteration: 350/1000 - Best fitness: 12558.6495 - w=0.725, c1=1.5, c2=1.5
Traditional PSO iteration: 600/1000 - Best fitness: 12449.7172
Traditional PSO iteration: 800/1000 - Best fitness: 12549.5903
PSO-LDIW iteration: 850/1000 - Best fitness: 12219.6515 - w=0.475, c1=1.5, c2=1.5
PSO-LDIW iteration: 500/1000 - Best fitness: 12329.4211 - w=0.65, c1=1.5, c2=1.5
Traditional PSO iteration: 900/1000 - Best fitness: 12287.509
Traditional PSO iteration: 650/1000 - Best fitness: 12449.6568
Traditional PSO iteration: 850/1000 - Best fitness: 12548.5926
Traditional PSO iteration: 650/1000 - Best fitness: 12721.1298
PSO-LDIW iteration: 900/1000 - Best fitness: 12219.651 - w=0.45, c1=1.5, c2=1.5
PSO-LDIW iteration: 400/1000 - Best fitness: 12556.3612 - w=0.7, c1=1.5, c2=1.5
PSO-LDIW iteration: 400/1000 - Best fitness: 12575.6434 - w=0.7, c1=1.5, c2=1.5
PSO-LDIW iteration: 1000/1000 - Best fitness: 12487.8544 - w=0.4, c1=1.5, c2=1.5

========== Planning Complete ==========
Algorithm: PSO_LDIW
Execution time: 747.2604 seconds
Path length: 287.0535 units
Waypoints: 7
Best fitness: 12487.8544
========================================


========== Direct Global Planning ==========
Algorithm: FIPS
Start: [0.0, 0.0, 10.0]
Goal:  [200.0, 200.0, 10.0]
============================================

Starting FIPS (Fully Informed PSO) path planning...
Number of Initial feasible particles: 0/100
Traditional PSO iteration: 600/1000 - Best fitness: 12639.4602
Traditional PSO iteration: 750/1000 - Best fitness: 12631.8627
FIPS iteration: 50/1000 - Best fitness: 13947.4416
PSO-LDIW iteration: 950/1000 - Best fitness: 12219.6509 - w=0.425, c1=1.5, c2=1.5
PSO-LDIW iteration: 400/1000 - Best fitness: 12565.2376 - w=0.7, c1=1.5, c2=1.5
Traditional PSO iteration: 900/1000 - Best fitness: 12548.361
Traditional PSO iteration: 700/1000 - Best fitness: 12449.6425
PSO-LDIW iteration: 450/1000 - Best fitness: 12574.8127 - w=0.675, c1=1.5, c2=1.5
Traditional PSO iteration: 850/1000 - Best fitness: 12541.4741
PSO-LDIW iteration: 450/1000 - Best fitness: 12554.8496 - w=0.675, c1=1.5, c2=1.5
PSO-LDIW iteration: 1000/1000 - Best fitness: 12219.6499 - w=0.4, c1=1.5, c2=1.5

========== Planning Complete ==========
Algorithm: PSO_LDIW
Execution time: 368.4948 seconds
Path length: 287.8191 units
Waypoints: 7
Best fitness: 12219.6499
========================================


========== Direct Global Planning ==========
Algorithm: FIPS
Start: [0.0, 0.0, 10.0]
Goal:  [200.0, 200.0, 10.0]
============================================

Starting FIPS (Fully Informed PSO) path planning...
Number of Initial feasible particles: 0/100
PSO-LDIW iteration: 550/1000 - Best fitness: 12327.208 - w=0.625, c1=1.5, c2=1.5
Traditional PSO iteration: 950/1000 - Best fitness: 12548.1619
Traditional PSO iteration: 950/1000 - Best fitness: 12283.5496
Traditional PSO iteration: 750/1000 - Best fitness: 12449.6402
PSO-LDIW iteration: 500/1000 - Best fitness: 12573.9619 - w=0.65, c1=1.5, c2=1.5
PSO-LDIW iteration: 500/1000 - Best fitness: 12551.9829 - w=0.65, c1=1.5, c2=1.5
Traditional PSO iteration: 1000/1000 - Best fitness: 12548.1079
Traditional PSO completed with final fitness: 12548.1079

========== Planning Complete ==========
Algorithm: PSO
Execution time: 532.5383 seconds
Path length: 296.4868 units
Waypoints: 7
Best fitness: 12548.1079
========================================


========== Direct Global Planning ==========
Algorithm: PSO_LDIW
Start: [0.0, 0.0, 10.0]
Goal:  [200.0, 200.0, 10.0]
============================================

Starting PSO-LDIW (linearly decreasing inertia weight)...
Traditional PSO iteration: 700/1000 - Best fitness: 12720.0991
Number of Initial feasible particles: 0/100
PSO-LDIW iteration: 1/1000 - Best fitness: 36970.1443 - w=0.8995, c1=1.5, c2=1.5
Traditional PSO iteration: 800/1000 - Best fitness: 12449.6396
PSO-LDIW iteration: 550/1000 - Best fitness: 12573.6478 - w=0.625, c1=1.5, c2=1.5
FIPS iteration: 50/1000 - Best fitness: 13756.7898
PSO-LDIW iteration: 550/1000 - Best fitness: 12551.7613 - w=0.625, c1=1.5, c2=1.5
FIPS iteration: 100/1000 - Best fitness: 13714.9372
PSO-LDIW iteration: 450/1000 - Best fitness: 12562.5588 - w=0.675, c1=1.5, c2=1.5
Traditional PSO iteration: 650/1000 - Best fitness: 12639.3927
PSO-LDIW iteration: 600/1000 - Best fitness: 12573.4604 - w=0.6, c1=1.5, c2=1.5
Traditional PSO iteration: 800/1000 - Best fitness: 12631.4324
Traditional PSO iteration: 850/1000 - Best fitness: 12449.6394
Traditional PSO iteration: 900/1000 - Best fitness: 12541.3044
PSO-LDIW iteration: 600/1000 - Best fitness: 12326.3732 - w=0.6, c1=1.5, c2=1.5
Traditional PSO iteration: 1000/1000 - Best fitness: 12282.4094
Traditional PSO completed with final fitness: 12282.4094

========== Planning Complete ==========
Algorithm: PSO
Execution time: 584.4371 seconds
Path length: 302.0841 units
Waypoints: 7
Best fitness: 12282.4094
========================================


========== Direct Global Planning ==========
Algorithm: PSO_LDIW
Start: [0.0, 0.0, 10.0]
Goal:  [200.0, 200.0, 10.0]
============================================

Starting PSO-LDIW (linearly decreasing inertia weight)...
Number of Initial feasible particles: 0/100
PSO-LDIW iteration: 1/1000 - Best fitness: 43103.2271 - w=0.8995, c1=1.5, c2=1.5
PSO-LDIW iteration: 600/1000 - Best fitness: 12551.0759 - w=0.6, c1=1.5, c2=1.5
FIPS iteration: 50/1000 - Best fitness: 13845.6923
PSO-LDIW iteration: 650/1000 - Best fitness: 12552.36 - w=0.575, c1=1.5, c2=1.5
Traditional PSO iteration: 900/1000 - Best fitness: 12449.6363
PSO-LDIW iteration: 50/1000 - Best fitness: 13450.241 - w=0.875, c1=1.5, c2=1.5
PSO-LDIW iteration: 650/1000 - Best fitness: 12550.5787 - w=0.575, c1=1.5, c2=1.5
PSO-LDIW iteration: 700/1000 - Best fitness: 12529.0404 - w=0.55, c1=1.5, c2=1.5
Traditional PSO iteration: 750/1000 - Best fitness: 12719.663
FIPS iteration: 100/1000 - Best fitness: 13640.9725
FIPS iteration: 150/1000 - Best fitness: 13533.1126
PSO-LDIW iteration: 50/1000 - Best fitness: 12937.5805 - w=0.875, c1=1.5, c2=1.5
Traditional PSO iteration: 950/1000 - Best fitness: 12449.6315
PSO-LDIW iteration: 700/1000 - Best fitness: 12550.3302 - w=0.55, c1=1.5, c2=1.5
PSO-LDIW iteration: 500/1000 - Best fitness: 12561.6086 - w=0.65, c1=1.5, c2=1.5
PSO-LDIW iteration: 750/1000 - Best fitness: 12527.714 - w=0.525, c1=1.5, c2=1.5
PSO-LDIW iteration: 650/1000 - Best fitness: 12322.3811 - w=0.575, c1=1.5, c2=1.5
Traditional PSO iteration: 700/1000 - Best fitness: 12639.2783
Traditional PSO iteration: 1000/1000 - Best fitness: 12449.6305
Traditional PSO completed with final fitness: 12449.6305

========== Planning Complete ==========
Algorithm: PSO
Execution time: 353.1935 seconds
Path length: 286.8770 units
Waypoints: 7
Best fitness: 12449.6305
========================================


========== Direct Global Planning ==========
Algorithm: PSO_LDIW
Start: [0.0, 0.0, 10.0]
Goal:  [200.0, 200.0, 10.0]
============================================

Starting PSO-LDIW (linearly decreasing inertia weight)...
Number of Initial feasible particles: 0/100
PSO-LDIW iteration: 1/1000 - Best fitness: 39843.5531 - w=0.8995, c1=1.5, c2=1.5
Traditional PSO iteration: 950/1000 - Best fitness: 12541.2645
PSO-LDIW iteration: 750/1000 - Best fitness: 12549.7212 - w=0.525, c1=1.5, c2=1.5
Traditional PSO iteration: 850/1000 - Best fitness: 12631.3346
FIPS iteration: 100/1000 - Best fitness: 13369.7071
PSO-LDIW iteration: 800/1000 - Best fitness: 12527.3496 - w=0.5, c1=1.5, c2=1.5
PSO-LDIW iteration: 100/1000 - Best fitness: 13161.9497 - w=0.85, c1=1.5, c2=1.5
PSO-LDIW iteration: 800/1000 - Best fitness: 12549.3702 - w=0.5, c1=1.5, c2=1.5
PSO-LDIW iteration: 100/1000 - Best fitness: 12647.883 - w=0.85, c1=1.5, c2=1.5
PSO-LDIW iteration: 850/1000 - Best fitness: 12527.2854 - w=0.475, c1=1.5, c2=1.5
FIPS iteration: 150/1000 - Best fitness: 13313.1157
FIPS iteration: 200/1000 - Best fitness: 13397.9873
Traditional PSO iteration: 800/1000 - Best fitness: 12719.5876
PSO-LDIW iteration: 550/1000 - Best fitness: 12561.4564 - w=0.625, c1=1.5, c2=1.5
PSO-LDIW iteration: 900/1000 - Best fitness: 12527.2485 - w=0.45, c1=1.5, c2=1.5
PSO-LDIW iteration: 50/1000 - Best fitness: 13373.9782 - w=0.875, c1=1.5, c2=1.5
PSO-LDIW iteration: 850/1000 - Best fitness: 12549.1541 - w=0.475, c1=1.5, c2=1.5
PSO-LDIW iteration: 700/1000 - Best fitness: 12319.286 - w=0.55, c1=1.5, c2=1.5
Traditional PSO iteration: 750/1000 - Best fitness: 12639.2726
FIPS iteration: 150/1000 - Best fitness: 13037.7889
PSO-LDIW iteration: 950/1000 - Best fitness: 12527.1462 - w=0.425, c1=1.5, c2=1.5
Traditional PSO iteration: 1000/1000 - Best fitness: 12541.2422
Traditional PSO completed with final fitness: 12541.2422

========== Planning Complete ==========
Algorithm: PSO
Execution time: 600.5682 seconds
Path length: 328.8784 units
Waypoints: 7
Best fitness: 12541.2422
========================================


========== Direct Global Planning ==========
Algorithm: PSO_LDIW
Start: [0.0, 0.0, 10.0]
Goal:  [200.0, 200.0, 10.0]
============================================

Starting PSO-LDIW (linearly decreasing inertia weight)...
Number of Initial feasible particles: 0/100
PSO-LDIW iteration: 900/1000 - Best fitness: 12548.5493 - w=0.45, c1=1.5, c2=1.5
PSO-LDIW iteration: 1/1000 - Best fitness: 35684.8962 - w=0.8995, c1=1.5, c2=1.5
Traditional PSO iteration: 900/1000 - Best fitness: 12631.1679
PSO-LDIW iteration: 150/1000 - Best fitness: 12609.3472 - w=0.825, c1=1.5, c2=1.5
PSO-LDIW iteration: 1000/1000 - Best fitness: 12527.0683 - w=0.4, c1=1.5, c2=1.5

========== Planning Complete ==========
Algorithm: PSO_LDIW
Execution time: 322.2444 seconds
Path length: 291.1255 units
Waypoints: 7
Best fitness: 12527.0683
========================================

FIPS iteration: 200/1000 - Best fitness: 13251.8285

========== Direct Global Planning ==========
Algorithm: FIPS
Start: [0.0, 0.0, 10.0]
Goal:  [200.0, 200.0, 10.0]
============================================

Starting FIPS (Fully Informed PSO) path planning...
Number of Initial feasible particles: 0/100
FIPS iteration: 250/1000 - Best fitness: 13382.8531
PSO-LDIW iteration: 150/1000 - Best fitness: 12760.8688 - w=0.825, c1=1.5, c2=1.5
PSO-LDIW iteration: 100/1000 - Best fitness: 13225.4813 - w=0.85, c1=1.5, c2=1.5
PSO-LDIW iteration: 950/1000 - Best fitness: 12548.4281 - w=0.425, c1=1.5, c2=1.5
Traditional PSO iteration: 850/1000 - Best fitness: 12719.5683
PSO-LDIW iteration: 600/1000 - Best fitness: 12560.6126 - w=0.6, c1=1.5, c2=1.5
PSO-LDIW iteration: 50/1000 - Best fitness: 13074.7267 - w=0.875, c1=1.5, c2=1.5
PSO-LDIW iteration: 750/1000 - Best fitness: 12319.0091 - w=0.525, c1=1.5, c2=1.5
PSO-LDIW iteration: 1000/1000 - Best fitness: 12548.306 - w=0.4, c1=1.5, c2=1.5

========== Planning Complete ==========
Algorithm: PSO_LDIW
Execution time: 351.0733 seconds
Path length: 288.4297 units
Waypoints: 7
Best fitness: 12548.3060
========================================


========== Direct Global Planning ==========
Algorithm: FIPS
Start: [0.0, 0.0, 10.0]
Goal:  [200.0, 200.0, 10.0]
============================================

Starting FIPS (Fully Informed PSO) path planning...
Number of Initial feasible particles: 0/100
FIPS iteration: 200/1000 - Best fitness: 12902.9741
Traditional PSO iteration: 800/1000 - Best fitness: 12639.2717
PSO-LDIW iteration: 150/1000 - Best fitness: 13157.3289 - w=0.825, c1=1.5, c2=1.5
PSO-LDIW iteration: 200/1000 - Best fitness: 12546.1243 - w=0.8, c1=1.5, c2=1.5
FIPS iteration: 300/1000 - Best fitness: 13274.7191
FIPS iteration: 250/1000 - Best fitness: 12842.1933
FIPS iteration: 50/1000 - Best fitness: 13422.633
PSO-LDIW iteration: 100/1000 - Best fitness: 12726.47 - w=0.85, c1=1.5, c2=1.5
Traditional PSO iteration: 950/1000 - Best fitness: 12630.2629
PSO-LDIW iteration: 200/1000 - Best fitness: 12694.7918 - w=0.8, c1=1.5, c2=1.5
PSO-LDIW iteration: 650/1000 - Best fitness: 12558.6838 - w=0.575, c1=1.5, c2=1.5
FIPS iteration: 250/1000 - Best fitness: 12902.9741
Traditional PSO iteration: 900/1000 - Best fitness: 12719.5618
PSO-LDIW iteration: 800/1000 - Best fitness: 12318.8193 - w=0.5, c1=1.5, c2=1.5
FIPS iteration: 50/1000 - Best fitness: 13492.0973
PSO-LDIW iteration: 200/1000 - Best fitness: 12889.6303 - w=0.8, c1=1.5, c2=1.5
FIPS iteration: 350/1000 - Best fitness: 13127.9692
Traditional PSO iteration: 850/1000 - Best fitness: 12639.2703
FIPS iteration: 300/1000 - Best fitness: 12842.1933
PSO-LDIW iteration: 250/1000 - Best fitness: 12436.2408 - w=0.775, c1=1.5, c2=1.5
PSO-LDIW iteration: 150/1000 - Best fitness: 12617.0529 - w=0.825, c1=1.5, c2=1.5
FIPS iteration: 300/1000 - Best fitness: 12902.9741
FIPS iteration: 100/1000 - Best fitness: 13095.7651
PSO-LDIW iteration: 250/1000 - Best fitness: 12678.7135 - w=0.775, c1=1.5, c2=1.5
PSO-LDIW iteration: 700/1000 - Best fitness: 12556.0251 - w=0.55, c1=1.5, c2=1.5
Traditional PSO iteration: 1000/1000 - Best fitness: 12629.6257
Traditional PSO completed with final fitness: 12629.6257

========== Planning Complete ==========
Algorithm: PSO
Execution time: 792.0143 seconds
Path length: 293.2551 units
Waypoints: 7
Best fitness: 12629.6257
========================================


========== Direct Global Planning ==========
Algorithm: PSO_LDIW
Start: [0.0, 0.0, 10.0]
Goal:  [200.0, 200.0, 10.0]
============================================

Starting PSO-LDIW (linearly decreasing inertia weight)...
Number of Initial feasible particles: 0/100
PSO-LDIW iteration: 1/1000 - Best fitness: 13301.3987 - w=0.8995, c1=1.5, c2=1.5
PSO-LDIW iteration: 850/1000 - Best fitness: 12318.8157 - w=0.475, c1=1.5, c2=1.5
Traditional PSO iteration: 950/1000 - Best fitness: 12719.5594
PSO-LDIW iteration: 250/1000 - Best fitness: 12690.2556 - w=0.775, c1=1.5, c2=1.5
FIPS iteration: 100/1000 - Best fitness: 13418.2773
FIPS iteration: 400/1000 - Best fitness: 13100.0476
FIPS iteration: 350/1000 - Best fitness: 12799.6954
PSO-LDIW iteration: 300/1000 - Best fitness: 12377.0396 - w=0.75, c1=1.5, c2=1.5
PSO-LDIW iteration: 200/1000 - Best fitness: 12571.2967 - w=0.8, c1=1.5, c2=1.5
Traditional PSO iteration: 900/1000 - Best fitness: 12639.2702
FIPS iteration: 350/1000 - Best fitness: 12896.1673
FIPS iteration: 150/1000 - Best fitness: 12889.5481
PSO-LDIW iteration: 300/1000 - Best fitness: 12625.8736 - w=0.75, c1=1.5, c2=1.5
PSO-LDIW iteration: 50/1000 - Best fitness: 12528.1437 - w=0.875, c1=1.5, c2=1.5
PSO-LDIW iteration: 750/1000 - Best fitness: 12553.1283 - w=0.525, c1=1.5, c2=1.5
PSO-LDIW iteration: 300/1000 - Best fitness: 12625.422 - w=0.75, c1=1.5, c2=1.5
FIPS iteration: 150/1000 - Best fitness: 13295.5375
PSO-LDIW iteration: 900/1000 - Best fitness: 12318.8119 - w=0.45, c1=1.5, c2=1.5
FIPS iteration: 400/1000 - Best fitness: 12799.6954
FIPS iteration: 450/1000 - Best fitness: 13075.766
PSO-LDIW iteration: 350/1000 - Best fitness: 12318.5861 - w=0.725, c1=1.5, c2=1.5
Traditional PSO iteration: 1000/1000 - Best fitness: 12719.559
Traditional PSO completed with final fitness: 12719.559

========== Planning Complete ==========
Algorithm: PSO
Execution time: 651.5833 seconds
Path length: 452.3726 units
Waypoints: 7
Best fitness: 12719.5590
========================================


========== Direct Global Planning ==========
Algorithm: PSO_LDIW
Start: [0.0, 0.0, 10.0]
Goal:  [200.0, 200.0, 10.0]
============================================

Starting PSO-LDIW (linearly decreasing inertia weight)...
Number of Initial feasible particles: 0/100
PSO-LDIW iteration: 1/1000 - Best fitness: 29916.6349 - w=0.8995, c1=1.5, c2=1.5
PSO-LDIW iteration: 250/1000 - Best fitness: 12542.0135 - w=0.775, c1=1.5, c2=1.5
FIPS iteration: 400/1000 - Best fitness: 12758.2245
Traditional PSO iteration: 950/1000 - Best fitness: 12639.2702
FIPS iteration: 200/1000 - Best fitness: 12840.942
PSO-LDIW iteration: 100/1000 - Best fitness: 12437.3368 - w=0.85, c1=1.5, c2=1.5
FIPS iteration: 500/1000 - Best fitness: 12984.3207
PSO-LDIW iteration: 350/1000 - Best fitness: 12574.0119 - w=0.725, c1=1.5, c2=1.5
PSO-LDIW iteration: 800/1000 - Best fitness: 12548.2339 - w=0.5, c1=1.5, c2=1.5
FIPS iteration: 450/1000 - Best fitness: 12764.5822
PSO-LDIW iteration: 50/1000 - Best fitness: 13454.1977 - w=0.875, c1=1.5, c2=1.5
FIPS iteration: 200/1000 - Best fitness: 13021.8216
FIPS iteration: 450/1000 - Best fitness: 12758.2245
PSO-LDIW iteration: 400/1000 - Best fitness: 12242.2782 - w=0.7, c1=1.5, c2=1.5
PSO-LDIW iteration: 950/1000 - Best fitness: 12318.8064 - w=0.425, c1=1.5, c2=1.5
PSO-LDIW iteration: 350/1000 - Best fitness: 12620.0821 - w=0.725, c1=1.5, c2=1.5
PSO-LDIW iteration: 300/1000 - Best fitness: 12525.1033 - w=0.75, c1=1.5, c2=1.5
FIPS iteration: 250/1000 - Best fitness: 12840.942
PSO-LDIW iteration: 150/1000 - Best fitness: 12182.6706 - w=0.825, c1=1.5, c2=1.5
PSO-LDIW iteration: 100/1000 - Best fitness: 13270.3666 - w=0.85, c1=1.5, c2=1.5
FIPS iteration: 550/1000 - Best fitness: 12948.611
FIPS iteration: 500/1000 - Best fitness: 12754.0976
FIPS iteration: 500/1000 - Best fitness: 12758.2245
FIPS iteration: 250/1000 - Best fitness: 12894.7427
Traditional PSO iteration: 1000/1000 - Best fitness: 12639.2702
Traditional PSO completed with final fitness: 12639.2702

========== Planning Complete ==========
Algorithm: PSO
Execution time: 692.5339 seconds
Path length: 299.0773 units
Waypoints: 7
Best fitness: 12639.2702
========================================


========== Direct Global Planning ==========
Algorithm: PSO_LDIW
Start: [0.0, 0.0, 10.0]
Goal:  [200.0, 200.0, 10.0]
============================================

Starting PSO-LDIW (linearly decreasing inertia weight)...
Number of Initial feasible particles: 0/100
PSO-LDIW iteration: 850/1000 - Best fitness: 12547.2577 - w=0.475, c1=1.5, c2=1.5
PSO-LDIW iteration: 1/1000 - Best fitness: 35435.0634 - w=0.8995, c1=1.5, c2=1.5
PSO-LDIW iteration: 400/1000 - Best fitness: 12497.5493 - w=0.7, c1=1.5, c2=1.5
PSO-LDIW iteration: 400/1000 - Best fitness: 12610.4156 - w=0.7, c1=1.5, c2=1.5
PSO-LDIW iteration: 450/1000 - Best fitness: 12217.8709 - w=0.675, c1=1.5, c2=1.5
PSO-LDIW iteration: 1000/1000 - Best fitness: 12318.8063 - w=0.4, c1=1.5, c2=1.5

========== Planning Complete ==========
Algorithm: PSO_LDIW
Execution time: 577.7670 seconds
Path length: 292.1016 units
Waypoints: 7
Best fitness: 12318.8063
========================================


========== Direct Global Planning ==========
Algorithm: FIPS
Start: [0.0, 0.0, 10.0]
Goal:  [200.0, 200.0, 10.0]
============================================

Starting FIPS (Fully Informed PSO) path planning...
Number of Initial feasible particles: 0/100
PSO-LDIW iteration: 350/1000 - Best fitness: 12521.6328 - w=0.725, c1=1.5, c2=1.5
PSO-LDIW iteration: 450/1000 - Best fitness: 12605.7851 - w=0.675, c1=1.5, c2=1.5
FIPS iteration: 600/1000 - Best fitness: 12948.611
FIPS iteration: 550/1000 - Best fitness: 12749.5082
FIPS iteration: 300/1000 - Best fitness: 12840.942
PSO-LDIW iteration: 200/1000 - Best fitness: 12175.1318 - w=0.8, c1=1.5, c2=1.5
PSO-LDIW iteration: 150/1000 - Best fitness: 12894.9235 - w=0.825, c1=1.5, c2=1.5
FIPS iteration: 550/1000 - Best fitness: 12754.0976
FIPS iteration: 300/1000 - Best fitness: 12894.7427
PSO-LDIW iteration: 500/1000 - Best fitness: 12604.1475 - w=0.65, c1=1.5, c2=1.5
PSO-LDIW iteration: 50/1000 - Best fitness: 13422.0814 - w=0.875, c1=1.5, c2=1.5
PSO-LDIW iteration: 900/1000 - Best fitness: 12546.4523 - w=0.45, c1=1.5, c2=1.5
PSO-LDIW iteration: 500/1000 - Best fitness: 12211.1768 - w=0.65, c1=1.5, c2=1.5
PSO-LDIW iteration: 450/1000 - Best fitness: 12485.8866 - w=0.675, c1=1.5, c2=1.5
PSO-LDIW iteration: 550/1000 - Best fitness: 12603.0905 - w=0.625, c1=1.5, c2=1.5
FIPS iteration: 600/1000 - Best fitness: 12749.5082
FIPS iteration: 650/1000 - Best fitness: 12948.611
FIPS iteration: 600/1000 - Best fitness: 12639.5401
PSO-LDIW iteration: 400/1000 - Best fitness: 12514.6468 - w=0.7, c1=1.5, c2=1.5
FIPS iteration: 350/1000 - Best fitness: 12830.998
FIPS iteration: 50/1000 - Best fitness: 13782.0115
PSO-LDIW iteration: 250/1000 - Best fitness: 12155.5658 - w=0.775, c1=1.5, c2=1.5
PSO-LDIW iteration: 600/1000 - Best fitness: 12602.3819 - w=0.6, c1=1.5, c2=1.5
PSO-LDIW iteration: 200/1000 - Best fitness: 12749.7668 - w=0.8, c1=1.5, c2=1.5
FIPS iteration: 350/1000 - Best fitness: 12884.2641
FIPS iteration: 650/1000 - Best fitness: 12713.4693
PSO-LDIW iteration: 550/1000 - Best fitness: 12209.617 - w=0.625, c1=1.5, c2=1.5
PSO-LDIW iteration: 650/1000 - Best fitness: 12601.9362 - w=0.575, c1=1.5, c2=1.5
PSO-LDIW iteration: 950/1000 - Best fitness: 12546.1904 - w=0.425, c1=1.5, c2=1.5
FIPS iteration: 700/1000 - Best fitness: 12861.9165
PSO-LDIW iteration: 100/1000 - Best fitness: 12888.2395 - w=0.85, c1=1.5, c2=1.5
FIPS iteration: 650/1000 - Best fitness: 12639.5401
PSO-LDIW iteration: 500/1000 - Best fitness: 12483.0113 - w=0.65, c1=1.5, c2=1.5
FIPS iteration: 400/1000 - Best fitness: 12807.1249
PSO-LDIW iteration: 700/1000 - Best fitness: 12601.6359 - w=0.55, c1=1.5, c2=1.5
FIPS iteration: 400/1000 - Best fitness: 12859.8843
PSO-LDIW iteration: 450/1000 - Best fitness: 12510.5229 - w=0.675, c1=1.5, c2=1.5
FIPS iteration: 100/1000 - Best fitness: 13490.311
PSO-LDIW iteration: 300/1000 - Best fitness: 12148.3098 - w=0.75, c1=1.5, c2=1.5
FIPS iteration: 700/1000 - Best fitness: 12620.7465
PSO-LDIW iteration: 750/1000 - Best fitness: 12601.4522 - w=0.525, c1=1.5, c2=1.5
FIPS iteration: 750/1000 - Best fitness: 12671.595
PSO-LDIW iteration: 250/1000 - Best fitness: 12649.5887 - w=0.775, c1=1.5, c2=1.5
FIPS iteration: 700/1000 - Best fitness: 12492.8646
PSO-LDIW iteration: 600/1000 - Best fitness: 12209.1022 - w=0.6, c1=1.5, c2=1.5
PSO-LDIW iteration: 1000/1000 - Best fitness: 12546.1839 - w=0.4, c1=1.5, c2=1.5

========== Planning Complete ==========
Algorithm: PSO_LDIW
Execution time: 625.3765 seconds
Path length: 287.1041 units
Waypoints: 7
Best fitness: 12546.1839
========================================


========== Direct Global Planning ==========
Algorithm: FIPS
Start: [0.0, 0.0, 10.0]
Goal:  [200.0, 200.0, 10.0]
============================================

Starting FIPS (Fully Informed PSO) path planning...
Number of Initial feasible particles: 0/100
PSO-LDIW iteration: 800/1000 - Best fitness: 12601.4285 - w=0.5, c1=1.5, c2=1.5
FIPS iteration: 450/1000 - Best fitness: 12788.9905
FIPS iteration: 450/1000 - Best fitness: 12761.6247
PSO-LDIW iteration: 150/1000 - Best fitness: 12759.3643 - w=0.825, c1=1.5, c2=1.5
PSO-LDIW iteration: 550/1000 - Best fitness: 12482.3943 - w=0.625, c1=1.5, c2=1.5
FIPS iteration: 750/1000 - Best fitness: 12620.7465
FIPS iteration: 800/1000 - Best fitness: 12671.595
PSO-LDIW iteration: 850/1000 - Best fitness: 12601.4192 - w=0.475, c1=1.5, c2=1.5
FIPS iteration: 150/1000 - Best fitness: 13403.0477
PSO-LDIW iteration: 500/1000 - Best fitness: 12507.7889 - w=0.65, c1=1.5, c2=1.5
FIPS iteration: 750/1000 - Best fitness: 12492.8646
PSO-LDIW iteration: 350/1000 - Best fitness: 12143.7672 - w=0.725, c1=1.5, c2=1.5
PSO-LDIW iteration: 300/1000 - Best fitness: 12568.3537 - w=0.75, c1=1.5, c2=1.5
PSO-LDIW iteration: 900/1000 - Best fitness: 12601.3916 - w=0.45, c1=1.5, c2=1.5
FIPS iteration: 500/1000 - Best fitness: 12788.9905
FIPS iteration: 800/1000 - Best fitness: 12620.7465
PSO-LDIW iteration: 650/1000 - Best fitness: 12209.0339 - w=0.575, c1=1.5, c2=1.5
FIPS iteration: 500/1000 - Best fitness: 12643.7004
FIPS iteration: 850/1000 - Best fitness: 12671.595
PSO-LDIW iteration: 950/1000 - Best fitness: 12601.3775 - w=0.425, c1=1.5, c2=1.5
FIPS iteration: 50/1000 - Best fitness: 13981.6923
FIPS iteration: 800/1000 - Best fitness: 12492.8646
PSO-LDIW iteration: 200/1000 - Best fitness: 12722.3817 - w=0.8, c1=1.5, c2=1.5
FIPS iteration: 200/1000 - Best fitness: 13139.0253
PSO-LDIW iteration: 600/1000 - Best fitness: 12480.9664 - w=0.6, c1=1.5, c2=1.5
PSO-LDIW iteration: 1000/1000 - Best fitness: 12601.367 - w=0.4, c1=1.5, c2=1.5

========== Planning Complete ==========
Algorithm: PSO_LDIW
Execution time: 348.8689 seconds
Path length: 288.9614 units
Waypoints: 7
Best fitness: 12601.3670
========================================


========== Direct Global Planning ==========
Algorithm: FIPS
Start: [0.0, 0.0, 10.0]
Goal:  [200.0, 200.0, 10.0]
============================================

Starting FIPS (Fully Informed PSO) path planning...
Number of Initial feasible particles: 0/100
FIPS iteration: 850/1000 - Best fitness: 12620.7465
FIPS iteration: 550/1000 - Best fitness: 12788.9905
PSO-LDIW iteration: 550/1000 - Best fitness: 12503.209 - w=0.625, c1=1.5, c2=1.5
PSO-LDIW iteration: 400/1000 - Best fitness: 12139.7673 - w=0.7, c1=1.5, c2=1.5
FIPS iteration: 900/1000 - Best fitness: 12671.595
PSO-LDIW iteration: 350/1000 - Best fitness: 12520.5835 - w=0.725, c1=1.5, c2=1.5
FIPS iteration: 550/1000 - Best fitness: 12643.7004
PSO-LDIW iteration: 700/1000 - Best fitness: 12209.0225 - w=0.55, c1=1.5, c2=1.5
FIPS iteration: 850/1000 - Best fitness: 12492.8646
FIPS iteration: 900/1000 - Best fitness: 12620.7465
FIPS iteration: 100/1000 - Best fitness: 13627.6174
FIPS iteration: 250/1000 - Best fitness: 13139.0253
FIPS iteration: 600/1000 - Best fitness: 12788.9905
PSO-LDIW iteration: 250/1000 - Best fitness: 12686.0687 - w=0.775, c1=1.5, c2=1.5
FIPS iteration: 950/1000 - Best fitness: 12653.9176
FIPS iteration: 50/1000 - Best fitness: 13552.2137
FIPS iteration: 900/1000 - Best fitness: 12492.8646
FIPS iteration: 600/1000 - Best fitness: 12605.1321
PSO-LDIW iteration: 600/1000 - Best fitness: 12502.1222 - w=0.6, c1=1.5, c2=1.5
PSO-LDIW iteration: 650/1000 - Best fitness: 12478.3016 - w=0.575, c1=1.5, c2=1.5
PSO-LDIW iteration: 400/1000 - Best fitness: 12505.1011 - w=0.7, c1=1.5, c2=1.5
PSO-LDIW iteration: 450/1000 - Best fitness: 12139.4239 - w=0.675, c1=1.5, c2=1.5
FIPS iteration: 950/1000 - Best fitness: 12591.0121
PSO-LDIW iteration: 750/1000 - Best fitness: 12209.0217 - w=0.525, c1=1.5, c2=1.5
FIPS iteration: 1000/1000 - Best fitness: 12653.9176
FIPS completed with final fitness: 12653.9176

========== Planning Complete ==========
Algorithm: FIPS
Execution time: 502.7731 seconds
Path length: 310.4489 units
Waypoints: 7
Best fitness: 12653.9176
========================================


========== Direct Global Planning ==========
Algorithm: CLPSO
Start: [0.0, 0.0, 10.0]
Goal:  [200.0, 200.0, 10.0]
============================================

Starting CLPSO (Comprehensive Learning PSO) path planning...
Number of Initial feasible particles: 0/100
FIPS iteration: 650/1000 - Best fitness: 12701.8455
FIPS iteration: 300/1000 - Best fitness: 13104.4037
FIPS iteration: 950/1000 - Best fitness: 12492.8646
FIPS iteration: 150/1000 - Best fitness: 13627.6174
PSO-LDIW iteration: 300/1000 - Best fitness: 12675.8529 - w=0.75, c1=1.5, c2=1.5
FIPS iteration: 650/1000 - Best fitness: 12590.4073
FIPS iteration: 100/1000 - Best fitness: 13246.6254
FIPS iteration: 1000/1000 - Best fitness: 12591.0121
FIPS completed with final fitness: 12591.0121

========== Planning Complete ==========
Algorithm: FIPS
Execution time: 479.7825 seconds
Path length: 314.9589 units
Waypoints: 7
Best fitness: 12591.0121
========================================


========== Direct Global Planning ==========
Algorithm: CLPSO
Start: [0.0, 0.0, 10.0]
Goal:  [200.0, 200.0, 10.0]
============================================

Starting CLPSO (Comprehensive Learning PSO) path planning...
Number of Initial feasible particles: 0/100
PSO-LDIW iteration: 450/1000 - Best fitness: 12496.7896 - w=0.675, c1=1.5, c2=1.5
FIPS iteration: 700/1000 - Best fitness: 12701.8455
PSO-LDIW iteration: 650/1000 - Best fitness: 12498.8301 - w=0.575, c1=1.5, c2=1.5
PSO-LDIW iteration: 500/1000 - Best fitness: 12139.3838 - w=0.65, c1=1.5, c2=1.5
FIPS iteration: 1000/1000 - Best fitness: 12492.8646
FIPS completed with final fitness: 12492.8646

========== Planning Complete ==========
Algorithm: FIPS
Execution time: 504.5033 seconds
Path length: 322.2966 units
Waypoints: 7
Best fitness: 12492.8646
========================================

CLPSO iteration: 50/1000 - Best fitness: 14192.6248 - w: 0.860

========== Direct Global Planning ==========
Algorithm: CLPSO
Start: [0.0, 0.0, 10.0]
Goal:  [200.0, 200.0, 10.0]
============================================

Starting CLPSO (Comprehensive Learning PSO) path planning...
Number of Initial feasible particles: 0/100
PSO-LDIW iteration: 700/1000 - Best fitness: 12474.4225 - w=0.55, c1=1.5, c2=1.5
PSO-LDIW iteration: 800/1000 - Best fitness: 12209.0217 - w=0.5, c1=1.5, c2=1.5
FIPS iteration: 350/1000 - Best fitness: 13049.7495
FIPS iteration: 700/1000 - Best fitness: 12590.4073
FIPS iteration: 150/1000 - Best fitness: 13155.5326
FIPS iteration: 750/1000 - Best fitness: 12701.8455
CLPSO iteration: 50/1000 - Best fitness: 14072.4176 - w: 0.860
FIPS iteration: 200/1000 - Best fitness: 13516.9653
PSO-LDIW iteration: 350/1000 - Best fitness: 12671.5575 - w=0.725, c1=1.5, c2=1.5
PSO-LDIW iteration: 700/1000 - Best fitness: 12498.6522 - w=0.55, c1=1.5, c2=1.5
CLPSO iteration: 50/1000 - Best fitness: 14265.0711 - w: 0.860
PSO-LDIW iteration: 500/1000 - Best fitness: 12495.5141 - w=0.65, c1=1.5, c2=1.5
PSO-LDIW iteration: 550/1000 - Best fitness: 12139.3806 - w=0.625, c1=1.5, c2=1.5
CLPSO iteration: 100/1000 - Best fitness: 14175.4541 - w: 0.820
FIPS iteration: 750/1000 - Best fitness: 12590.4073
FIPS iteration: 400/1000 - Best fitness: 13049.7495
FIPS iteration: 800/1000 - Best fitness: 12701.8455
PSO-LDIW iteration: 850/1000 - Best fitness: 12209.0216 - w=0.475, c1=1.5, c2=1.5
FIPS iteration: 200/1000 - Best fitness: 13155.5326
PSO-LDIW iteration: 750/1000 - Best fitness: 12473.5122 - w=0.525, c1=1.5, c2=1.5
CLPSO iteration: 100/1000 - Best fitness: 14072.1776 - w: 0.820
FIPS iteration: 250/1000 - Best fitness: 13495.9053
PSO-LDIW iteration: 400/1000 - Best fitness: 12667.0831 - w=0.7, c1=1.5, c2=1.5
FIPS iteration: 800/1000 - Best fitness: 12590.4073
CLPSO iteration: 100/1000 - Best fitness: 14186.9314 - w: 0.820
FIPS iteration: 850/1000 - Best fitness: 12701.8455
PSO-LDIW iteration: 750/1000 - Best fitness: 12498.5256 - w=0.525, c1=1.5, c2=1.5
FIPS iteration: 450/1000 - Best fitness: 12930.6858
PSO-LDIW iteration: 600/1000 - Best fitness: 12139.3804 - w=0.6, c1=1.5, c2=1.5
CLPSO iteration: 150/1000 - Best fitness: 13871.1237 - w: 0.780
PSO-LDIW iteration: 550/1000 - Best fitness: 12495.2302 - w=0.625, c1=1.5, c2=1.5
PSO-LDIW iteration: 900/1000 - Best fitness: 12209.0216 - w=0.45, c1=1.5, c2=1.5
FIPS iteration: 250/1000 - Best fitness: 13155.5326
PSO-LDIW iteration: 450/1000 - Best fitness: 12665.8469 - w=0.675, c1=1.5, c2=1.5
CLPSO iteration: 150/1000 - Best fitness: 13936.9365 - w: 0.780
FIPS iteration: 850/1000 - Best fitness: 12590.4073
FIPS iteration: 300/1000 - Best fitness: 13358.7876
PSO-LDIW iteration: 800/1000 - Best fitness: 12473.4105 - w=0.5, c1=1.5, c2=1.5
FIPS iteration: 900/1000 - Best fitness: 12701.8455
PSO-LDIW iteration: 500/1000 - Best fitness: 12665.1765 - w=0.65, c1=1.5, c2=1.5
FIPS iteration: 500/1000 - Best fitness: 12828.5033
CLPSO iteration: 150/1000 - Best fitness: 14047.9811 - w: 0.780
FIPS iteration: 300/1000 - Best fitness: 13155.5326
PSO-LDIW iteration: 800/1000 - Best fitness: 12498.1104 - w=0.5, c1=1.5, c2=1.5
CLPSO iteration: 200/1000 - Best fitness: 13716.7861 - w: 0.740
FIPS iteration: 900/1000 - Best fitness: 12590.4073
PSO-LDIW iteration: 650/1000 - Best fitness: 12139.3803 - w=0.575, c1=1.5, c2=1.5
PSO-LDIW iteration: 550/1000 - Best fitness: 12664.2652 - w=0.625, c1=1.5, c2=1.5
PSO-LDIW iteration: 600/1000 - Best fitness: 12491.7025 - w=0.6, c1=1.5, c2=1.5
PSO-LDIW iteration: 950/1000 - Best fitness: 12209.0216 - w=0.425, c1=1.5, c2=1.5
FIPS iteration: 950/1000 - Best fitness: 12701.8455
CLPSO iteration: 200/1000 - Best fitness: 13686.4211 - w: 0.740
FIPS iteration: 350/1000 - Best fitness: 13358.7876
PSO-LDIW iteration: 600/1000 - Best fitness: 12663.8823 - w=0.6, c1=1.5, c2=1.5
FIPS iteration: 550/1000 - Best fitness: 12828.5033
FIPS iteration: 350/1000 - Best fitness: 13028.0576
PSO-LDIW iteration: 850/1000 - Best fitness: 12473.3623 - w=0.475, c1=1.5, c2=1.5
FIPS iteration: 950/1000 - Best fitness: 12590.4073
CLPSO iteration: 200/1000 - Best fitness: 13756.0871 - w: 0.740
PSO-LDIW iteration: 650/1000 - Best fitness: 12663.6476 - w=0.575, c1=1.5, c2=1.5
FIPS iteration: 1000/1000 - Best fitness: 12701.8455
FIPS completed with final fitness: 12701.8455

========== Planning Complete ==========
Algorithm: FIPS
Execution time: 494.9192 seconds
Path length: 325.9168 units
Waypoints: 7
Best fitness: 12701.8455
========================================


========== Direct Global Planning ==========
Algorithm: CLPSO
Start: [0.0, 0.0, 10.0]
Goal:  [200.0, 200.0, 10.0]
============================================

Starting CLPSO (Comprehensive Learning PSO) path planning...
Number of Initial feasible particles: 0/100
PSO-LDIW iteration: 850/1000 - Best fitness: 12497.9923 - w=0.475, c1=1.5, c2=1.5
CLPSO iteration: 250/1000 - Best fitness: 13642.4991 - w: 0.700
PSO-LDIW iteration: 700/1000 - Best fitness: 12663.4159 - w=0.55, c1=1.5, c2=1.5
FIPS iteration: 400/1000 - Best fitness: 13222.2045
PSO-LDIW iteration: 650/1000 - Best fitness: 12490.2566 - w=0.575, c1=1.5, c2=1.5
CLPSO iteration: 250/1000 - Best fitness: 13609.9032 - w: 0.700
PSO-LDIW iteration: 700/1000 - Best fitness: 12139.3803 - w=0.55, c1=1.5, c2=1.5
PSO-LDIW iteration: 1000/1000 - Best fitness: 12209.0216 - w=0.4, c1=1.5, c2=1.5

========== Planning Complete ==========
Algorithm: PSO_LDIW
Execution time: 599.0620 seconds
Path length: 287.1422 units
Waypoints: 7
Best fitness: 12209.0216
========================================


========== Direct Global Planning ==========
Algorithm: FIPS
Start: [0.0, 0.0, 10.0]
Goal:  [200.0, 200.0, 10.0]
============================================

Starting FIPS (Fully Informed PSO) path planning...
Number of Initial feasible particles: 0/100
FIPS iteration: 400/1000 - Best fitness: 12854.6377
FIPS iteration: 1000/1000 - Best fitness: 12451.493
FIPS completed with final fitness: 12451.493

========== Planning Complete ==========
Algorithm: FIPS
Execution time: 525.5598 seconds
Path length: 308.4235 units
Waypoints: 7
Best fitness: 12451.4930
========================================


========== Direct Global Planning ==========
Algorithm: CLPSO
Start: [0.0, 0.0, 10.0]
Goal:  [200.0, 200.0, 10.0]
============================================

Starting CLPSO (Comprehensive Learning PSO) path planning...
FIPS iteration: 600/1000 - Best fitness: 12772.8305
Number of Initial feasible particles: 0/100
PSO-LDIW iteration: 750/1000 - Best fitness: 12663.2821 - w=0.525, c1=1.5, c2=1.5
CLPSO iteration: 250/1000 - Best fitness: 13516.5069 - w: 0.700
CLPSO iteration: 50/1000 - Best fitness: 13940.6372 - w: 0.860
PSO-LDIW iteration: 900/1000 - Best fitness: 12497.9917 - w=0.45, c1=1.5, c2=1.5
PSO-LDIW iteration: 800/1000 - Best fitness: 12663.2712 - w=0.5, c1=1.5, c2=1.5
PSO-LDIW iteration: 900/1000 - Best fitness: 12473.344 - w=0.45, c1=1.5, c2=1.5
FIPS iteration: 450/1000 - Best fitness: 12854.6377
CLPSO iteration: 300/1000 - Best fitness: 13577.376 - w: 0.660
FIPS iteration: 450/1000 - Best fitness: 13222.2045
FIPS iteration: 650/1000 - Best fitness: 12701.0004
CLPSO iteration: 50/1000 - Best fitness: 14111.3621 - w: 0.860
PSO-LDIW iteration: 850/1000 - Best fitness: 12663.1534 - w=0.475, c1=1.5, c2=1.5
CLPSO iteration: 300/1000 - Best fitness: 13463.6337 - w: 0.660
FIPS iteration: 50/1000 - Best fitness: 13827.6917
PSO-LDIW iteration: 700/1000 - Best fitness: 12490.0617 - w=0.55, c1=1.5, c2=1.5
PSO-LDIW iteration: 750/1000 - Best fitness: 12139.3803 - w=0.525, c1=1.5, c2=1.5
PSO-LDIW iteration: 900/1000 - Best fitness: 12663.1324 - w=0.45, c1=1.5, c2=1.5
CLPSO iteration: 100/1000 - Best fitness: 13887.2955 - w: 0.820
CLPSO iteration: 300/1000 - Best fitness: 13516.5069 - w: 0.660
FIPS iteration: 500/1000 - Best fitness: 12854.6377
PSO-LDIW iteration: 950/1000 - Best fitness: 12497.9911 - w=0.425, c1=1.5, c2=1.5
PSO-LDIW iteration: 950/1000 - Best fitness: 12663.1119 - w=0.425, c1=1.5, c2=1.5
FIPS iteration: 700/1000 - Best fitness: 12701.0004
FIPS iteration: 500/1000 - Best fitness: 13222.2045
CLPSO iteration: 100/1000 - Best fitness: 13872.892 - w: 0.820
CLPSO iteration: 350/1000 - Best fitness: 13535.159 - w: 0.620
PSO-LDIW iteration: 950/1000 - Best fitness: 12473.2873 - w=0.425, c1=1.5, c2=1.5
PSO-LDIW iteration: 1000/1000 - Best fitness: 12663.1106 - w=0.4, c1=1.5, c2=1.5

========== Planning Complete ==========
Algorithm: PSO_LDIW
Execution time: 420.7429 seconds
Path length: 311.7690 units
Waypoints: 7
Best fitness: 12663.1106
========================================


========== Direct Global Planning ==========
Algorithm: FIPS
Start: [0.0, 0.0, 10.0]
Goal:  [200.0, 200.0, 10.0]
============================================

Starting FIPS (Fully Informed PSO) path planning...
Number of Initial feasible particles: 0/100
FIPS iteration: 100/1000 - Best fitness: 13827.6917
CLPSO iteration: 350/1000 - Best fitness: 13445.3464 - w: 0.620
FIPS iteration: 550/1000 - Best fitness: 12854.6377
PSO-LDIW iteration: 750/1000 - Best fitness: 12489.5396 - w=0.525, c1=1.5, c2=1.5
CLPSO iteration: 150/1000 - Best fitness: 13798.7917 - w: 0.780
PSO-LDIW iteration: 800/1000 - Best fitness: 12139.3803 - w=0.5, c1=1.5, c2=1.5
CLPSO iteration: 350/1000 - Best fitness: 13312.0188 - w: 0.620
FIPS iteration: 750/1000 - Best fitness: 12701.0004
PSO-LDIW iteration: 1000/1000 - Best fitness: 12497.988 - w=0.4, c1=1.5, c2=1.5

========== Planning Complete ==========
Algorithm: PSO_LDIW
Execution time: 615.0623 seconds
Path length: 286.6317 units
Waypoints: 7
Best fitness: 12497.9880
========================================


========== Direct Global Planning ==========
Algorithm: FIPS
Start: [0.0, 0.0, 10.0]
Goal:  [200.0, 200.0, 10.0]
============================================

Starting FIPS (Fully Informed PSO) path planning...
FIPS iteration: 550/1000 - Best fitness: 13198.8741
Number of Initial feasible particles: 0/100
CLPSO iteration: 150/1000 - Best fitness: 13872.892 - w: 0.780
FIPS iteration: 600/1000 - Best fitness: 12854.6377
CLPSO iteration: 400/1000 - Best fitness: 13479.4182 - w: 0.580
FIPS iteration: 150/1000 - Best fitness: 13779.4101
FIPS iteration: 50/1000 - Best fitness: 13778.2266
CLPSO iteration: 400/1000 - Best fitness: 13445.3464 - w: 0.580
PSO-LDIW iteration: 1000/1000 - Best fitness: 12473.2181 - w=0.4, c1=1.5, c2=1.5

========== Planning Complete ==========
Algorithm: PSO_LDIW
Execution time: 717.7052 seconds
Path length: 308.5622 units
Waypoints: 7
Best fitness: 12473.2181
========================================


========== Direct Global Planning ==========
Algorithm: FIPS
Start: [0.0, 0.0, 10.0]
Goal:  [200.0, 200.0, 10.0]
============================================

Starting FIPS (Fully Informed PSO) path planning...
Number of Initial feasible particles: 0/100
CLPSO iteration: 200/1000 - Best fitness: 13786.8073 - w: 0.740
FIPS iteration: 800/1000 - Best fitness: 12560.0876
FIPS iteration: 650/1000 - Best fitness: 12854.6377
CLPSO iteration: 400/1000 - Best fitness: 13312.0188 - w: 0.580
PSO-LDIW iteration: 800/1000 - Best fitness: 12489.2888 - w=0.5, c1=1.5, c2=1.5
FIPS iteration: 600/1000 - Best fitness: 13198.8741
PSO-LDIW iteration: 850/1000 - Best fitness: 12139.3803 - w=0.475, c1=1.5, c2=1.5
FIPS iteration: 50/1000 - Best fitness: 14075.9702
CLPSO iteration: 200/1000 - Best fitness: 13725.1766 - w: 0.740
FIPS iteration: 200/1000 - Best fitness: 13680.1147
CLPSO iteration: 450/1000 - Best fitness: 13424.9197 - w: 0.540
FIPS iteration: 850/1000 - Best fitness: 12560.0876
FIPS iteration: 700/1000 - Best fitness: 12854.6377
FIPS iteration: 100/1000 - Best fitness: 13673.9915
CLPSO iteration: 450/1000 - Best fitness: 13412.0757 - w: 0.540
FIPS iteration: 50/1000 - Best fitness: 13898.8404
CLPSO iteration: 250/1000 - Best fitness: 13683.128 - w: 0.700
CLPSO iteration: 450/1000 - Best fitness: 13205.3347 - w: 0.540
FIPS iteration: 650/1000 - Best fitness: 13138.1805
PSO-LDIW iteration: 850/1000 - Best fitness: 12489.2543 - w=0.475, c1=1.5, c2=1.5
FIPS iteration: 100/1000 - Best fitness: 13883.1296
FIPS iteration: 750/1000 - Best fitness: 12845.6157
CLPSO iteration: 250/1000 - Best fitness: 13725.1766 - w: 0.700
FIPS iteration: 900/1000 - Best fitness: 12515.8914
PSO-LDIW iteration: 900/1000 - Best fitness: 12139.3803 - w=0.45, c1=1.5, c2=1.5
FIPS iteration: 250/1000 - Best fitness: 13433.3185
FIPS iteration: 150/1000 - Best fitness: 13458.5366
CLPSO iteration: 500/1000 - Best fitness: 13329.0808 - w: 0.500
FIPS iteration: 100/1000 - Best fitness: 13643.2855
CLPSO iteration: 300/1000 - Best fitness: 13390.4901 - w: 0.660
CLPSO iteration: 500/1000 - Best fitness: 13345.0755 - w: 0.500
FIPS iteration: 700/1000 - Best fitness: 13107.1633
FIPS iteration: 800/1000 - Best fitness: 12705.2262
CLPSO iteration: 500/1000 - Best fitness: 13205.3347 - w: 0.500
FIPS iteration: 950/1000 - Best fitness: 12515.8914
FIPS iteration: 150/1000 - Best fitness: 13680.0267
CLPSO iteration: 300/1000 - Best fitness: 13725.1766 - w: 0.660
FIPS iteration: 300/1000 - Best fitness: 13433.3185
PSO-LDIW iteration: 900/1000 - Best fitness: 12489.2324 - w=0.45, c1=1.5, c2=1.5
FIPS iteration: 850/1000 - Best fitness: 12705.2262
PSO-LDIW iteration: 950/1000 - Best fitness: 12139.3803 - w=0.425, c1=1.5, c2=1.5
FIPS iteration: 200/1000 - Best fitness: 13177.8414
FIPS iteration: 750/1000 - Best fitness: 13107.1633
FIPS iteration: 150/1000 - Best fitness: 13534.0787
CLPSO iteration: 350/1000 - Best fitness: 13390.4901 - w: 0.620
CLPSO iteration: 550/1000 - Best fitness: 13329.0808 - w: 0.460
FIPS iteration: 1000/1000 - Best fitness: 12455.4638
FIPS completed with final fitness: 12455.4638

========== Planning Complete ==========
Algorithm: FIPS
Execution time: 550.7972 seconds
Path length: 333.3966 units
Waypoints: 7
Best fitness: 12455.4638
========================================


========== Direct Global Planning ==========
Algorithm: CLPSO
Start: [0.0, 0.0, 10.0]
Goal:  [200.0, 200.0, 10.0]
============================================

Starting CLPSO (Comprehensive Learning PSO) path planning...
CLPSO iteration: 550/1000 - Best fitness: 13345.0748 - w: 0.460
Number of Initial feasible particles: 0/100
CLPSO iteration: 550/1000 - Best fitness: 13205.3347 - w: 0.460
FIPS iteration: 200/1000 - Best fitness: 13638.7763
FIPS iteration: 900/1000 - Best fitness: 12705.2262
FIPS iteration: 350/1000 - Best fitness: 13433.3185
CLPSO iteration: 350/1000 - Best fitness: 13725.1766 - w: 0.620
FIPS iteration: 800/1000 - Best fitness: 13105.5498
PSO-LDIW iteration: 950/1000 - Best fitness: 12489.173 - w=0.425, c1=1.5, c2=1.5
FIPS iteration: 250/1000 - Best fitness: 13091.1918
FIPS iteration: 200/1000 - Best fitness: 13325.7843
FIPS iteration: 950/1000 - Best fitness: 12705.2262
CLPSO iteration: 50/1000 - Best fitness: 14509.4661 - w: 0.860
CLPSO iteration: 400/1000 - Best fitness: 13390.4901 - w: 0.580
PSO-LDIW iteration: 1000/1000 - Best fitness: 12139.3803 - w=0.4, c1=1.5, c2=1.5

========== Planning Complete ==========
Algorithm: PSO_LDIW
Execution time: 682.6761 seconds
Path length: 314.2395 units
Waypoints: 7
Best fitness: 12139.3803
========================================


========== Direct Global Planning ==========
Algorithm: FIPS
Start: [0.0, 0.0, 10.0]
Goal:  [200.0, 200.0, 10.0]
============================================

Starting FIPS (Fully Informed PSO) path planning...
Number of Initial feasible particles: 0/100
CLPSO iteration: 600/1000 - Best fitness: 13235.0077 - w: 0.420
FIPS iteration: 250/1000 - Best fitness: 13635.7065
CLPSO iteration: 600/1000 - Best fitness: 13205.3347 - w: 0.420
CLPSO iteration: 600/1000 - Best fitness: 13345.0748 - w: 0.420
FIPS iteration: 400/1000 - Best fitness: 13433.3185
FIPS iteration: 1000/1000 - Best fitness: 12705.2262
FIPS completed with final fitness: 12705.2262

========== Planning Complete ==========
Algorithm: FIPS
Execution time: 467.0588 seconds
Path length: 335.7040 units
Waypoints: 7
Best fitness: 12705.2262
========================================


========== Direct Global Planning ==========
Algorithm: CLPSO
Start: [0.0, 0.0, 10.0]
Goal:  [200.0, 200.0, 10.0]
============================================

Starting CLPSO (Comprehensive Learning PSO) path planning...
Number of Initial feasible particles: 0/100
FIPS iteration: 850/1000 - Best fitness: 13105.5498
FIPS iteration: 300/1000 - Best fitness: 12942.0558
FIPS iteration: 250/1000 - Best fitness: 13287.8001
CLPSO iteration: 400/1000 - Best fitness: 13629.7373 - w: 0.580
CLPSO iteration: 100/1000 - Best fitness: 14044.8086 - w: 0.820
PSO-LDIW iteration: 1000/1000 - Best fitness: 12489.083 - w=0.4, c1=1.5, c2=1.5

========== Planning Complete ==========
Algorithm: PSO_LDIW
Execution time: 675.4761 seconds
Path length: 286.7069 units
Waypoints: 7
Best fitness: 12489.0830
========================================


========== Direct Global Planning ==========
Algorithm: FIPS
Start: [0.0, 0.0, 10.0]
Goal:  [200.0, 200.0, 10.0]
============================================

Starting FIPS (Fully Informed PSO) path planning...
FIPS iteration: 300/1000 - Best fitness: 13548.86
Number of Initial feasible particles: 0/100
CLPSO iteration: 450/1000 - Best fitness: 13390.4901 - w: 0.540
FIPS iteration: 450/1000 - Best fitness: 13388.9937
CLPSO iteration: 650/1000 - Best fitness: 13205.3347 - w: 0.380
FIPS iteration: 50/1000 - Best fitness: 13943.367
CLPSO iteration: 650/1000 - Best fitness: 13226.1718 - w: 0.380
CLPSO iteration: 650/1000 - Best fitness: 13268.1822 - w: 0.380
CLPSO iteration: 50/1000 - Best fitness: 14142.7398 - w: 0.860
FIPS iteration: 900/1000 - Best fitness: 12869.317
FIPS iteration: 350/1000 - Best fitness: 12935.3979
FIPS iteration: 300/1000 - Best fitness: 13045.7669
CLPSO iteration: 450/1000 - Best fitness: 13536.1108 - w: 0.540
FIPS iteration: 350/1000 - Best fitness: 13372.2264
CLPSO iteration: 150/1000 - Best fitness: 13885.2241 - w: 0.780
FIPS iteration: 500/1000 - Best fitness: 13256.7891
FIPS iteration: 50/1000 - Best fitness: 14083.3738
CLPSO iteration: 500/1000 - Best fitness: 13390.4901 - w: 0.500
FIPS iteration: 100/1000 - Best fitness: 13254.7873
CLPSO iteration: 700/1000 - Best fitness: 13205.3347 - w: 0.340
FIPS iteration: 950/1000 - Best fitness: 12785.9881
CLPSO iteration: 100/1000 - Best fitness: 13605.8761 - w: 0.820
CLPSO iteration: 700/1000 - Best fitness: 13268.1822 - w: 0.340
CLPSO iteration: 700/1000 - Best fitness: 13162.6003 - w: 0.340
FIPS iteration: 400/1000 - Best fitness: 12870.8472
FIPS iteration: 350/1000 - Best fitness: 13045.7669
FIPS iteration: 400/1000 - Best fitness: 13372.2264
FIPS iteration: 550/1000 - Best fitness: 13256.7891
CLPSO iteration: 500/1000 - Best fitness: 13510.7376 - w: 0.500
CLPSO iteration: 200/1000 - Best fitness: 13733.976 - w: 0.740
FIPS iteration: 100/1000 - Best fitness: 13764.471
FIPS iteration: 1000/1000 - Best fitness: 12707.2233
FIPS completed with final fitness: 12707.2233

========== Planning Complete ==========
Algorithm: FIPS
Execution time: 592.0181 seconds
Path length: 327.3277 units
Waypoints: 7
Best fitness: 12707.2233
========================================

FIPS iteration: 150/1000 - Best fitness: 13096.7207

========== Direct Global Planning ==========
Algorithm: CLPSO
Start: [0.0, 0.0, 10.0]
Goal:  [200.0, 200.0, 10.0]
============================================

Starting CLPSO (Comprehensive Learning PSO) path planning...
Number of Initial feasible particles: 0/100
CLPSO iteration: 550/1000 - Best fitness: 13390.4901 - w: 0.460
FIPS iteration: 400/1000 - Best fitness: 13045.7669
FIPS iteration: 450/1000 - Best fitness: 12870.8472
CLPSO iteration: 750/1000 - Best fitness: 13148.8196 - w: 0.300
CLPSO iteration: 150/1000 - Best fitness: 13605.8761 - w: 0.780
FIPS iteration: 450/1000 - Best fitness: 13372.2264
CLPSO iteration: 750/1000 - Best fitness: 13197.3483 - w: 0.300
CLPSO iteration: 750/1000 - Best fitness: 13162.6003 - w: 0.300
FIPS iteration: 600/1000 - Best fitness: 13256.7891
FIPS iteration: 200/1000 - Best fitness: 12948.5264
CLPSO iteration: 50/1000 - Best fitness: 14266.7403 - w: 0.860
FIPS iteration: 150/1000 - Best fitness: 13505.0508
FIPS iteration: 450/1000 - Best fitness: 13017.3963
CLPSO iteration: 550/1000 - Best fitness: 13460.5869 - w: 0.460
CLPSO iteration: 250/1000 - Best fitness: 13645.2226 - w: 0.700
FIPS iteration: 500/1000 - Best fitness: 12870.8472
CLPSO iteration: 600/1000 - Best fitness: 13376.673 - w: 0.420
CLPSO iteration: 800/1000 - Best fitness: 13142.3183 - w: 0.260
CLPSO iteration: 200/1000 - Best fitness: 13605.8761 - w: 0.740
FIPS iteration: 500/1000 - Best fitness: 13372.2264
FIPS iteration: 650/1000 - Best fitness: 13129.1373
CLPSO iteration: 800/1000 - Best fitness: 13197.3483 - w: 0.260
CLPSO iteration: 800/1000 - Best fitness: 13162.6003 - w: 0.260
FIPS iteration: 500/1000 - Best fitness: 13017.3963
FIPS iteration: 250/1000 - Best fitness: 12948.5264
FIPS iteration: 200/1000 - Best fitness: 13346.1457
FIPS iteration: 550/1000 - Best fitness: 12707.9214
CLPSO iteration: 100/1000 - Best fitness: 14099.1509 - w: 0.820
FIPS iteration: 550/1000 - Best fitness: 13232.6163
CLPSO iteration: 600/1000 - Best fitness: 13299.5486 - w: 0.420
CLPSO iteration: 300/1000 - Best fitness: 13641.7566 - w: 0.660
FIPS iteration: 700/1000 - Best fitness: 13129.1373
CLPSO iteration: 250/1000 - Best fitness: 13605.8761 - w: 0.700
CLPSO iteration: 650/1000 - Best fitness: 13347.6246 - w: 0.380
CLPSO iteration: 850/1000 - Best fitness: 13099.8225 - w: 0.220
FIPS iteration: 550/1000 - Best fitness: 13017.3963
FIPS iteration: 300/1000 - Best fitness: 12948.5264
FIPS iteration: 600/1000 - Best fitness: 12685.8134
CLPSO iteration: 850/1000 - Best fitness: 13094.7083 - w: 0.220
FIPS iteration: 250/1000 - Best fitness: 13346.1457
FIPS iteration: 600/1000 - Best fitness: 13104.2411
CLPSO iteration: 150/1000 - Best fitness: 13788.2615 - w: 0.780
CLPSO iteration: 850/1000 - Best fitness: 13159.7855 - w: 0.220
FIPS iteration: 750/1000 - Best fitness: 13129.1373
FIPS iteration: 600/1000 - Best fitness: 13009.0801
CLPSO iteration: 650/1000 - Best fitness: 13265.6123 - w: 0.380
CLPSO iteration: 350/1000 - Best fitness: 13420.4883 - w: 0.620
CLPSO iteration: 300/1000 - Best fitness: 13579.969 - w: 0.660
FIPS iteration: 350/1000 - Best fitness: 12891.0334
CLPSO iteration: 700/1000 - Best fitness: 13339.3392 - w: 0.340
FIPS iteration: 650/1000 - Best fitness: 12685.8134
CLPSO iteration: 900/1000 - Best fitness: 13069.7592 - w: 0.180
FIPS iteration: 650/1000 - Best fitness: 13104.2411
FIPS iteration: 300/1000 - Best fitness: 13299.2987
FIPS iteration: 800/1000 - Best fitness: 13129.1373
CLPSO iteration: 900/1000 - Best fitness: 13026.419 - w: 0.180
FIPS iteration: 650/1000 - Best fitness: 12973.8623
CLPSO iteration: 200/1000 - Best fitness: 13473.6474 - w: 0.740
CLPSO iteration: 900/1000 - Best fitness: 13127.9044 - w: 0.180
FIPS iteration: 400/1000 - Best fitness: 12891.0334
FIPS iteration: 700/1000 - Best fitness: 12685.8134
CLPSO iteration: 350/1000 - Best fitness: 13579.969 - w: 0.620
CLPSO iteration: 700/1000 - Best fitness: 13152.3205 - w: 0.340
CLPSO iteration: 400/1000 - Best fitness: 13419.0837 - w: 0.580
FIPS iteration: 700/1000 - Best fitness: 13104.2411
FIPS iteration: 850/1000 - Best fitness: 13129.1373
CLPSO iteration: 750/1000 - Best fitness: 13235.6248 - w: 0.300
FIPS iteration: 350/1000 - Best fitness: 13279.3188
CLPSO iteration: 950/1000 - Best fitness: 13069.7592 - w: 0.140
FIPS iteration: 700/1000 - Best fitness: 12956.9727
FIPS iteration: 450/1000 - Best fitness: 12782.3147
CLPSO iteration: 250/1000 - Best fitness: 13473.6474 - w: 0.700
CLPSO iteration: 950/1000 - Best fitness: 13026.419 - w: 0.140
FIPS iteration: 750/1000 - Best fitness: 12685.8134
FIPS iteration: 750/1000 - Best fitness: 13104.2411
FIPS iteration: 900/1000 - Best fitness: 13065.912
CLPSO iteration: 950/1000 - Best fitness: 13094.9856 - w: 0.140
FIPS iteration: 750/1000 - Best fitness: 12850.3051
FIPS iteration: 400/1000 - Best fitness: 13196.9296
CLPSO iteration: 400/1000 - Best fitness: 13124.8385 - w: 0.580
CLPSO iteration: 750/1000 - Best fitness: 13152.3205 - w: 0.300
CLPSO iteration: 450/1000 - Best fitness: 13299.2397 - w: 0.540
CLPSO iteration: 800/1000 - Best fitness: 13140.6839 - w: 0.260
FIPS iteration: 500/1000 - Best fitness: 12782.3147
CLPSO iteration: 1000/1000 - Best fitness: 13069.7592 - w: 0.100
CLPSO completed with final fitness: 13069.7592

========== Planning Complete ==========
Algorithm: CLPSO
Execution time: 645.4431 seconds
Path length: 320.7648 units
Waypoints: 7
Best fitness: 13069.7592
========================================


========== Direct Global Planning ==========
Algorithm: SAEPSO
Start: [0.0, 0.0, 10.0]
Goal:  [200.0, 200.0, 10.0]
============================================

Starting SAEPSO-FULL (All improvements enabled)...
  Stage 1: Tent map initialization in spherical coordinates...
  Stage 2: Opposition-based learning...
  Stage 3: Main optimization loop...
FIPS iteration: 800/1000 - Best fitness: 12636.7341
FIPS iteration: 800/1000 - Best fitness: 13104.2411
FIPS iteration: 950/1000 - Best fitness: 12989.0715
Iteration: 50/1000 - Best fitness: 12178.7878
CLPSO iteration: 300/1000 - Best fitness: 13443.2482 - w: 0.660
FIPS iteration: 800/1000 - Best fitness: 12837.266
CLPSO iteration: 1000/1000 - Best fitness: 13026.419 - w: 0.100
CLPSO completed with final fitness: 13026.419

========== Planning Complete ==========
Algorithm: CLPSO
Execution time: 668.0861 seconds
Path length: 352.3059 units
Waypoints: 7
Best fitness: 13026.4190
========================================


========== Direct Global Planning ==========
Algorithm: SAEPSO
Start: [0.0, 0.0, 10.0]
Goal:  [200.0, 200.0, 10.0]
============================================

Starting SAEPSO-FULL (All improvements enabled)...
  Stage 1: Tent map initialization in spherical coordinates...
  Stage 2: Opposition-based learning...
  Stage 3: Main optimization loop...
FIPS iteration: 450/1000 - Best fitness: 13095.5898
Iteration: 100/1000 - Best fitness: 12108.5275
FIPS iteration: 550/1000 - Best fitness: 12782.3147
CLPSO iteration: 1000/1000 - Best fitness: 13080.2765 - w: 0.100
CLPSO completed with final fitness: 13080.2765

========== Planning Complete ==========
Algorithm: CLPSO
Execution time: 696.2719 seconds
Path length: 308.4047 units
Waypoints: 7
Best fitness: 13080.2765
========================================


========== Direct Global Planning ==========
Algorithm: SAEPSO
Start: [0.0, 0.0, 10.0]
Goal:  [200.0, 200.0, 10.0]
============================================

Starting SAEPSO-FULL (All improvements enabled)...
  Stage 1: Tent map initialization in spherical coordinates...
  Stage 2: Opposition-based learning...
Iteration: 50/1000 - Best fitness: 12109.1512
CLPSO iteration: 450/1000 - Best fitness: 13124.8385 - w: 0.540
  Stage 3: Main optimization loop...
FIPS iteration: 850/1000 - Best fitness: 12636.0988
CLPSO iteration: 800/1000 - Best fitness: 13152.3205 - w: 0.260
CLPSO iteration: 850/1000 - Best fitness: 13140.6839 - w: 0.220
CLPSO iteration: 500/1000 - Best fitness: 13048.7977 - w: 0.500
Iteration: 150/1000 - Best fitness: 12108.1276
FIPS iteration: 1000/1000 - Best fitness: 12989.0715
FIPS completed with final fitness: 12989.0715

========== Planning Complete ==========
Algorithm: FIPS
Execution time: 534.1373 seconds
Path length: 309.4053 units
Waypoints: 7
Best fitness: 12989.0715
========================================


========== Direct Global Planning ==========
Algorithm: CLPSO
Start: [0.0, 0.0, 10.0]
Goal:  [200.0, 200.0, 10.0]
============================================

Starting CLPSO (Comprehensive Learning PSO) path planning...
FIPS iteration: 850/1000 - Best fitness: 13104.2411
Number of Initial feasible particles: 0/100
Iteration: 100/1000 - Best fitness: 12108.2819
Iteration: 50/1000 - Best fitness: 12110.9547
FIPS iteration: 850/1000 - Best fitness: 12611.2096
Iteration: 200/1000 - Best fitness: 12108.0763
Iteration: 150/1000 - Best fitness: 12108.2819
FIPS iteration: 600/1000 - Best fitness: 12633.3979
Iteration: 100/1000 - Best fitness: 12108.5878
FIPS iteration: 500/1000 - Best fitness: 13095.5898
CLPSO iteration: 350/1000 - Best fitness: 13431.1714 - w: 0.620
FIPS iteration: 900/1000 - Best fitness: 12622.0425
Iteration: 250/1000 - Best fitness: 12108.0763
Iteration: 200/1000 - Best fitness: 12108.2819
Iteration: 150/1000 - Best fitness: 12108.157
FIPS iteration: 900/1000 - Best fitness: 13104.2411
FIPS iteration: 900/1000 - Best fitness: 12611.2096
Iteration: 300/1000 - Best fitness: 12107.9914
CLPSO iteration: 500/1000 - Best fitness: 13124.8385 - w: 0.500
Iteration: 250/1000 - Best fitness: 12108.2819
CLPSO iteration: 50/1000 - Best fitness: 14407.4315 - w: 0.860
Iteration: 200/1000 - Best fitness: 12107.957
FIPS iteration: 650/1000 - Best fitness: 12633.3979
CLPSO iteration: 900/1000 - Best fitness: 13067.3121 - w: 0.180
CLPSO iteration: 550/1000 - Best fitness: 13036.3717 - w: 0.460
Iteration: 350/1000 - Best fitness: 12107.9576
CLPSO iteration: 850/1000 - Best fitness: 13152.3205 - w: 0.220
Iteration: 300/1000 - Best fitness: 12107.9537
Iteration: 250/1000 - Best fitness: 12107.957
FIPS iteration: 550/1000 - Best fitness: 13095.5898
FIPS iteration: 950/1000 - Best fitness: 12622.0425
Iteration: 400/1000 - Best fitness: 12107.9576
FIPS iteration: 950/1000 - Best fitness: 12611.2096
CLPSO iteration: 400/1000 - Best fitness: 13387.6255 - w: 0.580
FIPS iteration: 950/1000 - Best fitness: 13104.2411
Iteration: 350/1000 - Best fitness: 12107.9537
Iteration: 300/1000 - Best fitness: 12107.957
Iteration: 450/1000 - Best fitness: 12107.9576
FIPS iteration: 700/1000 - Best fitness: 12633.3979
Iteration: 350/1000 - Best fitness: 12107.957
Iteration: 400/1000 - Best fitness: 12107.9537
CLPSO iteration: 550/1000 - Best fitness: 13021.3532 - w: 0.460
FIPS iteration: 1000/1000 - Best fitness: 12622.0425
FIPS completed with final fitness: 12622.0425

========== Planning Complete ==========
Algorithm: FIPS
Execution time: 531.9715 seconds
Path length: 328.8655 units
Waypoints: 7
Best fitness: 12622.0425
========================================


========== Direct Global Planning ==========
Algorithm: CLPSO
Start: [0.0, 0.0, 10.0]
Goal:  [200.0, 200.0, 10.0]
============================================

Starting CLPSO (Comprehensive Learning PSO) path planning...
Number of Initial feasible particles: 0/100
CLPSO iteration: 100/1000 - Best fitness: 14027.3498 - w: 0.820
Iteration: 500/1000 - Best fitness: 12107.9576
Iteration: 400/1000 - Best fitness: 12107.957
FIPS iteration: 600/1000 - Best fitness: 13058.3471
Iteration: 450/1000 - Best fitness: 12107.9537
FIPS iteration: 1000/1000 - Best fitness: 12611.2096
FIPS completed with final fitness: 12611.2096

========== Planning Complete ==========
Algorithm: FIPS
Execution time: 498.2971 seconds
Path length: 301.9554 units
Waypoints: 7
Best fitness: 12611.2096
========================================


========== Direct Global Planning ==========
Algorithm: CLPSO
Start: [0.0, 0.0, 10.0]
Goal:  [200.0, 200.0, 10.0]
============================================

Starting CLPSO (Comprehensive Learning PSO) path planning...
Number of Initial feasible particles: 0/100
CLPSO iteration: 950/1000 - Best fitness: 13067.3121 - w: 0.140
FIPS iteration: 1000/1000 - Best fitness: 13104.2411
FIPS completed with final fitness: 13104.2411

========== Planning Complete ==========
Algorithm: FIPS
Execution time: 521.9170 seconds
Path length: 337.7714 units
Waypoints: 7
Best fitness: 13104.2411
========================================

CLPSO iteration: 600/1000 - Best fitness: 13022.9738 - w: 0.420

========== Direct Global Planning ==========
Algorithm: CLPSO
Start: [0.0, 0.0, 10.0]
Goal:  [200.0, 200.0, 10.0]
============================================

Starting CLPSO (Comprehensive Learning PSO) path planning...
Number of Initial feasible particles: 0/100
Iteration: 550/1000 - Best fitness: 12107.9383
CLPSO iteration: 900/1000 - Best fitness: 13120.847 - w: 0.180
Iteration: 450/1000 - Best fitness: 12106.6527
Iteration: 500/1000 - Best fitness: 12107.9537
FIPS iteration: 750/1000 - Best fitness: 12633.3979
CLPSO iteration: 450/1000 - Best fitness: 13387.6255 - w: 0.540
Iteration: 600/1000 - Best fitness: 12107.9383
Iteration: 500/1000 - Best fitness: 12106.6527
Iteration: 550/1000 - Best fitness: 12107.9383
Iteration: 650/1000 - Best fitness: 12107.9383
FIPS iteration: 650/1000 - Best fitness: 12992.1341
CLPSO iteration: 50/1000 - Best fitness: 13475.3423 - w: 0.860
Iteration: 550/1000 - Best fitness: 12106.6527
Iteration: 600/1000 - Best fitness: 12107.9383
CLPSO iteration: 150/1000 - Best fitness: 13968.6933 - w: 0.780
CLPSO iteration: 600/1000 - Best fitness: 13019.9178 - w: 0.420
CLPSO iteration: 50/1000 - Best fitness: 14214.8317 - w: 0.860
Iteration: 700/1000 - Best fitness: 12107.9383
FIPS iteration: 800/1000 - Best fitness: 12633.3979
CLPSO iteration: 50/1000 - Best fitness: 14589.6438 - w: 0.860
Iteration: 600/1000 - Best fitness: 12106.6527
Iteration: 650/1000 - Best fitness: 12107.9383
CLPSO iteration: 1000/1000 - Best fitness: 13050.399 - w: 0.100
CLPSO completed with final fitness: 13050.399

========== Planning Complete ==========
Algorithm: CLPSO
Execution time: 650.8235 seconds
Path length: 317.1001 units
Waypoints: 7
Best fitness: 13050.3990
========================================


========== Direct Global Planning ==========
Algorithm: SAEPSO
Start: [0.0, 0.0, 10.0]
Goal:  [200.0, 200.0, 10.0]
============================================

Starting SAEPSO-FULL (All improvements enabled)...
  Stage 1: Tent map initialization in spherical coordinates...
  Stage 2: Opposition-based learning...
  Stage 3: Main optimization loop...
CLPSO iteration: 650/1000 - Best fitness: 13022.9738 - w: 0.380
Iteration: 750/1000 - Best fitness: 12107.9383
CLPSO iteration: 950/1000 - Best fitness: 13120.847 - w: 0.140
Iteration: 650/1000 - Best fitness: 12106.1597
Iteration: 700/1000 - Best fitness: 12107.9383
Iteration: 50/1000 - Best fitness: 12176.6974
CLPSO iteration: 500/1000 - Best fitness: 13358.823 - w: 0.500
Iteration: 800/1000 - Best fitness: 12107.9383
FIPS iteration: 700/1000 - Best fitness: 12972.8876
FIPS iteration: 850/1000 - Best fitness: 12633.3979
Iteration: 700/1000 - Best fitness: 12103.4524
Iteration: 750/1000 - Best fitness: 12107.9383
Iteration: 100/1000 - Best fitness: 12110.9299
CLPSO iteration: 100/1000 - Best fitness: 13475.3423 - w: 0.820
Iteration: 850/1000 - Best fitness: 12107.6728
CLPSO iteration: 200/1000 - Best fitness: 13968.6933 - w: 0.740
CLPSO iteration: 100/1000 - Best fitness: 13964.2651 - w: 0.820
Iteration: 750/1000 - Best fitness: 12103.2169
Iteration: 800/1000 - Best fitness: 12107.9383
CLPSO iteration: 650/1000 - Best fitness: 12922.4972 - w: 0.380
CLPSO iteration: 100/1000 - Best fitness: 13920.282 - w: 0.820
Iteration: 150/1000 - Best fitness: 12108.8841
Iteration: 900/1000 - Best fitness: 12106.8797
Iteration: 800/1000 - Best fitness: 12103.2169
Iteration: 850/1000 - Best fitness: 12107.9383
FIPS iteration: 900/1000 - Best fitness: 12633.3979
Iteration: 200/1000 - Best fitness: 12108.0898
CLPSO iteration: 700/1000 - Best fitness: 12974.664 - w: 0.340
FIPS iteration: 750/1000 - Best fitness: 12972.8876
CLPSO iteration: 1000/1000 - Best fitness: 13109.8506 - w: 0.100
CLPSO completed with final fitness: 13109.8506

========== Planning Complete ==========
Algorithm: CLPSO
Execution time: 674.5313 seconds
Path length: 337.6544 units
Waypoints: 7
Best fitness: 13109.8506
========================================


========== Direct Global Planning ==========
Algorithm: SAEPSO
Start: [0.0, 0.0, 10.0]
Goal:  [200.0, 200.0, 10.0]
============================================

Starting SAEPSO-FULL (All improvements enabled)...
  Stage 1: Tent map initialization in spherical coordinates...
  Stage 2: Opposition-based learning...
  Stage 3: Main optimization loop...
Iteration: 950/1000 - Best fitness: 12106.8797
Iteration: 850/1000 - Best fitness: 12102.7326
Iteration: 900/1000 - Best fitness: 12107.9383
CLPSO iteration: 550/1000 - Best fitness: 13311.6304 - w: 0.460
Iteration: 250/1000 - Best fitness: 12108.0448
Iteration: 1000/1000 - Best fitness: 12106.8797
SAEPSO-FULL completed with final fitness: 12106.8797

========== Planning Complete ==========
Algorithm: SAEPSO
Execution time: 182.6157 seconds
Path length: 364.2998 units
Waypoints: 7
Best fitness: 12106.8797
========================================


========== Direct Global Planning ==========
Algorithm: SAEPSO
Start: [0.0, 0.0, 10.0]
Goal:  [200.0, 200.0, 10.0]
============================================

Starting SAEPSO-ParamsOnly (Parameter control strategy only)...
  Initialization: Random Cartesian coordinates...
Iteration: 50/1000 - Best fitness: 12179.258
  Stage 3: Main optimization loop...
Iteration: 900/1000 - Best fitness: 12102.5406
Iteration: 950/1000 - Best fitness: 12107.9383
Iteration: 50/1000 - Best fitness: 13031.4875
FIPS iteration: 950/1000 - Best fitness: 12633.3979
Iteration: 300/1000 - Best fitness: 12107.9504
CLPSO iteration: 150/1000 - Best fitness: 13475.3423 - w: 0.780
CLPSO iteration: 250/1000 - Best fitness: 13932.6711 - w: 0.700
CLPSO iteration: 150/1000 - Best fitness: 13660.0973 - w: 0.780
Iteration: 100/1000 - Best fitness: 12911.5144
Iteration: 100/1000 - Best fitness: 12164.964
CLPSO iteration: 150/1000 - Best fitness: 13714.5392 - w: 0.780
CLPSO iteration: 700/1000 - Best fitness: 12922.493 - w: 0.340
Iteration: 150/1000 - Best fitness: 12828.4818
Iteration: 950/1000 - Best fitness: 12102.3999
Iteration: 1000/1000 - Best fitness: 12107.9383
SAEPSO-FULL completed with final fitness: 12107.9383

========== Planning Complete ==========
Algorithm: SAEPSO
Execution time: 182.5385 seconds
Path length: 364.2116 units
Waypoints: 7
Best fitness: 12107.9383
========================================


========== Direct Global Planning ==========
Algorithm: SAEPSO
Start: [0.0, 0.0, 10.0]
Goal:  [200.0, 200.0, 10.0]
============================================

Starting SAEPSO-ParamsOnly (Parameter control strategy only)...
  Initialization: Random Cartesian coordinates...
  Stage 3: Main optimization loop...
FIPS iteration: 800/1000 - Best fitness: 12972.8876
Iteration: 350/1000 - Best fitness: 12107.9504
Iteration: 200/1000 - Best fitness: 12618.8522
Iteration: 50/1000 - Best fitness: 13019.2485
Iteration: 250/1000 - Best fitness: 12559.1489
Iteration: 100/1000 - Best fitness: 12944.2218
Iteration: 150/1000 - Best fitness: 12108.9683
Iteration: 1000/1000 - Best fitness: 12102.3999
SAEPSO-FULL completed with final fitness: 12102.3999

========== Planning Complete ==========
Algorithm: SAEPSO
Execution time: 180.7297 seconds
Path length: 360.8990 units
Waypoints: 7
Best fitness: 12102.3999
========================================


========== Direct Global Planning ==========
Algorithm: SAEPSO
Start: [0.0, 0.0, 10.0]
Goal:  [200.0, 200.0, 10.0]
============================================

Starting SAEPSO-ParamsOnly (Parameter control strategy only)...
  Initialization: Random Cartesian coordinates...
  Stage 3: Main optimization loop...
Iteration: 300/1000 - Best fitness: 12496.2282
Iteration: 150/1000 - Best fitness: 12808.4113
FIPS iteration: 1000/1000 - Best fitness: 12555.7395
FIPS completed with final fitness: 12555.7395

========== Planning Complete ==========
Algorithm: FIPS
Execution time: 475.3464 seconds
Path length: 317.1702 units
Waypoints: 7
Best fitness: 12555.7395
========================================


========== Direct Global Planning ==========
Algorithm: CLPSO
Start: [0.0, 0.0, 10.0]
Goal:  [200.0, 200.0, 10.0]
============================================

Starting CLPSO (Comprehensive Learning PSO) path planning...
Number of Initial feasible particles: 0/100
Iteration: 400/1000 - Best fitness: 12107.9504
CLPSO iteration: 750/1000 - Best fitness: 12974.664 - w: 0.300
Iteration: 50/1000 - Best fitness: 13059.5625
Iteration: 350/1000 - Best fitness: 12421.6846
Iteration: 200/1000 - Best fitness: 12751.7524
Iteration: 100/1000 - Best fitness: 12877.3587
Iteration: 200/1000 - Best fitness: 12108.3192
CLPSO iteration: 600/1000 - Best fitness: 13189.8953 - w: 0.420
Iteration: 400/1000 - Best fitness: 12362.4468
Iteration: 250/1000 - Best fitness: 12632.3831
Iteration: 150/1000 - Best fitness: 12810.1637
Iteration: 450/1000 - Best fitness: 12339.87
Iteration: 450/1000 - Best fitness: 12107.9504
Iteration: 300/1000 - Best fitness: 12498.702
Iteration: 200/1000 - Best fitness: 12756.6586
FIPS iteration: 850/1000 - Best fitness: 12972.8876
Iteration: 500/1000 - Best fitness: 12332.0776
Iteration: 250/1000 - Best fitness: 12108.3192
Iteration: 350/1000 - Best fitness: 12473.1127
Iteration: 250/1000 - Best fitness: 12714.4893
CLPSO iteration: 300/1000 - Best fitness: 13870.5475 - w: 0.660
CLPSO iteration: 200/1000 - Best fitness: 13245.3079 - w: 0.740
Iteration: 550/1000 - Best fitness: 12329.0185
CLPSO iteration: 200/1000 - Best fitness: 13660.0504 - w: 0.740
Iteration: 400/1000 - Best fitness: 12367.1688
Iteration: 500/1000 - Best fitness: 12107.9504
Iteration: 300/1000 - Best fitness: 12504.7784
CLPSO iteration: 200/1000 - Best fitness: 13711.4491 - w: 0.740
CLPSO iteration: 750/1000 - Best fitness: 12922.493 - w: 0.300
Iteration: 600/1000 - Best fitness: 12328.2974
Iteration: 450/1000 - Best fitness: 12318.3388
Iteration: 300/1000 - Best fitness: 12107.9381
Iteration: 350/1000 - Best fitness: 12408.3785
Iteration: 650/1000 - Best fitness: 12328.1441
Iteration: 500/1000 - Best fitness: 12278.6894
Iteration: 400/1000 - Best fitness: 12396.9798
Iteration: 550/1000 - Best fitness: 12107.9504
Iteration: 700/1000 - Best fitness: 12322.9538
Iteration: 550/1000 - Best fitness: 12268.3209
CLPSO iteration: 50/1000 - Best fitness: 13679.0802 - w: 0.860
Iteration: 450/1000 - Best fitness: 12320.8246
Iteration: 750/1000 - Best fitness: 12321.917
Iteration: 350/1000 - Best fitness: 12107.9381
Iteration: 600/1000 - Best fitness: 12264.2101
Iteration: 500/1000 - Best fitness: 12281.0167
Iteration: 800/1000 - Best fitness: 12321.7183
Iteration: 650/1000 - Best fitness: 12212.1164
Iteration: 550/1000 - Best fitness: 12264.6133
FIPS iteration: 900/1000 - Best fitness: 12928.1752
Iteration: 600/1000 - Best fitness: 12107.9504
CLPSO iteration: 800/1000 - Best fitness: 12974.664 - w: 0.260
Iteration: 850/1000 - Best fitness: 12321.6682
Iteration: 700/1000 - Best fitness: 12178.0456
CLPSO iteration: 650/1000 - Best fitness: 13189.8953 - w: 0.380
Iteration: 400/1000 - Best fitness: 12107.9381
Iteration: 600/1000 - Best fitness: 12254.3422
Iteration: 900/1000 - Best fitness: 12321.6443
Iteration: 750/1000 - Best fitness: 12170.5544
Iteration: 650/1000 - Best fitness: 12246.9402
Iteration: 650/1000 - Best fitness: 12107.9504
Iteration: 950/1000 - Best fitness: 12321.6371
Iteration: 800/1000 - Best fitness: 12150.6076
Iteration: 700/1000 - Best fitness: 12243.1023
Iteration: 450/1000 - Best fitness: 12105.8715
Iteration: 1000/1000 - Best fitness: 12321.5838
SAEPSO-ParamsOnly completed with final fitness: 12321.5838

========== Planning Complete ==========
Algorithm: SAEPSO
Execution time: 72.1229 seconds
Path length: 304.4393 units
Waypoints: 7
Best fitness: 12321.5838
========================================


========== Direct Global Planning ==========
Algorithm: UAPSO
Start: [0.0, 0.0, 10.0]
Goal:  [200.0, 200.0, 10.0]
============================================

Starting UAPSO global path planning...
Initial feasible particles: 0/100
Iteration: 850/1000 - Best fitness: 12148.5624
CLPSO iteration: 250/1000 - Best fitness: 13660.0504 - w: 0.700
CLPSO iteration: 350/1000 - Best fitness: 13828.8568 - w: 0.620
Iteration: 750/1000 - Best fitness: 12242.561
CLPSO iteration: 250/1000 - Best fitness: 13108.4473 - w: 0.700
CLPSO iteration: 250/1000 - Best fitness: 13667.8802 - w: 0.700
Iteration: 900/1000 - Best fitness: 12147.6452
Iteration: 700/1000 - Best fitness: 12107.9384
Iteration: 800/1000 - Best fitness: 12242.4006
CLPSO iteration: 800/1000 - Best fitness: 12922.493 - w: 0.260
Iteration: 950/1000 - Best fitness: 12147.3908
Iteration: 500/1000 - Best fitness: 12105.8715
Iteration: 850/1000 - Best fitness: 12242.3594
FIPS iteration: 950/1000 - Best fitness: 12928.1752
CLPSO iteration: 100/1000 - Best fitness: 13679.0802 - w: 0.820
Iteration: 1000/1000 - Best fitness: 12147.2878
SAEPSO-ParamsOnly completed with final fitness: 12147.2878

========== Planning Complete ==========
Algorithm: SAEPSO
Execution time: 71.0033 seconds
Path length: 296.1025 units
Waypoints: 7
Best fitness: 12147.2878
========================================


========== Direct Global Planning ==========
Algorithm: UAPSO
Start: [0.0, 0.0, 10.0]
Goal:  [200.0, 200.0, 10.0]
============================================

Starting UAPSO global path planning...
Initial feasible particles: 0/100
Iteration: 900/1000 - Best fitness: 12242.3542
Iteration: 750/1000 - Best fitness: 12107.9384
Iteration: 950/1000 - Best fitness: 12242.3527
Iteration: 550/1000 - Best fitness: 12105.8715
Iteration: 1000/1000 - Best fitness: 12242.351
SAEPSO-ParamsOnly completed with final fitness: 12242.351

========== Planning Complete ==========
Algorithm: SAEPSO
Execution time: 71.5278 seconds
Path length: 310.2110 units
Waypoints: 7
Best fitness: 12242.3510
========================================


========== Direct Global Planning ==========
Algorithm: UAPSO
Start: [0.0, 0.0, 10.0]
Goal:  [200.0, 200.0, 10.0]
============================================

Starting UAPSO global path planning...
Initial feasible particles: 0/100
Iteration: 800/1000 - Best fitness: 12107.9384
CLPSO iteration: 850/1000 - Best fitness: 12974.664 - w: 0.220
Iteration: 600/1000 - Best fitness: 12102.2947
CLPSO iteration: 700/1000 - Best fitness: 13189.8953 - w: 0.340
Iteration: 850/1000 - Best fitness: 12107.9384
FIPS iteration: 1000/1000 - Best fitness: 12928.1752
FIPS completed with final fitness: 12928.1752

========== Planning Complete ==========
Algorithm: FIPS
Execution time: 526.9201 seconds
Path length: 333.0776 units
Waypoints: 7
Best fitness: 12928.1752
========================================


========== Direct Global Planning ==========
Algorithm: CLPSO
Start: [0.0, 0.0, 10.0]
Goal:  [200.0, 200.0, 10.0]
============================================

Starting CLPSO (Comprehensive Learning PSO) path planning...
Number of Initial feasible particles: 0/100
Iteration: 650/1000 - Best fitness: 12102.2947
CLPSO iteration: 300/1000 - Best fitness: 13538.679 - w: 0.660
CLPSO iteration: 300/1000 - Best fitness: 13376.2618 - w: 0.660
CLPSO iteration: 400/1000 - Best fitness: 13612.8676 - w: 0.580
CLPSO iteration: 300/1000 - Best fitness: 13059.48 - w: 0.660
Iteration: 900/1000 - Best fitness: 12107.9384
CLPSO iteration: 850/1000 - Best fitness: 12879.5285 - w: 0.220
Iteration: 700/1000 - Best fitness: 12102.2947
UAPSO iteration 50/1000 - Best fitness: 14031.7656
CLPSO iteration: 150/1000 - Best fitness: 13679.0802 - w: 0.780
Iteration: 950/1000 - Best fitness: 12107.9384
Iteration: 750/1000 - Best fitness: 12102.2947
Iteration: 1000/1000 - Best fitness: 12107.9377
SAEPSO-FULL completed with final fitness: 12107.9377

========== Planning Complete ==========
Algorithm: SAEPSO
Execution time: 180.2771 seconds
Path length: 364.2113 units
Waypoints: 7
Best fitness: 12107.9377
========================================


========== Direct Global Planning ==========
Algorithm: SAEPSO
Start: [0.0, 0.0, 10.0]
Goal:  [200.0, 200.0, 10.0]
============================================

Starting SAEPSO-ParamsOnly (Parameter control strategy only)...
  Initialization: Random Cartesian coordinates...
  Stage 3: Main optimization loop...
Iteration: 800/1000 - Best fitness: 12102.2947
CLPSO iteration: 900/1000 - Best fitness: 12974.664 - w: 0.180
CLPSO iteration: 750/1000 - Best fitness: 13189.8953 - w: 0.300
CLPSO iteration: 50/1000 - Best fitness: 14336.1001 - w: 0.860
Iteration: 50/1000 - Best fitness: 13145.8619
UAPSO iteration 50/1000 - Best fitness: 14597.2811
Iteration: 100/1000 - Best fitness: 12855.0501
CLPSO iteration: 350/1000 - Best fitness: 13443.6144 - w: 0.620
Iteration: 850/1000 - Best fitness: 12102.2947
CLPSO iteration: 350/1000 - Best fitness: 13286.9206 - w: 0.620
Iteration: 150/1000 - Best fitness: 12764.6289
CLPSO iteration: 450/1000 - Best fitness: 13612.8676 - w: 0.540
CLPSO iteration: 350/1000 - Best fitness: 13054.8594 - w: 0.620
Iteration: 200/1000 - Best fitness: 12675.7008
CLPSO iteration: 900/1000 - Best fitness: 12879.5285 - w: 0.180
CLPSO iteration: 200/1000 - Best fitness: 13679.0802 - w: 0.740
UAPSO iteration 50/1000 - Best fitness: 14650.9619
Iteration: 900/1000 - Best fitness: 12102.2947
Iteration: 250/1000 - Best fitness: 12495.196
Iteration: 300/1000 - Best fitness: 12397.9069
Iteration: 350/1000 - Best fitness: 12295.9337
UAPSO iteration 100/1000 - Best fitness: 14031.7656
Iteration: 950/1000 - Best fitness: 12102.2516
Iteration: 400/1000 - Best fitness: 12254.3412
Iteration: 450/1000 - Best fitness: 12245.5794
Iteration: 1000/1000 - Best fitness: 12102.2516
SAEPSO-FULL completed with final fitness: 12102.2516

========== Planning Complete ==========
Algorithm: SAEPSO
Execution time: 175.3388 seconds
Path length: 360.9119 units
Waypoints: 7
Best fitness: 12102.2516
========================================

CLPSO iteration: 100/1000 - Best fitness: 14336.1001 - w: 0.820

========== Direct Global Planning ==========
Algorithm: SAEPSO
Start: [0.0, 0.0, 10.0]
Goal:  [200.0, 200.0, 10.0]
============================================

Starting SAEPSO-ParamsOnly (Parameter control strategy only)...
  Initialization: Random Cartesian coordinates...
  Stage 3: Main optimization loop...
Iteration: 500/1000 - Best fitness: 12242.6038
CLPSO iteration: 800/1000 - Best fitness: 13178.18 - w: 0.260
CLPSO iteration: 950/1000 - Best fitness: 12950.2863 - w: 0.140
Iteration: 50/1000 - Best fitness: 13142.965
Iteration: 550/1000 - Best fitness: 12238.7448
Iteration: 100/1000 - Best fitness: 12849.8485
Iteration: 600/1000 - Best fitness: 12236.2501
CLPSO iteration: 400/1000 - Best fitness: 13443.6144 - w: 0.580
CLPSO iteration: 400/1000 - Best fitness: 13273.019 - w: 0.580
Iteration: 150/1000 - Best fitness: 12574.6047
Iteration: 650/1000 - Best fitness: 12235.6157
CLPSO iteration: 500/1000 - Best fitness: 13558.2675 - w: 0.500
CLPSO iteration: 400/1000 - Best fitness: 13054.7335 - w: 0.580
Iteration: 200/1000 - Best fitness: 12480.2283
CLPSO iteration: 950/1000 - Best fitness: 12879.5285 - w: 0.140
CLPSO iteration: 250/1000 - Best fitness: 13407.72 - w: 0.700
Iteration: 700/1000 - Best fitness: 12235.4639
Iteration: 250/1000 - Best fitness: 12422.2271
Iteration: 750/1000 - Best fitness: 12235.3971
Iteration: 800/1000 - Best fitness: 12235.3802
Iteration: 300/1000 - Best fitness: 12252.1208
UAPSO iteration 100/1000 - Best fitness: 14597.2811
Iteration: 850/1000 - Best fitness: 12235.374
Iteration: 350/1000 - Best fitness: 12192.6881
Iteration: 400/1000 - Best fitness: 12140.8513
Iteration: 900/1000 - Best fitness: 12235.3725
Iteration: 450/1000 - Best fitness: 12106.835
Iteration: 950/1000 - Best fitness: 12235.3721
CLPSO iteration: 150/1000 - Best fitness: 14233.0843 - w: 0.780
UAPSO iteration 150/1000 - Best fitness: 14031.7656
Iteration: 1000/1000 - Best fitness: 12235.372
SAEPSO-ParamsOnly completed with final fitness: 12235.372

========== Planning Complete ==========
Algorithm: SAEPSO
Execution time: 71.1199 seconds
Path length: 308.8558 units
Waypoints: 7
Best fitness: 12235.3720
========================================

Iteration: 500/1000 - Best fitness: 12090.1318

========== Direct Global Planning ==========
Algorithm: UAPSO
Start: [0.0, 0.0, 10.0]
Goal:  [200.0, 200.0, 10.0]
============================================

Starting UAPSO global path planning...
Initial feasible particles: 0/100
CLPSO iteration: 1000/1000 - Best fitness: 12910.1859 - w: 0.100
CLPSO completed with final fitness: 12910.1859

========== Planning Complete ==========
Algorithm: CLPSO
Execution time: 686.3777 seconds
Path length: 308.5552 units
Waypoints: 7
Best fitness: 12910.1859
========================================

CLPSO iteration: 850/1000 - Best fitness: 13178.18 - w: 0.220

========== Direct Global Planning ==========
Algorithm: SAEPSO
Start: [0.0, 0.0, 10.0]
Goal:  [200.0, 200.0, 10.0]
============================================

Starting SAEPSO-FULL (All improvements enabled)...
  Stage 1: Tent map initialization in spherical coordinates...
  Stage 2: Opposition-based learning...
  Stage 3: Main optimization loop...
UAPSO iteration 100/1000 - Best fitness: 14650.9619
Iteration: 550/1000 - Best fitness: 12081.4918
CLPSO iteration: 450/1000 - Best fitness: 13411.9356 - w: 0.540
CLPSO iteration: 450/1000 - Best fitness: 13123.1543 - w: 0.540
Iteration: 600/1000 - Best fitness: 12078.9999
CLPSO iteration: 550/1000 - Best fitness: 13537.5509 - w: 0.460
Iteration: 650/1000 - Best fitness: 12077.022
Iteration: 50/1000 - Best fitness: 12165.6923
CLPSO iteration: 450/1000 - Best fitness: 13054.7328 - w: 0.540
CLPSO iteration: 1000/1000 - Best fitness: 12879.5285 - w: 0.100
CLPSO completed with final fitness: 12879.5285

========== Planning Complete ==========
Algorithm: CLPSO
Execution time: 650.9006 seconds
Path length: 332.4543 units
Waypoints: 7
Best fitness: 12879.5285
========================================


========== Direct Global Planning ==========
Algorithm: SAEPSO
Start: [0.0, 0.0, 10.0]
Goal:  [200.0, 200.0, 10.0]
============================================

Starting SAEPSO-FULL (All improvements enabled)...
  Stage 1: Tent map initialization in spherical coordinates...
  Stage 2: Opposition-based learning...
CLPSO iteration: 300/1000 - Best fitness: 13405.4649 - w: 0.660
  Stage 3: Main optimization loop...
Iteration: 700/1000 - Best fitness: 12076.1788
Iteration: 750/1000 - Best fitness: 12075.6999
Iteration: 100/1000 - Best fitness: 12108.9451
Iteration: 800/1000 - Best fitness: 12073.7626
Iteration: 50/1000 - Best fitness: 12110.2143
Iteration: 850/1000 - Best fitness: 12073.6624
Iteration: 900/1000 - Best fitness: 12073.3836
CLPSO iteration: 200/1000 - Best fitness: 14059.0602 - w: 0.740
Iteration: 150/1000 - Best fitness: 12108.9451
Iteration: 950/1000 - Best fitness: 12073.2624
Iteration: 100/1000 - Best fitness: 12107.9857
Iteration: 1000/1000 - Best fitness: 12073.2156
SAEPSO-ParamsOnly completed with final fitness: 12073.2156

========== Planning Complete ==========
Algorithm: SAEPSO
Execution time: 71.1303 seconds
Path length: 334.9163 units
Waypoints: 7
Best fitness: 12073.2571
========================================


========== Direct Global Planning ==========
Algorithm: UAPSO
Start: [0.0, 0.0, 10.0]
Goal:  [200.0, 200.0, 10.0]
============================================

Starting UAPSO global path planning...
Initial feasible particles: 0/100
CLPSO iteration: 900/1000 - Best fitness: 13170.022 - w: 0.180
Iteration: 200/1000 - Best fitness: 12108.2394
CLPSO iteration: 500/1000 - Best fitness: 13411.9356 - w: 0.500
CLPSO iteration: 500/1000 - Best fitness: 13112.0967 - w: 0.500
Iteration: 150/1000 - Best fitness: 12107.9857
UAPSO iteration 200/1000 - Best fitness: 14031.7656
UAPSO iteration 150/1000 - Best fitness: 14597.2811
CLPSO iteration: 600/1000 - Best fitness: 13266.4994 - w: 0.420
CLPSO iteration: 350/1000 - Best fitness: 13371.477 - w: 0.620
UAPSO iteration 50/1000 - Best fitness: 13924.2249
CLPSO iteration: 500/1000 - Best fitness: 13017.2437 - w: 0.500
Iteration: 250/1000 - Best fitness: 12108.2394
Iteration: 200/1000 - Best fitness: 12107.9857
Iteration: 300/1000 - Best fitness: 12107.9547
UAPSO iteration 150/1000 - Best fitness: 14650.9619
Iteration: 250/1000 - Best fitness: 12107.9857
CLPSO iteration: 250/1000 - Best fitness: 13448.1352 - w: 0.700
Iteration: 350/1000 - Best fitness: 12107.9547
Iteration: 300/1000 - Best fitness: 12107.9857
CLPSO iteration: 950/1000 - Best fitness: 13133.4556 - w: 0.140
CLPSO iteration: 550/1000 - Best fitness: 13364.682 - w: 0.460
Iteration: 400/1000 - Best fitness: 12107.9547
CLPSO iteration: 550/1000 - Best fitness: 13109.7985 - w: 0.460
Iteration: 350/1000 - Best fitness: 12107.9857
CLPSO iteration: 650/1000 - Best fitness: 13121.6523 - w: 0.380
CLPSO iteration: 400/1000 - Best fitness: 13369.7199 - w: 0.580
CLPSO iteration: 550/1000 - Best fitness: 13017.2437 - w: 0.460
Iteration: 450/1000 - Best fitness: 12106.0082
Iteration: 400/1000 - Best fitness: 12107.7197
UAPSO iteration 250/1000 - Best fitness: 14031.7656
UAPSO iteration 50/1000 - Best fitness: 13941.7326
Iteration: 500/1000 - Best fitness: 12106.0082
CLPSO iteration: 300/1000 - Best fitness: 13448.1352 - w: 0.660
UAPSO iteration 100/1000 - Best fitness: 13924.2249
Iteration: 450/1000 - Best fitness: 12107.7197
UAPSO iteration 200/1000 - Best fitness: 14597.2811
Iteration: 550/1000 - Best fitness: 12106.0082
Iteration: 500/1000 - Best fitness: 12107.7197
CLPSO iteration: 1000/1000 - Best fitness: 13074.2137 - w: 0.100
CLPSO completed with final fitness: 13074.2137

========== Planning Complete ==========
Algorithm: CLPSO
Execution time: 666.4795 seconds
Path length: 351.3950 units
Waypoints: 7
Best fitness: 13074.2137
========================================


========== Direct Global Planning ==========
Algorithm: SAEPSO
Start: [0.0, 0.0, 10.0]
Goal:  [200.0, 200.0, 10.0]
============================================

Starting SAEPSO-FULL (All improvements enabled)...
  Stage 1: Tent map initialization in spherical coordinates...
  Stage 2: Opposition-based learning...
  Stage 3: Main optimization loop...
CLPSO iteration: 600/1000 - Best fitness: 13294.2308 - w: 0.420
Iteration: 600/1000 - Best fitness: 12106.0082
CLPSO iteration: 600/1000 - Best fitness: 13106.1693 - w: 0.420
CLPSO iteration: 700/1000 - Best fitness: 13119.878 - w: 0.340
Iteration: 550/1000 - Best fitness: 12107.7197
UAPSO iteration 200/1000 - Best fitness: 14650.9619
Iteration: 50/1000 - Best fitness: 12109.5047
CLPSO iteration: 450/1000 - Best fitness: 13369.7199 - w: 0.540
Iteration: 650/1000 - Best fitness: 12102.947
CLPSO iteration: 600/1000 - Best fitness: 13017.2437 - w: 0.420
Iteration: 600/1000 - Best fitness: 12107.7197
Iteration: 700/1000 - Best fitness: 12102.947
Iteration: 100/1000 - Best fitness: 12108.0145
CLPSO iteration: 350/1000 - Best fitness: 13448.1352 - w: 0.620
Iteration: 650/1000 - Best fitness: 12107.7197
UAPSO iteration 300/1000 - Best fitness: 14031.7656
Iteration: 750/1000 - Best fitness: 12102.947
Iteration: 150/1000 - Best fitness: 12108.0145
CLPSO iteration: 650/1000 - Best fitness: 13294.2308 - w: 0.380
Iteration: 700/1000 - Best fitness: 12107.7197
Iteration: 800/1000 - Best fitness: 12102.947
Iteration: 200/1000 - Best fitness: 12108.0145
CLPSO iteration: 650/1000 - Best fitness: 13106.1693 - w: 0.380
UAPSO iteration 100/1000 - Best fitness: 13941.7326
UAPSO iteration 150/1000 - Best fitness: 13924.2249
CLPSO iteration: 750/1000 - Best fitness: 13119.878 - w: 0.300
CLPSO iteration: 500/1000 - Best fitness: 13165.5412 - w: 0.500
Iteration: 850/1000 - Best fitness: 12101.5095
Iteration: 750/1000 - Best fitness: 12107.7197
Iteration: 250/1000 - Best fitness: 12107.9621
CLPSO iteration: 650/1000 - Best fitness: 13010.6943 - w: 0.380
UAPSO iteration 250/1000 - Best fitness: 14597.2811
CLPSO iteration: 400/1000 - Best fitness: 13340.0635 - w: 0.580
Iteration: 900/1000 - Best fitness: 12101.5095
Iteration: 800/1000 - Best fitness: 12107.5634
Iteration: 300/1000 - Best fitness: 12107.9621
Iteration: 950/1000 - Best fitness: 12101.5095
Iteration: 850/1000 - Best fitness: 12107.3524
Iteration: 350/1000 - Best fitness: 12107.9621
UAPSO iteration 250/1000 - Best fitness: 14650.9619
CLPSO iteration: 700/1000 - Best fitness: 13247.9805 - w: 0.340
CLPSO iteration: 700/1000 - Best fitness: 13070.111 - w: 0.340
Iteration: 1000/1000 - Best fitness: 12101.5095
SAEPSO-FULL completed with final fitness: 12101.5095

========== Planning Complete ==========
Algorithm: SAEPSO
Execution time: 178.4172 seconds
Path length: 361.0710 units
Waypoints: 7
Best fitness: 12101.5095
========================================


========== Direct Global Planning ==========
Algorithm: SAEPSO
Start: [0.0, 0.0, 10.0]
Goal:  [200.0, 200.0, 10.0]
============================================

Starting SAEPSO-ParamsOnly (Parameter control strategy only)...
  Initialization: Random Cartesian coordinates...
  Stage 3: Main optimization loop...
Iteration: 900/1000 - Best fitness: 12106.8276
Iteration: 400/1000 - Best fitness: 12107.9621
UAPSO iteration 350/1000 - Best fitness: 14031.7656
Iteration: 50/1000 - Best fitness: 13624.1565
CLPSO iteration: 800/1000 - Best fitness: 13119.878 - w: 0.260
Iteration: 100/1000 - Best fitness: 13261.9476
CLPSO iteration: 550/1000 - Best fitness: 13101.4779 - w: 0.460
Iteration: 950/1000 - Best fitness: 12106.8205
Iteration: 450/1000 - Best fitness: 12107.9621
CLPSO iteration: 700/1000 - Best fitness: 12988.8403 - w: 0.340
Iteration: 150/1000 - Best fitness: 13054.7344
CLPSO iteration: 450/1000 - Best fitness: 13340.0635 - w: 0.540
UAPSO iteration 200/1000 - Best fitness: 13924.2249
Iteration: 200/1000 - Best fitness: 13023.6988
Iteration: 250/1000 - Best fitness: 12954.6346
Iteration: 500/1000 - Best fitness: 12107.9621
Iteration: 1000/1000 - Best fitness: 12106.8205
SAEPSO-FULL completed with final fitness: 12106.8205

========== Planning Complete ==========
Algorithm: SAEPSO
Execution time: 189.9320 seconds
Path length: 364.2495 units
Waypoints: 7
Best fitness: 12106.8205
========================================


========== Direct Global Planning ==========
Algorithm: SAEPSO
Start: [0.0, 0.0, 10.0]
Goal:  [200.0, 200.0, 10.0]
============================================

Starting SAEPSO-ParamsOnly (Parameter control strategy only)...
  Initialization: Random Cartesian coordinates...
  Stage 3: Main optimization loop...
UAPSO iteration 150/1000 - Best fitness: 13941.7326
Iteration: 300/1000 - Best fitness: 12771.6421
Iteration: 50/1000 - Best fitness: 13243.3369
Iteration: 350/1000 - Best fitness: 12704.4955
Iteration: 100/1000 - Best fitness: 12933.0561
Iteration: 550/1000 - Best fitness: 12107.9621
Iteration: 400/1000 - Best fitness: 12643.8231
CLPSO iteration: 750/1000 - Best fitness: 13228.7651 - w: 0.300
UAPSO iteration 300/1000 - Best fitness: 14597.2811
Iteration: 150/1000 - Best fitness: 12898.7249
Iteration: 450/1000 - Best fitness: 12596.1176
CLPSO iteration: 750/1000 - Best fitness: 13042.9751 - w: 0.300
Iteration: 200/1000 - Best fitness: 12694.0792
Iteration: 500/1000 - Best fitness: 12586.4493
Iteration: 600/1000 - Best fitness: 12107.9621
Iteration: 250/1000 - Best fitness: 12638.6298
CLPSO iteration: 850/1000 - Best fitness: 13106.6639 - w: 0.220
Iteration: 550/1000 - Best fitness: 12572.8342
Iteration: 300/1000 - Best fitness: 12584.4298
CLPSO iteration: 600/1000 - Best fitness: 13022.2898 - w: 0.420
Iteration: 600/1000 - Best fitness: 12557.8947
Iteration: 350/1000 - Best fitness: 12468.4232
CLPSO iteration: 750/1000 - Best fitness: 12985.2333 - w: 0.300
Iteration: 650/1000 - Best fitness: 12107.9382
Iteration: 650/1000 - Best fitness: 12553.3379
CLPSO iteration: 500/1000 - Best fitness: 13284.1132 - w: 0.500
Iteration: 400/1000 - Best fitness: 12385.5088
UAPSO iteration 400/1000 - Best fitness: 14031.7656
Iteration: 700/1000 - Best fitness: 12550.9242
Iteration: 450/1000 - Best fitness: 12318.0311
Iteration: 750/1000 - Best fitness: 12550.2262
UAPSO iteration 300/1000 - Best fitness: 14614.3227
Iteration: 700/1000 - Best fitness: 12107.9382
Iteration: 500/1000 - Best fitness: 12257.631
Iteration: 800/1000 - Best fitness: 12549.9107
Iteration: 550/1000 - Best fitness: 12226.7907
Iteration: 850/1000 - Best fitness: 12549.8192
Iteration: 750/1000 - Best fitness: 12107.9382
UAPSO iteration 250/1000 - Best fitness: 13924.2249
CLPSO iteration: 800/1000 - Best fitness: 13228.7651 - w: 0.260
Iteration: 600/1000 - Best fitness: 12213.6922
Iteration: 900/1000 - Best fitness: 12549.7899
CLPSO iteration: 800/1000 - Best fitness: 13032.1873 - w: 0.260
Iteration: 650/1000 - Best fitness: 12203.9956
Iteration: 950/1000 - Best fitness: 12549.3549
Iteration: 700/1000 - Best fitness: 12199.0532
Iteration: 1000/1000 - Best fitness: 12549.2998
SAEPSO-ParamsOnly completed with final fitness: 12549.2998

========== Planning Complete ==========
Algorithm: SAEPSO
Execution time: 81.5130 seconds
Path length: 297.3021 units
Waypoints: 7
Best fitness: 12549.2998
========================================


========== Direct Global Planning ==========
Algorithm: UAPSO
Start: [0.0, 0.0, 10.0]
Goal:  [200.0, 200.0, 10.0]
============================================

Starting UAPSO global path planning...
Iteration: 800/1000 - Best fitness: 12107.9382
Initial feasible particles: 0/100
CLPSO iteration: 900/1000 - Best fitness: 13106.6639 - w: 0.180
Iteration: 750/1000 - Best fitness: 12198.3567
UAPSO iteration 200/1000 - Best fitness: 13941.7326
CLPSO iteration: 650/1000 - Best fitness: 13002.0264 - w: 0.380
Iteration: 800/1000 - Best fitness: 12198.1958
CLPSO iteration: 550/1000 - Best fitness: 13284.1132 - w: 0.460
Iteration: 850/1000 - Best fitness: 12107.9382
CLPSO iteration: 800/1000 - Best fitness: 12953.6945 - w: 0.260
Iteration: 850/1000 - Best fitness: 12198.1679
Iteration: 900/1000 - Best fitness: 12198.1653
UAPSO iteration 350/1000 - Best fitness: 14597.2811
Iteration: 950/1000 - Best fitness: 12198.164
Iteration: 900/1000 - Best fitness: 12107.9382
Iteration: 1000/1000 - Best fitness: 12198.1544
SAEPSO-ParamsOnly completed with final fitness: 12198.1544

========== Planning Complete ==========
Algorithm: SAEPSO
Execution time: 80.0352 seconds
Path length: 300.9139 units
Waypoints: 7
Best fitness: 12198.1544
========================================


========== Direct Global Planning ==========
Algorithm: UAPSO
Start: [0.0, 0.0, 10.0]
Goal:  [200.0, 200.0, 10.0]
============================================

Starting UAPSO global path planning...
Initial feasible particles: 0/100
CLPSO iteration: 850/1000 - Best fitness: 12999.1276 - w: 0.220
Iteration: 950/1000 - Best fitness: 12107.9382
CLPSO iteration: 850/1000 - Best fitness: 13024.28 - w: 0.220
UAPSO iteration 450/1000 - Best fitness: 14031.7656
Iteration: 1000/1000 - Best fitness: 12107.9382
SAEPSO-FULL completed with final fitness: 12107.9382

========== Planning Complete ==========
Algorithm: SAEPSO
Execution time: 191.4839 seconds
Path length: 364.2115 units
Waypoints: 7
Best fitness: 12107.9382
========================================


========== Direct Global Planning ==========
Algorithm: SAEPSO
Start: [0.0, 0.0, 10.0]
Goal:  [200.0, 200.0, 10.0]
============================================

Starting SAEPSO-ParamsOnly (Parameter control strategy only)...
  Initialization: Random Cartesian coordinates...
  Stage 3: Main optimization loop...
CLPSO iteration: 950/1000 - Best fitness: 13106.6639 - w: 0.140
Iteration: 50/1000 - Best fitness: 13193.6093
CLPSO iteration: 600/1000 - Best fitness: 13284.1132 - w: 0.420
UAPSO iteration 300/1000 - Best fitness: 13924.2249
CLPSO iteration: 700/1000 - Best fitness: 12996.9623 - w: 0.340
UAPSO iteration 350/1000 - Best fitness: 14614.3227
Iteration: 100/1000 - Best fitness: 12973.0869
CLPSO iteration: 850/1000 - Best fitness: 12951.7579 - w: 0.220
UAPSO iteration 50/1000 - Best fitness: 14619.1352
Iteration: 150/1000 - Best fitness: 12840.1639
Iteration: 200/1000 - Best fitness: 12782.8476
Iteration: 250/1000 - Best fitness: 12754.3768
Iteration: 300/1000 - Best fitness: 12587.3481
UAPSO iteration 250/1000 - Best fitness: 13941.7326
CLPSO iteration: 900/1000 - Best fitness: 12999.1276 - w: 0.180
Iteration: 350/1000 - Best fitness: 12506.9002
CLPSO iteration: 900/1000 - Best fitness: 12952.103 - w: 0.180
Iteration: 400/1000 - Best fitness: 12470.2038
UAPSO iteration 50/1000 - Best fitness: 14736.0018
Iteration: 450/1000 - Best fitness: 12424.8447
UAPSO iteration 400/1000 - Best fitness: 14597.2811
CLPSO iteration: 1000/1000 - Best fitness: 13106.6639 - w: 0.100
CLPSO completed with final fitness: 13106.6639

========== Planning Complete ==========
Algorithm: CLPSO
Execution time: 689.1208 seconds
Path length: 314.7840 units
Waypoints: 7
Best fitness: 13106.6639
========================================


========== Direct Global Planning ==========
Algorithm: SAEPSO
Start: [0.0, 0.0, 10.0]
Goal:  [200.0, 200.0, 10.0]
============================================

Starting SAEPSO-FULL (All improvements enabled)...
  Stage 1: Tent map initialization in spherical coordinates...
  Stage 2: Opposition-based learning...
  Stage 3: Main optimization loop...
Iteration: 500/1000 - Best fitness: 12372.8947
CLPSO iteration: 650/1000 - Best fitness: 13284.1132 - w: 0.380
Iteration: 550/1000 - Best fitness: 12340.9981
CLPSO iteration: 750/1000 - Best fitness: 12996.9623 - w: 0.300
Iteration: 600/1000 - Best fitness: 12281.9322
UAPSO iteration 500/1000 - Best fitness: 14031.7656
CLPSO iteration: 900/1000 - Best fitness: 12922.2117 - w: 0.180
Iteration: 50/1000 - Best fitness: 12179.6231
Iteration: 650/1000 - Best fitness: 12231.0604
Iteration: 700/1000 - Best fitness: 12218.5055
UAPSO iteration 350/1000 - Best fitness: 13924.2249
Iteration: 750/1000 - Best fitness: 12190.2064
Iteration: 100/1000 - Best fitness: 12176.4249
UAPSO iteration 100/1000 - Best fitness: 14619.1352
Iteration: 800/1000 - Best fitness: 12184.0265
CLPSO iteration: 950/1000 - Best fitness: 12999.1276 - w: 0.140
Iteration: 850/1000 - Best fitness: 12179.4091
CLPSO iteration: 950/1000 - Best fitness: 12952.103 - w: 0.140
UAPSO iteration 400/1000 - Best fitness: 14520.1724
Iteration: 150/1000 - Best fitness: 12117.0401
Iteration: 900/1000 - Best fitness: 12177.4863
Iteration: 950/1000 - Best fitness: 12176.0042
CLPSO iteration: 700/1000 - Best fitness: 13284.1132 - w: 0.340
Iteration: 1000/1000 - Best fitness: 12175.5014
SAEPSO-ParamsOnly completed with final fitness: 12175.5014

========== Planning Complete ==========
Algorithm: SAEPSO
Execution time: 72.9634 seconds
Path length: 315.6152 units
Waypoints: 7
Best fitness: 12175.5014
========================================


========== Direct Global Planning ==========
Algorithm: UAPSO
Start: [0.0, 0.0, 10.0]
Goal:  [200.0, 200.0, 10.0]
============================================

Starting UAPSO global path planning...
Initial feasible particles: 0/100
Iteration: 200/1000 - Best fitness: 12109.2364
CLPSO iteration: 800/1000 - Best fitness: 12996.9623 - w: 0.260
UAPSO iteration 300/1000 - Best fitness: 13941.7326
UAPSO iteration 100/1000 - Best fitness: 14736.0018
CLPSO iteration: 950/1000 - Best fitness: 12922.2117 - w: 0.140
Iteration: 250/1000 - Best fitness: 12109.2364
Iteration: 300/1000 - Best fitness: 12108.9728
UAPSO iteration 450/1000 - Best fitness: 14597.2811
CLPSO iteration: 1000/1000 - Best fitness: 12999.1276 - w: 0.100
CLPSO completed with final fitness: 12999.1276

========== Planning Complete ==========
Algorithm: CLPSO
Execution time: 677.4906 seconds
Path length: 337.2981 units
Waypoints: 7
Best fitness: 12999.1276
========================================


========== Direct Global Planning ==========
Algorithm: SAEPSO
Start: [0.0, 0.0, 10.0]
Goal:  [200.0, 200.0, 10.0]
============================================

Starting SAEPSO-FULL (All improvements enabled)...
  Stage 1: Tent map initialization in spherical coordinates...
  Stage 2: Opposition-based learning...
  Stage 3: Main optimization loop...
UAPSO iteration 550/1000 - Best fitness: 14031.7656
CLPSO iteration: 1000/1000 - Best fitness: 12945.2515 - w: 0.100
CLPSO completed with final fitness: 12945.2515

========== Planning Complete ==========
Algorithm: CLPSO
Execution time: 683.9025 seconds
Path length: 302.1680 units
Waypoints: 7
Best fitness: 12945.2515
========================================


========== Direct Global Planning ==========
Algorithm: SAEPSO
Start: [0.0, 0.0, 10.0]
Goal:  [200.0, 200.0, 10.0]
============================================

Starting SAEPSO-FULL (All improvements enabled)...
  Stage 1: Tent map initialization in spherical coordinates...
  Stage 2: Opposition-based learning...
  Stage 3: Main optimization loop...
Iteration: 350/1000 - Best fitness: 12108.4421
CLPSO iteration: 750/1000 - Best fitness: 13190.8999 - w: 0.300
UAPSO iteration 400/1000 - Best fitness: 13924.2249
Iteration: 50/1000 - Best fitness: 12109.1826
UAPSO iteration 150/1000 - Best fitness: 14619.1352
Iteration: 50/1000 - Best fitness: 12110.0044
Iteration: 400/1000 - Best fitness: 12107.994
CLPSO iteration: 850/1000 - Best fitness: 12933.6015 - w: 0.220
Iteration: 100/1000 - Best fitness: 12109.1826
Iteration: 100/1000 - Best fitness: 12108.9841
CLPSO iteration: 1000/1000 - Best fitness: 12921.3559 - w: 0.100
CLPSO completed with final fitness: 12921.3559

========== Planning Complete ==========
Algorithm: CLPSO
Execution time: 710.7825 seconds
Path length: 307.9365 units
Waypoints: 7
Best fitness: 12921.3559
========================================


========== Direct Global Planning ==========
Algorithm: SAEPSO
Start: [0.0, 0.0, 10.0]
Goal:  [200.0, 200.0, 10.0]
============================================

Starting SAEPSO-FULL (All improvements enabled)...
  Stage 1: Tent map initialization in spherical coordinates...
  Stage 2: Opposition-based learning...
  Stage 3: Main optimization loop...
Iteration: 450/1000 - Best fitness: 12107.994
UAPSO iteration 450/1000 - Best fitness: 14520.1724
Iteration: 150/1000 - Best fitness: 12109.1826
UAPSO iteration 50/1000 - Best fitness: 14216.1859
Iteration: 150/1000 - Best fitness: 12108.1726
UAPSO iteration 150/1000 - Best fitness: 14736.0018
Iteration: 50/1000 - Best fitness: 12179.6231
Iteration: 500/1000 - Best fitness: 12107.994
Iteration: 200/1000 - Best fitness: 12057.0563
UAPSO iteration 350/1000 - Best fitness: 13941.7326
Iteration: 200/1000 - Best fitness: 12108.1726
Iteration: 550/1000 - Best fitness: 12107.994
CLPSO iteration: 800/1000 - Best fitness: 13079.7648 - w: 0.260
Iteration: 100/1000 - Best fitness: 12109.6498
Iteration: 250/1000 - Best fitness: 12057.0563
Iteration: 250/1000 - Best fitness: 12108.1726
Iteration: 600/1000 - Best fitness: 12107.994
Iteration: 150/1000 - Best fitness: 12109.6498
UAPSO iteration 600/1000 - Best fitness: 13886.2035
CLPSO iteration: 900/1000 - Best fitness: 12933.6015 - w: 0.180
UAPSO iteration 500/1000 - Best fitness: 14597.2811
Iteration: 300/1000 - Best fitness: 12057.0563
UAPSO iteration 200/1000 - Best fitness: 14619.1352
Iteration: 650/1000 - Best fitness: 12107.994
UAPSO iteration 450/1000 - Best fitness: 13924.2249
Iteration: 300/1000 - Best fitness: 12108.1726
Iteration: 200/1000 - Best fitness: 12109.6498
Iteration: 350/1000 - Best fitness: 12057.0563
Iteration: 700/1000 - Best fitness: 12107.994
Iteration: 350/1000 - Best fitness: 12108.1015
Iteration: 250/1000 - Best fitness: 12108.5831
Iteration: 400/1000 - Best fitness: 12057.0563
CLPSO iteration: 850/1000 - Best fitness: 13074.5091 - w: 0.220
Iteration: 750/1000 - Best fitness: 12107.994
Iteration: 400/1000 - Best fitness: 12108.0383
Iteration: 300/1000 - Best fitness: 12108.5831
UAPSO iteration 200/1000 - Best fitness: 14736.0018
UAPSO iteration 100/1000 - Best fitness: 14216.1859
Iteration: 450/1000 - Best fitness: 12057.0563
Iteration: 800/1000 - Best fitness: 12107.9808
Iteration: 450/1000 - Best fitness: 12107.947
UAPSO iteration 500/1000 - Best fitness: 14201.9262
Iteration: 350/1000 - Best fitness: 12106.7281
CLPSO iteration: 950/1000 - Best fitness: 12933.6015 - w: 0.140
Iteration: 500/1000 - Best fitness: 12057.0563
Iteration: 850/1000 - Best fitness: 12107.9808
Iteration: 500/1000 - Best fitness: 12107.947
UAPSO iteration 400/1000 - Best fitness: 13941.7326
Iteration: 400/1000 - Best fitness: 12106.7281
Iteration: 550/1000 - Best fitness: 12057.0563
Iteration: 900/1000 - Best fitness: 12107.9415
Iteration: 550/1000 - Best fitness: 12107.947
Iteration: 450/1000 - Best fitness: 12106.7281
UAPSO iteration 650/1000 - Best fitness: 13886.2035
UAPSO iteration 250/1000 - Best fitness: 14619.1352
CLPSO iteration: 900/1000 - Best fitness: 13032.6996 - w: 0.180
Iteration: 600/1000 - Best fitness: 12057.0563
Iteration: 950/1000 - Best fitness: 12107.9415
UAPSO iteration 500/1000 - Best fitness: 13924.2249
Iteration: 600/1000 - Best fitness: 12107.947
UAPSO iteration 550/1000 - Best fitness: 14495.8076
Iteration: 500/1000 - Best fitness: 12106.7281
Iteration: 650/1000 - Best fitness: 12057.0563
Iteration: 1000/1000 - Best fitness: 12107.9415
SAEPSO-FULL completed with final fitness: 12107.9415

========== Planning Complete ==========
Algorithm: SAEPSO
Execution time: 180.9197 seconds
Path length: 364.2130 units
Waypoints: 7
Best fitness: 12107.9415
========================================


========== Direct Global Planning ==========
Algorithm: SAEPSO
Start: [0.0, 0.0, 10.0]
Goal:  [200.0, 200.0, 10.0]
============================================

Starting SAEPSO-ParamsOnly (Parameter control strategy only)...
  Initialization: Random Cartesian coordinates...
  Stage 3: Main optimization loop...
Iteration: 650/1000 - Best fitness: 12107.947
Iteration: 50/1000 - Best fitness: 13248.9073
Iteration: 550/1000 - Best fitness: 12105.6702
CLPSO iteration: 1000/1000 - Best fitness: 12915.1686 - w: 0.100
CLPSO completed with final fitness: 12915.1686

========== Planning Complete ==========
Algorithm: CLPSO
Execution time: 698.9306 seconds
Path length: 307.9498 units
Waypoints: 7
Best fitness: 12915.1686
========================================


========== Direct Global Planning ==========
Algorithm: SAEPSO
Start: [0.0, 0.0, 10.0]
Goal:  [200.0, 200.0, 10.0]
============================================

Starting SAEPSO-FULL (All improvements enabled)...
  Stage 1: Tent map initialization in spherical coordinates...
  Stage 2: Opposition-based learning...
  Stage 3: Main optimization loop...
Iteration: 100/1000 - Best fitness: 12816.8391
Iteration: 700/1000 - Best fitness: 12055.1209
Iteration: 150/1000 - Best fitness: 12625.0343
UAPSO iteration 250/1000 - Best fitness: 14736.0018
Iteration: 700/1000 - Best fitness: 12107.947
Iteration: 600/1000 - Best fitness: 12103.7562
Iteration: 200/1000 - Best fitness: 12563.2123
Iteration: 50/1000 - Best fitness: 12113.4409
Iteration: 750/1000 - Best fitness: 12055.1209
Iteration: 250/1000 - Best fitness: 12548.6702
UAPSO iteration 150/1000 - Best fitness: 14216.1859
Iteration: 750/1000 - Best fitness: 12107.947
Iteration: 300/1000 - Best fitness: 12476.4219
Iteration: 650/1000 - Best fitness: 12103.4391
CLPSO iteration: 950/1000 - Best fitness: 13009.2029 - w: 0.140
UAPSO iteration 550/1000 - Best fitness: 14201.9262
Iteration: 350/1000 - Best fitness: 12304.9854
Iteration: 100/1000 - Best fitness: 12108.5442
Iteration: 800/1000 - Best fitness: 12055.1209
Iteration: 400/1000 - Best fitness: 12266.6696
Iteration: 800/1000 - Best fitness: 12107.947
Iteration: 700/1000 - Best fitness: 12102.4637
Iteration: 450/1000 - Best fitness: 12206.3728
UAPSO iteration 450/1000 - Best fitness: 13941.7326
Iteration: 150/1000 - Best fitness: 12108.5442
Iteration: 850/1000 - Best fitness: 12055.1209
Iteration: 500/1000 - Best fitness: 12172.1025
UAPSO iteration 300/1000 - Best fitness: 14619.1352
Iteration: 850/1000 - Best fitness: 12107.947
Iteration: 750/1000 - Best fitness: 12102.3953
Iteration: 550/1000 - Best fitness: 12161.963
UAPSO iteration 700/1000 - Best fitness: 13663.8598
Iteration: 600/1000 - Best fitness: 12156.7661
Iteration: 200/1000 - Best fitness: 12108.3751
UAPSO iteration 550/1000 - Best fitness: 13924.2249
Iteration: 900/1000 - Best fitness: 12055.1209
Iteration: 650/1000 - Best fitness: 12149.0762
Iteration: 800/1000 - Best fitness: 12102.3953
Iteration: 900/1000 - Best fitness: 12107.947
Iteration: 700/1000 - Best fitness: 12146.9275
UAPSO iteration 600/1000 - Best fitness: 14455.887
Iteration: 250/1000 - Best fitness: 12108.1819
Iteration: 950/1000 - Best fitness: 12055.1209
Iteration: 750/1000 - Best fitness: 12145.436
Iteration: 950/1000 - Best fitness: 12107.947
CLPSO iteration: 1000/1000 - Best fitness: 13009.2029 - w: 0.100
CLPSO completed with final fitness: 13009.2029

========== Planning Complete ==========
Algorithm: CLPSO
Execution time: 671.4636 seconds
Path length: 349.7855 units
Waypoints: 7
Best fitness: 13009.2029
========================================

Iteration: 800/1000 - Best fitness: 12143.5008

========== Direct Global Planning ==========
Algorithm: SAEPSO
Start: [0.0, 0.0, 10.0]
Goal:  [200.0, 200.0, 10.0]
============================================

Starting SAEPSO-FULL (All improvements enabled)...
  Stage 1: Tent map initialization in spherical coordinates...
  Stage 2: Opposition-based learning...
  Stage 3: Main optimization loop...
Iteration: 850/1000 - Best fitness: 12102.3953
Iteration: 850/1000 - Best fitness: 12142.5607
Iteration: 300/1000 - Best fitness: 12108.1819
Iteration: 1000/1000 - Best fitness: 12055.1209
SAEPSO-FULL completed with final fitness: 12055.1209

========== Planning Complete ==========
Algorithm: SAEPSO
Execution time: 184.5698 seconds
Path length: 332.8581 units
Waypoints: 7
Best fitness: 12055.1209
========================================


========== Direct Global Planning ==========
Algorithm: SAEPSO
Start: [0.0, 0.0, 10.0]
Goal:  [200.0, 200.0, 10.0]
============================================

Starting SAEPSO-ParamsOnly (Parameter control strategy only)...
  Initialization: Random Cartesian coordinates...
  Stage 3: Main optimization loop...
UAPSO iteration 300/1000 - Best fitness: 14400.893
Iteration: 50/1000 - Best fitness: 12727.5054
Iteration: 900/1000 - Best fitness: 12142.4075
Iteration: 1000/1000 - Best fitness: 12107.9399
SAEPSO-FULL completed with final fitness: 12107.9399

========== Planning Complete ==========
Algorithm: SAEPSO
Execution time: 186.6855 seconds
Path length: 364.2123 units
Waypoints: 7
Best fitness: 12107.9399
========================================


========== Direct Global Planning ==========
Algorithm: SAEPSO
Start: [0.0, 0.0, 10.0]
Goal:  [200.0, 200.0, 10.0]
============================================

Starting SAEPSO-ParamsOnly (Parameter control strategy only)...
  Initialization: Random Cartesian coordinates...
Iteration: 900/1000 - Best fitness: 12102.3484
  Stage 3: Main optimization loop...
Iteration: 50/1000 - Best fitness: 12176.3866
Iteration: 950/1000 - Best fitness: 12142.3396
Iteration: 100/1000 - Best fitness: 12645.8766
Iteration: 50/1000 - Best fitness: 13079.65
Iteration: 350/1000 - Best fitness: 12108.1819
Iteration: 1000/1000 - Best fitness: 12142.2823
SAEPSO-ParamsOnly completed with final fitness: 12142.2823

========== Planning Complete ==========
Algorithm: SAEPSO
Execution time: 73.6195 seconds
Path length: 326.1024 units
Waypoints: 7
Best fitness: 12142.2823
========================================


========== Direct Global Planning ==========
Algorithm: UAPSO
Start: [0.0, 0.0, 10.0]
Goal:  [200.0, 200.0, 10.0]
============================================

Starting UAPSO global path planning...
Initial feasible particles: 0/100
Iteration: 150/1000 - Best fitness: 12601.6658
Iteration: 100/1000 - Best fitness: 12657.9164
UAPSO iteration 200/1000 - Best fitness: 14216.1859
Iteration: 950/1000 - Best fitness: 12102.3484
Iteration: 200/1000 - Best fitness: 12526.8529
Iteration: 150/1000 - Best fitness: 12562.8078
Iteration: 100/1000 - Best fitness: 12176.3866
Iteration: 250/1000 - Best fitness: 12485.2516
Iteration: 400/1000 - Best fitness: 12108.0053
Iteration: 200/1000 - Best fitness: 12506.613
UAPSO iteration 600/1000 - Best fitness: 14082.8518
Iteration: 300/1000 - Best fitness: 12364.6366
Iteration: 250/1000 - Best fitness: 12414.9369
Iteration: 1000/1000 - Best fitness: 12102.2968
SAEPSO-FULL completed with final fitness: 12102.2968

========== Planning Complete ==========
Algorithm: SAEPSO
Execution time: 184.2639 seconds
Path length: 360.9819 units
Waypoints: 7
Best fitness: 12102.2968
========================================


========== Direct Global Planning ==========
Algorithm: SAEPSO
Start: [0.0, 0.0, 10.0]
Goal:  [200.0, 200.0, 10.0]
============================================

Starting SAEPSO-ParamsOnly (Parameter control strategy only)...
  Initialization: Random Cartesian coordinates...
  Stage 3: Main optimization loop...
Iteration: 150/1000 - Best fitness: 12176.3866
Iteration: 350/1000 - Best fitness: 12314.0955
UAPSO iteration 350/1000 - Best fitness: 14619.1352
Iteration: 50/1000 - Best fitness: 12890.4251
Iteration: 300/1000 - Best fitness: 12356.9177
UAPSO iteration 500/1000 - Best fitness: 13941.7326
Iteration: 450/1000 - Best fitness: 12107.9824
Iteration: 400/1000 - Best fitness: 12295.4648
Iteration: 100/1000 - Best fitness: 12773.8348
Iteration: 350/1000 - Best fitness: 12297.6511
Iteration: 450/1000 - Best fitness: 12281.5814
Iteration: 400/1000 - Best fitness: 12240.0995
Iteration: 150/1000 - Best fitness: 12701.4307
Iteration: 200/1000 - Best fitness: 12176.272
UAPSO iteration 600/1000 - Best fitness: 13924.2249
UAPSO iteration 750/1000 - Best fitness: 13559.0789
Iteration: 500/1000 - Best fitness: 12104.5443
Iteration: 500/1000 - Best fitness: 12260.3201
Iteration: 200/1000 - Best fitness: 12502.422
Iteration: 450/1000 - Best fitness: 12173.2262
Iteration: 550/1000 - Best fitness: 12233.1417
Iteration: 250/1000 - Best fitness: 12481.3242
Iteration: 500/1000 - Best fitness: 12145.9079
Iteration: 250/1000 - Best fitness: 12176.272
Iteration: 600/1000 - Best fitness: 12227.1075
Iteration: 550/1000 - Best fitness: 12130.0411
Iteration: 300/1000 - Best fitness: 12441.0867
Iteration: 550/1000 - Best fitness: 12104.5443
Iteration: 650/1000 - Best fitness: 12224.4252
Iteration: 350/1000 - Best fitness: 12357.9515
Iteration: 600/1000 - Best fitness: 12126.0118
UAPSO iteration 650/1000 - Best fitness: 14316.7199
Iteration: 700/1000 - Best fitness: 12223.6908
Iteration: 400/1000 - Best fitness: 12234.6383
Iteration: 650/1000 - Best fitness: 12125.1743
Iteration: 300/1000 - Best fitness: 12113.1247
Iteration: 750/1000 - Best fitness: 12223.5383
Iteration: 700/1000 - Best fitness: 12124.1554
Iteration: 600/1000 - Best fitness: 12104.5443
Iteration: 450/1000 - Best fitness: 12136.2696
Iteration: 800/1000 - Best fitness: 12223.4947
Iteration: 500/1000 - Best fitness: 12095.7232
Iteration: 750/1000 - Best fitness: 12123.0892
Iteration: 350/1000 - Best fitness: 12111.9634
Iteration: 850/1000 - Best fitness: 12223.4717
Iteration: 800/1000 - Best fitness: 12122.5557
Iteration: 550/1000 - Best fitness: 12084.0365
UAPSO iteration 350/1000 - Best fitness: 14400.893
Iteration: 650/1000 - Best fitness: 12104.5443
Iteration: 900/1000 - Best fitness: 12223.4696
UAPSO iteration 50/1000 - Best fitness: 14439.8393
Iteration: 600/1000 - Best fitness: 12077.9736
Iteration: 850/1000 - Best fitness: 12122.3482
UAPSO iteration 250/1000 - Best fitness: 14216.1859
Iteration: 950/1000 - Best fitness: 12223.469
Iteration: 650/1000 - Best fitness: 12075.6917
Iteration: 900/1000 - Best fitness: 12122.2454
Iteration: 400/1000 - Best fitness: 12108.9889
Iteration: 1000/1000 - Best fitness: 12223.4689
SAEPSO-ParamsOnly completed with final fitness: 12223.4689

========== Planning Complete ==========
Algorithm: SAEPSO
Execution time: 73.3137 seconds
Path length: 345.8871 units
Waypoints: 7
Best fitness: 12223.4689
========================================


========== Direct Global Planning ==========
Algorithm: UAPSO
Start: [0.0, 0.0, 10.0]
Goal:  [200.0, 200.0, 10.0]
============================================

Starting UAPSO global path planning...
Iteration: 700/1000 - Best fitness: 12104.3103
Initial feasible particles: 0/100
Iteration: 950/1000 - Best fitness: 12122.1943
Iteration: 700/1000 - Best fitness: 12074.9606
Iteration: 1000/1000 - Best fitness: 12122.1859
SAEPSO-ParamsOnly completed with final fitness: 12122.1859

========== Planning Complete ==========
Algorithm: SAEPSO
Execution time: 73.4644 seconds
Path length: 323.2544 units
Waypoints: 7
Best fitness: 12122.1859
========================================

UAPSO iteration 400/1000 - Best fitness: 14619.1352
Iteration: 750/1000 - Best fitness: 12074.1224

========== Direct Global Planning ==========
Algorithm: UAPSO
Start: [0.0, 0.0, 10.0]
Goal:  [200.0, 200.0, 10.0]
============================================

Starting UAPSO global path planning...
Initial feasible particles: 0/100
Iteration: 450/1000 - Best fitness: 12108.9889
Iteration: 800/1000 - Best fitness: 12073.3404
Iteration: 750/1000 - Best fitness: 12104.3103
UAPSO iteration 650/1000 - Best fitness: 13998.0082
Iteration: 850/1000 - Best fitness: 12071.8463
UAPSO iteration 550/1000 - Best fitness: 13941.7326
Iteration: 500/1000 - Best fitness: 12108.051
Iteration: 900/1000 - Best fitness: 12071.5112
UAPSO iteration 650/1000 - Best fitness: 13861.8965
UAPSO iteration 800/1000 - Best fitness: 13559.0789
Iteration: 950/1000 - Best fitness: 12071.4294
Iteration: 800/1000 - Best fitness: 12102.6832
Iteration: 1000/1000 - Best fitness: 12071.4148
SAEPSO-ParamsOnly completed with final fitness: 12071.4148

========== Planning Complete ==========
Algorithm: SAEPSO
Execution time: 72.9205 seconds
Path length: 290.3515 units
Waypoints: 7
Best fitness: 12071.4148
========================================


========== Direct Global Planning ==========
Algorithm: UAPSO
Start: [0.0, 0.0, 10.0]
Goal:  [200.0, 200.0, 10.0]
============================================

Starting UAPSO global path planning...
Initial feasible particles: 0/100
Iteration: 550/1000 - Best fitness: 12108.051
Iteration: 850/1000 - Best fitness: 12102.4299
Iteration: 600/1000 - Best fitness: 12108.051
UAPSO iteration 700/1000 - Best fitness: 14188.6099
Iteration: 900/1000 - Best fitness: 12102.4299
Iteration: 650/1000 - Best fitness: 12107.4835
Iteration: 950/1000 - Best fitness: 12102.4299
UAPSO iteration 100/1000 - Best fitness: 14439.8393
Iteration: 700/1000 - Best fitness: 12105.7489
UAPSO iteration 50/1000 - Best fitness: 14530.5352
UAPSO iteration 400/1000 - Best fitness: 14400.893
UAPSO iteration 300/1000 - Best fitness: 14216.1859
Iteration: 1000/1000 - Best fitness: 12102.4299
SAEPSO-FULL completed with final fitness: 12102.4299

========== Planning Complete ==========
Algorithm: SAEPSO
Execution time: 187.6202 seconds
Path length: 360.9497 units
Waypoints: 7
Best fitness: 12102.4299
========================================


========== Direct Global Planning ==========
Algorithm: SAEPSO
Start: [0.0, 0.0, 10.0]
Goal:  [200.0, 200.0, 10.0]
============================================

Starting SAEPSO-ParamsOnly (Parameter control strategy only)...
  Initialization: Random Cartesian coordinates...
  Stage 3: Main optimization loop...
Iteration: 750/1000 - Best fitness: 12105.7489
Iteration: 50/1000 - Best fitness: 13236.9146
UAPSO iteration 50/1000 - Best fitness: 14426.1876
UAPSO iteration 450/1000 - Best fitness: 14399.2772
UAPSO iteration 50/1000 - Best fitness: 14602.3542
Iteration: 100/1000 - Best fitness: 12954.0413
UAPSO iteration 600/1000 - Best fitness: 13941.7326
Iteration: 150/1000 - Best fitness: 12778.1237
Iteration: 800/1000 - Best fitness: 12104.525
UAPSO iteration 850/1000 - Best fitness: 13212.739
UAPSO iteration 700/1000 - Best fitness: 13874.5735
UAPSO iteration 700/1000 - Best fitness: 13861.8965
Iteration: 200/1000 - Best fitness: 12687.516
Iteration: 250/1000 - Best fitness: 12619.0837
Iteration: 850/1000 - Best fitness: 12103.9607
Iteration: 300/1000 - Best fitness: 12564.3534
Iteration: 350/1000 - Best fitness: 12457.9493
Iteration: 400/1000 - Best fitness: 12322.621
Iteration: 900/1000 - Best fitness: 12103.9607
Iteration: 450/1000 - Best fitness: 12244.2178
Iteration: 500/1000 - Best fitness: 12161.6227
UAPSO iteration 750/1000 - Best fitness: 13679.1848
Iteration: 950/1000 - Best fitness: 12102.5784
Iteration: 550/1000 - Best fitness: 12119.7377
Iteration: 600/1000 - Best fitness: 12102.5136
UAPSO iteration 100/1000 - Best fitness: 14530.5352
UAPSO iteration 100/1000 - Best fitness: 14602.3542
Iteration: 650/1000 - Best fitness: 12096.8201
Iteration: 1000/1000 - Best fitness: 12102.5784
SAEPSO-FULL completed with final fitness: 12102.5784

========== Planning Complete ==========
Algorithm: SAEPSO
Execution time: 181.4483 seconds
Path length: 361.1287 units
Waypoints: 7
Best fitness: 12102.5784
========================================


========== Direct Global Planning ==========
Algorithm: SAEPSO
Start: [0.0, 0.0, 10.0]
Goal:  [200.0, 200.0, 10.0]
============================================

Starting SAEPSO-ParamsOnly (Parameter control strategy only)...
  Initialization: Random Cartesian coordinates...
  Stage 3: Main optimization loop...
UAPSO iteration 150/1000 - Best fitness: 14439.8393
Iteration: 700/1000 - Best fitness: 12087.505
Iteration: 50/1000 - Best fitness: 12842.7334
UAPSO iteration 350/1000 - Best fitness: 14216.1859
Iteration: 750/1000 - Best fitness: 12084.2968
Iteration: 100/1000 - Best fitness: 12653.7463
UAPSO iteration 450/1000 - Best fitness: 14400.893
Iteration: 800/1000 - Best fitness: 12080.3064
Iteration: 150/1000 - Best fitness: 12577.3471
Iteration: 850/1000 - Best fitness: 12079.1819
Iteration: 200/1000 - Best fitness: 12577.3471
UAPSO iteration 900/1000 - Best fitness: 13174.8407
Iteration: 900/1000 - Best fitness: 12078.94
UAPSO iteration 100/1000 - Best fitness: 14426.1876
UAPSO iteration 750/1000 - Best fitness: 13861.8965
UAPSO iteration 500/1000 - Best fitness: 14399.2772
Iteration: 250/1000 - Best fitness: 12485.0104
UAPSO iteration 650/1000 - Best fitness: 13886.8159
Iteration: 950/1000 - Best fitness: 12078.8425
Iteration: 300/1000 - Best fitness: 12429.0631
UAPSO iteration 750/1000 - Best fitness: 13590.7161
Iteration: 1000/1000 - Best fitness: 12078.7621
SAEPSO-ParamsOnly completed with final fitness: 12078.7621

========== Planning Complete ==========
Algorithm: SAEPSO
Execution time: 72.0607 seconds
Path length: 323.8329 units
Waypoints: 7
Best fitness: 12078.7772
========================================


========== Direct Global Planning ==========
Algorithm: UAPSO
Start: [0.0, 0.0, 10.0]
Goal:  [200.0, 200.0, 10.0]
============================================

Starting UAPSO global path planning...
Initial feasible particles: 0/100
Iteration: 350/1000 - Best fitness: 12344.2186
Iteration: 400/1000 - Best fitness: 12320.6782
Iteration: 450/1000 - Best fitness: 12308.6813
Iteration: 500/1000 - Best fitness: 12299.2873
UAPSO iteration 150/1000 - Best fitness: 14602.3542
Iteration: 550/1000 - Best fitness: 12294.0999
Iteration: 600/1000 - Best fitness: 12291.9335
Iteration: 650/1000 - Best fitness: 12291.3865
UAPSO iteration 800/1000 - Best fitness: 13679.1848
Iteration: 700/1000 - Best fitness: 12291.252
UAPSO iteration 150/1000 - Best fitness: 14530.5352
Iteration: 750/1000 - Best fitness: 12291.2085
Iteration: 800/1000 - Best fitness: 12291.2002
UAPSO iteration 200/1000 - Best fitness: 14439.8393
Iteration: 850/1000 - Best fitness: 12291.1977
UAPSO iteration 400/1000 - Best fitness: 14216.1859
UAPSO iteration 950/1000 - Best fitness: 12964.8465
Iteration: 900/1000 - Best fitness: 12291.1974
Iteration: 950/1000 - Best fitness: 12291.1973
UAPSO iteration 800/1000 - Best fitness: 13533.0526
UAPSO iteration 500/1000 - Best fitness: 14400.893
Iteration: 1000/1000 - Best fitness: 12291.1972
SAEPSO-ParamsOnly completed with final fitness: 12291.1972

========== Planning Complete ==========
Algorithm: SAEPSO
Execution time: 72.9461 seconds
Path length: 345.0207 units
Waypoints: 7
Best fitness: 12291.1972
========================================


========== Direct Global Planning ==========
Algorithm: UAPSO
Start: [0.0, 0.0, 10.0]
Goal:  [200.0, 200.0, 10.0]
============================================

Starting UAPSO global path planning...
Initial feasible particles: 0/100
UAPSO iteration 150/1000 - Best fitness: 14426.1876
UAPSO iteration 700/1000 - Best fitness: 13799.3025
UAPSO iteration 200/1000 - Best fitness: 14602.3542
UAPSO iteration 50/1000 - Best fitness: 14308.6506
UAPSO iteration 550/1000 - Best fitness: 14399.2772
UAPSO iteration 800/1000 - Best fitness: 13395.2194
UAPSO iteration 200/1000 - Best fitness: 14530.5352
UAPSO iteration 850/1000 - Best fitness: 13620.4529
UAPSO iteration 1000/1000 - Best fitness: 12865.5581
UAPSO completed with final fitness: 12865.5581

========== Planning Complete ==========
Algorithm: UAPSO
Execution time: 1002.7087 seconds
Path length: 332.4224 units
Waypoints: 7
Best fitness: 12865.5581
========================================

UAPSO iteration 250/1000 - Best fitness: 14439.8393

========== Direct Global Planning ==========
Algorithm: RRSACPSO
Start: [0.0, 0.0, 10.0]
Goal:  [200.0, 200.0, 10.0]
============================================


╔══════════════════════════════════════════════════════════╗
║              RRSACPSO Global Path Planning              ║
╚══════════════════════════════════════════════════════════╝


[Episode 1/1] Starting training...
  Config: mode=online, episodes=1, iterations=1000, popSize=100
UAPSO iteration 250/1000 - Best fitness: 14602.3542
UAPSO iteration 50/1000 - Best fitness: 14250.0526
      [Iter  50] Action stats: mean=0.1655±0.5530 [-0.6679-0.8821]
  [Iter  50/1000] Best: 12926.6448 | Alpha: 0.2000
UAPSO iteration 450/1000 - Best fitness: 14216.1859
UAPSO iteration 850/1000 - Best fitness: 13363.3373
      [Iter 100] Action stats: mean=-0.2941±0.6463 [-0.9424-0.7827]
      [Iter 100] Fitness: current=12775.0295, best=12775.0295, diversity=12.965503
      [Iter 100] Reward: 1.0000
  [Iter 100/1000] Best: 12775.0295 | Alpha: 0.2000
      [Iter 150] Action stats: mean=0.2560±0.5880 [-0.6119-0.9438]
  [Iter 150/1000] Best: 12703.1355 | Alpha: 0.1986
UAPSO iteration 750/1000 - Best fitness: 13747.6585
UAPSO iteration 550/1000 - Best fitness: 14400.893
UAPSO iteration 850/1000 - Best fitness: 13368.6915
UAPSO iteration 200/1000 - Best fitness: 14426.1876
UAPSO iteration 100/1000 - Best fitness: 14308.6506
      [Iter 200] Action stats: mean=0.3336±0.5055 [-0.6152-0.9845]
      [Iter 200] Fitness: current=12566.1123, best=12566.1123, diversity=9.194266
      [Iter 200] Reward: -1.0000
  [Iter 200/1000] Best: 12566.1123 | Alpha: 0.1957
      [Iter 250] Action stats: mean=-0.1756±0.5199 [-0.9423-0.4581]
  [Iter 250/1000] Best: 12527.9706 | Alpha: 0.1928
UAPSO iteration 600/1000 - Best fitness: 14399.2772
      [Iter 300] Action stats: mean=-0.2429±0.7638 [-0.8690-0.8461]
      [Iter 300] Fitness: current=12476.3088, best=12476.3088, diversity=8.158726
      [Iter 300] Reward: 1.0000
  [Iter 300/1000] Best: 12476.3088 | Alpha: 0.1899
      [Iter 350] Action stats: mean=0.0711±0.5849 [-0.9348-0.9358]
  [Iter 350/1000] Best: 12393.6653 | Alpha: 0.1871
UAPSO iteration 250/1000 - Best fitness: 14530.5352
UAPSO iteration 900/1000 - Best fitness: 13288.6879
UAPSO iteration 300/1000 - Best fitness: 14602.3542
      [Iter 400] Action stats: mean=0.0391±0.5775 [-0.9208-0.6097]
      [Iter 400] Fitness: current=12386.3456, best=12386.3456, diversity=5.469718
      [Iter 400] Reward: -1.0000
  [Iter 400/1000] Best: 12386.3456 | Alpha: 0.1843
UAPSO iteration 100/1000 - Best fitness: 14250.0526
      [Iter 450] Action stats: mean=-0.1575±0.5537 [-0.7747-0.7444]
  [Iter 450/1000] Best: 12373.5934 | Alpha: 0.1815
      [Iter 500] Action stats: mean=0.3602±0.5242 [-0.4188-0.9752]
      [Iter 500] Fitness: current=12370.9697, best=12370.9697, diversity=3.312551
      [Iter 500] Reward: -1.0000
  [Iter 500/1000] Best: 12370.9697 | Alpha: 0.1788
UAPSO iteration 300/1000 - Best fitness: 14439.8393
UAPSO iteration 900/1000 - Best fitness: 13345.4512
      [Iter 550] Action stats: mean=0.1021±0.6324 [-0.8775-0.8260]
UAPSO iteration 500/1000 - Best fitness: 14216.1859
  [Iter 550/1000] Best: 12365.8820 | Alpha: 0.1762
      [Iter 600] Action stats: mean=0.4032±0.3822 [-0.2262-0.8742]
      [Iter 600] Fitness: current=12363.4787, best=12363.4787, diversity=1.847618
      [Iter 600] Reward: -1.0000
  [Iter 600/1000] Best: 12363.4787 | Alpha: 0.1735
UAPSO iteration 900/1000 - Best fitness: 13315.3253
UAPSO iteration 800/1000 - Best fitness: 13635.5113
      [Iter 650] Action stats: mean=0.2478±0.6596 [-0.9322-0.9021]
  [Iter 650/1000] Best: 12362.6071 | Alpha: 0.1710
UAPSO iteration 250/1000 - Best fitness: 14426.1876
UAPSO iteration 150/1000 - Best fitness: 14308.6506
UAPSO iteration 600/1000 - Best fitness: 14400.893
      [Iter 700] Action stats: mean=0.0517±0.6944 [-0.9716-0.9628]
      [Iter 700] Fitness: current=12362.1480, best=12362.1480, diversity=1.234824
      [Iter 700] Reward: 1.0000
  [Iter 700/1000] Best: 12362.1480 | Alpha: 0.1684
UAPSO iteration 350/1000 - Best fitness: 14602.3542
      [Iter 750] Action stats: mean=0.3145±0.6752 [-0.6208-0.9987]
  [Iter 750/1000] Best: 12361.8557 | Alpha: 0.1659
UAPSO iteration 650/1000 - Best fitness: 14333.918
      [Iter 800] Action stats: mean=0.0912±0.6744 [-0.8711-0.9013]
      [Iter 800] Fitness: current=12361.8555, best=12361.8555, diversity=1.168373
      [Iter 800] Reward: -1.0000
  [Iter 800/1000] Best: 12361.8555 | Alpha: 0.1634
UAPSO iteration 150/1000 - Best fitness: 14250.0526
UAPSO iteration 950/1000 - Best fitness: 13010.4451
UAPSO iteration 300/1000 - Best fitness: 14510.5475
      [Iter 850] Action stats: mean=0.0363±0.5578 [-0.9337-0.9358]
  [Iter 850/1000] Best: 12345.3978 | Alpha: 0.1610
      [Iter 900] Action stats: mean=0.0269±0.6626 [-0.8052-0.8700]
      [Iter 900] Fitness: current=12250.7447, best=12250.7447, diversity=1.309251
      [Iter 900] Reward: 1.0000
  [Iter 900/1000] Best: 12250.7447 | Alpha: 0.1586
UAPSO iteration 950/1000 - Best fitness: 13261.4135
      [Iter 950] Action stats: mean=-0.0067±0.7344 [-0.9478-0.9263]
  [Iter 950/1000] Best: 12249.0826 | Alpha: 0.1562
UAPSO iteration 350/1000 - Best fitness: 14439.8393
      [Iter 1000] Action stats: mean=0.1148±0.7955 [-0.8499-0.9472]
      [Iter 1000] Fitness: current=12248.9103, best=12248.9103, diversity=0.761483
      [Iter 1000] Reward: 1.0000
  [Iter 1000/1000] Best: 12248.9103 | Alpha: 0.1539

╔════════════════════════════════════════════════════════════╗
║              RRSACPSO TRAINING COMPLETE                   ║
╚════════════════════════════════════════════════════════════╝
  Mode:              online
  Episodes:          1
  Iterations/Ep:     1000
  Population Size:   100
  Best Fitness:      12248.9103
  Path Length:       5 waypoints


========== Planning Complete ==========
Algorithm: RRSACPSO
Execution time: 116.8825 seconds
Path length: 315.3577 units
Waypoints: 7
Best fitness: 12248.9103
========================================


========== Direct Global Planning ==========
Algorithm: PSO
Start: [0.0, 0.0, 10.0]
Goal:  [200.0, 200.0, 10.0]
============================================

Starting Traditional PSO path planning with tracking...
Number of Initial feasible particles: 0/100
UAPSO iteration 550/1000 - Best fitness: 14216.1859
UAPSO iteration 950/1000 - Best fitness: 13086.356
UAPSO iteration 850/1000 - Best fitness: 13315.1304
UAPSO iteration 400/1000 - Best fitness: 14602.3542
UAPSO iteration 200/1000 - Best fitness: 14308.6506
UAPSO iteration 300/1000 - Best fitness: 14426.1876
UAPSO iteration 650/1000 - Best fitness: 14400.893
UAPSO iteration 200/1000 - Best fitness: 14250.0526
Traditional PSO iteration: 50/1000 - Best fitness: 12649.1273
UAPSO iteration 1000/1000 - Best fitness: 12858.2081
UAPSO completed with final fitness: 12858.2081

========== Planning Complete ==========
Algorithm: UAPSO
Execution time: 1138.8939 seconds
Path length: 307.5621 units
Waypoints: 7
Best fitness: 12858.2081
========================================


========== Direct Global Planning ==========
Algorithm: RRSACPSO
Start: [0.0, 0.0, 10.0]
Goal:  [200.0, 200.0, 10.0]
============================================


╔══════════════════════════════════════════════════════════╗
║              RRSACPSO Global Path Planning              ║
╚══════════════════════════════════════════════════════════╝


[Episode 1/1] Starting training...
  Config: mode=online, episodes=1, iterations=1000, popSize=100
UAPSO iteration 700/1000 - Best fitness: 14143.9999
      [Iter  50] Action stats: mean=0.1805±0.4828 [-0.8208-0.6799]
  [Iter  50/1000] Best: 13089.3686 | Alpha: 0.2000
UAPSO iteration 350/1000 - Best fitness: 14510.5475
      [Iter 100] Action stats: mean=0.0447±0.4424 [-0.8074-0.5070]
      [Iter 100] Fitness: current=12730.1834, best=12730.1834, diversity=13.857675
      [Iter 100] Reward: -1.0000
  [Iter 100/1000] Best: 12730.1834 | Alpha: 0.2000
UAPSO iteration 1000/1000 - Best fitness: 13159.6372
UAPSO completed with final fitness: 13159.6372

========== Planning Complete ==========
Algorithm: UAPSO
Execution time: 1034.0991 seconds
Path length: 334.2205 units
Waypoints: 7
Best fitness: 13159.6372
========================================

      [Iter 150] Action stats: mean=-0.0454±0.5772 [-0.9339-0.6977]
  [Iter 150/1000] Best: 12622.7601 | Alpha: 0.1986
      [Iter 200] Action stats: mean=0.2768±0.5433 [-0.6277-0.9309]
      [Iter 200] Fitness: current=12552.1129, best=12552.1129, diversity=11.287553
      [Iter 200] Reward: -1.0000
  [Iter 200/1000] Best: 12552.1129 | Alpha: 0.1957
Traditional PSO iteration: 100/1000 - Best fitness: 12329.3386
UAPSO iteration 1000/1000 - Best fitness: 12908.0808
UAPSO completed with final fitness: 12908.0808

========== Planning Complete ==========
Algorithm: UAPSO
Execution time: 1154.9330 seconds
Path length: 321.7327 units
Waypoints: 7
Best fitness: 12908.0808
========================================

      [Iter 250] Action stats: mean=-0.1550±0.5442 [-0.9719-0.6425]
  [Iter 250/1000] Best: 12364.1503 | Alpha: 0.1928
UAPSO iteration 400/1000 - Best fitness: 14439.8393
UAPSO iteration 450/1000 - Best fitness: 14602.3542
UAPSO iteration 600/1000 - Best fitness: 14216.1859
      [Iter 300] Action stats: mean=0.0357±0.4363 [-0.6041-0.6010]
      [Iter 300] Fitness: current=12334.1769, best=12334.1769, diversity=8.837007
      [Iter 300] Reward: -1.0000
  [Iter 300/1000] Best: 12334.1769 | Alpha: 0.1899
UAPSO iteration 900/1000 - Best fitness: 13167.8919
      [Iter 350] Action stats: mean=-0.3830±0.4351 [-0.8793-0.2225]
  [Iter 350/1000] Best: 12314.8607 | Alpha: 0.1871
UAPSO iteration 250/1000 - Best fitness: 14250.0526
      [Iter 400] Action stats: mean=0.1830±0.6792 [-0.8131-0.9148]
      [Iter 400] Fitness: current=12303.9168, best=12303.9168, diversity=8.556416
      [Iter 400] Reward: -1.0000
  [Iter 400/1000] Best: 12303.9168 | Alpha: 0.1843
UAPSO iteration 250/1000 - Best fitness: 14308.6506
UAPSO iteration 350/1000 - Best fitness: 14426.1876
Traditional PSO iteration: 150/1000 - Best fitness: 12308.4008
      [Iter 450] Action stats: mean=-0.1196±0.7230 [-0.9016-0.9487]
  [Iter 450/1000] Best: 12285.0142 | Alpha: 0.1815
      [Iter 500] Action stats: mean=-0.1726±0.4511 [-0.9255-0.5256]
      [Iter 500] Fitness: current=12263.2186, best=12263.2186, diversity=5.526937
      [Iter 500] Reward: -1.0000
  [Iter 500/1000] Best: 12263.2186 | Alpha: 0.1788
UAPSO iteration 700/1000 - Best fitness: 14384.9234
      [Iter 550] Action stats: mean=0.2430±0.5395 [-0.5468-0.7966]
  [Iter 550/1000] Best: 12243.0536 | Alpha: 0.1762
UAPSO iteration 750/1000 - Best fitness: 13957.4799
UAPSO iteration 400/1000 - Best fitness: 14510.5475
      [Iter 600] Action stats: mean=0.1874±0.5805 [-0.8023-0.9489]
      [Iter 600] Fitness: current=12238.1557, best=12238.1557, diversity=4.981293
      [Iter 600] Reward: -1.0000
  [Iter 600/1000] Best: 12238.1557 | Alpha: 0.1735
UAPSO iteration 500/1000 - Best fitness: 14602.3542
      [Iter 650] Action stats: mean=-0.1160±0.7327 [-0.9537-0.9220]
  [Iter 650/1000] Best: 12235.2150 | Alpha: 0.1710
Traditional PSO iteration: 200/1000 - Best fitness: 12302.711
      [Iter 700] Action stats: mean=-0.2306±0.5089 [-0.9600-0.5488]
      [Iter 700] Fitness: current=12234.5807, best=12234.5807, diversity=1.754372
      [Iter 700] Reward: 1.0000
  [Iter 700/1000] Best: 12234.5807 | Alpha: 0.1684
      [Iter 750] Action stats: mean=-0.1296±0.6390 [-0.8847-0.9016]
  [Iter 750/1000] Best: 12234.3614 | Alpha: 0.1659
UAPSO iteration 450/1000 - Best fitness: 14439.8393
UAPSO iteration 650/1000 - Best fitness: 14094.9994
      [Iter 800] Action stats: mean=-0.3408±0.7189 [-0.8954-0.9289]
UAPSO iteration 950/1000 - Best fitness: 13084.2927
UAPSO iteration 300/1000 - Best fitness: 14250.0526
      [Iter 800] Fitness: current=12234.1147, best=12234.1147, diversity=1.298280
      [Iter 800] Reward: -1.0000
  [Iter 800/1000] Best: 12234.1147 | Alpha: 0.1634
      [Iter 850] Action stats: mean=-0.4387±0.3295 [-0.9429-0.0343]
  [Iter 850/1000] Best: 12234.0995 | Alpha: 0.1610
UAPSO iteration 300/1000 - Best fitness: 14308.6506
      [Iter 900] Action stats: mean=-0.2231±0.5653 [-0.9747-0.4617]
      [Iter 900] Fitness: current=12234.0903, best=12234.0903, diversity=0.478930
      [Iter 900] Reward: 1.0000
  [Iter 900/1000] Best: 12234.0903 | Alpha: 0.1586
Traditional PSO iteration: 250/1000 - Best fitness: 12301.8448
UAPSO iteration 400/1000 - Best fitness: 14426.1876
      [Iter 950] Action stats: mean=-0.0817±0.6988 [-0.8795-0.6146]
  [Iter 950/1000] Best: 12234.0763 | Alpha: 0.1562
UAPSO iteration 750/1000 - Best fitness: 13967.9662
      [Iter 1000] Action stats: mean=-0.0499±0.5872 [-0.8197-0.8457]
      [Iter 1000] Fitness: current=12233.8924, best=12233.8924, diversity=0.145756
      [Iter 1000] Reward: 1.0000
  [Iter 1000/1000] Best: 12233.8924 | Alpha: 0.1539

╔════════════════════════════════════════════════════════════╗
║              RRSACPSO TRAINING COMPLETE                   ║
╚════════════════════════════════════════════════════════════╝
  Mode:              online
  Episodes:          1
  Iterations/Ep:     1000
  Population Size:   100
  Best Fitness:      12233.8924
  Path Length:       5 waypoints


========== Planning Complete ==========
Algorithm: RRSACPSO
Execution time: 104.6542 seconds
Path length: 299.2743 units
Waypoints: 7
Best fitness: 12233.8924
========================================


========== Direct Global Planning ==========
Algorithm: PSO
Start: [0.0, 0.0, 10.0]
Goal:  [200.0, 200.0, 10.0]
============================================

Starting Traditional PSO path planning with tracking...
Number of Initial feasible particles: 0/100
UAPSO iteration 550/1000 - Best fitness: 14602.3542
UAPSO iteration 800/1000 - Best fitness: 13732.7806
UAPSO iteration 450/1000 - Best fitness: 14436.1891
Traditional PSO iteration: 300/1000 - Best fitness: 12301.7289
UAPSO iteration 700/1000 - Best fitness: 13507.8447
UAPSO iteration 350/1000 - Best fitness: 14250.0526
UAPSO iteration 500/1000 - Best fitness: 14224.042
Traditional PSO iteration: 50/1000 - Best fitness: 12600.4459
UAPSO iteration 1000/1000 - Best fitness: 13029.1023
UAPSO completed with final fitness: 13029.1023

========== Planning Complete ==========
Algorithm: UAPSO
Execution time: 1116.6845 seconds
Path length: 323.2970 units
Waypoints: 7
Best fitness: 13029.1023
========================================

UAPSO iteration 350/1000 - Best fitness: 14308.6506
Traditional PSO iteration: 350/1000 - Best fitness: 12301.721
UAPSO iteration 600/1000 - Best fitness: 14416.6186
UAPSO iteration 450/1000 - Best fitness: 14426.1876
Traditional PSO iteration: 100/1000 - Best fitness: 12530.4377
UAPSO iteration 800/1000 - Best fitness: 13769.6927
UAPSO iteration 850/1000 - Best fitness: 13481.8624
UAPSO iteration 500/1000 - Best fitness: 14387.431
UAPSO iteration 400/1000 - Best fitness: 14250.0526
UAPSO iteration 750/1000 - Best fitness: 13507.8447
Traditional PSO iteration: 400/1000 - Best fitness: 12301.7178
Traditional PSO iteration: 150/1000 - Best fitness: 12522.661
UAPSO iteration 550/1000 - Best fitness: 14224.042
UAPSO iteration 650/1000 - Best fitness: 14416.6186
UAPSO iteration 400/1000 - Best fitness: 14308.6506
Traditional PSO iteration: 200/1000 - Best fitness: 12517.2064
UAPSO iteration 900/1000 - Best fitness: 13334.8129
Traditional PSO iteration: 450/1000 - Best fitness: 12301.7159
UAPSO iteration 550/1000 - Best fitness: 14387.431
UAPSO iteration 500/1000 - Best fitness: 14426.1876
UAPSO iteration 850/1000 - Best fitness: 13680.2163
UAPSO iteration 450/1000 - Best fitness: 14239.3056
UAPSO iteration 800/1000 - Best fitness: 13507.8447
Traditional PSO iteration: 250/1000 - Best fitness: 12515.5589
UAPSO iteration 600/1000 - Best fitness: 14224.042
Traditional PSO iteration: 500/1000 - Best fitness: 12301.7156
UAPSO iteration 700/1000 - Best fitness: 14347.8282
Traditional PSO iteration: 300/1000 - Best fitness: 12515.1831
UAPSO iteration 450/1000 - Best fitness: 14308.6506
UAPSO iteration 950/1000 - Best fitness: 13253.9054
UAPSO iteration 600/1000 - Best fitness: 14387.431
Traditional PSO iteration: 550/1000 - Best fitness: 12301.7153
UAPSO iteration 900/1000 - Best fitness: 13358.2116
UAPSO iteration 550/1000 - Best fitness: 14426.1876
Traditional PSO iteration: 350/1000 - Best fitness: 12515.0673
UAPSO iteration 850/1000 - Best fitness: 13391.7656
UAPSO iteration 500/1000 - Best fitness: 14158.416
UAPSO iteration 650/1000 - Best fitness: 14224.042
Traditional PSO iteration: 600/1000 - Best fitness: 12301.7153
UAPSO iteration 750/1000 - Best fitness: 14118.991
Traditional PSO iteration: 400/1000 - Best fitness: 12514.8729
UAPSO iteration 1000/1000 - Best fitness: 13165.2586
UAPSO completed with final fitness: 13165.2586

========== Planning Complete ==========
Algorithm: UAPSO
Execution time: 1047.2754 seconds
Path length: 319.9130 units
Waypoints: 7
Best fitness: 13165.2586
========================================

UAPSO iteration 650/1000 - Best fitness: 14245.5561
UAPSO iteration 500/1000 - Best fitness: 14308.6506
UAPSO iteration 950/1000 - Best fitness: 12926.2313
Traditional PSO iteration: 450/1000 - Best fitness: 12514.8624
UAPSO iteration 600/1000 - Best fitness: 14292.6853
Traditional PSO iteration: 650/1000 - Best fitness: 12301.7153
UAPSO iteration 900/1000 - Best fitness: 13339.3253
UAPSO iteration 550/1000 - Best fitness: 14158.416
UAPSO iteration 700/1000 - Best fitness: 14097.0302
Traditional PSO iteration: 500/1000 - Best fitness: 12514.86
UAPSO iteration 800/1000 - Best fitness: 13817.9559
Traditional PSO iteration: 700/1000 - Best fitness: 12301.7153
UAPSO iteration 1000/1000 - Best fitness: 12807.0881
UAPSO completed with final fitness: 12807.0881

========== Planning Complete ==========
Algorithm: UAPSO
Execution time: 1072.4986 seconds
Path length: 349.4197 units
Waypoints: 7
Best fitness: 12807.0881
========================================

UAPSO iteration 550/1000 - Best fitness: 14308.6506
UAPSO iteration 700/1000 - Best fitness: 13926.2498
Traditional PSO iteration: 550/1000 - Best fitness: 12514.8595
UAPSO iteration 950/1000 - Best fitness: 13106.7524
UAPSO iteration 650/1000 - Best fitness: 14238.8463
Traditional PSO iteration: 750/1000 - Best fitness: 12301.7153
UAPSO iteration 600/1000 - Best fitness: 14111.5411
Traditional PSO iteration: 600/1000 - Best fitness: 12514.8297
UAPSO iteration 750/1000 - Best fitness: 13838.3533
UAPSO iteration 850/1000 - Best fitness: 13817.0041
Traditional PSO iteration: 800/1000 - Best fitness: 12301.7153
Traditional PSO iteration: 650/1000 - Best fitness: 12514.8263
UAPSO iteration 600/1000 - Best fitness: 14187.4228
UAPSO iteration 750/1000 - Best fitness: 13798.1793
UAPSO iteration 1000/1000 - Best fitness: 12999.4419
UAPSO completed with final fitness: 12999.4419

========== Planning Complete ==========
Algorithm: UAPSO
Execution time: 1039.2720 seconds
Path length: 332.1471 units
Waypoints: 7
Best fitness: 12999.4419
========================================

UAPSO iteration 700/1000 - Best fitness: 13926.3039
Traditional PSO iteration: 850/1000 - Best fitness: 12301.7153
Traditional PSO iteration: 700/1000 - Best fitness: 12514.8259
UAPSO iteration 650/1000 - Best fitness: 14111.5411
UAPSO iteration 900/1000 - Best fitness: 13644.9214
UAPSO iteration 800/1000 - Best fitness: 13453.8818
Traditional PSO iteration: 750/1000 - Best fitness: 12514.8259
Traditional PSO iteration: 900/1000 - Best fitness: 12301.7153
UAPSO iteration 650/1000 - Best fitness: 13937.3047
UAPSO iteration 800/1000 - Best fitness: 13593.5925
Traditional PSO iteration: 800/1000 - Best fitness: 12514.8259
UAPSO iteration 950/1000 - Best fitness: 13365.2037
UAPSO iteration 700/1000 - Best fitness: 14111.5411
UAPSO iteration 750/1000 - Best fitness: 13926.3039
UAPSO iteration 850/1000 - Best fitness: 13300.1927
Traditional PSO iteration: 950/1000 - Best fitness: 12301.7153
Traditional PSO iteration: 850/1000 - Best fitness: 12514.8259
UAPSO iteration 700/1000 - Best fitness: 13937.3047
UAPSO iteration 850/1000 - Best fitness: 13294.5314
Traditional PSO iteration: 1000/1000 - Best fitness: 12301.7153
Traditional PSO completed with final fitness: 12301.7153

========== Planning Complete ==========
Algorithm: PSO
Execution time: 498.7451 seconds
Path length: 308.7880 units
Waypoints: 7
Best fitness: 12301.7153
========================================


========== Direct Global Planning ==========
Algorithm: PSO_LDIW
Start: [0.0, 0.0, 10.0]
Goal:  [200.0, 200.0, 10.0]
============================================

Starting PSO-LDIW (linearly decreasing inertia weight)...
Number of Initial feasible particles: 0/100
PSO-LDIW iteration: 1/1000 - Best fitness: 28720.3908 - w=0.8995, c1=1.5, c2=1.5
Traditional PSO iteration: 900/1000 - Best fitness: 12514.8259
UAPSO iteration 1000/1000 - Best fitness: 13006.5284
UAPSO completed with final fitness: 13006.5284

========== Planning Complete ==========
Algorithm: UAPSO
Execution time: 820.7937 seconds
Path length: 309.7332 units
Waypoints: 7
Best fitness: 13006.5284
========================================

UAPSO iteration 900/1000 - Best fitness: 13128.3838
UAPSO iteration 750/1000 - Best fitness: 14111.5411
UAPSO iteration 800/1000 - Best fitness: 13674.8409
PSO-LDIW iteration: 50/1000 - Best fitness: 12709.5326 - w=0.875, c1=1.5, c2=1.5
Traditional PSO iteration: 950/1000 - Best fitness: 12514.8259
UAPSO iteration 900/1000 - Best fitness: 13185.329
UAPSO iteration 750/1000 - Best fitness: 13876.2023
PSO-LDIW iteration: 100/1000 - Best fitness: 12515.224 - w=0.85, c1=1.5, c2=1.5
Traditional PSO iteration: 1000/1000 - Best fitness: 12514.8259
Traditional PSO completed with final fitness: 12514.8259

========== Planning Complete ==========
Algorithm: PSO
Execution time: 405.4509 seconds
Path length: 324.6254 units
Waypoints: 7
Best fitness: 12514.8259
========================================


========== Direct Global Planning ==========
Algorithm: PSO_LDIW
Start: [0.0, 0.0, 10.0]
Goal:  [200.0, 200.0, 10.0]
============================================

Starting PSO-LDIW (linearly decreasing inertia weight)...
Number of Initial feasible particles: 0/100
PSO-LDIW iteration: 1/1000 - Best fitness: 13635.6206 - w=0.8995, c1=1.5, c2=1.5
UAPSO iteration 950/1000 - Best fitness: 13001.6673
PSO-LDIW iteration: 150/1000 - Best fitness: 12424.5799 - w=0.825, c1=1.5, c2=1.5
UAPSO iteration 800/1000 - Best fitness: 13769.2611
UAPSO iteration 850/1000 - Best fitness: 13549.562
PSO-LDIW iteration: 50/1000 - Best fitness: 12895.5769 - w=0.875, c1=1.5, c2=1.5
PSO-LDIW iteration: 200/1000 - Best fitness: 12369.308 - w=0.8, c1=1.5, c2=1.5
PSO-LDIW iteration: 100/1000 - Best fitness: 12583.5353 - w=0.85, c1=1.5, c2=1.5
UAPSO iteration 800/1000 - Best fitness: 13876.2023
UAPSO iteration 950/1000 - Best fitness: 13116.0228
PSO-LDIW iteration: 250/1000 - Best fitness: 12366.6603 - w=0.775, c1=1.5, c2=1.5
UAPSO iteration 1000/1000 - Best fitness: 12736.9463
UAPSO completed with final fitness: 12736.9463

========== Planning Complete ==========
Algorithm: UAPSO
Execution time: 979.0731 seconds
Path length: 309.2622 units
Waypoints: 7
Best fitness: 12736.9463
========================================

PSO-LDIW iteration: 150/1000 - Best fitness: 12389.5098 - w=0.825, c1=1.5, c2=1.5
UAPSO iteration 850/1000 - Best fitness: 13330.4028
PSO-LDIW iteration: 300/1000 - Best fitness: 12358.5174 - w=0.75, c1=1.5, c2=1.5
UAPSO iteration 900/1000 - Best fitness: 13286.1552
PSO-LDIW iteration: 200/1000 - Best fitness: 12278.1101 - w=0.8, c1=1.5, c2=1.5
PSO-LDIW iteration: 350/1000 - Best fitness: 12339.7095 - w=0.725, c1=1.5, c2=1.5
UAPSO iteration 850/1000 - Best fitness: 13613.0345
UAPSO iteration 1000/1000 - Best fitness: 12948.6349
UAPSO completed with final fitness: 12948.6349

========== Planning Complete ==========
Algorithm: UAPSO
Execution time: 952.0975 seconds
Path length: 337.5635 units
Waypoints: 7
Best fitness: 12948.6349
========================================

PSO-LDIW iteration: 250/1000 - Best fitness: 12248.5623 - w=0.775, c1=1.5, c2=1.5
UAPSO iteration 900/1000 - Best fitness: 13035.815
PSO-LDIW iteration: 400/1000 - Best fitness: 12332.6157 - w=0.7, c1=1.5, c2=1.5
UAPSO iteration 950/1000 - Best fitness: 13058.0498
PSO-LDIW iteration: 300/1000 - Best fitness: 12229.5949 - w=0.75, c1=1.5, c2=1.5
UAPSO iteration 900/1000 - Best fitness: 13266.6522
PSO-LDIW iteration: 450/1000 - Best fitness: 12302.3081 - w=0.675, c1=1.5, c2=1.5
PSO-LDIW iteration: 350/1000 - Best fitness: 12216.4727 - w=0.725, c1=1.5, c2=1.5
UAPSO iteration 950/1000 - Best fitness: 12909.9875
PSO-LDIW iteration: 500/1000 - Best fitness: 12277.4803 - w=0.65, c1=1.5, c2=1.5
PSO-LDIW iteration: 400/1000 - Best fitness: 12215.9382 - w=0.7, c1=1.5, c2=1.5
UAPSO iteration 1000/1000 - Best fitness: 12923.7647
UAPSO completed with final fitness: 12923.7647

========== Planning Complete ==========
Algorithm: UAPSO
Execution time: 1015.1056 seconds
Path length: 331.1432 units
Waypoints: 7
Best fitness: 12923.7647
========================================

PSO-LDIW iteration: 450/1000 - Best fitness: 12214.4625 - w=0.675, c1=1.5, c2=1.5
PSO-LDIW iteration: 550/1000 - Best fitness: 12274.8856 - w=0.625, c1=1.5, c2=1.5
UAPSO iteration 950/1000 - Best fitness: 13055.5858
PSO-LDIW iteration: 500/1000 - Best fitness: 12213.8032 - w=0.65, c1=1.5, c2=1.5
UAPSO iteration 1000/1000 - Best fitness: 12709.7908
UAPSO completed with final fitness: 12709.7908

========== Planning Complete ==========
Algorithm: UAPSO
Execution time: 864.9931 seconds
Path length: 320.8074 units
Waypoints: 7
Best fitness: 12709.7908
========================================

PSO-LDIW iteration: 600/1000 - Best fitness: 12273.6085 - w=0.6, c1=1.5, c2=1.5
PSO-LDIW iteration: 550/1000 - Best fitness: 12213.6463 - w=0.625, c1=1.5, c2=1.5
PSO-LDIW iteration: 600/1000 - Best fitness: 12211.1085 - w=0.6, c1=1.5, c2=1.5
PSO-LDIW iteration: 650/1000 - Best fitness: 12273.3387 - w=0.575, c1=1.5, c2=1.5
UAPSO iteration 1000/1000 - Best fitness: 12787.7162
UAPSO completed with final fitness: 12787.7162

========== Planning Complete ==========
Algorithm: UAPSO
Execution time: 933.4823 seconds
Path length: 304.5545 units
Waypoints: 7
Best fitness: 12787.7162
========================================

PSO-LDIW iteration: 650/1000 - Best fitness: 12210.2665 - w=0.575, c1=1.5, c2=1.5
PSO-LDIW iteration: 700/1000 - Best fitness: 12273.1523 - w=0.55, c1=1.5, c2=1.5
PSO-LDIW iteration: 700/1000 - Best fitness: 12210.0846 - w=0.55, c1=1.5, c2=1.5
PSO-LDIW iteration: 750/1000 - Best fitness: 12209.8973 - w=0.525, c1=1.5, c2=1.5
PSO-LDIW iteration: 750/1000 - Best fitness: 12272.9831 - w=0.525, c1=1.5, c2=1.5
PSO-LDIW iteration: 800/1000 - Best fitness: 12209.8082 - w=0.5, c1=1.5, c2=1.5
PSO-LDIW iteration: 800/1000 - Best fitness: 12269.1664 - w=0.5, c1=1.5, c2=1.5
PSO-LDIW iteration: 850/1000 - Best fitness: 12209.6947 - w=0.475, c1=1.5, c2=1.5
PSO-LDIW iteration: 900/1000 - Best fitness: 12209.6596 - w=0.45, c1=1.5, c2=1.5
PSO-LDIW iteration: 850/1000 - Best fitness: 12263.4923 - w=0.475, c1=1.5, c2=1.5
PSO-LDIW iteration: 950/1000 - Best fitness: 12209.6273 - w=0.425, c1=1.5, c2=1.5
PSO-LDIW iteration: 900/1000 - Best fitness: 12263.3371 - w=0.45, c1=1.5, c2=1.5
PSO-LDIW iteration: 1000/1000 - Best fitness: 12209.5068 - w=0.4, c1=1.5, c2=1.5

========== Planning Complete ==========
Algorithm: PSO_LDIW
Execution time: 248.0838 seconds
Path length: 297.5731 units
Waypoints: 7
Best fitness: 12209.5068
========================================


========== Direct Global Planning ==========
Algorithm: FIPS
Start: [0.0, 0.0, 10.0]
Goal:  [200.0, 200.0, 10.0]
============================================

Starting FIPS (Fully Informed PSO) path planning...
Number of Initial feasible particles: 0/100
PSO-LDIW iteration: 950/1000 - Best fitness: 12263.113 - w=0.425, c1=1.5, c2=1.5
FIPS iteration: 50/1000 - Best fitness: 14032.0762
PSO-LDIW iteration: 1000/1000 - Best fitness: 12262.522 - w=0.4, c1=1.5, c2=1.5

========== Planning Complete ==========
Algorithm: PSO_LDIW
Execution time: 316.1814 seconds
Path length: 340.2454 units
Waypoints: 7
Best fitness: 12262.5220
========================================


========== Direct Global Planning ==========
Algorithm: FIPS
Start: [0.0, 0.0, 10.0]
Goal:  [200.0, 200.0, 10.0]
============================================

Starting FIPS (Fully Informed PSO) path planning...
Number of Initial feasible particles: 0/100
FIPS iteration: 100/1000 - Best fitness: 13755.5514
FIPS iteration: 50/1000 - Best fitness: 13711.3731
FIPS iteration: 150/1000 - Best fitness: 13397.809
FIPS iteration: 100/1000 - Best fitness: 13207.2694
FIPS iteration: 200/1000 - Best fitness: 13069.8062
FIPS iteration: 150/1000 - Best fitness: 13026.5749
FIPS iteration: 250/1000 - Best fitness: 13060.5946
FIPS iteration: 200/1000 - Best fitness: 12944.9563
FIPS iteration: 300/1000 - Best fitness: 12930.2859
FIPS iteration: 250/1000 - Best fitness: 12944.9563
FIPS iteration: 350/1000 - Best fitness: 12930.2859
FIPS iteration: 300/1000 - Best fitness: 12750.0638
FIPS iteration: 400/1000 - Best fitness: 12930.2859
FIPS iteration: 350/1000 - Best fitness: 12698.3234
FIPS iteration: 450/1000 - Best fitness: 12930.2859
FIPS iteration: 400/1000 - Best fitness: 12698.3234
FIPS iteration: 500/1000 - Best fitness: 12904.986
FIPS iteration: 450/1000 - Best fitness: 12694.6608
FIPS iteration: 550/1000 - Best fitness: 12885.4135
FIPS iteration: 500/1000 - Best fitness: 12602.0029
FIPS iteration: 600/1000 - Best fitness: 12745.0179
FIPS iteration: 550/1000 - Best fitness: 12602.0029
FIPS iteration: 650/1000 - Best fitness: 12679.0962
FIPS iteration: 600/1000 - Best fitness: 12577.8098
FIPS iteration: 700/1000 - Best fitness: 12576.82
FIPS iteration: 650/1000 - Best fitness: 12562.9577
FIPS iteration: 750/1000 - Best fitness: 12576.82
FIPS iteration: 700/1000 - Best fitness: 12520.7209
FIPS iteration: 800/1000 - Best fitness: 12576.82
FIPS iteration: 750/1000 - Best fitness: 12520.7209
FIPS iteration: 850/1000 - Best fitness: 12576.82
FIPS iteration: 800/1000 - Best fitness: 12520.7209
FIPS iteration: 900/1000 - Best fitness: 12568.7743
FIPS iteration: 850/1000 - Best fitness: 12429.9224
FIPS iteration: 950/1000 - Best fitness: 12507.3922
FIPS iteration: 900/1000 - Best fitness: 12429.9224
FIPS iteration: 1000/1000 - Best fitness: 12507.3922
FIPS completed with final fitness: 12507.3922

========== Planning Complete ==========
Algorithm: FIPS
Execution time: 335.9940 seconds
Path length: 312.8831 units
Waypoints: 7
Best fitness: 12507.3922
========================================


========== Direct Global Planning ==========
Algorithm: CLPSO
Start: [0.0, 0.0, 10.0]
Goal:  [200.0, 200.0, 10.0]
============================================

Starting CLPSO (Comprehensive Learning PSO) path planning...
Number of Initial feasible particles: 0/100
FIPS iteration: 950/1000 - Best fitness: 12407.4223
FIPS iteration: 1000/1000 - Best fitness: 12400.2991
FIPS completed with final fitness: 12400.2991

========== Planning Complete ==========
Algorithm: FIPS
Execution time: 326.3405 seconds
Path length: 352.1549 units
Waypoints: 7
Best fitness: 12400.2991
========================================


========== Direct Global Planning ==========
Algorithm: CLPSO
Start: [0.0, 0.0, 10.0]
Goal:  [200.0, 200.0, 10.0]
============================================

Starting CLPSO (Comprehensive Learning PSO) path planning...
Number of Initial feasible particles: 0/100
CLPSO iteration: 50/1000 - Best fitness: 14244.7761 - w: 0.860
CLPSO iteration: 50/1000 - Best fitness: 14508.1002 - w: 0.860
CLPSO iteration: 100/1000 - Best fitness: 14059.0401 - w: 0.820
CLPSO iteration: 100/1000 - Best fitness: 14095.021 - w: 0.820
CLPSO iteration: 150/1000 - Best fitness: 13887.2348 - w: 0.780
CLPSO iteration: 150/1000 - Best fitness: 13772.8087 - w: 0.780
CLPSO iteration: 200/1000 - Best fitness: 13756.8896 - w: 0.740
CLPSO iteration: 200/1000 - Best fitness: 13717.7869 - w: 0.740
CLPSO iteration: 250/1000 - Best fitness: 13672.8277 - w: 0.700
CLPSO iteration: 250/1000 - Best fitness: 13540.068 - w: 0.700
CLPSO iteration: 300/1000 - Best fitness: 13669.2688 - w: 0.660
CLPSO iteration: 300/1000 - Best fitness: 13446.816 - w: 0.660
CLPSO iteration: 350/1000 - Best fitness: 13642.0683 - w: 0.620
CLPSO iteration: 350/1000 - Best fitness: 13373.581 - w: 0.620
CLPSO iteration: 400/1000 - Best fitness: 13310.9877 - w: 0.580
CLPSO iteration: 400/1000 - Best fitness: 13543.7448 - w: 0.580
CLPSO iteration: 450/1000 - Best fitness: 13273.6395 - w: 0.540
CLPSO iteration: 450/1000 - Best fitness: 13543.7448 - w: 0.540
CLPSO iteration: 500/1000 - Best fitness: 13248.5926 - w: 0.500
CLPSO iteration: 500/1000 - Best fitness: 13459.5803 - w: 0.500
CLPSO iteration: 550/1000 - Best fitness: 13170.6863 - w: 0.460
CLPSO iteration: 550/1000 - Best fitness: 13320.0055 - w: 0.460
CLPSO iteration: 600/1000 - Best fitness: 13035.4809 - w: 0.420
CLPSO iteration: 600/1000 - Best fitness: 13305.0546 - w: 0.420
CLPSO iteration: 650/1000 - Best fitness: 13034.7452 - w: 0.380
CLPSO iteration: 650/1000 - Best fitness: 13304.7015 - w: 0.380
CLPSO iteration: 700/1000 - Best fitness: 13034.7452 - w: 0.340
CLPSO iteration: 700/1000 - Best fitness: 13304.7015 - w: 0.340
CLPSO iteration: 750/1000 - Best fitness: 13012.6868 - w: 0.300
CLPSO iteration: 750/1000 - Best fitness: 13304.7015 - w: 0.300
CLPSO iteration: 800/1000 - Best fitness: 13003.0006 - w: 0.260
CLPSO iteration: 800/1000 - Best fitness: 13283.3594 - w: 0.260
CLPSO iteration: 850/1000 - Best fitness: 12985.8658 - w: 0.220
CLPSO iteration: 850/1000 - Best fitness: 13255.8083 - w: 0.220
CLPSO iteration: 900/1000 - Best fitness: 12985.8658 - w: 0.180
CLPSO iteration: 900/1000 - Best fitness: 13255.8083 - w: 0.180
CLPSO iteration: 950/1000 - Best fitness: 12985.8658 - w: 0.140
CLPSO iteration: 950/1000 - Best fitness: 13255.8083 - w: 0.140
CLPSO iteration: 1000/1000 - Best fitness: 12982.2184 - w: 0.100
CLPSO completed with final fitness: 12982.2184

========== Planning Complete ==========
Algorithm: CLPSO
Execution time: 431.5050 seconds
Path length: 309.5720 units
Waypoints: 7
Best fitness: 12982.2184
========================================


========== Direct Global Planning ==========
Algorithm: SAEPSO
Start: [0.0, 0.0, 10.0]
Goal:  [200.0, 200.0, 10.0]
============================================

Starting SAEPSO-FULL (All improvements enabled)...
  Stage 1: Tent map initialization in spherical coordinates...
  Stage 2: Opposition-based learning...
  Stage 3: Main optimization loop...
Iteration: 50/1000 - Best fitness: 12111.0823
Iteration: 100/1000 - Best fitness: 12108.93
CLPSO iteration: 1000/1000 - Best fitness: 13233.4112 - w: 0.100
CLPSO completed with final fitness: 13233.4112

========== Planning Complete ==========
Algorithm: CLPSO
Execution time: 465.7093 seconds
Path length: 344.9568 units
Waypoints: 7
Best fitness: 13233.4112
========================================


========== Direct Global Planning ==========
Algorithm: SAEPSO
Start: [0.0, 0.0, 10.0]
Goal:  [200.0, 200.0, 10.0]
============================================

Starting SAEPSO-FULL (All improvements enabled)...
  Stage 1: Tent map initialization in spherical coordinates...
  Stage 2: Opposition-based learning...
  Stage 3: Main optimization loop...
Iteration: 150/1000 - Best fitness: 12108.017
Iteration: 50/1000 - Best fitness: 12142.3308
Iteration: 200/1000 - Best fitness: 12108.017
Iteration: 100/1000 - Best fitness: 12108.2392
Iteration: 250/1000 - Best fitness: 12108.017
Iteration: 150/1000 - Best fitness: 12108.0972
Iteration: 300/1000 - Best fitness: 12107.9401
Iteration: 200/1000 - Best fitness: 12108.0487
Iteration: 350/1000 - Best fitness: 12107.9401
Iteration: 250/1000 - Best fitness: 12108.0487
Iteration: 400/1000 - Best fitness: 12107.9401
Iteration: 300/1000 - Best fitness: 12108.0487
Iteration: 450/1000 - Best fitness: 12107.9401
Iteration: 350/1000 - Best fitness: 12108.0487
Iteration: 500/1000 - Best fitness: 12107.9401
Iteration: 400/1000 - Best fitness: 12107.9558
Iteration: 550/1000 - Best fitness: 12107.9401
Iteration: 450/1000 - Best fitness: 12107.9473
Iteration: 600/1000 - Best fitness: 12107.9401
Iteration: 500/1000 - Best fitness: 12107.9473
Iteration: 650/1000 - Best fitness: 12107.9401
Iteration: 550/1000 - Best fitness: 12107.9473
Iteration: 700/1000 - Best fitness: 12107.9401
Iteration: 600/1000 - Best fitness: 12107.9473
Iteration: 750/1000 - Best fitness: 12107.9401
Iteration: 650/1000 - Best fitness: 12107.9473
Iteration: 800/1000 - Best fitness: 12107.9401
Iteration: 700/1000 - Best fitness: 12107.9473
Iteration: 850/1000 - Best fitness: 12107.9401
Iteration: 750/1000 - Best fitness: 12107.9473
Iteration: 900/1000 - Best fitness: 12107.9401
Iteration: 800/1000 - Best fitness: 12107.9473
Iteration: 950/1000 - Best fitness: 12107.9401
Iteration: 850/1000 - Best fitness: 12107.9473
Iteration: 1000/1000 - Best fitness: 12107.9401
SAEPSO-FULL completed with final fitness: 12107.9401

========== Planning Complete ==========
Algorithm: SAEPSO
Execution time: 121.1603 seconds
Path length: 364.2124 units
Waypoints: 7
Best fitness: 12107.9401
========================================


========== Direct Global Planning ==========
Algorithm: SAEPSO
Start: [0.0, 0.0, 10.0]
Goal:  [200.0, 200.0, 10.0]
============================================

Starting SAEPSO-ParamsOnly (Parameter control strategy only)...
  Initialization: Random Cartesian coordinates...
  Stage 3: Main optimization loop...
Iteration: 50/1000 - Best fitness: 13149.787
Iteration: 900/1000 - Best fitness: 12107.9473
Iteration: 100/1000 - Best fitness: 12700.3457
Iteration: 150/1000 - Best fitness: 12540.0686
Iteration: 950/1000 - Best fitness: 12107.9473
Iteration: 200/1000 - Best fitness: 12391.61
Iteration: 250/1000 - Best fitness: 12319.0689
Iteration: 300/1000 - Best fitness: 12283.3389
Iteration: 1000/1000 - Best fitness: 12107.9473
SAEPSO-FULL completed with final fitness: 12107.9473

========== Planning Complete ==========
Algorithm: SAEPSO
Execution time: 118.5344 seconds
Path length: 364.2157 units
Waypoints: 7
Best fitness: 12107.9473
========================================


========== Direct Global Planning ==========
Algorithm: SAEPSO
Start: [0.0, 0.0, 10.0]
Goal:  [200.0, 200.0, 10.0]
============================================

Starting SAEPSO-ParamsOnly (Parameter control strategy only)...
  Initialization: Random Cartesian coordinates...
  Stage 3: Main optimization loop...
Iteration: 350/1000 - Best fitness: 12245.6274
Iteration: 50/1000 - Best fitness: 13199.4226
Iteration: 400/1000 - Best fitness: 12212.1545
Iteration: 100/1000 - Best fitness: 12839.1767
Iteration: 450/1000 - Best fitness: 12199.0492
Iteration: 150/1000 - Best fitness: 12723.9581
Iteration: 500/1000 - Best fitness: 12185.5978
Iteration: 200/1000 - Best fitness: 12655.701
Iteration: 550/1000 - Best fitness: 12176.7968
Iteration: 250/1000 - Best fitness: 12647.4295
Iteration: 600/1000 - Best fitness: 12170.898
Iteration: 300/1000 - Best fitness: 12562.8345
Iteration: 650/1000 - Best fitness: 12168.4814
Iteration: 350/1000 - Best fitness: 12487.4643
Iteration: 700/1000 - Best fitness: 12167.8242
Iteration: 400/1000 - Best fitness: 12439.0693
Iteration: 750/1000 - Best fitness: 12167.7366
Iteration: 450/1000 - Best fitness: 12413.4344
Iteration: 800/1000 - Best fitness: 12167.6719
Iteration: 500/1000 - Best fitness: 12404.5094
Iteration: 850/1000 - Best fitness: 12167.6616
Iteration: 550/1000 - Best fitness: 12401.5446
Iteration: 900/1000 - Best fitness: 12167.658
Iteration: 600/1000 - Best fitness: 12319.3511
Iteration: 950/1000 - Best fitness: 12167.6572
Iteration: 650/1000 - Best fitness: 12190.5086
Iteration: 1000/1000 - Best fitness: 12167.657
SAEPSO-ParamsOnly completed with final fitness: 12167.657

========== Planning Complete ==========
Algorithm: SAEPSO
Execution time: 47.6916 seconds
Path length: 334.0150 units
Waypoints: 7
Best fitness: 12167.6570
========================================


========== Direct Global Planning ==========
Algorithm: UAPSO
Start: [0.0, 0.0, 10.0]
Goal:  [200.0, 200.0, 10.0]
============================================

Starting UAPSO global path planning...
Initial feasible particles: 0/100
Iteration: 700/1000 - Best fitness: 12142.0736
Iteration: 750/1000 - Best fitness: 12134.5234
Iteration: 800/1000 - Best fitness: 12133.0138
Iteration: 850/1000 - Best fitness: 12132.551
Iteration: 900/1000 - Best fitness: 12132.4484
Iteration: 950/1000 - Best fitness: 12132.4299
Iteration: 1000/1000 - Best fitness: 12132.4236
SAEPSO-ParamsOnly completed with final fitness: 12132.4236

========== Planning Complete ==========
Algorithm: SAEPSO
Execution time: 47.6920 seconds
Path length: 295.3538 units
Waypoints: 7
Best fitness: 12132.4236
========================================


========== Direct Global Planning ==========
Algorithm: UAPSO
Start: [0.0, 0.0, 10.0]
Goal:  [200.0, 200.0, 10.0]
============================================

Starting UAPSO global path planning...
Initial feasible particles: 0/100
UAPSO iteration 50/1000 - Best fitness: 14468.2207
UAPSO iteration 50/1000 - Best fitness: 14511.8427
UAPSO iteration 100/1000 - Best fitness: 14468.2207
UAPSO iteration 100/1000 - Best fitness: 14511.8427
UAPSO iteration 150/1000 - Best fitness: 14468.2207
UAPSO iteration 150/1000 - Best fitness: 14511.8427
UAPSO iteration 200/1000 - Best fitness: 14468.2207
UAPSO iteration 250/1000 - Best fitness: 14468.2207
UAPSO iteration 200/1000 - Best fitness: 14511.8427
UAPSO iteration 300/1000 - Best fitness: 14468.2207
UAPSO iteration 250/1000 - Best fitness: 14511.8427
UAPSO iteration 350/1000 - Best fitness: 14468.2207
UAPSO iteration 300/1000 - Best fitness: 14511.8427
UAPSO iteration 400/1000 - Best fitness: 14468.2207
UAPSO iteration 350/1000 - Best fitness: 14511.8427
UAPSO iteration 450/1000 - Best fitness: 14468.2207
UAPSO iteration 400/1000 - Best fitness: 14511.8427
UAPSO iteration 500/1000 - Best fitness: 14387.0962
UAPSO iteration 450/1000 - Best fitness: 14511.8427
UAPSO iteration 550/1000 - Best fitness: 14307.8406
UAPSO iteration 500/1000 - Best fitness: 14511.8427
UAPSO iteration 600/1000 - Best fitness: 14173.998
UAPSO iteration 550/1000 - Best fitness: 14511.8427
UAPSO iteration 650/1000 - Best fitness: 14151.9357
UAPSO iteration 600/1000 - Best fitness: 14511.8427
UAPSO iteration 700/1000 - Best fitness: 14002.7716
UAPSO iteration 650/1000 - Best fitness: 14416.7948
UAPSO iteration 750/1000 - Best fitness: 13840.1514
UAPSO iteration 700/1000 - Best fitness: 13922.7925
UAPSO iteration 800/1000 - Best fitness: 13702.3313
UAPSO iteration 750/1000 - Best fitness: 13922.7925
UAPSO iteration 850/1000 - Best fitness: 13609.0962
UAPSO iteration 900/1000 - Best fitness: 13381.8754
UAPSO iteration 800/1000 - Best fitness: 13827.3357
UAPSO iteration 950/1000 - Best fitness: 13134.5868
UAPSO iteration 850/1000 - Best fitness: 13354.4084
UAPSO iteration 1000/1000 - Best fitness: 12954.8462
UAPSO completed with final fitness: 12954.8462

========== Planning Complete ==========
Algorithm: UAPSO
Execution time: 657.7982 seconds
Path length: 354.4612 units
Waypoints: 7
Best fitness: 12954.8462
========================================

UAPSO iteration 900/1000 - Best fitness: 13206.0834
UAPSO iteration 950/1000 - Best fitness: 13188.1456
UAPSO iteration 1000/1000 - Best fitness: 12913.4347
UAPSO completed with final fitness: 12913.4347

========== Planning Complete ==========
Algorithm: UAPSO
Execution time: 714.1011 seconds
Path length: 321.6088 units
Waypoints: 7
Best fitness: 12913.4347
========================================

All runs completed. Performing statistical analysis...

=== STATISTICAL ANALYSIS FOR SCENARIO 1 ===
Metric tested: global_fitness_total
Runs available: 30

=== DESCRIPTIVE STATISTICS (global_fitness_total) ===
Algorithm                 | N       | Mean       | Std        | Median    
------------------------------------------------------------------------
RRSACPSO                  |      30 | 12372.3333 |   147.8359 | 12331.1416
PSO-Standard              |      30 | 12436.7128 |   152.5744 | 12452.8572
PSO-LDIW                  |      30 | 12387.1532 |   162.1623 | 12374.7693
FIPS                      |      30 | 12651.8237 |   184.6659 | 12609.3597
CLPSO                     |      30 | 13010.9315 |    93.8240 | 13008.6726
SAEPSO [11]               |      30 | 12104.1317 |     9.6190 | 12107.9370
SAEPSO* [11]              |      30 | 12214.7970 |   123.5639 | 12175.1170
UAPSO [25]                |      30 | 12861.3320 |   150.0020 | 12861.8831

=== PAIRWISE INFERENCE (PAIRED T + WILCOXON) ===
Algorithm 1               vs Algorithm 2               | N | meanDiff | p_t(raw) | p_w(raw)
-------------------------------------------------------------------------------------------
RRSACPSO                  vs PSO-Standard              | 30 | -64.3795 | 0.152771 | 0.161919
RRSACPSO                  vs PSO-LDIW                  | 30 | -14.8199 | 0.733038 | 0.726593
RRSACPSO                  vs FIPS                      | 30 | -279.4904 | 0.000000 | 0.000009
RRSACPSO                  vs CLPSO                     | 30 | -638.5981 | 0.000000 | 0.000002
RRSACPSO                  vs SAEPSO [11]               | 30 | 268.2016 | 0.000000 | 0.000002
RRSACPSO                  vs SAEPSO* [11]              | 30 | 157.5364 | 0.000176 | 0.000345
RRSACPSO                  vs UAPSO [25]                | 30 | -488.9986 | 0.000000 | 0.000002
PSO-Standard              vs PSO-LDIW                  | 30 |  49.5596 | 0.195991 | 0.313527
PSO-Standard              vs FIPS                      | 30 | -215.1109 | 0.000020 | 0.000154
PSO-Standard              vs CLPSO                     | 30 | -574.2186 | 0.000000 | 0.000002
PSO-Standard              vs SAEPSO [11]               | 30 | 332.5811 | 0.000000 | 0.000002
PSO-Standard              vs SAEPSO* [11]              | 30 | 221.9158 | 0.000000 | 0.000007
PSO-Standard              vs UAPSO [25]                | 30 | -424.6192 | 0.000000 | 0.000002
PSO-LDIW                  vs FIPS                      | 30 | -264.6705 | 0.000001 | 0.000023
PSO-LDIW                  vs CLPSO                     | 30 | -623.7782 | 0.000000 | 0.000002
PSO-LDIW                  vs SAEPSO [11]               | 30 | 283.0215 | 0.000000 | 0.000002
PSO-LDIW                  vs SAEPSO* [11]              | 30 | 172.3562 | 0.000221 | 0.000549
PSO-LDIW                  vs UAPSO [25]                | 30 | -474.1788 | 0.000000 | 0.000002
FIPS                      vs CLPSO                     | 30 | -359.1078 | 0.000000 | 0.000003
FIPS                      vs SAEPSO [11]               | 30 | 547.6920 | 0.000000 | 0.000002
FIPS                      vs SAEPSO* [11]              | 30 | 437.0267 | 0.000000 | 0.000002
FIPS                      vs UAPSO [25]                | 30 | -209.5083 | 0.000095 | 0.000373
CLPSO                     vs SAEPSO [11]               | 30 | 906.7997 | 0.000000 | 0.000002
CLPSO                     vs SAEPSO* [11]              | 30 | 796.1345 | 0.000000 | 0.000002
CLPSO                     vs UAPSO [25]                | 30 | 149.5995 | 0.000035 | 0.000130
SAEPSO [11]               vs SAEPSO* [11]              | 30 | -110.6653 | 0.000036 | 0.000023
SAEPSO [11]               vs UAPSO [25]                | 30 | -757.2003 | 0.000000 | 0.000002
SAEPSO* [11]              vs UAPSO [25]                | 30 | -646.5350 | 0.000000 | 0.000002

=== HOLM-CORRECTED SIGNIFICANCE SUMMARY ===
Significant pairs (Holm-corrected, paired t-test): 25/28
Significant pairs (Holm-corrected, Wilcoxon):      25/28

=== OVERALL RANKING (MEAN METRIC + HOLM T-TEST WINS) ===
Rank | Algorithm                 | Mean | Holm Wins
---------------------------------------------------------------
1    | SAEPSO [11]               | 12104.1317 |         7
2    | SAEPSO* [11]              | 12214.7970 |         6
3    | RRSACPSO                  | 12372.3333 |         3
4    | PSO-LDIW                  | 12387.1532 |         3
5    | PSO-Standard              | 12436.7128 |         3
6    | FIPS                      | 12651.8237 |         2
7    | UAPSO [25]                | 12861.3320 |         1
8    | CLPSO                     | 13010.9315 |         0

Friedman omnibus (run-level blocks): chi2(7)=174.1444, p=0.000000 (N=30 runs)

Statistical artifacts saved for Scenario 1:
  Pairwise CSV: /Users/hust-hwashin621m/Desktop/vietanhpaper-2/results/staging/_tmp_others_s4/TTest_Pairwise_Scenario1.csv
  Summary CSV:  /Users/hust-hwashin621m/Desktop/vietanhpaper-2/results/staging/_tmp_others_s4/TTest_Summary_Scenario1.csv
  MAT file:     /Users/hust-hwashin621m/Desktop/vietanhpaper-2/results/staging/_tmp_others_s4/TTest_Results_Scenario1.mat
Generating diagnostic visualisations...
==== PSO Debug Information ====
Algorithm RRSACPSO is present
  globalPlanTimes: 1 data points
    Range: 0 to 0
  globalPlanDurations: 1 data points
    Range: 415.1292 to 415.1292
  pathLengths: 1 data points
    Range: 293.7444 to 293.7444
  pathWaypoints: 1 data points
    Range: 7 to 7
  ERROR: obstacleDistances is missing for RRSACPSO
-------------------
Algorithm PSO-Standard is present
  globalPlanTimes: 1 data points
    Range: 0 to 0
  globalPlanDurations: 1 data points
    Range: 298.1119 to 298.1119
  pathLengths: 1 data points
    Range: 291.7891 to 291.7891
  pathWaypoints: 1 data points
    Range: 7 to 7
  ERROR: obstacleDistances is missing for PSO-Standard
-------------------
Algorithm PSO-LDIW is present
  globalPlanTimes: 1 data points
    Range: 0 to 0
  globalPlanDurations: 1 data points
    Range: 474.5426 to 474.5426
  pathLengths: 1 data points
    Range: 287.7162 to 287.7162
  pathWaypoints: 1 data points
    Range: 7 to 7
  ERROR: obstacleDistances is missing for PSO-LDIW
-------------------
Algorithm FIPS is present
  globalPlanTimes: 1 data points
    Range: 0 to 0
  globalPlanDurations: 1 data points
    Range: 528.4028 to 528.4028
  pathLengths: 1 data points
    Range: 316.0153 to 316.0153
  pathWaypoints: 1 data points
    Range: 7 to 7
  ERROR: obstacleDistances is missing for FIPS
-------------------
Algorithm CLPSO is present
  globalPlanTimes: 1 data points
    Range: 0 to 0
  globalPlanDurations: 1 data points
    Range: 720.5373 to 720.5373
  pathLengths: 1 data points
    Range: 308.2257 to 308.2257
  pathWaypoints: 1 data points
    Range: 7 to 7
  ERROR: obstacleDistances is missing for CLPSO
-------------------
Algorithm SAEPSO [11] is present
  globalPlanTimes: 1 data points
    Range: 0 to 0
  globalPlanDurations: 1 data points
    Range: 214.4532 to 214.4532
  pathLengths: 1 data points
    Range: 364.2274 to 364.2274
  pathWaypoints: 1 data points
    Range: 7 to 7
  ERROR: obstacleDistances is missing for SAEPSO [11]
-------------------
Algorithm SAEPSO* [11] is present
  globalPlanTimes: 1 data points
    Range: 0 to 0
  globalPlanDurations: 1 data points
    Range: 72.2267 to 72.2267
  pathLengths: 1 data points
    Range: 315.9168 to 315.9168
  pathWaypoints: 1 data points
    Range: 7 to 7
  ERROR: obstacleDistances is missing for SAEPSO* [11]
-------------------
Algorithm UAPSO [25] is present
  globalPlanTimes: 1 data points
    Range: 0 to 0
  globalPlanDurations: 1 data points
    Range: 1153.8103 to 1153.8103
  pathLengths: 1 data points
    Range: 310.7505 to 310.7505
  pathWaypoints: 1 data points
    Range: 7 to 7
  ERROR: obstacleDistances is missing for UAPSO [25]
-------------------

=== ALGORITHM COMPARISON SUMMARY ===
RRSACPSO: Path=293.74, Time=415.1292s, Safety=N/A (direct planning)
PSO-Standard: Path=291.79, Time=298.1119s, Safety=N/A (direct planning)
PSO-LDIW: Path=287.72, Time=474.5426s, Safety=N/A (direct planning)
FIPS: Path=316.02, Time=528.4028s, Safety=N/A (direct planning)
CLPSO: Path=308.23, Time=720.5373s, Safety=N/A (direct planning)
SAEPSO [11]: Path=364.23, Time=214.4532s, Safety=N/A (direct planning)
SAEPSO* [11]: Path=315.92, Time=72.2267s, Safety=N/A (direct planning)
UAPSO [25]: Path=310.75, Time=1153.8103s, Safety=N/A (direct planning)
PSO comparison figures saved successfully!
Generating trajectory and convergence figures...

=== Algorithm Comparison Complete for Scenario 1 ===
3D view saved as: /Users/hust-hwashin621m/Desktop/vietanhpaper-2/results/staging/_tmp_others_s4/plot_Algorithm_Comparison_Scenario1_3D.pdf
Top view saved as: /Users/hust-hwashin621m/Desktop/vietanhpaper-2/results/staging/_tmp_others_s4/plot_Algorithm_Comparison_Scenario1_TopView.pdf

=== Path Length Comparison ===
RRSACPSO: 293.74 units
PSO-Standard: 291.79 units
PSO-LDIW: 287.72 units
FIPS: 316.02 units
CLPSO: 308.23 units
SAEPSO [11]: 364.23 units
SAEPSO* [11]: 315.92 units
UAPSO [25]: 310.75 units
Convergence plot saved as: /Users/hust-hwashin621m/Desktop/vietanhpaper-2/results/staging/_tmp_others_s4/Convergence_Comparison_Scenario1.pdf
Parameter tracking plot saved as: /Users/hust-hwashin621m/Desktop/vietanhpaper-2/results/staging/_tmp_others_s4/Parameter_Tracking_Scenario1.pdf
Reward plot saved as: /Users/hust-hwashin621m/Desktop/vietanhpaper-2/results/staging/_tmp_others_s4/Reward_Comparison_Scenario1.pdf
Critic loss plot saved as: /Users/hust-hwashin621m/Desktop/vietanhpaper-2/results/staging/_tmp_others_s4/Critic_Loss_Scenario1.pdf
All runs data written to: /Users/hust-hwashin621m/Desktop/vietanhpaper-2/results/staging/_tmp_others_s4/TTest_AllRuns_Scenario1_2026-03-11_15-45-17.csv
Summary statistics written to: /Users/hust-hwashin621m/Desktop/vietanhpaper-2/results/staging/_tmp_others_s4/TTest_AlgorithmSummary_Scenario1_2026-03-11_15-45-17.csv
Reports generated:
  All runs data: /Users/hust-hwashin621m/Desktop/vietanhpaper-2/results/staging/_tmp_others_s4/TTest_AllRuns_Scenario1_2026-03-11_15-45-17.csv
  Algorithm summary: /Users/hust-hwashin621m/Desktop/vietanhpaper-2/results/staging/_tmp_others_s4/TTest_AlgorithmSummary_Scenario1_2026-03-11_15-45-17.csv
Scenario 1 complete.
All scenarios completed successfully!

Comparison complete! Log file saved to: /Users/hust-hwashin621m/Desktop/vietanhpaper-2/outputs/logs/run_comparison_2026-03-11_12-58-44.log
