========================================
  PSO Algorithm Comparison Launcher
========================================

Execution mode: parallel
Independent runs: 30
Logging to: /Users/hust-hwashin621m/Desktop/vietanhpaper-2/outputs/logs/run_comparison_2026-03-10_22-49-24.log

Initialising parallel pool (parallel mode)...
Running in PARALLEL mode
Cleaning up 1 stale local cluster job(s) before parpool.
Initializing parallel pool with 14 workers (from VIETANH_PARPOOL_WORKERS)...
Starting parallel pool (parpool) using the 'Processes' profile ...
Connected to parallel pool with 14 workers.
Parallel pool initialized successfully with 14 workers.

==========================================================
Scenario 1: ChrismasTerrain2 - Simple
Terrain: /Users/hust-hwashin621m/Desktop/vietanhpaper-2/data/ChrismasTerrain2.tif
Danger Zones: 0
==========================================================
Executing 30 runs for 6 parallel-safe algorithms...

========== Direct Global Planning ==========
Algorithm: RLAMPSO
Start: [10.0, 95.0, 10.0]
Goal:  [97.0, 2.0, 10.0]
============================================


╔════════════════════════════════════════════════════════╗
║     RLAM-PSO Configuration (GPU-Optimized)            ║
╚════════════════════════════════════════════════════════╝

Mode: baseline

--- Features Enabled ---
  Transformer State: OFF (state: 15D)
  TD3:               OFF
  PER:               OFF
  Curriculum:        OFF

--- Compute Configuration ---
  Mode:              GPU-Optimized Sequential
  GPU:               OFF (CPU fallback)
  Parallel:          OFF (disabled for dlnetwork compatibility)

--- Training Parameters ---
  Episodes:          100
  Population:        40
  Max Iterations:    600
  Batch Size:        256 (GPU-optimized)
  Actor LR:          0.00010
  Critic LR:         0.00100

--- GPU Optimization (2025) ---
  Gradient Steps/Call:  1
  Train Every:          1 iterations
  Mid-Episode Training: ON
  Estimated UTD Ratio:  ~600.0

════════════════════════════════════════════════════════


╔════════════════════════════════════════════════════════╗
║     RLAM-PSO Configuration (GPU-Optimized)            ║
╚════════════════════════════════════════════════════════╝

Mode: baseline

--- Features Enabled ---
  Transformer State: OFF (state: 15D)
  TD3:               OFF
  PER:               OFF
  Curriculum:        OFF

--- Compute Configuration ---
  Mode:              GPU-Optimized Sequential
  GPU:               OFF (CPU fallback)
  Parallel:          OFF (disabled for dlnetwork compatibility)

--- Training Parameters ---
  Episodes:          100
  Population:        40
  Max Iterations:    600
  Batch Size:        256 (GPU-optimized)
  Actor LR:          0.00010
  Critic LR:         0.00100

--- GPU Optimization (2025) ---
  Gradient Steps/Call:  1
  Train Every:          1 iterations
  Mid-Episode Training: ON
  Estimated UTD Ratio:  ~600.0

════════════════════════════════════════════════════════


========== Direct Global Planning ==========
Algorithm: RLAMPSO
Start: [10.0, 95.0, 10.0]
Goal:  [97.0, 2.0, 10.0]
============================================


╔════════════════════════════════════════════════════════╗
║     RLAM-PSO Configuration (GPU-Optimized)            ║
╚════════════════════════════════════════════════════════╝

Mode: baseline

--- Features Enabled ---
  Transformer State: OFF (state: 15D)
  TD3:               OFF
  PER:               OFF
  Curriculum:        OFF

--- Compute Configuration ---
  Mode:              GPU-Optimized Sequential
  GPU:               OFF (CPU fallback)
  Parallel:          OFF (disabled for dlnetwork compatibility)

--- Training Parameters ---
  Episodes:          100
  Population:        40
  Max Iterations:    600
  Batch Size:        256 (GPU-optimized)
  Actor LR:          0.00010
  Critic LR:         0.00100

--- GPU Optimization (2025) ---
  Gradient Steps/Call:  1
  Train Every:          1 iterations
  Mid-Episode Training: ON
  Estimated UTD Ratio:  ~600.0

════════════════════════════════════════════════════════


╔════════════════════════════════════════════════════════╗
║     RLAM-PSO Configuration (GPU-Optimized)            ║
╚════════════════════════════════════════════════════════╝

Mode: baseline

--- Features Enabled ---
  Transformer State: OFF (state: 15D)
  TD3:               OFF
  PER:               OFF
  Curriculum:        OFF

--- Compute Configuration ---
  Mode:              GPU-Optimized Sequential
  GPU:               OFF (CPU fallback)
  Parallel:          OFF (disabled for dlnetwork compatibility)

--- Training Parameters ---
  Episodes:          100
  Population:        40
  Max Iterations:    600
  Batch Size:        256 (GPU-optimized)
  Actor LR:          0.00010
  Critic LR:         0.00100

--- GPU Optimization (2025) ---
  Gradient Steps/Call:  1
  Train Every:          1 iterations
  Mid-Episode Training: ON
  Estimated UTD Ratio:  ~600.0

════════════════════════════════════════════════════════


========== Direct Global Planning ==========
Algorithm: RLAMPSO
Start: [10.0, 95.0, 10.0]
Goal:  [97.0, 2.0, 10.0]
============================================


╔════════════════════════════════════════════════════════╗
║     RLAM-PSO Configuration (GPU-Optimized)            ║
╚════════════════════════════════════════════════════════╝

Mode: baseline

--- Features Enabled ---
  Transformer State: OFF (state: 15D)
  TD3:               OFF
  PER:               OFF
  Curriculum:        OFF

--- Compute Configuration ---
  Mode:              GPU-Optimized Sequential
  GPU:               OFF (CPU fallback)
  Parallel:          OFF (disabled for dlnetwork compatibility)

--- Training Parameters ---
  Episodes:          100
  Population:        40
  Max Iterations:    600
  Batch Size:        256 (GPU-optimized)
  Actor LR:          0.00010
  Critic LR:         0.00100

--- GPU Optimization (2025) ---
  Gradient Steps/Call:  1
  Train Every:          1 iterations
  Mid-Episode Training: ON
  Estimated UTD Ratio:  ~600.0

════════════════════════════════════════════════════════


╔════════════════════════════════════════════════════════╗
║     RLAM-PSO Configuration (GPU-Optimized)            ║
╚════════════════════════════════════════════════════════╝

Mode: baseline

--- Features Enabled ---
  Transformer State: OFF (state: 15D)
  TD3:               OFF
  PER:               OFF
  Curriculum:        OFF

--- Compute Configuration ---
  Mode:              GPU-Optimized Sequential
  GPU:               OFF (CPU fallback)
  Parallel:          OFF (disabled for dlnetwork compatibility)

--- Training Parameters ---
  Episodes:          100
  Population:        40
  Max Iterations:    600
  Batch Size:        256 (GPU-optimized)
  Actor LR:          0.00010
  Critic LR:         0.00100

--- GPU Optimization (2025) ---
  Gradient Steps/Call:  1
  Train Every:          1 iterations
  Mid-Episode Training: ON
  Estimated UTD Ratio:  ~600.0

════════════════════════════════════════════════════════


========== Direct Global Planning ==========
Algorithm: RLAMPSO
Start: [10.0, 95.0, 10.0]
Goal:  [97.0, 2.0, 10.0]
============================================


╔════════════════════════════════════════════════════════╗
║     RLAM-PSO Configuration (GPU-Optimized)            ║
╚════════════════════════════════════════════════════════╝

Mode: baseline

--- Features Enabled ---
  Transformer State: OFF (state: 15D)
  TD3:               OFF
  PER:               OFF
  Curriculum:        OFF

--- Compute Configuration ---
  Mode:              GPU-Optimized Sequential
  GPU:               OFF (CPU fallback)
  Parallel:          OFF (disabled for dlnetwork compatibility)

--- Training Parameters ---
  Episodes:          100
  Population:        40
  Max Iterations:    600
  Batch Size:        256 (GPU-optimized)
  Actor LR:          0.00010
  Critic LR:         0.00100

--- GPU Optimization (2025) ---
  Gradient Steps/Call:  1
  Train Every:          1 iterations
  Mid-Episode Training: ON
  Estimated UTD Ratio:  ~600.0

════════════════════════════════════════════════════════


╔════════════════════════════════════════════════════════╗
║     RLAM-PSO Configuration (GPU-Optimized)            ║
╚════════════════════════════════════════════════════════╝

Mode: baseline

--- Features Enabled ---
  Transformer State: OFF (state: 15D)
  TD3:               OFF
  PER:               OFF
  Curriculum:        OFF

--- Compute Configuration ---
  Mode:              GPU-Optimized Sequential
  GPU:               OFF (CPU fallback)
  Parallel:          OFF (disabled for dlnetwork compatibility)

--- Training Parameters ---
  Episodes:          100
  Population:        40
  Max Iterations:    600
  Batch Size:        256 (GPU-optimized)
  Actor LR:          0.00010
  Critic LR:         0.00100

--- GPU Optimization (2025) ---
  Gradient Steps/Call:  1
  Train Every:          1 iterations
  Mid-Episode Training: ON
  Estimated UTD Ratio:  ~600.0

════════════════════════════════════════════════════════


========== Direct Global Planning ==========
Algorithm: RLAMPSO
Start: [10.0, 95.0, 10.0]
Goal:  [97.0, 2.0, 10.0]
============================================


╔════════════════════════════════════════════════════════╗
║     RLAM-PSO Configuration (GPU-Optimized)            ║
╚════════════════════════════════════════════════════════╝

Mode: baseline

--- Features Enabled ---
  Transformer State: OFF (state: 15D)
  TD3:               OFF
  PER:               OFF
  Curriculum:        OFF

--- Compute Configuration ---
  Mode:              GPU-Optimized Sequential
  GPU:               OFF (CPU fallback)
  Parallel:          OFF (disabled for dlnetwork compatibility)

--- Training Parameters ---
  Episodes:          100
  Population:        40
  Max Iterations:    600
  Batch Size:        256 (GPU-optimized)
  Actor LR:          0.00010
  Critic LR:         0.00100

--- GPU Optimization (2025) ---
  Gradient Steps/Call:  1
  Train Every:          1 iterations
  Mid-Episode Training: ON
  Estimated UTD Ratio:  ~600.0

════════════════════════════════════════════════════════


╔════════════════════════════════════════════════════════╗
║     RLAM-PSO Configuration (GPU-Optimized)            ║
╚════════════════════════════════════════════════════════╝

Mode: baseline

--- Features Enabled ---
  Transformer State: OFF (state: 15D)
  TD3:               OFF
  PER:               OFF
  Curriculum:        OFF

--- Compute Configuration ---
  Mode:              GPU-Optimized Sequential
  GPU:               OFF (CPU fallback)
  Parallel:          OFF (disabled for dlnetwork compatibility)

--- Training Parameters ---
  Episodes:          100
  Population:        40
  Max Iterations:    600
  Batch Size:        256 (GPU-optimized)
  Actor LR:          0.00010
  Critic LR:         0.00100

--- GPU Optimization (2025) ---
  Gradient Steps/Call:  1
  Train Every:          1 iterations
  Mid-Episode Training: ON
  Estimated UTD Ratio:  ~600.0

════════════════════════════════════════════════════════


========== Direct Global Planning ==========
Algorithm: RLAMPSO
Start: [10.0, 95.0, 10.0]
Goal:  [97.0, 2.0, 10.0]
============================================


╔════════════════════════════════════════════════════════╗
║     RLAM-PSO Configuration (GPU-Optimized)            ║
╚════════════════════════════════════════════════════════╝

Mode: baseline

--- Features Enabled ---
  Transformer State: OFF (state: 15D)
  TD3:               OFF
  PER:               OFF
  Curriculum:        OFF

--- Compute Configuration ---
  Mode:              GPU-Optimized Sequential
  GPU:               OFF (CPU fallback)
  Parallel:          OFF (disabled for dlnetwork compatibility)

--- Training Parameters ---
  Episodes:          100
  Population:        40
  Max Iterations:    600
  Batch Size:        256 (GPU-optimized)
  Actor LR:          0.00010
  Critic LR:         0.00100

--- GPU Optimization (2025) ---
  Gradient Steps/Call:  1
  Train Every:          1 iterations
  Mid-Episode Training: ON
  Estimated UTD Ratio:  ~600.0

════════════════════════════════════════════════════════


╔════════════════════════════════════════════════════════╗
║     RLAM-PSO Configuration (GPU-Optimized)            ║
╚════════════════════════════════════════════════════════╝

Mode: baseline

--- Features Enabled ---
  Transformer State: OFF (state: 15D)
  TD3:               OFF
  PER:               OFF
  Curriculum:        OFF

--- Compute Configuration ---
  Mode:              GPU-Optimized Sequential
  GPU:               OFF (CPU fallback)
  Parallel:          OFF (disabled for dlnetwork compatibility)

--- Training Parameters ---
  Episodes:          100
  Population:        40
  Max Iterations:    600
  Batch Size:        256 (GPU-optimized)
  Actor LR:          0.00010
  Critic LR:         0.00100

--- GPU Optimization (2025) ---
  Gradient Steps/Call:  1
  Train Every:          1 iterations
  Mid-Episode Training: ON
  Estimated UTD Ratio:  ~600.0

════════════════════════════════════════════════════════


========== Direct Global Planning ==========
Algorithm: RLAMPSO
Start: [10.0, 95.0, 10.0]
Goal:  [97.0, 2.0, 10.0]
============================================


╔════════════════════════════════════════════════════════╗
║     RLAM-PSO Configuration (GPU-Optimized)            ║
╚════════════════════════════════════════════════════════╝

Mode: baseline

--- Features Enabled ---
  Transformer State: OFF (state: 15D)
  TD3:               OFF
  PER:               OFF
  Curriculum:        OFF

--- Compute Configuration ---
  Mode:              GPU-Optimized Sequential
  GPU:               OFF (CPU fallback)
  Parallel:          OFF (disabled for dlnetwork compatibility)

--- Training Parameters ---
  Episodes:          100
  Population:        40
  Max Iterations:    600
  Batch Size:        256 (GPU-optimized)
  Actor LR:          0.00010
  Critic LR:         0.00100

--- GPU Optimization (2025) ---
  Gradient Steps/Call:  1
  Train Every:          1 iterations
  Mid-Episode Training: ON
  Estimated UTD Ratio:  ~600.0

════════════════════════════════════════════════════════


╔════════════════════════════════════════════════════════╗
║     RLAM-PSO Configuration (GPU-Optimized)            ║
╚════════════════════════════════════════════════════════╝

Mode: baseline

--- Features Enabled ---
  Transformer State: OFF (state: 15D)
  TD3:               OFF
  PER:               OFF
  Curriculum:        OFF

--- Compute Configuration ---
  Mode:              GPU-Optimized Sequential
  GPU:               OFF (CPU fallback)
  Parallel:          OFF (disabled for dlnetwork compatibility)

--- Training Parameters ---
  Episodes:          100
  Population:        40
  Max Iterations:    600
  Batch Size:        256 (GPU-optimized)
  Actor LR:          0.00010
  Critic LR:         0.00100

--- GPU Optimization (2025) ---
  Gradient Steps/Call:  1
  Train Every:          1 iterations
  Mid-Episode Training: ON
  Estimated UTD Ratio:  ~600.0

════════════════════════════════════════════════════════


========== Direct Global Planning ==========
Algorithm: RLAMPSO
Start: [10.0, 95.0, 10.0]
Goal:  [97.0, 2.0, 10.0]
============================================


╔════════════════════════════════════════════════════════╗
║     RLAM-PSO Configuration (GPU-Optimized)            ║
╚════════════════════════════════════════════════════════╝

Mode: baseline

--- Features Enabled ---
  Transformer State: OFF (state: 15D)
  TD3:               OFF
  PER:               OFF
  Curriculum:        OFF

--- Compute Configuration ---
  Mode:              GPU-Optimized Sequential
  GPU:               OFF (CPU fallback)
  Parallel:          OFF (disabled for dlnetwork compatibility)

--- Training Parameters ---
  Episodes:          100
  Population:        40
  Max Iterations:    600
  Batch Size:        256 (GPU-optimized)
  Actor LR:          0.00010
  Critic LR:         0.00100

--- GPU Optimization (2025) ---
  Gradient Steps/Call:  1
  Train Every:          1 iterations
  Mid-Episode Training: ON
  Estimated UTD Ratio:  ~600.0

════════════════════════════════════════════════════════


╔════════════════════════════════════════════════════════╗
║     RLAM-PSO Configuration (GPU-Optimized)            ║
╚════════════════════════════════════════════════════════╝

Mode: baseline

--- Features Enabled ---
  Transformer State: OFF (state: 15D)
  TD3:               OFF
  PER:               OFF
  Curriculum:        OFF

--- Compute Configuration ---
  Mode:              GPU-Optimized Sequential
  GPU:               OFF (CPU fallback)
  Parallel:          OFF (disabled for dlnetwork compatibility)

--- Training Parameters ---
  Episodes:          100
  Population:        40
  Max Iterations:    600
  Batch Size:        256 (GPU-optimized)
  Actor LR:          0.00010
  Critic LR:         0.00100

--- GPU Optimization (2025) ---
  Gradient Steps/Call:  1
  Train Every:          1 iterations
  Mid-Episode Training: ON
  Estimated UTD Ratio:  ~600.0

════════════════════════════════════════════════════════


========== Direct Global Planning ==========
Algorithm: RLAMPSO
Start: [10.0, 95.0, 10.0]
Goal:  [97.0, 2.0, 10.0]
============================================


╔════════════════════════════════════════════════════════╗
║     RLAM-PSO Configuration (GPU-Optimized)            ║
╚════════════════════════════════════════════════════════╝

Mode: baseline

--- Features Enabled ---
  Transformer State: OFF (state: 15D)
  TD3:               OFF
  PER:               OFF
  Curriculum:        OFF

--- Compute Configuration ---
  Mode:              GPU-Optimized Sequential
  GPU:               OFF (CPU fallback)
  Parallel:          OFF (disabled for dlnetwork compatibility)

--- Training Parameters ---
  Episodes:          100
  Population:        40
  Max Iterations:    600
  Batch Size:        256 (GPU-optimized)
  Actor LR:          0.00010
  Critic LR:         0.00100

--- GPU Optimization (2025) ---
  Gradient Steps/Call:  1
  Train Every:          1 iterations
  Mid-Episode Training: ON
  Estimated UTD Ratio:  ~600.0

════════════════════════════════════════════════════════


╔════════════════════════════════════════════════════════╗
║     RLAM-PSO Configuration (GPU-Optimized)            ║
╚════════════════════════════════════════════════════════╝

Mode: baseline

--- Features Enabled ---
  Transformer State: OFF (state: 15D)
  TD3:               OFF
  PER:               OFF
  Curriculum:        OFF

--- Compute Configuration ---
  Mode:              GPU-Optimized Sequential
  GPU:               OFF (CPU fallback)
  Parallel:          OFF (disabled for dlnetwork compatibility)

--- Training Parameters ---
  Episodes:          100
  Population:        40
  Max Iterations:    600
  Batch Size:        256 (GPU-optimized)
  Actor LR:          0.00010
  Critic LR:         0.00100

--- GPU Optimization (2025) ---
  Gradient Steps/Call:  1
  Train Every:          1 iterations
  Mid-Episode Training: ON
  Estimated UTD Ratio:  ~600.0

════════════════════════════════════════════════════════


========== Direct Global Planning ==========
Algorithm: RLAMPSO
Start: [10.0, 95.0, 10.0]
Goal:  [97.0, 2.0, 10.0]
============================================


╔════════════════════════════════════════════════════════╗
║     RLAM-PSO Configuration (GPU-Optimized)            ║
╚════════════════════════════════════════════════════════╝

Mode: baseline

--- Features Enabled ---
  Transformer State: OFF (state: 15D)
  TD3:               OFF
  PER:               OFF
  Curriculum:        OFF

--- Compute Configuration ---
  Mode:              GPU-Optimized Sequential
  GPU:               OFF (CPU fallback)
  Parallel:          OFF (disabled for dlnetwork compatibility)

--- Training Parameters ---
  Episodes:          100
  Population:        40
  Max Iterations:    600
  Batch Size:        256 (GPU-optimized)
  Actor LR:          0.00010
  Critic LR:         0.00100

--- GPU Optimization (2025) ---
  Gradient Steps/Call:  1
  Train Every:          1 iterations
  Mid-Episode Training: ON
  Estimated UTD Ratio:  ~600.0

════════════════════════════════════════════════════════


╔════════════════════════════════════════════════════════╗
║     RLAM-PSO Configuration (GPU-Optimized)            ║
╚════════════════════════════════════════════════════════╝

Mode: baseline

--- Features Enabled ---
  Transformer State: OFF (state: 15D)
  TD3:               OFF
  PER:               OFF
  Curriculum:        OFF

--- Compute Configuration ---
  Mode:              GPU-Optimized Sequential
  GPU:               OFF (CPU fallback)
  Parallel:          OFF (disabled for dlnetwork compatibility)

--- Training Parameters ---
  Episodes:          100
  Population:        40
  Max Iterations:    600
  Batch Size:        256 (GPU-optimized)
  Actor LR:          0.00010
  Critic LR:         0.00100

--- GPU Optimization (2025) ---
  Gradient Steps/Call:  1
  Train Every:          1 iterations
  Mid-Episode Training: ON
  Estimated UTD Ratio:  ~600.0

════════════════════════════════════════════════════════


========== Direct Global Planning ==========
Algorithm: RLAMPSO
Start: [10.0, 95.0, 10.0]
Goal:  [97.0, 2.0, 10.0]
============================================


╔════════════════════════════════════════════════════════╗
║     RLAM-PSO Configuration (GPU-Optimized)            ║
╚════════════════════════════════════════════════════════╝

Mode: baseline

--- Features Enabled ---
  Transformer State: OFF (state: 15D)
  TD3:               OFF
  PER:               OFF
  Curriculum:        OFF

--- Compute Configuration ---
  Mode:              GPU-Optimized Sequential
  GPU:               OFF (CPU fallback)
  Parallel:          OFF (disabled for dlnetwork compatibility)

--- Training Parameters ---
  Episodes:          100
  Population:        40
  Max Iterations:    600
  Batch Size:        256 (GPU-optimized)
  Actor LR:          0.00010
  Critic LR:         0.00100

--- GPU Optimization (2025) ---
  Gradient Steps/Call:  1
  Train Every:          1 iterations
  Mid-Episode Training: ON
  Estimated UTD Ratio:  ~600.0

════════════════════════════════════════════════════════


╔════════════════════════════════════════════════════════╗
║     RLAM-PSO Configuration (GPU-Optimized)            ║
╚════════════════════════════════════════════════════════╝

Mode: baseline

--- Features Enabled ---
  Transformer State: OFF (state: 15D)
  TD3:               OFF
  PER:               OFF
  Curriculum:        OFF

--- Compute Configuration ---
  Mode:              GPU-Optimized Sequential
  GPU:               OFF (CPU fallback)
  Parallel:          OFF (disabled for dlnetwork compatibility)

--- Training Parameters ---
  Episodes:          100
  Population:        40
  Max Iterations:    600
  Batch Size:        256 (GPU-optimized)
  Actor LR:          0.00010
  Critic LR:         0.00100

--- GPU Optimization (2025) ---
  Gradient Steps/Call:  1
  Train Every:          1 iterations
  Mid-Episode Training: ON
  Estimated UTD Ratio:  ~600.0

════════════════════════════════════════════════════════


========== Direct Global Planning ==========
Algorithm: RLAMPSO
Start: [10.0, 95.0, 10.0]
Goal:  [97.0, 2.0, 10.0]
============================================


╔════════════════════════════════════════════════════════╗
║     RLAM-PSO Configuration (GPU-Optimized)            ║
╚════════════════════════════════════════════════════════╝

Mode: baseline

--- Features Enabled ---
  Transformer State: OFF (state: 15D)
  TD3:               OFF
  PER:               OFF
  Curriculum:        OFF

--- Compute Configuration ---
  Mode:              GPU-Optimized Sequential
  GPU:               OFF (CPU fallback)
  Parallel:          OFF (disabled for dlnetwork compatibility)

--- Training Parameters ---
  Episodes:          100
  Population:        40
  Max Iterations:    600
  Batch Size:        256 (GPU-optimized)
  Actor LR:          0.00010
  Critic LR:         0.00100

--- GPU Optimization (2025) ---
  Gradient Steps/Call:  1
  Train Every:          1 iterations
  Mid-Episode Training: ON
  Estimated UTD Ratio:  ~600.0

════════════════════════════════════════════════════════


╔════════════════════════════════════════════════════════╗
║     RLAM-PSO Configuration (GPU-Optimized)            ║
╚════════════════════════════════════════════════════════╝

Mode: baseline

--- Features Enabled ---
  Transformer State: OFF (state: 15D)
  TD3:               OFF
  PER:               OFF
  Curriculum:        OFF

--- Compute Configuration ---
  Mode:              GPU-Optimized Sequential
  GPU:               OFF (CPU fallback)
  Parallel:          OFF (disabled for dlnetwork compatibility)

--- Training Parameters ---
  Episodes:          100
  Population:        40
  Max Iterations:    600
  Batch Size:        256 (GPU-optimized)
  Actor LR:          0.00010
  Critic LR:         0.00100

--- GPU Optimization (2025) ---
  Gradient Steps/Call:  1
  Train Every:          1 iterations
  Mid-Episode Training: ON
  Estimated UTD Ratio:  ~600.0

════════════════════════════════════════════════════════


========== Direct Global Planning ==========
Algorithm: RLAMPSO
Start: [10.0, 95.0, 10.0]
Goal:  [97.0, 2.0, 10.0]
============================================


╔════════════════════════════════════════════════════════╗
║     RLAM-PSO Configuration (GPU-Optimized)            ║
╚════════════════════════════════════════════════════════╝

Mode: baseline

--- Features Enabled ---
  Transformer State: OFF (state: 15D)
  TD3:               OFF
  PER:               OFF
  Curriculum:        OFF

--- Compute Configuration ---
  Mode:              GPU-Optimized Sequential
  GPU:               OFF (CPU fallback)
  Parallel:          OFF (disabled for dlnetwork compatibility)

--- Training Parameters ---
  Episodes:          100
  Population:        40
  Max Iterations:    600
  Batch Size:        256 (GPU-optimized)
  Actor LR:          0.00010
  Critic LR:         0.00100

--- GPU Optimization (2025) ---
  Gradient Steps/Call:  1
  Train Every:          1 iterations
  Mid-Episode Training: ON
  Estimated UTD Ratio:  ~600.0

════════════════════════════════════════════════════════


╔════════════════════════════════════════════════════════╗
║     RLAM-PSO Configuration (GPU-Optimized)            ║
╚════════════════════════════════════════════════════════╝

Mode: baseline

--- Features Enabled ---
  Transformer State: OFF (state: 15D)
  TD3:               OFF
  PER:               OFF
  Curriculum:        OFF

--- Compute Configuration ---
  Mode:              GPU-Optimized Sequential
  GPU:               OFF (CPU fallback)
  Parallel:          OFF (disabled for dlnetwork compatibility)

--- Training Parameters ---
  Episodes:          100
  Population:        40
  Max Iterations:    600
  Batch Size:        256 (GPU-optimized)
  Actor LR:          0.00010
  Critic LR:         0.00100

--- GPU Optimization (2025) ---
  Gradient Steps/Call:  1
  Train Every:          1 iterations
  Mid-Episode Training: ON
  Estimated UTD Ratio:  ~600.0

════════════════════════════════════════════════════════


========== Direct Global Planning ==========
Algorithm: RLAMPSO
Start: [10.0, 95.0, 10.0]
Goal:  [97.0, 2.0, 10.0]
============================================


╔════════════════════════════════════════════════════════╗
║     RLAM-PSO Configuration (GPU-Optimized)            ║
╚════════════════════════════════════════════════════════╝

Mode: baseline

--- Features Enabled ---
  Transformer State: OFF (state: 15D)
  TD3:               OFF
  PER:               OFF
  Curriculum:        OFF

--- Compute Configuration ---
  Mode:              GPU-Optimized Sequential
  GPU:               OFF (CPU fallback)
  Parallel:          OFF (disabled for dlnetwork compatibility)

--- Training Parameters ---
  Episodes:          100
  Population:        40
  Max Iterations:    600
  Batch Size:        256 (GPU-optimized)
  Actor LR:          0.00010
  Critic LR:         0.00100

--- GPU Optimization (2025) ---
  Gradient Steps/Call:  1
  Train Every:          1 iterations
  Mid-Episode Training: ON
  Estimated UTD Ratio:  ~600.0

════════════════════════════════════════════════════════


╔════════════════════════════════════════════════════════╗
║     RLAM-PSO Configuration (GPU-Optimized)            ║
╚════════════════════════════════════════════════════════╝

Mode: baseline

--- Features Enabled ---
  Transformer State: OFF (state: 15D)
  TD3:               OFF
  PER:               OFF
  Curriculum:        OFF

--- Compute Configuration ---
  Mode:              GPU-Optimized Sequential
  GPU:               OFF (CPU fallback)
  Parallel:          OFF (disabled for dlnetwork compatibility)

--- Training Parameters ---
  Episodes:          100
  Population:        40
  Max Iterations:    600
  Batch Size:        256 (GPU-optimized)
  Actor LR:          0.00010
  Critic LR:         0.00100

--- GPU Optimization (2025) ---
  Gradient Steps/Call:  1
  Train Every:          1 iterations
  Mid-Episode Training: ON
  Estimated UTD Ratio:  ~600.0

════════════════════════════════════════════════════════

[ACTION DEBUG iter 100] Raw action[1:3]: [0.5395, -0.1360, -0.0819], noise: 0.0500
[RLAMPSO DEBUG iter 100] w=0.5577, c1=1.6379, c2=1.3401 | fitness=1639.29
[REWARD DEBUG iter 100] FitnessImprovement: 0.3637 → Reward: +1.0000 (prevFit=1639.29, currFit=1638.93)
[ACTION DEBUG iter 100] Raw action[1:3]: [-0.3442, 0.7490, -0.4151], noise: 0.0500
[RLAMPSO DEBUG iter 100] w=0.5766, c1=1.4972, c2=1.5274 | fitness=1671.22
[REWARD DEBUG iter 100] FitnessImprovement: 0.0000 → Reward: -1.0000 (prevFit=1671.22, currFit=1671.22)
[ACTION DEBUG iter 100] Raw action[1:3]: [-0.2522, 0.2750, -0.1563], noise: 0.0500
[RLAMPSO DEBUG iter 100] w=0.5399, c1=2.2099, c2=1.5996 | fitness=1647.82
[REWARD DEBUG iter 100] FitnessImprovement: 0.2906 → Reward: +1.0000 (prevFit=1647.82, currFit=1647.53)
[ACTION DEBUG iter 100] Raw action[1:3]: [-0.3246, 0.3397, -0.6866], noise: 0.0500
[RLAMPSO DEBUG iter 100] w=0.4158, c1=1.9777, c2=1.8307 | fitness=1841.78
[REWARD DEBUG iter 100] FitnessImprovement: 0.2789 → Reward: +1.0000 (prevFit=1841.78, currFit=1841.50)
[ACTION DEBUG iter 100] Raw action[1:3]: [-0.0840, 0.6622, -0.3497], noise: 0.0500
[RLAMPSO DEBUG iter 100] w=0.5088, c1=1.2660, c2=1.4826 | fitness=1577.28
[REWARD DEBUG iter 100] FitnessImprovement: 0.0000 → Reward: -1.0000 (prevFit=1577.28, currFit=1577.28)
[ACTION DEBUG iter 100] Raw action[1:3]: [-0.6817, -0.2127, 0.0270], noise: 0.0500
[RLAMPSO DEBUG iter 100] w=0.4116, c1=1.4428, c2=1.7552 | fitness=1882.32
[REWARD DEBUG iter 100] FitnessImprovement: 0.0000 → Reward: -1.0000 (prevFit=1882.32, currFit=1882.32)
[ACTION DEBUG iter 100] Raw action[1:3]: [0.4510, 0.1300, -0.4015], noise: 0.0500
[RLAMPSO DEBUG iter 100] w=0.5416, c1=2.1553, c2=1.7166 | fitness=1702.50
[ACTION DEBUG iter 100] Raw action[1:3]: [-0.5392, 0.1772, 0.1481], noise: 0.0500
[RLAMPSO DEBUG iter 100] w=0.4191, c1=1.8557, c2=2.1911 | fitness=1754.81
[REWARD DEBUG iter 100] FitnessImprovement: 0.0716 → Reward: +1.0000 (prevFit=1754.81, currFit=1754.74)
[ACTION DEBUG iter 100] Raw action[1:3]: [-0.3174, -0.3146, -0.0570], noise: 0.0500
[RLAMPSO DEBUG iter 100] w=0.4288, c1=1.8917, c2=1.9007 | fitness=1617.87
[ACTION DEBUG iter 100] Raw action[1:3]: [-0.1680, 0.1219, 0.3197], noise: 0.0500
[RLAMPSO DEBUG iter 100] w=0.5111, c1=1.9332, c2=1.7939 | fitness=1605.82
[ACTION DEBUG iter 100] Raw action[1:3]: [-0.1991, 0.1632, 0.0649], noise: 0.0500
[RLAMPSO DEBUG iter 100] w=0.4980, c1=1.8645, c2=1.8575 | fitness=1595.19
[REWARD DEBUG iter 100] FitnessImprovement: 0.0000 → Reward: -1.0000 (prevFit=1595.19, currFit=1595.19)
[ACTION DEBUG iter 100] Raw action[1:3]: [-0.1287, 0.0187, -0.4885], noise: 0.0500
[RLAMPSO DEBUG iter 100] w=0.4832, c1=2.3707, c2=1.7747 | fitness=1658.88
[REWARD DEBUG iter 100] FitnessImprovement: 0.0441 → Reward: +1.0000 (prevFit=1658.88, currFit=1658.84)
[REWARD DEBUG iter 100] FitnessImprovement: 0.0524 → Reward: +1.0000 (prevFit=1617.87, currFit=1617.82)
[REWARD DEBUG iter 100] FitnessImprovement: 0.0000 → Reward: -1.0000 (prevFit=1605.82, currFit=1605.82)
[REWARD DEBUG iter 100] FitnessImprovement: 0.0000 → Reward: -1.0000 (prevFit=1702.50, currFit=1702.50)
[ACTION DEBUG iter 100] Raw action[1:3]: [0.0935, 0.3536, 0.4053], noise: 0.0500
[RLAMPSO DEBUG iter 100] w=0.5563, c1=1.7943, c2=1.9375 | fitness=1714.19
[ACTION DEBUG iter 100] Raw action[1:3]: [0.1579, -0.3906, -0.4848], noise: 0.0500
[RLAMPSO DEBUG iter 100] w=0.5520, c1=1.7659, c2=2.1903 | fitness=1665.75
[REWARD DEBUG iter 100] FitnessImprovement: 0.6180 → Reward: +1.0000 (prevFit=1665.75, currFit=1665.13)
[REWARD DEBUG iter 100] FitnessImprovement: 0.0000 → Reward: -1.0000 (prevFit=1714.19, currFit=1714.19)
[ACTION DEBUG iter 200] Raw action[1:3]: [-0.1890, 0.1527, -0.0990], noise: 0.0500
[RLAMPSO DEBUG iter 200] w=0.5046, c1=2.0817, c2=2.0397 | fitness=1588.04
[ACTION DEBUG iter 200] Raw action[1:3]: [-0.3084, 0.5797, 0.1480], noise: 0.0500
[RLAMPSO DEBUG iter 200] w=0.4868, c1=1.6443, c2=1.7038 | fitness=1567.46
[REWARD DEBUG iter 200] FitnessImprovement: 0.0037 → Reward: +1.0000 (prevFit=1567.46, currFit=1567.45)
[ACTION DEBUG iter 200] Raw action[1:3]: [-0.0633, 0.0555, 0.0904], noise: 0.0500
[ACTION DEBUG iter 200] WARNING: 1/20 actions clipped (network saturating)
[RLAMPSO DEBUG iter 200] w=0.4064, c1=1.5434, c2=1.9096 | fitness=1877.64
[REWARD DEBUG iter 200] FitnessImprovement: 0.1002 → Reward: +1.0000 (prevFit=1877.64, currFit=1877.54)
[ACTION DEBUG iter 200] Raw action[1:3]: [-0.3955, 0.0774, 0.1302], noise: 0.0500
[RLAMPSO DEBUG iter 200] w=0.4746, c1=2.0933, c2=1.9298 | fitness=1617.40
[ACTION DEBUG iter 200] Raw action[1:3]: [0.0656, 0.2963, -0.4776], noise: 0.0500
[RLAMPSO DEBUG iter 200] w=0.5084, c1=2.1890, c2=1.7793 | fitness=1611.16
[REWARD DEBUG iter 200] FitnessImprovement: 0.8724 → Reward: +1.0000 (prevFit=1611.16, currFit=1610.29)
[REWARD DEBUG iter 200] FitnessImprovement: 0.0054 → Reward: +1.0000 (prevFit=1588.04, currFit=1588.03)
[ACTION DEBUG iter 200] Raw action[1:3]: [-0.0541, 0.6624, 0.2292], noise: 0.0500
[RLAMPSO DEBUG iter 200] w=0.5932, c1=1.5258, c2=1.7727 | fitness=1662.38
[REWARD DEBUG iter 200] FitnessImprovement: 0.0020 → Reward: +1.0000 (prevFit=1662.38, currFit=1662.38)
[ACTION DEBUG iter 200] Raw action[1:3]: [-0.2886, -0.5613, -0.2090], noise: 0.0500
[RLAMPSO DEBUG iter 200] w=0.5084, c1=1.9700, c2=1.8462 | fitness=1636.24
[REWARD DEBUG iter 200] FitnessImprovement: 0.0002 → Reward: +1.0000 (prevFit=1636.24, currFit=1636.24)
[ACTION DEBUG iter 200] Raw action[1:3]: [-0.1442, 0.2599, -0.7767], noise: 0.0500
[RLAMPSO DEBUG iter 200] w=0.4241, c1=2.0946, c2=1.7216 | fitness=1698.32
[REWARD DEBUG iter 200] FitnessImprovement: 0.0048 → Reward: +1.0000 (prevFit=1698.32, currFit=1698.32)
[REWARD DEBUG iter 200] FitnessImprovement: 0.0311 → Reward: +1.0000 (prevFit=1617.40, currFit=1617.37)
[ACTION DEBUG iter 200] Raw action[1:3]: [-0.2188, -0.1163, 0.0281], noise: 0.0500
[RLAMPSO DEBUG iter 200] w=0.5317, c1=2.1000, c2=1.8894 | fitness=1598.35
[REWARD DEBUG iter 200] FitnessImprovement: 0.0000 → Reward: -1.0000 (prevFit=1598.35, currFit=1598.35)
[ACTION DEBUG iter 200] Raw action[1:3]: [-0.2433, -0.0618, 0.2580], noise: 0.0500
[RLAMPSO DEBUG iter 200] w=0.4228, c1=1.9108, c2=2.1842 | fitness=1744.27
[REWARD DEBUG iter 200] FitnessImprovement: 0.0000 → Reward: -1.0000 (prevFit=1744.27, currFit=1744.27)
[ACTION DEBUG iter 200] Raw action[1:3]: [0.2581, 0.3294, -0.2192], noise: 0.0500
[RLAMPSO DEBUG iter 200] w=0.5753, c1=1.8633, c2=1.6786 | fitness=1594.88
[REWARD DEBUG iter 200] FitnessImprovement: 0.0000 → Reward: -1.0000 (prevFit=1594.88, currFit=1594.88)
[ACTION DEBUG iter 200] Raw action[1:3]: [0.0775, -0.4358, -0.5190], noise: 0.0500
[ACTION DEBUG iter 200] WARNING: 1/20 actions clipped (network saturating)
[RLAMPSO DEBUG iter 200] w=0.4800, c1=2.2283, c2=2.0862 | fitness=1644.40
[REWARD DEBUG iter 200] FitnessImprovement: 0.0000 → Reward: -1.0000 (prevFit=1644.40, currFit=1644.40)
[ACTION DEBUG iter 200] Raw action[1:3]: [0.1756, 0.5380, 0.6434], noise: 0.0500
[RLAMPSO DEBUG iter 200] w=0.6062, c1=1.8168, c2=2.0834 | fitness=1704.14
[REWARD DEBUG iter 200] FitnessImprovement: 0.0000 → Reward: -1.0000 (prevFit=1704.14, currFit=1704.14)
[ACTION DEBUG iter 200] Raw action[1:3]: [0.1918, -0.3363, -0.5039], noise: 0.0500
[RLAMPSO DEBUG iter 200] w=0.5303, c1=1.6817, c2=2.2105 | fitness=1657.25
[REWARD DEBUG iter 200] FitnessImprovement: 0.0000 → Reward: -1.0000 (prevFit=1657.25, currFit=1657.25)
[ACTION DEBUG iter 300] Raw action[1:3]: [0.1832, 0.0591, -0.2883], noise: 0.0500
[RLAMPSO DEBUG iter 300] w=0.5607, c1=2.1085, c2=1.6435 | fitness=1587.55
[REWARD DEBUG iter 300] FitnessImprovement: 0.0160 → Reward: +1.0000 (prevFit=1587.55, currFit=1587.53)
[ACTION DEBUG iter 300] Raw action[1:3]: [0.4196, 0.5273, 0.4628], noise: 0.0500
[RLAMPSO DEBUG iter 300] w=0.6752, c1=1.4986, c2=1.6392 | fitness=1660.94
[REWARD DEBUG iter 300] FitnessImprovement: 0.0000 → Reward: -1.0000 (prevFit=1660.94, currFit=1660.94)
[ACTION DEBUG iter 300] Raw action[1:3]: [-0.5063, -0.8480, -0.3051], noise: 0.0500
[RLAMPSO DEBUG iter 300] w=0.5128, c1=1.8193, c2=1.4215 | fitness=1633.23
[REWARD DEBUG iter 300] FitnessImprovement: 0.0102 → Reward: +1.0000 (prevFit=1633.23, currFit=1633.21)
[ACTION DEBUG iter 300] Raw action[1:3]: [0.0722, -0.4768, -0.7553], noise: 0.0500
[RLAMPSO DEBUG iter 300] w=0.4033, c1=2.0814, c2=2.0593 | fitness=1689.60
[ACTION DEBUG iter 300] Raw action[1:3]: [-0.4482, 0.8640, -0.3211], noise: 0.0500
[RLAMPSO DEBUG iter 300] w=0.5173, c1=1.2433, c2=1.6764 | fitness=1567.19
[ACTION DEBUG iter 300] Raw action[1:3]: [0.2921, 0.3752, -0.2942], noise: 0.0500
[RLAMPSO DEBUG iter 300] w=0.4333, c1=1.1971, c2=1.4210 | fitness=1874.79
[REWARD DEBUG iter 300] FitnessImprovement: 0.0000 → Reward: +1.0000 (prevFit=1874.79, currFit=1874.79)
[ACTION DEBUG iter 300] Raw action[1:3]: [-0.1703, -0.5011, -0.3700], noise: 0.0500
[RLAMPSO DEBUG iter 300] w=0.4346, c1=1.8289, c2=1.9526 | fitness=1643.32
[ACTION DEBUG iter 300] Raw action[1:3]: [-0.5876, -0.1815, 0.2425], noise: 0.0500
[RLAMPSO DEBUG iter 300] w=0.4531, c1=2.3228, c2=2.2524 | fitness=1616.85
[REWARD DEBUG iter 300] FitnessImprovement: 0.0003 → Reward: +1.0000 (prevFit=1616.85, currFit=1616.85)
[ACTION DEBUG iter 300] Raw action[1:3]: [-0.4411, -0.0032, 0.3463], noise: 0.0500
[RLAMPSO DEBUG iter 300] w=0.4567, c1=2.0211, c2=1.5867 | fitness=1595.14
[REWARD DEBUG iter 300] FitnessImprovement: 0.0006 → Reward: +1.0000 (prevFit=1595.14, currFit=1595.14)
[ACTION DEBUG iter 300] Raw action[1:3]: [-0.0290, 0.0021, -0.6423], noise: 0.0500
[RLAMPSO DEBUG iter 300] w=0.5409, c1=2.1963, c2=1.5661 | fitness=1601.85
[REWARD DEBUG iter 300] FitnessImprovement: 0.1833 → Reward: +1.0000 (prevFit=1601.85, currFit=1601.67)
[ACTION DEBUG iter 300] Raw action[1:3]: [-0.2583, -0.2068, 0.0456], noise: 0.0500
[RLAMPSO DEBUG iter 300] w=0.4625, c1=1.9941, c2=2.2317 | fitness=1744.26
[REWARD DEBUG iter 300] FitnessImprovement: 0.0000 → Reward: -1.0000 (prevFit=1744.26, currFit=1744.26)
[ACTION DEBUG iter 300] Raw action[1:3]: [0.1036, -0.3094, -0.6567], noise: 0.0500
[RLAMPSO DEBUG iter 300] w=0.5300, c1=1.6649, c2=2.2250 | fitness=1631.36
[REWARD DEBUG iter 300] FitnessImprovement: 0.0009 → Reward: +1.0000 (prevFit=1689.60, currFit=1689.60)
[REWARD DEBUG iter 300] FitnessImprovement: 0.0293 → Reward: +1.0000 (prevFit=1567.19, currFit=1567.16)
[REWARD DEBUG iter 300] FitnessImprovement: 0.0004 → Reward: +1.0000 (prevFit=1643.32, currFit=1643.32)
[ACTION DEBUG iter 300] Raw action[1:3]: [0.2816, 0.7172, 0.7421], noise: 0.0500
[RLAMPSO DEBUG iter 300] w=0.5991, c1=1.6588, c2=2.1109 | fitness=1662.69
[REWARD DEBUG iter 300] FitnessImprovement: 0.0049 → Reward: +1.0000 (prevFit=1662.69, currFit=1662.69)
[REWARD DEBUG iter 300] FitnessImprovement: 0.0000 → Reward: -1.0000 (prevFit=1631.36, currFit=1631.36)
[ACTION DEBUG iter 300] Raw action[1:3]: [0.0908, 0.3516, 0.3446], noise: 0.0500
[RLAMPSO DEBUG iter 300] w=0.5899, c1=1.8549, c2=1.9017 | fitness=1594.15
[REWARD DEBUG iter 300] FitnessImprovement: 0.0005 → Reward: +1.0000 (prevFit=1594.15, currFit=1594.15)
[ACTION DEBUG iter 400] Raw action[1:3]: [-0.6427, -0.5032, 0.1992], noise: 0.0500
[RLAMPSO DEBUG iter 400] w=0.5799, c1=2.1201, c2=1.7556 | fitness=1631.24
[REWARD DEBUG iter 400] FitnessImprovement: 0.0000 → Reward: -1.0000 (prevFit=1631.24, currFit=1631.24)
[ACTION DEBUG iter 400] Raw action[1:3]: [0.9061, -0.1130, 0.0330], noise: 0.0500
[RLAMPSO DEBUG iter 400] w=0.6237, c1=1.7383, c2=1.5088 | fitness=1593.55
[REWARD DEBUG iter 400] FitnessImprovement: 0.0283 → Reward: +1.0000 (prevFit=1593.55, currFit=1593.52)
[ACTION DEBUG iter 400] Raw action[1:3]: [0.0310, 0.1638, -0.7396], noise: 0.0500
[RLAMPSO DEBUG iter 400] w=0.4824, c1=2.1595, c2=1.7120 | fitness=1585.83
[REWARD DEBUG iter 400] FitnessImprovement: 0.0003 → Reward: +1.0000 (prevFit=1585.83, currFit=1585.83)
[ACTION DEBUG iter 400] Raw action[1:3]: [-0.3073, 0.0622, -0.6528], noise: 0.0500
[RLAMPSO DEBUG iter 400] w=0.4346, c1=2.1392, c2=1.6835 | fitness=1643.08
[REWARD DEBUG iter 400] FitnessImprovement: 0.0004 → Reward: +1.0000 (prevFit=1643.08, currFit=1643.08)
[ACTION DEBUG iter 400] Raw action[1:3]: [-0.6987, 0.3561, 0.7202], noise: 0.0500
[RLAMPSO DEBUG iter 400] w=0.3345, c1=1.6766, c2=2.0890 | fitness=1743.67
[REWARD DEBUG iter 400] FitnessImprovement: 0.0000 → Reward: -1.0000 (prevFit=1743.67, currFit=1743.67)
[ACTION DEBUG iter 400] Raw action[1:3]: [-0.6433, 0.8599, 0.1016], noise: 0.0500
[ACTION DEBUG iter 400] WARNING: 1/20 actions clipped (network saturating)
[RLAMPSO DEBUG iter 400] w=0.4471, c1=0.9803, c2=1.3386 | fitness=1567.11
[REWARD DEBUG iter 400] FitnessImprovement: 0.0000 → Reward: +1.0000 (prevFit=1567.11, currFit=1567.11)
[ACTION DEBUG iter 400] Raw action[1:3]: [-0.7186, 0.0827, 0.1052], noise: 0.0500
[RLAMPSO DEBUG iter 400] w=0.3405, c1=1.3463, c2=1.8090 | fitness=1874.73
[REWARD DEBUG iter 400] FitnessImprovement: 0.0122 → Reward: +1.0000 (prevFit=1874.73, currFit=1874.72)
[ACTION DEBUG iter 400] Raw action[1:3]: [0.2562, -0.4148, -0.5256], noise: 0.0500
[RLAMPSO DEBUG iter 400] w=0.5465, c1=1.7265, c2=2.3662 | fitness=1622.31
[REWARD DEBUG iter 400] FitnessImprovement: 0.0000 → Reward: -1.0000 (prevFit=1622.31, currFit=1622.31)
[ACTION DEBUG iter 400] Raw action[1:3]: [0.1900, 0.3003, -0.8324], noise: 0.0500
[RLAMPSO DEBUG iter 400] w=0.3850, c1=2.0677, c2=1.8509 | fitness=1675.93
[ACTION DEBUG iter 400] Raw action[1:3]: [-0.7036, -0.7205, -0.0891], noise: 0.0500
[RLAMPSO DEBUG iter 400] w=0.4181, c1=1.9449, c2=1.6871 | fitness=1616.84
[REWARD DEBUG iter 400] FitnessImprovement: 0.0000 → Reward: +1.0000 (prevFit=1616.84, currFit=1616.84)
[ACTION DEBUG iter 400] Raw action[1:3]: [0.8466, 0.3280, 0.7467], noise: 0.0500
[RLAMPSO DEBUG iter 400] w=0.5862, c1=1.7162, c2=1.7030 | fitness=1662.65
[REWARD DEBUG iter 400] FitnessImprovement: 0.0000 → Reward: -1.0000 (prevFit=1662.65, currFit=1662.65)
[ACTION DEBUG iter 400] Raw action[1:3]: [-0.3284, 0.8918, -0.5827], noise: 0.0500
[RLAMPSO DEBUG iter 400] w=0.6227, c1=1.3553, c2=1.5785 | fitness=1660.74
[REWARD DEBUG iter 400] FitnessImprovement: 0.0000 → Reward: -1.0000 (prevFit=1675.93, currFit=1675.93)
[ACTION DEBUG iter 400] Raw action[1:3]: [-0.2396, 0.0479, -0.1422], noise: 0.0500
[RLAMPSO DEBUG iter 400] w=0.5221, c1=2.1244, c2=1.8592 | fitness=1594.97
[REWARD DEBUG iter 400] FitnessImprovement: 0.0001 → Reward: +1.0000 (prevFit=1594.97, currFit=1594.97)
[ACTION DEBUG iter 400] Raw action[1:3]: [0.7047, -0.2417, 0.7791], noise: 0.0500
[RLAMPSO DEBUG iter 400] w=0.5826, c1=1.3353, c2=1.1472 | fitness=1590.97
[REWARD DEBUG iter 400] FitnessImprovement: 0.0000 → Reward: +1.0000 (prevFit=1590.97, currFit=1590.97)
[REWARD DEBUG iter 400] FitnessImprovement: 0.0000 → Reward: +1.0000 (prevFit=1660.74, currFit=1660.74)
[ACTION DEBUG iter 500] Raw action[1:3]: [-0.8470, -0.8513, -0.9039], noise: 0.0500
[RLAMPSO DEBUG iter 500] w=0.4749, c1=2.0631, c2=0.6671 | fitness=1631.24
[REWARD DEBUG iter 500] FitnessImprovement: 0.0000 → Reward: -1.0000 (prevFit=1631.24, currFit=1631.24)
[ACTION DEBUG iter 500] Raw action[1:3]: [-0.7456, 0.8459, -0.9006], noise: 0.0500
[ACTION DEBUG iter 500] WARNING: 2/20 actions clipped (network saturating)
[RLAMPSO DEBUG iter 500] w=0.4192, c1=2.0473, c2=1.3391 | fitness=1616.75
[REWARD DEBUG iter 500] FitnessImprovement: 0.0000 → Reward: -1.0000 (prevFit=1616.75, currFit=1616.75)
[ACTION DEBUG iter 500] Raw action[1:3]: [0.8726, 0.9360, 0.7776], noise: 0.0500
[ACTION DEBUG iter 500] WARNING: 1/20 actions clipped (network saturating)
[RLAMPSO DEBUG iter 500] w=0.4257, c1=0.9031, c2=1.4423 | fitness=1865.33
[ACTION DEBUG iter 500] Raw action[1:3]: [0.9700, 0.2265, 0.6165], noise: 0.0500
[ACTION DEBUG iter 500] WARNING: 1/20 actions clipped (network saturating)
[RLAMPSO DEBUG iter 500] w=0.6711, c1=1.7372, c2=1.4172 | fitness=1592.40
[ACTION DEBUG iter 500] Raw action[1:3]: [0.0266, 0.8827, 0.9604], noise: 0.0500
[ACTION DEBUG iter 500] WARNING: 1/20 actions clipped (network saturating)
[RLAMPSO DEBUG iter 500] w=0.4348, c1=1.5558, c2=1.8881 | fitness=1743.58
[REWARD DEBUG iter 500] FitnessImprovement: 0.0000 → Reward: +1.0000 (prevFit=1592.40, currFit=1592.40)
[REWARD DEBUG iter 500] FitnessImprovement: 0.0000 → Reward: +1.0000 (prevFit=1743.58, currFit=1743.58)
[ACTION DEBUG iter 500] Raw action[1:3]: [-0.5666, 0.5178, -0.8058], noise: 0.0500
[ACTION DEBUG iter 500] WARNING: 1/20 actions clipped (network saturating)
[RLAMPSO DEBUG iter 500] w=0.4233, c1=1.7629, c2=1.4933 | fitness=1621.75
[ACTION DEBUG iter 500] Raw action[1:3]: [0.5239, 0.0471, -0.9579], noise: 0.0500
[ACTION DEBUG iter 500] WARNING: 1/20 actions clipped (network saturating)
[RLAMPSO DEBUG iter 500] w=0.4736, c1=1.7719, c2=1.6073 | fitness=1585.43
[REWARD DEBUG iter 500] FitnessImprovement: 0.0000 → Reward: -1.0000 (prevFit=1585.43, currFit=1585.43)
[REWARD DEBUG iter 500] FitnessImprovement: 0.0152 → Reward: +1.0000 (prevFit=1865.33, currFit=1865.32)
[REWARD DEBUG iter 500] FitnessImprovement: 0.0000 → Reward: -1.0000 (prevFit=1621.75, currFit=1621.75)
[ACTION DEBUG iter 500] Raw action[1:3]: [0.2502, 0.9859, 0.0302], noise: 0.0500
[ACTION DEBUG iter 500] WARNING: 7/20 actions clipped (network saturating)
[ACTION DEBUG iter 500] Raw action[1:3]: [-0.9361, -0.4826, 0.1303], noise: 0.0500
[RLAMPSO DEBUG iter 500] w=0.3946, c1=1.4321, c2=1.5055 | fitness=1616.84
[REWARD DEBUG iter 500] FitnessImprovement: 0.0000 → Reward: -1.0000 (prevFit=1616.84, currFit=1616.84)
[ACTION DEBUG iter 500] Raw action[1:3]: [-0.8901, -0.7815, 0.8521], noise: 0.0500
[ACTION DEBUG iter 500] WARNING: 2/20 actions clipped (network saturating)
[RLAMPSO DEBUG iter 500] w=0.5023, c1=1.4169, c2=1.7911 | fitness=1662.65
[REWARD DEBUG iter 500] FitnessImprovement: 0.0000 → Reward: -1.0000 (prevFit=1662.65, currFit=1662.65)
[ACTION DEBUG iter 500] Raw action[1:3]: [0.8986, 0.9374, -0.8364], noise: 0.0500
[ACTION DEBUG iter 500] WARNING: 4/20 actions clipped (network saturating)
[RLAMPSO DEBUG iter 500] w=0.7776, c1=0.8172, c2=1.7666 | fitness=1660.74
[REWARD DEBUG iter 500] FitnessImprovement: 0.0000 → Reward: -1.0000 (prevFit=1660.74, currFit=1660.74)
[ACTION DEBUG iter 500] Raw action[1:3]: [-0.0904, 0.7232, -0.8982], noise: 0.0500
[RLAMPSO DEBUG iter 500] w=0.3560, c1=1.7680, c2=1.8992 | fitness=1663.02
[REWARD DEBUG iter 500] FitnessImprovement: 2.2945 → Reward: +1.0000 (prevFit=1663.02, currFit=1660.72)
[RLAMPSO DEBUG iter 500] w=0.5544, c1=1.3000, c2=1.3000 | fitness=1567.11
[REWARD DEBUG iter 500] FitnessImprovement: 0.0000 → Reward: -1.0000 (prevFit=1567.11, currFit=1567.11)
[ACTION DEBUG iter 500] Raw action[1:3]: [0.7628, 0.7524, 0.9900], noise: 0.0500
[ACTION DEBUG iter 500] WARNING: 3/20 actions clipped (network saturating)
[RLAMPSO DEBUG iter 500] w=0.5002, c1=1.7635, c2=1.3272 | fitness=1590.97
[REWARD DEBUG iter 500] FitnessImprovement: 0.0000 → Reward: -1.0000 (prevFit=1590.97, currFit=1590.97)
[ACTION DEBUG iter 500] Raw action[1:3]: [-0.1644, 0.3015, -0.3626], noise: 0.0500
[RLAMPSO DEBUG iter 500] w=0.4503, c1=2.0451, c2=1.5318 | fitness=1594.08
[REWARD DEBUG iter 500] FitnessImprovement: 0.0000 → Reward: -1.0000 (prevFit=1594.08, currFit=1594.08)

========== Planning Complete ==========
Algorithm: RLAMPSO
Execution time: 57.3513 seconds
Path length: 148.7571 units
Waypoints: 7
Best fitness: 1662.6465
========================================


========== Direct Global Planning ==========
Algorithm: DQN_PSO
Start: [10.0, 95.0, 10.0]
Goal:  [97.0, 2.0, 10.0]
============================================

Warning: DQN-PSO (paper) is homogeneous; forcing paramMode to global.
> In <a href="matlab:matlab.lang.internal.introspective.errorDocCallback('globalPathPlanningDQNPSO', '/Users/hust-hwashin621m/Desktop/vietanhpaper-2/algorithms/dqn_pso/globalPathPlanningDQNPSO.m', 15)" style="font-weight:bold">globalPathPlanningDQNPSO</a> (<a href="matlab: opentoline('/Users/hust-hwashin621m/Desktop/vietanhpaper-2/algorithms/dqn_pso/globalPathPlanningDQNPSO.m',15,0)">line 15</a>)
In <a href="matlab:matlab.lang.internal.introspective.errorDocCallback('callGlobalPlanningAlgorithm', '/Users/hust-hwashin621m/Desktop/vietanhpaper-2/algorithms/callGlobalPlanningAlgorithm.m', 219)" style="font-weight:bold">callGlobalPlanningAlgorithm</a> (<a href="matlab: opentoline('/Users/hust-hwashin621m/Desktop/vietanhpaper-2/algorithms/callGlobalPlanningAlgorithm.m',219,0)">line 219</a>)
In <a href="matlab:matlab.lang.internal.introspective.errorDocCallback('directGlobalPlanning', '/Users/hust-hwashin621m/Desktop/vietanhpaper-2/shared/path_planning/directGlobalPlanning.m', 59)" style="font-weight:bold">directGlobalPlanning</a> (<a href="matlab: opentoline('/Users/hust-hwashin621m/Desktop/vietanhpaper-2/shared/path_planning/directGlobalPlanning.m',59,0)">line 59</a>)
In <a href="matlab:matlab.lang.internal.introspective.errorDocCallback('run_comparison>@(varargin)directGlobalPlanning(varargin{:})', '/Users/hust-hwashin621m/Desktop/vietanhpaper-2/run_comparison.m', 274)" style="font-weight:bold">run_comparison>@(varargin)directGlobalPlanning(varargin{:})</a> (<a href="matlab: opentoline('/Users/hust-hwashin621m/Desktop/vietanhpaper-2/run_comparison.m',274,0)">line 274</a>)
In <a href="matlab:matlab.lang.internal.introspective.errorDocCallback('compare_algorithms>runAlgorithmBatch', '/Users/hust-hwashin621m/Desktop/vietanhpaper-2/scripts/compare_algorithms.m', 139)" style="font-weight:bold">compare_algorithms>runAlgorithmBatch</a> (<a href="matlab: opentoline('/Users/hust-hwashin621m/Desktop/vietanhpaper-2/scripts/compare_algorithms.m',139,0)">line 139</a>)
Starting DQN-PSO (HMM + DQN) - Mode: global
[ACTION DEBUG iter 600] Raw action[1:3]: [-0.7901, -0.9102, -0.9486], noise: 0.0500
[ACTION DEBUG iter 600] WARNING: 1/20 actions clipped (network saturating)
[RLAMPSO DEBUG iter 600] w=0.5194, c1=1.7493, c2=0.6796 | fitness=1631.21
[REWARD DEBUG iter 600] FitnessImprovement: 0.0000 → Reward: -1.0000 (prevFit=1631.21, currFit=1631.21)
[ACTION DEBUG iter 600] Raw action[1:3]: [-0.7507, 0.7261, -0.6776], noise: 0.0500
[RLAMPSO DEBUG iter 600] w=0.4150, c1=2.1000, c2=1.5508 | fitness=1613.95
[REWARD DEBUG iter 600] FitnessImprovement: 0.0031 → Reward: +1.0000 (prevFit=1613.95, currFit=1613.94)
[ACTION DEBUG iter 600] Raw action[1:3]: [0.9908, 0.9731, -0.7968], noise: 0.0500
[ACTION DEBUG iter 600] WARNING: 3/20 actions clipped (network saturating)
[RLAMPSO DEBUG iter 600] w=0.2933, c1=1.3000, c2=1.3500 | fitness=1865.11
[REWARD DEBUG iter 600] FitnessImprovement: 0.0016 → Reward: +1.0000 (prevFit=1865.11, currFit=1865.11)
[ACTION DEBUG iter 600] Raw action[1:3]: [-0.7737, 0.3523, 0.8914], noise: 0.0500
[ACTION DEBUG iter 600] WARNING: 1/20 actions clipped (network saturating)
[RLAMPSO DEBUG iter 600] w=0.4390, c1=1.7008, c2=1.9214 | fitness=1743.58
[REWARD DEBUG iter 600] FitnessImprovement: 0.0001 → Reward: +1.0000 (prevFit=1743.58, currFit=1743.58)
[ACTION DEBUG iter 600] Raw action[1:3]: [0.8630, 0.7005, -0.9729], noise: 0.0500
[ACTION DEBUG iter 600] WARNING: 2/20 actions clipped (network saturating)
[RLAMPSO DEBUG iter 600] w=0.5167, c1=2.1000, c2=1.7000 | fitness=1585.22
[REWARD DEBUG iter 600] FitnessImprovement: 0.0002 → Reward: +1.0000 (prevFit=1585.22, currFit=1585.22)
[ACTION DEBUG iter 600] Raw action[1:3]: [0.8111, 0.4075, 0.1647], noise: 0.0500
[ACTION DEBUG iter 600] WARNING: 1/20 actions clipped (network saturating)
[RLAMPSO DEBUG iter 600] w=0.6370, c1=2.0597, c2=1.4647 | fitness=1592.35
[REWARD DEBUG iter 600] FitnessImprovement: 0.0000 → Reward: -1.0000 (prevFit=1592.35, currFit=1592.35)
[ACTION DEBUG iter 600] Raw action[1:3]: [-0.9489, 0.6254, -0.9686], noise: 0.0500
[ACTION DEBUG iter 600] WARNING: 3/20 actions clipped (network saturating)
[RLAMPSO DEBUG iter 600] w=0.2780, c1=1.3473, c2=0.5948 | fitness=1621.62
[REWARD DEBUG iter 600] FitnessImprovement: 0.0004 → Reward: +1.0000 (prevFit=1621.62, currFit=1621.62)
[ACTION DEBUG iter 600] Raw action[1:3]: [-0.9033, 0.9963, -0.8841], noise: 0.0500
[ACTION DEBUG iter 600] WARNING: 7/20 actions clipped (network saturating)
[RLAMPSO DEBUG iter 600] w=0.4312, c1=0.9000, c2=1.3000 | fitness=1567.11
[REWARD DEBUG iter 600] FitnessImprovement: 0.0000 → Reward: -1.0000 (prevFit=1567.11, currFit=1567.11)
[ACTION DEBUG iter 600] Raw action[1:3]: [-0.8048, 0.3677, -0.0471], noise: 0.0500
[RLAMPSO DEBUG iter 600] w=0.4882, c1=2.2214, c2=1.7185 | fitness=1616.84
[REWARD DEBUG iter 600] FitnessImprovement: 0.0000 → Reward: -1.0000 (prevFit=1616.84, currFit=1616.84)
[ACTION DEBUG iter 600] Raw action[1:3]: [0.7430, 0.8616, 0.8773], noise: 0.0500
[ACTION DEBUG iter 600] WARNING: 5/20 actions clipped (network saturating)
[RLAMPSO DEBUG iter 600] w=0.7153, c1=1.7132, c2=2.4908 | fitness=1660.74
[REWARD DEBUG iter 600] FitnessImprovement: 0.0000 → Reward: -1.0000 (prevFit=1660.74, currFit=1660.74)
[ACTION DEBUG iter 600] Raw action[1:3]: [-0.8377, 0.7122, -0.9684], noise: 0.0500
[RLAMPSO DEBUG iter 600] w=0.2861, c1=2.1000, c2=1.7000 | fitness=1641.24
[REWARD DEBUG iter 600] FitnessImprovement: 0.0001 → Reward: +1.0000 (prevFit=1641.24, currFit=1641.24)
DQN-PSO iter 50/1000 | Fitness: 1784.99 | w=0.900 c1=2.500 c2=0.500
[ACTION DEBUG iter 600] Raw action[1:3]: [0.4484, 0.4916, 0.9991], noise: 0.0500
[ACTION DEBUG iter 600] WARNING: 5/20 actions clipped (network saturating)
[RLAMPSO DEBUG iter 600] w=0.5638, c1=2.0189, c2=1.4348 | fitness=1590.95
[REWARD DEBUG iter 600] FitnessImprovement: 0.0001 → Reward: +1.0000 (prevFit=1590.95, currFit=1590.95)
[ACTION DEBUG iter 600] Raw action[1:3]: [-0.2824, -0.0450, -0.1703], noise: 0.0500
[RLAMPSO DEBUG iter 600] w=0.4883, c1=2.1000, c2=1.2728 | fitness=1576.90
[REWARD DEBUG iter 600] FitnessImprovement: 0.0000 → Reward: -1.0000 (prevFit=1576.90, currFit=1576.90)

========== Planning Complete ==========
Algorithm: RLAMPSO
Execution time: 65.5808 seconds
Path length: 153.4881 units
Waypoints: 7
Best fitness: 1567.1096
========================================


========== Direct Global Planning ==========
Algorithm: DQN_PSO
Start: [10.0, 95.0, 10.0]
Goal:  [97.0, 2.0, 10.0]
============================================

Warning: DQN-PSO (paper) is homogeneous; forcing paramMode to global.
> In <a href="matlab:matlab.lang.internal.introspective.errorDocCallback('globalPathPlanningDQNPSO', '/Users/hust-hwashin621m/Desktop/vietanhpaper-2/algorithms/dqn_pso/globalPathPlanningDQNPSO.m', 15)" style="font-weight:bold">globalPathPlanningDQNPSO</a> (<a href="matlab: opentoline('/Users/hust-hwashin621m/Desktop/vietanhpaper-2/algorithms/dqn_pso/globalPathPlanningDQNPSO.m',15,0)">line 15</a>)
In <a href="matlab:matlab.lang.internal.introspective.errorDocCallback('callGlobalPlanningAlgorithm', '/Users/hust-hwashin621m/Desktop/vietanhpaper-2/algorithms/callGlobalPlanningAlgorithm.m', 219)" style="font-weight:bold">callGlobalPlanningAlgorithm</a> (<a href="matlab: opentoline('/Users/hust-hwashin621m/Desktop/vietanhpaper-2/algorithms/callGlobalPlanningAlgorithm.m',219,0)">line 219</a>)
In <a href="matlab:matlab.lang.internal.introspective.errorDocCallback('directGlobalPlanning', '/Users/hust-hwashin621m/Desktop/vietanhpaper-2/shared/path_planning/directGlobalPlanning.m', 59)" style="font-weight:bold">directGlobalPlanning</a> (<a href="matlab: opentoline('/Users/hust-hwashin621m/Desktop/vietanhpaper-2/shared/path_planning/directGlobalPlanning.m',59,0)">line 59</a>)
In <a href="matlab:matlab.lang.internal.introspective.errorDocCallback('run_comparison>@(varargin)directGlobalPlanning(varargin{:})', '/Users/hust-hwashin621m/Desktop/vietanhpaper-2/run_comparison.m', 274)" style="font-weight:bold">run_comparison>@(varargin)directGlobalPlanning(varargin{:})</a> (<a href="matlab: opentoline('/Users/hust-hwashin621m/Desktop/vietanhpaper-2/run_comparison.m',274,0)">line 274</a>)
In <a href="matlab:matlab.lang.internal.introspective.errorDocCallback('compare_algorithms>runAlgorithmBatch', '/Users/hust-hwashin621m/Desktop/vietanhpaper-2/scripts/compare_algorithms.m', 139)" style="font-weight:bold">compare_algorithms>runAlgorithmBatch</a> (<a href="matlab: opentoline('/Users/hust-hwashin621m/Desktop/vietanhpaper-2/scripts/compare_algorithms.m',139,0)">line 139</a>)
Starting DQN-PSO (HMM + DQN) - Mode: global
[ACTION DEBUG iter 700] Raw action[1:3]: [-0.8241, -0.9375, -0.9591], noise: 0.0500
[ACTION DEBUG iter 700] WARNING: 1/20 actions clipped (network saturating)
[RLAMPSO DEBUG iter 700] w=0.3756, c1=1.7649, c2=0.5070 | fitness=1631.21
[REWARD DEBUG iter 700] FitnessImprovement: 0.0000 → Reward: -1.0000 (prevFit=1631.21, currFit=1631.21)
[ACTION DEBUG iter 700] Raw action[1:3]: [0.9824, 0.9942, -0.8962], noise: 0.0500
[ACTION DEBUG iter 700] WARNING: 6/20 actions clipped (network saturating)
[RLAMPSO DEBUG iter 700] w=0.3087, c1=0.8253, c2=1.3000 | fitness=1865.10
[REWARD DEBUG iter 700] FitnessImprovement: 0.0000 → Reward: -1.0000 (prevFit=1865.10, currFit=1865.10)
[ACTION DEBUG iter 700] Raw action[1:3]: [0.9598, 0.5019, 0.6875], noise: 0.0500
[ACTION DEBUG iter 700] WARNING: 2/20 actions clipped (network saturating)
[RLAMPSO DEBUG iter 700] w=0.7128, c1=1.5694, c2=1.4376 | fitness=1592.32
[REWARD DEBUG iter 700] FitnessImprovement: 0.0024 → Reward: +1.0000 (prevFit=1592.32, currFit=1592.32)
[ACTION DEBUG iter 700] Raw action[1:3]: [-0.0019, 0.0600, 0.9687], noise: 0.0500
[RLAMPSO DEBUG iter 700] w=0.5302, c1=1.3282, c2=1.7533 | fitness=1743.40
[REWARD DEBUG iter 700] FitnessImprovement: 0.0512 → Reward: +1.0000 (prevFit=1743.40, currFit=1743.35)
[ACTION DEBUG iter 700] Raw action[1:3]: [0.9176, 0.7795, -0.9867], noise: 0.0500
[ACTION DEBUG iter 700] WARNING: 2/20 actions clipped (network saturating)
[RLAMPSO DEBUG iter 700] w=0.4807, c1=1.9322, c2=1.5242 | fitness=1585.12
[REWARD DEBUG iter 700] FitnessImprovement: 0.0000 → Reward: +1.0000 (prevFit=1585.12, currFit=1585.12)
[ACTION DEBUG iter 700] Raw action[1:3]: [-0.8513, 0.6690, 0.0333], noise: 0.0500
[RLAMPSO DEBUG iter 700] w=0.3594, c1=2.0580, c2=2.0260 | fitness=1607.15
[REWARD DEBUG iter 700] FitnessImprovement: 0.0000 → Reward: +1.0000 (prevFit=1607.15, currFit=1607.15)
[ACTION DEBUG iter 700] Raw action[1:3]: [-0.9809, 0.2200, -0.7780], noise: 0.0500
[ACTION DEBUG iter 700] WARNING: 1/20 actions clipped (network saturating)
[RLAMPSO DEBUG iter 700] w=0.5642, c1=1.7166, c2=1.3714 | fitness=1616.84
[REWARD DEBUG iter 700] FitnessImprovement: 0.0000 → Reward: -1.0000 (prevFit=1616.84, currFit=1616.84)
[ACTION DEBUG iter 700] Raw action[1:3]: [-0.9873, -0.9101, -0.9766], noise: 0.0500
[ACTION DEBUG iter 700] WARNING: 4/20 actions clipped (network saturating)
[RLAMPSO DEBUG iter 700] w=0.2995, c1=1.3000, c2=0.5000 | fitness=1621.60
[REWARD DEBUG iter 700] FitnessImprovement: 0.0000 → Reward: +1.0000 (prevFit=1621.60, currFit=1621.60)
[ACTION DEBUG iter 700] Raw action[1:3]: [-0.3026, 0.9755, 0.9723], noise: 0.0500
[ACTION DEBUG iter 700] WARNING: 2/20 actions clipped (network saturating)
[RLAMPSO DEBUG iter 700] w=0.6263, c1=0.9058, c2=1.8033 | fitness=1660.74
[REWARD DEBUG iter 700] FitnessImprovement: 0.0000 → Reward: -1.0000 (prevFit=1660.74, currFit=1660.74)
[ACTION DEBUG iter 700] Raw action[1:3]: [-0.7373, -0.8559, -0.8868], noise: 0.0500
[ACTION DEBUG iter 700] WARNING: 3/20 actions clipped (network saturating)
[RLAMPSO DEBUG iter 700] w=0.2901, c1=1.5929, c2=1.7000 | fitness=1639.05
[REWARD DEBUG iter 700] FitnessImprovement: 0.0020 → Reward: +1.0000 (prevFit=1639.05, currFit=1639.05)
[ACTION DEBUG iter 700] Raw action[1:3]: [0.7578, 0.7964, 0.9998], noise: 0.0500
[ACTION DEBUG iter 700] WARNING: 5/20 actions clipped (network saturating)
[RLAMPSO DEBUG iter 700] w=0.6684, c1=2.1000, c2=1.5133 | fitness=1589.84
[REWARD DEBUG iter 700] FitnessImprovement: 0.0000 → Reward: +1.0000 (prevFit=1589.84, currFit=1589.84)
DQN-PSO iter 50/1000 | Fitness: 1704.53 | w=0.419 c1=2.250 c2=0.750
[ACTION DEBUG iter 700] Raw action[1:3]: [-0.5960, -0.4675, 0.0596], noise: 0.0500
[RLAMPSO DEBUG iter 700] w=0.3924, c1=1.8936, c2=1.4115 | fitness=1560.68
[REWARD DEBUG iter 700] FitnessImprovement: 0.0000 → Reward: -1.0000 (prevFit=1560.68, currFit=1560.68)
DQN-PSO iter 100/1000 | Fitness: 1748.29 | w=0.802 c1=2.500 c2=0.500
[ACTION DEBUG iter 800] Raw action[1:3]: [-0.7267, -0.1778, -0.7242], noise: 0.0500
[RLAMPSO DEBUG iter 800] w=0.2832, c1=1.8870, c2=0.9366 | fitness=1631.20
[REWARD DEBUG iter 800] FitnessImprovement: 0.0000 → Reward: +1.0000 (prevFit=1631.20, currFit=1631.20)
[ACTION DEBUG iter 800] Raw action[1:3]: [0.9800, 0.2370, 0.8523], noise: 0.0500
[RLAMPSO DEBUG iter 800] w=0.5574, c1=1.0763, c2=1.4069 | fitness=1592.19
[REWARD DEBUG iter 800] FitnessImprovement: 0.0002 → Reward: +1.0000 (prevFit=1592.19, currFit=1592.19)
[ACTION DEBUG iter 800] Raw action[1:3]: [0.8206, 0.3604, 0.9883], noise: 0.0500
[ACTION DEBUG iter 800] WARNING: 3/20 actions clipped (network saturating)
[RLAMPSO DEBUG iter 800] w=0.5210, c1=1.3081, c2=1.2844 | fitness=1743.08
[REWARD DEBUG iter 800] FitnessImprovement: 0.0000 → Reward: -1.0000 (prevFit=1743.08, currFit=1743.08)
[ACTION DEBUG iter 800] Raw action[1:3]: [0.9734, 0.8933, -0.9904], noise: 0.0500
[ACTION DEBUG iter 800] WARNING: 4/20 actions clipped (network saturating)
[RLAMPSO DEBUG iter 800] w=0.5036, c1=1.5352, c2=1.4438 | fitness=1584.94
[REWARD DEBUG iter 800] FitnessImprovement: 0.0000 → Reward: +1.0000 (prevFit=1584.94, currFit=1584.94)
[ACTION DEBUG iter 800] Raw action[1:3]: [0.9549, 0.9811, -0.9146], noise: 0.0500
[ACTION DEBUG iter 800] WARNING: 5/20 actions clipped (network saturating)
[RLAMPSO DEBUG iter 800] w=0.3447, c1=0.9000, c2=0.9000 | fitness=1865.07
[REWARD DEBUG iter 800] FitnessImprovement: 0.0001 → Reward: +1.0000 (prevFit=1865.07, currFit=1865.07)
[ACTION DEBUG iter 800] Raw action[1:3]: [-0.8884, 0.8471, -0.8007], noise: 0.0500
[ACTION DEBUG iter 800] WARNING: 1/20 actions clipped (network saturating)
[RLAMPSO DEBUG iter 800] w=0.3365, c1=2.1000, c2=1.3838 | fitness=1605.93
[REWARD DEBUG iter 800] FitnessImprovement: 0.0000 → Reward: -1.0000 (prevFit=1605.93, currFit=1605.93)
[ACTION DEBUG iter 800] Raw action[1:3]: [-0.9529, 0.1366, -0.9311], noise: 0.0500
[RLAMPSO DEBUG iter 800] w=0.5958, c1=1.5201, c2=1.3000 | fitness=1614.40
[REWARD DEBUG iter 800] FitnessImprovement: 0.0000 → Reward: -1.0000 (prevFit=1614.40, currFit=1614.40)
[ACTION DEBUG iter 800] Raw action[1:3]: [-0.9783, -0.9003, 0.0607], noise: 0.0500
[ACTION DEBUG iter 800] WARNING: 2/20 actions clipped (network saturating)
[RLAMPSO DEBUG iter 800] w=0.2679, c1=1.3697, c2=1.7000 | fitness=1637.97
[REWARD DEBUG iter 800] FitnessImprovement: 0.0001 → Reward: +1.0000 (prevFit=1637.97, currFit=1637.97)
[ACTION DEBUG iter 800] Raw action[1:3]: [-0.9804, -0.8541, -0.6758], noise: 0.0500
[ACTION DEBUG iter 800] WARNING: 5/20 actions clipped (network saturating)
[RLAMPSO DEBUG iter 800] w=0.3506, c1=1.5280, c2=1.2158 | fitness=1621.59
[REWARD DEBUG iter 800] FitnessImprovement: 0.0002 → Reward: +1.0000 (prevFit=1621.59, currFit=1621.59)
[ACTION DEBUG iter 800] Raw action[1:3]: [0.2165, 0.9934, 0.5753], noise: 0.0500
[ACTION DEBUG iter 800] WARNING: 4/20 actions clipped (network saturating)
[RLAMPSO DEBUG iter 800] w=0.6583, c1=1.1202, c2=1.9749 | fitness=1660.74
[REWARD DEBUG iter 800] FitnessImprovement: 0.0000 → Reward: -1.0000 (prevFit=1660.74, currFit=1660.74)
[ACTION DEBUG iter 800] Raw action[1:3]: [-0.9783, -0.6886, 0.1969], noise: 0.0500
[ACTION DEBUG iter 800] WARNING: 1/20 actions clipped (network saturating)
[RLAMPSO DEBUG iter 800] w=0.3695, c1=1.7000, c2=1.3000 | fitness=1559.51
[REWARD DEBUG iter 800] FitnessImprovement: 0.0000 → Reward: -1.0000 (prevFit=1559.51, currFit=1559.51)
[ACTION DEBUG iter 800] Raw action[1:3]: [0.7265, 0.9589, 0.9997], noise: 0.0500
[ACTION DEBUG iter 800] WARNING: 6/20 actions clipped (network saturating)
[RLAMPSO DEBUG iter 800] w=0.7163, c1=2.1000, c2=1.7000 | fitness=1589.83
[REWARD DEBUG iter 800] FitnessImprovement: 0.0000 → Reward: -1.0000 (prevFit=1589.83, currFit=1589.83)
DQN-PSO iter 100/1000 | Fitness: 1669.58 | w=0.100 c1=2.250 c2=0.700
DQN-PSO iter 150/1000 | Fitness: 1741.48 | w=0.241 c1=2.500 c2=0.500

========== Planning Complete ==========
Algorithm: RLAMPSO
Execution time: 83.1596 seconds
Path length: 163.2988 units
Waypoints: 7
Best fitness: 1660.7351
========================================


========== Direct Global Planning ==========
Algorithm: DQN_PSO
Start: [10.0, 95.0, 10.0]
Goal:  [97.0, 2.0, 10.0]
============================================

Warning: DQN-PSO (paper) is homogeneous; forcing paramMode to global.
> In <a href="matlab:matlab.lang.internal.introspective.errorDocCallback('globalPathPlanningDQNPSO', '/Users/hust-hwashin621m/Desktop/vietanhpaper-2/algorithms/dqn_pso/globalPathPlanningDQNPSO.m', 15)" style="font-weight:bold">globalPathPlanningDQNPSO</a> (<a href="matlab: opentoline('/Users/hust-hwashin621m/Desktop/vietanhpaper-2/algorithms/dqn_pso/globalPathPlanningDQNPSO.m',15,0)">line 15</a>)
In <a href="matlab:matlab.lang.internal.introspective.errorDocCallback('callGlobalPlanningAlgorithm', '/Users/hust-hwashin621m/Desktop/vietanhpaper-2/algorithms/callGlobalPlanningAlgorithm.m', 219)" style="font-weight:bold">callGlobalPlanningAlgorithm</a> (<a href="matlab: opentoline('/Users/hust-hwashin621m/Desktop/vietanhpaper-2/algorithms/callGlobalPlanningAlgorithm.m',219,0)">line 219</a>)
In <a href="matlab:matlab.lang.internal.introspective.errorDocCallback('directGlobalPlanning', '/Users/hust-hwashin621m/Desktop/vietanhpaper-2/shared/path_planning/directGlobalPlanning.m', 59)" style="font-weight:bold">directGlobalPlanning</a> (<a href="matlab: opentoline('/Users/hust-hwashin621m/Desktop/vietanhpaper-2/shared/path_planning/directGlobalPlanning.m',59,0)">line 59</a>)
In <a href="matlab:matlab.lang.internal.introspective.errorDocCallback('run_comparison>@(varargin)directGlobalPlanning(varargin{:})', '/Users/hust-hwashin621m/Desktop/vietanhpaper-2/run_comparison.m', 274)" style="font-weight:bold">run_comparison>@(varargin)directGlobalPlanning(varargin{:})</a> (<a href="matlab: opentoline('/Users/hust-hwashin621m/Desktop/vietanhpaper-2/run_comparison.m',274,0)">line 274</a>)
In <a href="matlab:matlab.lang.internal.introspective.errorDocCallback('compare_algorithms>runAlgorithmBatch', '/Users/hust-hwashin621m/Desktop/vietanhpaper-2/scripts/compare_algorithms.m', 139)" style="font-weight:bold">compare_algorithms>runAlgorithmBatch</a> (<a href="matlab: opentoline('/Users/hust-hwashin621m/Desktop/vietanhpaper-2/scripts/compare_algorithms.m',139,0)">line 139</a>)
Starting DQN-PSO (HMM + DQN) - Mode: global
[ACTION DEBUG iter 900] Raw action[1:3]: [0.9976, 0.3691, 0.8872], noise: 0.0500
[ACTION DEBUG iter 900] WARNING: 3/20 actions clipped (network saturating)
[RLAMPSO DEBUG iter 900] w=0.5085, c1=1.2083, c2=1.7000 | fitness=1592.17
[REWARD DEBUG iter 900] FitnessImprovement: 0.0015 → Reward: +1.0000 (prevFit=1592.17, currFit=1592.16)
[ACTION DEBUG iter 900] Raw action[1:3]: [-0.8800, 0.4517, -0.7666], noise: 0.0500
[ACTION DEBUG iter 900] WARNING: 2/20 actions clipped (network saturating)
[RLAMPSO DEBUG iter 900] w=0.5394, c1=2.1000, c2=0.6211 | fitness=1631.20
[REWARD DEBUG iter 900] FitnessImprovement: 0.0000 → Reward: +1.0000 (prevFit=1631.20, currFit=1631.20)
[ACTION DEBUG iter 900] Raw action[1:3]: [-0.9985, 0.7671, -0.9751], noise: 0.0500
[ACTION DEBUG iter 900] WARNING: 3/20 actions clipped (network saturating)
[RLAMPSO DEBUG iter 900] w=0.5130, c1=1.5158, c2=1.7000 | fitness=1613.90
[ACTION DEBUG iter 900] Raw action[1:3]: [0.7797, -0.8657, 0.9980], noise: 0.0500
[ACTION DEBUG iter 900] WARNING: 3/20 actions clipped (network saturating)
[RLAMPSO DEBUG iter 900] w=0.4743, c1=1.3000, c2=2.1000 | fitness=1742.71
[REWARD DEBUG iter 900] FitnessImprovement: 0.0035 → Reward: +1.0000 (prevFit=1742.71, currFit=1742.71)
[ACTION DEBUG iter 900] Raw action[1:3]: [0.7625, 0.9970, -0.5545], noise: 0.0500
[ACTION DEBUG iter 900] WARNING: 5/20 actions clipped (network saturating)
[RLAMPSO DEBUG iter 900] w=0.4042, c1=0.5861, c2=0.9000 | fitness=1865.07
[REWARD DEBUG iter 900] FitnessImprovement: 0.0000 → Reward: -1.0000 (prevFit=1865.07, currFit=1865.07)
[REWARD DEBUG iter 900] FitnessImprovement: 0.0000 → Reward: -1.0000 (prevFit=1613.90, currFit=1613.90)
[ACTION DEBUG iter 900] Raw action[1:3]: [0.9945, 0.8919, -0.9990], noise: 0.0500
[ACTION DEBUG iter 900] WARNING: 7/20 actions clipped (network saturating)
[RLAMPSO DEBUG iter 900] w=0.5544, c1=1.5977, c2=1.6032 | fitness=1584.45
[REWARD DEBUG iter 900] FitnessImprovement: 0.0000 → Reward: -1.0000 (prevFit=1584.45, currFit=1584.45)

========== Planning Complete ==========
Algorithm: RLAMPSO
Execution time: 85.9750 seconds
Path length: 155.8486 units
Waypoints: 7
Best fitness: 1589.8342
========================================


========== Direct Global Planning ==========
Algorithm: DQN_PSO
Start: [10.0, 95.0, 10.0]
Goal:  [97.0, 2.0, 10.0]
============================================

Warning: DQN-PSO (paper) is homogeneous; forcing paramMode to global.
> In <a href="matlab:matlab.lang.internal.introspective.errorDocCallback('globalPathPlanningDQNPSO', '/Users/hust-hwashin621m/Desktop/vietanhpaper-2/algorithms/dqn_pso/globalPathPlanningDQNPSO.m', 15)" style="font-weight:bold">globalPathPlanningDQNPSO</a> (<a href="matlab: opentoline('/Users/hust-hwashin621m/Desktop/vietanhpaper-2/algorithms/dqn_pso/globalPathPlanningDQNPSO.m',15,0)">line 15</a>)
In <a href="matlab:matlab.lang.internal.introspective.errorDocCallback('callGlobalPlanningAlgorithm', '/Users/hust-hwashin621m/Desktop/vietanhpaper-2/algorithms/callGlobalPlanningAlgorithm.m', 219)" style="font-weight:bold">callGlobalPlanningAlgorithm</a> (<a href="matlab: opentoline('/Users/hust-hwashin621m/Desktop/vietanhpaper-2/algorithms/callGlobalPlanningAlgorithm.m',219,0)">line 219</a>)
In <a href="matlab:matlab.lang.internal.introspective.errorDocCallback('directGlobalPlanning', '/Users/hust-hwashin621m/Desktop/vietanhpaper-2/shared/path_planning/directGlobalPlanning.m', 59)" style="font-weight:bold">directGlobalPlanning</a> (<a href="matlab: opentoline('/Users/hust-hwashin621m/Desktop/vietanhpaper-2/shared/path_planning/directGlobalPlanning.m',59,0)">line 59</a>)
In <a href="matlab:matlab.lang.internal.introspective.errorDocCallback('run_comparison>@(varargin)directGlobalPlanning(varargin{:})', '/Users/hust-hwashin621m/Desktop/vietanhpaper-2/run_comparison.m', 274)" style="font-weight:bold">run_comparison>@(varargin)directGlobalPlanning(varargin{:})</a> (<a href="matlab: opentoline('/Users/hust-hwashin621m/Desktop/vietanhpaper-2/run_comparison.m',274,0)">line 274</a>)
In <a href="matlab:matlab.lang.internal.introspective.errorDocCallback('compare_algorithms>runAlgorithmBatch', '/Users/hust-hwashin621m/Desktop/vietanhpaper-2/scripts/compare_algorithms.m', 139)" style="font-weight:bold">compare_algorithms>runAlgorithmBatch</a> (<a href="matlab: opentoline('/Users/hust-hwashin621m/Desktop/vietanhpaper-2/scripts/compare_algorithms.m',139,0)">line 139</a>)
Starting DQN-PSO (HMM + DQN) - Mode: global
[ACTION DEBUG iter 900] Raw action[1:3]: [-0.9810, 0.5623, -0.3138], noise: 0.0500
[ACTION DEBUG iter 900] WARNING: 4/20 actions clipped (network saturating)
[RLAMPSO DEBUG iter 900] w=0.3777, c1=2.1000, c2=1.6770 | fitness=1605.76
[REWARD DEBUG iter 900] FitnessImprovement: 0.0289 → Reward: +1.0000 (prevFit=1605.76, currFit=1605.73)
[ACTION DEBUG iter 900] Raw action[1:3]: [-0.9979, -0.9720, -0.3515], noise: 0.0500
[ACTION DEBUG iter 900] WARNING: 4/20 actions clipped (network saturating)
[RLAMPSO DEBUG iter 900] w=0.3753, c1=1.9411, c2=1.6803 | fitness=1634.12
[REWARD DEBUG iter 900] FitnessImprovement: 0.0002 → Reward: +1.0000 (prevFit=1634.12, currFit=1634.12)
[ACTION DEBUG iter 900] Raw action[1:3]: [-0.9981, -0.8215, -0.7186], noise: 0.0500
[ACTION DEBUG iter 900] WARNING: 7/20 actions clipped (network saturating)
[RLAMPSO DEBUG iter 900] w=0.2099, c1=1.4338, c2=1.1969 | fitness=1621.49
[REWARD DEBUG iter 900] FitnessImprovement: 0.0000 → Reward: +1.0000 (prevFit=1621.49, currFit=1621.49)
[ACTION DEBUG iter 900] Raw action[1:3]: [-0.9775, 0.1748, -0.1081], noise: 0.0500
[ACTION DEBUG iter 900] WARNING: 3/20 actions clipped (network saturating)
[RLAMPSO DEBUG iter 900] w=0.4581, c1=1.7014, c2=0.9920 | fitness=1559.50
[REWARD DEBUG iter 900] FitnessImprovement: 0.0007 → Reward: +1.0000 (prevFit=1559.50, currFit=1559.50)
DQN-PSO iter 200/1000 | Fitness: 1740.13 | w=0.900 c1=2.500 c2=0.500
DQN-PSO iter 150/1000 | Fitness: 1665.44 | w=0.100 c1=2.400 c2=0.600
DQN-PSO iter 50/1000 | Fitness: 2084.07 | w=0.100 c1=2.100 c2=0.900
DQN-PSO iter 50/1000 | Fitness: 2138.34 | w=0.148 c1=2.500 c2=0.500
[ACTION DEBUG iter 1000] Raw action[1:3]: [0.9920, 0.6011, 0.6984], noise: 0.0500
[ACTION DEBUG iter 1000] WARNING: 1/20 actions clipped (network saturating)
[RLAMPSO DEBUG iter 1000] w=0.5958, c1=1.3131, c2=1.7338 | fitness=1591.67
[ACTION DEBUG iter 1000] Raw action[1:3]: [-0.9243, 0.7319, -0.9030], noise: 0.0500
[ACTION DEBUG iter 1000] WARNING: 3/20 actions clipped (network saturating)
[RLAMPSO DEBUG iter 1000] w=0.4579, c1=2.1000, c2=0.9000 | fitness=1631.19
[REWARD DEBUG iter 1000] FitnessImprovement: 0.0000 → Reward: -1.0000 (prevFit=1631.19, currFit=1631.19)
[ACTION DEBUG iter 1000] Raw action[1:3]: [-1.0000, 0.9747, -0.9807], noise: 0.0500
[ACTION DEBUG iter 1000] WARNING: 6/20 actions clipped (network saturating)
[RLAMPSO DEBUG iter 1000] w=0.3677, c1=1.5331, c2=1.5203 | fitness=1613.90
[REWARD DEBUG iter 1000] FitnessImprovement: 0.0000 → Reward: -1.0000 (prevFit=1613.90, currFit=1613.90)

========== Planning Complete ==========
Algorithm: RLAMPSO
Execution time: 91.4794 seconds
Path length: 152.0385 units
Waypoints: 7
Best fitness: 1613.8954
========================================


========== Direct Global Planning ==========
Algorithm: DQN_PSO
Start: [10.0, 95.0, 10.0]
Goal:  [97.0, 2.0, 10.0]
============================================

Warning: DQN-PSO (paper) is homogeneous; forcing paramMode to global.
> In <a href="matlab:matlab.lang.internal.introspective.errorDocCallback('globalPathPlanningDQNPSO', '/Users/hust-hwashin621m/Desktop/vietanhpaper-2/algorithms/dqn_pso/globalPathPlanningDQNPSO.m', 15)" style="font-weight:bold">globalPathPlanningDQNPSO</a> (<a href="matlab: opentoline('/Users/hust-hwashin621m/Desktop/vietanhpaper-2/algorithms/dqn_pso/globalPathPlanningDQNPSO.m',15,0)">line 15</a>)
In <a href="matlab:matlab.lang.internal.introspective.errorDocCallback('callGlobalPlanningAlgorithm', '/Users/hust-hwashin621m/Desktop/vietanhpaper-2/algorithms/callGlobalPlanningAlgorithm.m', 219)" style="font-weight:bold">callGlobalPlanningAlgorithm</a> (<a href="matlab: opentoline('/Users/hust-hwashin621m/Desktop/vietanhpaper-2/algorithms/callGlobalPlanningAlgorithm.m',219,0)">line 219</a>)
In <a href="matlab:matlab.lang.internal.introspective.errorDocCallback('directGlobalPlanning', '/Users/hust-hwashin621m/Desktop/vietanhpaper-2/shared/path_planning/directGlobalPlanning.m', 59)" style="font-weight:bold">directGlobalPlanning</a> (<a href="matlab: opentoline('/Users/hust-hwashin621m/Desktop/vietanhpaper-2/shared/path_planning/directGlobalPlanning.m',59,0)">line 59</a>)
In <a href="matlab:matlab.lang.internal.introspective.errorDocCallback('run_comparison>@(varargin)directGlobalPlanning(varargin{:})', '/Users/hust-hwashin621m/Desktop/vietanhpaper-2/run_comparison.m', 274)" style="font-weight:bold">run_comparison>@(varargin)directGlobalPlanning(varargin{:})</a> (<a href="matlab: opentoline('/Users/hust-hwashin621m/Desktop/vietanhpaper-2/run_comparison.m',274,0)">line 274</a>)
In <a href="matlab:matlab.lang.internal.introspective.errorDocCallback('compare_algorithms>runAlgorithmBatch', '/Users/hust-hwashin621m/Desktop/vietanhpaper-2/scripts/compare_algorithms.m', 139)" style="font-weight:bold">compare_algorithms>runAlgorithmBatch</a> (<a href="matlab: opentoline('/Users/hust-hwashin621m/Desktop/vietanhpaper-2/scripts/compare_algorithms.m',139,0)">line 139</a>)
Starting DQN-PSO (HMM + DQN) - Mode: global
[REWARD DEBUG iter 1000] FitnessImprovement: 0.1225 → Reward: +1.0000 (prevFit=1591.67, currFit=1591.55)

========== Planning Complete ==========
Algorithm: RLAMPSO
Execution time: 91.3008 seconds
Path length: 155.1377 units
Waypoints: 7
Best fitness: 1591.5475
========================================


========== Direct Global Planning ==========
Algorithm: DQN_PSO
Start: [10.0, 95.0, 10.0]
Goal:  [97.0, 2.0, 10.0]
============================================

Warning: DQN-PSO (paper) is homogeneous; forcing paramMode to global.
> In <a href="matlab:matlab.lang.internal.introspective.errorDocCallback('globalPathPlanningDQNPSO', '/Users/hust-hwashin621m/Desktop/vietanhpaper-2/algorithms/dqn_pso/globalPathPlanningDQNPSO.m', 15)" style="font-weight:bold">globalPathPlanningDQNPSO</a> (<a href="matlab: opentoline('/Users/hust-hwashin621m/Desktop/vietanhpaper-2/algorithms/dqn_pso/globalPathPlanningDQNPSO.m',15,0)">line 15</a>)
In <a href="matlab:matlab.lang.internal.introspective.errorDocCallback('callGlobalPlanningAlgorithm', '/Users/hust-hwashin621m/Desktop/vietanhpaper-2/algorithms/callGlobalPlanningAlgorithm.m', 219)" style="font-weight:bold">callGlobalPlanningAlgorithm</a> (<a href="matlab: opentoline('/Users/hust-hwashin621m/Desktop/vietanhpaper-2/algorithms/callGlobalPlanningAlgorithm.m',219,0)">line 219</a>)
In <a href="matlab:matlab.lang.internal.introspective.errorDocCallback('directGlobalPlanning', '/Users/hust-hwashin621m/Desktop/vietanhpaper-2/shared/path_planning/directGlobalPlanning.m', 59)" style="font-weight:bold">directGlobalPlanning</a> (<a href="matlab: opentoline('/Users/hust-hwashin621m/Desktop/vietanhpaper-2/shared/path_planning/directGlobalPlanning.m',59,0)">line 59</a>)
In <a href="matlab:matlab.lang.internal.introspective.errorDocCallback('run_comparison>@(varargin)directGlobalPlanning(varargin{:})', '/Users/hust-hwashin621m/Desktop/vietanhpaper-2/run_comparison.m', 274)" style="font-weight:bold">run_comparison>@(varargin)directGlobalPlanning(varargin{:})</a> (<a href="matlab: opentoline('/Users/hust-hwashin621m/Desktop/vietanhpaper-2/run_comparison.m',274,0)">line 274</a>)
In <a href="matlab:matlab.lang.internal.introspective.errorDocCallback('compare_algorithms>runAlgorithmBatch', '/Users/hust-hwashin621m/Desktop/vietanhpaper-2/scripts/compare_algorithms.m', 139)" style="font-weight:bold">compare_algorithms>runAlgorithmBatch</a> (<a href="matlab: opentoline('/Users/hust-hwashin621m/Desktop/vietanhpaper-2/scripts/compare_algorithms.m',139,0)">line 139</a>)
Starting DQN-PSO (HMM + DQN) - Mode: global

========== Planning Complete ==========
Algorithm: RLAMPSO
Execution time: 91.4042 seconds
Path length: 148.4867 units
Waypoints: 7
Best fitness: 1631.1939
========================================


========== Direct Global Planning ==========
Algorithm: DQN_PSO
Start: [10.0, 95.0, 10.0]
Goal:  [97.0, 2.0, 10.0]
============================================

Warning: DQN-PSO (paper) is homogeneous; forcing paramMode to global.
> In <a href="matlab:matlab.lang.internal.introspective.errorDocCallback('globalPathPlanningDQNPSO', '/Users/hust-hwashin621m/Desktop/vietanhpaper-2/algorithms/dqn_pso/globalPathPlanningDQNPSO.m', 15)" style="font-weight:bold">globalPathPlanningDQNPSO</a> (<a href="matlab: opentoline('/Users/hust-hwashin621m/Desktop/vietanhpaper-2/algorithms/dqn_pso/globalPathPlanningDQNPSO.m',15,0)">line 15</a>)
In <a href="matlab:matlab.lang.internal.introspective.errorDocCallback('callGlobalPlanningAlgorithm', '/Users/hust-hwashin621m/Desktop/vietanhpaper-2/algorithms/callGlobalPlanningAlgorithm.m', 219)" style="font-weight:bold">callGlobalPlanningAlgorithm</a> (<a href="matlab: opentoline('/Users/hust-hwashin621m/Desktop/vietanhpaper-2/algorithms/callGlobalPlanningAlgorithm.m',219,0)">line 219</a>)
In <a href="matlab:matlab.lang.internal.introspective.errorDocCallback('directGlobalPlanning', '/Users/hust-hwashin621m/Desktop/vietanhpaper-2/shared/path_planning/directGlobalPlanning.m', 59)" style="font-weight:bold">directGlobalPlanning</a> (<a href="matlab: opentoline('/Users/hust-hwashin621m/Desktop/vietanhpaper-2/shared/path_planning/directGlobalPlanning.m',59,0)">line 59</a>)
In <a href="matlab:matlab.lang.internal.introspective.errorDocCallback('run_comparison>@(varargin)directGlobalPlanning(varargin{:})', '/Users/hust-hwashin621m/Desktop/vietanhpaper-2/run_comparison.m', 274)" style="font-weight:bold">run_comparison>@(varargin)directGlobalPlanning(varargin{:})</a> (<a href="matlab: opentoline('/Users/hust-hwashin621m/Desktop/vietanhpaper-2/run_comparison.m',274,0)">line 274</a>)
In <a href="matlab:matlab.lang.internal.introspective.errorDocCallback('compare_algorithms>runAlgorithmBatch', '/Users/hust-hwashin621m/Desktop/vietanhpaper-2/scripts/compare_algorithms.m', 139)" style="font-weight:bold">compare_algorithms>runAlgorithmBatch</a> (<a href="matlab: opentoline('/Users/hust-hwashin621m/Desktop/vietanhpaper-2/scripts/compare_algorithms.m',139,0)">line 139</a>)
Starting DQN-PSO (HMM + DQN) - Mode: global
[ACTION DEBUG iter 1000] Raw action[1:3]: [0.4988, 0.9843, -0.9429], noise: 0.0500
[ACTION DEBUG iter 1000] WARNING: 5/20 actions clipped (network saturating)
[RLAMPSO DEBUG iter 1000] w=0.3828, c1=0.9000, c2=0.9054 | fitness=1857.73
[REWARD DEBUG iter 1000] FitnessImprovement: 0.0002 → Reward: +1.0000 (prevFit=1857.73, currFit=1857.73)

========== Planning Complete ==========
Algorithm: RLAMPSO
Execution time: 91.5675 seconds
Path length: 190.4605 units
Waypoints: 7
Best fitness: 1857.7267
========================================


========== Direct Global Planning ==========
Algorithm: DQN_PSO
Start: [10.0, 95.0, 10.0]
Goal:  [97.0, 2.0, 10.0]
============================================

Warning: DQN-PSO (paper) is homogeneous; forcing paramMode to global.
> In <a href="matlab:matlab.lang.internal.introspective.errorDocCallback('globalPathPlanningDQNPSO', '/Users/hust-hwashin621m/Desktop/vietanhpaper-2/algorithms/dqn_pso/globalPathPlanningDQNPSO.m', 15)" style="font-weight:bold">globalPathPlanningDQNPSO</a> (<a href="matlab: opentoline('/Users/hust-hwashin621m/Desktop/vietanhpaper-2/algorithms/dqn_pso/globalPathPlanningDQNPSO.m',15,0)">line 15</a>)
In <a href="matlab:matlab.lang.internal.introspective.errorDocCallback('callGlobalPlanningAlgorithm', '/Users/hust-hwashin621m/Desktop/vietanhpaper-2/algorithms/callGlobalPlanningAlgorithm.m', 219)" style="font-weight:bold">callGlobalPlanningAlgorithm</a> (<a href="matlab: opentoline('/Users/hust-hwashin621m/Desktop/vietanhpaper-2/algorithms/callGlobalPlanningAlgorithm.m',219,0)">line 219</a>)
In <a href="matlab:matlab.lang.internal.introspective.errorDocCallback('directGlobalPlanning', '/Users/hust-hwashin621m/Desktop/vietanhpaper-2/shared/path_planning/directGlobalPlanning.m', 59)" style="font-weight:bold">directGlobalPlanning</a> (<a href="matlab: opentoline('/Users/hust-hwashin621m/Desktop/vietanhpaper-2/shared/path_planning/directGlobalPlanning.m',59,0)">line 59</a>)
In <a href="matlab:matlab.lang.internal.introspective.errorDocCallback('run_comparison>@(varargin)directGlobalPlanning(varargin{:})', '/Users/hust-hwashin621m/Desktop/vietanhpaper-2/run_comparison.m', 274)" style="font-weight:bold">run_comparison>@(varargin)directGlobalPlanning(varargin{:})</a> (<a href="matlab: opentoline('/Users/hust-hwashin621m/Desktop/vietanhpaper-2/run_comparison.m',274,0)">line 274</a>)
In <a href="matlab:matlab.lang.internal.introspective.errorDocCallback('compare_algorithms>runAlgorithmBatch', '/Users/hust-hwashin621m/Desktop/vietanhpaper-2/scripts/compare_algorithms.m', 139)" style="font-weight:bold">compare_algorithms>runAlgorithmBatch</a> (<a href="matlab: opentoline('/Users/hust-hwashin621m/Desktop/vietanhpaper-2/scripts/compare_algorithms.m',139,0)">line 139</a>)
Starting DQN-PSO (HMM + DQN) - Mode: global
[ACTION DEBUG iter 1000] Raw action[1:3]: [-0.7094, -0.9534, 0.9989], noise: 0.0500
[ACTION DEBUG iter 1000] WARNING: 3/20 actions clipped (network saturating)
[RLAMPSO DEBUG iter 1000] w=0.4904, c1=1.1572, c2=1.5624 | fitness=1742.57
[ACTION DEBUG iter 1000] Raw action[1:3]: [0.9847, 0.7097, -0.9995], noise: 0.0500
[ACTION DEBUG iter 1000] WARNING: 3/20 actions clipped (network saturating)
[RLAMPSO DEBUG iter 1000] w=0.5930, c1=2.1878, c2=1.7000 | fitness=1584.10
[REWARD DEBUG iter 1000] FitnessImprovement: 0.0000 → Reward: +1.0000 (prevFit=1742.57, currFit=1742.57)

========== Planning Complete ==========
Algorithm: RLAMPSO
Execution time: 91.7263 seconds
Path length: 162.5174 units
Waypoints: 7
Best fitness: 1742.5740
========================================


========== Direct Global Planning ==========
Algorithm: DQN_PSO
Start: [10.0, 95.0, 10.0]
Goal:  [97.0, 2.0, 10.0]
============================================

Warning: DQN-PSO (paper) is homogeneous; forcing paramMode to global.
> In <a href="matlab:matlab.lang.internal.introspective.errorDocCallback('globalPathPlanningDQNPSO', '/Users/hust-hwashin621m/Desktop/vietanhpaper-2/algorithms/dqn_pso/globalPathPlanningDQNPSO.m', 15)" style="font-weight:bold">globalPathPlanningDQNPSO</a> (<a href="matlab: opentoline('/Users/hust-hwashin621m/Desktop/vietanhpaper-2/algorithms/dqn_pso/globalPathPlanningDQNPSO.m',15,0)">line 15</a>)
In <a href="matlab:matlab.lang.internal.introspective.errorDocCallback('callGlobalPlanningAlgorithm', '/Users/hust-hwashin621m/Desktop/vietanhpaper-2/algorithms/callGlobalPlanningAlgorithm.m', 219)" style="font-weight:bold">callGlobalPlanningAlgorithm</a> (<a href="matlab: opentoline('/Users/hust-hwashin621m/Desktop/vietanhpaper-2/algorithms/callGlobalPlanningAlgorithm.m',219,0)">line 219</a>)
In <a href="matlab:matlab.lang.internal.introspective.errorDocCallback('directGlobalPlanning', '/Users/hust-hwashin621m/Desktop/vietanhpaper-2/shared/path_planning/directGlobalPlanning.m', 59)" style="font-weight:bold">directGlobalPlanning</a> (<a href="matlab: opentoline('/Users/hust-hwashin621m/Desktop/vietanhpaper-2/shared/path_planning/directGlobalPlanning.m',59,0)">line 59</a>)
In <a href="matlab:matlab.lang.internal.introspective.errorDocCallback('run_comparison>@(varargin)directGlobalPlanning(varargin{:})', '/Users/hust-hwashin621m/Desktop/vietanhpaper-2/run_comparison.m', 274)" style="font-weight:bold">run_comparison>@(varargin)directGlobalPlanning(varargin{:})</a> (<a href="matlab: opentoline('/Users/hust-hwashin621m/Desktop/vietanhpaper-2/run_comparison.m',274,0)">line 274</a>)
In <a href="matlab:matlab.lang.internal.introspective.errorDocCallback('compare_algorithms>runAlgorithmBatch', '/Users/hust-hwashin621m/Desktop/vietanhpaper-2/scripts/compare_algorithms.m', 139)" style="font-weight:bold">compare_algorithms>runAlgorithmBatch</a> (<a href="matlab: opentoline('/Users/hust-hwashin621m/Desktop/vietanhpaper-2/scripts/compare_algorithms.m',139,0)">line 139</a>)
Starting DQN-PSO (HMM + DQN) - Mode: global
[REWARD DEBUG iter 1000] FitnessImprovement: 0.0029 → Reward: +1.0000 (prevFit=1584.10, currFit=1584.09)

========== Planning Complete ==========
Algorithm: RLAMPSO
Execution time: 91.7113 seconds
Path length: 147.6161 units
Waypoints: 7
Best fitness: 1584.0941
========================================


========== Direct Global Planning ==========
Algorithm: DQN_PSO
Start: [10.0, 95.0, 10.0]
Goal:  [97.0, 2.0, 10.0]
============================================

Warning: DQN-PSO (paper) is homogeneous; forcing paramMode to global.
> In <a href="matlab:matlab.lang.internal.introspective.errorDocCallback('globalPathPlanningDQNPSO', '/Users/hust-hwashin621m/Desktop/vietanhpaper-2/algorithms/dqn_pso/globalPathPlanningDQNPSO.m', 15)" style="font-weight:bold">globalPathPlanningDQNPSO</a> (<a href="matlab: opentoline('/Users/hust-hwashin621m/Desktop/vietanhpaper-2/algorithms/dqn_pso/globalPathPlanningDQNPSO.m',15,0)">line 15</a>)
In <a href="matlab:matlab.lang.internal.introspective.errorDocCallback('callGlobalPlanningAlgorithm', '/Users/hust-hwashin621m/Desktop/vietanhpaper-2/algorithms/callGlobalPlanningAlgorithm.m', 219)" style="font-weight:bold">callGlobalPlanningAlgorithm</a> (<a href="matlab: opentoline('/Users/hust-hwashin621m/Desktop/vietanhpaper-2/algorithms/callGlobalPlanningAlgorithm.m',219,0)">line 219</a>)
In <a href="matlab:matlab.lang.internal.introspective.errorDocCallback('directGlobalPlanning', '/Users/hust-hwashin621m/Desktop/vietanhpaper-2/shared/path_planning/directGlobalPlanning.m', 59)" style="font-weight:bold">directGlobalPlanning</a> (<a href="matlab: opentoline('/Users/hust-hwashin621m/Desktop/vietanhpaper-2/shared/path_planning/directGlobalPlanning.m',59,0)">line 59</a>)
In <a href="matlab:matlab.lang.internal.introspective.errorDocCallback('run_comparison>@(varargin)directGlobalPlanning(varargin{:})', '/Users/hust-hwashin621m/Desktop/vietanhpaper-2/run_comparison.m', 274)" style="font-weight:bold">run_comparison>@(varargin)directGlobalPlanning(varargin{:})</a> (<a href="matlab: opentoline('/Users/hust-hwashin621m/Desktop/vietanhpaper-2/run_comparison.m',274,0)">line 274</a>)
In <a href="matlab:matlab.lang.internal.introspective.errorDocCallback('compare_algorithms>runAlgorithmBatch', '/Users/hust-hwashin621m/Desktop/vietanhpaper-2/scripts/compare_algorithms.m', 139)" style="font-weight:bold">compare_algorithms>runAlgorithmBatch</a> (<a href="matlab: opentoline('/Users/hust-hwashin621m/Desktop/vietanhpaper-2/scripts/compare_algorithms.m',139,0)">line 139</a>)
Starting DQN-PSO (HMM + DQN) - Mode: global
[ACTION DEBUG iter 1000] Raw action[1:3]: [-0.9962, -0.9762, -0.6663], noise: 0.0500
[ACTION DEBUG iter 1000] WARNING: 8/20 actions clipped (network saturating)
[RLAMPSO DEBUG iter 1000] w=0.4233, c1=1.0974, c2=0.9874 | fitness=1634.02
[REWARD DEBUG iter 1000] FitnessImprovement: 0.0002 → Reward: +1.0000 (prevFit=1634.02, currFit=1634.02)

========== Planning Complete ==========
Algorithm: RLAMPSO
Execution time: 92.0356 seconds
Path length: 164.7024 units
Waypoints: 7
Best fitness: 1634.0235
========================================


========== Direct Global Planning ==========
Algorithm: DQN_PSO
Start: [10.0, 95.0, 10.0]
Goal:  [97.0, 2.0, 10.0]
============================================

Warning: DQN-PSO (paper) is homogeneous; forcing paramMode to global.
> In <a href="matlab:matlab.lang.internal.introspective.errorDocCallback('globalPathPlanningDQNPSO', '/Users/hust-hwashin621m/Desktop/vietanhpaper-2/algorithms/dqn_pso/globalPathPlanningDQNPSO.m', 15)" style="font-weight:bold">globalPathPlanningDQNPSO</a> (<a href="matlab: opentoline('/Users/hust-hwashin621m/Desktop/vietanhpaper-2/algorithms/dqn_pso/globalPathPlanningDQNPSO.m',15,0)">line 15</a>)
In <a href="matlab:matlab.lang.internal.introspective.errorDocCallback('callGlobalPlanningAlgorithm', '/Users/hust-hwashin621m/Desktop/vietanhpaper-2/algorithms/callGlobalPlanningAlgorithm.m', 219)" style="font-weight:bold">callGlobalPlanningAlgorithm</a> (<a href="matlab: opentoline('/Users/hust-hwashin621m/Desktop/vietanhpaper-2/algorithms/callGlobalPlanningAlgorithm.m',219,0)">line 219</a>)
In <a href="matlab:matlab.lang.internal.introspective.errorDocCallback('directGlobalPlanning', '/Users/hust-hwashin621m/Desktop/vietanhpaper-2/shared/path_planning/directGlobalPlanning.m', 59)" style="font-weight:bold">directGlobalPlanning</a> (<a href="matlab: opentoline('/Users/hust-hwashin621m/Desktop/vietanhpaper-2/shared/path_planning/directGlobalPlanning.m',59,0)">line 59</a>)
In <a href="matlab:matlab.lang.internal.introspective.errorDocCallback('run_comparison>@(varargin)directGlobalPlanning(varargin{:})', '/Users/hust-hwashin621m/Desktop/vietanhpaper-2/run_comparison.m', 274)" style="font-weight:bold">run_comparison>@(varargin)directGlobalPlanning(varargin{:})</a> (<a href="matlab: opentoline('/Users/hust-hwashin621m/Desktop/vietanhpaper-2/run_comparison.m',274,0)">line 274</a>)
In <a href="matlab:matlab.lang.internal.introspective.errorDocCallback('compare_algorithms>runAlgorithmBatch', '/Users/hust-hwashin621m/Desktop/vietanhpaper-2/scripts/compare_algorithms.m', 139)" style="font-weight:bold">compare_algorithms>runAlgorithmBatch</a> (<a href="matlab: opentoline('/Users/hust-hwashin621m/Desktop/vietanhpaper-2/scripts/compare_algorithms.m',139,0)">line 139</a>)
Starting DQN-PSO (HMM + DQN) - Mode: global
[ACTION DEBUG iter 1000] Raw action[1:3]: [-0.9990, -0.7529, -0.9597], noise: 0.0500
[ACTION DEBUG iter 1000] WARNING: 5/20 actions clipped (network saturating)
[RLAMPSO DEBUG iter 1000] w=0.2246, c1=1.3669, c2=0.9861 | fitness=1621.49
[REWARD DEBUG iter 1000] FitnessImprovement: 0.0000 → Reward: -1.0000 (prevFit=1621.49, currFit=1621.49)

========== Planning Complete ==========
Algorithm: RLAMPSO
Execution time: 92.2270 seconds
Path length: 153.5586 units
Waypoints: 7
Best fitness: 1621.4883
========================================


========== Direct Global Planning ==========
Algorithm: DQN_PSO
Start: [10.0, 95.0, 10.0]
Goal:  [97.0, 2.0, 10.0]
============================================

[ACTION DEBUG iter 1000] Raw action[1:3]: [-0.9772, -0.9001, 0.8777], noise: 0.0500
[ACTION DEBUG iter 1000] WARNING: 2/20 actions clipped (network saturating)
[RLAMPSO DEBUG iter 1000] w=0.4774, c1=1.3000, c2=1.7000 | fitness=1592.96
Warning: DQN-PSO (paper) is homogeneous; forcing paramMode to global.
> In <a href="matlab:matlab.lang.internal.introspective.errorDocCallback('globalPathPlanningDQNPSO', '/Users/hust-hwashin621m/Desktop/vietanhpaper-2/algorithms/dqn_pso/globalPathPlanningDQNPSO.m', 15)" style="font-weight:bold">globalPathPlanningDQNPSO</a> (<a href="matlab: opentoline('/Users/hust-hwashin621m/Desktop/vietanhpaper-2/algorithms/dqn_pso/globalPathPlanningDQNPSO.m',15,0)">line 15</a>)
In <a href="matlab:matlab.lang.internal.introspective.errorDocCallback('callGlobalPlanningAlgorithm', '/Users/hust-hwashin621m/Desktop/vietanhpaper-2/algorithms/callGlobalPlanningAlgorithm.m', 219)" style="font-weight:bold">callGlobalPlanningAlgorithm</a> (<a href="matlab: opentoline('/Users/hust-hwashin621m/Desktop/vietanhpaper-2/algorithms/callGlobalPlanningAlgorithm.m',219,0)">line 219</a>)
In <a href="matlab:matlab.lang.internal.introspective.errorDocCallback('directGlobalPlanning', '/Users/hust-hwashin621m/Desktop/vietanhpaper-2/shared/path_planning/directGlobalPlanning.m', 59)" style="font-weight:bold">directGlobalPlanning</a> (<a href="matlab: opentoline('/Users/hust-hwashin621m/Desktop/vietanhpaper-2/shared/path_planning/directGlobalPlanning.m',59,0)">line 59</a>)
In <a href="matlab:matlab.lang.internal.introspective.errorDocCallback('run_comparison>@(varargin)directGlobalPlanning(varargin{:})', '/Users/hust-hwashin621m/Desktop/vietanhpaper-2/run_comparison.m', 274)" style="font-weight:bold">run_comparison>@(varargin)directGlobalPlanning(varargin{:})</a> (<a href="matlab: opentoline('/Users/hust-hwashin621m/Desktop/vietanhpaper-2/run_comparison.m',274,0)">line 274</a>)
In <a href="matlab:matlab.lang.internal.introspective.errorDocCallback('compare_algorithms>runAlgorithmBatch', '/Users/hust-hwashin621m/Desktop/vietanhpaper-2/scripts/compare_algorithms.m', 139)" style="font-weight:bold">compare_algorithms>runAlgorithmBatch</a> (<a href="matlab: opentoline('/Users/hust-hwashin621m/Desktop/vietanhpaper-2/scripts/compare_algorithms.m',139,0)">line 139</a>)
Starting DQN-PSO (HMM + DQN) - Mode: global
[REWARD DEBUG iter 1000] FitnessImprovement: 0.0056 → Reward: +1.0000 (prevFit=1592.96, currFit=1592.95)

========== Planning Complete ==========
Algorithm: RLAMPSO
Execution time: 92.4895 seconds
Path length: 157.7567 units
Waypoints: 7
Best fitness: 1592.9521
========================================


========== Direct Global Planning ==========
Algorithm: DQN_PSO
Start: [10.0, 95.0, 10.0]
Goal:  [97.0, 2.0, 10.0]
============================================

Warning: DQN-PSO (paper) is homogeneous; forcing paramMode to global.
> In <a href="matlab:matlab.lang.internal.introspective.errorDocCallback('globalPathPlanningDQNPSO', '/Users/hust-hwashin621m/Desktop/vietanhpaper-2/algorithms/dqn_pso/globalPathPlanningDQNPSO.m', 15)" style="font-weight:bold">globalPathPlanningDQNPSO</a> (<a href="matlab: opentoline('/Users/hust-hwashin621m/Desktop/vietanhpaper-2/algorithms/dqn_pso/globalPathPlanningDQNPSO.m',15,0)">line 15</a>)
In <a href="matlab:matlab.lang.internal.introspective.errorDocCallback('callGlobalPlanningAlgorithm', '/Users/hust-hwashin621m/Desktop/vietanhpaper-2/algorithms/callGlobalPlanningAlgorithm.m', 219)" style="font-weight:bold">callGlobalPlanningAlgorithm</a> (<a href="matlab: opentoline('/Users/hust-hwashin621m/Desktop/vietanhpaper-2/algorithms/callGlobalPlanningAlgorithm.m',219,0)">line 219</a>)
In <a href="matlab:matlab.lang.internal.introspective.errorDocCallback('directGlobalPlanning', '/Users/hust-hwashin621m/Desktop/vietanhpaper-2/shared/path_planning/directGlobalPlanning.m', 59)" style="font-weight:bold">directGlobalPlanning</a> (<a href="matlab: opentoline('/Users/hust-hwashin621m/Desktop/vietanhpaper-2/shared/path_planning/directGlobalPlanning.m',59,0)">line 59</a>)
In <a href="matlab:matlab.lang.internal.introspective.errorDocCallback('run_comparison>@(varargin)directGlobalPlanning(varargin{:})', '/Users/hust-hwashin621m/Desktop/vietanhpaper-2/run_comparison.m', 274)" style="font-weight:bold">run_comparison>@(varargin)directGlobalPlanning(varargin{:})</a> (<a href="matlab: opentoline('/Users/hust-hwashin621m/Desktop/vietanhpaper-2/run_comparison.m',274,0)">line 274</a>)
In <a href="matlab:matlab.lang.internal.introspective.errorDocCallback('compare_algorithms>runAlgorithmBatch', '/Users/hust-hwashin621m/Desktop/vietanhpaper-2/scripts/compare_algorithms.m', 139)" style="font-weight:bold">compare_algorithms>runAlgorithmBatch</a> (<a href="matlab: opentoline('/Users/hust-hwashin621m/Desktop/vietanhpaper-2/scripts/compare_algorithms.m',139,0)">line 139</a>)
Starting DQN-PSO (HMM + DQN) - Mode: global
[ACTION DEBUG iter 1000] Raw action[1:3]: [-0.7048, -0.6673, -0.7277], noise: 0.0500
[ACTION DEBUG iter 1000] WARNING: 2/20 actions clipped (network saturating)
[RLAMPSO DEBUG iter 1000] w=0.4261, c1=2.1000, c2=1.4590 | fitness=1559.40
[REWARD DEBUG iter 1000] FitnessImprovement: 0.0030 → Reward: +1.0000 (prevFit=1559.40, currFit=1559.40)

========== Planning Complete ==========
Algorithm: RLAMPSO
Execution time: 92.9502 seconds
Path length: 161.1338 units
Waypoints: 7
Best fitness: 1559.4015
========================================


========== Direct Global Planning ==========
Algorithm: DQN_PSO
Start: [10.0, 95.0, 10.0]
Goal:  [97.0, 2.0, 10.0]
============================================

Warning: DQN-PSO (paper) is homogeneous; forcing paramMode to global.
> In <a href="matlab:matlab.lang.internal.introspective.errorDocCallback('globalPathPlanningDQNPSO', '/Users/hust-hwashin621m/Desktop/vietanhpaper-2/algorithms/dqn_pso/globalPathPlanningDQNPSO.m', 15)" style="font-weight:bold">globalPathPlanningDQNPSO</a> (<a href="matlab: opentoline('/Users/hust-hwashin621m/Desktop/vietanhpaper-2/algorithms/dqn_pso/globalPathPlanningDQNPSO.m',15,0)">line 15</a>)
In <a href="matlab:matlab.lang.internal.introspective.errorDocCallback('callGlobalPlanningAlgorithm', '/Users/hust-hwashin621m/Desktop/vietanhpaper-2/algorithms/callGlobalPlanningAlgorithm.m', 219)" style="font-weight:bold">callGlobalPlanningAlgorithm</a> (<a href="matlab: opentoline('/Users/hust-hwashin621m/Desktop/vietanhpaper-2/algorithms/callGlobalPlanningAlgorithm.m',219,0)">line 219</a>)
In <a href="matlab:matlab.lang.internal.introspective.errorDocCallback('directGlobalPlanning', '/Users/hust-hwashin621m/Desktop/vietanhpaper-2/shared/path_planning/directGlobalPlanning.m', 59)" style="font-weight:bold">directGlobalPlanning</a> (<a href="matlab: opentoline('/Users/hust-hwashin621m/Desktop/vietanhpaper-2/shared/path_planning/directGlobalPlanning.m',59,0)">line 59</a>)
In <a href="matlab:matlab.lang.internal.introspective.errorDocCallback('run_comparison>@(varargin)directGlobalPlanning(varargin{:})', '/Users/hust-hwashin621m/Desktop/vietanhpaper-2/run_comparison.m', 274)" style="font-weight:bold">run_comparison>@(varargin)directGlobalPlanning(varargin{:})</a> (<a href="matlab: opentoline('/Users/hust-hwashin621m/Desktop/vietanhpaper-2/run_comparison.m',274,0)">line 274</a>)
In <a href="matlab:matlab.lang.internal.introspective.errorDocCallback('compare_algorithms>runAlgorithmBatch', '/Users/hust-hwashin621m/Desktop/vietanhpaper-2/scripts/compare_algorithms.m', 139)" style="font-weight:bold">compare_algorithms>runAlgorithmBatch</a> (<a href="matlab: opentoline('/Users/hust-hwashin621m/Desktop/vietanhpaper-2/scripts/compare_algorithms.m',139,0)">line 139</a>)
Starting DQN-PSO (HMM + DQN) - Mode: global
DQN-PSO iter 200/1000 | Fitness: 1665.26 | w=0.400 c1=2.500 c2=0.500
DQN-PSO iter 250/1000 | Fitness: 1739.72 | w=0.401 c1=2.500 c2=0.500
DQN-PSO iter 100/1000 | Fitness: 2074.46 | w=0.492 c1=2.500 c2=0.500
DQN-PSO iter 50/1000 | Fitness: 1721.55 | w=0.100 c1=0.850 c2=1.800
DQN-PSO iter 50/1000 | Fitness: 1867.93 | w=0.100 c1=2.150 c2=0.850
DQN-PSO iter 50/1000 | Fitness: 1763.99 | w=0.100 c1=0.500 c2=2.500
DQN-PSO iter 50/1000 | Fitness: 1552.46 | w=0.100 c1=0.500 c2=2.500
DQN-PSO iter 50/1000 | Fitness: 2010.55 | w=0.668 c1=2.500 c2=0.500
DQN-PSO iter 50/1000 | Fitness: 1605.96 | w=0.100 c1=0.500 c2=2.500
DQN-PSO iter 50/1000 | Fitness: 1931.57 | w=0.100 c1=1.850 c2=1.150
DQN-PSO iter 50/1000 | Fitness: 1652.59 | w=0.900 c1=1.650 c2=1.350
DQN-PSO iter 50/1000 | Fitness: 1930.23 | w=0.100 c1=0.500 c2=2.500
DQN-PSO iter 50/1000 | Fitness: 1880.52 | w=0.100 c1=1.550 c2=1.400
DQN-PSO iter 100/1000 | Fitness: 2056.54 | w=0.900 c1=0.850 c2=2.050
DQN-PSO iter 300/1000 | Fitness: 1739.20 | w=0.100 c1=2.400 c2=0.600
DQN-PSO iter 250/1000 | Fitness: 1663.22 | w=0.900 c1=2.350 c2=0.600
DQN-PSO iter 150/1000 | Fitness: 2073.09 | w=0.795 c1=2.500 c2=0.500
DQN-PSO iter 100/1000 | Fitness: 1656.18 | w=0.900 c1=0.600 c2=2.300
DQN-PSO iter 100/1000 | Fitness: 1828.95 | w=0.584 c1=2.500 c2=0.500
DQN-PSO iter 100/1000 | Fitness: 1740.98 | w=0.100 c1=0.500 c2=2.500
DQN-PSO iter 100/1000 | Fitness: 1546.78 | w=0.100 c1=0.500 c2=2.500
DQN-PSO iter 100/1000 | Fitness: 1786.18 | w=0.426 c1=2.500 c2=0.500
DQN-PSO iter 100/1000 | Fitness: 1559.63 | w=0.100 c1=0.500 c2=2.500
DQN-PSO iter 100/1000 | Fitness: 1814.89 | w=0.900 c1=2.500 c2=0.500
DQN-PSO iter 100/1000 | Fitness: 1621.97 | w=0.100 c1=0.900 c2=2.200
DQN-PSO iter 100/1000 | Fitness: 1913.14 | w=0.100 c1=0.500 c2=2.500
DQN-PSO iter 150/1000 | Fitness: 1998.73 | w=0.203 c1=2.350 c2=0.800
DQN-PSO iter 100/1000 | Fitness: 1804.33 | w=0.489 c1=2.500 c2=0.500
DQN-PSO iter 350/1000 | Fitness: 1738.90 | w=0.408 c1=2.500 c2=0.500
DQN-PSO iter 300/1000 | Fitness: 1659.77 | w=0.900 c1=2.500 c2=0.500
DQN-PSO iter 200/1000 | Fitness: 2070.11 | w=0.900 c1=2.500 c2=0.500
DQN-PSO iter 150/1000 | Fitness: 1708.33 | w=0.100 c1=0.500 c2=2.500
DQN-PSO iter 150/1000 | Fitness: 1653.01 | w=0.100 c1=0.500 c2=2.500
DQN-PSO iter 150/1000 | Fitness: 1812.96 | w=0.426 c1=2.350 c2=0.500
DQN-PSO iter 150/1000 | Fitness: 1784.44 | w=0.100 c1=2.300 c2=0.700
DQN-PSO iter 150/1000 | Fitness: 1550.52 | w=0.100 c1=0.500 c2=2.500
DQN-PSO iter 150/1000 | Fitness: 1756.95 | w=0.433 c1=2.500 c2=0.500
DQN-PSO iter 150/1000 | Fitness: 1546.74 | w=0.100 c1=0.800 c2=2.300
DQN-PSO iter 150/1000 | Fitness: 1903.85 | w=0.437 c1=0.700 c2=2.400
DQN-PSO iter 150/1000 | Fitness: 1620.22 | w=0.100 c1=0.700 c2=2.500
DQN-PSO iter 150/1000 | Fitness: 1804.32 | w=0.900 c1=2.500 c2=0.500
DQN-PSO iter 200/1000 | Fitness: 1998.28 | w=0.813 c1=2.150 c2=1.000
DQN-PSO iter 350/1000 | Fitness: 1642.74 | w=0.900 c1=2.500 c2=0.500
DQN-PSO iter 400/1000 | Fitness: 1738.05 | w=0.900 c1=2.350 c2=0.600
DQN-PSO iter 250/1000 | Fitness: 2039.22 | w=0.900 c1=2.350 c2=0.600
DQN-PSO iter 200/1000 | Fitness: 1707.45 | w=0.100 c1=0.500 c2=2.500
DQN-PSO iter 200/1000 | Fitness: 1621.18 | w=0.100 c1=0.800 c2=2.150
DQN-PSO iter 200/1000 | Fitness: 1809.52 | w=0.118 c1=2.500 c2=0.500
DQN-PSO iter 200/1000 | Fitness: 1784.21 | w=0.574 c1=2.500 c2=0.500
DQN-PSO iter 200/1000 | Fitness: 1546.50 | w=0.100 c1=0.700 c2=2.450
DQN-PSO iter 200/1000 | Fitness: 1537.52 | w=0.680 c1=0.700 c2=2.350
DQN-PSO iter 200/1000 | Fitness: 1902.96 | w=0.100 c1=0.500 c2=2.500
DQN-PSO iter 200/1000 | Fitness: 1744.37 | w=0.400 c1=2.500 c2=0.500
DQN-PSO iter 200/1000 | Fitness: 1619.45 | w=0.333 c1=1.350 c2=1.800
DQN-PSO iter 250/1000 | Fitness: 1998.28 | w=0.461 c1=2.500 c2=0.500
DQN-PSO iter 200/1000 | Fitness: 1804.30 | w=0.100 c1=2.400 c2=0.600
DQN-PSO iter 400/1000 | Fitness: 1622.73 | w=0.603 c1=2.500 c2=0.500
DQN-PSO iter 450/1000 | Fitness: 1737.42 | w=0.900 c1=2.500 c2=0.500
DQN-PSO iter 300/1000 | Fitness: 2035.45 | w=0.900 c1=2.500 c2=0.500
DQN-PSO iter 250/1000 | Fitness: 1705.60 | w=0.100 c1=1.100 c2=2.300
DQN-PSO iter 250/1000 | Fitness: 1618.79 | w=0.636 c1=0.600 c2=2.400
DQN-PSO iter 250/1000 | Fitness: 1807.00 | w=0.900 c1=2.500 c2=0.500
DQN-PSO iter 250/1000 | Fitness: 1783.93 | w=0.900 c1=2.500 c2=0.500
DQN-PSO iter 250/1000 | Fitness: 1546.14 | w=0.100 c1=0.650 c2=2.350
DQN-PSO iter 250/1000 | Fitness: 1534.58 | w=0.900 c1=0.750 c2=2.250
DQN-PSO iter 300/1000 | Fitness: 1998.28 | w=0.100 c1=2.300 c2=0.750
DQN-PSO iter 250/1000 | Fitness: 1730.87 | w=0.900 c1=2.500 c2=0.500
DQN-PSO iter 250/1000 | Fitness: 1804.29 | w=0.405 c1=2.500 c2=0.550
DQN-PSO iter 250/1000 | Fitness: 1902.82 | w=0.100 c1=0.500 c2=2.500
DQN-PSO iter 250/1000 | Fitness: 1619.43 | w=0.400 c1=1.350 c2=1.750
DQN-PSO iter 450/1000 | Fitness: 1598.73 | w=0.900 c1=2.300 c2=0.550
DQN-PSO iter 500/1000 | Fitness: 1698.15 | w=0.900 c1=2.450 c2=0.500
DQN-PSO iter 350/1000 | Fitness: 2035.31 | w=0.325 c1=2.500 c2=0.500
DQN-PSO iter 300/1000 | Fitness: 1705.54 | w=0.141 c1=0.750 c2=2.400
DQN-PSO iter 300/1000 | Fitness: 1618.78 | w=0.100 c1=0.500 c2=2.500
DQN-PSO iter 300/1000 | Fitness: 1806.97 | w=0.900 c1=2.500 c2=0.500
DQN-PSO iter 300/1000 | Fitness: 1783.84 | w=0.900 c1=2.450 c2=0.500
DQN-PSO iter 300/1000 | Fitness: 1716.66 | w=0.677 c1=2.500 c2=0.500
DQN-PSO iter 300/1000 | Fitness: 1546.02 | w=0.100 c1=0.500 c2=2.500
DQN-PSO iter 300/1000 | Fitness: 1534.37 | w=0.100 c1=1.200 c2=2.000
DQN-PSO iter 350/1000 | Fitness: 1998.28 | w=0.857 c1=2.500 c2=0.500
DQN-PSO iter 300/1000 | Fitness: 1804.27 | w=0.100 c1=2.200 c2=0.800
DQN-PSO iter 300/1000 | Fitness: 1902.75 | w=0.100 c1=0.500 c2=2.500
DQN-PSO iter 300/1000 | Fitness: 1619.24 | w=0.100 c1=1.450 c2=2.200
DQN-PSO iter 550/1000 | Fitness: 1648.14 | w=0.900 c1=2.500 c2=0.500
DQN-PSO iter 500/1000 | Fitness: 1590.64 | w=0.440 c1=2.500 c2=0.500
DQN-PSO iter 400/1000 | Fitness: 2035.30 | w=0.668 c1=2.500 c2=0.500
DQN-PSO iter 350/1000 | Fitness: 1618.78 | w=0.100 c1=0.600 c2=2.500
DQN-PSO iter 350/1000 | Fitness: 1804.68 | w=0.401 c1=2.350 c2=0.500
DQN-PSO iter 350/1000 | Fitness: 1533.20 | w=0.400 c1=1.200 c2=2.400
DQN-PSO iter 350/1000 | Fitness: 1704.59 | w=0.100 c1=1.100 c2=1.650
DQN-PSO iter 350/1000 | Fitness: 1546.01 | w=0.581 c1=1.450 c2=1.400
DQN-PSO iter 350/1000 | Fitness: 1804.27 | w=0.100 c1=2.300 c2=0.700
DQN-PSO iter 350/1000 | Fitness: 1783.84 | w=0.803 c1=2.500 c2=0.500
DQN-PSO iter 400/1000 | Fitness: 1998.28 | w=0.100 c1=2.400 c2=0.700
DQN-PSO iter 350/1000 | Fitness: 1715.77 | w=0.900 c1=2.500 c2=0.500
DQN-PSO iter 350/1000 | Fitness: 1902.74 | w=0.100 c1=0.750 c2=2.400
DQN-PSO iter 350/1000 | Fitness: 1619.20 | w=0.400 c1=2.050 c2=1.600
DQN-PSO iter 600/1000 | Fitness: 1643.70 | w=0.653 c1=2.500 c2=0.500
DQN-PSO iter 550/1000 | Fitness: 1587.10 | w=0.100 c1=2.400 c2=0.600
DQN-PSO iter 450/1000 | Fitness: 2035.22 | w=0.491 c1=2.500 c2=0.500
DQN-PSO iter 400/1000 | Fitness: 1618.78 | w=0.100 c1=0.700 c2=2.300
DQN-PSO iter 400/1000 | Fitness: 1546.00 | w=0.900 c1=0.650 c2=2.300
DQN-PSO iter 400/1000 | Fitness: 1804.65 | w=0.393 c1=2.500 c2=0.500
DQN-PSO iter 400/1000 | Fitness: 1703.46 | w=0.100 c1=0.600 c2=2.400
DQN-PSO iter 400/1000 | Fitness: 1783.84 | w=0.204 c1=2.500 c2=0.500
DQN-PSO iter 400/1000 | Fitness: 1532.97 | w=0.400 c1=1.050 c2=2.250
DQN-PSO iter 400/1000 | Fitness: 1714.66 | w=0.900 c1=2.450 c2=0.500
DQN-PSO iter 400/1000 | Fitness: 1804.26 | w=0.100 c1=2.400 c2=0.600
DQN-PSO iter 400/1000 | Fitness: 1902.74 | w=0.100 c1=0.500 c2=2.500
DQN-PSO iter 450/1000 | Fitness: 1998.28 | w=0.100 c1=2.400 c2=0.600
DQN-PSO iter 400/1000 | Fitness: 1619.20 | w=0.405 c1=1.600 c2=1.500
DQN-PSO iter 650/1000 | Fitness: 1635.55 | w=0.900 c1=2.500 c2=0.500
DQN-PSO iter 600/1000 | Fitness: 1585.24 | w=0.419 c1=2.500 c2=0.500
DQN-PSO iter 500/1000 | Fitness: 2035.20 | w=0.900 c1=2.350 c2=0.600
DQN-PSO iter 450/1000 | Fitness: 1804.10 | w=0.900 c1=2.500 c2=0.500
DQN-PSO iter 450/1000 | Fitness: 1618.78 | w=0.100 c1=0.800 c2=2.150
DQN-PSO iter 450/1000 | Fitness: 1703.35 | w=0.179 c1=1.150 c2=2.100
DQN-PSO iter 450/1000 | Fitness: 1545.95 | w=0.100 c1=0.500 c2=2.500
DQN-PSO iter 450/1000 | Fitness: 1783.84 | w=0.100 c1=2.400 c2=0.600
DQN-PSO iter 450/1000 | Fitness: 1532.59 | w=0.100 c1=1.050 c2=2.450
DQN-PSO iter 450/1000 | Fitness: 1713.25 | w=0.900 c1=2.500 c2=0.500
DQN-PSO iter 450/1000 | Fitness: 1804.26 | w=0.371 c1=2.500 c2=0.500
DQN-PSO iter 450/1000 | Fitness: 1902.74 | w=0.100 c1=1.000 c2=2.300
DQN-PSO iter 500/1000 | Fitness: 1998.28 | w=0.709 c1=2.500 c2=0.500
DQN-PSO iter 450/1000 | Fitness: 1619.20 | w=0.900 c1=2.500 c2=0.500
DQN-PSO iter 700/1000 | Fitness: 1633.41 | w=0.403 c1=2.500 c2=0.500
DQN-PSO iter 650/1000 | Fitness: 1582.55 | w=0.413 c1=2.500 c2=0.500
DQN-PSO iter 550/1000 | Fitness: 2035.02 | w=0.428 c1=2.500 c2=0.500
DQN-PSO iter 500/1000 | Fitness: 1803.01 | w=0.900 c1=2.450 c2=0.500
DQN-PSO iter 500/1000 | Fitness: 1532.14 | w=0.100 c1=1.400 c2=2.150
DQN-PSO iter 500/1000 | Fitness: 1703.35 | w=0.802 c1=1.750 c2=1.850
DQN-PSO iter 500/1000 | Fitness: 1618.78 | w=0.404 c1=1.000 c2=2.100
DQN-PSO iter 500/1000 | Fitness: 1545.95 | w=0.400 c1=1.050 c2=2.150
DQN-PSO iter 500/1000 | Fitness: 1711.33 | w=0.100 c1=2.400 c2=0.600
DQN-PSO iter 500/1000 | Fitness: 1783.84 | w=0.100 c1=2.300 c2=0.600
DQN-PSO iter 500/1000 | Fitness: 1804.20 | w=0.179 c1=2.500 c2=0.500
DQN-PSO iter 500/1000 | Fitness: 1902.74 | w=0.606 c1=1.750 c2=1.900
DQN-PSO iter 550/1000 | Fitness: 1998.28 | w=0.269 c1=2.500 c2=0.500
DQN-PSO iter 500/1000 | Fitness: 1619.20 | w=0.900 c1=2.100 c2=0.700
DQN-PSO iter 750/1000 | Fitness: 1632.96 | w=0.400 c1=2.500 c2=0.500
DQN-PSO iter 700/1000 | Fitness: 1582.31 | w=0.900 c1=2.350 c2=0.650
DQN-PSO iter 600/1000 | Fitness: 2034.70 | w=0.100 c1=2.400 c2=0.600
DQN-PSO iter 550/1000 | Fitness: 1803.01 | w=0.410 c1=2.400 c2=0.650
DQN-PSO iter 550/1000 | Fitness: 1532.11 | w=0.900 c1=1.150 c2=2.300
DQN-PSO iter 550/1000 | Fitness: 1545.94 | w=0.900 c1=1.450 c2=1.800
DQN-PSO iter 550/1000 | Fitness: 1783.84 | w=0.100 c1=2.400 c2=0.600
DQN-PSO iter 550/1000 | Fitness: 1703.35 | w=0.900 c1=0.900 c2=2.400
DQN-PSO iter 550/1000 | Fitness: 1618.78 | w=0.900 c1=0.550 c2=2.400
DQN-PSO iter 550/1000 | Fitness: 1707.19 | w=0.100 c1=2.400 c2=0.600
DQN-PSO iter 550/1000 | Fitness: 1902.74 | w=0.400 c1=1.600 c2=1.800
DQN-PSO iter 600/1000 | Fitness: 1998.28 | w=0.319 c1=2.500 c2=0.500
DQN-PSO iter 550/1000 | Fitness: 1804.18 | w=0.228 c1=2.400 c2=0.600
DQN-PSO iter 550/1000 | Fitness: 1619.20 | w=0.100 c1=1.900 c2=1.000
DQN-PSO iter 800/1000 | Fitness: 1632.46 | w=0.669 c1=2.500 c2=0.500
DQN-PSO iter 750/1000 | Fitness: 1581.57 | w=0.404 c1=2.500 c2=0.500
DQN-PSO iter 650/1000 | Fitness: 2034.70 | w=0.748 c1=2.500 c2=0.500
DQN-PSO iter 600/1000 | Fitness: 1803.01 | w=0.698 c1=2.500 c2=0.500
DQN-PSO iter 600/1000 | Fitness: 1532.11 | w=0.900 c1=0.950 c2=2.250
DQN-PSO iter 600/1000 | Fitness: 1545.94 | w=0.400 c1=0.700 c2=2.200
DQN-PSO iter 600/1000 | Fitness: 1783.84 | w=0.665 c1=2.500 c2=0.500
DQN-PSO iter 600/1000 | Fitness: 1703.34 | w=0.400 c1=1.150 c2=1.800
DQN-PSO iter 600/1000 | Fitness: 1703.46 | w=0.349 c1=2.500 c2=0.500
DQN-PSO iter 600/1000 | Fitness: 1618.78 | w=0.407 c1=0.700 c2=2.400
DQN-PSO iter 600/1000 | Fitness: 1902.74 | w=0.164 c1=2.150 c2=1.050
DQN-PSO iter 650/1000 | Fitness: 1998.28 | w=0.514 c1=2.500 c2=0.500
DQN-PSO iter 600/1000 | Fitness: 1804.18 | w=0.826 c1=2.250 c2=0.550
DQN-PSO iter 600/1000 | Fitness: 1619.20 | w=0.100 c1=1.600 c2=1.300
DQN-PSO iter 850/1000 | Fitness: 1631.51 | w=0.405 c1=2.500 c2=0.500
DQN-PSO iter 800/1000 | Fitness: 1581.10 | w=0.100 c1=2.400 c2=0.600
DQN-PSO iter 700/1000 | Fitness: 2034.70 | w=0.900 c1=2.500 c2=0.500
DQN-PSO iter 650/1000 | Fitness: 1803.01 | w=0.900 c1=2.300 c2=0.700
DQN-PSO iter 650/1000 | Fitness: 1531.67 | w=0.100 c1=0.500 c2=2.500
DQN-PSO iter 650/1000 | Fitness: 1545.94 | w=0.267 c1=1.250 c2=1.600
DQN-PSO iter 650/1000 | Fitness: 1783.84 | w=0.433 c1=2.500 c2=0.500
DQN-PSO iter 650/1000 | Fitness: 1703.34 | w=0.400 c1=1.450 c2=1.900
DQN-PSO iter 650/1000 | Fitness: 1618.78 | w=0.454 c1=0.900 c2=1.950
DQN-PSO iter 650/1000 | Fitness: 1696.66 | w=0.400 c1=2.500 c2=0.500
DQN-PSO iter 650/1000 | Fitness: 1902.74 | w=0.323 c1=1.750 c2=1.100
DQN-PSO iter 700/1000 | Fitness: 1998.28 | w=0.900 c1=2.500 c2=0.500
DQN-PSO iter 650/1000 | Fitness: 1804.18 | w=0.100 c1=2.350 c2=0.600
DQN-PSO iter 650/1000 | Fitness: 1619.20 | w=0.100 c1=1.300 c2=1.400
DQN-PSO iter 900/1000 | Fitness: 1631.02 | w=0.100 c1=2.400 c2=0.600
DQN-PSO iter 850/1000 | Fitness: 1581.08 | w=0.100 c1=2.400 c2=0.600
DQN-PSO iter 750/1000 | Fitness: 2034.70 | w=0.111 c1=2.500 c2=0.500
DQN-PSO iter 700/1000 | Fitness: 1545.94 | w=0.100 c1=1.550 c2=1.650
DQN-PSO iter 700/1000 | Fitness: 1802.95 | w=0.900 c1=2.500 c2=0.500
DQN-PSO iter 700/1000 | Fitness: 1531.65 | w=0.900 c1=1.850 c2=1.200
DQN-PSO iter 700/1000 | Fitness: 1703.31 | w=0.100 c1=1.700 c2=1.450
DQN-PSO iter 700/1000 | Fitness: 1696.17 | w=0.900 c1=2.500 c2=0.500
DQN-PSO iter 700/1000 | Fitness: 1783.84 | w=0.620 c1=2.500 c2=0.550
DQN-PSO iter 700/1000 | Fitness: 1618.78 | w=0.405 c1=0.950 c2=2.100
DQN-PSO iter 700/1000 | Fitness: 1804.18 | w=0.406 c1=2.400 c2=0.700
DQN-PSO iter 700/1000 | Fitness: 1902.74 | w=0.100 c1=1.000 c2=1.700
DQN-PSO iter 750/1000 | Fitness: 1998.28 | w=0.900 c1=2.500 c2=0.500
DQN-PSO iter 700/1000 | Fitness: 1619.20 | w=0.100 c1=1.150 c2=1.450
DQN-PSO iter 950/1000 | Fitness: 1629.52 | w=0.900 c1=2.350 c2=0.600
DQN-PSO iter 900/1000 | Fitness: 1581.07 | w=0.453 c1=2.500 c2=0.500
DQN-PSO iter 800/1000 | Fitness: 2034.70 | w=0.100 c1=2.400 c2=0.600
DQN-PSO iter 750/1000 | Fitness: 1693.77 | w=0.900 c1=2.400 c2=0.500
DQN-PSO iter 750/1000 | Fitness: 1801.55 | w=0.400 c1=2.500 c2=0.500
DQN-PSO iter 750/1000 | Fitness: 1531.64 | w=0.715 c1=1.800 c2=1.100
DQN-PSO iter 750/1000 | Fitness: 1545.94 | w=0.100 c1=1.250 c2=2.350
DQN-PSO iter 750/1000 | Fitness: 1703.31 | w=0.870 c1=1.600 c2=1.600
DQN-PSO iter 750/1000 | Fitness: 1783.84 | w=0.100 c1=2.300 c2=0.800
DQN-PSO iter 750/1000 | Fitness: 1618.78 | w=0.100 c1=0.800 c2=2.350
DQN-PSO iter 750/1000 | Fitness: 1902.74 | w=0.100 c1=2.000 c2=1.350
DQN-PSO iter 800/1000 | Fitness: 1998.28 | w=0.893 c1=2.500 c2=0.500
DQN-PSO iter 750/1000 | Fitness: 1619.20 | w=0.419 c1=1.700 c2=1.450
DQN-PSO iter 750/1000 | Fitness: 1804.17 | w=0.900 c1=2.150 c2=1.000
DQN-PSO iter 1000/1000 | Fitness: 1627.35 | w=0.407 c1=2.500 c2=0.500
DQN-PSO completed with final fitness: 1627.3498

========== Planning Complete ==========
Algorithm: DQN_PSO
Execution time: 122.9614 seconds
Path length: 146.5094 units
Waypoints: 7
Best fitness: 1627.3498
========================================


========== Direct Global Planning ==========
Algorithm: SAC-SAPSO (Paper)
Start: [10.0, 95.0, 10.0]
Goal:  [97.0, 2.0, 10.0]
============================================


============================================
SAC-SAPSO (Paper) Global Path Planning
============================================

DQN-PSO iter 950/1000 | Fitness: 1580.58 | w=0.900 c1=2.500 c2=0.500
  [Iter  50/1000] Best: 1859.3627
  [Iter 100/1000] Best: 1819.4719
  [Iter 150/1000] Best: 1817.3886
DQN-PSO iter 800/1000 | Fitness: 1686.50 | w=0.100 c1=2.350 c2=0.600
DQN-PSO iter 800/1000 | Fitness: 1531.64 | w=0.900 c1=1.650 c2=1.050
  [Iter 200/1000] Best: 1815.8588
DQN-PSO iter 850/1000 | Fitness: 2034.70 | w=0.100 c1=2.400 c2=0.600
DQN-PSO iter 800/1000 | Fitness: 1801.55 | w=0.900 c1=2.500 c2=0.500
DQN-PSO iter 800/1000 | Fitness: 1545.94 | w=0.100 c1=0.500 c2=2.500
  [Iter 250/1000] Best: 1815.8588
DQN-PSO iter 800/1000 | Fitness: 1703.31 | w=0.507 c1=1.950 c2=1.050
DQN-PSO iter 800/1000 | Fitness: 1783.84 | w=0.100 c1=2.400 c2=0.600
  [Iter 300/1000] Best: 1815.6879
DQN-PSO iter 800/1000 | Fitness: 1902.74 | w=0.182 c1=2.500 c2=0.550
DQN-PSO iter 800/1000 | Fitness: 1618.78 | w=0.100 c1=0.500 c2=2.500
DQN-PSO iter 800/1000 | Fitness: 1804.17 | w=0.598 c1=2.500 c2=0.500
DQN-PSO iter 800/1000 | Fitness: 1619.20 | w=0.478 c1=2.500 c2=0.500
  [Iter 350/1000] Best: 1814.2913
DQN-PSO iter 850/1000 | Fitness: 1998.28 | w=0.100 c1=2.400 c2=0.600
  [Iter 400/1000] Best: 1813.2458
  [Iter 450/1000] Best: 1810.1386
DQN-PSO iter 1000/1000 | Fitness: 1580.58 | w=0.403 c1=2.500 c2=0.500
DQN-PSO completed with final fitness: 1580.5763
  [Iter 500/1000] Best: 1799.8285

========== Planning Complete ==========
Algorithm: DQN_PSO
Execution time: 121.7189 seconds
Path length: 165.6641 units
Waypoints: 7
Best fitness: 1580.5763
========================================


========== Direct Global Planning ==========
Algorithm: SAC-SAPSO (Paper)
Start: [10.0, 95.0, 10.0]
Goal:  [97.0, 2.0, 10.0]
============================================


============================================
SAC-SAPSO (Paper) Global Path Planning
============================================

  [Iter 550/1000] Best: 1777.0748
  [Iter 600/1000] Best: 1776.6353
  [Iter 650/1000] Best: 1775.9782
  [Iter  50/1000] Best: 2141.8345
  [Iter 700/1000] Best: 1773.2545
DQN-PSO iter 900/1000 | Fitness: 2034.70 | w=0.900 c1=2.500 c2=0.500
DQN-PSO iter 850/1000 | Fitness: 1685.54 | w=0.100 c1=2.400 c2=0.600
DQN-PSO iter 850/1000 | Fitness: 1531.64 | w=0.100 c1=1.150 c2=1.600
  [Iter 100/1000] Best: 2141.2665
DQN-PSO iter 850/1000 | Fitness: 1801.55 | w=0.100 c1=2.350 c2=0.600
  [Iter 750/1000] Best: 1768.3405
DQN-PSO iter 850/1000 | Fitness: 1545.94 | w=0.100 c1=0.950 c2=2.400
DQN-PSO iter 850/1000 | Fitness: 1783.84 | w=0.492 c1=2.450 c2=0.600
DQN-PSO iter 850/1000 | Fitness: 1703.31 | w=0.100 c1=1.850 c2=0.850
  [Iter 150/1000] Best: 2141.2357
  [Iter 800/1000] Best: 1767.2270
DQN-PSO iter 850/1000 | Fitness: 1902.74 | w=0.100 c1=1.550 c2=1.500
DQN-PSO iter 850/1000 | Fitness: 1618.78 | w=0.100 c1=1.400 c2=1.600
  [Iter 200/1000] Best: 2141.2348
DQN-PSO iter 850/1000 | Fitness: 1619.20 | w=0.900 c1=2.250 c2=0.600
  [Iter 850/1000] Best: 1766.4526
DQN-PSO iter 850/1000 | Fitness: 1804.17 | w=0.404 c1=2.500 c2=0.500
  [Iter 900/1000] Best: 1766.3792
DQN-PSO iter 900/1000 | Fitness: 1998.28 | w=0.139 c1=2.500 c2=0.500
  [Iter 250/1000] Best: 2141.2348
  [Iter 300/1000] Best: 2141.2348
  [Iter 950/1000] Best: 1764.8097
  [Iter 350/1000] Best: 2141.2348
  [Iter 1000/1000] Best: 1764.1728

========== Planning Complete ==========
Algorithm: SAC-SAPSO (Paper)
Execution time: 12.0274 seconds
Path length: 152.9713 units
Waypoints: 7
Best fitness: 1764.1728
========================================


========== Direct Global Planning ==========
Algorithm: PPO-PSO
Start: [10.0, 95.0, 10.0]
Goal:  [97.0, 2.0, 10.0]
============================================


============================================
PPO-PSO Global Path Planning
============================================

  [Iter 400/1000] Best: 2141.2348
  [Iter 450/1000] Best: 2141.2348
  [Iter 500/1000] Best: 2141.2348
  [Iter 550/1000] Best: 2141.2348
DQN-PSO iter 900/1000 | Fitness: 1684.70 | w=0.100 c1=2.400 c2=0.600
  [Iter 600/1000] Best: 2141.2348
DQN-PSO iter 900/1000 | Fitness: 1801.55 | w=0.900 c1=2.500 c2=0.500
DQN-PSO iter 900/1000 | Fitness: 1545.93 | w=0.100 c1=0.600 c2=2.350
DQN-PSO iter 900/1000 | Fitness: 1531.64 | w=0.834 c1=2.350 c2=0.750
  [Iter  50/1000] Best: 1912.6634
DQN-PSO iter 950/1000 | Fitness: 2034.70 | w=0.400 c1=2.500 c2=0.500
  [Iter 650/1000] Best: 2141.2348
DQN-PSO iter 900/1000 | Fitness: 1783.84 | w=0.237 c1=2.500 c2=0.500
DQN-PSO iter 900/1000 | Fitness: 1703.31 | w=0.100 c1=1.750 c2=1.100
  [Iter 700/1000] Best: 2141.2348
DQN-PSO iter 900/1000 | Fitness: 1902.74 | w=0.900 c1=2.450 c2=0.500
DQN-PSO iter 900/1000 | Fitness: 1618.78 | w=0.100 c1=0.600 c2=2.050
DQN-PSO iter 900/1000 | Fitness: 1804.17 | w=0.841 c1=2.500 c2=0.500
  [Iter 750/1000] Best: 2141.2348
  [Iter 800/1000] Best: 2141.2348
DQN-PSO iter 900/1000 | Fitness: 1619.20 | w=0.900 c1=2.500 c2=0.500
DQN-PSO iter 950/1000 | Fitness: 1998.28 | w=0.669 c1=2.500 c2=0.550
  [Iter 850/1000] Best: 2141.2348
  [Iter 900/1000] Best: 2141.2348
  [Iter 950/1000] Best: 2141.2348
  [Iter 1000/1000] Best: 2141.2348

========== Planning Complete ==========
Algorithm: SAC-SAPSO (Paper)
Execution time: 12.3342 seconds
Path length: 232.5012 units
Waypoints: 7
Best fitness: 2141.2348
========================================


========== Direct Global Planning ==========
Algorithm: PPO-PSO
Start: [10.0, 95.0, 10.0]
Goal:  [97.0, 2.0, 10.0]
============================================


============================================
PPO-PSO Global Path Planning
============================================

  [Iter 100/1000] Best: 1748.6711
DQN-PSO iter 950/1000 | Fitness: 1682.16 | w=0.900 c1=2.400 c2=0.500
DQN-PSO iter 950/1000 | Fitness: 1545.93 | w=0.900 c1=0.850 c2=2.150
DQN-PSO iter 950/1000 | Fitness: 1801.55 | w=0.229 c1=2.500 c2=0.500
DQN-PSO iter 950/1000 | Fitness: 1531.64 | w=0.198 c1=2.500 c2=0.500
DQN-PSO iter 1000/1000 | Fitness: 2034.70 | w=0.114 c1=2.500 c2=0.500
DQN-PSO completed with final fitness: 2034.6974

========== Planning Complete ==========
Algorithm: DQN_PSO
Execution time: 118.4097 seconds
Path length: 187.3928 units
Waypoints: 7
Best fitness: 2034.6974
========================================


========== Direct Global Planning ==========
Algorithm: SAC-SAPSO (Paper)
Start: [10.0, 95.0, 10.0]
Goal:  [97.0, 2.0, 10.0]
============================================


============================================
SAC-SAPSO (Paper) Global Path Planning
============================================

DQN-PSO iter 950/1000 | Fitness: 1783.83 | w=0.900 c1=2.500 c2=0.500
DQN-PSO iter 950/1000 | Fitness: 1703.31 | w=0.251 c1=1.800 c2=0.800
  [Iter  50/1000] Best: 1543.1697
DQN-PSO iter 950/1000 | Fitness: 1902.74 | w=0.225 c1=2.200 c2=0.900
  [Iter  50/1000] Best: 1987.2171
DQN-PSO iter 950/1000 | Fitness: 1618.78 | w=0.400 c1=1.150 c2=2.250
DQN-PSO iter 950/1000 | Fitness: 1619.20 | w=0.100 c1=2.300 c2=0.700
DQN-PSO iter 950/1000 | Fitness: 1804.17 | w=0.900 c1=2.500 c2=0.500
  [Iter 150/1000] Best: 1674.6028
DQN-PSO iter 1000/1000 | Fitness: 1998.28 | w=0.900 c1=2.500 c2=0.500
DQN-PSO completed with final fitness: 1998.2757

========== Planning Complete ==========
Algorithm: DQN_PSO
Execution time: 118.1265 seconds
Path length: 181.7297 units
Waypoints: 7
Best fitness: 1998.2757
========================================


========== Direct Global Planning ==========
Algorithm: SAC-SAPSO (Paper)
Start: [10.0, 95.0, 10.0]
Goal:  [97.0, 2.0, 10.0]
============================================


============================================
SAC-SAPSO (Paper) Global Path Planning
============================================

  [Iter 100/1000] Best: 1987.1465
  [Iter 150/1000] Best: 1987.1463
  [Iter  50/1000] Best: 1757.8593
  [Iter 200/1000] Best: 1987.1463
  [Iter 250/1000] Best: 1987.1463
  [Iter 100/1000] Best: 1697.3872
  [Iter 300/1000] Best: 1987.1463
  [Iter 150/1000] Best: 1695.7015
  [Iter 350/1000] Best: 1987.1463
  [Iter 200/1000] Best: 1613.3581
DQN-PSO iter 1000/1000 | Fitness: 1801.55 | w=0.900 c1=2.500 c2=0.500
DQN-PSO completed with final fitness: 1801.5515

========== Planning Complete ==========
Algorithm: DQN_PSO
Execution time: 116.3893 seconds
Path length: 160.0781 units
Waypoints: 7
Best fitness: 1801.5515
========================================


========== Direct Global Planning ==========
Algorithm: SAC-SAPSO (Paper)
Start: [10.0, 95.0, 10.0]
Goal:  [97.0, 2.0, 10.0]
============================================


============================================
SAC-SAPSO (Paper) Global Path Planning
============================================

DQN-PSO iter 1000/1000 | Fitness: 1531.64 | w=0.401 c1=2.250 c2=0.900
DQN-PSO completed with final fitness: 1531.6449

========== Planning Complete ==========
Algorithm: DQN_PSO
Execution time: 116.1093 seconds
Path length: 149.8235 units
Waypoints: 7
Best fitness: 1531.6449
========================================


========== Direct Global Planning ==========
Algorithm: SAC-SAPSO (Paper)
Start: [10.0, 95.0, 10.0]
Goal:  [97.0, 2.0, 10.0]
============================================


============================================
SAC-SAPSO (Paper) Global Path Planning
============================================

DQN-PSO iter 1000/1000 | Fitness: 1682.16 | w=0.900 c1=2.500 c2=0.500
DQN-PSO completed with final fitness: 1682.1582

========== Planning Complete ==========
Algorithm: DQN_PSO
Execution time: 115.8890 seconds
Path length: 167.0255 units
Waypoints: 7
Best fitness: 1682.1582
========================================


========== Direct Global Planning ==========
Algorithm: SAC-SAPSO (Paper)
Start: [10.0, 95.0, 10.0]
Goal:  [97.0, 2.0, 10.0]
============================================


============================================
SAC-SAPSO (Paper) Global Path Planning
============================================

  [Iter 100/1000] Best: 1459.3711
DQN-PSO iter 1000/1000 | Fitness: 1545.93 | w=0.147 c1=2.500 c2=0.600
DQN-PSO completed with final fitness: 1545.9342

========== Planning Complete ==========
Algorithm: DQN_PSO
Execution time: 116.3648 seconds
Path length: 149.9299 units
Waypoints: 7
Best fitness: 1545.9342
========================================


========== Direct Global Planning ==========
Algorithm: SAC-SAPSO (Paper)
Start: [10.0, 95.0, 10.0]
Goal:  [97.0, 2.0, 10.0]
============================================


============================================
SAC-SAPSO (Paper) Global Path Planning
============================================

DQN-PSO iter 1000/1000 | Fitness: 1783.81 | w=0.151 c1=2.500 c2=0.500
DQN-PSO completed with final fitness: 1783.8149

========== Planning Complete ==========
Algorithm: DQN_PSO
Execution time: 116.8877 seconds
Path length: 164.3257 units
Waypoints: 7
Best fitness: 1783.8149
========================================

  [Iter 200/1000] Best: 1695.6982
  [Iter 400/1000] Best: 1987.1463

========== Direct Global Planning ==========
Algorithm: SAC-SAPSO (Paper)
Start: [10.0, 95.0, 10.0]
Goal:  [97.0, 2.0, 10.0]
============================================


============================================
SAC-SAPSO (Paper) Global Path Planning
============================================

  [Iter 250/1000] Best: 1695.6982
  [Iter 450/1000] Best: 1987.1463
DQN-PSO iter 1000/1000 | Fitness: 1703.31 | w=0.767 c1=2.500 c2=0.550
DQN-PSO completed with final fitness: 1703.3068

========== Planning Complete ==========
Algorithm: DQN_PSO
Execution time: 118.4568 seconds
Path length: 159.3057 units
Waypoints: 7
Best fitness: 1703.3068
========================================


========== Direct Global Planning ==========
Algorithm: SAC-SAPSO (Paper)
Start: [10.0, 95.0, 10.0]
Goal:  [97.0, 2.0, 10.0]
============================================


============================================
SAC-SAPSO (Paper) Global Path Planning
============================================

DQN-PSO iter 1000/1000 | Fitness: 1902.74 | w=0.100 c1=2.100 c2=0.950
DQN-PSO completed with final fitness: 1902.7379

========== Planning Complete ==========
Algorithm: DQN_PSO
Execution time: 117.6709 seconds
Path length: 172.4254 units
Waypoints: 7
Best fitness: 1902.7379
========================================


========== Direct Global Planning ==========
Algorithm: SAC-SAPSO (Paper)
Start: [10.0, 95.0, 10.0]
Goal:  [97.0, 2.0, 10.0]
============================================


============================================
SAC-SAPSO (Paper) Global Path Planning
============================================

  [Iter 300/1000] Best: 1695.6982
  [Iter 500/1000] Best: 1987.1463
DQN-PSO iter 1000/1000 | Fitness: 1618.78 | w=0.400 c1=0.950 c2=2.050
DQN-PSO completed with final fitness: 1618.7773

========== Planning Complete ==========
Algorithm: DQN_PSO
Execution time: 119.3605 seconds
Path length: 149.3628 units
Waypoints: 7
Best fitness: 1618.7773
========================================


========== Direct Global Planning ==========
Algorithm: SAC-SAPSO (Paper)
Start: [10.0, 95.0, 10.0]
Goal:  [97.0, 2.0, 10.0]
============================================


============================================
SAC-SAPSO (Paper) Global Path Planning
============================================

DQN-PSO iter 1000/1000 | Fitness: 1804.17 | w=0.100 c1=2.400 c2=0.600
DQN-PSO completed with final fitness: 1804.1746

========== Planning Complete ==========
Algorithm: DQN_PSO
Execution time: 117.8422 seconds
Path length: 154.3757 units
Waypoints: 7
Best fitness: 1804.1746
========================================


========== Direct Global Planning ==========
Algorithm: SAC-SAPSO (Paper)
Start: [10.0, 95.0, 10.0]
Goal:  [97.0, 2.0, 10.0]
============================================


============================================
SAC-SAPSO (Paper) Global Path Planning
============================================

  [Iter  50/1000] Best: 1976.6861
  [Iter 250/1000] Best: 1608.0118
  [Iter  50/1000] Best: 1863.3745
DQN-PSO iter 1000/1000 | Fitness: 1619.20 | w=0.900 c1=2.100 c2=0.900
DQN-PSO completed with final fitness: 1619.1958

========== Planning Complete ==========
Algorithm: DQN_PSO
Execution time: 118.6534 seconds
Path length: 149.1436 units
Waypoints: 7
Best fitness: 1619.1958
========================================


========== Direct Global Planning ==========
Algorithm: SAC-SAPSO (Paper)
Start: [10.0, 95.0, 10.0]
Goal:  [97.0, 2.0, 10.0]
============================================


============================================
SAC-SAPSO (Paper) Global Path Planning
============================================

  [Iter  50/1000] Best: 1819.7068
  [Iter 350/1000] Best: 1695.6982
  [Iter 550/1000] Best: 1987.1463
  [Iter  50/1000] Best: 1638.7738
  [Iter  50/1000] Best: 1702.1728
  [Iter 100/1000] Best: 1847.1975
  [Iter 100/1000] Best: 1976.6785
  [Iter 600/1000] Best: 1987.1463
  [Iter 100/1000] Best: 1816.9100
  [Iter 400/1000] Best: 1695.6982
  [Iter 100/1000] Best: 1616.4651
  [Iter 100/1000] Best: 1694.4040
  [Iter 150/1000] Best: 1838.5449
  [Iter 150/1000] Best: 1976.6785
  [Iter  50/1000] Best: 1897.9132
  [Iter  50/1000] Best: 1681.0338
  [Iter 450/1000] Best: 1695.6982
  [Iter 150/1000] Best: 1815.2079
  [Iter 650/1000] Best: 1987.1463
  [Iter 150/1000] Best: 1616.4651
  [Iter 150/1000] Best: 1688.7938
  [Iter  50/1000] Best: 1722.8405
  [Iter 200/1000] Best: 1814.7268
  [Iter  50/1000] Best: 1836.4160
  [Iter 200/1000] Best: 1976.6785
  [Iter 100/1000] Best: 1855.5651
  [Iter 100/1000] Best: 1629.1646
  [Iter 700/1000] Best: 1987.1463
  [Iter 200/1000] Best: 1606.7165
  [Iter 200/1000] Best: 1837.6545
  [Iter  50/1000] Best: 1758.6475
  [Iter 200/1000] Best: 1688.6597
  [Iter 500/1000] Best: 1695.6982
  [Iter 100/1000] Best: 1715.6532
  [Iter 150/1000] Best: 1446.5406
  [Iter 250/1000] Best: 1835.6864
  [Iter 100/1000] Best: 1738.5952
  [Iter 100/1000] Best: 1824.3383
  [Iter 250/1000] Best: 1976.6785
  [Iter 150/1000] Best: 1846.8045
  [Iter 150/1000] Best: 1600.7810
  [Iter 550/1000] Best: 1695.6982
  [Iter 250/1000] Best: 1605.3461
  [Iter 250/1000] Best: 1814.0300
  [Iter 250/1000] Best: 1688.6593
  [Iter 750/1000] Best: 1987.1463
  [Iter 150/1000] Best: 1715.3990
  [Iter 150/1000] Best: 1688.2727
  [Iter 200/1000] Best: 1846.7556
  [Iter 200/1000] Best: 1589.6627
  [Iter 300/1000] Best: 1602.7655
  [Iter 300/1000] Best: 1808.3795
  [Iter 300/1000] Best: 1813.9880
  [Iter 150/1000] Best: 1781.6798
  [Iter 300/1000] Best: 1970.2040
  [Iter 600/1000] Best: 1695.6982
  [Iter 800/1000] Best: 1987.1463
  [Iter 300/1000] Best: 1688.6593
  [Iter 200/1000] Best: 1715.3989
  [Iter 350/1000] Best: 1598.2515
  [Iter 350/1000] Best: 1808.2834
  [Iter 200/1000] Best: 1603.2232
  [Iter 350/1000] Best: 1813.9851
  [Iter 200/1000] Best: 1752.3435
  [Iter 350/1000] Best: 1921.4988
  [Iter 300/1000] Best: 1606.2347
  [Iter 250/1000] Best: 1846.6570
  [Iter 250/1000] Best: 1584.9158
  [Iter 850/1000] Best: 1987.1463
  [Iter 350/1000] Best: 1688.6593
  [Iter 650/1000] Best: 1695.6982
  [Iter 250/1000] Best: 1715.3989
  [Iter 300/1000] Best: 1846.6570
  [Iter 300/1000] Best: 1583.1688
  [Iter 400/1000] Best: 1597.0700
  [Iter 400/1000] Best: 1808.2793
  [Iter 250/1000] Best: 1557.5272
  [Iter 400/1000] Best: 1813.6252
  [Iter 250/1000] Best: 1741.5981
  [Iter 400/1000] Best: 1688.6574
  [Iter 400/1000] Best: 1918.7690
  [Iter 700/1000] Best: 1695.6982
  [Iter 900/1000] Best: 1987.1463
  [Iter 300/1000] Best: 1713.3258
  [Iter 450/1000] Best: 1808.2792
  [Iter 450/1000] Best: 1918.7690
  [Iter 350/1000] Best: 1846.6570
  [Iter 350/1000] Best: 1582.9494
  [Iter 450/1000] Best: 1591.0340
  [Iter 300/1000] Best: 1554.4142
  [Iter 450/1000] Best: 1813.5253
  [Iter 300/1000] Best: 1736.5432
  [Iter 450/1000] Best: 1688.6406
  [Iter 950/1000] Best: 1987.1463
  [Iter 350/1000] Best: 1711.4429
  [Iter 750/1000] Best: 1695.6982
  [Iter 350/1000] Best: 1553.3639
  [Iter 350/1000] Best: 1736.5432
  [Iter 400/1000] Best: 1844.6174
  [Iter 200/1000] Best: 1442.6735
  [Iter 500/1000] Best: 1808.2792
  [Iter 500/1000] Best: 1813.5117
  [Iter 500/1000] Best: 1688.6406
  [Iter 500/1000] Best: 1918.7690
  [Iter 400/1000] Best: 1582.9396
  [Iter 1000/1000] Best: 1987.1463

========== Planning Complete ==========
Algorithm: SAC-SAPSO (Paper)
Execution time: 15.8415 seconds
Path length: 215.9093 units
Waypoints: 7
Best fitness: 1987.1463
========================================


========== Direct Global Planning ==========
Algorithm: PPO-PSO
Start: [10.0, 95.0, 10.0]
Goal:  [97.0, 2.0, 10.0]
============================================


============================================
PPO-PSO Global Path Planning
============================================

  [Iter 400/1000] Best: 1711.4425
  [Iter 500/1000] Best: 1582.0184
  [Iter 800/1000] Best: 1695.6982
  [Iter 450/1000] Best: 1843.8070
  [Iter 550/1000] Best: 1808.2792
  [Iter 400/1000] Best: 1552.0942
  [Iter 550/1000] Best: 1808.0415
  [Iter 400/1000] Best: 1736.5432
  [Iter 550/1000] Best: 1918.7690
  [Iter 450/1000] Best: 1582.9388
  [Iter 450/1000] Best: 1711.4425
  [Iter 550/1000] Best: 1572.5747
  [Iter 550/1000] Best: 1688.6406
  [Iter 850/1000] Best: 1695.6982
  [Iter 500/1000] Best: 1832.2153
  [Iter 600/1000] Best: 1808.2792
  [Iter 600/1000] Best: 1802.4283
  [Iter 450/1000] Best: 1734.8002
  [Iter 600/1000] Best: 1918.7690
  [Iter 500/1000] Best: 1582.9387
  [Iter 600/1000] Best: 1568.9237
  [Iter 450/1000] Best: 1548.1331
  [Iter 600/1000] Best: 1688.6406
  [Iter 900/1000] Best: 1695.6982
  [Iter 500/1000] Best: 1711.4367
  [Iter 550/1000] Best: 1814.9165
  [Iter 550/1000] Best: 1582.9387
  [Iter 650/1000] Best: 1808.2791
  [Iter 500/1000] Best: 1547.8200
  [Iter 650/1000] Best: 1688.6406
  [Iter 650/1000] Best: 1918.7690
  [Iter 350/1000] Best: 1606.1974
  [Iter 550/1000] Best: 1711.0685
  [Iter 650/1000] Best: 1568.4477
  [Iter 650/1000] Best: 1802.2498
  [Iter 500/1000] Best: 1734.8002
  [Iter 600/1000] Best: 1806.3014
  [Iter 950/1000] Best: 1695.6982
  [Iter 700/1000] Best: 1688.6406
  [Iter 600/1000] Best: 1582.9387
  [Iter 600/1000] Best: 1711.0681
  [Iter 700/1000] Best: 1568.3388
  [Iter 250/1000] Best: 1439.1408
  [Iter 700/1000] Best: 1808.2791
  [Iter 550/1000] Best: 1547.4560
  [Iter 700/1000] Best: 1802.2495
  [Iter 550/1000] Best: 1732.6868
  [Iter 700/1000] Best: 1918.7690
  [Iter 600/1000] Best: 1547.4365
  [Iter 750/1000] Best: 1688.6406
  [Iter 650/1000] Best: 1796.8434
  [Iter 650/1000] Best: 1582.9386
  [Iter 1000/1000] Best: 1695.6982

========== Planning Complete ==========
Algorithm: SAC-SAPSO (Paper)
Execution time: 16.6347 seconds
Path length: 152.1992 units
Waypoints: 7
Best fitness: 1695.6982
========================================


========== Direct Global Planning ==========
Algorithm: PPO-PSO
Start: [10.0, 95.0, 10.0]
Goal:  [97.0, 2.0, 10.0]
============================================


============================================
PPO-PSO Global Path Planning
============================================

  [Iter 600/1000] Best: 1732.6868
  [Iter 650/1000] Best: 1711.0681
  [Iter 750/1000] Best: 1808.2791
  [Iter 750/1000] Best: 1802.2489
  [Iter 750/1000] Best: 1918.7690
  [Iter 750/1000] Best: 1568.3388
  [Iter 800/1000] Best: 1688.6406
  [Iter  50/1000] Best: 1664.5806
  [Iter 650/1000] Best: 1547.2916
  [Iter 700/1000] Best: 1796.8434
  [Iter 700/1000] Best: 1582.9386
  [Iter 800/1000] Best: 1808.2791
  [Iter 650/1000] Best: 1732.6868
  [Iter 700/1000] Best: 1711.0681
  [Iter 800/1000] Best: 1567.9958
  [Iter 800/1000] Best: 1802.2433
  [Iter 800/1000] Best: 1918.7690
  [Iter 700/1000] Best: 1546.8958
  [Iter 850/1000] Best: 1688.6406
  [Iter 750/1000] Best: 1796.8434
  [Iter 750/1000] Best: 1582.9386
  [Iter 750/1000] Best: 1711.0681
  [Iter 850/1000] Best: 1808.2791
  [Iter 850/1000] Best: 1802.2385
  [Iter 700/1000] Best: 1730.8216
  [Iter 850/1000] Best: 1918.7690
  [Iter 850/1000] Best: 1567.8205
  [Iter 900/1000] Best: 1688.6406
  [Iter 800/1000] Best: 1796.8434
  [Iter 800/1000] Best: 1582.9386
  [Iter 750/1000] Best: 1546.8182
  [Iter 800/1000] Best: 1711.0681
  [Iter 900/1000] Best: 1808.2791
  [Iter 900/1000] Best: 1799.6480
  [Iter 750/1000] Best: 1727.1423
  [Iter 900/1000] Best: 1567.7121
  [Iter 900/1000] Best: 1918.7690
  [Iter 950/1000] Best: 1688.6406
  [Iter 850/1000] Best: 1792.3022
  [Iter 800/1000] Best: 1546.7807
  [Iter 400/1000] Best: 1606.1808
  [Iter 850/1000] Best: 1582.9317
  [Iter 950/1000] Best: 1798.9796
  [Iter 800/1000] Best: 1727.1423
  [Iter 850/1000] Best: 1711.0681
  [Iter 950/1000] Best: 1567.7120
  [Iter 950/1000] Best: 1808.2791
  [Iter 950/1000] Best: 1918.7690
  [Iter  50/1000] Best: 1668.3597
  [Iter 850/1000] Best: 1546.7202
  [Iter 1000/1000] Best: 1688.6406

========== Planning Complete ==========
Algorithm: SAC-SAPSO (Paper)
Execution time: 16.3634 seconds
Path length: 168.0602 units
Waypoints: 7
Best fitness: 1688.6406
========================================


========== Direct Global Planning ==========
Algorithm: PPO-PSO
Start: [10.0, 95.0, 10.0]
Goal:  [97.0, 2.0, 10.0]
============================================


============================================
PPO-PSO Global Path Planning
============================================

  [Iter 900/1000] Best: 1792.3022
  [Iter 900/1000] Best: 1582.8883
  [Iter 850/1000] Best: 1726.9142
  [Iter 900/1000] Best: 1711.0681
  [Iter 1000/1000] Best: 1808.2791

========== Planning Complete ==========
Algorithm: SAC-SAPSO (Paper)
Execution time: 17.1877 seconds
Path length: 161.4345 units
Waypoints: 7
Best fitness: 1808.2791
========================================


========== Direct Global Planning ==========
Algorithm: PPO-PSO
Start: [10.0, 95.0, 10.0]
Goal:  [97.0, 2.0, 10.0]
============================================


============================================
PPO-PSO Global Path Planning
============================================

  [Iter 1000/1000] Best: 1798.9760

========== Planning Complete ==========
Algorithm: SAC-SAPSO (Paper)
Execution time: 17.0921 seconds
Path length: 158.5810 units
Waypoints: 7
Best fitness: 1798.9760
========================================


========== Direct Global Planning ==========
Algorithm: PPO-PSO
Start: [10.0, 95.0, 10.0]
Goal:  [97.0, 2.0, 10.0]
============================================


============================================
PPO-PSO Global Path Planning
============================================

  [Iter 1000/1000] Best: 1567.7120

========== Planning Complete ==========
Algorithm: SAC-SAPSO (Paper)
Execution time: 17.3908 seconds
Path length: 169.7760 units
Waypoints: 7
Best fitness: 1567.7120
========================================


========== Direct Global Planning ==========
Algorithm: PPO-PSO
Start: [10.0, 95.0, 10.0]
Goal:  [97.0, 2.0, 10.0]
============================================


============================================
PPO-PSO Global Path Planning
============================================

  [Iter 300/1000] Best: 1437.6155
  [Iter 1000/1000] Best: 1918.7690

========== Planning Complete ==========
Algorithm: SAC-SAPSO (Paper)
Execution time: 17.3734 seconds
Path length: 207.2548 units
Waypoints: 7
Best fitness: 1918.7690
========================================


========== Direct Global Planning ==========
Algorithm: PPO-PSO
Start: [10.0, 95.0, 10.0]
Goal:  [97.0, 2.0, 10.0]
============================================


============================================
PPO-PSO Global Path Planning
============================================

  [Iter 900/1000] Best: 1546.5733
  [Iter 950/1000] Best: 1792.3022
  [Iter 950/1000] Best: 1582.8869
  [Iter 950/1000] Best: 1711.0681
  [Iter 900/1000] Best: 1726.6318
  [Iter 950/1000] Best: 1545.8847
  [Iter 1000/1000] Best: 1582.8845

========== Planning Complete ==========
Algorithm: SAC-SAPSO (Paper)
Execution time: 16.8884 seconds
Path length: 146.8261 units
Waypoints: 7
Best fitness: 1582.8845
========================================


========== Direct Global Planning ==========
Algorithm: PPO-PSO
Start: [10.0, 95.0, 10.0]
Goal:  [97.0, 2.0, 10.0]
============================================


============================================
PPO-PSO Global Path Planning
============================================

  [Iter 1000/1000] Best: 1788.4335

========== Planning Complete ==========
Algorithm: SAC-SAPSO (Paper)
Execution time: 17.0133 seconds
Path length: 172.0794 units
Waypoints: 7
Best fitness: 1788.4335
========================================


========== Direct Global Planning ==========
Algorithm: PPO-PSO
Start: [10.0, 95.0, 10.0]
Goal:  [97.0, 2.0, 10.0]
============================================


============================================
PPO-PSO Global Path Planning
============================================

  [Iter 1000/1000] Best: 1711.0681

========== Planning Complete ==========
Algorithm: SAC-SAPSO (Paper)
Execution time: 16.5422 seconds
Path length: 182.7148 units
Waypoints: 7
Best fitness: 1711.0681
========================================


========== Direct Global Planning ==========
Algorithm: PPO-PSO
Start: [10.0, 95.0, 10.0]
Goal:  [97.0, 2.0, 10.0]
============================================


============================================
PPO-PSO Global Path Planning
============================================

  [Iter 950/1000] Best: 1726.6287
  [Iter 1000/1000] Best: 1544.8626

========== Planning Complete ==========
Algorithm: SAC-SAPSO (Paper)
Execution time: 17.0651 seconds
Path length: 152.5682 units
Waypoints: 7
Best fitness: 1544.8626
========================================


========== Direct Global Planning ==========
Algorithm: PPO-PSO
Start: [10.0, 95.0, 10.0]
Goal:  [97.0, 2.0, 10.0]
============================================


============================================
PPO-PSO Global Path Planning
============================================

  [Iter 1000/1000] Best: 1721.9132

========== Planning Complete ==========
Algorithm: SAC-SAPSO (Paper)
Execution time: 18.0425 seconds
Path length: 153.0891 units
Waypoints: 7
Best fitness: 1721.9132
========================================


========== Direct Global Planning ==========
Algorithm: PPO-PSO
Start: [10.0, 95.0, 10.0]
Goal:  [97.0, 2.0, 10.0]
============================================


============================================
PPO-PSO Global Path Planning
============================================

  [Iter 100/1000] Best: 1656.8217
  [Iter 450/1000] Best: 1606.1686
  [Iter  50/1000] Best: 1626.6081
  [Iter  50/1000] Best: 1627.8345
  [Iter  50/1000] Best: 1784.7573
  [Iter  50/1000] Best: 1489.1318
  [Iter  50/1000] Best: 1857.3345
  [Iter  50/1000] Best: 1659.2307
  [Iter 350/1000] Best: 1437.0220
  [Iter  50/1000] Best: 1736.4841
  [Iter  50/1000] Best: 1613.4819
  [Iter 100/1000] Best: 1628.9275
  [Iter  50/1000] Best: 1875.0653
  [Iter  50/1000] Best: 1421.9807
  [Iter 500/1000] Best: 1606.1683
  [Iter 150/1000] Best: 1646.2363
  [Iter 400/1000] Best: 1436.7782
  [Iter 100/1000] Best: 1481.4485
  [Iter 100/1000] Best: 1441.0774
  [Iter 100/1000] Best: 1677.1294
  [Iter 100/1000] Best: 1554.2119
  [Iter 100/1000] Best: 1656.9270
  [Iter 150/1000] Best: 1623.0481
  [Iter 550/1000] Best: 1606.1680
  [Iter 100/1000] Best: 1604.9770
  [Iter 100/1000] Best: 1670.2613
  [Iter 100/1000] Best: 1807.8292
  [Iter 100/1000] Best: 1519.9519
  [Iter 200/1000] Best: 1644.4124
  [Iter 100/1000] Best: 1390.0438
  [Iter 450/1000] Best: 1436.5669
  [Iter 150/1000] Best: 1462.1302
  [Iter 150/1000] Best: 1650.0439
  [Iter 150/1000] Best: 1550.4740
  [Iter 150/1000] Best: 1638.0437
  [Iter 600/1000] Best: 1606.1670
  [Iter 200/1000] Best: 1620.6001
  [Iter 150/1000] Best: 1440.8768
  [Iter 250/1000] Best: 1644.0521
  [Iter 150/1000] Best: 1601.5189
  [Iter 150/1000] Best: 1634.7415
  [Iter 150/1000] Best: 1511.2966
  [Iter 500/1000] Best: 1436.5638
  [Iter 150/1000] Best: 1751.5645
  [Iter 150/1000] Best: 1387.1724
  [Iter 250/1000] Best: 1620.5046
  [Iter 200/1000] Best: 1546.7697
  [Iter 650/1000] Best: 1606.1659
  [Iter 200/1000] Best: 1440.8725
  [Iter 200/1000] Best: 1643.1568
  [Iter 200/1000] Best: 1458.8525
  [Iter 300/1000] Best: 1641.9934
  [Iter 200/1000] Best: 1613.0075
  [Iter 200/1000] Best: 1600.6247
  [Iter 200/1000] Best: 1629.2623
  [Iter 550/1000] Best: 1436.2499
  [Iter 200/1000] Best: 1510.8283
  [Iter 200/1000] Best: 1655.9015
  [Iter 200/1000] Best: 1384.6650
  [Iter 250/1000] Best: 1545.8052
  [Iter 250/1000] Best: 1636.4347
  [Iter 700/1000] Best: 1606.1652
  [Iter 250/1000] Best: 1440.8725
  [Iter 250/1000] Best: 1456.5922
  [Iter 300/1000] Best: 1620.4148
  [Iter 250/1000] Best: 1606.6089
  [Iter 250/1000] Best: 1600.5315
  [Iter 250/1000] Best: 1626.3615
  [Iter 250/1000] Best: 1506.6646
  [Iter 250/1000] Best: 1653.6521
  [Iter 250/1000] Best: 1384.2747
  [Iter 350/1000] Best: 1641.8317
  [Iter 600/1000] Best: 1435.8665
  [Iter 300/1000] Best: 1623.0182
  [Iter 300/1000] Best: 1545.6876
  [Iter 750/1000] Best: 1606.1650
  [Iter 350/1000] Best: 1620.4053
  [Iter 300/1000] Best: 1440.8725
  [Iter 300/1000] Best: 1454.3805
  [Iter 300/1000] Best: 1606.2767
  [Iter 300/1000] Best: 1600.5140
  [Iter 300/1000] Best: 1625.6364
  [Iter 300/1000] Best: 1506.0819
  [Iter 300/1000] Best: 1653.5729
  [Iter 400/1000] Best: 1641.8235
  [Iter 300/1000] Best: 1383.9776
  [Iter 650/1000] Best: 1435.8651
  [Iter 350/1000] Best: 1545.6853
  [Iter 800/1000] Best: 1606.1628
  [Iter 350/1000] Best: 1440.8725
  [Iter 350/1000] Best: 1615.0259
  [Iter 350/1000] Best: 1453.6006
  [Iter 400/1000] Best: 1620.2480
  [Iter 350/1000] Best: 1625.5292
  [Iter 350/1000] Best: 1606.1512
  [Iter 350/1000] Best: 1600.4997
  [Iter 700/1000] Best: 1435.8643
  [Iter 450/1000] Best: 1641.8172
  [Iter 350/1000] Best: 1653.5696
  [Iter 350/1000] Best: 1506.0552
  [Iter 350/1000] Best: 1383.9608
  [Iter 400/1000] Best: 1545.6746
  [Iter 850/1000] Best: 1606.1331
  [Iter 450/1000] Best: 1619.7027
  [Iter 400/1000] Best: 1440.8725
  [Iter 400/1000] Best: 1610.7116
  [Iter 400/1000] Best: 1453.3955
  [Iter 500/1000] Best: 1641.8118
  [Iter 750/1000] Best: 1435.8428
  [Iter 400/1000] Best: 1600.4753
  [Iter 400/1000] Best: 1606.1126
  [Iter 400/1000] Best: 1625.5048
  [Iter 400/1000] Best: 1505.9324
  [Iter 400/1000] Best: 1653.5691
  [Iter 400/1000] Best: 1383.3080
  [Iter 500/1000] Best: 1619.6873
  [Iter 450/1000] Best: 1545.6744
  [Iter 900/1000] Best: 1606.0969
  [Iter 450/1000] Best: 1440.8725
  [Iter 450/1000] Best: 1606.3116
  [Iter 450/1000] Best: 1453.3875
  [Iter 800/1000] Best: 1435.8313
  [Iter 450/1000] Best: 1600.3684
  [Iter 550/1000] Best: 1641.8117
  [Iter 450/1000] Best: 1605.9821
  [Iter 450/1000] Best: 1653.5691
  [Iter 450/1000] Best: 1606.0912
  [Iter 950/1000] Best: 1606.0942
  [Iter 450/1000] Best: 1505.9317
  [Iter 500/1000] Best: 1545.6744
  [Iter 450/1000] Best: 1383.0637
  [Iter 500/1000] Best: 1440.8725
  [Iter 500/1000] Best: 1606.1386
  [Iter 500/1000] Best: 1453.3042
  [Iter 550/1000] Best: 1619.6590
  [Iter 500/1000] Best: 1606.0652
  [Iter 500/1000] Best: 1600.2102
  [Iter 500/1000] Best: 1565.3505
  [Iter 500/1000] Best: 1651.7604
  [Iter 500/1000] Best: 1505.9316
  [Iter 850/1000] Best: 1435.8298
  [Iter 500/1000] Best: 1382.9761
  [Iter 600/1000] Best: 1641.8117
  [Iter 550/1000] Best: 1440.8725
  [Iter 550/1000] Best: 1545.6744
  [Iter 550/1000] Best: 1606.0862
  [Iter 600/1000] Best: 1619.6572
  [Iter 550/1000] Best: 1446.4616
  [Iter 1000/1000] Best: 1606.0471

========== Planning Complete ==========
Algorithm: PPO-PSO
Execution time: 84.1704 seconds
Path length: 149.9306 units
Waypoints: 7
Best fitness: 1606.0471
========================================


========== Direct Global Planning ==========
Algorithm: MPSORL
Start: [10.0, 95.0, 10.0]
Goal:  [97.0, 2.0, 10.0]
============================================

Starting MPSORL (Multi-Strategy Self-Learning PSO) path planning...
  [Iter 550/1000] Best: 1605.9898
  [Iter 550/1000] Best: 1599.8517
  [Iter 550/1000] Best: 1557.2170
  [Iter 900/1000] Best: 1435.8280
  [Iter 550/1000] Best: 1651.5305
  [Iter 550/1000] Best: 1505.9316
  [Iter 650/1000] Best: 1641.8117
  [Iter 550/1000] Best: 1382.6371
MPSORL iteration: 50/1000 - Best fitness: 2397.0741
  [Iter 600/1000] Best: 1606.0574
  [Iter 600/1000] Best: 1545.6744
  [Iter 600/1000] Best: 1440.8724
  [Iter 650/1000] Best: 1619.6239
  [Iter 950/1000] Best: 1435.8235
  [Iter 600/1000] Best: 1444.8739
  [Iter 600/1000] Best: 1601.3118
  [Iter 700/1000] Best: 1641.8117
  [Iter 600/1000] Best: 1542.9375
  [Iter 600/1000] Best: 1598.0149
  [Iter 600/1000] Best: 1651.1330
MPSORL iteration: 100/1000 - Best fitness: 2009.2232
  [Iter 600/1000] Best: 1382.5569
  [Iter 600/1000] Best: 1505.9316
  [Iter 700/1000] Best: 1619.6181
MPSORL iteration: 150/1000 - Best fitness: 1913.7958
  [Iter 650/1000] Best: 1545.6744
  [Iter 650/1000] Best: 1440.8721
  [Iter 650/1000] Best: 1606.0248
  [Iter 650/1000] Best: 1443.7376
  [Iter 650/1000] Best: 1536.3061
  [Iter 650/1000] Best: 1595.8174
  [Iter 650/1000] Best: 1597.3962
  [Iter 750/1000] Best: 1641.8117
  [Iter 650/1000] Best: 1651.0512
MPSORL iteration: 200/1000 - Best fitness: 1735.074
  [Iter 1000/1000] Best: 1435.8178

========== Planning Complete ==========
Algorithm: PPO-PSO
Execution time: 85.4408 seconds
Path length: 200.4894 units
Waypoints: 7
Best fitness: 1435.8178
========================================


========== Direct Global Planning ==========
Algorithm: MPSORL
Start: [10.0, 95.0, 10.0]
Goal:  [97.0, 2.0, 10.0]
============================================

Starting MPSORL (Multi-Strategy Self-Learning PSO) path planning...
  [Iter 700/1000] Best: 1545.6744
  [Iter 650/1000] Best: 1504.5875
  [Iter 750/1000] Best: 1619.6150
  [Iter 700/1000] Best: 1440.8720
  [Iter 700/1000] Best: 1605.8049
  [Iter 650/1000] Best: 1382.4898
  [Iter 700/1000] Best: 1595.3690
  [Iter 700/1000] Best: 1443.4455
  [Iter 700/1000] Best: 1596.4660
  [Iter 700/1000] Best: 1535.2701
MPSORL iteration: 250/1000 - Best fitness: 1655.794
MPSORL iteration: 50/1000 - Best fitness: 2257.4342
  [Iter 700/1000] Best: 1650.9270
  [Iter 700/1000] Best: 1503.4904
  [Iter 800/1000] Best: 1641.8114
  [Iter 700/1000] Best: 1382.4792
  [Iter 750/1000] Best: 1545.6744
MPSORL iteration: 300/1000 - Best fitness: 1628.0787
  [Iter 800/1000] Best: 1619.6045
MPSORL iteration: 100/1000 - Best fitness: 2159.4151
  [Iter 750/1000] Best: 1605.2133
  [Iter 750/1000] Best: 1440.8718
  [Iter 750/1000] Best: 1586.9017
  [Iter 750/1000] Best: 1534.9612
  [Iter 750/1000] Best: 1441.7459
  [Iter 750/1000] Best: 1593.8851
MPSORL iteration: 350/1000 - Best fitness: 1592.876
  [Iter 750/1000] Best: 1650.8594
  [Iter 750/1000] Best: 1503.2982
  [Iter 850/1000] Best: 1641.8114
MPSORL iteration: 150/1000 - Best fitness: 1902.1136
  [Iter 750/1000] Best: 1382.4715
  [Iter 850/1000] Best: 1619.5886
  [Iter 800/1000] Best: 1545.6744
MPSORL iteration: 400/1000 - Best fitness: 1589.0806
  [Iter 800/1000] Best: 1440.8716
MPSORL iteration: 200/1000 - Best fitness: 1857.8448
  [Iter 800/1000] Best: 1605.0115
  [Iter 800/1000] Best: 1439.6092
  [Iter 800/1000] Best: 1586.3748
  [Iter 800/1000] Best: 1593.5156
  [Iter 800/1000] Best: 1534.8295
  [Iter 800/1000] Best: 1650.8459
MPSORL iteration: 450/1000 - Best fitness: 1588.8478
  [Iter 800/1000] Best: 1503.2957
  [Iter 900/1000] Best: 1641.8112
MPSORL iteration: 250/1000 - Best fitness: 1754.4638
  [Iter 800/1000] Best: 1382.4673
  [Iter 850/1000] Best: 1545.6744
MPSORL iteration: 500/1000 - Best fitness: 1588.5366
  [Iter 900/1000] Best: 1619.5883
  [Iter 850/1000] Best: 1604.9504
  [Iter 850/1000] Best: 1436.9295
  [Iter 850/1000] Best: 1585.9017
  [Iter 850/1000] Best: 1534.6425
MPSORL iteration: 300/1000 - Best fitness: 1722.5892
  [Iter 850/1000] Best: 1440.8693
  [Iter 850/1000] Best: 1593.4729
  [Iter 950/1000] Best: 1641.8112
  [Iter 850/1000] Best: 1650.8391
MPSORL iteration: 550/1000 - Best fitness: 1588.4856
  [Iter 950/1000] Best: 1619.5785
  [Iter 850/1000] Best: 1503.2957
MPSORL iteration: 350/1000 - Best fitness: 1703.6932
  [Iter 850/1000] Best: 1382.4660
  [Iter 900/1000] Best: 1545.6744
  [Iter 900/1000] Best: 1585.7632
  [Iter 900/1000] Best: 1604.9323
MPSORL iteration: 600/1000 - Best fitness: 1588.4848
  [Iter 900/1000] Best: 1436.0733
  [Iter 900/1000] Best: 1533.9042
  [Iter 900/1000] Best: 1440.8680
  [Iter 900/1000] Best: 1593.4478
MPSORL iteration: 400/1000 - Best fitness: 1681.5443
  [Iter 900/1000] Best: 1650.8365
  [Iter 900/1000] Best: 1503.2947
  [Iter 950/1000] Best: 1545.6744
MPSORL iteration: 650/1000 - Best fitness: 1588.4841
  [Iter 1000/1000] Best: 1641.8112

========== Planning Complete ==========
Algorithm: PPO-PSO
Execution time: 84.7508 seconds
Path length: 220.0575 units
Waypoints: 7
Best fitness: 1641.8112
========================================


========== Direct Global Planning ==========
Algorithm: MPSORL
Start: [10.0, 95.0, 10.0]
Goal:  [97.0, 2.0, 10.0]
============================================

Starting MPSORL (Multi-Strategy Self-Learning PSO) path planning...
  [Iter 950/1000] Best: 1604.9276
  [Iter 900/1000] Best: 1382.3171
  [Iter 950/1000] Best: 1585.7400
  [Iter 950/1000] Best: 1533.4024
MPSORL iteration: 450/1000 - Best fitness: 1671.7597
  [Iter 950/1000] Best: 1435.8481
  [Iter 950/1000] Best: 1593.4421
  [Iter 950/1000] Best: 1440.8588
  [Iter 1000/1000] Best: 1619.5748

========== Planning Complete ==========
Algorithm: PPO-PSO
Execution time: 82.8660 seconds
Path length: 178.9563 units
Waypoints: 7
Best fitness: 1619.5748
========================================


========== Direct Global Planning ==========
Algorithm: MPSORL
Start: [10.0, 95.0, 10.0]
Goal:  [97.0, 2.0, 10.0]
============================================

Starting MPSORL (Multi-Strategy Self-Learning PSO) path planning...
  [Iter 950/1000] Best: 1650.8363
MPSORL iteration: 700/1000 - Best fitness: 1588.4831
MPSORL iteration: 50/1000 - Best fitness: 2265.6392
  [Iter 950/1000] Best: 1503.2946
MPSORL iteration: 500/1000 - Best fitness: 1666.2713
  [Iter 950/1000] Best: 1381.7329
MPSORL iteration: 50/1000 - Best fitness: 2233.9827
MPSORL iteration: 100/1000 - Best fitness: 1903.2881
MPSORL iteration: 750/1000 - Best fitness: 1588.4326
MPSORL iteration: 550/1000 - Best fitness: 1664.815
  [Iter 1000/1000] Best: 1545.6744

========== Planning Complete ==========
Algorithm: PPO-PSO
Execution time: 81.9977 seconds
Path length: 203.7521 units
Waypoints: 7
Best fitness: 1545.6744
========================================


========== Direct Global Planning ==========
Algorithm: MPSORL
Start: [10.0, 95.0, 10.0]
Goal:  [97.0, 2.0, 10.0]
============================================

Starting MPSORL (Multi-Strategy Self-Learning PSO) path planning...
  [Iter 1000/1000] Best: 1604.9266

========== Planning Complete ==========
Algorithm: PPO-PSO
Execution time: 82.4117 seconds
Path length: 208.6774 units
Waypoints: 7
Best fitness: 1604.9266
========================================


========== Direct Global Planning ==========
Algorithm: MPSORL
Start: [10.0, 95.0, 10.0]
Goal:  [97.0, 2.0, 10.0]
============================================

Starting MPSORL (Multi-Strategy Self-Learning PSO) path planning...
  [Iter 1000/1000] Best: 1585.6809

========== Planning Complete ==========
Algorithm: PPO-PSO
Execution time: 82.2148 seconds
Path length: 183.4214 units
Waypoints: 7
Best fitness: 1585.6809
========================================


========== Direct Global Planning ==========
Algorithm: MPSORL
Start: [10.0, 95.0, 10.0]
Goal:  [97.0, 2.0, 10.0]
============================================

Starting MPSORL (Multi-Strategy Self-Learning PSO) path planning...
MPSORL iteration: 100/1000 - Best fitness: 1979.487
  [Iter 1000/1000] Best: 1532.9419

========== Planning Complete ==========
Algorithm: PPO-PSO
Execution time: 80.9029 seconds
Path length: 152.5938 units
Waypoints: 7
Best fitness: 1532.9419
========================================


========== Direct Global Planning ==========
Algorithm: MPSORL
Start: [10.0, 95.0, 10.0]
Goal:  [97.0, 2.0, 10.0]
============================================

Starting MPSORL (Multi-Strategy Self-Learning PSO) path planning...
  [Iter 1000/1000] Best: 1435.6452

========== Planning Complete ==========
Algorithm: PPO-PSO
Execution time: 83.5591 seconds
Path length: 189.7656 units
Waypoints: 7
Best fitness: 1435.6452
========================================


========== Direct Global Planning ==========
Algorithm: MPSORL
Start: [10.0, 95.0, 10.0]
Goal:  [97.0, 2.0, 10.0]
============================================

Starting MPSORL (Multi-Strategy Self-Learning PSO) path planning...
  [Iter 1000/1000] Best: 1440.8356

========== Planning Complete ==========
Algorithm: PPO-PSO
Execution time: 83.4922 seconds
Path length: 184.4731 units
Waypoints: 7
Best fitness: 1440.8356
========================================


========== Direct Global Planning ==========
Algorithm: MPSORL
Start: [10.0, 95.0, 10.0]
Goal:  [97.0, 2.0, 10.0]
============================================

Starting MPSORL (Multi-Strategy Self-Learning PSO) path planning...
MPSORL iteration: 800/1000 - Best fitness: 1588.3986
  [Iter 1000/1000] Best: 1593.4409

========== Planning Complete ==========
Algorithm: PPO-PSO
Execution time: 82.3789 seconds
Path length: 193.6553 units
Waypoints: 7
Best fitness: 1593.4409
========================================


========== Direct Global Planning ==========
Algorithm: MPSORL
Start: [10.0, 95.0, 10.0]
Goal:  [97.0, 2.0, 10.0]
============================================

Starting MPSORL (Multi-Strategy Self-Learning PSO) path planning...
MPSORL iteration: 150/1000 - Best fitness: 1746.2751
MPSORL iteration: 600/1000 - Best fitness: 1664.7077
  [Iter 1000/1000] Best: 1650.8363

========== Planning Complete ==========
Algorithm: PPO-PSO
Execution time: 81.4999 seconds
Path length: 190.6676 units
Waypoints: 7
Best fitness: 1650.8363
========================================


========== Direct Global Planning ==========
Algorithm: MPSORL
Start: [10.0, 95.0, 10.0]
Goal:  [97.0, 2.0, 10.0]
============================================

Starting MPSORL (Multi-Strategy Self-Learning PSO) path planning...
MPSORL iteration: 50/1000 - Best fitness: 2162.4128
  [Iter 1000/1000] Best: 1503.2946

========== Planning Complete ==========
Algorithm: PPO-PSO
Execution time: 83.3612 seconds
Path length: 198.4271 units
Waypoints: 7
Best fitness: 1503.2946
========================================


========== Direct Global Planning ==========
Algorithm: MPSORL
Start: [10.0, 95.0, 10.0]
Goal:  [97.0, 2.0, 10.0]
============================================

Starting MPSORL (Multi-Strategy Self-Learning PSO) path planning...
MPSORL iteration: 50/1000 - Best fitness: 2153.3839
MPSORL iteration: 50/1000 - Best fitness: 2115.4666
MPSORL iteration: 50/1000 - Best fitness: 2021.2788
  [Iter 1000/1000] Best: 1381.4478

========== Planning Complete ==========
Algorithm: PPO-PSO
Execution time: 82.3230 seconds
Path length: 196.1570 units
Waypoints: 7
Best fitness: 1381.4478
========================================


========== Direct Global Planning ==========
Algorithm: MPSORL
Start: [10.0, 95.0, 10.0]
Goal:  [97.0, 2.0, 10.0]
============================================

Starting MPSORL (Multi-Strategy Self-Learning PSO) path planning...
MPSORL iteration: 50/1000 - Best fitness: 2059.9886
MPSORL iteration: 850/1000 - Best fitness: 1588.3983
MPSORL iteration: 150/1000 - Best fitness: 1880.5134
MPSORL iteration: 50/1000 - Best fitness: 2558.8623
MPSORL iteration: 200/1000 - Best fitness: 1653.2744
MPSORL iteration: 50/1000 - Best fitness: 2522.7832
MPSORL iteration: 650/1000 - Best fitness: 1664.6571
MPSORL iteration: 50/1000 - Best fitness: 2271.4175
MPSORL iteration: 100/1000 - Best fitness: 1917.9109
MPSORL iteration: 50/1000 - Best fitness: 2134.0814
MPSORL iteration: 100/1000 - Best fitness: 1866.1692
MPSORL iteration: 100/1000 - Best fitness: 1941.0732
MPSORL iteration: 200/1000 - Best fitness: 1779.697
MPSORL iteration: 100/1000 - Best fitness: 1814.6225
MPSORL iteration: 100/1000 - Best fitness: 1811.0307
MPSORL iteration: 50/1000 - Best fitness: 2124.8057
MPSORL iteration: 900/1000 - Best fitness: 1588.3983
MPSORL iteration: 250/1000 - Best fitness: 1631.3029
MPSORL iteration: 100/1000 - Best fitness: 2247.2046
MPSORL iteration: 700/1000 - Best fitness: 1664.6518
MPSORL iteration: 100/1000 - Best fitness: 2075.6513
MPSORL iteration: 100/1000 - Best fitness: 2061.064
MPSORL iteration: 150/1000 - Best fitness: 1772.6928
MPSORL iteration: 150/1000 - Best fitness: 1774.7629
MPSORL iteration: 150/1000 - Best fitness: 1728.7247
MPSORL iteration: 150/1000 - Best fitness: 1700.2853
MPSORL iteration: 100/1000 - Best fitness: 1900.1784
MPSORL iteration: 250/1000 - Best fitness: 1701.8392
MPSORL iteration: 150/1000 - Best fitness: 1663.7781
MPSORL iteration: 100/1000 - Best fitness: 1931.9229
MPSORL iteration: 950/1000 - Best fitness: 1588.3895
MPSORL iteration: 300/1000 - Best fitness: 1624.209
MPSORL iteration: 150/1000 - Best fitness: 2033.7906
MPSORL iteration: 750/1000 - Best fitness: 1664.6515
MPSORL iteration: 200/1000 - Best fitness: 1665.1206
MPSORL iteration: 150/1000 - Best fitness: 1957.1716
MPSORL iteration: 150/1000 - Best fitness: 1730.7175
MPSORL iteration: 200/1000 - Best fitness: 1653.8533
MPSORL iteration: 200/1000 - Best fitness: 1635.3065
MPSORL iteration: 200/1000 - Best fitness: 1717.3722
MPSORL iteration: 150/1000 - Best fitness: 1800.5406
MPSORL iteration: 300/1000 - Best fitness: 1691.3384
MPSORL iteration: 150/1000 - Best fitness: 1836.3425
MPSORL iteration: 200/1000 - Best fitness: 1628.673
MPSORL iteration: 1000/1000 - Best fitness: 1588.3891
MPSORL iteration: 200/1000 - Best fitness: 1899.9289
MPSORL completed with final fitness: 1588.3891

========== Planning Complete ==========
Algorithm: MPSORL
Execution time: 41.1355 seconds
Path length: 168.7435 units
Waypoints: 7
Best fitness: 1588.3891
========================================


========== Direct Global Planning ==========
Algorithm: RRSACPSO
Start: [10.0, 95.0, 10.0]
Goal:  [97.0, 2.0, 10.0]
============================================


╔══════════════════════════════════════════════════════════╗
║              RRSACPSO Global Path Planning              ║
╚══════════════════════════════════════════════════════════╝

MPSORL iteration: 350/1000 - Best fitness: 1617.2935
MPSORL iteration: 250/1000 - Best fitness: 1642.1658
MPSORL iteration: 800/1000 - Best fitness: 1664.6515
MPSORL iteration: 200/1000 - Best fitness: 1584.7159

[Episode 1/1] Starting training...
  Config: mode=online, episodes=1, iterations=1000, popSize=40
MPSORL iteration: 200/1000 - Best fitness: 1836.6924
MPSORL iteration: 250/1000 - Best fitness: 1662.3466
MPSORL iteration: 200/1000 - Best fitness: 1710.0026
MPSORL iteration: 250/1000 - Best fitness: 1649.3846
MPSORL iteration: 250/1000 - Best fitness: 1601.5788
MPSORL iteration: 250/1000 - Best fitness: 1618.5967
MPSORL iteration: 350/1000 - Best fitness: 1684.5585
MPSORL iteration: 200/1000 - Best fitness: 1806.8418
MPSORL iteration: 250/1000 - Best fitness: 1781.2809
      [Iter  50] Action stats: mean=-0.0875±0.7869 [-0.9875-0.8926]
  [Iter  50/1000] Best: 1795.4859 | Alpha: 0.2000
MPSORL iteration: 400/1000 - Best fitness: 1617.0656
MPSORL iteration: 300/1000 - Best fitness: 1612.2925
MPSORL iteration: 850/1000 - Best fitness: 1664.6515
MPSORL iteration: 250/1000 - Best fitness: 1546.7466
MPSORL iteration: 250/1000 - Best fitness: 1809.127
MPSORL iteration: 300/1000 - Best fitness: 1645.6161
MPSORL iteration: 300/1000 - Best fitness: 1595.2255
MPSORL iteration: 300/1000 - Best fitness: 1643.7133
      [Iter 100] Action stats: mean=0.1655±0.6695 [-0.8475-0.9585]
      [Iter 100] Fitness: current=1731.8946, best=1731.8946, diversity=5.337210
      [Iter 100] Reward: -1.0000
  [Iter 100/1000] Best: 1731.8946 | Alpha: 0.2000
MPSORL iteration: 250/1000 - Best fitness: 1639.0847
MPSORL iteration: 400/1000 - Best fitness: 1679.5876
MPSORL iteration: 250/1000 - Best fitness: 1754.1991
MPSORL iteration: 300/1000 - Best fitness: 1604.0005
MPSORL iteration: 450/1000 - Best fitness: 1617.0339
MPSORL iteration: 300/1000 - Best fitness: 1725.8367
MPSORL iteration: 350/1000 - Best fitness: 1607.6637
MPSORL iteration: 300/1000 - Best fitness: 1786.0632
MPSORL iteration: 900/1000 - Best fitness: 1664.6515
MPSORL iteration: 300/1000 - Best fitness: 1521.5063
MPSORL iteration: 350/1000 - Best fitness: 1593.7568
MPSORL iteration: 350/1000 - Best fitness: 1633.4876
MPSORL iteration: 300/1000 - Best fitness: 1592.7007
MPSORL iteration: 350/1000 - Best fitness: 1623.0408
MPSORL iteration: 350/1000 - Best fitness: 1593.0043
MPSORL iteration: 450/1000 - Best fitness: 1656.2493
MPSORL iteration: 300/1000 - Best fitness: 1733.895
MPSORL iteration: 500/1000 - Best fitness: 1617.0317
MPSORL iteration: 350/1000 - Best fitness: 1675.9584
MPSORL iteration: 350/1000 - Best fitness: 1516.7182
MPSORL iteration: 400/1000 - Best fitness: 1606.8239
MPSORL iteration: 350/1000 - Best fitness: 1777.2834
MPSORL iteration: 950/1000 - Best fitness: 1664.6515
MPSORL iteration: 400/1000 - Best fitness: 1592.9585
MPSORL iteration: 400/1000 - Best fitness: 1630.8682
MPSORL iteration: 350/1000 - Best fitness: 1582.3725
MPSORL iteration: 400/1000 - Best fitness: 1619.2855
MPSORL iteration: 400/1000 - Best fitness: 1589.3946
MPSORL iteration: 500/1000 - Best fitness: 1651.5504
      [Iter 150] Action stats: mean=-0.0618±0.7783 [-0.9351-0.9154]
  [Iter 150/1000] Best: 1725.9809 | Alpha: 0.1986
MPSORL iteration: 350/1000 - Best fitness: 1695.3833
MPSORL iteration: 550/1000 - Best fitness: 1617.0315
MPSORL iteration: 400/1000 - Best fitness: 1655.2896
MPSORL iteration: 400/1000 - Best fitness: 1512.3261
MPSORL iteration: 450/1000 - Best fitness: 1606.3741
MPSORL iteration: 400/1000 - Best fitness: 1766.7452
MPSORL iteration: 1000/1000 - Best fitness: 1664.6511
MPSORL completed with final fitness: 1664.6511

========== Planning Complete ==========
Algorithm: MPSORL
Execution time: 41.4496 seconds
Path length: 186.3376 units
Waypoints: 7
Best fitness: 1664.6511
========================================


========== Direct Global Planning ==========
Algorithm: RRSACPSO
Start: [10.0, 95.0, 10.0]
Goal:  [97.0, 2.0, 10.0]
============================================


╔══════════════════════════════════════════════════════════╗
║              RRSACPSO Global Path Planning              ║
╚══════════════════════════════════════════════════════════╝

MPSORL iteration: 450/1000 - Best fitness: 1592.4194
MPSORL iteration: 450/1000 - Best fitness: 1628.4758
MPSORL iteration: 550/1000 - Best fitness: 1651.0194
MPSORL iteration: 450/1000 - Best fitness: 1614.5557

[Episode 1/1] Starting training...
  Config: mode=online, episodes=1, iterations=1000, popSize=40
MPSORL iteration: 400/1000 - Best fitness: 1554.6726
MPSORL iteration: 400/1000 - Best fitness: 1687.1537
MPSORL iteration: 450/1000 - Best fitness: 1587.6328
MPSORL iteration: 600/1000 - Best fitness: 1617.0315
MPSORL iteration: 450/1000 - Best fitness: 1652.4362
MPSORL iteration: 450/1000 - Best fitness: 1510.4289
MPSORL iteration: 500/1000 - Best fitness: 1606.3182
MPSORL iteration: 450/1000 - Best fitness: 1765.9196
      [Iter  50] Action stats: mean=0.1296±0.6975 [-0.7683-0.9540]
  [Iter  50/1000] Best: 1959.7130 | Alpha: 0.2000
MPSORL iteration: 500/1000 - Best fitness: 1626.7254
MPSORL iteration: 500/1000 - Best fitness: 1591.5538
MPSORL iteration: 600/1000 - Best fitness: 1650.6744
MPSORL iteration: 500/1000 - Best fitness: 1606.8971
MPSORL iteration: 450/1000 - Best fitness: 1549.0558
      [Iter 100] Action stats: mean=-0.0572±0.7672 [-0.9848-0.9787]
      [Iter 100] Fitness: current=1891.9673, best=1891.9673, diversity=5.494226
      [Iter 100] Reward: -1.0000
  [Iter 100/1000] Best: 1891.9673 | Alpha: 0.2000
MPSORL iteration: 450/1000 - Best fitness: 1683.0597
MPSORL iteration: 500/1000 - Best fitness: 1587.2146
MPSORL iteration: 650/1000 - Best fitness: 1617.0314
MPSORL iteration: 500/1000 - Best fitness: 1652.1353
MPSORL iteration: 500/1000 - Best fitness: 1510.1417
MPSORL iteration: 550/1000 - Best fitness: 1606.2185
      [Iter 200] Action stats: mean=0.0695±0.6089 [-0.7794-0.8049]
      [Iter 200] Fitness: current=1690.9353, best=1690.9353, diversity=3.639354
      [Iter 200] Reward: -1.0000
  [Iter 200/1000] Best: 1690.9353 | Alpha: 0.1957
MPSORL iteration: 500/1000 - Best fitness: 1765.8719
MPSORL iteration: 550/1000 - Best fitness: 1591.3979
MPSORL iteration: 550/1000 - Best fitness: 1624.9359
MPSORL iteration: 550/1000 - Best fitness: 1600.7587
MPSORL iteration: 500/1000 - Best fitness: 1547.7516
MPSORL iteration: 650/1000 - Best fitness: 1650.5277
MPSORL iteration: 550/1000 - Best fitness: 1586.9268
MPSORL iteration: 550/1000 - Best fitness: 1651.8994
MPSORL iteration: 500/1000 - Best fitness: 1682.722
MPSORL iteration: 700/1000 - Best fitness: 1617.0287
MPSORL iteration: 600/1000 - Best fitness: 1606.208
MPSORL iteration: 550/1000 - Best fitness: 1509.0252
MPSORL iteration: 600/1000 - Best fitness: 1621.8147
MPSORL iteration: 550/1000 - Best fitness: 1765.8652
MPSORL iteration: 600/1000 - Best fitness: 1591.3456
MPSORL iteration: 600/1000 - Best fitness: 1599.1995
MPSORL iteration: 550/1000 - Best fitness: 1546.386
MPSORL iteration: 700/1000 - Best fitness: 1650.5215
MPSORL iteration: 600/1000 - Best fitness: 1651.8931
MPSORL iteration: 550/1000 - Best fitness: 1682.3228
MPSORL iteration: 600/1000 - Best fitness: 1586.821
MPSORL iteration: 750/1000 - Best fitness: 1617.025
MPSORL iteration: 650/1000 - Best fitness: 1606.2077
      [Iter 250] Action stats: mean=0.1313±0.6426 [-0.8459-0.9748]
      [Iter 150] Action stats: mean=0.1982±0.7011 [-0.8654-0.9895]
  [Iter 150/1000] Best: 1851.7989 | Alpha: 0.1986
MPSORL iteration: 600/1000 - Best fitness: 1508.9121
  [Iter 250/1000] Best: 1618.1911 | Alpha: 0.1928
MPSORL iteration: 600/1000 - Best fitness: 1765.864
MPSORL iteration: 650/1000 - Best fitness: 1588.9018
MPSORL iteration: 650/1000 - Best fitness: 1620.3666
MPSORL iteration: 650/1000 - Best fitness: 1589.445
MPSORL iteration: 600/1000 - Best fitness: 1546.2698
MPSORL iteration: 600/1000 - Best fitness: 1682.2529
MPSORL iteration: 650/1000 - Best fitness: 1585.748
MPSORL iteration: 750/1000 - Best fitness: 1650.4996
MPSORL iteration: 650/1000 - Best fitness: 1651.8658
MPSORL iteration: 800/1000 - Best fitness: 1615.775
MPSORL iteration: 700/1000 - Best fitness: 1606.2077
MPSORL iteration: 700/1000 - Best fitness: 1588.8973
MPSORL iteration: 650/1000 - Best fitness: 1508.5638
MPSORL iteration: 700/1000 - Best fitness: 1620.1764
MPSORL iteration: 650/1000 - Best fitness: 1765.864
MPSORL iteration: 650/1000 - Best fitness: 1546.2423
MPSORL iteration: 700/1000 - Best fitness: 1581.9298
MPSORL iteration: 650/1000 - Best fitness: 1682.2512
MPSORL iteration: 800/1000 - Best fitness: 1650.4915
MPSORL iteration: 700/1000 - Best fitness: 1651.8647
MPSORL iteration: 750/1000 - Best fitness: 1606.2077
MPSORL iteration: 700/1000 - Best fitness: 1585.3786
MPSORL iteration: 850/1000 - Best fitness: 1615.6889
MPSORL iteration: 750/1000 - Best fitness: 1588.8944
MPSORL iteration: 700/1000 - Best fitness: 1507.9739
MPSORL iteration: 750/1000 - Best fitness: 1620.1152
      [Iter 300] Action stats: mean=0.1113±0.6822 [-0.9097-0.9755]
      [Iter 300] Fitness: current=1603.5901, best=1603.5901, diversity=2.211067
      [Iter 300] Reward: -1.0000
  [Iter 300/1000] Best: 1603.5901 | Alpha: 0.1899
MPSORL iteration: 700/1000 - Best fitness: 1765.864
MPSORL iteration: 700/1000 - Best fitness: 1546.1376
MPSORL iteration: 750/1000 - Best fitness: 1581.3588
      [Iter 200] Action stats: mean=-0.2425±0.5329 [-0.9345-0.8764]
      [Iter 200] Fitness: current=1823.2512, best=1823.2512, diversity=4.695033
      [Iter 200] Reward: -1.0000
  [Iter 200/1000] Best: 1823.2512 | Alpha: 0.1957
MPSORL iteration: 850/1000 - Best fitness: 1650.487
MPSORL iteration: 750/1000 - Best fitness: 1651.8647
MPSORL iteration: 700/1000 - Best fitness: 1682.2512
MPSORL iteration: 750/1000 - Best fitness: 1585.3605
MPSORL iteration: 900/1000 - Best fitness: 1615.6824
MPSORL iteration: 800/1000 - Best fitness: 1606.2077
MPSORL iteration: 800/1000 - Best fitness: 1588.8935
MPSORL iteration: 750/1000 - Best fitness: 1505.3905
MPSORL iteration: 800/1000 - Best fitness: 1620.109
MPSORL iteration: 750/1000 - Best fitness: 1765.864
MPSORL iteration: 750/1000 - Best fitness: 1546.1248
MPSORL iteration: 900/1000 - Best fitness: 1650.4867
MPSORL iteration: 800/1000 - Best fitness: 1581.3497
MPSORL iteration: 800/1000 - Best fitness: 1651.8647
MPSORL iteration: 750/1000 - Best fitness: 1682.2512
MPSORL iteration: 800/1000 - Best fitness: 1585.3438
MPSORL iteration: 950/1000 - Best fitness: 1615.6822
MPSORL iteration: 850/1000 - Best fitness: 1606.2077
MPSORL iteration: 850/1000 - Best fitness: 1620.0994
      [Iter 350] Action stats: mean=0.2079±0.8048 [-0.8623-0.9555]
  [Iter 350/1000] Best: 1596.2757 | Alpha: 0.1871
MPSORL iteration: 800/1000 - Best fitness: 1505.3028
MPSORL iteration: 800/1000 - Best fitness: 1765.864
MPSORL iteration: 850/1000 - Best fitness: 1588.8935
      [Iter 250] Action stats: mean=0.1850±0.6206 [-0.8118-0.9622]
MPSORL iteration: 800/1000 - Best fitness: 1546.1247
MPSORL iteration: 950/1000 - Best fitness: 1650.486
MPSORL iteration: 850/1000 - Best fitness: 1581.3382
  [Iter 250/1000] Best: 1812.6134 | Alpha: 0.1928
MPSORL iteration: 850/1000 - Best fitness: 1651.8647
MPSORL iteration: 850/1000 - Best fitness: 1585.3431
MPSORL iteration: 800/1000 - Best fitness: 1682.2512
MPSORL iteration: 1000/1000 - Best fitness: 1615.6822
MPSORL completed with final fitness: 1615.6822

========== Planning Complete ==========
Algorithm: MPSORL
Execution time: 41.2184 seconds
Path length: 201.8609 units
Waypoints: 7
Best fitness: 1615.6822
========================================


========== Direct Global Planning ==========
Algorithm: RRSACPSO
Start: [10.0, 95.0, 10.0]
Goal:  [97.0, 2.0, 10.0]
============================================


╔══════════════════════════════════════════════════════════╗
║              RRSACPSO Global Path Planning              ║
╚══════════════════════════════════════════════════════════╝

MPSORL iteration: 900/1000 - Best fitness: 1606.2077
MPSORL iteration: 850/1000 - Best fitness: 1505.2958
MPSORL iteration: 900/1000 - Best fitness: 1620.0994
MPSORL iteration: 850/1000 - Best fitness: 1765.864
MPSORL iteration: 900/1000 - Best fitness: 1588.8935
MPSORL iteration: 850/1000 - Best fitness: 1546.1247
MPSORL iteration: 1000/1000 - Best fitness: 1650.461
MPSORL completed with final fitness: 1650.461

========== Planning Complete ==========
Algorithm: MPSORL
Execution time: 41.1743 seconds
Path length: 152.3800 units
Waypoints: 7
Best fitness: 1650.4610
========================================


========== Direct Global Planning ==========
Algorithm: RRSACPSO
Start: [10.0, 95.0, 10.0]
Goal:  [97.0, 2.0, 10.0]
============================================


╔══════════════════════════════════════════════════════════╗
║              RRSACPSO Global Path Planning              ║
╚══════════════════════════════════════════════════════════╝


[Episode 1/1] Starting training...
  Config: mode=online, episodes=1, iterations=1000, popSize=40
MPSORL iteration: 900/1000 - Best fitness: 1581.3357
MPSORL iteration: 900/1000 - Best fitness: 1651.8647
MPSORL iteration: 900/1000 - Best fitness: 1585.3424
MPSORL iteration: 950/1000 - Best fitness: 1606.2076
MPSORL iteration: 850/1000 - Best fitness: 1682.2512
      [Iter 400] Action stats: mean=-0.0260±0.7271 [-0.8982-0.9881]
      [Iter 400] Fitness: current=1592.5245, best=1592.5245, diversity=1.192534
      [Iter 400] Reward: -1.0000
  [Iter 400/1000] Best: 1592.5245 | Alpha: 0.1843

[Episode 1/1] Starting training...
  Config: mode=online, episodes=1, iterations=1000, popSize=40
MPSORL iteration: 950/1000 - Best fitness: 1620.0994
      [Iter  50] Action stats: mean=-0.1534±0.6521 [-0.9628-0.9785]
  [Iter  50/1000] Best: 1716.8668 | Alpha: 0.2000
MPSORL iteration: 900/1000 - Best fitness: 1504.6589
MPSORL iteration: 900/1000 - Best fitness: 1765.864
      [Iter 100] Action stats: mean=0.0838±0.7001 [-0.8375-0.9658]
      [Iter 100] Fitness: current=1682.1104, best=1682.1104, diversity=4.740312
      [Iter 100] Reward: 1.0000
  [Iter 100/1000] Best: 1682.1104 | Alpha: 0.2000
MPSORL iteration: 950/1000 - Best fitness: 1588.8935
MPSORL iteration: 900/1000 - Best fitness: 1546.1246
      [Iter 300] Action stats: mean=0.1742±0.6500 [-0.9646-0.8724]
      [Iter 300] Fitness: current=1755.4861, best=1755.4861, diversity=4.004440
      [Iter 300] Reward: 1.0000
  [Iter 300/1000] Best: 1755.4861 | Alpha: 0.1899
MPSORL iteration: 950/1000 - Best fitness: 1581.3212
MPSORL iteration: 950/1000 - Best fitness: 1651.8647
      [Iter  50] Action stats: mean=-0.0648±0.5332 [-0.8898-0.6617]
  [Iter  50/1000] Best: 1824.6828 | Alpha: 0.2000
MPSORL iteration: 900/1000 - Best fitness: 1682.2512
MPSORL iteration: 950/1000 - Best fitness: 1585.3424
MPSORL iteration: 1000/1000 - Best fitness: 1606.2076
MPSORL completed with final fitness: 1606.2076

========== Planning Complete ==========
Algorithm: MPSORL
Execution time: 40.5735 seconds
Path length: 169.4698 units
Waypoints: 7
Best fitness: 1606.2076
========================================


========== Direct Global Planning ==========
Algorithm: RRSACPSO
Start: [10.0, 95.0, 10.0]
Goal:  [97.0, 2.0, 10.0]
============================================


╔══════════════════════════════════════════════════════════╗
║              RRSACPSO Global Path Planning              ║
╚══════════════════════════════════════════════════════════╝

MPSORL iteration: 1000/1000 - Best fitness: 1620.0772
MPSORL completed with final fitness: 1620.0772

========== Planning Complete ==========
Algorithm: MPSORL
Execution time: 40.4644 seconds
Path length: 184.6177 units
Waypoints: 7
Best fitness: 1620.0772
========================================


========== Direct Global Planning ==========
Algorithm: RRSACPSO
Start: [10.0, 95.0, 10.0]
Goal:  [97.0, 2.0, 10.0]
============================================

MPSORL iteration: 950/1000 - Best fitness: 1504.644

╔══════════════════════════════════════════════════════════╗
║              RRSACPSO Global Path Planning              ║
╚══════════════════════════════════════════════════════════╝

      [Iter 100] Action stats: mean=-0.2803±0.3234 [-0.5918-0.3176]
      [Iter 100] Fitness: current=1824.6828, best=1824.6828, diversity=5.361002
      [Iter 100] Reward: -1.0000
  [Iter 100/1000] Best: 1824.6828 | Alpha: 0.2000
MPSORL iteration: 950/1000 - Best fitness: 1765.864
MPSORL iteration: 1000/1000 - Best fitness: 1588.8935
MPSORL completed with final fitness: 1588.8935

========== Planning Complete ==========
Algorithm: MPSORL
Execution time: 41.1766 seconds
Path length: 206.0825 units
Waypoints: 7
Best fitness: 1588.8935
========================================


========== Direct Global Planning ==========
Algorithm: RRSACPSO
Start: [10.0, 95.0, 10.0]
Goal:  [97.0, 2.0, 10.0]
============================================


╔══════════════════════════════════════════════════════════╗
║              RRSACPSO Global Path Planning              ║
╚══════════════════════════════════════════════════════════╝


[Episode 1/1] Starting training...
  Config: mode=online, episodes=1, iterations=1000, popSize=40

[Episode 1/1] Starting training...
  Config: mode=online, episodes=1, iterations=1000, popSize=40
MPSORL iteration: 950/1000 - Best fitness: 1546.1246
MPSORL iteration: 1000/1000 - Best fitness: 1651.8647
MPSORL completed with final fitness: 1651.8647

========== Planning Complete ==========
Algorithm: MPSORL
Execution time: 40.8046 seconds
Path length: 158.5799 units
Waypoints: 7
Best fitness: 1651.8647
========================================


========== Direct Global Planning ==========
Algorithm: RRSACPSO
Start: [10.0, 95.0, 10.0]
Goal:  [97.0, 2.0, 10.0]
============================================


╔══════════════════════════════════════════════════════════╗
║              RRSACPSO Global Path Planning              ║
╚══════════════════════════════════════════════════════════╝

MPSORL iteration: 1000/1000 - Best fitness: 1581.2614
MPSORL completed with final fitness: 1581.2614

========== Planning Complete ==========
Algorithm: MPSORL
Execution time: 41.6444 seconds
Path length: 210.2465 units
Waypoints: 7
Best fitness: 1581.2614
========================================


========== Direct Global Planning ==========
Algorithm: RRSACPSO
Start: [10.0, 95.0, 10.0]
Goal:  [97.0, 2.0, 10.0]
============================================


╔══════════════════════════════════════════════════════════╗
║              RRSACPSO Global Path Planning              ║
╚══════════════════════════════════════════════════════════╝


[Episode 1/1] Starting training...
  Config: mode=online, episodes=1, iterations=1000, popSize=40
      [Iter 450] Action stats: mean=0.3024±0.4916 [-0.6494-0.9697]
MPSORL iteration: 1000/1000 - Best fitness: 1585.3423
  [Iter 450/1000] Best: 1589.6340 | Alpha: 0.1815
MPSORL iteration: 950/1000 - Best fitness: 1682.2512
MPSORL completed with final fitness: 1585.3423

========== Planning Complete ==========
Algorithm: MPSORL
Execution time: 42.2352 seconds
Path length: 176.6588 units
Waypoints: 7
Best fitness: 1585.3423
========================================


========== Direct Global Planning ==========
Algorithm: RRSACPSO
Start: [10.0, 95.0, 10.0]
Goal:  [97.0, 2.0, 10.0]
============================================


╔══════════════════════════════════════════════════════════╗
║              RRSACPSO Global Path Planning              ║
╚══════════════════════════════════════════════════════════╝

      [Iter  50] Action stats: mean=-0.0006±0.5665 [-0.7925-0.8468]
  [Iter  50/1000] Best: 1815.9169 | Alpha: 0.2000

[Episode 1/1] Starting training...
  Config: mode=online, episodes=1, iterations=1000, popSize=40
MPSORL iteration: 1000/1000 - Best fitness: 1504.3264
MPSORL completed with final fitness: 1504.3264

========== Planning Complete ==========
Algorithm: MPSORL
Execution time: 41.5400 seconds
Path length: 171.8274 units
Waypoints: 7
Best fitness: 1504.3264
========================================


========== Direct Global Planning ==========
Algorithm: RRSACPSO
Start: [10.0, 95.0, 10.0]
Goal:  [97.0, 2.0, 10.0]
============================================


╔══════════════════════════════════════════════════════════╗
║              RRSACPSO Global Path Planning              ║
╚══════════════════════════════════════════════════════════╝


[Episode 1/1] Starting training...
  Config: mode=online, episodes=1, iterations=1000, popSize=40
      [Iter  50] Action stats: mean=-0.5554±0.5532 [-0.9826-0.7576]
  [Iter  50/1000] Best: 2032.5439 | Alpha: 0.2000

[Episode 1/1] Starting training...
  Config: mode=online, episodes=1, iterations=1000, popSize=40
MPSORL iteration: 1000/1000 - Best fitness: 1765.864
MPSORL completed with final fitness: 1765.864

========== Planning Complete ==========
Algorithm: MPSORL
Execution time: 43.1539 seconds
Path length: 173.3272 units
Waypoints: 7
Best fitness: 1765.8640
========================================


========== Direct Global Planning ==========
Algorithm: RRSACPSO
Start: [10.0, 95.0, 10.0]
Goal:  [97.0, 2.0, 10.0]
============================================


╔══════════════════════════════════════════════════════════╗
║              RRSACPSO Global Path Planning              ║
╚══════════════════════════════════════════════════════════╝

MPSORL iteration: 1000/1000 - Best fitness: 1546.1246
MPSORL completed with final fitness: 1546.1246

========== Planning Complete ==========
Algorithm: MPSORL
Execution time: 42.0904 seconds
Path length: 149.4932 units
Waypoints: 7
Best fitness: 1546.1246
========================================


========== Direct Global Planning ==========
Algorithm: RRSACPSO
Start: [10.0, 95.0, 10.0]
Goal:  [97.0, 2.0, 10.0]
============================================


╔══════════════════════════════════════════════════════════╗
║              RRSACPSO Global Path Planning              ║
╚══════════════════════════════════════════════════════════╝

      [Iter  50] Action stats: mean=-0.0756±0.5804 [-0.9718-0.8585]
  [Iter  50/1000] Best: 1816.1436 | Alpha: 0.2000

[Episode 1/1] Starting training...
  Config: mode=online, episodes=1, iterations=1000, popSize=40
      [Iter 350] Action stats: mean=0.0445±0.6508 [-0.9708-0.8459]
      [Iter 100] Action stats: mean=-0.3906±0.5076 [-0.9159-0.3173]
      [Iter 100] Fitness: current=1770.9857, best=1770.9857, diversity=4.241993
      [Iter 100] Reward: -1.0000
  [Iter 100/1000] Best: 1770.9857 | Alpha: 0.2000
  [Iter 350/1000] Best: 1689.2717 | Alpha: 0.1871
      [Iter 100] Action stats: mean=0.0292±0.7616 [-0.8140-0.9988]
      [Iter 100] Fitness: current=1851.8304, best=1851.8304, diversity=4.486302
      [Iter 100] Reward: 1.0000
  [Iter 100/1000] Best: 1851.8304 | Alpha: 0.2000
      [Iter 150] Action stats: mean=0.1884±0.5183 [-0.6154-0.7048]
  [Iter 150/1000] Best: 1637.2998 | Alpha: 0.1986

[Episode 1/1] Starting training...
  Config: mode=online, episodes=1, iterations=1000, popSize=40

[Episode 1/1] Starting training...
  Config: mode=online, episodes=1, iterations=1000, popSize=40
      [Iter  50] Action stats: mean=0.0300±0.7375 [-0.9674-0.9184]
  [Iter  50/1000] Best: 1715.8619 | Alpha: 0.2000
      [Iter  50] Action stats: mean=0.0449±0.5632 [-0.9177-0.8741]
MPSORL iteration: 1000/1000 - Best fitness: 1682.2502
MPSORL completed with final fitness: 1682.2502

========== Planning Complete ==========
Algorithm: MPSORL
Execution time: 43.0762 seconds
Path length: 172.7976 units
Waypoints: 7
Best fitness: 1682.2502
========================================


========== Direct Global Planning ==========
Algorithm: RRSACPSO
Start: [10.0, 95.0, 10.0]
Goal:  [97.0, 2.0, 10.0]
============================================


╔══════════════════════════════════════════════════════════╗
║              RRSACPSO Global Path Planning              ║
╚══════════════════════════════════════════════════════════╝

      [Iter  50] Action stats: mean=0.4230±0.6665 [-0.7384-0.9648]
  [Iter  50/1000] Best: 1764.0619 | Alpha: 0.2000
      [Iter 100] Action stats: mean=-0.2462±0.6053 [-0.9496-0.9573]
      [Iter 100] Fitness: current=1731.9538, best=1731.9538, diversity=4.627806
      [Iter 100] Reward: -1.0000
  [Iter 100/1000] Best: 1731.9538 | Alpha: 0.2000
  [Iter  50/1000] Best: 1882.4399 | Alpha: 0.2000
      [Iter 100] Action stats: mean=0.2933±0.7068 [-0.9315-0.9555]
      [Iter  50] Action stats: mean=-0.1463±0.5944 [-0.9677-0.5911]
  [Iter  50/1000] Best: 1762.1499 | Alpha: 0.2000
      [Iter 100] Fitness: current=1695.9720, best=1695.9720, diversity=5.085037
      [Iter 100] Reward: -1.0000
  [Iter 100/1000] Best: 1695.9720 | Alpha: 0.2000

[Episode 1/1] Starting training...
  Config: mode=online, episodes=1, iterations=1000, popSize=40
      [Iter 100] Action stats: mean=-0.0780±0.6260 [-0.9668-0.9053]
      [Iter 100] Fitness: current=1682.7428, best=1682.7428, diversity=5.025410
      [Iter 100] Reward: -1.0000
  [Iter 100/1000] Best: 1682.7428 | Alpha: 0.2000
      [Iter 100] Action stats: mean=0.1953±0.7480 [-0.9710-0.9761]
      [Iter 100] Fitness: current=1806.1056, best=1806.1056, diversity=4.491344
      [Iter 100] Reward: -1.0000
  [Iter 100/1000] Best: 1806.1056 | Alpha: 0.2000
      [Iter  50] Action stats: mean=0.2251±0.6937 [-0.9470-0.9468]
      [Iter 150] Action stats: mean=0.1035±0.5966 [-0.6871-0.8583]
  [Iter  50/1000] Best: 1808.8651 | Alpha: 0.2000
      [Iter  50] Action stats: mean=-0.0241±0.7254 [-0.8661-0.9709]
  [Iter 150/1000] Best: 1824.6828 | Alpha: 0.1986
  [Iter  50/1000] Best: 1720.8529 | Alpha: 0.2000
      [Iter 100] Action stats: mean=-0.5099±0.5802 [-0.9447-0.9251]
      [Iter 100] Fitness: current=1748.3902, best=1748.3902, diversity=3.064885
      [Iter 100] Reward: -1.0000
  [Iter 100/1000] Best: 1748.3902 | Alpha: 0.2000
      [Iter 500] Action stats: mean=-0.0922±0.7305 [-0.9004-0.8648]
      [Iter 500] Fitness: current=1588.4330, best=1588.4330, diversity=0.705022
      [Iter 500] Reward: -1.0000
  [Iter 500/1000] Best: 1588.4330 | Alpha: 0.1788
      [Iter  50] Action stats: mean=0.0554±0.5962 [-0.7221-0.8296]
      [Iter 100] Action stats: mean=0.1099±0.6886 [-0.7978-0.9878]
      [Iter 100] Fitness: current=1762.1944, best=1762.1944, diversity=4.244731
      [Iter 100] Reward: 1.0000
  [Iter 100/1000] Best: 1762.1944 | Alpha: 0.2000
      [Iter 100] Action stats: mean=-0.3531±0.5451 [-0.8183-0.6263]
  [Iter  50/1000] Best: 1730.7577 | Alpha: 0.2000
      [Iter 100] Fitness: current=1669.0034, best=1669.0034, diversity=2.877240
      [Iter 100] Reward: -1.0000
  [Iter 100/1000] Best: 1669.0034 | Alpha: 0.2000
      [Iter 100] Action stats: mean=0.1654±0.6445 [-0.9463-0.9640]
      [Iter 100] Fitness: current=1677.8381, best=1677.8381, diversity=4.650896
      [Iter 100] Reward: 1.0000
  [Iter 100/1000] Best: 1677.8381 | Alpha: 0.2000
      [Iter 400] Action stats: mean=-0.1908±0.5690 [-0.9792-0.5949]
      [Iter 400] Fitness: current=1662.9209, best=1662.9209, diversity=3.938073
      [Iter 400] Reward: -1.0000
  [Iter 400/1000] Best: 1662.9209 | Alpha: 0.1843
      [Iter 150] Action stats: mean=0.2693±0.6120 [-0.8291-0.9477]
  [Iter 150/1000] Best: 1721.6012 | Alpha: 0.1986
      [Iter 150] Action stats: mean=-0.0546±0.5671 [-0.7229-0.7378]
  [Iter 150/1000] Best: 1746.4404 | Alpha: 0.1986
      [Iter 150] Action stats: mean=-0.0132±0.5474 [-0.8958-0.8225]
  [Iter 150/1000] Best: 1684.6288 | Alpha: 0.1986
      [Iter 200] Action stats: mean=-0.2975±0.8226 [-0.9883-0.8819]
      [Iter 200] Fitness: current=1593.8613, best=1593.8613, diversity=2.634856
      [Iter 200] Reward: 1.0000
  [Iter 200/1000] Best: 1593.8613 | Alpha: 0.1957
      [Iter 150] Action stats: mean=0.0653±0.6075 [-0.8563-0.9244]
  [Iter 150/1000] Best: 1653.7597 | Alpha: 0.1986
      [Iter 150] Action stats: mean=0.1802±0.6036 [-0.5187-0.9840]
  [Iter 150/1000] Best: 1664.1410 | Alpha: 0.1986
      [Iter 550] Action stats: mean=-0.0253±0.6252 [-0.9808-0.8445]
      [Iter 150] Action stats: mean=0.1957±0.7031 [-0.9410-0.9069]
  [Iter 150/1000] Best: 1747.7930 | Alpha: 0.1986
  [Iter 550/1000] Best: 1587.9280 | Alpha: 0.1762
      [Iter 150] Action stats: mean=0.1884±0.7037 [-0.9948-0.9586]
  [Iter 150/1000] Best: 1726.2676 | Alpha: 0.1986
      [Iter 200] Action stats: mean=0.2834±0.5718 [-0.6917-0.9155]
      [Iter 200] Fitness: current=1800.0974, best=1800.0974, diversity=4.872905
      [Iter 200] Reward: -1.0000
  [Iter 200/1000] Best: 1800.0974 | Alpha: 0.1957
      [Iter 150] Action stats: mean=0.0580±0.7137 [-0.7198-0.9189]
      [Iter 150] Action stats: mean=0.1068±0.6600 [-0.7874-0.8569]
  [Iter 150/1000] Best: 1755.1141 | Alpha: 0.1986
  [Iter 150/1000] Best: 1619.7178 | Alpha: 0.1986
      [Iter 450] Action stats: mean=-0.3335±0.8419 [-0.9901-0.9664]
  [Iter 450/1000] Best: 1639.2130 | Alpha: 0.1815
      [Iter 150] Action stats: mean=-0.2481±0.7072 [-0.9425-0.9348]
  [Iter 150/1000] Best: 1650.6559 | Alpha: 0.1986
      [Iter 250] Action stats: mean=0.1327±0.7127 [-0.7706-0.9390]
  [Iter 250/1000] Best: 1583.6309 | Alpha: 0.1928
      [Iter 200] Action stats: mean=-0.0443±0.6725 [-0.8611-0.7536]
      [Iter 200] Fitness: current=1668.3963, best=1668.3963, diversity=4.705591
      [Iter 200] Reward: -1.0000
      [Iter 200] Action stats: mean=0.0691±0.6288 [-0.8162-0.8879]
      [Iter 200] Fitness: current=1717.4130, best=1717.4130, diversity=2.951874
      [Iter 200] Reward: -1.0000
  [Iter 200/1000] Best: 1717.4130 | Alpha: 0.1957
  [Iter 200/1000] Best: 1668.3963 | Alpha: 0.1957
      [Iter 600] Action stats: mean=-0.5543±0.2318 [-0.7854--0.0438]
      [Iter 600] Fitness: current=1583.5841, best=1583.5841, diversity=0.207444
      [Iter 600] Reward: 1.0000
  [Iter 600/1000] Best: 1583.5841 | Alpha: 0.1736
      [Iter 200] Action stats: mean=-0.0701±0.3893 [-0.6675-0.5317]
      [Iter 200] Fitness: current=1643.2319, best=1643.2319, diversity=3.704198
      [Iter 200] Reward: -1.0000
  [Iter 200/1000] Best: 1643.2319 | Alpha: 0.1957
      [Iter 200] Action stats: mean=-0.1013±0.6539 [-0.9776-0.8263]
      [Iter 200] Fitness: current=1632.0640, best=1632.0640, diversity=3.267762
      [Iter 200] Reward: -1.0000
      [Iter 250] Action stats: mean=-0.0424±0.5836 [-0.7445-0.7247]
      [Iter 200] Action stats: mean=0.0349±0.6497 [-0.9442-0.8672]
      [Iter 200] Fitness: current=1638.7350, best=1638.7350, diversity=3.041040
      [Iter 200] Reward: -1.0000
  [Iter 200/1000] Best: 1632.0640 | Alpha: 0.1957
  [Iter 250/1000] Best: 1778.7061 | Alpha: 0.1928
  [Iter 200/1000] Best: 1638.7350 | Alpha: 0.1957
      [Iter 200] Action stats: mean=-0.0798±0.6505 [-0.9655-0.6957]
      [Iter 200] Fitness: current=1739.6985, best=1739.6985, diversity=3.821191
      [Iter 200] Reward: -1.0000
      [Iter 200] Action stats: mean=-0.2311±0.7549 [-0.9688-0.9794]
      [Iter 200] Fitness: current=1720.6834, best=1720.6834, diversity=2.958146
      [Iter 200] Reward: -1.0000
  [Iter 200/1000] Best: 1739.6985 | Alpha: 0.1957
      [Iter 500] Action stats: mean=-0.1802±0.7526 [-0.9561-0.8530]
      [Iter 500] Fitness: current=1629.0605, best=1629.0605, diversity=1.829670
      [Iter 500] Reward: -1.0000
  [Iter 500/1000] Best: 1629.0605 | Alpha: 0.1788
  [Iter 200/1000] Best: 1720.6834 | Alpha: 0.1957
      [Iter 200] Action stats: mean=-0.0843±0.5493 [-0.9756-0.8253]
      [Iter 200] Fitness: current=1754.2113, best=1754.2113, diversity=2.701586
      [Iter 200] Reward: 1.0000
      [Iter 200] Action stats: mean=0.1788±0.7796 [-0.9392-0.9019]
      [Iter 200] Fitness: current=1608.2875, best=1608.2875, diversity=3.319882
      [Iter 200] Reward: -1.0000
  [Iter 200/1000] Best: 1608.2875 | Alpha: 0.1957
  [Iter 200/1000] Best: 1754.2113 | Alpha: 0.1957
      [Iter 300] Action stats: mean=0.1171±0.7901 [-0.9415-0.9962]
      [Iter 300] Fitness: current=1579.0348, best=1579.0348, diversity=1.987952
      [Iter 300] Reward: -1.0000
  [Iter 300/1000] Best: 1579.0348 | Alpha: 0.1899
      [Iter 250] Action stats: mean=-0.3145±0.6182 [-0.9840-0.6380]
  [Iter 250/1000] Best: 1694.7922 | Alpha: 0.1928
      [Iter 250] Action stats: mean=0.4574±0.4955 [-0.3855-0.8862]
  [Iter 250/1000] Best: 1645.1189 | Alpha: 0.1928
      [Iter 650] Action stats: mean=-0.2507±0.7554 [-0.9369-0.9742]
  [Iter 650/1000] Best: 1581.8253 | Alpha: 0.1710
      [Iter 200] Action stats: mean=-0.1847±0.6215 [-0.8472-0.8208]
      [Iter 200] Fitness: current=1610.5896, best=1610.5896, diversity=3.884040
      [Iter 200] Reward: -1.0000
  [Iter 200/1000] Best: 1610.5896 | Alpha: 0.1957
      [Iter 250] Action stats: mean=-0.2357±0.5771 [-0.8381-0.7719]
  [Iter 250/1000] Best: 1603.1951 | Alpha: 0.1928
      [Iter 250] Action stats: mean=-0.2465±0.7436 [-0.9454-0.8800]
  [Iter 250/1000] Best: 1615.0235 | Alpha: 0.1928
      [Iter 300] Action stats: mean=-0.2810±0.5145 [-0.8729-0.8291]
      [Iter 300] Fitness: current=1771.6579, best=1771.6579, diversity=3.689061
      [Iter 300] Reward: -1.0000
  [Iter 300/1000] Best: 1771.6579 | Alpha: 0.1899
      [Iter 250] Action stats: mean=-0.2018±0.8069 [-0.9684-0.9501]
  [Iter 250/1000] Best: 1617.3438 | Alpha: 0.1928
      [Iter 250] Action stats: mean=0.2936±0.6200 [-0.8422-0.9597]
  [Iter 250/1000] Best: 1718.5336 | Alpha: 0.1928
      [Iter 550] Action stats: mean=-0.0017±0.8094 [-0.9540-0.9556]
  [Iter 550/1000] Best: 1626.1366 | Alpha: 0.1762
      [Iter 250] Action stats: mean=-0.1269±0.6718 [-0.8603-0.9685]
  [Iter 250/1000] Best: 1720.6834 | Alpha: 0.1928
      [Iter 250] Action stats: mean=-0.1784±0.7178 [-0.9864-0.8708]
  [Iter 250/1000] Best: 1592.3851 | Alpha: 0.1928
      [Iter 250] Action stats: mean=-0.3370±0.6577 [-0.9963-0.8303]
  [Iter 250/1000] Best: 1739.0950 | Alpha: 0.1928
      [Iter 350] Action stats: mean=0.1377±0.7070 [-0.9007-0.9404]
  [Iter 350/1000] Best: 1578.4585 | Alpha: 0.1871
      [Iter 300] Action stats: mean=-0.1273±0.7452 [-0.9940-0.9473]
      [Iter 300] Fitness: current=1669.7221, best=1669.7221, diversity=3.567189
      [Iter 300] Reward: -1.0000
  [Iter 300/1000] Best: 1669.7221 | Alpha: 0.1899
      [Iter 700] Action stats: mean=0.4171±0.4970 [-0.7059-0.9233]
      [Iter 700] Fitness: current=1580.4299, best=1580.4299, diversity=0.513762
      [Iter 700] Reward: 1.0000
      [Iter 300] Action stats: mean=-0.0154±0.6851 [-0.8607-0.7358]
      [Iter 300] Fitness: current=1615.7601, best=1615.7601, diversity=3.577895
      [Iter 300] Reward: -1.0000
  [Iter 300/1000] Best: 1615.7601 | Alpha: 0.1899
      [Iter 250] Action stats: mean=-0.0476±0.7345 [-0.8367-0.9785]
  [Iter 700/1000] Best: 1580.4299 | Alpha: 0.1685
      [Iter 300] Action stats: mean=0.2428±0.3587 [-0.5154-0.7180]
      [Iter 300] Fitness: current=1597.7013, best=1597.7013, diversity=1.583402
      [Iter 300] Reward: -1.0000
  [Iter 300/1000] Best: 1597.7013 | Alpha: 0.1899
  [Iter 250/1000] Best: 1602.1533 | Alpha: 0.1928
      [Iter 350] Action stats: mean=0.0898±0.7006 [-0.7704-0.9848]
      [Iter 300] Action stats: mean=-0.0360±0.2846 [-0.6513-0.3320]
      [Iter 300] Fitness: current=1600.7984, best=1600.7984, diversity=1.881908
      [Iter 300] Reward: -1.0000
  [Iter 300/1000] Best: 1600.7984 | Alpha: 0.1899
  [Iter 350/1000] Best: 1744.5889 | Alpha: 0.1871
      [Iter 300] Action stats: mean=-0.2584±0.6548 [-0.9884-0.9661]
      [Iter 300] Fitness: current=1594.4247, best=1594.4247, diversity=2.504416
      [Iter 300] Reward: -1.0000
  [Iter 300/1000] Best: 1594.4247 | Alpha: 0.1899
      [Iter 600] Action stats: mean=-0.0263±0.5177 [-0.5835-0.8655]
      [Iter 600] Fitness: current=1620.5441, best=1620.5441, diversity=1.002313
      [Iter 600] Reward: 1.0000
      [Iter 300] Action stats: mean=-0.0267±0.6506 [-0.9404-0.5598]
      [Iter 300] Fitness: current=1668.4337, best=1668.4337, diversity=3.295643
      [Iter 300] Reward: -1.0000
  [Iter 300/1000] Best: 1668.4337 | Alpha: 0.1899
      [Iter 300] Action stats: mean=-0.3303±0.5935 [-0.9297-0.9613]
      [Iter 300] Fitness: current=1575.7506, best=1575.7506, diversity=2.709643
      [Iter 300] Reward: -1.0000
  [Iter 600/1000] Best: 1620.5441 | Alpha: 0.1735
  [Iter 300/1000] Best: 1575.7506 | Alpha: 0.1899
      [Iter 300] Action stats: mean=-0.1482±0.6476 [-0.9062-0.8671]
      [Iter 300] Fitness: current=1720.6834, best=1720.6834, diversity=1.971916
      [Iter 300] Reward: -1.0000
  [Iter 300/1000] Best: 1720.6834 | Alpha: 0.1899
      [Iter 300] Action stats: mean=-0.3227±0.5027 [-0.9826-0.3756]
      [Iter 300] Fitness: current=1725.9598, best=1725.9598, diversity=2.015568
      [Iter 300] Reward: -1.0000
  [Iter 300/1000] Best: 1725.9598 | Alpha: 0.1899
      [Iter 400] Action stats: mean=0.1308±0.8352 [-0.9883-0.9323]
      [Iter 400] Fitness: current=1569.8701, best=1569.8701, diversity=1.536422
      [Iter 400] Reward: -1.0000
  [Iter 400/1000] Best: 1569.8701 | Alpha: 0.1843
      [Iter 350] Action stats: mean=0.1837±0.6935 [-0.7624-0.8665]
  [Iter 350/1000] Best: 1590.5203 | Alpha: 0.1871
      [Iter 750] Action stats: mean=0.0458±0.6835 [-0.9179-0.9335]
      [Iter 350] Action stats: mean=-0.3771±0.6556 [-0.9613-0.5613]
  [Iter 350/1000] Best: 1667.6227 | Alpha: 0.1871
  [Iter 750/1000] Best: 1580.2794 | Alpha: 0.1661
      [Iter 350] Action stats: mean=-0.2945±0.6683 [-0.9504-0.9869]
  [Iter 350/1000] Best: 1591.7999 | Alpha: 0.1871
      [Iter 300] Action stats: mean=0.0553±0.5917 [-0.6588-0.9377]
      [Iter 300] Fitness: current=1572.5093, best=1572.5093, diversity=2.473274
      [Iter 300] Reward: -1.0000
  [Iter 300/1000] Best: 1572.5093 | Alpha: 0.1899
      [Iter 400] Action stats: mean=0.3643±0.5433 [-0.6677-0.9840]
      [Iter 400] Fitness: current=1688.0462, best=1688.0462, diversity=2.272569
      [Iter 400] Reward: -1.0000
      [Iter 350] Action stats: mean=-0.1931±0.6485 [-0.9139-0.8871]
  [Iter 350/1000] Best: 1585.1627 | Alpha: 0.1871
      [Iter 350] Action stats: mean=-0.1941±0.7707 [-0.9835-0.9702]
  [Iter 400/1000] Best: 1688.0462 | Alpha: 0.1843
  [Iter 350/1000] Best: 1592.0334 | Alpha: 0.1871
      [Iter 350] Action stats: mean=0.2565±0.7330 [-0.8818-0.9831]
  [Iter 350/1000] Best: 1638.5217 | Alpha: 0.1871
      [Iter 650] Action stats: mean=0.3020±0.3606 [-0.3294-0.6910]
  [Iter 650/1000] Best: 1618.4914 | Alpha: 0.1710
      [Iter 350] Action stats: mean=-0.4094±0.6031 [-0.9349-0.6297]
  [Iter 350/1000] Best: 1566.5242 | Alpha: 0.1871
      [Iter 350] Action stats: mean=0.0746±0.5339 [-0.6975-0.8277]
  [Iter 350/1000] Best: 1720.3159 | Alpha: 0.1871
      [Iter 350] Action stats: mean=-0.0965±0.6498 [-0.9353-0.7925]
  [Iter 350/1000] Best: 1716.6545 | Alpha: 0.1871
      [Iter 450] Action stats: mean=0.1038±0.7284 [-0.9062-0.9795]
  [Iter 450/1000] Best: 1567.9783 | Alpha: 0.1815
      [Iter 800] Action stats: mean=-0.3151±0.6269 [-0.8402-0.9684]
      [Iter 800] Fitness: current=1580.2734, best=1580.2734, diversity=0.083322
      [Iter 800] Reward: 1.0000
  [Iter 800/1000] Best: 1580.2734 | Alpha: 0.1637
      [Iter 400] Action stats: mean=-0.1536±0.5411 [-0.8311-0.4825]
      [Iter 400] Fitness: current=1569.7777, best=1569.7777, diversity=2.759781
      [Iter 400] Reward: -1.0000
  [Iter 400/1000] Best: 1569.7777 | Alpha: 0.1843
      [Iter 400] Action stats: mean=0.0583±0.7746 [-0.9192-0.9669]
      [Iter 400] Fitness: current=1667.6227, best=1667.6227, diversity=3.126440
      [Iter 400] Reward: 1.0000
  [Iter 400/1000] Best: 1667.6227 | Alpha: 0.1843
      [Iter 400] Action stats: mean=-0.0995±0.6567 [-0.8819-0.6644]
      [Iter 400] Fitness: current=1587.9540, best=1587.9540, diversity=0.746128
      [Iter 400] Reward: -1.0000
  [Iter 400/1000] Best: 1587.9540 | Alpha: 0.1843
      [Iter 350] Action stats: mean=0.1021±0.4080 [-0.4695-0.8401]
  [Iter 350/1000] Best: 1565.8797 | Alpha: 0.1871
      [Iter 400] Action stats: mean=0.1063±0.6272 [-0.9756-0.9252]
      [Iter 400] Fitness: current=1581.1532, best=1581.1532, diversity=1.571129
      [Iter 400] Reward: -1.0000
  [Iter 400/1000] Best: 1581.1532 | Alpha: 0.1843
      [Iter 400] Action stats: mean=-0.0357±0.7175 [-0.8590-0.9825]
      [Iter 400] Fitness: current=1582.0583, best=1582.0583, diversity=0.648654
      [Iter 400] Reward: 1.0000
  [Iter 400/1000] Best: 1582.0583 | Alpha: 0.1843
      [Iter 450] Action stats: mean=0.0210±0.4902 [-0.7904-0.7370]
  [Iter 450/1000] Best: 1654.2414 | Alpha: 0.1815
      [Iter 400] Action stats: mean=0.0124±0.5870 [-0.7348-0.8231]
      [Iter 400] Fitness: current=1621.5195, best=1621.5195, diversity=1.519268
      [Iter 400] Reward: -1.0000
      [Iter 400] Action stats: mean=0.1206±0.6800 [-0.9174-0.8698]
      [Iter 400] Fitness: current=1560.0191, best=1560.0191, diversity=2.524931
      [Iter 400] Reward: -1.0000
  [Iter 400/1000] Best: 1621.5195 | Alpha: 0.1843
  [Iter 400/1000] Best: 1560.0191 | Alpha: 0.1843
      [Iter 700] Action stats: mean=0.1611±0.7334 [-0.9919-0.9213]
      [Iter 700] Fitness: current=1616.6159, best=1616.6159, diversity=0.367274
      [Iter 700] Reward: -1.0000
  [Iter 700/1000] Best: 1616.6159 | Alpha: 0.1684
      [Iter 400] Action stats: mean=0.0085±0.5321 [-0.7758-0.7606]
      [Iter 400] Fitness: current=1712.5376, best=1712.5376, diversity=1.156558
      [Iter 400] Reward: 1.0000
  [Iter 400/1000] Best: 1712.5376 | Alpha: 0.1843
      [Iter 400] Action stats: mean=-0.5654±0.5310 [-0.9779-0.6624]
      [Iter 400] Fitness: current=1715.5831, best=1715.5831, diversity=0.806831
      [Iter 400] Reward: -1.0000
  [Iter 400/1000] Best: 1715.5831 | Alpha: 0.1843
      [Iter 500] Action stats: mean=0.1660±0.4955 [-0.5379-0.7996]
      [Iter 500] Fitness: current=1567.8064, best=1567.8064, diversity=1.505872
      [Iter 500] Reward: 1.0000
  [Iter 500/1000] Best: 1567.8064 | Alpha: 0.1788
      [Iter 850] Action stats: mean=-0.0714±0.5775 [-0.7088-0.9299]
  [Iter 850/1000] Best: 1580.2703 | Alpha: 0.1615
      [Iter 450] Action stats: mean=0.1040±0.7014 [-0.9388-0.9967]
  [Iter 450/1000] Best: 1564.9397 | Alpha: 0.1815
      [Iter 450] Action stats: mean=0.2244±0.7441 [-0.9414-0.9498]
  [Iter 450/1000] Best: 1667.6227 | Alpha: 0.1815
      [Iter 450] Action stats: mean=-0.1710±0.6948 [-0.9477-0.9667]
  [Iter 450/1000] Best: 1574.0120 | Alpha: 0.1815
      [Iter 400] Action stats: mean=0.0489±0.5058 [-0.5391-0.7820]
      [Iter 450] Action stats: mean=0.0050±0.6912 [-0.9310-0.9653]
      [Iter 400] Fitness: current=1561.0969, best=1561.0969, diversity=2.003779
      [Iter 400] Reward: -1.0000
  [Iter 400/1000] Best: 1561.0969 | Alpha: 0.1843
      [Iter 500] Action stats: mean=-0.1784±0.5889 [-0.7708-0.7899]
      [Iter 500] Fitness: current=1633.4616, best=1633.4616, diversity=0.554604
      [Iter 500] Reward: -1.0000
  [Iter 450/1000] Best: 1579.1194 | Alpha: 0.1815
  [Iter 500/1000] Best: 1633.4616 | Alpha: 0.1788
      [Iter 450] Action stats: mean=0.1132±0.7412 [-0.9968-0.9001]
  [Iter 450/1000] Best: 1563.5608 | Alpha: 0.1815
      [Iter 750] Action stats: mean=0.2652±0.6206 [-0.7057-0.9774]
      [Iter 450] Action stats: mean=0.1387±0.6741 [-0.9830-0.8544]
  [Iter 450/1000] Best: 1611.3399 | Alpha: 0.1815
      [Iter 450] Action stats: mean=0.0142±0.5624 [-0.7967-0.7959]
  [Iter 450/1000] Best: 1554.4098 | Alpha: 0.1815
  [Iter 750/1000] Best: 1613.2025 | Alpha: 0.1659
      [Iter 450] Action stats: mean=0.0044±0.6622 [-0.8554-0.9164]
  [Iter 450/1000] Best: 1698.7343 | Alpha: 0.1815
      [Iter 450] Action stats: mean=-0.1529±0.7031 [-0.9499-0.9605]
  [Iter 450/1000] Best: 1712.7468 | Alpha: 0.1815
      [Iter 550] Action stats: mean=-0.0715±0.6536 [-0.9119-0.7685]
  [Iter 550/1000] Best: 1564.8062 | Alpha: 0.1762
      [Iter 900] Action stats: mean=-0.1301±0.6105 [-0.9790-0.5420]
      [Iter 900] Fitness: current=1580.2159, best=1580.2159, diversity=0.102511
      [Iter 900] Reward: 1.0000
  [Iter 900/1000] Best: 1580.2159 | Alpha: 0.1593
      [Iter 500] Action stats: mean=-0.1600±0.8208 [-0.9677-0.8863]
      [Iter 500] Action stats: mean=-0.1274±0.5492 [-0.7980-0.7959]
      [Iter 500] Fitness: current=1556.0890, best=1556.0890, diversity=1.718772
      [Iter 500] Reward: -1.0000
  [Iter 500/1000] Best: 1556.0890 | Alpha: 0.1788
      [Iter 500] Fitness: current=1564.2568, best=1564.2568, diversity=0.451699
      [Iter 500] Reward: 1.0000
  [Iter 500/1000] Best: 1564.2568 | Alpha: 0.1788
      [Iter 500] Action stats: mean=0.1057±0.7033 [-0.9658-0.9186]
      [Iter 500] Fitness: current=1663.7511, best=1663.7511, diversity=1.956569
      [Iter 500] Reward: 1.0000
  [Iter 500/1000] Best: 1663.7511 | Alpha: 0.1788
      [Iter 500] Action stats: mean=-0.1725±0.7782 [-0.9456-0.9307]
      [Iter 450] Action stats: mean=-0.0542±0.6713 [-0.9120-0.6242]
  [Iter 450/1000] Best: 1559.4825 | Alpha: 0.1815
      [Iter 550] Action stats: mean=0.2410±0.6175 [-0.8272-0.9439]
  [Iter 550/1000] Best: 1628.0808 | Alpha: 0.1762
      [Iter 500] Action stats: mean=-0.0918±0.7010 [-0.9203-0.9422]
      [Iter 500] Fitness: current=1577.9133, best=1577.9133, diversity=0.488516
      [Iter 500] Reward: 1.0000
  [Iter 500/1000] Best: 1577.9133 | Alpha: 0.1788
      [Iter 500] Fitness: current=1533.9956, best=1533.9956, diversity=0.699660
      [Iter 500] Reward: -1.0000
  [Iter 500/1000] Best: 1533.9956 | Alpha: 0.1788
      [Iter 500] Action stats: mean=-0.0326±0.6726 [-0.9506-0.9723]
      [Iter 500] Action stats: mean=-0.2046±0.6392 [-0.9888-0.8730]
      [Iter 500] Fitness: current=1600.1401, best=1600.1401, diversity=1.420286
      [Iter 500] Reward: 1.0000
  [Iter 500/1000] Best: 1600.1401 | Alpha: 0.1788
      [Iter 500] Fitness: current=1537.8149, best=1537.8149, diversity=1.810445
      [Iter 500] Reward: 1.0000
  [Iter 500/1000] Best: 1537.8149 | Alpha: 0.1788
      [Iter 800] Action stats: mean=-0.0005±0.7191 [-0.9074-0.9177]
      [Iter 800] Fitness: current=1612.8202, best=1612.8202, diversity=0.186979
      [Iter 800] Reward: 1.0000
  [Iter 800/1000] Best: 1612.8202 | Alpha: 0.1634
      [Iter 500] Action stats: mean=-0.2216±0.5539 [-0.9489-0.5729]
      [Iter 500] Fitness: current=1695.7880, best=1695.7880, diversity=0.508116
      [Iter 500] Reward: -1.0000
      [Iter 500] Action stats: mean=-0.4392±0.5422 [-0.9519-0.5742]
      [Iter 500] Fitness: current=1712.6232, best=1712.6232, diversity=0.237542
      [Iter 500] Reward: -1.0000
  [Iter 500/1000] Best: 1712.6232 | Alpha: 0.1788
      [Iter 600] Action stats: mean=-0.0449±0.6584 [-0.8070-0.8787]
      [Iter 600] Fitness: current=1542.1674, best=1542.1674, diversity=0.947270
      [Iter 600] Reward: -1.0000
  [Iter 600/1000] Best: 1542.1674 | Alpha: 0.1735
  [Iter 500/1000] Best: 1695.7880 | Alpha: 0.1788
      [Iter 950] Action stats: mean=-0.0237±0.7540 [-0.9245-0.9944]
      [Iter 550] Action stats: mean=-0.2863±0.7376 [-0.9785-0.9753]
  [Iter 950/1000] Best: 1580.2159 | Alpha: 0.1571
      [Iter 550] Action stats: mean=-0.0873±0.6056 [-0.7916-0.8509]
  [Iter 550/1000] Best: 1552.8912 | Alpha: 0.1762
  [Iter 550/1000] Best: 1563.2288 | Alpha: 0.1762
      [Iter 550] Action stats: mean=0.0185±0.7940 [-0.9367-0.8761]
  [Iter 550/1000] Best: 1645.7899 | Alpha: 0.1762
      [Iter 500] Action stats: mean=-0.1366±0.5775 [-0.9834-0.5867]
      [Iter 500] Fitness: current=1558.6440, best=1558.6440, diversity=1.274859
      [Iter 500] Reward: -1.0000
  [Iter 500/1000] Best: 1558.6440 | Alpha: 0.1788
      [Iter 550] Action stats: mean=0.2534±0.5552 [-0.4092-0.9700]
  [Iter 550/1000] Best: 1577.5339 | Alpha: 0.1762
      [Iter 600] Action stats: mean=0.1533±0.6643 [-0.9943-0.8654]
      [Iter 600] Fitness: current=1622.0619, best=1622.0619, diversity=0.241134
      [Iter 600] Reward: -1.0000
  [Iter 600/1000] Best: 1622.0619 | Alpha: 0.1735
      [Iter 550] Action stats: mean=-0.2688±0.6084 [-0.9266-0.9879]
  [Iter 550/1000] Best: 1528.1990 | Alpha: 0.1762
      [Iter 550] Action stats: mean=0.0204±0.6571 [-0.9506-0.9760]
  [Iter 550/1000] Best: 1536.1482 | Alpha: 0.1762
      [Iter 550] Action stats: mean=-0.1551±0.7120 [-0.9214-0.9621]
  [Iter 550/1000] Best: 1593.8349 | Alpha: 0.1762
      [Iter 850] Action stats: mean=0.0279±0.8454 [-0.9750-0.9433]
  [Iter 850/1000] Best: 1612.7276 | Alpha: 0.1610
      [Iter 550] Action stats: mean=0.0139±0.5810 [-0.8676-0.8534]
  [Iter 550/1000] Best: 1692.7582 | Alpha: 0.1762
      [Iter 550] Action stats: mean=-0.1255±0.6315 [-0.8138-0.9006]
      [Iter 650] Action stats: mean=-0.1176±0.7056 [-0.9770-0.9599]
  [Iter 650/1000] Best: 1520.5683 | Alpha: 0.1710
      [Iter 1000] Action stats: mean=-0.3508±0.6993 [-0.9932-0.8913]
      [Iter 1000] Fitness: current=1580.2159, best=1580.2159, diversity=0.020682
      [Iter 1000] Reward: -1.0000
  [Iter 550/1000] Best: 1711.7703 | Alpha: 0.1763
  [Iter 1000/1000] Best: 1580.2159 | Alpha: 0.1550

╔════════════════════════════════════════════════════════════╗
║              RRSACPSO TRAINING COMPLETE                   ║
╚════════════════════════════════════════════════════════════╝
  Mode:              online
  Episodes:          1
  Iterations/Ep:     1000
  Population Size:   40
  Best Fitness:      1580.2159
  Path Length:       5 waypoints


========== Planning Complete ==========
Algorithm: RRSACPSO
Execution time: 86.5903 seconds
Path length: 146.7949 units
Waypoints: 7
Best fitness: 1580.2159
========================================

      [Iter 600] Action stats: mean=-0.0145±0.6640 [-0.6767-0.9846]
      [Iter 600] Fitness: current=1550.8906, best=1550.8906, diversity=1.408167
      [Iter 600] Reward: 1.0000

========== Direct Global Planning ==========
Algorithm: RLAMPSO
Start: [10.0, 95.0, 10.0]
Goal:  [97.0, 2.0, 10.0]
============================================


╔════════════════════════════════════════════════════════╗
║     RLAM-PSO Configuration (GPU-Optimized)            ║
╚════════════════════════════════════════════════════════╝

Mode: baseline

--- Features Enabled ---
  Transformer State: OFF (state: 15D)
  TD3:               OFF
  PER:               OFF
  Curriculum:        OFF

--- Compute Configuration ---
  Mode:              GPU-Optimized Sequential
  GPU:               OFF (CPU fallback)
  Parallel:          OFF (disabled for dlnetwork compatibility)

--- Training Parameters ---
  Episodes:          100
  Population:        40
  Max Iterations:    600
  Batch Size:        256 (GPU-optimized)
  Actor LR:          0.00010
  Critic LR:         0.00100

--- GPU Optimization (2025) ---
  Gradient Steps/Call:  1
  Train Every:          1 iterations
  Mid-Episode Training: ON
  Estimated UTD Ratio:  ~600.0

════════════════════════════════════════════════════════


╔════════════════════════════════════════════════════════╗
║     RLAM-PSO Configuration (GPU-Optimized)            ║
╚════════════════════════════════════════════════════════╝

Mode: baseline

--- Features Enabled ---
  Transformer State: OFF (state: 15D)
  TD3:               OFF
  PER:               OFF
  Curriculum:        OFF

--- Compute Configuration ---
  Mode:              GPU-Optimized Sequential
  GPU:               OFF (CPU fallback)
  Parallel:          OFF (disabled for dlnetwork compatibility)

--- Training Parameters ---
  Episodes:          100
  Population:        40
  Max Iterations:    600
  Batch Size:        256 (GPU-optimized)
  Actor LR:          0.00010
  Critic LR:         0.00100

--- GPU Optimization (2025) ---
  Gradient Steps/Call:  1
  Train Every:          1 iterations
  Mid-Episode Training: ON
  Estimated UTD Ratio:  ~600.0

════════════════════════════════════════════════════════

      [Iter 600] Action stats: mean=-0.0972±0.5148 [-0.8080-0.6265]
      [Iter 600] Fitness: current=1563.0915, best=1563.0915, diversity=0.117254
      [Iter 600] Reward: 1.0000
  [Iter 600/1000] Best: 1550.8906 | Alpha: 0.1735
  [Iter 600/1000] Best: 1563.0915 | Alpha: 0.1736
      [Iter 600] Action stats: mean=0.4012±0.6012 [-0.6184-0.9533]
      [Iter 600] Fitness: current=1624.8058, best=1624.8058, diversity=1.535274
      [Iter 600] Reward: -1.0000
  [Iter 600/1000] Best: 1624.8058 | Alpha: 0.1735
      [Iter 600] Action stats: mean=-0.0892±0.6765 [-0.9480-0.8477]
      [Iter 600] Fitness: current=1576.0452, best=1576.0452, diversity=0.192356
      [Iter 600] Reward: 1.0000
      [Iter 550] Action stats: mean=0.3300±0.5610 [-0.7678-0.9359]
  [Iter 550/1000] Best: 1556.0617 | Alpha: 0.1762
      [Iter 600] Action stats: mean=-0.2325±0.7419 [-0.8805-0.9588]
  [Iter 600/1000] Best: 1576.0452 | Alpha: 0.1735
      [Iter 600] Fitness: current=1534.3967, best=1534.3967, diversity=1.269059
      [Iter 600] Reward: 1.0000
  [Iter 600/1000] Best: 1534.3967 | Alpha: 0.1735
      [Iter 650] Action stats: mean=0.1702±0.6620 [-0.9175-0.9686]
  [Iter 650/1000] Best: 1620.8438 | Alpha: 0.1710
      [Iter 600] Action stats: mean=0.1518±0.7596 [-0.9714-0.9818]
      [Iter 600] Fitness: current=1527.1711, best=1527.1711, diversity=0.233032
      [Iter 600] Reward: 1.0000
  [Iter 600/1000] Best: 1527.1711 | Alpha: 0.1735
      [Iter 900] Action stats: mean=0.0163±0.6665 [-0.8410-0.9798]
      [Iter 900] Fitness: current=1611.6212, best=1611.6212, diversity=0.220943
      [Iter 900] Reward: 1.0000
      [Iter 600] Action stats: mean=-0.2270±0.7335 [-0.9274-0.9915]
      [Iter 600] Fitness: current=1593.2336, best=1593.2336, diversity=0.184558
      [Iter 600] Reward: 1.0000
  [Iter 600/1000] Best: 1593.2336 | Alpha: 0.1735
  [Iter 900/1000] Best: 1611.6212 | Alpha: 0.1586
      [Iter 600] Action stats: mean=-0.4135±0.4645 [-0.9884-0.2705]
      [Iter 600] Fitness: current=1692.6130, best=1692.6130, diversity=0.039846
      [Iter 600] Reward: -1.0000
  [Iter 600/1000] Best: 1692.6130 | Alpha: 0.1735
      [Iter 700] Action stats: mean=0.3809±0.4127 [-0.4709-0.8328]
      [Iter 700] Fitness: current=1519.4026, best=1519.4026, diversity=0.053791
      [Iter 700] Reward: 1.0000
  [Iter 700/1000] Best: 1519.4026 | Alpha: 0.1684
      [Iter 600] Action stats: mean=-0.0048±0.7557 [-0.9615-0.9805]
      [Iter 600] Fitness: current=1710.9733, best=1710.9733, diversity=0.039195
      [Iter 600] Reward: -1.0000
  [Iter 600/1000] Best: 1710.9733 | Alpha: 0.1737
      [Iter 650] Action stats: mean=-0.1906±0.5150 [-0.8903-0.7024]
      [Iter 650] Action stats: mean=0.1899±0.5312 [-0.7401-0.6722]
      [Iter 650] Action stats: mean=0.3399±0.4837 [-0.4152-0.9819]
  [Iter 650/1000] Best: 1610.2996 | Alpha: 0.1710
  [Iter 650/1000] Best: 1562.9757 | Alpha: 0.1710
  [Iter 650/1000] Best: 1545.8328 | Alpha: 0.1710
      [Iter 600] Action stats: mean=0.0005±0.6886 [-0.9810-0.9852]
      [Iter 600] Fitness: current=1555.1974, best=1555.1974, diversity=0.726198
      [Iter 600] Reward: -1.0000
  [Iter 600/1000] Best: 1555.1974 | Alpha: 0.1735
[ACTION DEBUG iter 100] Raw action[1:3]: [-0.1586, 0.1354, -0.0996], noise: 0.0500
[RLAMPSO DEBUG iter 100] w=0.5427, c1=1.8535, c2=1.6406 | fitness=1627.97
[REWARD DEBUG iter 100] FitnessImprovement: 0.0027 → Reward: +1.0000 (prevFit=1627.97, currFit=1627.97)
      [Iter 650] Action stats: mean=0.2704±0.6603 [-0.8778-0.8685]
  [Iter 650/1000] Best: 1534.1461 | Alpha: 0.1710
      [Iter 700] Action stats: mean=-0.0524±0.6758 [-0.9527-0.8532]
      [Iter 700] Fitness: current=1620.2406, best=1620.2406, diversity=0.016381
      [Iter 700] Reward: 1.0000
      [Iter 650] Action stats: mean=0.1277±0.6686 [-0.8943-0.8917]
  [Iter 650/1000] Best: 1575.7474 | Alpha: 0.1710
  [Iter 700/1000] Best: 1620.2406 | Alpha: 0.1684
      [Iter 650] Action stats: mean=0.0509±0.7769 [-0.8970-0.9230]
  [Iter 650/1000] Best: 1526.2133 | Alpha: 0.1710
      [Iter 650] Action stats: mean=-0.2121±0.5697 [-0.9752-0.5670]
  [Iter 650/1000] Best: 1593.1925 | Alpha: 0.1710
      [Iter 950] Action stats: mean=-0.0872±0.7582 [-0.9198-0.9878]
  [Iter 950/1000] Best: 1611.5826 | Alpha: 0.1562
      [Iter 750] Action stats: mean=-0.0789±0.4856 [-0.7331-0.7203]
  [Iter 750/1000] Best: 1519.3945 | Alpha: 0.1659
      [Iter 650] Action stats: mean=0.1323±0.6143 [-0.8935-0.9711]
  [Iter 650/1000] Best: 1692.6111 | Alpha: 0.1710
      [Iter 650] Action stats: mean=0.1594±0.6627 [-0.6313-0.9282]
  [Iter 650/1000] Best: 1710.9379 | Alpha: 0.1711
      [Iter 700] Action stats: mean=0.5940±0.3992 [-0.1441-0.9566]
      [Iter 700] Action stats: mean=0.1269±0.6709 [-0.7343-0.8616]
      [Iter 700] Fitness: current=1543.0051, best=1543.0051, diversity=0.560935
      [Iter 700] Reward: -1.0000
  [Iter 700/1000] Best: 1543.0051 | Alpha: 0.1684
      [Iter 700] Fitness: current=1597.1682, best=1597.1682, diversity=1.101526
      [Iter 700] Reward: 1.0000
  [Iter 700/1000] Best: 1597.1682 | Alpha: 0.1684
      [Iter 700] Action stats: mean=-0.0716±0.6451 [-0.9666-0.9641]
      [Iter 700] Fitness: current=1562.9308, best=1562.9308, diversity=0.117761
      [Iter 700] Reward: -1.0000
  [Iter 700/1000] Best: 1562.9308 | Alpha: 0.1685
      [Iter 650] Action stats: mean=0.5092±0.4782 [-0.3194-0.9842]
  [Iter 650/1000] Best: 1549.8188 | Alpha: 0.1710
      [Iter 700] Action stats: mean=0.0191±0.7367 [-0.8956-0.9598]
      [Iter 700] Fitness: current=1534.0018, best=1534.0018, diversity=0.914363
      [Iter 700] Reward: -1.0000
  [Iter 700/1000] Best: 1534.0018 | Alpha: 0.1684
      [Iter 750] Action stats: mean=0.2211±0.6118 [-0.9344-0.9198]
      [Iter 700] Action stats: mean=-0.1385±0.5969 [-0.8772-0.7551]
      [Iter 700] Fitness: current=1573.7922, best=1573.7922, diversity=0.034625
      [Iter 700] Reward: -1.0000
  [Iter 700/1000] Best: 1573.7922 | Alpha: 0.1684
  [Iter 750/1000] Best: 1619.8828 | Alpha: 0.1659
[ACTION DEBUG iter 200] Raw action[1:3]: [-0.0107, 0.1409, 0.0078], noise: 0.0500
[RLAMPSO DEBUG iter 200] w=0.5623, c1=2.0868, c2=2.0004 | fitness=1623.81
[REWARD DEBUG iter 200] FitnessImprovement: 0.0233 → Reward: +1.0000 (prevFit=1623.81, currFit=1623.79)
      [Iter 700] Action stats: mean=-0.0326±0.7301 [-0.9286-0.8324]
      [Iter 700] Fitness: current=1526.1715, best=1526.1715, diversity=0.014110
      [Iter 700] Reward: 1.0000
  [Iter 700/1000] Best: 1526.1715 | Alpha: 0.1684
      [Iter 700] Action stats: mean=0.0402±0.6995 [-0.9329-0.9694]
      [Iter 700] Fitness: current=1593.1871, best=1593.1871, diversity=0.035900
      [Iter 700] Reward: -1.0000
  [Iter 700/1000] Best: 1593.1871 | Alpha: 0.1684
      [Iter 1000] Action stats: mean=-0.0986±0.5755 [-0.6684-0.7964]
      [Iter 1000] Fitness: current=1611.5822, best=1611.5822, diversity=0.107662
      [Iter 1000] Reward: 1.0000
  [Iter 1000/1000] Best: 1611.5822 | Alpha: 0.1539

╔════════════════════════════════════════════════════════════╗
║              RRSACPSO TRAINING COMPLETE                   ║
╚════════════════════════════════════════════════════════════╝
  Mode:              online
  Episodes:          1
  Iterations/Ep:     1000
  Population Size:   40
  Best Fitness:      1611.5822
  Path Length:       5 waypoints


========== Planning Complete ==========
Algorithm: RRSACPSO
Execution time: 88.9322 seconds
Path length: 151.3055 units
Waypoints: 7
Best fitness: 1611.5822
========================================

      [Iter 800] Action stats: mean=-0.1529±0.7475 [-0.9776-0.9449]

========== Direct Global Planning ==========
Algorithm: RLAMPSO
Start: [10.0, 95.0, 10.0]
Goal:  [97.0, 2.0, 10.0]
============================================


╔════════════════════════════════════════════════════════╗
║     RLAM-PSO Configuration (GPU-Optimized)            ║
╚════════════════════════════════════════════════════════╝

Mode: baseline

--- Features Enabled ---
  Transformer State: OFF (state: 15D)
  TD3:               OFF
  PER:               OFF
  Curriculum:        OFF

--- Compute Configuration ---
  Mode:              GPU-Optimized Sequential
  GPU:               OFF (CPU fallback)
  Parallel:          OFF (disabled for dlnetwork compatibility)

--- Training Parameters ---
  Episodes:          100
  Population:        40
  Max Iterations:    600
  Batch Size:        256 (GPU-optimized)
  Actor LR:          0.00010
  Critic LR:         0.00100

--- GPU Optimization (2025) ---
  Gradient Steps/Call:  1
  Train Every:          1 iterations
  Mid-Episode Training: ON
  Estimated UTD Ratio:  ~600.0

════════════════════════════════════════════════════════


╔════════════════════════════════════════════════════════╗
║     RLAM-PSO Configuration (GPU-Optimized)            ║
╚════════════════════════════════════════════════════════╝

Mode: baseline

--- Features Enabled ---
  Transformer State: OFF (state: 15D)
  TD3:               OFF
  PER:               OFF
  Curriculum:        OFF

--- Compute Configuration ---
  Mode:              GPU-Optimized Sequential
  GPU:               OFF (CPU fallback)
  Parallel:          OFF (disabled for dlnetwork compatibility)

--- Training Parameters ---
  Episodes:          100
  Population:        40
  Max Iterations:    600
  Batch Size:        256 (GPU-optimized)
  Actor LR:          0.00010
  Critic LR:         0.00100

--- GPU Optimization (2025) ---
  Gradient Steps/Call:  1
  Train Every:          1 iterations
  Mid-Episode Training: ON
  Estimated UTD Ratio:  ~600.0

════════════════════════════════════════════════════════

      [Iter 800] Fitness: current=1519.3939, best=1519.3939, diversity=0.006392
      [Iter 800] Reward: 1.0000
  [Iter 800/1000] Best: 1519.3939 | Alpha: 0.1634
      [Iter 700] Action stats: mean=-0.0225±0.5917 [-0.6407-0.9648]
      [Iter 700] Fitness: current=1692.5855, best=1692.5855, diversity=0.011447
      [Iter 700] Reward: -1.0000
  [Iter 700/1000] Best: 1692.5855 | Alpha: 0.1684
      [Iter 700] Action stats: mean=0.3430±0.4396 [-0.5655-0.8892]
      [Iter 700] Fitness: current=1710.9284, best=1710.9284, diversity=0.017115
      [Iter 700] Reward: -1.0000
  [Iter 700/1000] Best: 1710.9284 | Alpha: 0.1685
      [Iter 750] Action stats: mean=0.0716±0.7526 [-0.9726-0.9918]
      [Iter 750] Action stats: mean=0.0806±0.6372 [-0.8653-0.9618]
  [Iter 750/1000] Best: 1584.4604 | Alpha: 0.1659
      [Iter 750] Action stats: mean=-0.0182±0.7098 [-0.9630-0.7314]
  [Iter 750/1000] Best: 1562.9257 | Alpha: 0.1660
  [Iter 750/1000] Best: 1542.2846 | Alpha: 0.1659
      [Iter 750] Action stats: mean=-0.1998±0.4382 [-0.7505-0.5135]
  [Iter 750/1000] Best: 1533.9855 | Alpha: 0.1659
      [Iter 800] Action stats: mean=-0.0589±0.6082 [-0.8976-0.6654]
      [Iter 800] Fitness: current=1619.7691, best=1619.7691, diversity=0.050248
      [Iter 800] Reward: 1.0000
      [Iter 700] Action stats: mean=0.3017±0.6672 [-0.7883-0.9400]
  [Iter 800/1000] Best: 1619.7691 | Alpha: 0.1634
      [Iter 750] Action stats: mean=-0.0934±0.6886 [-0.9765-0.9109]
  [Iter 750/1000] Best: 1572.3620 | Alpha: 0.1659
      [Iter 700] Fitness: current=1547.2622, best=1547.2622, diversity=0.686728
      [Iter 700] Reward: 1.0000
  [Iter 700/1000] Best: 1547.2622 | Alpha: 0.1684
      [Iter 750] Action stats: mean=-0.1117±0.5449 [-0.9361-0.7498]
  [Iter 750/1000] Best: 1525.9662 | Alpha: 0.1659
      [Iter 750] Action stats: mean=0.1326±0.6488 [-0.8395-0.8511]
  [Iter 750/1000] Best: 1593.1870 | Alpha: 0.1659
[ACTION DEBUG iter 300] Raw action[1:3]: [0.4155, 0.1186, -0.4054], noise: 0.0500
[RLAMPSO DEBUG iter 300] w=0.5912, c1=1.7401, c2=1.5068 | fitness=1623.55
[REWARD DEBUG iter 300] FitnessImprovement: 0.0016 → Reward: +1.0000 (prevFit=1623.55, currFit=1623.55)
      [Iter 850] Action stats: mean=-0.1270±0.4137 [-0.8741-0.6091]
  [Iter 850/1000] Best: 1519.3927 | Alpha: 0.1610
      [Iter 750] Action stats: mean=-0.1074±0.6093 [-0.9542-0.8795]
  [Iter 750/1000] Best: 1692.5847 | Alpha: 0.1659
[ACTION DEBUG iter 100] Raw action[1:3]: [0.0724, -0.0984, 0.3587], noise: 0.0500
[RLAMPSO DEBUG iter 100] w=0.4392, c1=1.6312, c2=2.0925 | fitness=1543.63
[REWARD DEBUG iter 100] FitnessImprovement: 0.2425 → Reward: +1.0000 (prevFit=1543.63, currFit=1543.39)
      [Iter 800] Action stats: mean=0.0686±0.7887 [-0.9359-0.9946]
      [Iter 800] Fitness: current=1582.8039, best=1582.8039, diversity=1.373253
      [Iter 800] Reward: 1.0000
  [Iter 800/1000] Best: 1582.8039 | Alpha: 0.1637
      [Iter 750] Action stats: mean=0.1857±0.6831 [-0.7987-0.9986]
  [Iter 750/1000] Best: 1710.8626 | Alpha: 0.1662
      [Iter 800] Action stats: mean=-0.2525±0.6083 [-0.8691-0.9933]
      [Iter 800] Fitness: current=1562.9252, best=1562.9252, diversity=0.033614
      [Iter 800] Reward: -1.0000
  [Iter 800/1000] Best: 1562.9252 | Alpha: 0.1636
      [Iter 800] Action stats: mean=-0.0484±0.6689 [-0.9951-0.8374]
      [Iter 800] Fitness: current=1542.0373, best=1542.0373, diversity=0.328075
      [Iter 800] Reward: 1.0000
  [Iter 800/1000] Best: 1542.0373 | Alpha: 0.1634
      [Iter 800] Action stats: mean=0.0299±0.7529 [-0.9539-0.9321]
      [Iter 800] Fitness: current=1533.9851, best=1533.9851, diversity=0.238655
      [Iter 800] Reward: 1.0000
  [Iter 800/1000] Best: 1533.9851 | Alpha: 0.1634
      [Iter 850] Action stats: mean=-0.2539±0.5717 [-0.9812-0.4328]
  [Iter 850/1000] Best: 1619.7575 | Alpha: 0.1610
      [Iter 750] Action stats: mean=0.0936±0.9650 [-0.9403-0.9768]
      [Iter 800] Action stats: mean=-0.0131±0.6402 [-0.9034-0.7195]
      [Iter 800] Fitness: current=1572.3317, best=1572.3317, diversity=0.017317
      [Iter 800] Reward: 1.0000
  [Iter 800/1000] Best: 1572.3317 | Alpha: 0.1634
  [Iter 750/1000] Best: 1546.6878 | Alpha: 0.1660
      [Iter 800] Action stats: mean=-0.2849±0.5320 [-0.9053-0.8528]
      [Iter 800] Fitness: current=1525.8885, best=1525.8885, diversity=0.011486
      [Iter 800] Reward: -1.0000
  [Iter 800/1000] Best: 1525.8885 | Alpha: 0.1635
      [Iter 800] Action stats: mean=-0.0516±0.6511 [-0.9567-0.8078]
      [Iter 800] Fitness: current=1593.1870, best=1593.1870, diversity=0.006181
      [Iter 800] Reward: 1.0000
  [Iter 800/1000] Best: 1593.1870 | Alpha: 0.1634
      [Iter 900] Action stats: mean=-0.4107±0.5672 [-0.9357-0.7683]
      [Iter 900] Fitness: current=1519.3927, best=1519.3927, diversity=0.000031
      [Iter 900] Reward: -1.0000
  [Iter 900/1000] Best: 1519.3927 | Alpha: 0.1586
      [Iter 800] Action stats: mean=0.2057±0.5994 [-0.7680-0.8413]
      [Iter 800] Fitness: current=1692.5846, best=1692.5846, diversity=0.000000
      [Iter 800] Reward: -1.0000
  [Iter 800/1000] Best: 1692.5846 | Alpha: 0.1635
      [Iter 850] Action stats: mean=0.5687±0.6463 [-0.8270-0.9985]
      [Iter 800] Action stats: mean=0.0991±0.5491 [-0.8718-0.8701]
  [Iter 850/1000] Best: 1581.2678 | Alpha: 0.1616
      [Iter 800] Fitness: current=1710.8486, best=1710.8486, diversity=0.004150
      [Iter 800] Reward: -1.0000
  [Iter 800/1000] Best: 1710.8486 | Alpha: 0.1640
[ACTION DEBUG iter 200] Raw action[1:3]: [-0.2198, -0.0226, 0.2450], noise: 0.0500
[RLAMPSO DEBUG iter 200] w=0.4699, c1=1.6242, c2=1.7849 | fitness=1533.63
[REWARD DEBUG iter 200] FitnessImprovement: 0.0010 → Reward: +1.0000 (prevFit=1533.63, currFit=1533.63)
      [Iter 850] Action stats: mean=-0.2328±0.5349 [-0.7862-0.7368]
      [Iter 850] Action stats: mean=0.0568±0.5304 [-0.8044-0.6992]
  [Iter 850/1000] Best: 1542.0120 | Alpha: 0.1610
      [Iter 850] Action stats: mean=-0.1823±0.6164 [-0.8998-0.8945]
  [Iter 850/1000] Best: 1562.9222 | Alpha: 0.1612
  [Iter 850/1000] Best: 1533.9001 | Alpha: 0.1610
      [Iter 900] Action stats: mean=-0.1236±0.6631 [-0.9471-0.9114]
      [Iter 900] Fitness: current=1619.7514, best=1619.7514, diversity=0.007331
      [Iter 900] Reward: -1.0000
  [Iter 900/1000] Best: 1619.7514 | Alpha: 0.1586
      [Iter 800] Action stats: mean=0.1852±0.6141 [-0.9334-0.9816]
      [Iter 800] Fitness: current=1546.6130, best=1546.6130, diversity=0.253003
      [Iter 800] Reward: -1.0000
  [Iter 800/1000] Best: 1546.6130 | Alpha: 0.1635
      [Iter 850] Action stats: mean=0.4850±0.4651 [-0.6102-0.8636]
  [Iter 850/1000] Best: 1572.3220 | Alpha: 0.1610
      [Iter 850] Action stats: mean=-0.1853±0.5611 [-0.8702-0.7113]
  [Iter 850/1000] Best: 1525.8674 | Alpha: 0.1612
      [Iter 850] Action stats: mean=0.0625±0.6815 [-0.8684-0.9166]
  [Iter 850/1000] Best: 1593.1870 | Alpha: 0.1610
[ACTION DEBUG iter 400] Raw action[1:3]: [0.2412, -0.2473, -0.7570], noise: 0.0500
[RLAMPSO DEBUG iter 400] w=0.6537, c1=1.5635, c2=1.2624 | fitness=1576.27
[REWARD DEBUG iter 400] FitnessImprovement: 0.0000 → Reward: -1.0000 (prevFit=1576.27, currFit=1576.27)
      [Iter 950] Action stats: mean=-0.2495±0.6381 [-0.9268-0.7271]
  [Iter 950/1000] Best: 1519.3927 | Alpha: 0.1562
      [Iter 850] Action stats: mean=-0.0040±0.5402 [-0.9568-0.5314]
      [Iter 900] Action stats: mean=0.2662±0.6265 [-0.9049-0.9789]
      [Iter 900] Fitness: current=1580.9350, best=1580.9350, diversity=0.956207
      [Iter 900] Reward: 1.0000
  [Iter 850/1000] Best: 1692.5846 | Alpha: 0.1611
  [Iter 900/1000] Best: 1580.9350 | Alpha: 0.1596
      [Iter 850] Action stats: mean=0.1670±0.6615 [-0.8931-0.9609]
  [Iter 850/1000] Best: 1710.8459 | Alpha: 0.1618
      [Iter 900] Action stats: mean=-0.1781±0.6790 [-0.9964-0.8287]
      [Iter 900] Fitness: current=1562.9222, best=1562.9222, diversity=0.030952
      [Iter 900] Reward: 1.0000
  [Iter 900/1000] Best: 1562.9222 | Alpha: 0.1589
[ACTION DEBUG iter 300] Raw action[1:3]: [-0.3144, 0.3345, -0.0693], noise: 0.0500
[RLAMPSO DEBUG iter 300] w=0.4337, c1=1.8178, c2=1.7422 | fitness=1520.30
[REWARD DEBUG iter 300] FitnessImprovement: 0.0003 → Reward: +1.0000 (prevFit=1520.30, currFit=1520.30)
      [Iter 900] Action stats: mean=-0.0638±0.6794 [-0.9394-0.8553]
      [Iter 900] Fitness: current=1541.7177, best=1541.7177, diversity=0.020104
      [Iter 900] Reward: 1.0000
  [Iter 900/1000] Best: 1541.7177 | Alpha: 0.1586
      [Iter 900] Action stats: mean=0.5288±0.3373 [-0.2731-0.9113]
      [Iter 900] Fitness: current=1533.8998, best=1533.8998, diversity=0.000000
      [Iter 900] Reward: 1.0000
  [Iter 900/1000] Best: 1533.8998 | Alpha: 0.1586
      [Iter 950] Action stats: mean=-0.2076±0.5761 [-0.8873-0.9551]
  [Iter 950/1000] Best: 1619.7498 | Alpha: 0.1562
      [Iter 900] Action stats: mean=-0.2324±0.5529 [-0.8527-0.7100]
      [Iter 900] Fitness: current=1572.3207, best=1572.3207, diversity=0.014170
      [Iter 900] Reward: 1.0000
      [Iter 850] Action stats: mean=0.1261±0.7206 [-0.8483-0.9782]
  [Iter 900/1000] Best: 1572.3207 | Alpha: 0.1586
  [Iter 850/1000] Best: 1546.4973 | Alpha: 0.1611
      [Iter 900] Action stats: mean=-0.1215±0.6239 [-0.9776-0.7035]
      [Iter 900] Fitness: current=1525.8547, best=1525.8547, diversity=0.004576
      [Iter 900] Reward: 1.0000
      [Iter 900] Action stats: mean=0.1367±0.5927 [-0.8332-0.9856]
      [Iter 900] Fitness: current=1593.1870, best=1593.1870, diversity=0.002260
      [Iter 900] Reward: -1.0000
  [Iter 900/1000] Best: 1593.1870 | Alpha: 0.1587
      [Iter 1000] Action stats: mean=-0.2453±0.5526 [-0.9752-0.9817]
      [Iter 1000] Fitness: current=1519.3927, best=1519.3927, diversity=0.000000
      [Iter 1000] Reward: 1.0000
  [Iter 1000/1000] Best: 1519.3927 | Alpha: 0.1540

╔════════════════════════════════════════════════════════════╗
║              RRSACPSO TRAINING COMPLETE                   ║
╚════════════════════════════════════════════════════════════╝
  Mode:              online
  Episodes:          1
  Iterations/Ep:     1000
  Population Size:   40
  Best Fitness:      1519.3927
  Path Length:       5 waypoints


========== Planning Complete ==========
Algorithm: RRSACPSO
Execution time: 86.2411 seconds
Path length: 150.4456 units
Waypoints: 7
Best fitness: 1519.3927
========================================

  [Iter 900/1000] Best: 1525.8547 | Alpha: 0.1589

========== Direct Global Planning ==========
Algorithm: RLAMPSO
Start: [10.0, 95.0, 10.0]
Goal:  [97.0, 2.0, 10.0]
============================================


╔════════════════════════════════════════════════════════╗
║     RLAM-PSO Configuration (GPU-Optimized)            ║
╚════════════════════════════════════════════════════════╝

Mode: baseline

--- Features Enabled ---
  Transformer State: OFF (state: 15D)
  TD3:               OFF
  PER:               OFF
  Curriculum:        OFF

--- Compute Configuration ---
  Mode:              GPU-Optimized Sequential
  GPU:               OFF (CPU fallback)
  Parallel:          OFF (disabled for dlnetwork compatibility)

--- Training Parameters ---
  Episodes:          100
  Population:        40
  Max Iterations:    600
  Batch Size:        256 (GPU-optimized)
  Actor LR:          0.00010
  Critic LR:         0.00100

--- GPU Optimization (2025) ---
  Gradient Steps/Call:  1
  Train Every:          1 iterations
  Mid-Episode Training: ON
  Estimated UTD Ratio:  ~600.0

════════════════════════════════════════════════════════


╔════════════════════════════════════════════════════════╗
║     RLAM-PSO Configuration (GPU-Optimized)            ║
╚════════════════════════════════════════════════════════╝

Mode: baseline

--- Features Enabled ---
  Transformer State: OFF (state: 15D)
  TD3:               OFF
  PER:               OFF
  Curriculum:        OFF

--- Compute Configuration ---
  Mode:              GPU-Optimized Sequential
  GPU:               OFF (CPU fallback)
  Parallel:          OFF (disabled for dlnetwork compatibility)

--- Training Parameters ---
  Episodes:          100
  Population:        40
  Max Iterations:    600
  Batch Size:        256 (GPU-optimized)
  Actor LR:          0.00010
  Critic LR:         0.00100

--- GPU Optimization (2025) ---
  Gradient Steps/Call:  1
  Train Every:          1 iterations
  Mid-Episode Training: ON
  Estimated UTD Ratio:  ~600.0

════════════════════════════════════════════════════════

      [Iter 950] Action stats: mean=0.2968±0.6835 [-0.9438-0.9231]
  [Iter 950/1000] Best: 1580.9281 | Alpha: 0.1575
      [Iter 900] Action stats: mean=-0.1838±0.5407 [-0.8134-0.9655]
      [Iter 900] Fitness: current=1692.5846, best=1692.5846, diversity=0.000000
      [Iter 900] Reward: -1.0000
  [Iter 900/1000] Best: 1692.5846 | Alpha: 0.1588
      [Iter 950] Action stats: mean=0.2106±0.6109 [-0.7286-0.8982]
      [Iter 900] Action stats: mean=0.4453±0.4942 [-0.4870-0.9360]
      [Iter 900] Fitness: current=1710.8360, best=1710.8360, diversity=0.001252
      [Iter 900] Reward: -1.0000
  [Iter 950/1000] Best: 1562.9214 | Alpha: 0.1567
      [Iter 950] Action stats: mean=0.3049±0.6415 [-0.6549-0.9561]
  [Iter 950/1000] Best: 1541.6595 | Alpha: 0.1563
  [Iter 900/1000] Best: 1710.8360 | Alpha: 0.1597
      [Iter 950] Action stats: mean=0.2640±0.6108 [-0.9833-0.9313]
  [Iter 950/1000] Best: 1533.8997 | Alpha: 0.1563
      [Iter 1000] Action stats: mean=0.2007±0.5920 [-0.8132-0.9153]
      [Iter 1000] Fitness: current=1619.7497, best=1619.7497, diversity=0.000000
      [Iter 1000] Reward: 1.0000
  [Iter 1000/1000] Best: 1619.7497 | Alpha: 0.1539

╔════════════════════════════════════════════════════════════╗
║              RRSACPSO TRAINING COMPLETE                   ║
╚════════════════════════════════════════════════════════════╝
  Mode:              online
  Episodes:          1
  Iterations/Ep:     1000
  Population Size:   40
  Best Fitness:      1619.7497
  Path Length:       5 waypoints


========== Planning Complete ==========
Algorithm: RRSACPSO
Execution time: 86.8780 seconds
Path length: 152.5954 units
Waypoints: 7
Best fitness: 1619.7497
========================================


========== Direct Global Planning ==========
Algorithm: RLAMPSO
Start: [10.0, 95.0, 10.0]
Goal:  [97.0, 2.0, 10.0]
============================================


╔════════════════════════════════════════════════════════╗
║     RLAM-PSO Configuration (GPU-Optimized)            ║
╚════════════════════════════════════════════════════════╝

Mode: baseline

--- Features Enabled ---
  Transformer State: OFF (state: 15D)
  TD3:               OFF
  PER:               OFF
  Curriculum:        OFF

--- Compute Configuration ---
  Mode:              GPU-Optimized Sequential
  GPU:               OFF (CPU fallback)
  Parallel:          OFF (disabled for dlnetwork compatibility)

--- Training Parameters ---
  Episodes:          100
  Population:        40
  Max Iterations:    600
  Batch Size:        256 (GPU-optimized)
  Actor LR:          0.00010
  Critic LR:         0.00100

--- GPU Optimization (2025) ---
  Gradient Steps/Call:  1
  Train Every:          1 iterations
  Mid-Episode Training: ON
  Estimated UTD Ratio:  ~600.0

════════════════════════════════════════════════════════


╔════════════════════════════════════════════════════════╗
║     RLAM-PSO Configuration (GPU-Optimized)            ║
╚════════════════════════════════════════════════════════╝

Mode: baseline

--- Features Enabled ---
  Transformer State: OFF (state: 15D)
  TD3:               OFF
  PER:               OFF
  Curriculum:        OFF

--- Compute Configuration ---
  Mode:              GPU-Optimized Sequential
  GPU:               OFF (CPU fallback)
  Parallel:          OFF (disabled for dlnetwork compatibility)

--- Training Parameters ---
  Episodes:          100
  Population:        40
  Max Iterations:    600
  Batch Size:        256 (GPU-optimized)
  Actor LR:          0.00010
  Critic LR:         0.00100

--- GPU Optimization (2025) ---
  Gradient Steps/Call:  1
  Train Every:          1 iterations
  Mid-Episode Training: ON
  Estimated UTD Ratio:  ~600.0

════════════════════════════════════════════════════════

[ACTION DEBUG iter 500] Raw action[1:3]: [0.7514, 0.4678, -0.9301], noise: 0.0500
[RLAMPSO DEBUG iter 500] w=0.7589, c1=1.5580, c2=1.3365 | fitness=1571.59
[REWARD DEBUG iter 500] FitnessImprovement: 0.0008 → Reward: +1.0000 (prevFit=1571.59, currFit=1571.59)
      [Iter 950] Action stats: mean=-0.1157±0.4913 [-0.9439-0.6115]
      [Iter 900] Action stats: mean=-0.0051±0.6485 [-0.8122-0.8267]
      [Iter 900] Fitness: current=1546.2869, best=1546.2869, diversity=0.011052
      [Iter 900] Reward: 1.0000
  [Iter 900/1000] Best: 1546.2869 | Alpha: 0.1588
  [Iter 950/1000] Best: 1572.3188 | Alpha: 0.1562
      [Iter 950] Action stats: mean=0.0238±0.7817 [-0.9786-0.9569]
      [Iter 950] Action stats: mean=-0.3320±0.3290 [-0.8540-0.0988]
  [Iter 950/1000] Best: 1525.8480 | Alpha: 0.1567
  [Iter 950/1000] Best: 1593.1870 | Alpha: 0.1564
      [Iter 1000] Action stats: mean=0.3729±0.5590 [-0.8647-0.9727]
      [Iter 1000] Fitness: current=1580.9047, best=1580.9047, diversity=0.725658
      [Iter 1000] Reward: 1.0000
  [Iter 1000/1000] Best: 1580.9047 | Alpha: 0.1556

╔════════════════════════════════════════════════════════════╗
║              RRSACPSO TRAINING COMPLETE                   ║
╚════════════════════════════════════════════════════════════╝
  Mode:              online
  Episodes:          1
  Iterations/Ep:     1000
  Population Size:   40
  Best Fitness:      1580.9047
  Path Length:       5 waypoints


========== Planning Complete ==========
Algorithm: RRSACPSO
Execution time: 85.9027 seconds
Path length: 156.7188 units
Waypoints: 7
Best fitness: 1580.9047
========================================

      [Iter 950] Action stats: mean=-0.5796±0.4404 [-0.9739-0.1317]

========== Direct Global Planning ==========
Algorithm: RLAMPSO
Start: [10.0, 95.0, 10.0]
Goal:  [97.0, 2.0, 10.0]
============================================


╔════════════════════════════════════════════════════════╗
║     RLAM-PSO Configuration (GPU-Optimized)            ║
╚════════════════════════════════════════════════════════╝

Mode: baseline

--- Features Enabled ---
  Transformer State: OFF (state: 15D)
  TD3:               OFF
  PER:               OFF
  Curriculum:        OFF

--- Compute Configuration ---
  Mode:              GPU-Optimized Sequential
  GPU:               OFF (CPU fallback)
  Parallel:          OFF (disabled for dlnetwork compatibility)

--- Training Parameters ---
  Episodes:          100
  Population:        40
  Max Iterations:    600
  Batch Size:        256 (GPU-optimized)
  Actor LR:          0.00010
  Critic LR:         0.00100

--- GPU Optimization (2025) ---
  Gradient Steps/Call:  1
  Train Every:          1 iterations
  Mid-Episode Training: ON
  Estimated UTD Ratio:  ~600.0

════════════════════════════════════════════════════════


╔════════════════════════════════════════════════════════╗
║     RLAM-PSO Configuration (GPU-Optimized)            ║
╚════════════════════════════════════════════════════════╝

Mode: baseline

--- Features Enabled ---
  Transformer State: OFF (state: 15D)
  TD3:               OFF
  PER:               OFF
  Curriculum:        OFF

--- Compute Configuration ---
  Mode:              GPU-Optimized Sequential
  GPU:               OFF (CPU fallback)
  Parallel:          OFF (disabled for dlnetwork compatibility)

--- Training Parameters ---
  Episodes:          100
  Population:        40
  Max Iterations:    600
  Batch Size:        256 (GPU-optimized)
  Actor LR:          0.00010
  Critic LR:         0.00100

--- GPU Optimization (2025) ---
  Gradient Steps/Call:  1
  Train Every:          1 iterations
  Mid-Episode Training: ON
  Estimated UTD Ratio:  ~600.0

════════════════════════════════════════════════════════

      [Iter 1000] Action stats: mean=0.1908±0.5836 [-0.8515-0.9704]
  [Iter 950/1000] Best: 1692.5846 | Alpha: 0.1566
      [Iter 950] Action stats: mean=0.0988±0.5406 [-0.8091-0.6913]
  [Iter 950/1000] Best: 1710.8339 | Alpha: 0.1575
[ACTION DEBUG iter 100] Raw action[1:3]: [-0.0924, -0.0478, -0.3321], noise: 0.0500
[RLAMPSO DEBUG iter 100] w=0.5125, c1=1.9948, c2=1.8166 | fitness=1636.77
[REWARD DEBUG iter 100] FitnessImprovement: 0.2552 → Reward: +1.0000 (prevFit=1636.77, currFit=1636.52)
      [Iter 1000] Fitness: current=1562.9213, best=1562.9213, diversity=0.002353
      [Iter 1000] Reward: 1.0000
  [Iter 1000/1000] Best: 1562.9213 | Alpha: 0.1545

╔════════════════════════════════════════════════════════════╗
║              RRSACPSO TRAINING COMPLETE                   ║
╚════════════════════════════════════════════════════════════╝
  Mode:              online
  Episodes:          1
  Iterations/Ep:     1000
  Population Size:   40
  Best Fitness:      1562.9213
  Path Length:       5 waypoints


========== Planning Complete ==========
Algorithm: RRSACPSO
Execution time: 85.8032 seconds
Path length: 147.0881 units
Waypoints: 7
Best fitness: 1562.9213
========================================

      [Iter 1000] Action stats: mean=0.1712±0.5763 [-0.7281-0.8572]
      [Iter 1000] Fitness: current=1533.8997, best=1533.8997, diversity=0.000000
      [Iter 1000] Reward: -1.0000
[ACTION DEBUG iter 400] Raw action[1:3]: [-0.1790, -0.0487, 0.4936], noise: 0.0500
[RLAMPSO DEBUG iter 400] w=0.3086, c1=1.2314, c2=1.3827 | fitness=1520.23
[REWARD DEBUG iter 400] FitnessImprovement: 0.0002 → Reward: +1.0000 (prevFit=1520.23, currFit=1520.23)

========== Direct Global Planning ==========
Algorithm: RLAMPSO
Start: [10.0, 95.0, 10.0]
Goal:  [97.0, 2.0, 10.0]
============================================


╔════════════════════════════════════════════════════════╗
║     RLAM-PSO Configuration (GPU-Optimized)            ║
╚════════════════════════════════════════════════════════╝

Mode: baseline

--- Features Enabled ---
  Transformer State: OFF (state: 15D)
  TD3:               OFF
  PER:               OFF
  Curriculum:        OFF

--- Compute Configuration ---
  Mode:              GPU-Optimized Sequential
  GPU:               OFF (CPU fallback)
  Parallel:          OFF (disabled for dlnetwork compatibility)

--- Training Parameters ---
  Episodes:          100
  Population:        40
  Max Iterations:    600
  Batch Size:        256 (GPU-optimized)
  Actor LR:          0.00010
  Critic LR:         0.00100

--- GPU Optimization (2025) ---
  Gradient Steps/Call:  1
  Train Every:          1 iterations
  Mid-Episode Training: ON
  Estimated UTD Ratio:  ~600.0

════════════════════════════════════════════════════════


╔════════════════════════════════════════════════════════╗
║     RLAM-PSO Configuration (GPU-Optimized)            ║
╚════════════════════════════════════════════════════════╝

Mode: baseline

--- Features Enabled ---
  Transformer State: OFF (state: 15D)
  TD3:               OFF
  PER:               OFF
  Curriculum:        OFF

--- Compute Configuration ---
  Mode:              GPU-Optimized Sequential
  GPU:               OFF (CPU fallback)
  Parallel:          OFF (disabled for dlnetwork compatibility)

--- Training Parameters ---
  Episodes:          100
  Population:        40
  Max Iterations:    600
  Batch Size:        256 (GPU-optimized)
  Actor LR:          0.00010
  Critic LR:         0.00100

--- GPU Optimization (2025) ---
  Gradient Steps/Call:  1
  Train Every:          1 iterations
  Mid-Episode Training: ON
  Estimated UTD Ratio:  ~600.0

════════════════════════════════════════════════════════

  [Iter 1000/1000] Best: 1533.8997 | Alpha: 0.1539

╔════════════════════════════════════════════════════════════╗
║              RRSACPSO TRAINING COMPLETE                   ║
╚════════════════════════════════════════════════════════════╝
  Mode:              online
  Episodes:          1
  Iterations/Ep:     1000
  Population Size:   40
  Best Fitness:      1533.8997
  Path Length:       5 waypoints


========== Planning Complete ==========
Algorithm: RRSACPSO
Execution time: 82.2915 seconds
Path length: 149.5613 units
Waypoints: 7
Best fitness: 1533.8997
========================================

      [Iter 1000] Action stats: mean=-0.0242±0.6985 [-0.9056-0.9532]
      [Iter 1000] Fitness: current=1541.6576, best=1541.6576, diversity=0.034884
      [Iter 1000] Reward: 1.0000
  [Iter 1000/1000] Best: 1541.6576 | Alpha: 0.1540

╔════════════════════════════════════════════════════════════╗
║              RRSACPSO TRAINING COMPLETE                   ║
╚════════════════════════════════════════════════════════════╝
  Mode:              online
  Episodes:          1
  Iterations/Ep:     1000
  Population Size:   40
  Best Fitness:      1541.6576
  Path Length:       5 waypoints


========== Planning Complete ==========
Algorithm: RRSACPSO
Execution time: 87.3587 seconds
Path length: 151.0600 units
Waypoints: 7
Best fitness: 1541.6576
========================================


========== Direct Global Planning ==========
Algorithm: RLAMPSO
Start: [10.0, 95.0, 10.0]
Goal:  [97.0, 2.0, 10.0]
============================================


╔════════════════════════════════════════════════════════╗
║     RLAM-PSO Configuration (GPU-Optimized)            ║
╚════════════════════════════════════════════════════════╝

Mode: baseline

--- Features Enabled ---
  Transformer State: OFF (state: 15D)
  TD3:               OFF
  PER:               OFF
  Curriculum:        OFF

--- Compute Configuration ---
  Mode:              GPU-Optimized Sequential
  GPU:               OFF (CPU fallback)
  Parallel:          OFF (disabled for dlnetwork compatibility)

--- Training Parameters ---
  Episodes:          100
  Population:        40
  Max Iterations:    600
  Batch Size:        256 (GPU-optimized)
  Actor LR:          0.00010
  Critic LR:         0.00100

--- GPU Optimization (2025) ---
  Gradient Steps/Call:  1
  Train Every:          1 iterations
  Mid-Episode Training: ON
  Estimated UTD Ratio:  ~600.0

════════════════════════════════════════════════════════


╔════════════════════════════════════════════════════════╗
║     RLAM-PSO Configuration (GPU-Optimized)            ║
╚════════════════════════════════════════════════════════╝

Mode: baseline

--- Features Enabled ---
  Transformer State: OFF (state: 15D)
  TD3:               OFF
  PER:               OFF
  Curriculum:        OFF

--- Compute Configuration ---
  Mode:              GPU-Optimized Sequential
  GPU:               OFF (CPU fallback)
  Parallel:          OFF (disabled for dlnetwork compatibility)

--- Training Parameters ---
  Episodes:          100
  Population:        40
  Max Iterations:    600
  Batch Size:        256 (GPU-optimized)
  Actor LR:          0.00010
  Critic LR:         0.00100

--- GPU Optimization (2025) ---
  Gradient Steps/Call:  1
  Train Every:          1 iterations
  Mid-Episode Training: ON
  Estimated UTD Ratio:  ~600.0

════════════════════════════════════════════════════════


========== Direct Global Planning ==========
Algorithm: RLAMPSO
Start: [10.0, 95.0, 10.0]
Goal:  [97.0, 2.0, 10.0]
============================================


╔════════════════════════════════════════════════════════╗
║     RLAM-PSO Configuration (GPU-Optimized)            ║
╚════════════════════════════════════════════════════════╝

Mode: baseline

--- Features Enabled ---
  Transformer State: OFF (state: 15D)
  TD3:               OFF
  PER:               OFF
  Curriculum:        OFF

--- Compute Configuration ---
  Mode:              GPU-Optimized Sequential
  GPU:               OFF (CPU fallback)
  Parallel:          OFF (disabled for dlnetwork compatibility)

--- Training Parameters ---
  Episodes:          100
  Population:        40
  Max Iterations:    600
  Batch Size:        256 (GPU-optimized)
  Actor LR:          0.00010
  Critic LR:         0.00100

--- GPU Optimization (2025) ---
  Gradient Steps/Call:  1
  Train Every:          1 iterations
  Mid-Episode Training: ON
  Estimated UTD Ratio:  ~600.0

════════════════════════════════════════════════════════


╔════════════════════════════════════════════════════════╗
║     RLAM-PSO Configuration (GPU-Optimized)            ║
╚════════════════════════════════════════════════════════╝

Mode: baseline

--- Features Enabled ---
  Transformer State: OFF (state: 15D)
  TD3:               OFF
  PER:               OFF
  Curriculum:        OFF

--- Compute Configuration ---
  Mode:              GPU-Optimized Sequential
  GPU:               OFF (CPU fallback)
  Parallel:          OFF (disabled for dlnetwork compatibility)

--- Training Parameters ---
  Episodes:          100
  Population:        40
  Max Iterations:    600
  Batch Size:        256 (GPU-optimized)
  Actor LR:          0.00010
  Critic LR:         0.00100

--- GPU Optimization (2025) ---
  Gradient Steps/Call:  1
  Train Every:          1 iterations
  Mid-Episode Training: ON
  Estimated UTD Ratio:  ~600.0

════════════════════════════════════════════════════════

      [Iter 1000] Action stats: mean=0.0401±0.5996 [-0.9646-0.7420]
      [Iter 1000] Fitness: current=1572.3175, best=1572.3175, diversity=0.000124
      [Iter 1000] Reward: 1.0000
      [Iter 950] Action stats: mean=-0.1176±0.6952 [-0.9585-0.7649]
      [Iter 1000] Action stats: mean=-0.1163±0.6127 [-0.9455-0.9588]
      [Iter 1000] Fitness: current=1525.8479, best=1525.8479, diversity=0.004956
      [Iter 1000] Reward: 1.0000
  [Iter 1000/1000] Best: 1525.8479 | Alpha: 0.1545

╔════════════════════════════════════════════════════════════╗
║              RRSACPSO TRAINING COMPLETE                   ║
╚════════════════════════════════════════════════════════════╝
  Mode:              online
  Episodes:          1
  Iterations/Ep:     1000
  Population Size:   40
  Best Fitness:      1525.8479
  Path Length:       5 waypoints


========== Planning Complete ==========
Algorithm: RRSACPSO
Execution time: 86.7020 seconds
Path length: 146.3246 units
Waypoints: 7
Best fitness: 1525.8479
========================================

  [Iter 1000/1000] Best: 1572.3175 | Alpha: 0.1539

╔════════════════════════════════════════════════════════════╗
║              RRSACPSO TRAINING COMPLETE                   ║
╚════════════════════════════════════════════════════════════╝
  Mode:              online
  Episodes:          1
  Iterations/Ep:     1000
  Population Size:   40
  Best Fitness:      1572.3175
  Path Length:       5 waypoints


========== Planning Complete ==========
Algorithm: RRSACPSO
Execution time: 86.9167 seconds
Path length: 163.8586 units
Waypoints: 7
Best fitness: 1572.3175
========================================

  [Iter 950/1000] Best: 1546.2376 | Alpha: 0.1565
      [Iter 1000] Action stats: mean=0.1150±0.6158 [-0.8752-0.8824]
      [Iter 1000] Fitness: current=1593.1870, best=1593.1870, diversity=0.004343
      [Iter 1000] Reward: -1.0000
  [Iter 1000/1000] Best: 1593.1870 | Alpha: 0.1542

╔════════════════════════════════════════════════════════════╗
║              RRSACPSO TRAINING COMPLETE                   ║
╚════════════════════════════════════════════════════════════╝
  Mode:              online
  Episodes:          1
  Iterations/Ep:     1000
  Population Size:   40
  Best Fitness:      1593.1870
  Path Length:       5 waypoints


========== Planning Complete ==========
Algorithm: RRSACPSO
Execution time: 86.1582 seconds
Path length: 165.1357 units
Waypoints: 7
Best fitness: 1593.1870
========================================

[ACTION DEBUG iter 100] Raw action[1:3]: [-0.5469, 0.7767, 0.0148], noise: 0.0500
[RLAMPSO DEBUG iter 100] w=0.3631, c1=2.2201, c2=1.9451 | fitness=1654.95

========== Direct Global Planning ==========
Algorithm: RLAMPSO
Start: [10.0, 95.0, 10.0]
Goal:  [97.0, 2.0, 10.0]
============================================


╔════════════════════════════════════════════════════════╗
║     RLAM-PSO Configuration (GPU-Optimized)            ║
╚════════════════════════════════════════════════════════╝

Mode: baseline

--- Features Enabled ---
  Transformer State: OFF (state: 15D)
  TD3:               OFF
  PER:               OFF
  Curriculum:        OFF

--- Compute Configuration ---
  Mode:              GPU-Optimized Sequential
  GPU:               OFF (CPU fallback)
  Parallel:          OFF (disabled for dlnetwork compatibility)

--- Training Parameters ---
  Episodes:          100
  Population:        40
  Max Iterations:    600
  Batch Size:        256 (GPU-optimized)
  Actor LR:          0.00010
  Critic LR:         0.00100

--- GPU Optimization (2025) ---
  Gradient Steps/Call:  1
  Train Every:          1 iterations
  Mid-Episode Training: ON
  Estimated UTD Ratio:  ~600.0

════════════════════════════════════════════════════════


╔════════════════════════════════════════════════════════╗
║     RLAM-PSO Configuration (GPU-Optimized)            ║
╚════════════════════════════════════════════════════════╝

Mode: baseline

--- Features Enabled ---
  Transformer State: OFF (state: 15D)
  TD3:               OFF
  PER:               OFF
  Curriculum:        OFF

--- Compute Configuration ---
  Mode:              GPU-Optimized Sequential
  GPU:               OFF (CPU fallback)
  Parallel:          OFF (disabled for dlnetwork compatibility)

--- Training Parameters ---
  Episodes:          100
  Population:        40
  Max Iterations:    600
  Batch Size:        256 (GPU-optimized)
  Actor LR:          0.00010
  Critic LR:         0.00100

--- GPU Optimization (2025) ---
  Gradient Steps/Call:  1
  Train Every:          1 iterations
  Mid-Episode Training: ON
  Estimated UTD Ratio:  ~600.0

════════════════════════════════════════════════════════


========== Direct Global Planning ==========
Algorithm: RLAMPSO
Start: [10.0, 95.0, 10.0]
Goal:  [97.0, 2.0, 10.0]
============================================


╔════════════════════════════════════════════════════════╗
║     RLAM-PSO Configuration (GPU-Optimized)            ║
╚════════════════════════════════════════════════════════╝

Mode: baseline

--- Features Enabled ---
  Transformer State: OFF (state: 15D)
  TD3:               OFF
  PER:               OFF
  Curriculum:        OFF

--- Compute Configuration ---
  Mode:              GPU-Optimized Sequential
  GPU:               OFF (CPU fallback)
  Parallel:          OFF (disabled for dlnetwork compatibility)

--- Training Parameters ---
  Episodes:          100
  Population:        40
  Max Iterations:    600
  Batch Size:        256 (GPU-optimized)
  Actor LR:          0.00010
  Critic LR:         0.00100

--- GPU Optimization (2025) ---
  Gradient Steps/Call:  1
  Train Every:          1 iterations
  Mid-Episode Training: ON
  Estimated UTD Ratio:  ~600.0

════════════════════════════════════════════════════════


╔════════════════════════════════════════════════════════╗
║     RLAM-PSO Configuration (GPU-Optimized)            ║
╚════════════════════════════════════════════════════════╝

Mode: baseline

--- Features Enabled ---
  Transformer State: OFF (state: 15D)
  TD3:               OFF
  PER:               OFF
  Curriculum:        OFF

--- Compute Configuration ---
  Mode:              GPU-Optimized Sequential
  GPU:               OFF (CPU fallback)
  Parallel:          OFF (disabled for dlnetwork compatibility)

--- Training Parameters ---
  Episodes:          100
  Population:        40
  Max Iterations:    600
  Batch Size:        256 (GPU-optimized)
  Actor LR:          0.00010
  Critic LR:         0.00100

--- GPU Optimization (2025) ---
  Gradient Steps/Call:  1
  Train Every:          1 iterations
  Mid-Episode Training: ON
  Estimated UTD Ratio:  ~600.0

════════════════════════════════════════════════════════


========== Direct Global Planning ==========
Algorithm: RLAMPSO
Start: [10.0, 95.0, 10.0]
Goal:  [97.0, 2.0, 10.0]
============================================


╔════════════════════════════════════════════════════════╗
║     RLAM-PSO Configuration (GPU-Optimized)            ║
╚════════════════════════════════════════════════════════╝

Mode: baseline

--- Features Enabled ---
  Transformer State: OFF (state: 15D)
  TD3:               OFF
  PER:               OFF
  Curriculum:        OFF

--- Compute Configuration ---
  Mode:              GPU-Optimized Sequential
  GPU:               OFF (CPU fallback)
  Parallel:          OFF (disabled for dlnetwork compatibility)

--- Training Parameters ---
  Episodes:          100
  Population:        40
  Max Iterations:    600
  Batch Size:        256 (GPU-optimized)
  Actor LR:          0.00010
  Critic LR:         0.00100

--- GPU Optimization (2025) ---
  Gradient Steps/Call:  1
  Train Every:          1 iterations
  Mid-Episode Training: ON
  Estimated UTD Ratio:  ~600.0

════════════════════════════════════════════════════════


╔════════════════════════════════════════════════════════╗
║     RLAM-PSO Configuration (GPU-Optimized)            ║
╚════════════════════════════════════════════════════════╝

Mode: baseline

--- Features Enabled ---
  Transformer State: OFF (state: 15D)
  TD3:               OFF
  PER:               OFF
  Curriculum:        OFF

--- Compute Configuration ---
  Mode:              GPU-Optimized Sequential
  GPU:               OFF (CPU fallback)
  Parallel:          OFF (disabled for dlnetwork compatibility)

--- Training Parameters ---
  Episodes:          100
  Population:        40
  Max Iterations:    600
  Batch Size:        256 (GPU-optimized)
  Actor LR:          0.00010
  Critic LR:         0.00100

--- GPU Optimization (2025) ---
  Gradient Steps/Call:  1
  Train Every:          1 iterations
  Mid-Episode Training: ON
  Estimated UTD Ratio:  ~600.0

════════════════════════════════════════════════════════

[REWARD DEBUG iter 100] FitnessImprovement: 0.0060 → Reward: +1.0000 (prevFit=1654.95, currFit=1654.95)
      [Iter 1000] Action stats: mean=-0.3414±0.7009 [-0.9855-0.9984]
      [Iter 1000] Fitness: current=1692.5846, best=1692.5846, diversity=0.000000
      [Iter 1000] Reward: -1.0000
  [Iter 1000/1000] Best: 1692.5846 | Alpha: 0.1543

╔════════════════════════════════════════════════════════════╗
║              RRSACPSO TRAINING COMPLETE                   ║
╚════════════════════════════════════════════════════════════╝
  Mode:              online
  Episodes:          1
  Iterations/Ep:     1000
  Population Size:   40
  Best Fitness:      1692.5846
  Path Length:       5 waypoints


========== Planning Complete ==========
Algorithm: RRSACPSO
Execution time: 87.5552 seconds
Path length: 152.3917 units
Waypoints: 7
Best fitness: 1692.5846
========================================

      [Iter 1000] Action stats: mean=0.0698±0.6113 [-0.9468-0.9977]
      [Iter 1000] Fitness: current=1710.8339, best=1710.8339, diversity=0.000056
      [Iter 1000] Reward: -1.0000
  [Iter 1000/1000] Best: 1710.8339 | Alpha: 0.1555

╔════════════════════════════════════════════════════════════╗
║              RRSACPSO TRAINING COMPLETE                   ║
╚════════════════════════════════════════════════════════════╝
  Mode:              online
  Episodes:          1
  Iterations/Ep:     1000
  Population Size:   40
  Best Fitness:      1710.8339
  Path Length:       5 waypoints


========== Planning Complete ==========
Algorithm: RRSACPSO
Execution time: 86.4378 seconds
Path length: 152.0200 units
Waypoints: 7
Best fitness: 1710.8339
========================================


========== Direct Global Planning ==========
Algorithm: RLAMPSO
Start: [10.0, 95.0, 10.0]
Goal:  [97.0, 2.0, 10.0]
============================================


╔════════════════════════════════════════════════════════╗
║     RLAM-PSO Configuration (GPU-Optimized)            ║
╚════════════════════════════════════════════════════════╝

Mode: baseline

--- Features Enabled ---
  Transformer State: OFF (state: 15D)
  TD3:               OFF
  PER:               OFF
  Curriculum:        OFF

--- Compute Configuration ---
  Mode:              GPU-Optimized Sequential
  GPU:               OFF (CPU fallback)
  Parallel:          OFF (disabled for dlnetwork compatibility)

--- Training Parameters ---
  Episodes:          100
  Population:        40
  Max Iterations:    600
  Batch Size:        256 (GPU-optimized)
  Actor LR:          0.00010
  Critic LR:         0.00100

--- GPU Optimization (2025) ---
  Gradient Steps/Call:  1
  Train Every:          1 iterations
  Mid-Episode Training: ON
  Estimated UTD Ratio:  ~600.0

════════════════════════════════════════════════════════


╔════════════════════════════════════════════════════════╗
║     RLAM-PSO Configuration (GPU-Optimized)            ║
╚════════════════════════════════════════════════════════╝

Mode: baseline

--- Features Enabled ---
  Transformer State: OFF (state: 15D)
  TD3:               OFF
  PER:               OFF
  Curriculum:        OFF

--- Compute Configuration ---
  Mode:              GPU-Optimized Sequential
  GPU:               OFF (CPU fallback)
  Parallel:          OFF (disabled for dlnetwork compatibility)

--- Training Parameters ---
  Episodes:          100
  Population:        40
  Max Iterations:    600
  Batch Size:        256 (GPU-optimized)
  Actor LR:          0.00010
  Critic LR:         0.00100

--- GPU Optimization (2025) ---
  Gradient Steps/Call:  1
  Train Every:          1 iterations
  Mid-Episode Training: ON
  Estimated UTD Ratio:  ~600.0

════════════════════════════════════════════════════════

[ACTION DEBUG iter 600] Raw action[1:3]: [0.8192, 0.8729, -0.9952], noise: 0.0500
[ACTION DEBUG iter 600] WARNING: 5/20 actions clipped (network saturating)
[RLAMPSO DEBUG iter 600] w=0.7383, c1=1.7000, c2=1.3000 | fitness=1571.50
[REWARD DEBUG iter 600] FitnessImprovement: 0.0007 → Reward: +1.0000 (prevFit=1571.50, currFit=1571.50)

========== Direct Global Planning ==========
Algorithm: RLAMPSO
Start: [10.0, 95.0, 10.0]
Goal:  [97.0, 2.0, 10.0]
============================================


╔════════════════════════════════════════════════════════╗
║     RLAM-PSO Configuration (GPU-Optimized)            ║
╚════════════════════════════════════════════════════════╝

Mode: baseline

--- Features Enabled ---
  Transformer State: OFF (state: 15D)
  TD3:               OFF
  PER:               OFF
  Curriculum:        OFF

--- Compute Configuration ---
  Mode:              GPU-Optimized Sequential
  GPU:               OFF (CPU fallback)
  Parallel:          OFF (disabled for dlnetwork compatibility)

--- Training Parameters ---
  Episodes:          100
  Population:        40
  Max Iterations:    600
  Batch Size:        256 (GPU-optimized)
  Actor LR:          0.00010
  Critic LR:         0.00100

--- GPU Optimization (2025) ---
  Gradient Steps/Call:  1
  Train Every:          1 iterations
  Mid-Episode Training: ON
  Estimated UTD Ratio:  ~600.0

════════════════════════════════════════════════════════


╔════════════════════════════════════════════════════════╗
║     RLAM-PSO Configuration (GPU-Optimized)            ║
╚════════════════════════════════════════════════════════╝

Mode: baseline

--- Features Enabled ---
  Transformer State: OFF (state: 15D)
  TD3:               OFF
  PER:               OFF
  Curriculum:        OFF

--- Compute Configuration ---
  Mode:              GPU-Optimized Sequential
  GPU:               OFF (CPU fallback)
  Parallel:          OFF (disabled for dlnetwork compatibility)

--- Training Parameters ---
  Episodes:          100
  Population:        40
  Max Iterations:    600
  Batch Size:        256 (GPU-optimized)
  Actor LR:          0.00010
  Critic LR:         0.00100

--- GPU Optimization (2025) ---
  Gradient Steps/Call:  1
  Train Every:          1 iterations
  Mid-Episode Training: ON
  Estimated UTD Ratio:  ~600.0

════════════════════════════════════════════════════════

[ACTION DEBUG iter 200] Raw action[1:3]: [0.0886, 0.2487, 0.0726], noise: 0.0500
[RLAMPSO DEBUG iter 200] w=0.5447, c1=2.3192, c2=2.1329 | fitness=1624.17
[REWARD DEBUG iter 200] FitnessImprovement: 0.0000 → Reward: -1.0000 (prevFit=1624.17, currFit=1624.17)
[ACTION DEBUG iter 100] Raw action[1:3]: [0.0965, 0.2092, -0.0209], noise: 0.0500
[RLAMPSO DEBUG iter 100] w=0.5096, c1=1.9783, c2=1.7742 | fitness=1662.23
[REWARD DEBUG iter 100] FitnessImprovement: 0.1776 → Reward: +1.0000 (prevFit=1662.23, currFit=1662.06)
[ACTION DEBUG iter 100] Raw action[1:3]: [-0.3368, 0.8399, -0.1211], noise: 0.0500
[RLAMPSO DEBUG iter 100] w=0.5043, c1=2.2684, c2=1.4673 | fitness=1634.03
[REWARD DEBUG iter 100] FitnessImprovement: 0.1805 → Reward: +1.0000 (prevFit=1634.03, currFit=1633.85)
[ACTION DEBUG iter 100] Raw action[1:3]: [0.1393, -0.6482, 0.4730], noise: 0.0500
[RLAMPSO DEBUG iter 100] w=0.5348, c1=1.4077, c2=1.7699 | fitness=1593.80
[REWARD DEBUG iter 100] FitnessImprovement: 0.7526 → Reward: +1.0000 (prevFit=1593.80, currFit=1593.05)
[ACTION DEBUG iter 100] Raw action[1:3]: [0.2264, 0.0493, 0.1452], noise: 0.0500
[RLAMPSO DEBUG iter 100] w=0.4851, c1=1.4184, c2=1.4104 | fitness=1590.17
[REWARD DEBUG iter 100] FitnessImprovement: 0.2839 → Reward: +1.0000 (prevFit=1590.17, currFit=1589.89)
      [Iter 1000] Action stats: mean=0.0609±0.7632 [-0.9462-0.9718]
      [Iter 1000] Fitness: current=1546.0721, best=1546.0721, diversity=0.003662
      [Iter 1000] Reward: 1.0000
  [Iter 1000/1000] Best: 1546.0721 | Alpha: 0.1543

╔════════════════════════════════════════════════════════════╗
║              RRSACPSO TRAINING COMPLETE                   ║
╚════════════════════════════════════════════════════════════╝
  Mode:              online
  Episodes:          1
  Iterations/Ep:     1000
  Population Size:   40
  Best Fitness:      1546.0721
  Path Length:       5 waypoints


========== Planning Complete ==========
Algorithm: RRSACPSO
Execution time: 86.3433 seconds
Path length: 146.8839 units
Waypoints: 7
Best fitness: 1546.0721
========================================

[ACTION DEBUG iter 200] Raw action[1:3]: [-0.7327, 0.6296, -0.0986], noise: 0.0500
[RLAMPSO DEBUG iter 200] w=0.4335, c1=1.8357, c2=1.7512 | fitness=1653.91
[REWARD DEBUG iter 200] FitnessImprovement: 0.0005 → Reward: +1.0000 (prevFit=1653.91, currFit=1653.91)

========== Direct Global Planning ==========
Algorithm: RLAMPSO
Start: [10.0, 95.0, 10.0]
Goal:  [97.0, 2.0, 10.0]
============================================


╔════════════════════════════════════════════════════════╗
║     RLAM-PSO Configuration (GPU-Optimized)            ║
╚════════════════════════════════════════════════════════╝

Mode: baseline

--- Features Enabled ---
  Transformer State: OFF (state: 15D)
  TD3:               OFF
  PER:               OFF
  Curriculum:        OFF

--- Compute Configuration ---
  Mode:              GPU-Optimized Sequential
  GPU:               OFF (CPU fallback)
  Parallel:          OFF (disabled for dlnetwork compatibility)

--- Training Parameters ---
  Episodes:          100
  Population:        40
  Max Iterations:    600
  Batch Size:        256 (GPU-optimized)
  Actor LR:          0.00010
  Critic LR:         0.00100

--- GPU Optimization (2025) ---
  Gradient Steps/Call:  1
  Train Every:          1 iterations
  Mid-Episode Training: ON
  Estimated UTD Ratio:  ~600.0

════════════════════════════════════════════════════════


╔════════════════════════════════════════════════════════╗
║     RLAM-PSO Configuration (GPU-Optimized)            ║
╚════════════════════════════════════════════════════════╝

Mode: baseline

--- Features Enabled ---
  Transformer State: OFF (state: 15D)
  TD3:               OFF
  PER:               OFF
  Curriculum:        OFF

--- Compute Configuration ---
  Mode:              GPU-Optimized Sequential
  GPU:               OFF (CPU fallback)
  Parallel:          OFF (disabled for dlnetwork compatibility)

--- Training Parameters ---
  Episodes:          100
  Population:        40
  Max Iterations:    600
  Batch Size:        256 (GPU-optimized)
  Actor LR:          0.00010
  Critic LR:         0.00100

--- GPU Optimization (2025) ---
  Gradient Steps/Call:  1
  Train Every:          1 iterations
  Mid-Episode Training: ON
  Estimated UTD Ratio:  ~600.0

════════════════════════════════════════════════════════

[ACTION DEBUG iter 100] Raw action[1:3]: [0.2833, 0.1149, -0.7927], noise: 0.0500
[RLAMPSO DEBUG iter 100] w=0.5434, c1=2.2946, c2=1.8708 | fitness=1623.34
[REWARD DEBUG iter 100] FitnessImprovement: 0.0000 → Reward: -1.0000 (prevFit=1623.34, currFit=1623.34)
[ACTION DEBUG iter 100] Raw action[1:3]: [0.1091, -0.6452, 0.5007], noise: 0.0500
[RLAMPSO DEBUG iter 100] w=0.5516, c1=1.2124, c2=2.0792 | fitness=1756.82
[REWARD DEBUG iter 100] FitnessImprovement: 0.0488 → Reward: +1.0000 (prevFit=1756.82, currFit=1756.78)
[ACTION DEBUG iter 100] Raw action[1:3]: [0.0139, -0.4697, -0.0456], noise: 0.0500
[RLAMPSO DEBUG iter 100] w=0.4610, c1=1.6320, c2=1.7609 | fitness=1636.18
[REWARD DEBUG iter 100] FitnessImprovement: 1.1984 → Reward: +1.0000 (prevFit=1636.18, currFit=1634.98)
[ACTION DEBUG iter 500] Raw action[1:3]: [0.4324, 0.7569, 0.1896], noise: 0.0500
[RLAMPSO DEBUG iter 500] w=0.4543, c1=1.4281, c2=1.3384 | fitness=1520.22
[REWARD DEBUG iter 500] FitnessImprovement: 0.0000 → Reward: -1.0000 (prevFit=1520.22, currFit=1520.22)
[ACTION DEBUG iter 300] Raw action[1:3]: [0.0274, 0.3690, 0.2911], noise: 0.0500
[RLAMPSO DEBUG iter 300] w=0.4942, c1=2.2770, c2=2.3057 | fitness=1622.57
[REWARD DEBUG iter 300] FitnessImprovement: 0.0000 → Reward: -1.0000 (prevFit=1622.57, currFit=1622.57)
[ACTION DEBUG iter 200] Raw action[1:3]: [0.4200, 0.3600, 0.2529], noise: 0.0500
[RLAMPSO DEBUG iter 200] w=0.4847, c1=1.9415, c2=1.7396 | fitness=1654.18
[REWARD DEBUG iter 200] FitnessImprovement: 0.0880 → Reward: +1.0000 (prevFit=1654.18, currFit=1654.09)
[ACTION DEBUG iter 100] Raw action[1:3]: [0.7645, -0.5055, 0.3015], noise: 0.0500
[RLAMPSO DEBUG iter 100] w=0.5612, c1=1.5088, c2=1.6518 | fitness=1665.57
[ACTION DEBUG iter 100] Raw action[1:3]: [-0.2153, -0.2283, 0.6545], noise: 0.0500
[RLAMPSO DEBUG iter 100] w=0.4142, c1=1.7877, c2=2.3462 | fitness=1576.95
[REWARD DEBUG iter 100] FitnessImprovement: 0.5851 → Reward: +1.0000 (prevFit=1665.57, currFit=1664.98)
[ACTION DEBUG iter 200] Raw action[1:3]: [0.0108, -0.2881, 0.7028], noise: 0.0500
[RLAMPSO DEBUG iter 200] w=0.4863, c1=1.3809, c2=1.6936 | fitness=1590.00
[REWARD DEBUG iter 100] FitnessImprovement: 0.0000 → Reward: -1.0000 (prevFit=1576.95, currFit=1576.95)
[ACTION DEBUG iter 200] Raw action[1:3]: [-0.2947, 0.8480, -0.0257], noise: 0.0500
[RLAMPSO DEBUG iter 200] w=0.4089, c1=2.2292, c2=1.4024 | fitness=1625.89
[REWARD DEBUG iter 200] FitnessImprovement: 0.0012 → Reward: +1.0000 (prevFit=1625.89, currFit=1625.88)
[REWARD DEBUG iter 200] FitnessImprovement: 0.0000 → Reward: -1.0000 (prevFit=1590.00, currFit=1590.00)
[ACTION DEBUG iter 200] Raw action[1:3]: [-0.0272, 0.1686, 0.2258], noise: 0.0500
[RLAMPSO DEBUG iter 200] w=0.4843, c1=1.5567, c2=1.6261 | fitness=1586.91
[REWARD DEBUG iter 200] FitnessImprovement: 0.0280 → Reward: +1.0000 (prevFit=1586.91, currFit=1586.88)
[ACTION DEBUG iter 300] Raw action[1:3]: [-0.9088, 0.5044, -0.2135], noise: 0.0500
[ACTION DEBUG iter 300] WARNING: 1/20 actions clipped (network saturating)
[RLAMPSO DEBUG iter 300] w=0.4224, c1=1.6476, c2=1.6791 | fitness=1630.17
[REWARD DEBUG iter 300] FitnessImprovement: 0.0001 → Reward: +1.0000 (prevFit=1630.17, currFit=1630.17)
[ACTION DEBUG iter 200] Raw action[1:3]: [0.3622, 0.0039, -0.7120], noise: 0.0500
[RLAMPSO DEBUG iter 200] w=0.5394, c1=2.3166, c2=1.9904 | fitness=1599.15
[REWARD DEBUG iter 200] FitnessImprovement: 1.8317 → Reward: +1.0000 (prevFit=1599.15, currFit=1597.32)
[ACTION DEBUG iter 100] Raw action[1:3]: [-0.4854, -0.1079, -0.0586], noise: 0.0500
[RLAMPSO DEBUG iter 100] w=0.4837, c1=1.6543, c2=2.1298 | fitness=1599.46
[REWARD DEBUG iter 100] FitnessImprovement: 0.0000 → Reward: -1.0000 (prevFit=1599.46, currFit=1599.46)
[ACTION DEBUG iter 700] Raw action[1:3]: [0.9855, 0.9136, -0.9972], noise: 0.0500
[ACTION DEBUG iter 700] WARNING: 6/20 actions clipped (network saturating)
[RLAMPSO DEBUG iter 700] w=0.8806, c1=1.3086, c2=1.3000 | fitness=1571.49
[REWARD DEBUG iter 700] FitnessImprovement: 0.0000 → Reward: -1.0000 (prevFit=1571.49, currFit=1571.49)
[ACTION DEBUG iter 200] Raw action[1:3]: [-0.3347, -0.0624, 0.5752], noise: 0.0500
[RLAMPSO DEBUG iter 200] w=0.4830, c1=1.3784, c2=1.4896 | fitness=1594.61
[REWARD DEBUG iter 200] FitnessImprovement: 0.0000 → Reward: -1.0000 (prevFit=1594.61, currFit=1594.61)
[ACTION DEBUG iter 200] Raw action[1:3]: [0.6270, -0.5562, 0.4658], noise: 0.0500
[RLAMPSO DEBUG iter 200] w=0.5761, c1=1.2391, c2=1.9572 | fitness=1751.79
[REWARD DEBUG iter 200] FitnessImprovement: 0.0014 → Reward: +1.0000 (prevFit=1751.79, currFit=1751.78)
[ACTION DEBUG iter 200] Raw action[1:3]: [-0.0187, -0.1134, 0.3407], noise: 0.0500
[RLAMPSO DEBUG iter 200] w=0.4295, c1=1.5904, c2=2.0562 | fitness=1528.30
[REWARD DEBUG iter 200] FitnessImprovement: 0.0000 → Reward: -1.0000 (prevFit=1528.30, currFit=1528.30)
[ACTION DEBUG iter 300] Raw action[1:3]: [0.6169, 0.4814, 0.3023], noise: 0.0500
[RLAMPSO DEBUG iter 300] w=0.5384, c1=1.7867, c2=1.7476 | fitness=1652.94
[REWARD DEBUG iter 300] FitnessImprovement: 0.0006 → Reward: +1.0000 (prevFit=1652.94, currFit=1652.94)
[ACTION DEBUG iter 200] Raw action[1:3]: [0.7239, -0.0168, 0.5274], noise: 0.0500
[RLAMPSO DEBUG iter 200] w=0.5543, c1=1.6931, c2=1.7506 | fitness=1647.67
[REWARD DEBUG iter 200] FitnessImprovement: 0.1483 → Reward: +1.0000 (prevFit=1647.67, currFit=1647.52)
[ACTION DEBUG iter 300] Raw action[1:3]: [-0.0301, 0.9538, 0.1904], noise: 0.0500
[RLAMPSO DEBUG iter 300] w=0.4578, c1=2.4659, c2=1.4982 | fitness=1625.83
[REWARD DEBUG iter 300] FitnessImprovement: 0.0000 → Reward: -1.0000 (prevFit=1625.83, currFit=1625.83)
[ACTION DEBUG iter 600] Raw action[1:3]: [-0.7287, 0.8706, -0.7931], noise: 0.0500
[ACTION DEBUG iter 600] WARNING: 2/20 actions clipped (network saturating)
[RLAMPSO DEBUG iter 600] w=0.2944, c1=1.0740, c2=1.2915 | fitness=1520.22
[ACTION DEBUG iter 300] Raw action[1:3]: [-0.1113, -0.2703, 0.7515], noise: 0.0500
[RLAMPSO DEBUG iter 300] w=0.4633, c1=1.2967, c2=1.7809 | fitness=1589.92
[REWARD DEBUG iter 300] FitnessImprovement: 0.0001 → Reward: +1.0000 (prevFit=1589.92, currFit=1589.92)
[REWARD DEBUG iter 600] FitnessImprovement: 0.0115 → Reward: +1.0000 (prevFit=1520.22, currFit=1520.21)
[ACTION DEBUG iter 300] Raw action[1:3]: [-0.4089, -0.0220, 0.0438], noise: 0.0500
[RLAMPSO DEBUG iter 300] w=0.4496, c1=1.7316, c2=2.0979 | fitness=1586.79
[REWARD DEBUG iter 300] FitnessImprovement: 0.0000 → Reward: +1.0000 (prevFit=1586.79, currFit=1586.79)
[ACTION DEBUG iter 300] Raw action[1:3]: [0.4983, 0.1021, -0.5137], noise: 0.0500
[RLAMPSO DEBUG iter 300] w=0.5729, c1=2.4023, c2=1.9967 | fitness=1566.81
[REWARD DEBUG iter 300] FitnessImprovement: 0.0000 → Reward: -1.0000 (prevFit=1566.81, currFit=1566.81)
[ACTION DEBUG iter 300] Raw action[1:3]: [-0.7267, -0.1507, 0.6584], noise: 0.0500
[RLAMPSO DEBUG iter 300] w=0.5210, c1=1.3717, c2=1.6287 | fitness=1590.81
[REWARD DEBUG iter 300] FitnessImprovement: 0.0004 → Reward: +1.0000 (prevFit=1590.81, currFit=1590.81)
[ACTION DEBUG iter 200] Raw action[1:3]: [-0.3074, 0.1509, -0.0717], noise: 0.0500
[RLAMPSO DEBUG iter 200] w=0.5359, c1=1.6011, c2=1.7253 | fitness=1593.57
[REWARD DEBUG iter 200] FitnessImprovement: 0.0352 → Reward: +1.0000 (prevFit=1593.57, currFit=1593.53)
[ACTION DEBUG iter 400] Raw action[1:3]: [0.4910, 0.3768, 0.4474], noise: 0.0500
[RLAMPSO DEBUG iter 400] w=0.5414, c1=1.7614, c2=1.2494 | fitness=1618.17
[REWARD DEBUG iter 400] FitnessImprovement: 0.1113 → Reward: +1.0000 (prevFit=1618.17, currFit=1618.06)
[ACTION DEBUG iter 300] Raw action[1:3]: [0.7992, -0.5748, 0.4874], noise: 0.0500
[RLAMPSO DEBUG iter 300] w=0.6109, c1=1.1100, c2=1.7291 | fitness=1751.38
[REWARD DEBUG iter 300] FitnessImprovement: 0.0000 → Reward: -1.0000 (prevFit=1751.38, currFit=1751.38)
[ACTION DEBUG iter 800] Raw action[1:3]: [0.9780, 0.8697, -0.9984], noise: 0.0500
[ACTION DEBUG iter 800] WARNING: 7/20 actions clipped (network saturating)
[RLAMPSO DEBUG iter 800] w=0.8831, c1=1.3000, c2=1.3000 | fitness=1571.49
[REWARD DEBUG iter 800] FitnessImprovement: 0.0000 → Reward: -1.0000 (prevFit=1571.49, currFit=1571.49)
[ACTION DEBUG iter 300] Raw action[1:3]: [0.6138, 0.3087, 0.4296], noise: 0.0500
[RLAMPSO DEBUG iter 300] w=0.4981, c1=1.6216, c2=1.6673 | fitness=1643.42
[REWARD DEBUG iter 300] FitnessImprovement: 0.1765 → Reward: +1.0000 (prevFit=1643.42, currFit=1643.24)
[ACTION DEBUG iter 300] Raw action[1:3]: [0.3389, -0.3296, -0.1166], noise: 0.0500
[RLAMPSO DEBUG iter 300] w=0.4750, c1=1.4064, c2=1.8094 | fitness=1526.36
[REWARD DEBUG iter 300] FitnessImprovement: 0.0021 → Reward: +1.0000 (prevFit=1526.36, currFit=1526.35)
[ACTION DEBUG iter 400] Raw action[1:3]: [-0.5311, 0.9347, 0.1426], noise: 0.0500
[ACTION DEBUG iter 400] WARNING: 1/20 actions clipped (network saturating)
[RLAMPSO DEBUG iter 400] w=0.4737, c1=1.9185, c2=1.7993 | fitness=1630.11
[REWARD DEBUG iter 400] FitnessImprovement: 8.1222 → Reward: +1.0000 (prevFit=1630.11, currFit=1621.99)
[ACTION DEBUG iter 300] Raw action[1:3]: [-0.5287, 0.3533, 0.1067], noise: 0.0500
[RLAMPSO DEBUG iter 300] w=0.4670, c1=1.4176, c2=1.5571 | fitness=1582.85
[REWARD DEBUG iter 300] FitnessImprovement: 0.0072 → Reward: +1.0000 (prevFit=1582.85, currFit=1582.85)
[ACTION DEBUG iter 700] Raw action[1:3]: [0.4759, 0.9322, -0.7862], noise: 0.0500
[ACTION DEBUG iter 700] WARNING: 1/20 actions clipped (network saturating)
[RLAMPSO DEBUG iter 700] w=0.4020, c1=1.1187, c2=1.3000 | fitness=1520.12
[REWARD DEBUG iter 700] FitnessImprovement: 0.0000 → Reward: +1.0000 (prevFit=1520.12, currFit=1520.12)
[ACTION DEBUG iter 400] Raw action[1:3]: [0.5860, 0.7475, 0.7246], noise: 0.0500
[RLAMPSO DEBUG iter 400] w=0.6025, c1=1.8606, c2=1.5168 | fitness=1649.19
[REWARD DEBUG iter 400] FitnessImprovement: 0.0285 → Reward: +1.0000 (prevFit=1649.19, currFit=1649.16)
[ACTION DEBUG iter 400] Raw action[1:3]: [-0.6653, 0.9579, -0.6545], noise: 0.0500
[RLAMPSO DEBUG iter 400] w=0.4323, c1=2.2617, c2=1.3157 | fitness=1625.42
[REWARD DEBUG iter 400] FitnessImprovement: 0.0004 → Reward: +1.0000 (prevFit=1625.42, currFit=1625.42)
[ACTION DEBUG iter 400] Raw action[1:3]: [0.2375, -0.6116, 0.7599], noise: 0.0500
[RLAMPSO DEBUG iter 400] w=0.5445, c1=1.2898, c2=1.9032 | fitness=1589.92
[REWARD DEBUG iter 400] FitnessImprovement: 0.0000 → Reward: -1.0000 (prevFit=1589.92, currFit=1589.92)
[ACTION DEBUG iter 400] Raw action[1:3]: [0.6441, 0.6294, 0.2799], noise: 0.0500
[RLAMPSO DEBUG iter 400] w=0.5504, c1=1.1814, c2=1.7298 | fitness=1586.79
[REWARD DEBUG iter 400] FitnessImprovement: 0.0000 → Reward: -1.0000 (prevFit=1586.79, currFit=1586.79)
[ACTION DEBUG iter 500] Raw action[1:3]: [0.9105, 0.5783, -0.3353], noise: 0.0500
[RLAMPSO DEBUG iter 500] w=0.4954, c1=0.9701, c2=0.7364 | fitness=1610.39
[REWARD DEBUG iter 500] FitnessImprovement: 0.0033 → Reward: +1.0000 (prevFit=1610.39, currFit=1610.38)
[ACTION DEBUG iter 400] Raw action[1:3]: [-0.7498, -0.3198, 0.0688], noise: 0.0500
[RLAMPSO DEBUG iter 400] w=0.5500, c1=1.5111, c2=1.5071 | fitness=1587.96
[ACTION DEBUG iter 400] Raw action[1:3]: [0.2704, -0.2990, -0.5727], noise: 0.0500
[RLAMPSO DEBUG iter 400] w=0.6082, c1=1.8026, c2=1.5692 | fitness=1565.78
[REWARD DEBUG iter 400] FitnessImprovement: 0.0001 → Reward: +1.0000 (prevFit=1565.78, currFit=1565.78)
[REWARD DEBUG iter 400] FitnessImprovement: 0.0003 → Reward: +1.0000 (prevFit=1587.96, currFit=1587.96)
[ACTION DEBUG iter 400] Raw action[1:3]: [0.6937, -0.8011, 0.7261], noise: 0.0500
[RLAMPSO DEBUG iter 400] w=0.6520, c1=0.8546, c2=1.7855 | fitness=1751.21
[REWARD DEBUG iter 400] FitnessImprovement: 0.0000 → Reward: +1.0000 (prevFit=1751.21, currFit=1751.21)
[ACTION DEBUG iter 900] Raw action[1:3]: [0.8156, -0.7908, -1.0000], noise: 0.0500
[ACTION DEBUG iter 900] WARNING: 7/20 actions clipped (network saturating)
[RLAMPSO DEBUG iter 900] w=0.7545, c1=1.7000, c2=1.7000 | fitness=1571.49
[REWARD DEBUG iter 900] FitnessImprovement: 0.0000 → Reward: -1.0000 (prevFit=1571.49, currFit=1571.49)
[ACTION DEBUG iter 400] Raw action[1:3]: [0.8924, -0.7185, 0.7427], noise: 0.0500
[RLAMPSO DEBUG iter 400] w=0.5833, c1=1.1967, c2=1.5028 | fitness=1637.33
[ACTION DEBUG iter 500] Raw action[1:3]: [0.2062, 0.9830, 0.8657], noise: 0.0500
[ACTION DEBUG iter 500] WARNING: 1/20 actions clipped (network saturating)
[RLAMPSO DEBUG iter 500] w=0.6499, c1=1.8015, c2=1.7608 | fitness=1596.04
[REWARD DEBUG iter 500] FitnessImprovement: 0.0048 → Reward: +1.0000 (prevFit=1596.04, currFit=1596.03)
[REWARD DEBUG iter 400] FitnessImprovement: 0.0027 → Reward: +1.0000 (prevFit=1637.33, currFit=1637.33)
[ACTION DEBUG iter 400] Raw action[1:3]: [0.0956, 0.2660, 0.2407], noise: 0.0500
[RLAMPSO DEBUG iter 400] w=0.4378, c1=1.2469, c2=1.6397 | fitness=1526.19
[REWARD DEBUG iter 400] FitnessImprovement: 0.0007 → Reward: +1.0000 (prevFit=1526.19, currFit=1526.19)
[ACTION DEBUG iter 800] Raw action[1:3]: [0.3397, 0.9023, -0.6950], noise: 0.0500
[ACTION DEBUG iter 800] WARNING: 2/20 actions clipped (network saturating)
[RLAMPSO DEBUG iter 800] w=0.4139, c1=1.2160, c2=0.9000 | fitness=1520.11
[ACTION DEBUG iter 400] Raw action[1:3]: [-0.8973, 0.6897, 0.4719], noise: 0.0500
[RLAMPSO DEBUG iter 400] w=0.5316, c1=1.1831, c2=1.2273 | fitness=1582.29
[REWARD DEBUG iter 400] FitnessImprovement: 0.0005 → Reward: +1.0000 (prevFit=1582.29, currFit=1582.29)
[ACTION DEBUG iter 500] Raw action[1:3]: [0.8092, 0.8960, 0.6551], noise: 0.0500
[ACTION DEBUG iter 500] WARNING: 1/20 actions clipped (network saturating)
[RLAMPSO DEBUG iter 500] w=0.6905, c1=1.7000, c2=1.3931 | fitness=1648.23
[REWARD DEBUG iter 500] FitnessImprovement: 0.1007 → Reward: +1.0000 (prevFit=1648.23, currFit=1648.13)
[ACTION DEBUG iter 500] Raw action[1:3]: [-0.9831, 0.9823, -0.9145], noise: 0.0500
[ACTION DEBUG iter 500] WARNING: 2/20 actions clipped (network saturating)
[RLAMPSO DEBUG iter 500] w=0.2555, c1=1.2240, c2=1.3000 | fitness=1625.31
[REWARD DEBUG iter 500] FitnessImprovement: 0.0257 → Reward: +1.0000 (prevFit=1625.31, currFit=1625.28)
[REWARD DEBUG iter 800] FitnessImprovement: 0.0000 → Reward: -1.0000 (prevFit=1520.11, currFit=1520.11)
[ACTION DEBUG iter 500] Raw action[1:3]: [0.3951, -0.9184, 0.4737], noise: 0.0500
[ACTION DEBUG iter 500] WARNING: 1/20 actions clipped (network saturating)
[RLAMPSO DEBUG iter 500] w=0.4352, c1=1.3000, c2=1.6033 | fitness=1589.92
[REWARD DEBUG iter 500] FitnessImprovement: 0.0000 → Reward: -1.0000 (prevFit=1589.92, currFit=1589.92)
[ACTION DEBUG iter 500] Raw action[1:3]: [-0.6805, 0.3295, -0.4640], noise: 0.0500
[ACTION DEBUG iter 500] WARNING: 1/20 actions clipped (network saturating)
[RLAMPSO DEBUG iter 500] w=0.5789, c1=1.7000, c2=1.4588 | fitness=1586.79
[REWARD DEBUG iter 500] FitnessImprovement: 0.0000 → Reward: -1.0000 (prevFit=1586.79, currFit=1586.79)
[ACTION DEBUG iter 600] Raw action[1:3]: [0.9787, 0.4074, -0.9037], noise: 0.0500
[ACTION DEBUG iter 600] WARNING: 2/20 actions clipped (network saturating)
[RLAMPSO DEBUG iter 600] w=0.4602, c1=0.6715, c2=0.9000 | fitness=1605.83
[REWARD DEBUG iter 600] FitnessImprovement: 0.0000 → Reward: -1.0000 (prevFit=1605.83, currFit=1605.83)
[ACTION DEBUG iter 500] Raw action[1:3]: [0.2952, -0.8708, -0.9052], noise: 0.0500
[RLAMPSO DEBUG iter 500] w=0.5629, c1=1.7000, c2=1.4120 | fitness=1564.77
[REWARD DEBUG iter 500] FitnessImprovement: 0.0021 → Reward: +1.0000 (prevFit=1564.77, currFit=1564.77)
[ACTION DEBUG iter 500] Raw action[1:3]: [-0.5250, -0.3332, 0.4561], noise: 0.0500
[RLAMPSO DEBUG iter 500] w=0.5575, c1=1.2576, c2=1.0376 | fitness=1587.95
[REWARD DEBUG iter 500] FitnessImprovement: 0.0003 → Reward: +1.0000 (prevFit=1587.95, currFit=1587.95)
[ACTION DEBUG iter 500] Raw action[1:3]: [0.9882, -0.9086, 0.9935], noise: 0.0500
[ACTION DEBUG iter 500] WARNING: 5/20 actions clipped (network saturating)
[RLAMPSO DEBUG iter 500] w=0.8304, c1=0.6274, c2=1.5511 | fitness=1751.21
[REWARD DEBUG iter 500] FitnessImprovement: 0.0000 → Reward: -1.0000 (prevFit=1751.21, currFit=1751.21)
[ACTION DEBUG iter 1000] Raw action[1:3]: [-0.9009, -0.8068, -0.9998], noise: 0.0500
[ACTION DEBUG iter 1000] WARNING: 6/20 actions clipped (network saturating)
[RLAMPSO DEBUG iter 1000] w=0.7214, c1=1.4757, c2=1.4641 | fitness=1571.04
[REWARD DEBUG iter 1000] FitnessImprovement: 0.0588 → Reward: +1.0000 (prevFit=1571.04, currFit=1570.98)

========== Planning Complete ==========
Algorithm: RLAMPSO
Execution time: 62.0371 seconds
Path length: 155.1768 units
Waypoints: 7
Best fitness: 1570.9775
========================================


========== Direct Global Planning ==========
Algorithm: DQN_PSO
Start: [10.0, 95.0, 10.0]
Goal:  [97.0, 2.0, 10.0]
============================================

Warning: DQN-PSO (paper) is homogeneous; forcing paramMode to global.
> In <a href="matlab:matlab.lang.internal.introspective.errorDocCallback('globalPathPlanningDQNPSO', '/Users/hust-hwashin621m/Desktop/vietanhpaper-2/algorithms/dqn_pso/globalPathPlanningDQNPSO.m', 15)" style="font-weight:bold">globalPathPlanningDQNPSO</a> (<a href="matlab: opentoline('/Users/hust-hwashin621m/Desktop/vietanhpaper-2/algorithms/dqn_pso/globalPathPlanningDQNPSO.m',15,0)">line 15</a>)
In <a href="matlab:matlab.lang.internal.introspective.errorDocCallback('callGlobalPlanningAlgorithm', '/Users/hust-hwashin621m/Desktop/vietanhpaper-2/algorithms/callGlobalPlanningAlgorithm.m', 219)" style="font-weight:bold">callGlobalPlanningAlgorithm</a> (<a href="matlab: opentoline('/Users/hust-hwashin621m/Desktop/vietanhpaper-2/algorithms/callGlobalPlanningAlgorithm.m',219,0)">line 219</a>)
In <a href="matlab:matlab.lang.internal.introspective.errorDocCallback('directGlobalPlanning', '/Users/hust-hwashin621m/Desktop/vietanhpaper-2/shared/path_planning/directGlobalPlanning.m', 59)" style="font-weight:bold">directGlobalPlanning</a> (<a href="matlab: opentoline('/Users/hust-hwashin621m/Desktop/vietanhpaper-2/shared/path_planning/directGlobalPlanning.m',59,0)">line 59</a>)
In <a href="matlab:matlab.lang.internal.introspective.errorDocCallback('run_comparison>@(varargin)directGlobalPlanning(varargin{:})', '/Users/hust-hwashin621m/Desktop/vietanhpaper-2/run_comparison.m', 274)" style="font-weight:bold">run_comparison>@(varargin)directGlobalPlanning(varargin{:})</a> (<a href="matlab: opentoline('/Users/hust-hwashin621m/Desktop/vietanhpaper-2/run_comparison.m',274,0)">line 274</a>)
In <a href="matlab:matlab.lang.internal.introspective.errorDocCallback('compare_algorithms>runAlgorithmBatch', '/Users/hust-hwashin621m/Desktop/vietanhpaper-2/scripts/compare_algorithms.m', 139)" style="font-weight:bold">compare_algorithms>runAlgorithmBatch</a> (<a href="matlab: opentoline('/Users/hust-hwashin621m/Desktop/vietanhpaper-2/scripts/compare_algorithms.m',139,0)">line 139</a>)
Starting DQN-PSO (HMM + DQN) - Mode: global
[ACTION DEBUG iter 500] Raw action[1:3]: [0.9774, -0.8079, 0.7614], noise: 0.0500
[ACTION DEBUG iter 500] WARNING: 3/20 actions clipped (network saturating)
[RLAMPSO DEBUG iter 500] w=0.5535, c1=1.1519, c2=0.5429 | fitness=1637.25
[REWARD DEBUG iter 500] FitnessImprovement: 0.0010 → Reward: +1.0000 (prevFit=1637.25, currFit=1637.25)
[ACTION DEBUG iter 600] Raw action[1:3]: [-0.6742, 0.9429, 0.7515], noise: 0.0500
[ACTION DEBUG iter 600] WARNING: 2/20 actions clipped (network saturating)
[RLAMPSO DEBUG iter 600] w=0.5781, c1=1.5527, c2=1.1618 | fitness=1559.33
[REWARD DEBUG iter 600] FitnessImprovement: 0.0324 → Reward: +1.0000 (prevFit=1559.33, currFit=1559.30)
[ACTION DEBUG iter 500] Raw action[1:3]: [0.6843, 0.0200, 0.8576], noise: 0.0500
[ACTION DEBUG iter 500] WARNING: 2/20 actions clipped (network saturating)
[RLAMPSO DEBUG iter 500] w=0.5197, c1=1.0021, c2=1.5324 | fitness=1526.04
[REWARD DEBUG iter 500] FitnessImprovement: 0.0001 → Reward: +1.0000 (prevFit=1526.04, currFit=1526.04)
[ACTION DEBUG iter 900] Raw action[1:3]: [0.6267, 0.9582, -0.6930], noise: 0.0500
[RLAMPSO DEBUG iter 900] w=0.4142, c1=1.7041, c2=1.8952 | fitness=1520.11
[REWARD DEBUG iter 900] FitnessImprovement: 0.0000 → Reward: -1.0000 (prevFit=1520.11, currFit=1520.11)
[ACTION DEBUG iter 500] Raw action[1:3]: [-0.9942, 0.9062, 0.7142], noise: 0.0500
[ACTION DEBUG iter 500] WARNING: 1/20 actions clipped (network saturating)
[RLAMPSO DEBUG iter 500] w=0.5019, c1=1.7000, c2=1.9617 | fitness=1581.65
[REWARD DEBUG iter 500] FitnessImprovement: 0.0000 → Reward: -1.0000 (prevFit=1581.65, currFit=1581.65)
[ACTION DEBUG iter 600] Raw action[1:3]: [0.9511, 0.9268, 0.9457], noise: 0.0500
[ACTION DEBUG iter 600] WARNING: 3/20 actions clipped (network saturating)
[RLAMPSO DEBUG iter 600] w=0.7149, c1=1.7103, c2=1.4156 | fitness=1647.44
[REWARD DEBUG iter 600] FitnessImprovement: 0.0000 → Reward: -1.0000 (prevFit=1647.44, currFit=1647.44)
[ACTION DEBUG iter 600] Raw action[1:3]: [-0.9827, 0.9982, -0.9137], noise: 0.0500
[ACTION DEBUG iter 600] WARNING: 3/20 actions clipped (network saturating)
[RLAMPSO DEBUG iter 600] w=0.1993, c1=1.5119, c2=0.9220 | fitness=1624.84
[REWARD DEBUG iter 600] FitnessImprovement: 0.0003 → Reward: +1.0000 (prevFit=1624.84, currFit=1624.84)
[ACTION DEBUG iter 600] Raw action[1:3]: [0.0380, -0.7545, 0.7100], noise: 0.0500
[RLAMPSO DEBUG iter 600] w=0.3778, c1=1.3478, c2=1.6064 | fitness=1585.84
[REWARD DEBUG iter 600] FitnessImprovement: 0.0031 → Reward: +1.0000 (prevFit=1585.84, currFit=1585.84)
[ACTION DEBUG iter 600] Raw action[1:3]: [-0.9388, -0.7711, -0.0611], noise: 0.0500
[ACTION DEBUG iter 600] WARNING: 1/20 actions clipped (network saturating)
[RLAMPSO DEBUG iter 600] w=0.3507, c1=1.8852, c2=1.3673 | fitness=1586.79
[REWARD DEBUG iter 600] FitnessImprovement: 0.0000 → Reward: -1.0000 (prevFit=1586.79, currFit=1586.79)
[ACTION DEBUG iter 700] Raw action[1:3]: [0.9851, 0.6833, -0.9467], noise: 0.0500
[ACTION DEBUG iter 700] WARNING: 3/20 actions clipped (network saturating)
[RLAMPSO DEBUG iter 700] w=0.5599, c1=0.8410, c2=0.9009 | fitness=1605.04
DQN-PSO iter 50/1000 | Fitness: 1990.92 | w=0.668 c1=2.500 c2=0.500
[REWARD DEBUG iter 700] FitnessImprovement: 0.0488 → Reward: +1.0000 (prevFit=1605.04, currFit=1604.99)
[ACTION DEBUG iter 600] Raw action[1:3]: [-0.9517, 0.3039, 0.6321], noise: 0.0500
[ACTION DEBUG iter 600] WARNING: 2/20 actions clipped (network saturating)
[RLAMPSO DEBUG iter 600] w=0.5827, c1=1.4589, c2=0.9000 | fitness=1586.48
[ACTION DEBUG iter 600] Raw action[1:3]: [-0.4384, -0.5035, -0.5864], noise: 0.0500
[RLAMPSO DEBUG iter 600] w=0.4924, c1=1.9498, c2=1.6536 | fitness=1564.72
[REWARD DEBUG iter 600] FitnessImprovement: 0.0000 → Reward: +1.0000 (prevFit=1564.72, currFit=1564.72)
[REWARD DEBUG iter 600] FitnessImprovement: 0.0000 → Reward: +1.0000 (prevFit=1586.48, currFit=1586.48)
[ACTION DEBUG iter 600] Raw action[1:3]: [0.9933, -0.8933, 0.9877], noise: 0.0500
[ACTION DEBUG iter 600] WARNING: 4/20 actions clipped (network saturating)
[RLAMPSO DEBUG iter 600] w=0.7715, c1=0.5904, c2=0.7419 | fitness=1751.21
[REWARD DEBUG iter 600] FitnessImprovement: 0.0000 → Reward: -1.0000 (prevFit=1751.21, currFit=1751.21)
[ACTION DEBUG iter 700] Raw action[1:3]: [-0.8859, 0.9305, 0.9004], noise: 0.0500
[RLAMPSO DEBUG iter 700] w=0.5586, c1=1.1203, c2=1.4355 | fitness=1558.14
[ACTION DEBUG iter 600] Raw action[1:3]: [0.9486, 0.0818, -0.3249], noise: 0.0500
[ACTION DEBUG iter 600] WARNING: 2/20 actions clipped (network saturating)
[RLAMPSO DEBUG iter 600] w=0.6688, c1=1.2152, c2=1.3836 | fitness=1635.09
[REWARD DEBUG iter 600] FitnessImprovement: 0.0000 → Reward: -1.0000 (prevFit=1635.09, currFit=1635.09)
[REWARD DEBUG iter 700] FitnessImprovement: 0.0000 → Reward: +1.0000 (prevFit=1558.14, currFit=1558.14)
[ACTION DEBUG iter 600] Raw action[1:3]: [0.9743, 0.1980, 0.8580], noise: 0.0500
[RLAMPSO DEBUG iter 600] w=0.4049, c1=1.0364, c2=1.4474 | fitness=1525.93
[REWARD DEBUG iter 600] FitnessImprovement: 0.0000 → Reward: -1.0000 (prevFit=1525.93, currFit=1525.93)
[ACTION DEBUG iter 600] Raw action[1:3]: [-0.9779, 0.5587, 0.1560], noise: 0.0500
[ACTION DEBUG iter 600] WARNING: 1/20 actions clipped (network saturating)
[RLAMPSO DEBUG iter 600] w=0.4402, c1=1.0471, c2=1.3000 | fitness=1581.65
[REWARD DEBUG iter 600] FitnessImprovement: 0.0000 → Reward: -1.0000 (prevFit=1581.65, currFit=1581.65)
[ACTION DEBUG iter 700] Raw action[1:3]: [0.9877, 0.9175, 0.9851], noise: 0.0500
[ACTION DEBUG iter 700] WARNING: 4/20 actions clipped (network saturating)
[RLAMPSO DEBUG iter 700] w=0.7017, c1=1.8101, c2=1.4273 | fitness=1647.42
[REWARD DEBUG iter 700] FitnessImprovement: 0.0000 → Reward: -1.0000 (prevFit=1647.42, currFit=1647.42)
[ACTION DEBUG iter 1000] Raw action[1:3]: [-0.9511, 0.9854, 0.9990], noise: 0.0500
[ACTION DEBUG iter 1000] WARNING: 4/20 actions clipped (network saturating)
[RLAMPSO DEBUG iter 1000] w=0.5750, c1=1.7000, c2=1.8443 | fitness=1520.11
[REWARD DEBUG iter 1000] FitnessImprovement: 0.0000 → Reward: -1.0000 (prevFit=1520.11, currFit=1520.11)

========== Planning Complete ==========
Algorithm: RLAMPSO
Execution time: 61.0775 seconds
Path length: 150.6758 units
Waypoints: 7
Best fitness: 1520.1126
========================================


========== Direct Global Planning ==========
Algorithm: DQN_PSO
Start: [10.0, 95.0, 10.0]
Goal:  [97.0, 2.0, 10.0]
============================================

Warning: DQN-PSO (paper) is homogeneous; forcing paramMode to global.
> In <a href="matlab:matlab.lang.internal.introspective.errorDocCallback('globalPathPlanningDQNPSO', '/Users/hust-hwashin621m/Desktop/vietanhpaper-2/algorithms/dqn_pso/globalPathPlanningDQNPSO.m', 15)" style="font-weight:bold">globalPathPlanningDQNPSO</a> (<a href="matlab: opentoline('/Users/hust-hwashin621m/Desktop/vietanhpaper-2/algorithms/dqn_pso/globalPathPlanningDQNPSO.m',15,0)">line 15</a>)
In <a href="matlab:matlab.lang.internal.introspective.errorDocCallback('callGlobalPlanningAlgorithm', '/Users/hust-hwashin621m/Desktop/vietanhpaper-2/algorithms/callGlobalPlanningAlgorithm.m', 219)" style="font-weight:bold">callGlobalPlanningAlgorithm</a> (<a href="matlab: opentoline('/Users/hust-hwashin621m/Desktop/vietanhpaper-2/algorithms/callGlobalPlanningAlgorithm.m',219,0)">line 219</a>)
In <a href="matlab:matlab.lang.internal.introspective.errorDocCallback('directGlobalPlanning', '/Users/hust-hwashin621m/Desktop/vietanhpaper-2/shared/path_planning/directGlobalPlanning.m', 59)" style="font-weight:bold">directGlobalPlanning</a> (<a href="matlab: opentoline('/Users/hust-hwashin621m/Desktop/vietanhpaper-2/shared/path_planning/directGlobalPlanning.m',59,0)">line 59</a>)
In <a href="matlab:matlab.lang.internal.introspective.errorDocCallback('run_comparison>@(varargin)directGlobalPlanning(varargin{:})', '/Users/hust-hwashin621m/Desktop/vietanhpaper-2/run_comparison.m', 274)" style="font-weight:bold">run_comparison>@(varargin)directGlobalPlanning(varargin{:})</a> (<a href="matlab: opentoline('/Users/hust-hwashin621m/Desktop/vietanhpaper-2/run_comparison.m',274,0)">line 274</a>)
In <a href="matlab:matlab.lang.internal.introspective.errorDocCallback('compare_algorithms>runAlgorithmBatch', '/Users/hust-hwashin621m/Desktop/vietanhpaper-2/scripts/compare_algorithms.m', 139)" style="font-weight:bold">compare_algorithms>runAlgorithmBatch</a> (<a href="matlab: opentoline('/Users/hust-hwashin621m/Desktop/vietanhpaper-2/scripts/compare_algorithms.m',139,0)">line 139</a>)
Starting DQN-PSO (HMM + DQN) - Mode: global
[ACTION DEBUG iter 700] Raw action[1:3]: [-0.9886, 0.9998, -0.9837], noise: 0.0500
[ACTION DEBUG iter 700] WARNING: 5/20 actions clipped (network saturating)
[RLAMPSO DEBUG iter 700] w=0.3956, c1=1.8440, c2=0.9083 | fitness=1624.75
[REWARD DEBUG iter 700] FitnessImprovement: 0.0000 → Reward: +1.0000 (prevFit=1624.75, currFit=1624.75)
[ACTION DEBUG iter 700] Raw action[1:3]: [0.1670, -0.6042, 0.8345], noise: 0.0500
[ACTION DEBUG iter 700] WARNING: 1/20 actions clipped (network saturating)
[RLAMPSO DEBUG iter 700] w=0.4692, c1=1.4330, c2=1.3628 | fitness=1583.61
[REWARD DEBUG iter 700] FitnessImprovement: 0.0003 → Reward: +1.0000 (prevFit=1583.61, currFit=1583.60)
[ACTION DEBUG iter 700] Raw action[1:3]: [-0.9825, -0.8372, 0.9824], noise: 0.0500
[ACTION DEBUG iter 700] WARNING: 6/20 actions clipped (network saturating)
[RLAMPSO DEBUG iter 700] w=0.3708, c1=2.1000, c2=1.5760 | fitness=1586.79
[REWARD DEBUG iter 700] FitnessImprovement: 0.0000 → Reward: -1.0000 (prevFit=1586.79, currFit=1586.79)
[ACTION DEBUG iter 800] Raw action[1:3]: [0.9866, 0.6552, -0.9351], noise: 0.0500
[ACTION DEBUG iter 800] WARNING: 2/20 actions clipped (network saturating)
[RLAMPSO DEBUG iter 800] w=0.5579, c1=1.6394, c2=1.5101 | fitness=1600.49
[REWARD DEBUG iter 800] FitnessImprovement: 0.4153 → Reward: +1.0000 (prevFit=1600.49, currFit=1600.08)
DQN-PSO iter 100/1000 | Fitness: 1972.59 | w=0.726 c1=2.500 c2=0.500
[ACTION DEBUG iter 700] Raw action[1:3]: [0.5751, -0.8316, 0.3886], noise: 0.0500
[ACTION DEBUG iter 700] WARNING: 3/20 actions clipped (network saturating)
[RLAMPSO DEBUG iter 700] w=0.5665, c1=1.6667, c2=1.8227 | fitness=1564.67
[REWARD DEBUG iter 700] FitnessImprovement: 0.0000 → Reward: +1.0000 (prevFit=1564.67, currFit=1564.67)
[ACTION DEBUG iter 700] Raw action[1:3]: [-0.7864, -0.7496, 0.7678], noise: 0.0500
[ACTION DEBUG iter 700] WARNING: 2/20 actions clipped (network saturating)
[RLAMPSO DEBUG iter 700] w=0.5877, c1=1.6905, c2=0.9092 | fitness=1586.47
[REWARD DEBUG iter 700] FitnessImprovement: 0.0000 → Reward: -1.0000 (prevFit=1586.47, currFit=1586.47)

========== Planning Complete ==========
Algorithm: RLAMPSO
Execution time: 45.4832 seconds
Path length: 165.3949 units
Waypoints: 7
Best fitness: 1586.7892
========================================


========== Direct Global Planning ==========
Algorithm: DQN_PSO
Start: [10.0, 95.0, 10.0]
Goal:  [97.0, 2.0, 10.0]
============================================

Warning: DQN-PSO (paper) is homogeneous; forcing paramMode to global.
> In <a href="matlab:matlab.lang.internal.introspective.errorDocCallback('globalPathPlanningDQNPSO', '/Users/hust-hwashin621m/Desktop/vietanhpaper-2/algorithms/dqn_pso/globalPathPlanningDQNPSO.m', 15)" style="font-weight:bold">globalPathPlanningDQNPSO</a> (<a href="matlab: opentoline('/Users/hust-hwashin621m/Desktop/vietanhpaper-2/algorithms/dqn_pso/globalPathPlanningDQNPSO.m',15,0)">line 15</a>)
In <a href="matlab:matlab.lang.internal.introspective.errorDocCallback('callGlobalPlanningAlgorithm', '/Users/hust-hwashin621m/Desktop/vietanhpaper-2/algorithms/callGlobalPlanningAlgorithm.m', 219)" style="font-weight:bold">callGlobalPlanningAlgorithm</a> (<a href="matlab: opentoline('/Users/hust-hwashin621m/Desktop/vietanhpaper-2/algorithms/callGlobalPlanningAlgorithm.m',219,0)">line 219</a>)
In <a href="matlab:matlab.lang.internal.introspective.errorDocCallback('directGlobalPlanning', '/Users/hust-hwashin621m/Desktop/vietanhpaper-2/shared/path_planning/directGlobalPlanning.m', 59)" style="font-weight:bold">directGlobalPlanning</a> (<a href="matlab: opentoline('/Users/hust-hwashin621m/Desktop/vietanhpaper-2/shared/path_planning/directGlobalPlanning.m',59,0)">line 59</a>)
In <a href="matlab:matlab.lang.internal.introspective.errorDocCallback('run_comparison>@(varargin)directGlobalPlanning(varargin{:})', '/Users/hust-hwashin621m/Desktop/vietanhpaper-2/run_comparison.m', 274)" style="font-weight:bold">run_comparison>@(varargin)directGlobalPlanning(varargin{:})</a> (<a href="matlab: opentoline('/Users/hust-hwashin621m/Desktop/vietanhpaper-2/run_comparison.m',274,0)">line 274</a>)
In <a href="matlab:matlab.lang.internal.introspective.errorDocCallback('compare_algorithms>runAlgorithmBatch', '/Users/hust-hwashin621m/Desktop/vietanhpaper-2/scripts/compare_algorithms.m', 139)" style="font-weight:bold">compare_algorithms>runAlgorithmBatch</a> (<a href="matlab: opentoline('/Users/hust-hwashin621m/Desktop/vietanhpaper-2/scripts/compare_algorithms.m',139,0)">line 139</a>)
Starting DQN-PSO (HMM + DQN) - Mode: global
[ACTION DEBUG iter 700] Raw action[1:3]: [1.0000, -0.9295, 0.9878], noise: 0.0500
[ACTION DEBUG iter 700] WARNING: 9/20 actions clipped (network saturating)
[RLAMPSO DEBUG iter 700] w=0.6380, c1=0.5000, c2=0.5044 | fitness=1751.21
[REWARD DEBUG iter 700] FitnessImprovement: 0.0000 → Reward: -1.0000 (prevFit=1751.21, currFit=1751.21)
[ACTION DEBUG iter 700] Raw action[1:3]: [0.9916, 0.1896, 0.5389], noise: 0.0500
[ACTION DEBUG iter 700] WARNING: 2/20 actions clipped (network saturating)
[RLAMPSO DEBUG iter 700] w=0.6619, c1=1.3000, c2=1.6227 | fitness=1635.07
[REWARD DEBUG iter 700] FitnessImprovement: 0.0000 → Reward: -1.0000 (prevFit=1635.07, currFit=1635.07)
[ACTION DEBUG iter 800] Raw action[1:3]: [-0.7093, 0.9958, 0.9406], noise: 0.0500
[ACTION DEBUG iter 800] WARNING: 3/20 actions clipped (network saturating)
[RLAMPSO DEBUG iter 800] w=0.2721, c1=1.7000, c2=1.6553 | fitness=1549.05
[REWARD DEBUG iter 800] FitnessImprovement: 0.0000 → Reward: -1.0000 (prevFit=1549.05, currFit=1549.05)
DQN-PSO iter 50/1000 | Fitness: 1803.61 | w=0.100 c1=0.700 c2=2.300
[ACTION DEBUG iter 700] Raw action[1:3]: [0.9126, 0.5211, 0.9646], noise: 0.0500
[ACTION DEBUG iter 700] WARNING: 1/20 actions clipped (network saturating)
[RLAMPSO DEBUG iter 700] w=0.5417, c1=1.3658, c2=1.4611 | fitness=1525.90
[REWARD DEBUG iter 700] FitnessImprovement: 0.0001 → Reward: +1.0000 (prevFit=1525.90, currFit=1525.90)
[ACTION DEBUG iter 700] Raw action[1:3]: [-0.9274, -0.5805, -0.7496], noise: 0.0500
[ACTION DEBUG iter 700] WARNING: 2/20 actions clipped (network saturating)
[RLAMPSO DEBUG iter 700] w=0.5139, c1=1.0802, c2=1.4132 | fitness=1581.65
[REWARD DEBUG iter 700] FitnessImprovement: 0.0000 → Reward: -1.0000 (prevFit=1581.65, currFit=1581.65)
[ACTION DEBUG iter 800] Raw action[1:3]: [0.9254, 0.8843, 0.9317], noise: 0.0500
[ACTION DEBUG iter 800] WARNING: 1/20 actions clipped (network saturating)
[RLAMPSO DEBUG iter 800] w=0.5784, c1=1.7000, c2=1.7000 | fitness=1647.42
[REWARD DEBUG iter 800] FitnessImprovement: 0.0000 → Reward: -1.0000 (prevFit=1647.42, currFit=1647.42)
[ACTION DEBUG iter 800] Raw action[1:3]: [-0.0609, -0.4669, 0.8636], noise: 0.0500
[ACTION DEBUG iter 800] WARNING: 3/20 actions clipped (network saturating)
[RLAMPSO DEBUG iter 800] w=0.3737, c1=1.2452, c2=1.7657 | fitness=1583.60
[REWARD DEBUG iter 800] FitnessImprovement: 0.0000 → Reward: -1.0000 (prevFit=1583.60, currFit=1583.60)
[ACTION DEBUG iter 800] Raw action[1:3]: [-0.9817, 0.9956, -0.9752], noise: 0.0500
[ACTION DEBUG iter 800] WARNING: 5/20 actions clipped (network saturating)
[RLAMPSO DEBUG iter 800] w=0.4836, c1=2.0127, c2=0.9000 | fitness=1624.75
[REWARD DEBUG iter 800] FitnessImprovement: 0.0000 → Reward: -1.0000 (prevFit=1624.75, currFit=1624.75)
DQN-PSO iter 50/1000 | Fitness: 1599.24 | w=0.401 c1=1.200 c2=2.100
[ACTION DEBUG iter 900] Raw action[1:3]: [0.9968, -0.1460, -0.9983], noise: 0.0500
[ACTION DEBUG iter 900] WARNING: 2/20 actions clipped (network saturating)
[RLAMPSO DEBUG iter 900] w=0.5703, c1=0.5080, c2=0.9516 | fitness=1598.18
[REWARD DEBUG iter 900] FitnessImprovement: 0.0000 → Reward: +1.0000 (prevFit=1598.18, currFit=1598.18)
[ACTION DEBUG iter 800] Raw action[1:3]: [0.8213, -0.9898, -0.7781], noise: 0.0500
[ACTION DEBUG iter 800] WARNING: 4/20 actions clipped (network saturating)
[RLAMPSO DEBUG iter 800] w=0.5662, c1=1.0454, c2=1.3670 | fitness=1564.67
[REWARD DEBUG iter 800] FitnessImprovement: 0.0000 → Reward: -1.0000 (prevFit=1564.67, currFit=1564.67)
[ACTION DEBUG iter 800] Raw action[1:3]: [0.0592, -0.9537, -0.3389], noise: 0.0500
[ACTION DEBUG iter 800] WARNING: 2/20 actions clipped (network saturating)
[RLAMPSO DEBUG iter 800] w=0.6028, c1=1.0282, c2=1.0010 | fitness=1586.47
[REWARD DEBUG iter 800] FitnessImprovement: 0.0000 → Reward: -1.0000 (prevFit=1586.47, currFit=1586.47)
DQN-PSO iter 150/1000 | Fitness: 1971.30 | w=0.900 c1=2.500 c2=0.500
[ACTION DEBUG iter 800] Raw action[1:3]: [0.9979, -0.9518, 0.7013], noise: 0.0500
[ACTION DEBUG iter 800] WARNING: 3/20 actions clipped (network saturating)
[RLAMPSO DEBUG iter 800] w=0.7147, c1=1.0236, c2=1.0125 | fitness=1751.19
[REWARD DEBUG iter 800] FitnessImprovement: 0.0000 → Reward: +1.0000 (prevFit=1751.19, currFit=1751.19)
[ACTION DEBUG iter 800] Raw action[1:3]: [0.9978, -0.7465, 0.9112], noise: 0.0500
[ACTION DEBUG iter 800] WARNING: 5/20 actions clipped (network saturating)
[RLAMPSO DEBUG iter 800] w=0.4895, c1=0.6407, c2=1.1703 | fitness=1634.95
[ACTION DEBUG iter 900] Raw action[1:3]: [-0.0161, 0.9995, 0.9791], noise: 0.0500
[RLAMPSO DEBUG iter 900] w=0.3563, c1=1.4865, c2=1.7000 | fitness=1533.30
[REWARD DEBUG iter 900] FitnessImprovement: 0.0010 → Reward: +1.0000 (prevFit=1533.30, currFit=1533.30)
[REWARD DEBUG iter 800] FitnessImprovement: 0.0000 → Reward: +1.0000 (prevFit=1634.95, currFit=1634.95)
DQN-PSO iter 100/1000 | Fitness: 1769.53 | w=0.405 c1=0.850 c2=2.150
[ACTION DEBUG iter 800] Raw action[1:3]: [0.8574, 0.4503, 0.8464], noise: 0.0500
[ACTION DEBUG iter 800] WARNING: 2/20 actions clipped (network saturating)
[RLAMPSO DEBUG iter 800] w=0.3867, c1=1.0632, c2=1.2943 | fitness=1525.89
[REWARD DEBUG iter 800] FitnessImprovement: 0.0000 → Reward: +1.0000 (prevFit=1525.89, currFit=1525.89)
[ACTION DEBUG iter 800] Raw action[1:3]: [-0.9880, 0.3027, -0.9162], noise: 0.0500
[ACTION DEBUG iter 800] WARNING: 4/20 actions clipped (network saturating)
[RLAMPSO DEBUG iter 800] w=0.5070, c1=1.3000, c2=1.3000 | fitness=1580.95
[REWARD DEBUG iter 800] FitnessImprovement: 0.0007 → Reward: +1.0000 (prevFit=1580.95, currFit=1580.95)
[ACTION DEBUG iter 900] Raw action[1:3]: [-0.9980, 0.9999, -0.9004], noise: 0.0500
[ACTION DEBUG iter 900] WARNING: 8/20 actions clipped (network saturating)
[RLAMPSO DEBUG iter 900] w=0.2193, c1=1.3000, c2=0.9000 | fitness=1624.74
[ACTION DEBUG iter 900] Raw action[1:3]: [0.9640, 0.7739, 0.9870], noise: 0.0500
[ACTION DEBUG iter 900] WARNING: 2/20 actions clipped (network saturating)
[RLAMPSO DEBUG iter 900] w=0.5851, c1=1.5381, c2=1.0087 | fitness=1647.42
[REWARD DEBUG iter 900] FitnessImprovement: 0.0000 → Reward: -1.0000 (prevFit=1647.42, currFit=1647.42)
[REWARD DEBUG iter 900] FitnessImprovement: 0.0001 → Reward: +1.0000 (prevFit=1624.74, currFit=1624.74)
[ACTION DEBUG iter 900] Raw action[1:3]: [-0.3584, -0.0885, -0.8042], noise: 0.0500
[ACTION DEBUG iter 900] WARNING: 5/20 actions clipped (network saturating)
[RLAMPSO DEBUG iter 900] w=0.4040, c1=0.9000, c2=1.2586 | fitness=1583.60
[REWARD DEBUG iter 900] FitnessImprovement: 0.0000 → Reward: -1.0000 (prevFit=1583.60, currFit=1583.60)
[ACTION DEBUG iter 1000] Raw action[1:3]: [0.9857, -0.7609, -0.9984], noise: 0.0500
[ACTION DEBUG iter 1000] WARNING: 5/20 actions clipped (network saturating)
[RLAMPSO DEBUG iter 1000] w=0.5164, c1=0.9000, c2=0.9000 | fitness=1596.97
[REWARD DEBUG iter 1000] FitnessImprovement: 0.0180 → Reward: +1.0000 (prevFit=1596.97, currFit=1596.95)

========== Planning Complete ==========
Algorithm: RLAMPSO
Execution time: 62.6194 seconds
Path length: 148.6462 units
Waypoints: 7
Best fitness: 1596.9491
========================================


========== Direct Global Planning ==========
Algorithm: DQN_PSO
Start: [10.0, 95.0, 10.0]
Goal:  [97.0, 2.0, 10.0]
============================================

Warning: DQN-PSO (paper) is homogeneous; forcing paramMode to global.
> In <a href="matlab:matlab.lang.internal.introspective.errorDocCallback('globalPathPlanningDQNPSO', '/Users/hust-hwashin621m/Desktop/vietanhpaper-2/algorithms/dqn_pso/globalPathPlanningDQNPSO.m', 15)" style="font-weight:bold">globalPathPlanningDQNPSO</a> (<a href="matlab: opentoline('/Users/hust-hwashin621m/Desktop/vietanhpaper-2/algorithms/dqn_pso/globalPathPlanningDQNPSO.m',15,0)">line 15</a>)
In <a href="matlab:matlab.lang.internal.introspective.errorDocCallback('callGlobalPlanningAlgorithm', '/Users/hust-hwashin621m/Desktop/vietanhpaper-2/algorithms/callGlobalPlanningAlgorithm.m', 219)" style="font-weight:bold">callGlobalPlanningAlgorithm</a> (<a href="matlab: opentoline('/Users/hust-hwashin621m/Desktop/vietanhpaper-2/algorithms/callGlobalPlanningAlgorithm.m',219,0)">line 219</a>)
In <a href="matlab:matlab.lang.internal.introspective.errorDocCallback('directGlobalPlanning', '/Users/hust-hwashin621m/Desktop/vietanhpaper-2/shared/path_planning/directGlobalPlanning.m', 59)" style="font-weight:bold">directGlobalPlanning</a> (<a href="matlab: opentoline('/Users/hust-hwashin621m/Desktop/vietanhpaper-2/shared/path_planning/directGlobalPlanning.m',59,0)">line 59</a>)
In <a href="matlab:matlab.lang.internal.introspective.errorDocCallback('run_comparison>@(varargin)directGlobalPlanning(varargin{:})', '/Users/hust-hwashin621m/Desktop/vietanhpaper-2/run_comparison.m', 274)" style="font-weight:bold">run_comparison>@(varargin)directGlobalPlanning(varargin{:})</a> (<a href="matlab: opentoline('/Users/hust-hwashin621m/Desktop/vietanhpaper-2/run_comparison.m',274,0)">line 274</a>)
In <a href="matlab:matlab.lang.internal.introspective.errorDocCallback('compare_algorithms>runAlgorithmBatch', '/Users/hust-hwashin621m/Desktop/vietanhpaper-2/scripts/compare_algorithms.m', 139)" style="font-weight:bold">compare_algorithms>runAlgorithmBatch</a> (<a href="matlab: opentoline('/Users/hust-hwashin621m/Desktop/vietanhpaper-2/scripts/compare_algorithms.m',139,0)">line 139</a>)
Starting DQN-PSO (HMM + DQN) - Mode: global
[ACTION DEBUG iter 900] Raw action[1:3]: [-0.5644, -0.9994, -0.4916], noise: 0.0500
[ACTION DEBUG iter 900] WARNING: 4/20 actions clipped (network saturating)
[RLAMPSO DEBUG iter 900] w=0.4810, c1=1.1479, c2=1.9915 | fitness=1564.67
DQN-PSO iter 100/1000 | Fitness: 1593.06 | w=0.100 c1=0.500 c2=2.500
[ACTION DEBUG iter 900] Raw action[1:3]: [-0.3803, -0.9876, -0.5552], noise: 0.0500
[ACTION DEBUG iter 900] WARNING: 1/20 actions clipped (network saturating)
[RLAMPSO DEBUG iter 900] w=0.4093, c1=1.4124, c2=1.7038 | fitness=1586.47
[REWARD DEBUG iter 900] FitnessImprovement: 0.0000 → Reward: -1.0000 (prevFit=1564.67, currFit=1564.67)
[REWARD DEBUG iter 900] FitnessImprovement: 0.0000 → Reward: -1.0000 (prevFit=1586.47, currFit=1586.47)
DQN-PSO iter 200/1000 | Fitness: 1967.02 | w=0.900 c1=2.500 c2=0.500
[ACTION DEBUG iter 900] Raw action[1:3]: [1.0000, -0.9997, 0.9817], noise: 0.0500
[ACTION DEBUG iter 900] WARNING: 7/20 actions clipped (network saturating)
[RLAMPSO DEBUG iter 900] w=0.7229, c1=0.6575, c2=0.5000 | fitness=1751.19
[REWARD DEBUG iter 900] FitnessImprovement: 0.0000 → Reward: -1.0000 (prevFit=1751.19, currFit=1751.19)
[ACTION DEBUG iter 900] Raw action[1:3]: [0.9999, -0.6465, 0.9507], noise: 0.0500
[ACTION DEBUG iter 900] WARNING: 3/20 actions clipped (network saturating)
[RLAMPSO DEBUG iter 900] w=0.6213, c1=0.7075, c2=0.9729 | fitness=1634.94
[REWARD DEBUG iter 900] FitnessImprovement: 0.0000 → Reward: -1.0000 (prevFit=1634.94, currFit=1634.94)
[ACTION DEBUG iter 1000] Raw action[1:3]: [-0.9633, 0.9971, 0.9984], noise: 0.0500
[ACTION DEBUG iter 1000] WARNING: 4/20 actions clipped (network saturating)
[RLAMPSO DEBUG iter 1000] w=0.5036, c1=0.9000, c2=0.7980 | fitness=1513.81
[REWARD DEBUG iter 1000] FitnessImprovement: 0.3636 → Reward: +1.0000 (prevFit=1513.81, currFit=1513.45)

========== Planning Complete ==========
Algorithm: RLAMPSO
Execution time: 62.9326 seconds
Path length: 160.2702 units
Waypoints: 7
Best fitness: 1513.4486
========================================


========== Direct Global Planning ==========
Algorithm: DQN_PSO
Start: [10.0, 95.0, 10.0]
Goal:  [97.0, 2.0, 10.0]
============================================

Warning: DQN-PSO (paper) is homogeneous; forcing paramMode to global.
> In <a href="matlab:matlab.lang.internal.introspective.errorDocCallback('globalPathPlanningDQNPSO', '/Users/hust-hwashin621m/Desktop/vietanhpaper-2/algorithms/dqn_pso/globalPathPlanningDQNPSO.m', 15)" style="font-weight:bold">globalPathPlanningDQNPSO</a> (<a href="matlab: opentoline('/Users/hust-hwashin621m/Desktop/vietanhpaper-2/algorithms/dqn_pso/globalPathPlanningDQNPSO.m',15,0)">line 15</a>)
In <a href="matlab:matlab.lang.internal.introspective.errorDocCallback('callGlobalPlanningAlgorithm', '/Users/hust-hwashin621m/Desktop/vietanhpaper-2/algorithms/callGlobalPlanningAlgorithm.m', 219)" style="font-weight:bold">callGlobalPlanningAlgorithm</a> (<a href="matlab: opentoline('/Users/hust-hwashin621m/Desktop/vietanhpaper-2/algorithms/callGlobalPlanningAlgorithm.m',219,0)">line 219</a>)
In <a href="matlab:matlab.lang.internal.introspective.errorDocCallback('directGlobalPlanning', '/Users/hust-hwashin621m/Desktop/vietanhpaper-2/shared/path_planning/directGlobalPlanning.m', 59)" style="font-weight:bold">directGlobalPlanning</a> (<a href="matlab: opentoline('/Users/hust-hwashin621m/Desktop/vietanhpaper-2/shared/path_planning/directGlobalPlanning.m',59,0)">line 59</a>)
In <a href="matlab:matlab.lang.internal.introspective.errorDocCallback('run_comparison>@(varargin)directGlobalPlanning(varargin{:})', '/Users/hust-hwashin621m/Desktop/vietanhpaper-2/run_comparison.m', 274)" style="font-weight:bold">run_comparison>@(varargin)directGlobalPlanning(varargin{:})</a> (<a href="matlab: opentoline('/Users/hust-hwashin621m/Desktop/vietanhpaper-2/run_comparison.m',274,0)">line 274</a>)
In <a href="matlab:matlab.lang.internal.introspective.errorDocCallback('compare_algorithms>runAlgorithmBatch', '/Users/hust-hwashin621m/Desktop/vietanhpaper-2/scripts/compare_algorithms.m', 139)" style="font-weight:bold">compare_algorithms>runAlgorithmBatch</a> (<a href="matlab: opentoline('/Users/hust-hwashin621m/Desktop/vietanhpaper-2/scripts/compare_algorithms.m',139,0)">line 139</a>)
Starting DQN-PSO (HMM + DQN) - Mode: global
[ACTION DEBUG iter 900] Raw action[1:3]: [0.8877, -0.5397, 0.9614], noise: 0.0500
[ACTION DEBUG iter 900] WARNING: 3/20 actions clipped (network saturating)
[RLAMPSO DEBUG iter 900] w=0.4776, c1=1.2033, c2=1.3000 | fitness=1525.89
[REWARD DEBUG iter 900] FitnessImprovement: 0.0002 → Reward: +1.0000 (prevFit=1525.89, currFit=1525.89)
DQN-PSO iter 150/1000 | Fitness: 1766.13 | w=0.100 c1=0.500 c2=2.500
[ACTION DEBUG iter 1000] Raw action[1:3]: [0.9930, 0.5317, 0.9825], noise: 0.0500
[ACTION DEBUG iter 1000] WARNING: 4/20 actions clipped (network saturating)
[RLAMPSO DEBUG iter 1000] w=0.5867, c1=1.7000, c2=0.9000 | fitness=1647.02
DQN-PSO iter 50/1000 | Fitness: 1901.24 | w=0.100 c1=2.400 c2=0.600
[ACTION DEBUG iter 900] Raw action[1:3]: [-0.9972, -0.0244, -0.2386], noise: 0.0500
[ACTION DEBUG iter 900] WARNING: 4/20 actions clipped (network saturating)
[RLAMPSO DEBUG iter 900] w=0.5700, c1=0.9321, c2=1.3070 | fitness=1580.23
[REWARD DEBUG iter 1000] FitnessImprovement: 0.0000 → Reward: -1.0000 (prevFit=1647.02, currFit=1647.02)

========== Planning Complete ==========
Algorithm: RLAMPSO
Execution time: 62.7268 seconds
Path length: 151.2021 units
Waypoints: 7
Best fitness: 1647.0242
========================================


========== Direct Global Planning ==========
Algorithm: DQN_PSO
Start: [10.0, 95.0, 10.0]
Goal:  [97.0, 2.0, 10.0]
============================================

Warning: DQN-PSO (paper) is homogeneous; forcing paramMode to global.
> In <a href="matlab:matlab.lang.internal.introspective.errorDocCallback('globalPathPlanningDQNPSO', '/Users/hust-hwashin621m/Desktop/vietanhpaper-2/algorithms/dqn_pso/globalPathPlanningDQNPSO.m', 15)" style="font-weight:bold">globalPathPlanningDQNPSO</a> (<a href="matlab: opentoline('/Users/hust-hwashin621m/Desktop/vietanhpaper-2/algorithms/dqn_pso/globalPathPlanningDQNPSO.m',15,0)">line 15</a>)
In <a href="matlab:matlab.lang.internal.introspective.errorDocCallback('callGlobalPlanningAlgorithm', '/Users/hust-hwashin621m/Desktop/vietanhpaper-2/algorithms/callGlobalPlanningAlgorithm.m', 219)" style="font-weight:bold">callGlobalPlanningAlgorithm</a> (<a href="matlab: opentoline('/Users/hust-hwashin621m/Desktop/vietanhpaper-2/algorithms/callGlobalPlanningAlgorithm.m',219,0)">line 219</a>)
In <a href="matlab:matlab.lang.internal.introspective.errorDocCallback('directGlobalPlanning', '/Users/hust-hwashin621m/Desktop/vietanhpaper-2/shared/path_planning/directGlobalPlanning.m', 59)" style="font-weight:bold">directGlobalPlanning</a> (<a href="matlab: opentoline('/Users/hust-hwashin621m/Desktop/vietanhpaper-2/shared/path_planning/directGlobalPlanning.m',59,0)">line 59</a>)
In <a href="matlab:matlab.lang.internal.introspective.errorDocCallback('run_comparison>@(varargin)directGlobalPlanning(varargin{:})', '/Users/hust-hwashin621m/Desktop/vietanhpaper-2/run_comparison.m', 274)" style="font-weight:bold">run_comparison>@(varargin)directGlobalPlanning(varargin{:})</a> (<a href="matlab: opentoline('/Users/hust-hwashin621m/Desktop/vietanhpaper-2/run_comparison.m',274,0)">line 274</a>)
In <a href="matlab:matlab.lang.internal.introspective.errorDocCallback('compare_algorithms>runAlgorithmBatch', '/Users/hust-hwashin621m/Desktop/vietanhpaper-2/scripts/compare_algorithms.m', 139)" style="font-weight:bold">compare_algorithms>runAlgorithmBatch</a> (<a href="matlab: opentoline('/Users/hust-hwashin621m/Desktop/vietanhpaper-2/scripts/compare_algorithms.m',139,0)">line 139</a>)
Starting DQN-PSO (HMM + DQN) - Mode: global
[REWARD DEBUG iter 900] FitnessImprovement: 0.0016 → Reward: +1.0000 (prevFit=1580.23, currFit=1580.23)
[ACTION DEBUG iter 1000] Raw action[1:3]: [-0.9865, 0.9997, -0.9173], noise: 0.0500
[ACTION DEBUG iter 1000] WARNING: 3/20 actions clipped (network saturating)
[RLAMPSO DEBUG iter 1000] w=0.2319, c1=0.9531, c2=0.9000 | fitness=1624.72
[REWARD DEBUG iter 1000] FitnessImprovement: 0.0000 → Reward: -1.0000 (prevFit=1624.72, currFit=1624.72)

========== Planning Complete ==========
Algorithm: RLAMPSO
Execution time: 62.6165 seconds
Path length: 147.1624 units
Waypoints: 7
Best fitness: 1624.7219
========================================


========== Direct Global Planning ==========
Algorithm: DQN_PSO
Start: [10.0, 95.0, 10.0]
Goal:  [97.0, 2.0, 10.0]
============================================

Warning: DQN-PSO (paper) is homogeneous; forcing paramMode to global.
> In <a href="matlab:matlab.lang.internal.introspective.errorDocCallback('globalPathPlanningDQNPSO', '/Users/hust-hwashin621m/Desktop/vietanhpaper-2/algorithms/dqn_pso/globalPathPlanningDQNPSO.m', 15)" style="font-weight:bold">globalPathPlanningDQNPSO</a> (<a href="matlab: opentoline('/Users/hust-hwashin621m/Desktop/vietanhpaper-2/algorithms/dqn_pso/globalPathPlanningDQNPSO.m',15,0)">line 15</a>)
In <a href="matlab:matlab.lang.internal.introspective.errorDocCallback('callGlobalPlanningAlgorithm', '/Users/hust-hwashin621m/Desktop/vietanhpaper-2/algorithms/callGlobalPlanningAlgorithm.m', 219)" style="font-weight:bold">callGlobalPlanningAlgorithm</a> (<a href="matlab: opentoline('/Users/hust-hwashin621m/Desktop/vietanhpaper-2/algorithms/callGlobalPlanningAlgorithm.m',219,0)">line 219</a>)
In <a href="matlab:matlab.lang.internal.introspective.errorDocCallback('directGlobalPlanning', '/Users/hust-hwashin621m/Desktop/vietanhpaper-2/shared/path_planning/directGlobalPlanning.m', 59)" style="font-weight:bold">directGlobalPlanning</a> (<a href="matlab: opentoline('/Users/hust-hwashin621m/Desktop/vietanhpaper-2/shared/path_planning/directGlobalPlanning.m',59,0)">line 59</a>)
In <a href="matlab:matlab.lang.internal.introspective.errorDocCallback('run_comparison>@(varargin)directGlobalPlanning(varargin{:})', '/Users/hust-hwashin621m/Desktop/vietanhpaper-2/run_comparison.m', 274)" style="font-weight:bold">run_comparison>@(varargin)directGlobalPlanning(varargin{:})</a> (<a href="matlab: opentoline('/Users/hust-hwashin621m/Desktop/vietanhpaper-2/run_comparison.m',274,0)">line 274</a>)
In <a href="matlab:matlab.lang.internal.introspective.errorDocCallback('compare_algorithms>runAlgorithmBatch', '/Users/hust-hwashin621m/Desktop/vietanhpaper-2/scripts/compare_algorithms.m', 139)" style="font-weight:bold">compare_algorithms>runAlgorithmBatch</a> (<a href="matlab: opentoline('/Users/hust-hwashin621m/Desktop/vietanhpaper-2/scripts/compare_algorithms.m',139,0)">line 139</a>)
Starting DQN-PSO (HMM + DQN) - Mode: global
[ACTION DEBUG iter 1000] Raw action[1:3]: [-0.1327, -0.6805, -0.4369], noise: 0.0500
[ACTION DEBUG iter 1000] WARNING: 5/20 actions clipped (network saturating)
[RLAMPSO DEBUG iter 1000] w=0.4279, c1=0.9000, c2=1.7000 | fitness=1583.58
[REWARD DEBUG iter 1000] FitnessImprovement: 0.0001 → Reward: +1.0000 (prevFit=1583.58, currFit=1583.58)

========== Planning Complete ==========
Algorithm: RLAMPSO
Execution time: 62.9311 seconds
Path length: 190.9371 units
Waypoints: 7
Best fitness: 1583.5785
========================================


========== Direct Global Planning ==========
Algorithm: DQN_PSO
Start: [10.0, 95.0, 10.0]
Goal:  [97.0, 2.0, 10.0]
============================================

Warning: DQN-PSO (paper) is homogeneous; forcing paramMode to global.
> In <a href="matlab:matlab.lang.internal.introspective.errorDocCallback('globalPathPlanningDQNPSO', '/Users/hust-hwashin621m/Desktop/vietanhpaper-2/algorithms/dqn_pso/globalPathPlanningDQNPSO.m', 15)" style="font-weight:bold">globalPathPlanningDQNPSO</a> (<a href="matlab: opentoline('/Users/hust-hwashin621m/Desktop/vietanhpaper-2/algorithms/dqn_pso/globalPathPlanningDQNPSO.m',15,0)">line 15</a>)
In <a href="matlab:matlab.lang.internal.introspective.errorDocCallback('callGlobalPlanningAlgorithm', '/Users/hust-hwashin621m/Desktop/vietanhpaper-2/algorithms/callGlobalPlanningAlgorithm.m', 219)" style="font-weight:bold">callGlobalPlanningAlgorithm</a> (<a href="matlab: opentoline('/Users/hust-hwashin621m/Desktop/vietanhpaper-2/algorithms/callGlobalPlanningAlgorithm.m',219,0)">line 219</a>)
In <a href="matlab:matlab.lang.internal.introspective.errorDocCallback('directGlobalPlanning', '/Users/hust-hwashin621m/Desktop/vietanhpaper-2/shared/path_planning/directGlobalPlanning.m', 59)" style="font-weight:bold">directGlobalPlanning</a> (<a href="matlab: opentoline('/Users/hust-hwashin621m/Desktop/vietanhpaper-2/shared/path_planning/directGlobalPlanning.m',59,0)">line 59</a>)
In <a href="matlab:matlab.lang.internal.introspective.errorDocCallback('run_comparison>@(varargin)directGlobalPlanning(varargin{:})', '/Users/hust-hwashin621m/Desktop/vietanhpaper-2/run_comparison.m', 274)" style="font-weight:bold">run_comparison>@(varargin)directGlobalPlanning(varargin{:})</a> (<a href="matlab: opentoline('/Users/hust-hwashin621m/Desktop/vietanhpaper-2/run_comparison.m',274,0)">line 274</a>)
In <a href="matlab:matlab.lang.internal.introspective.errorDocCallback('compare_algorithms>runAlgorithmBatch', '/Users/hust-hwashin621m/Desktop/vietanhpaper-2/scripts/compare_algorithms.m', 139)" style="font-weight:bold">compare_algorithms>runAlgorithmBatch</a> (<a href="matlab: opentoline('/Users/hust-hwashin621m/Desktop/vietanhpaper-2/scripts/compare_algorithms.m',139,0)">line 139</a>)
Starting DQN-PSO (HMM + DQN) - Mode: global

========== Planning Complete ==========
Algorithm: RLAMPSO
Execution time: 61.2090 seconds
Path length: 149.0146 units
Waypoints: 7
Best fitness: 1586.4721
========================================


========== Direct Global Planning ==========
Algorithm: DQN_PSO
Start: [10.0, 95.0, 10.0]
Goal:  [97.0, 2.0, 10.0]
============================================

Warning: DQN-PSO (paper) is homogeneous; forcing paramMode to global.
> In <a href="matlab:matlab.lang.internal.introspective.errorDocCallback('globalPathPlanningDQNPSO', '/Users/hust-hwashin621m/Desktop/vietanhpaper-2/algorithms/dqn_pso/globalPathPlanningDQNPSO.m', 15)" style="font-weight:bold">globalPathPlanningDQNPSO</a> (<a href="matlab: opentoline('/Users/hust-hwashin621m/Desktop/vietanhpaper-2/algorithms/dqn_pso/globalPathPlanningDQNPSO.m',15,0)">line 15</a>)
In <a href="matlab:matlab.lang.internal.introspective.errorDocCallback('callGlobalPlanningAlgorithm', '/Users/hust-hwashin621m/Desktop/vietanhpaper-2/algorithms/callGlobalPlanningAlgorithm.m', 219)" style="font-weight:bold">callGlobalPlanningAlgorithm</a> (<a href="matlab: opentoline('/Users/hust-hwashin621m/Desktop/vietanhpaper-2/algorithms/callGlobalPlanningAlgorithm.m',219,0)">line 219</a>)
In <a href="matlab:matlab.lang.internal.introspective.errorDocCallback('directGlobalPlanning', '/Users/hust-hwashin621m/Desktop/vietanhpaper-2/shared/path_planning/directGlobalPlanning.m', 59)" style="font-weight:bold">directGlobalPlanning</a> (<a href="matlab: opentoline('/Users/hust-hwashin621m/Desktop/vietanhpaper-2/shared/path_planning/directGlobalPlanning.m',59,0)">line 59</a>)
In <a href="matlab:matlab.lang.internal.introspective.errorDocCallback('run_comparison>@(varargin)directGlobalPlanning(varargin{:})', '/Users/hust-hwashin621m/Desktop/vietanhpaper-2/run_comparison.m', 274)" style="font-weight:bold">run_comparison>@(varargin)directGlobalPlanning(varargin{:})</a> (<a href="matlab: opentoline('/Users/hust-hwashin621m/Desktop/vietanhpaper-2/run_comparison.m',274,0)">line 274</a>)
In <a href="matlab:matlab.lang.internal.introspective.errorDocCallback('compare_algorithms>runAlgorithmBatch', '/Users/hust-hwashin621m/Desktop/vietanhpaper-2/scripts/compare_algorithms.m', 139)" style="font-weight:bold">compare_algorithms>runAlgorithmBatch</a> (<a href="matlab: opentoline('/Users/hust-hwashin621m/Desktop/vietanhpaper-2/scripts/compare_algorithms.m',139,0)">line 139</a>)
Starting DQN-PSO (HMM + DQN) - Mode: global
DQN-PSO iter 50/1000 | Fitness: 1779.62 | w=0.100 c1=2.200 c2=0.800
[ACTION DEBUG iter 1000] Raw action[1:3]: [-0.7651, -0.9937, 0.7490], noise: 0.0500
[ACTION DEBUG iter 1000] WARNING: 6/20 actions clipped (network saturating)
[RLAMPSO DEBUG iter 1000] w=0.4587, c1=1.4698, c2=1.8716 | fitness=1564.67
[REWARD DEBUG iter 1000] FitnessImprovement: 0.0000 → Reward: -1.0000 (prevFit=1564.67, currFit=1564.67)

========== Planning Complete ==========
Algorithm: RLAMPSO
Execution time: 62.9635 seconds
Path length: 150.0687 units
Waypoints: 7
Best fitness: 1564.6655
========================================


========== Direct Global Planning ==========
Algorithm: DQN_PSO
Start: [10.0, 95.0, 10.0]
Goal:  [97.0, 2.0, 10.0]
============================================

Warning: DQN-PSO (paper) is homogeneous; forcing paramMode to global.
> In <a href="matlab:matlab.lang.internal.introspective.errorDocCallback('globalPathPlanningDQNPSO', '/Users/hust-hwashin621m/Desktop/vietanhpaper-2/algorithms/dqn_pso/globalPathPlanningDQNPSO.m', 15)" style="font-weight:bold">globalPathPlanningDQNPSO</a> (<a href="matlab: opentoline('/Users/hust-hwashin621m/Desktop/vietanhpaper-2/algorithms/dqn_pso/globalPathPlanningDQNPSO.m',15,0)">line 15</a>)
In <a href="matlab:matlab.lang.internal.introspective.errorDocCallback('callGlobalPlanningAlgorithm', '/Users/hust-hwashin621m/Desktop/vietanhpaper-2/algorithms/callGlobalPlanningAlgorithm.m', 219)" style="font-weight:bold">callGlobalPlanningAlgorithm</a> (<a href="matlab: opentoline('/Users/hust-hwashin621m/Desktop/vietanhpaper-2/algorithms/callGlobalPlanningAlgorithm.m',219,0)">line 219</a>)
In <a href="matlab:matlab.lang.internal.introspective.errorDocCallback('directGlobalPlanning', '/Users/hust-hwashin621m/Desktop/vietanhpaper-2/shared/path_planning/directGlobalPlanning.m', 59)" style="font-weight:bold">directGlobalPlanning</a> (<a href="matlab: opentoline('/Users/hust-hwashin621m/Desktop/vietanhpaper-2/shared/path_planning/directGlobalPlanning.m',59,0)">line 59</a>)
In <a href="matlab:matlab.lang.internal.introspective.errorDocCallback('run_comparison>@(varargin)directGlobalPlanning(varargin{:})', '/Users/hust-hwashin621m/Desktop/vietanhpaper-2/run_comparison.m', 274)" style="font-weight:bold">run_comparison>@(varargin)directGlobalPlanning(varargin{:})</a> (<a href="matlab: opentoline('/Users/hust-hwashin621m/Desktop/vietanhpaper-2/run_comparison.m',274,0)">line 274</a>)
In <a href="matlab:matlab.lang.internal.introspective.errorDocCallback('compare_algorithms>runAlgorithmBatch', '/Users/hust-hwashin621m/Desktop/vietanhpaper-2/scripts/compare_algorithms.m', 139)" style="font-weight:bold">compare_algorithms>runAlgorithmBatch</a> (<a href="matlab: opentoline('/Users/hust-hwashin621m/Desktop/vietanhpaper-2/scripts/compare_algorithms.m',139,0)">line 139</a>)
Starting DQN-PSO (HMM + DQN) - Mode: global
DQN-PSO iter 150/1000 | Fitness: 1583.40 | w=0.100 c1=0.500 c2=2.500
[ACTION DEBUG iter 1000] Raw action[1:3]: [1.0000, -0.9987, 0.9945], noise: 0.0500
[ACTION DEBUG iter 1000] WARNING: 7/20 actions clipped (network saturating)
[RLAMPSO DEBUG iter 1000] w=0.7122, c1=0.9000, c2=0.5000 | fitness=1751.19
[REWARD DEBUG iter 1000] FitnessImprovement: 0.0000 → Reward: -1.0000 (prevFit=1751.19, currFit=1751.19)

========== Planning Complete ==========
Algorithm: RLAMPSO
Execution time: 63.2612 seconds
Path length: 184.0074 units
Waypoints: 7
Best fitness: 1751.1947
========================================


========== Direct Global Planning ==========
Algorithm: DQN_PSO
Start: [10.0, 95.0, 10.0]
Goal:  [97.0, 2.0, 10.0]
============================================

Warning: DQN-PSO (paper) is homogeneous; forcing paramMode to global.
> In <a href="matlab:matlab.lang.internal.introspective.errorDocCallback('globalPathPlanningDQNPSO', '/Users/hust-hwashin621m/Desktop/vietanhpaper-2/algorithms/dqn_pso/globalPathPlanningDQNPSO.m', 15)" style="font-weight:bold">globalPathPlanningDQNPSO</a> (<a href="matlab: opentoline('/Users/hust-hwashin621m/Desktop/vietanhpaper-2/algorithms/dqn_pso/globalPathPlanningDQNPSO.m',15,0)">line 15</a>)
In <a href="matlab:matlab.lang.internal.introspective.errorDocCallback('callGlobalPlanningAlgorithm', '/Users/hust-hwashin621m/Desktop/vietanhpaper-2/algorithms/callGlobalPlanningAlgorithm.m', 219)" style="font-weight:bold">callGlobalPlanningAlgorithm</a> (<a href="matlab: opentoline('/Users/hust-hwashin621m/Desktop/vietanhpaper-2/algorithms/callGlobalPlanningAlgorithm.m',219,0)">line 219</a>)
In <a href="matlab:matlab.lang.internal.introspective.errorDocCallback('directGlobalPlanning', '/Users/hust-hwashin621m/Desktop/vietanhpaper-2/shared/path_planning/directGlobalPlanning.m', 59)" style="font-weight:bold">directGlobalPlanning</a> (<a href="matlab: opentoline('/Users/hust-hwashin621m/Desktop/vietanhpaper-2/shared/path_planning/directGlobalPlanning.m',59,0)">line 59</a>)
In <a href="matlab:matlab.lang.internal.introspective.errorDocCallback('run_comparison>@(varargin)directGlobalPlanning(varargin{:})', '/Users/hust-hwashin621m/Desktop/vietanhpaper-2/run_comparison.m', 274)" style="font-weight:bold">run_comparison>@(varargin)directGlobalPlanning(varargin{:})</a> (<a href="matlab: opentoline('/Users/hust-hwashin621m/Desktop/vietanhpaper-2/run_comparison.m',274,0)">line 274</a>)
In <a href="matlab:matlab.lang.internal.introspective.errorDocCallback('compare_algorithms>runAlgorithmBatch', '/Users/hust-hwashin621m/Desktop/vietanhpaper-2/scripts/compare_algorithms.m', 139)" style="font-weight:bold">compare_algorithms>runAlgorithmBatch</a> (<a href="matlab: opentoline('/Users/hust-hwashin621m/Desktop/vietanhpaper-2/scripts/compare_algorithms.m',139,0)">line 139</a>)
Starting DQN-PSO (HMM + DQN) - Mode: global
DQN-PSO iter 250/1000 | Fitness: 1966.18 | w=0.575 c1=2.400 c2=0.650
DQN-PSO iter 50/1000 | Fitness: 1697.50 | w=0.476 c1=0.700 c2=2.400
[ACTION DEBUG iter 1000] Raw action[1:3]: [0.9994, 0.8858, 0.0983], noise: 0.0500
[ACTION DEBUG iter 1000] WARNING: 8/20 actions clipped (network saturating)
[RLAMPSO DEBUG iter 1000] w=0.7319, c1=0.9000, c2=0.9000 | fitness=1634.94
[REWARD DEBUG iter 1000] FitnessImprovement: 0.0000 → Reward: +1.0000 (prevFit=1634.94, currFit=1634.94)

========== Planning Complete ==========
Algorithm: RLAMPSO
Execution time: 62.2535 seconds
Path length: 147.3970 units
Waypoints: 7
Best fitness: 1634.9446
========================================


========== Direct Global Planning ==========
Algorithm: DQN_PSO
Start: [10.0, 95.0, 10.0]
Goal:  [97.0, 2.0, 10.0]
============================================

Warning: DQN-PSO (paper) is homogeneous; forcing paramMode to global.
> In <a href="matlab:matlab.lang.internal.introspective.errorDocCallback('globalPathPlanningDQNPSO', '/Users/hust-hwashin621m/Desktop/vietanhpaper-2/algorithms/dqn_pso/globalPathPlanningDQNPSO.m', 15)" style="font-weight:bold">globalPathPlanningDQNPSO</a> (<a href="matlab: opentoline('/Users/hust-hwashin621m/Desktop/vietanhpaper-2/algorithms/dqn_pso/globalPathPlanningDQNPSO.m',15,0)">line 15</a>)
In <a href="matlab:matlab.lang.internal.introspective.errorDocCallback('callGlobalPlanningAlgorithm', '/Users/hust-hwashin621m/Desktop/vietanhpaper-2/algorithms/callGlobalPlanningAlgorithm.m', 219)" style="font-weight:bold">callGlobalPlanningAlgorithm</a> (<a href="matlab: opentoline('/Users/hust-hwashin621m/Desktop/vietanhpaper-2/algorithms/callGlobalPlanningAlgorithm.m',219,0)">line 219</a>)
In <a href="matlab:matlab.lang.internal.introspective.errorDocCallback('directGlobalPlanning', '/Users/hust-hwashin621m/Desktop/vietanhpaper-2/shared/path_planning/directGlobalPlanning.m', 59)" style="font-weight:bold">directGlobalPlanning</a> (<a href="matlab: opentoline('/Users/hust-hwashin621m/Desktop/vietanhpaper-2/shared/path_planning/directGlobalPlanning.m',59,0)">line 59</a>)
In <a href="matlab:matlab.lang.internal.introspective.errorDocCallback('run_comparison>@(varargin)directGlobalPlanning(varargin{:})', '/Users/hust-hwashin621m/Desktop/vietanhpaper-2/run_comparison.m', 274)" style="font-weight:bold">run_comparison>@(varargin)directGlobalPlanning(varargin{:})</a> (<a href="matlab: opentoline('/Users/hust-hwashin621m/Desktop/vietanhpaper-2/run_comparison.m',274,0)">line 274</a>)
In <a href="matlab:matlab.lang.internal.introspective.errorDocCallback('compare_algorithms>runAlgorithmBatch', '/Users/hust-hwashin621m/Desktop/vietanhpaper-2/scripts/compare_algorithms.m', 139)" style="font-weight:bold">compare_algorithms>runAlgorithmBatch</a> (<a href="matlab: opentoline('/Users/hust-hwashin621m/Desktop/vietanhpaper-2/scripts/compare_algorithms.m',139,0)">line 139</a>)
Starting DQN-PSO (HMM + DQN) - Mode: global
DQN-PSO iter 50/1000 | Fitness: 1821.69 | w=0.427 c1=1.750 c2=0.950
[ACTION DEBUG iter 1000] Raw action[1:3]: [0.8407, -0.5300, 0.7987], noise: 0.0500
[ACTION DEBUG iter 1000] WARNING: 1/20 actions clipped (network saturating)
[RLAMPSO DEBUG iter 1000] w=0.5765, c1=1.4162, c2=1.2452 | fitness=1525.82
[REWARD DEBUG iter 1000] FitnessImprovement: 0.0000 → Reward: -1.0000 (prevFit=1525.82, currFit=1525.82)

========== Planning Complete ==========
Algorithm: RLAMPSO
Execution time: 63.3771 seconds
Path length: 151.3417 units
Waypoints: 7
Best fitness: 1525.8154
========================================


========== Direct Global Planning ==========
Algorithm: DQN_PSO
Start: [10.0, 95.0, 10.0]
Goal:  [97.0, 2.0, 10.0]
============================================

Warning: DQN-PSO (paper) is homogeneous; forcing paramMode to global.
> In <a href="matlab:matlab.lang.internal.introspective.errorDocCallback('globalPathPlanningDQNPSO', '/Users/hust-hwashin621m/Desktop/vietanhpaper-2/algorithms/dqn_pso/globalPathPlanningDQNPSO.m', 15)" style="font-weight:bold">globalPathPlanningDQNPSO</a> (<a href="matlab: opentoline('/Users/hust-hwashin621m/Desktop/vietanhpaper-2/algorithms/dqn_pso/globalPathPlanningDQNPSO.m',15,0)">line 15</a>)
In <a href="matlab:matlab.lang.internal.introspective.errorDocCallback('callGlobalPlanningAlgorithm', '/Users/hust-hwashin621m/Desktop/vietanhpaper-2/algorithms/callGlobalPlanningAlgorithm.m', 219)" style="font-weight:bold">callGlobalPlanningAlgorithm</a> (<a href="matlab: opentoline('/Users/hust-hwashin621m/Desktop/vietanhpaper-2/algorithms/callGlobalPlanningAlgorithm.m',219,0)">line 219</a>)
In <a href="matlab:matlab.lang.internal.introspective.errorDocCallback('directGlobalPlanning', '/Users/hust-hwashin621m/Desktop/vietanhpaper-2/shared/path_planning/directGlobalPlanning.m', 59)" style="font-weight:bold">directGlobalPlanning</a> (<a href="matlab: opentoline('/Users/hust-hwashin621m/Desktop/vietanhpaper-2/shared/path_planning/directGlobalPlanning.m',59,0)">line 59</a>)
In <a href="matlab:matlab.lang.internal.introspective.errorDocCallback('run_comparison>@(varargin)directGlobalPlanning(varargin{:})', '/Users/hust-hwashin621m/Desktop/vietanhpaper-2/run_comparison.m', 274)" style="font-weight:bold">run_comparison>@(varargin)directGlobalPlanning(varargin{:})</a> (<a href="matlab: opentoline('/Users/hust-hwashin621m/Desktop/vietanhpaper-2/run_comparison.m',274,0)">line 274</a>)
In <a href="matlab:matlab.lang.internal.introspective.errorDocCallback('compare_algorithms>runAlgorithmBatch', '/Users/hust-hwashin621m/Desktop/vietanhpaper-2/scripts/compare_algorithms.m', 139)" style="font-weight:bold">compare_algorithms>runAlgorithmBatch</a> (<a href="matlab: opentoline('/Users/hust-hwashin621m/Desktop/vietanhpaper-2/scripts/compare_algorithms.m',139,0)">line 139</a>)
Starting DQN-PSO (HMM + DQN) - Mode: global
DQN-PSO iter 50/1000 | Fitness: 2051.22 | w=0.417 c1=2.500 c2=0.500
DQN-PSO iter 50/1000 | Fitness: 1689.40 | w=0.900 c1=2.500 c2=0.500
DQN-PSO iter 200/1000 | Fitness: 1766.00 | w=0.818 c1=1.150 c2=1.800
[ACTION DEBUG iter 1000] Raw action[1:3]: [-0.9965, 0.4669, -0.9526], noise: 0.0500
[ACTION DEBUG iter 1000] WARNING: 3/20 actions clipped (network saturating)
[RLAMPSO DEBUG iter 1000] w=0.5470, c1=1.3921, c2=1.1684 | fitness=1579.85
[REWARD DEBUG iter 1000] FitnessImprovement: 0.0004 → Reward: +1.0000 (prevFit=1579.85, currFit=1579.85)

========== Planning Complete ==========
Algorithm: RLAMPSO
Execution time: 63.3433 seconds
Path length: 147.4862 units
Waypoints: 7
Best fitness: 1579.8462
========================================


========== Direct Global Planning ==========
Algorithm: DQN_PSO
Start: [10.0, 95.0, 10.0]
Goal:  [97.0, 2.0, 10.0]
============================================

Warning: DQN-PSO (paper) is homogeneous; forcing paramMode to global.
> In <a href="matlab:matlab.lang.internal.introspective.errorDocCallback('globalPathPlanningDQNPSO', '/Users/hust-hwashin621m/Desktop/vietanhpaper-2/algorithms/dqn_pso/globalPathPlanningDQNPSO.m', 15)" style="font-weight:bold">globalPathPlanningDQNPSO</a> (<a href="matlab: opentoline('/Users/hust-hwashin621m/Desktop/vietanhpaper-2/algorithms/dqn_pso/globalPathPlanningDQNPSO.m',15,0)">line 15</a>)
In <a href="matlab:matlab.lang.internal.introspective.errorDocCallback('callGlobalPlanningAlgorithm', '/Users/hust-hwashin621m/Desktop/vietanhpaper-2/algorithms/callGlobalPlanningAlgorithm.m', 219)" style="font-weight:bold">callGlobalPlanningAlgorithm</a> (<a href="matlab: opentoline('/Users/hust-hwashin621m/Desktop/vietanhpaper-2/algorithms/callGlobalPlanningAlgorithm.m',219,0)">line 219</a>)
In <a href="matlab:matlab.lang.internal.introspective.errorDocCallback('directGlobalPlanning', '/Users/hust-hwashin621m/Desktop/vietanhpaper-2/shared/path_planning/directGlobalPlanning.m', 59)" style="font-weight:bold">directGlobalPlanning</a> (<a href="matlab: opentoline('/Users/hust-hwashin621m/Desktop/vietanhpaper-2/shared/path_planning/directGlobalPlanning.m',59,0)">line 59</a>)
In <a href="matlab:matlab.lang.internal.introspective.errorDocCallback('run_comparison>@(varargin)directGlobalPlanning(varargin{:})', '/Users/hust-hwashin621m/Desktop/vietanhpaper-2/run_comparison.m', 274)" style="font-weight:bold">run_comparison>@(varargin)directGlobalPlanning(varargin{:})</a> (<a href="matlab: opentoline('/Users/hust-hwashin621m/Desktop/vietanhpaper-2/run_comparison.m',274,0)">line 274</a>)
In <a href="matlab:matlab.lang.internal.introspective.errorDocCallback('compare_algorithms>runAlgorithmBatch', '/Users/hust-hwashin621m/Desktop/vietanhpaper-2/scripts/compare_algorithms.m', 139)" style="font-weight:bold">compare_algorithms>runAlgorithmBatch</a> (<a href="matlab: opentoline('/Users/hust-hwashin621m/Desktop/vietanhpaper-2/scripts/compare_algorithms.m',139,0)">line 139</a>)
Starting DQN-PSO (HMM + DQN) - Mode: global
DQN-PSO iter 100/1000 | Fitness: 1885.64 | w=0.752 c1=2.500 c2=0.500
DQN-PSO iter 50/1000 | Fitness: 1791.91 | w=0.408 c1=2.400 c2=0.650
DQN-PSO iter 50/1000 | Fitness: 2068.43 | w=0.693 c1=2.500 c2=0.500
DQN-PSO iter 100/1000 | Fitness: 1731.95 | w=0.100 c1=2.400 c2=0.600
DQN-PSO iter 50/1000 | Fitness: 2111.31 | w=0.900 c1=2.400 c2=0.600
DQN-PSO iter 50/1000 | Fitness: 1810.00 | w=0.363 c1=2.500 c2=0.500
DQN-PSO iter 200/1000 | Fitness: 1582.87 | w=0.100 c1=0.500 c2=2.500
DQN-PSO iter 300/1000 | Fitness: 1964.83 | w=0.452 c1=2.500 c2=0.500
DQN-PSO iter 50/1000 | Fitness: 1739.25 | w=0.900 c1=2.500 c2=0.500
DQN-PSO iter 100/1000 | Fitness: 1674.91 | w=0.100 c1=0.500 c2=2.500
DQN-PSO iter 100/1000 | Fitness: 1807.79 | w=0.100 c1=1.300 c2=1.750
DQN-PSO iter 100/1000 | Fitness: 1668.98 | w=0.900 c1=2.500 c2=0.500
DQN-PSO iter 100/1000 | Fitness: 1761.48 | w=0.900 c1=2.500 c2=0.500
DQN-PSO iter 250/1000 | Fitness: 1763.21 | w=0.900 c1=0.550 c2=2.400
DQN-PSO iter 150/1000 | Fitness: 1882.28 | w=0.409 c1=2.500 c2=0.550
DQN-PSO iter 100/1000 | Fitness: 1717.86 | w=0.581 c1=2.500 c2=0.500
DQN-PSO iter 100/1000 | Fitness: 1974.38 | w=0.281 c1=2.500 c2=0.500
DQN-PSO iter 150/1000 | Fitness: 1708.34 | w=0.897 c1=2.500 c2=0.500
DQN-PSO iter 100/1000 | Fitness: 2069.79 | w=0.717 c1=2.500 c2=0.500
DQN-PSO iter 100/1000 | Fitness: 1796.85 | w=0.418 c1=2.500 c2=0.500
DQN-PSO iter 250/1000 | Fitness: 1582.55 | w=0.100 c1=0.500 c2=2.500
DQN-PSO iter 350/1000 | Fitness: 1964.83 | w=0.900 c1=2.500 c2=0.500
DQN-PSO iter 100/1000 | Fitness: 1657.04 | w=0.900 c1=2.450 c2=0.500
DQN-PSO iter 150/1000 | Fitness: 1671.19 | w=0.100 c1=0.500 c2=2.500
DQN-PSO iter 150/1000 | Fitness: 1788.33 | w=0.100 c1=0.700 c2=2.500
DQN-PSO iter 150/1000 | Fitness: 1589.52 | w=0.900 c1=2.500 c2=0.500
DQN-PSO iter 150/1000 | Fitness: 1670.24 | w=0.900 c1=2.250 c2=0.750
DQN-PSO iter 200/1000 | Fitness: 1876.35 | w=0.402 c1=2.500 c2=0.500
DQN-PSO iter 300/1000 | Fitness: 1762.44 | w=0.100 c1=0.500 c2=2.450
DQN-PSO iter 150/1000 | Fitness: 1693.04 | w=0.100 c1=2.400 c2=0.600
DQN-PSO iter 150/1000 | Fitness: 1973.42 | w=0.885 c1=2.500 c2=0.500
DQN-PSO iter 200/1000 | Fitness: 1702.50 | w=0.900 c1=2.500 c2=0.500
DQN-PSO iter 150/1000 | Fitness: 2065.83 | w=0.260 c1=2.500 c2=0.500
DQN-PSO iter 300/1000 | Fitness: 1582.47 | w=0.416 c1=0.800 c2=2.300
DQN-PSO iter 150/1000 | Fitness: 1792.85 | w=0.448 c1=2.500 c2=0.500
DQN-PSO iter 400/1000 | Fitness: 1964.71 | w=0.900 c1=2.500 c2=0.500
DQN-PSO iter 150/1000 | Fitness: 1622.29 | w=0.100 c1=2.400 c2=0.600
DQN-PSO iter 200/1000 | Fitness: 1668.10 | w=0.100 c1=0.850 c2=2.150
DQN-PSO iter 200/1000 | Fitness: 1749.65 | w=0.100 c1=1.050 c2=2.250
DQN-PSO iter 200/1000 | Fitness: 1631.01 | w=0.385 c1=2.500 c2=0.500
DQN-PSO iter 200/1000 | Fitness: 1573.51 | w=0.900 c1=2.500 c2=0.500
DQN-PSO iter 250/1000 | Fitness: 1872.94 | w=0.100 c1=2.400 c2=0.600
DQN-PSO iter 350/1000 | Fitness: 1762.42 | w=0.100 c1=0.500 c2=2.500
DQN-PSO iter 200/1000 | Fitness: 1672.62 | w=0.214 c1=2.500 c2=0.500
DQN-PSO iter 200/1000 | Fitness: 1973.39 | w=0.519 c1=2.500 c2=0.500
DQN-PSO iter 200/1000 | Fitness: 2065.67 | w=0.100 c1=2.400 c2=0.600
DQN-PSO iter 250/1000 | Fitness: 1701.61 | w=0.100 c1=2.400 c2=0.600
DQN-PSO iter 350/1000 | Fitness: 1582.46 | w=0.712 c1=0.600 c2=2.400
DQN-PSO iter 200/1000 | Fitness: 1790.22 | w=0.900 c1=2.500 c2=0.500
DQN-PSO iter 200/1000 | Fitness: 1614.32 | w=0.227 c1=2.500 c2=0.500
DQN-PSO iter 450/1000 | Fitness: 1964.36 | w=0.400 c1=2.500 c2=0.500
DQN-PSO iter 250/1000 | Fitness: 1742.20 | w=0.544 c1=0.650 c2=2.450
DQN-PSO iter 250/1000 | Fitness: 1663.49 | w=0.100 c1=0.550 c2=2.500
DQN-PSO iter 250/1000 | Fitness: 1572.16 | w=0.401 c1=2.500 c2=0.500
DQN-PSO iter 250/1000 | Fitness: 1620.89 | w=0.618 c1=2.400 c2=0.600
DQN-PSO iter 400/1000 | Fitness: 1762.41 | w=0.100 c1=0.500 c2=2.500
DQN-PSO iter 300/1000 | Fitness: 1872.67 | w=0.100 c1=2.400 c2=0.600
DQN-PSO iter 250/1000 | Fitness: 1672.02 | w=0.100 c1=2.400 c2=0.600
DQN-PSO iter 250/1000 | Fitness: 1973.39 | w=0.100 c1=2.400 c2=0.600
DQN-PSO iter 250/1000 | Fitness: 1783.27 | w=0.100 c1=2.300 c2=0.700
DQN-PSO iter 400/1000 | Fitness: 1582.45 | w=0.900 c1=1.000 c2=1.950
DQN-PSO iter 250/1000 | Fitness: 2065.54 | w=0.858 c1=2.500 c2=0.500
DQN-PSO iter 300/1000 | Fitness: 1699.19 | w=0.402 c1=2.500 c2=0.550
DQN-PSO iter 500/1000 | Fitness: 1964.36 | w=0.582 c1=2.500 c2=0.500
DQN-PSO iter 300/1000 | Fitness: 1737.89 | w=0.400 c1=1.000 c2=2.200
DQN-PSO iter 250/1000 | Fitness: 1597.72 | w=0.900 c1=2.500 c2=0.500
DQN-PSO iter 300/1000 | Fitness: 1571.14 | w=0.900 c1=2.450 c2=0.500
DQN-PSO iter 300/1000 | Fitness: 1618.77 | w=0.900 c1=0.600 c2=2.300
DQN-PSO iter 300/1000 | Fitness: 1609.75 | w=0.499 c1=2.450 c2=0.550
DQN-PSO iter 350/1000 | Fitness: 1872.66 | w=0.864 c1=2.500 c2=0.500
DQN-PSO iter 450/1000 | Fitness: 1762.41 | w=0.129 c1=1.300 c2=1.750
DQN-PSO iter 300/1000 | Fitness: 1670.85 | w=0.159 c1=2.500 c2=0.500
DQN-PSO iter 300/1000 | Fitness: 1973.39 | w=0.100 c1=2.400 c2=0.600
DQN-PSO iter 450/1000 | Fitness: 1582.14 | w=0.100 c1=0.600 c2=2.500
DQN-PSO iter 550/1000 | Fitness: 1964.36 | w=0.870 c1=2.500 c2=0.500
DQN-PSO iter 300/1000 | Fitness: 2065.54 | w=0.422 c1=2.500 c2=0.500
DQN-PSO iter 300/1000 | Fitness: 1776.50 | w=0.520 c1=2.500 c2=0.500
DQN-PSO iter 350/1000 | Fitness: 1698.28 | w=0.900 c1=2.500 c2=0.500
DQN-PSO iter 350/1000 | Fitness: 1571.06 | w=0.100 c1=2.400 c2=0.600
DQN-PSO iter 300/1000 | Fitness: 1590.63 | w=0.900 c1=2.500 c2=0.500
DQN-PSO iter 350/1000 | Fitness: 1737.74 | w=0.100 c1=1.500 c2=2.000
DQN-PSO iter 350/1000 | Fitness: 1598.22 | w=0.900 c1=2.500 c2=0.500
DQN-PSO iter 350/1000 | Fitness: 1616.81 | w=0.401 c1=0.600 c2=2.450
DQN-PSO iter 400/1000 | Fitness: 1872.65 | w=0.704 c1=2.500 c2=0.500
DQN-PSO iter 500/1000 | Fitness: 1762.41 | w=0.100 c1=1.700 c2=1.250
DQN-PSO iter 350/1000 | Fitness: 1670.65 | w=0.900 c1=2.500 c2=0.500
DQN-PSO iter 350/1000 | Fitness: 1973.39 | w=0.100 c1=2.400 c2=0.600
DQN-PSO iter 500/1000 | Fitness: 1582.09 | w=0.100 c1=1.500 c2=2.000
DQN-PSO iter 350/1000 | Fitness: 2065.54 | w=0.900 c1=2.450 c2=0.500
DQN-PSO iter 400/1000 | Fitness: 1697.98 | w=0.401 c1=2.400 c2=0.650
DQN-PSO iter 350/1000 | Fitness: 1769.29 | w=0.330 c1=2.500 c2=0.500
DQN-PSO iter 600/1000 | Fitness: 1964.34 | w=0.900 c1=2.500 c2=0.500
DQN-PSO iter 350/1000 | Fitness: 1589.86 | w=0.900 c1=2.500 c2=0.500
DQN-PSO iter 400/1000 | Fitness: 1616.40 | w=0.900 c1=1.050 c2=1.900
DQN-PSO iter 400/1000 | Fitness: 1737.73 | w=0.400 c1=2.500 c2=1.200
DQN-PSO iter 400/1000 | Fitness: 1570.99 | w=0.900 c1=2.500 c2=0.500
DQN-PSO iter 450/1000 | Fitness: 1872.65 | w=0.100 c1=2.300 c2=0.700
DQN-PSO iter 400/1000 | Fitness: 1593.05 | w=0.100 c1=2.400 c2=0.600
DQN-PSO iter 550/1000 | Fitness: 1762.41 | w=0.100 c1=1.250 c2=1.500
DQN-PSO iter 400/1000 | Fitness: 1973.39 | w=0.833 c1=2.500 c2=0.500
DQN-PSO iter 400/1000 | Fitness: 1670.41 | w=0.519 c1=2.500 c2=0.500
DQN-PSO iter 550/1000 | Fitness: 1582.09 | w=0.348 c1=1.750 c2=1.700
DQN-PSO iter 400/1000 | Fitness: 2065.54 | w=0.540 c1=2.500 c2=0.600
DQN-PSO iter 450/1000 | Fitness: 1697.81 | w=0.100 c1=2.400 c2=0.600
DQN-PSO iter 650/1000 | Fitness: 1964.01 | w=0.400 c1=2.450 c2=0.550
DQN-PSO iter 400/1000 | Fitness: 1761.31 | w=0.212 c1=2.400 c2=0.600
DQN-PSO iter 400/1000 | Fitness: 1589.65 | w=0.432 c1=2.500 c2=0.500
DQN-PSO iter 450/1000 | Fitness: 1616.36 | w=0.100 c1=1.450 c2=1.350
DQN-PSO iter 450/1000 | Fitness: 1737.73 | w=0.100 c1=2.300 c2=1.150
DQN-PSO iter 450/1000 | Fitness: 1592.33 | w=0.100 c1=2.400 c2=0.600
DQN-PSO iter 450/1000 | Fitness: 1570.79 | w=0.900 c1=2.500 c2=0.500
DQN-PSO iter 500/1000 | Fitness: 1872.64 | w=0.421 c1=2.500 c2=0.500
DQN-PSO iter 600/1000 | Fitness: 1762.41 | w=0.413 c1=2.400 c2=0.650
DQN-PSO iter 450/1000 | Fitness: 1668.33 | w=0.100 c1=2.400 c2=0.600
DQN-PSO iter 450/1000 | Fitness: 1973.39 | w=0.900 c1=2.500 c2=0.500
DQN-PSO iter 600/1000 | Fitness: 1582.09 | w=0.100 c1=1.600 c2=2.050
DQN-PSO iter 450/1000 | Fitness: 2065.54 | w=0.900 c1=2.500 c2=0.500
DQN-PSO iter 450/1000 | Fitness: 1759.18 | w=0.473 c1=2.500 c2=0.500
DQN-PSO iter 700/1000 | Fitness: 1964.01 | w=0.100 c1=2.400 c2=0.600
DQN-PSO iter 500/1000 | Fitness: 1696.28 | w=0.900 c1=2.500 c2=0.500
DQN-PSO iter 450/1000 | Fitness: 1589.49 | w=0.100 c1=2.250 c2=0.700
DQN-PSO iter 500/1000 | Fitness: 1737.73 | w=0.900 c1=2.000 c2=1.700
DQN-PSO iter 500/1000 | Fitness: 1616.33 | w=0.900 c1=1.450 c2=1.500
DQN-PSO iter 500/1000 | Fitness: 1592.29 | w=0.100 c1=2.400 c2=0.600
DQN-PSO iter 500/1000 | Fitness: 1570.65 | w=0.900 c1=2.500 c2=0.500
DQN-PSO iter 550/1000 | Fitness: 1872.19 | w=0.697 c1=2.500 c2=0.500
DQN-PSO iter 650/1000 | Fitness: 1762.41 | w=0.100 c1=1.800 c2=1.100
DQN-PSO iter 500/1000 | Fitness: 1973.39 | w=0.576 c1=2.500 c2=0.500
DQN-PSO iter 500/1000 | Fitness: 1667.20 | w=0.237 c1=2.500 c2=0.500
DQN-PSO iter 650/1000 | Fitness: 1582.09 | w=0.100 c1=1.350 c2=2.350
DQN-PSO iter 500/1000 | Fitness: 2065.54 | w=0.538 c1=2.500 c2=0.500
DQN-PSO iter 750/1000 | Fitness: 1964.01 | w=0.249 c1=2.500 c2=0.500
DQN-PSO iter 550/1000 | Fitness: 1694.81 | w=0.900 c1=2.450 c2=0.500
DQN-PSO iter 500/1000 | Fitness: 1759.10 | w=0.486 c1=2.500 c2=0.500
DQN-PSO iter 500/1000 | Fitness: 1589.45 | w=0.900 c1=2.500 c2=0.500
DQN-PSO iter 550/1000 | Fitness: 1616.33 | w=0.100 c1=2.250 c2=0.800
DQN-PSO iter 550/1000 | Fitness: 1737.73 | w=0.400 c1=2.500 c2=0.500
DQN-PSO iter 550/1000 | Fitness: 1592.19 | w=0.900 c1=2.500 c2=0.500
DQN-PSO iter 550/1000 | Fitness: 1570.65 | w=0.900 c1=2.500 c2=0.500
DQN-PSO iter 600/1000 | Fitness: 1868.86 | w=0.400 c1=2.500 c2=0.550
DQN-PSO iter 700/1000 | Fitness: 1762.41 | w=0.400 c1=2.500 c2=0.500
DQN-PSO iter 550/1000 | Fitness: 1973.39 | w=0.188 c1=2.500 c2=0.500
DQN-PSO iter 550/1000 | Fitness: 1666.79 | w=0.900 c1=2.350 c2=0.600
DQN-PSO iter 700/1000 | Fitness: 1582.09 | w=0.100 c1=0.500 c2=2.500
DQN-PSO iter 550/1000 | Fitness: 2065.54 | w=0.900 c1=2.500 c2=0.500
DQN-PSO iter 800/1000 | Fitness: 1963.96 | w=0.900 c1=2.500 c2=0.500
DQN-PSO iter 550/1000 | Fitness: 1589.44 | w=0.400 c1=2.500 c2=0.500
DQN-PSO iter 600/1000 | Fitness: 1616.33 | w=0.400 c1=2.050 c2=1.050
DQN-PSO iter 600/1000 | Fitness: 1694.52 | w=0.779 c1=2.500 c2=0.500
DQN-PSO iter 600/1000 | Fitness: 1737.73 | w=0.100 c1=2.200 c2=0.900
DQN-PSO iter 550/1000 | Fitness: 1759.10 | w=0.510 c1=2.500 c2=0.500
DQN-PSO iter 600/1000 | Fitness: 1591.92 | w=0.401 c1=2.500 c2=0.550
DQN-PSO iter 600/1000 | Fitness: 1570.65 | w=0.830 c1=2.500 c2=0.500
DQN-PSO iter 650/1000 | Fitness: 1868.85 | w=0.100 c1=2.300 c2=0.700
DQN-PSO iter 600/1000 | Fitness: 1973.39 | w=0.100 c1=2.400 c2=0.600
DQN-PSO iter 750/1000 | Fitness: 1762.41 | w=0.100 c1=1.800 c2=1.000
DQN-PSO iter 600/1000 | Fitness: 1649.60 | w=0.100 c1=2.400 c2=0.600
DQN-PSO iter 750/1000 | Fitness: 1582.09 | w=0.900 c1=0.750 c2=2.150
DQN-PSO iter 600/1000 | Fitness: 2065.54 | w=0.610 c1=2.500 c2=0.500
DQN-PSO iter 850/1000 | Fitness: 1963.96 | w=0.100 c1=2.400 c2=0.600
DQN-PSO iter 600/1000 | Fitness: 1589.44 | w=0.900 c1=2.300 c2=0.500
DQN-PSO iter 650/1000 | Fitness: 1616.32 | w=0.900 c1=1.550 c2=1.500
DQN-PSO iter 650/1000 | Fitness: 1694.29 | w=0.402 c1=2.500 c2=0.500
DQN-PSO iter 650/1000 | Fitness: 1737.73 | w=0.400 c1=2.500 c2=0.500
DQN-PSO iter 650/1000 | Fitness: 1570.65 | w=0.339 c1=2.500 c2=0.500
DQN-PSO iter 600/1000 | Fitness: 1759.10 | w=0.273 c1=2.400 c2=0.650
DQN-PSO iter 650/1000 | Fitness: 1539.44 | w=0.100 c1=2.400 c2=0.600
DQN-PSO iter 650/1000 | Fitness: 1973.39 | w=0.196 c1=2.500 c2=0.500
DQN-PSO iter 700/1000 | Fitness: 1868.84 | w=0.100 c1=2.200 c2=0.800
DQN-PSO iter 650/1000 | Fitness: 1648.55 | w=0.592 c1=2.500 c2=0.500
DQN-PSO iter 800/1000 | Fitness: 1762.41 | w=0.900 c1=2.450 c2=0.500
DQN-PSO iter 800/1000 | Fitness: 1582.09 | w=0.441 c1=0.650 c2=2.300
DQN-PSO iter 650/1000 | Fitness: 2065.53 | w=0.900 c1=2.500 c2=0.500
DQN-PSO iter 650/1000 | Fitness: 1589.43 | w=0.100 c1=2.100 c2=0.850
DQN-PSO iter 900/1000 | Fitness: 1963.96 | w=0.691 c1=2.500 c2=0.500
DQN-PSO iter 700/1000 | Fitness: 1570.65 | w=0.400 c1=2.500 c2=0.500
DQN-PSO iter 700/1000 | Fitness: 1616.32 | w=0.103 c1=1.300 c2=1.950
DQN-PSO iter 700/1000 | Fitness: 1694.08 | w=0.100 c1=2.400 c2=0.600
DQN-PSO iter 700/1000 | Fitness: 1538.25 | w=0.100 c1=2.400 c2=0.600
DQN-PSO iter 650/1000 | Fitness: 1759.10 | w=0.682 c1=2.500 c2=0.500
DQN-PSO iter 700/1000 | Fitness: 1737.73 | w=0.400 c1=2.500 c2=0.500
DQN-PSO iter 700/1000 | Fitness: 1973.39 | w=0.460 c1=2.500 c2=0.500
DQN-PSO iter 750/1000 | Fitness: 1868.84 | w=0.639 c1=2.500 c2=0.550
DQN-PSO iter 700/1000 | Fitness: 1646.55 | w=0.401 c1=2.150 c2=0.850
DQN-PSO iter 850/1000 | Fitness: 1762.41 | w=0.292 c1=2.450 c2=0.500
DQN-PSO iter 850/1000 | Fitness: 1582.09 | w=0.100 c1=0.550 c2=2.450
DQN-PSO iter 700/1000 | Fitness: 2065.38 | w=0.556 c1=2.500 c2=0.500
DQN-PSO iter 700/1000 | Fitness: 1589.41 | w=0.900 c1=2.500 c2=0.500
DQN-PSO iter 950/1000 | Fitness: 1963.95 | w=0.100 c1=2.400 c2=0.600
DQN-PSO iter 750/1000 | Fitness: 1570.65 | w=0.900 c1=2.450 c2=0.500
DQN-PSO iter 750/1000 | Fitness: 1616.32 | w=0.100 c1=0.650 c2=2.500
DQN-PSO iter 750/1000 | Fitness: 1737.73 | w=0.629 c1=2.500 c2=0.500
DQN-PSO iter 750/1000 | Fitness: 1692.65 | w=0.319 c1=2.500 c2=0.500
DQN-PSO iter 750/1000 | Fitness: 1537.24 | w=0.425 c1=2.500 c2=0.500
DQN-PSO iter 700/1000 | Fitness: 1759.10 | w=0.900 c1=2.500 c2=0.500
DQN-PSO iter 900/1000 | Fitness: 1762.41 | w=0.150 c1=2.500 c2=0.500
DQN-PSO iter 750/1000 | Fitness: 1973.39 | w=0.322 c1=2.500 c2=0.500
DQN-PSO iter 800/1000 | Fitness: 1868.84 | w=0.109 c1=2.500 c2=0.500
DQN-PSO iter 750/1000 | Fitness: 1642.85 | w=0.100 c1=1.900 c2=1.100
DQN-PSO iter 900/1000 | Fitness: 1582.09 | w=0.400 c1=0.800 c2=2.350
DQN-PSO iter 750/1000 | Fitness: 2064.90 | w=0.457 c1=2.200 c2=0.850
DQN-PSO iter 800/1000 | Fitness: 1616.32 | w=0.826 c1=1.650 c2=1.500
DQN-PSO iter 1000/1000 | Fitness: 1963.92 | w=0.900 c1=2.500 c2=0.500
DQN-PSO completed with final fitness: 1963.9188

========== Planning Complete ==========
Algorithm: DQN_PSO
Execution time: 132.4501 seconds
Path length: 180.7664 units
Waypoints: 7
Best fitness: 1963.9188
========================================


========== Direct Global Planning ==========
Algorithm: SAC-SAPSO (Paper)
Start: [10.0, 95.0, 10.0]
Goal:  [97.0, 2.0, 10.0]
============================================


============================================
SAC-SAPSO (Paper) Global Path Planning
============================================

DQN-PSO iter 750/1000 | Fitness: 1589.41 | w=0.648 c1=2.500 c2=0.500
DQN-PSO iter 800/1000 | Fitness: 1537.04 | w=0.900 c1=2.500 c2=0.500
  [Iter  50/1000] Best: 1901.9601
DQN-PSO iter 800/1000 | Fitness: 1737.19 | w=0.100 c1=2.300 c2=0.700
DQN-PSO iter 800/1000 | Fitness: 1570.65 | w=0.900 c1=2.500 c2=0.500
DQN-PSO iter 800/1000 | Fitness: 1691.93 | w=0.900 c1=2.500 c2=0.500
  [Iter 100/1000] Best: 1791.9937
DQN-PSO iter 750/1000 | Fitness: 1759.10 | w=0.877 c1=2.500 c2=0.500
  [Iter 150/1000] Best: 1707.9032
DQN-PSO iter 950/1000 | Fitness: 1762.41 | w=0.100 c1=2.350 c2=0.600
DQN-PSO iter 800/1000 | Fitness: 1973.38 | w=0.191 c1=2.500 c2=0.500
DQN-PSO iter 850/1000 | Fitness: 1868.84 | w=0.400 c1=2.500 c2=0.500
  [Iter 200/1000] Best: 1685.4614
DQN-PSO iter 800/1000 | Fitness: 1642.73 | w=0.403 c1=2.500 c2=0.500
  [Iter 250/1000] Best: 1666.7586
  [Iter 300/1000] Best: 1666.7586
DQN-PSO iter 950/1000 | Fitness: 1582.09 | w=0.533 c1=0.600 c2=2.400
  [Iter 350/1000] Best: 1666.7586
  [Iter 400/1000] Best: 1666.7586
  [Iter 450/1000] Best: 1666.7586
DQN-PSO iter 800/1000 | Fitness: 2064.79 | w=0.400 c1=2.450 c2=0.650
DQN-PSO iter 850/1000 | Fitness: 1616.32 | w=0.400 c1=0.700 c2=2.350
  [Iter 500/1000] Best: 1663.6625
DQN-PSO iter 800/1000 | Fitness: 1589.38 | w=0.808 c1=2.500 c2=0.500
  [Iter 550/1000] Best: 1649.3525
DQN-PSO iter 850/1000 | Fitness: 1536.98 | w=0.408 c1=2.500 c2=0.500
DQN-PSO iter 850/1000 | Fitness: 1570.65 | w=0.900 c1=2.500 c2=0.500
  [Iter 600/1000] Best: 1649.3525
DQN-PSO iter 850/1000 | Fitness: 1736.89 | w=0.120 c1=2.500 c2=0.500
DQN-PSO iter 800/1000 | Fitness: 1759.10 | w=0.100 c1=2.400 c2=0.600
  [Iter 650/1000] Best: 1649.3525
DQN-PSO iter 850/1000 | Fitness: 1691.00 | w=0.900 c1=2.400 c2=0.500
DQN-PSO iter 1000/1000 | Fitness: 1762.41 | w=0.436 c1=2.250 c2=1.000
DQN-PSO completed with final fitness: 1762.4093

========== Planning Complete ==========
Algorithm: DQN_PSO
Execution time: 131.5691 seconds
Path length: 155.4356 units
Waypoints: 7
Best fitness: 1762.4093
========================================


========== Direct Global Planning ==========
Algorithm: SAC-SAPSO (Paper)
Start: [10.0, 95.0, 10.0]
Goal:  [97.0, 2.0, 10.0]
============================================


============================================
SAC-SAPSO (Paper) Global Path Planning
============================================

  [Iter 700/1000] Best: 1646.5502
DQN-PSO iter 850/1000 | Fitness: 1973.38 | w=0.158 c1=2.500 c2=0.500
  [Iter 750/1000] Best: 1627.2021
DQN-PSO iter 900/1000 | Fitness: 1868.84 | w=0.400 c1=2.200 c2=0.850
  [Iter  50/1000] Best: 2006.8563
  [Iter 800/1000] Best: 1627.2021
DQN-PSO iter 850/1000 | Fitness: 1642.73 | w=0.339 c1=2.500 c2=0.500
  [Iter 100/1000] Best: 2006.8562
  [Iter 850/1000] Best: 1627.2021
  [Iter 150/1000] Best: 2006.8562
DQN-PSO iter 1000/1000 | Fitness: 1582.09 | w=0.404 c1=0.900 c2=2.100
DQN-PSO completed with final fitness: 1582.0908

========== Planning Complete ==========
Algorithm: DQN_PSO
Execution time: 130.5456 seconds
Path length: 154.8598 units
Waypoints: 7
Best fitness: 1582.0908
========================================


========== Direct Global Planning ==========
Algorithm: SAC-SAPSO (Paper)
Start: [10.0, 95.0, 10.0]
Goal:  [97.0, 2.0, 10.0]
============================================


============================================
SAC-SAPSO (Paper) Global Path Planning
============================================

  [Iter 900/1000] Best: 1627.2021
  [Iter 200/1000] Best: 2006.8562
  [Iter 950/1000] Best: 1627.2021
  [Iter 250/1000] Best: 2006.8562
  [Iter  50/1000] Best: 1755.2368
  [Iter 1000/1000] Best: 1627.2021

========== Planning Complete ==========
Algorithm: SAC-SAPSO (Paper)
Execution time: 13.0205 seconds
Path length: 151.1635 units
Waypoints: 7
Best fitness: 1627.2021
========================================


========== Direct Global Planning ==========
Algorithm: PPO-PSO
Start: [10.0, 95.0, 10.0]
Goal:  [97.0, 2.0, 10.0]
============================================


============================================
PPO-PSO Global Path Planning
============================================

  [Iter 300/1000] Best: 2006.8562
  [Iter 100/1000] Best: 1732.2175
DQN-PSO iter 850/1000 | Fitness: 2064.79 | w=0.503 c1=2.500 c2=0.500
  [Iter 350/1000] Best: 2006.8562
  [Iter 400/1000] Best: 2006.8562
  [Iter 150/1000] Best: 1718.9098
DQN-PSO iter 850/1000 | Fitness: 1584.51 | w=0.100 c1=2.300 c2=0.700
DQN-PSO iter 900/1000 | Fitness: 1616.32 | w=0.900 c1=1.200 c2=1.400
DQN-PSO iter 900/1000 | Fitness: 1570.65 | w=0.900 c1=2.050 c2=0.900
  [Iter 200/1000] Best: 1718.8155
DQN-PSO iter 900/1000 | Fitness: 1736.82 | w=0.100 c1=2.050 c2=0.900
DQN-PSO iter 900/1000 | Fitness: 1536.96 | w=0.407 c1=2.400 c2=0.600
  [Iter 450/1000] Best: 2006.8562
  [Iter 500/1000] Best: 2006.8562
  [Iter 250/1000] Best: 1718.8155
  [Iter  50/1000] Best: 1815.1908
DQN-PSO iter 900/1000 | Fitness: 1973.37 | w=0.426 c1=2.500 c2=0.600
DQN-PSO iter 900/1000 | Fitness: 1690.86 | w=0.900 c1=2.400 c2=0.500
DQN-PSO iter 850/1000 | Fitness: 1759.10 | w=0.786 c1=2.500 c2=0.500
  [Iter 300/1000] Best: 1714.0268
  [Iter 550/1000] Best: 2006.8562
  [Iter 350/1000] Best: 1714.0268
DQN-PSO iter 900/1000 | Fitness: 1642.73 | w=0.260 c1=2.400 c2=0.600
DQN-PSO iter 950/1000 | Fitness: 1868.84 | w=0.403 c1=2.200 c2=0.900
  [Iter 600/1000] Best: 2006.8562
  [Iter 400/1000] Best: 1714.0268
  [Iter 650/1000] Best: 2006.8562
  [Iter 700/1000] Best: 2006.8562
  [Iter 450/1000] Best: 1714.0268
  [Iter 750/1000] Best: 2006.8562
  [Iter 500/1000] Best: 1712.0683
  [Iter 800/1000] Best: 2006.8562
  [Iter 550/1000] Best: 1712.0683
  [Iter 100/1000] Best: 1684.8903
  [Iter 850/1000] Best: 2006.8562
  [Iter 600/1000] Best: 1711.1327
  [Iter 900/1000] Best: 2006.8562
  [Iter 650/1000] Best: 1710.9720
DQN-PSO iter 900/1000 | Fitness: 2064.79 | w=0.900 c1=2.500 c2=0.500
DQN-PSO iter 900/1000 | Fitness: 1584.14 | w=0.900 c1=2.500 c2=0.500
  [Iter 950/1000] Best: 2006.8562
  [Iter 700/1000] Best: 1710.9720
DQN-PSO iter 950/1000 | Fitness: 1570.65 | w=0.900 c1=2.450 c2=0.500
  [Iter 750/1000] Best: 1710.9720
DQN-PSO iter 950/1000 | Fitness: 1616.32 | w=0.400 c1=1.450 c2=0.900
  [Iter 1000/1000] Best: 2006.8562

========== Planning Complete ==========
Algorithm: SAC-SAPSO (Paper)
Execution time: 13.1906 seconds
Path length: 170.6642 units
Waypoints: 7
Best fitness: 2006.8562
========================================


========== Direct Global Planning ==========
Algorithm: PPO-PSO
Start: [10.0, 95.0, 10.0]
Goal:  [97.0, 2.0, 10.0]
============================================


============================================
PPO-PSO Global Path Planning
============================================

DQN-PSO iter 950/1000 | Fitness: 1736.74 | w=0.100 c1=2.400 c2=0.600
DQN-PSO iter 950/1000 | Fitness: 1532.77 | w=0.900 c1=2.450 c2=0.500
  [Iter 800/1000] Best: 1710.9720
DQN-PSO iter 950/1000 | Fitness: 1973.18 | w=0.900 c1=2.500 c2=0.500
  [Iter 850/1000] Best: 1710.9720
  [Iter 150/1000] Best: 1616.8006
DQN-PSO iter 900/1000 | Fitness: 1759.09 | w=0.900 c1=2.500 c2=0.500
  [Iter 900/1000] Best: 1703.4029
DQN-PSO iter 950/1000 | Fitness: 1690.50 | w=0.313 c1=2.500 c2=0.500
DQN-PSO iter 950/1000 | Fitness: 1642.73 | w=0.400 c1=2.500 c2=0.500
DQN-PSO iter 1000/1000 | Fitness: 1868.84 | w=0.100 c1=2.400 c2=0.600
DQN-PSO completed with final fitness: 1868.8393

========== Planning Complete ==========
Algorithm: DQN_PSO
Execution time: 131.1871 seconds
Path length: 166.1254 units
Waypoints: 7
Best fitness: 1868.8393
========================================


========== Direct Global Planning ==========
Algorithm: SAC-SAPSO (Paper)
Start: [10.0, 95.0, 10.0]
Goal:  [97.0, 2.0, 10.0]
============================================


============================================
SAC-SAPSO (Paper) Global Path Planning
============================================

  [Iter  50/1000] Best: 1783.4302
  [Iter 950/1000] Best: 1692.0972
  [Iter 1000/1000] Best: 1690.5522

========== Planning Complete ==========
Algorithm: SAC-SAPSO (Paper)
Execution time: 13.1184 seconds
Path length: 160.4339 units
Waypoints: 7
Best fitness: 1690.5522
========================================


========== Direct Global Planning ==========
Algorithm: PPO-PSO
Start: [10.0, 95.0, 10.0]
Goal:  [97.0, 2.0, 10.0]
============================================


============================================
PPO-PSO Global Path Planning
============================================

  [Iter  50/1000] Best: 1996.4043
  [Iter 100/1000] Best: 1990.0287
  [Iter 200/1000] Best: 1600.9557
  [Iter 150/1000] Best: 1986.7882
  [Iter 200/1000] Best: 1986.7542
  [Iter  50/1000] Best: 1678.2020
DQN-PSO iter 950/1000 | Fitness: 2064.79 | w=0.601 c1=2.500 c2=0.500
  [Iter 250/1000] Best: 1986.7385
DQN-PSO iter 1000/1000 | Fitness: 1570.65 | w=0.100 c1=2.400 c2=0.600
DQN-PSO completed with final fitness: 1570.645

========== Planning Complete ==========
Algorithm: DQN_PSO
Execution time: 130.5713 seconds
Path length: 159.9941 units
Waypoints: 7
Best fitness: 1570.6450
========================================

DQN-PSO iter 950/1000 | Fitness: 1583.60 | w=0.401 c1=2.500 c2=0.550
  [Iter 300/1000] Best: 1986.7384
  [Iter 100/1000] Best: 1665.5281

========== Direct Global Planning ==========
Algorithm: SAC-SAPSO (Paper)
Start: [10.0, 95.0, 10.0]
Goal:  [97.0, 2.0, 10.0]
============================================


============================================
SAC-SAPSO (Paper) Global Path Planning
============================================

  [Iter 250/1000] Best: 1598.0780
  [Iter 350/1000] Best: 1986.7383
DQN-PSO iter 1000/1000 | Fitness: 1616.32 | w=0.100 c1=1.950 c2=0.800
DQN-PSO completed with final fitness: 1616.3229

========== Planning Complete ==========
Algorithm: DQN_PSO
Execution time: 132.0235 seconds
Path length: 151.3654 units
Waypoints: 7
Best fitness: 1616.3229
========================================


========== Direct Global Planning ==========
Algorithm: SAC-SAPSO (Paper)
Start: [10.0, 95.0, 10.0]
Goal:  [97.0, 2.0, 10.0]
============================================


============================================
SAC-SAPSO (Paper) Global Path Planning
============================================

DQN-PSO iter 1000/1000 | Fitness: 1736.67 | w=0.433 c1=2.500 c2=0.500
DQN-PSO completed with final fitness: 1736.6674

========== Planning Complete ==========
Algorithm: DQN_PSO
Execution time: 131.4682 seconds
Path length: 189.3848 units
Waypoints: 7
Best fitness: 1736.6674
========================================


========== Direct Global Planning ==========
Algorithm: SAC-SAPSO (Paper)
Start: [10.0, 95.0, 10.0]
Goal:  [97.0, 2.0, 10.0]
============================================


============================================
SAC-SAPSO (Paper) Global Path Planning
============================================

DQN-PSO iter 1000/1000 | Fitness: 1532.75 | w=0.400 c1=2.500 c2=0.500
DQN-PSO completed with final fitness: 1532.7511

========== Planning Complete ==========
Algorithm: DQN_PSO
Execution time: 131.2613 seconds
Path length: 152.2356 units
Waypoints: 7
Best fitness: 1532.7511
========================================


========== Direct Global Planning ==========
Algorithm: SAC-SAPSO (Paper)
Start: [10.0, 95.0, 10.0]
Goal:  [97.0, 2.0, 10.0]
============================================


============================================
SAC-SAPSO (Paper) Global Path Planning
============================================

  [Iter  50/1000] Best: 1883.4161
DQN-PSO iter 1000/1000 | Fitness: 1970.29 | w=0.900 c1=2.500 c2=0.500
DQN-PSO completed with final fitness: 1970.2935

========== Planning Complete ==========
Algorithm: DQN_PSO
Execution time: 129.5792 seconds
Path length: 165.5572 units
Waypoints: 7
Best fitness: 1970.2935
========================================


========== Direct Global Planning ==========
Algorithm: SAC-SAPSO (Paper)
Start: [10.0, 95.0, 10.0]
Goal:  [97.0, 2.0, 10.0]
============================================


============================================
SAC-SAPSO (Paper) Global Path Planning
============================================

  [Iter 400/1000] Best: 1986.7318
  [Iter  50/1000] Best: 1863.2630
  [Iter  50/1000] Best: 1800.9509
  [Iter 100/1000] Best: 1648.6126
  [Iter 450/1000] Best: 1978.8265
  [Iter  50/1000] Best: 2025.0331
DQN-PSO iter 950/1000 | Fitness: 1759.09 | w=0.110 c1=2.500 c2=0.500
  [Iter 100/1000] Best: 1795.4862
  [Iter 150/1000] Best: 1646.8699
  [Iter  50/1000] Best: 1752.6281
  [Iter 100/1000] Best: 1799.8122
DQN-PSO iter 1000/1000 | Fitness: 1642.73 | w=0.653 c1=2.500 c2=0.550
DQN-PSO completed with final fitness: 1642.7262

========== Planning Complete ==========
Algorithm: DQN_PSO
Execution time: 131.3829 seconds
Path length: 163.1495 units
Waypoints: 7
Best fitness: 1642.7262
========================================


========== Direct Global Planning ==========
Algorithm: SAC-SAPSO (Paper)
Start: [10.0, 95.0, 10.0]
Goal:  [97.0, 2.0, 10.0]
============================================


============================================
SAC-SAPSO (Paper) Global Path Planning
============================================

DQN-PSO iter 1000/1000 | Fitness: 1690.42 | w=0.900 c1=2.500 c2=0.500
DQN-PSO completed with final fitness: 1690.424

========== Planning Complete ==========
Algorithm: DQN_PSO
Execution time: 136.6198 seconds
Path length: 167.6880 units
Waypoints: 7
Best fitness: 1690.4240
========================================


========== Direct Global Planning ==========
Algorithm: SAC-SAPSO (Paper)
Start: [10.0, 95.0, 10.0]
Goal:  [97.0, 2.0, 10.0]
============================================


============================================
SAC-SAPSO (Paper) Global Path Planning
============================================

  [Iter 100/1000] Best: 1814.1018
  [Iter 100/1000] Best: 1636.0716
  [Iter 100/1000] Best: 1644.3076
  [Iter 500/1000] Best: 1938.5035
  [Iter 150/1000] Best: 1781.4237
  [Iter 150/1000] Best: 1776.5002
  [Iter 200/1000] Best: 1646.8699
  [Iter 150/1000] Best: 1783.8456
  [Iter 200/1000] Best: 1780.6588
  [Iter 550/1000] Best: 1938.4824
  [Iter  50/1000] Best: 1843.5872
  [Iter 150/1000] Best: 1644.3076
  [Iter 200/1000] Best: 1776.4847
  [Iter 250/1000] Best: 1646.2710
  [Iter  50/1000] Best: 1919.1597
  [Iter 200/1000] Best: 1783.6669
  [Iter 200/1000] Best: 1629.9248
  [Iter 600/1000] Best: 1938.4592
  [Iter 150/1000] Best: 1655.9103
  [Iter 250/1000] Best: 1771.8817
  [Iter 300/1000] Best: 1597.5087
  [Iter 100/1000] Best: 1880.8608
  [Iter 100/1000] Best: 1834.5018
  [Iter 300/1000] Best: 1644.4240
  [Iter 250/1000] Best: 1776.4847
  [Iter 250/1000] Best: 1783.6669
  [Iter 250/1000] Best: 1611.5993
  [Iter 300/1000] Best: 1769.6324
  [Iter 300/1000] Best: 1776.4847
  [Iter 650/1000] Best: 1938.4560
  [Iter 350/1000] Best: 1634.4577
  [Iter 150/1000] Best: 1880.4135
  [Iter 150/1000] Best: 1778.5618
  [Iter 300/1000] Best: 1783.6669
  [Iter 400/1000] Best: 1633.3952
  [Iter 300/1000] Best: 1611.5993
  [Iter 350/1000] Best: 1769.6324
  [Iter 350/1000] Best: 1775.1921
  [Iter 200/1000] Best: 1880.4107
  [Iter 700/1000] Best: 1938.4560
  [Iter 200/1000] Best: 1700.9541
  [Iter 350/1000] Best: 1776.0113
  [Iter 350/1000] Best: 1611.5993
  [Iter 250/1000] Best: 1880.3592
  [Iter 450/1000] Best: 1633.3500
  [Iter 400/1000] Best: 1769.6324
  [Iter 400/1000] Best: 1775.1921
  [Iter 250/1000] Best: 1675.5671
  [Iter 400/1000] Best: 1611.5993
DQN-PSO iter 1000/1000 | Fitness: 2064.79 | w=0.271 c1=2.500 c2=0.500
DQN-PSO completed with final fitness: 2064.7864

========== Planning Complete ==========
Algorithm: DQN_PSO
Execution time: 134.0583 seconds
Path length: 216.0074 units
Waypoints: 7
Best fitness: 2064.7864
========================================

  [Iter 400/1000] Best: 1771.8990
  [Iter 150/1000] Best: 1618.4529
  [Iter 450/1000] Best: 1769.6324

========== Direct Global Planning ==========
Algorithm: SAC-SAPSO (Paper)
Start: [10.0, 95.0, 10.0]
Goal:  [97.0, 2.0, 10.0]
============================================


============================================
SAC-SAPSO (Paper) Global Path Planning
============================================

  [Iter 750/1000] Best: 1938.4558
  [Iter 500/1000] Best: 1633.3309
  [Iter 300/1000] Best: 1880.3584
DQN-PSO iter 1000/1000 | Fitness: 1582.92 | w=0.100 c1=2.400 c2=0.600
DQN-PSO completed with final fitness: 1582.916

========== Planning Complete ==========
Algorithm: DQN_PSO
Execution time: 131.7206 seconds
Path length: 149.6058 units
Waypoints: 7
Best fitness: 1582.9160
========================================


========== Direct Global Planning ==========
Algorithm: SAC-SAPSO (Paper)
Start: [10.0, 95.0, 10.0]
Goal:  [97.0, 2.0, 10.0]
============================================


============================================
SAC-SAPSO (Paper) Global Path Planning
============================================

  [Iter 450/1000] Best: 1775.1921
  [Iter 800/1000] Best: 1938.0384
  [Iter 300/1000] Best: 1657.3072
  [Iter 500/1000] Best: 1769.6324
  [Iter 450/1000] Best: 1758.0203
  [Iter 550/1000] Best: 1633.0808
  [Iter 450/1000] Best: 1585.4621
  [Iter 350/1000] Best: 1880.3583
  [Iter 550/1000] Best: 1769.6324
  [Iter  50/1000] Best: 1830.4981
  [Iter 500/1000] Best: 1775.1921
  [Iter 850/1000] Best: 1935.4917
  [Iter 350/1000] Best: 1651.4896
  [Iter 500/1000] Best: 1576.3834
  [Iter 500/1000] Best: 1749.5341
  [Iter 600/1000] Best: 1633.0274
  [Iter 350/1000] Best: 1597.4018
  [Iter 200/1000] Best: 1650.7717
  [Iter  50/1000] Best: 1967.3482
  [Iter 900/1000] Best: 1935.4852
  [Iter 600/1000] Best: 1769.6324
  [Iter 100/1000] Best: 1825.2253
  [Iter 550/1000] Best: 1775.1921
  [Iter 400/1000] Best: 1880.3583
  [Iter 400/1000] Best: 1650.6254
  [Iter 550/1000] Best: 1575.9324
  [Iter 950/1000] Best: 1935.4851
  [Iter 550/1000] Best: 1747.9658
  [Iter 650/1000] Best: 1632.5162
  [Iter 100/1000] Best: 1966.7518
  [Iter 600/1000] Best: 1775.1921
  [Iter 450/1000] Best: 1880.3582
DQN-PSO iter 1000/1000 | Fitness: 1759.02 | w=0.100 c1=2.400 c2=0.600
DQN-PSO completed with final fitness: 1759.022

========== Planning Complete ==========
Algorithm: DQN_PSO
Execution time: 135.7632 seconds
Path length: 156.0613 units
Waypoints: 7
Best fitness: 1759.0220
========================================


========== Direct Global Planning ==========
Algorithm: SAC-SAPSO (Paper)
Start: [10.0, 95.0, 10.0]
Goal:  [97.0, 2.0, 10.0]
============================================


============================================
SAC-SAPSO (Paper) Global Path Planning
============================================

  [Iter 600/1000] Best: 1575.9324
  [Iter 650/1000] Best: 1769.6324
  [Iter 150/1000] Best: 1823.2635
  [Iter 450/1000] Best: 1649.8895
  [Iter 600/1000] Best: 1745.9433
  [Iter 700/1000] Best: 1632.3464
  [Iter 150/1000] Best: 1966.7518
  [Iter 200/1000] Best: 1822.9811
  [Iter 650/1000] Best: 1775.1921
  [Iter 1000/1000] Best: 1930.1880

========== Planning Complete ==========
Algorithm: SAC-SAPSO (Paper)
Execution time: 15.1858 seconds
Path length: 201.0527 units
Waypoints: 7
Best fitness: 1930.1880
========================================


========== Direct Global Planning ==========
Algorithm: PPO-PSO
Start: [10.0, 95.0, 10.0]
Goal:  [97.0, 2.0, 10.0]
============================================


============================================
PPO-PSO Global Path Planning
============================================

  [Iter 700/1000] Best: 1769.6324
  [Iter 500/1000] Best: 1880.3582
  [Iter 500/1000] Best: 1649.0264
  [Iter 650/1000] Best: 1745.7723
  [Iter 200/1000] Best: 1966.7518
  [Iter 650/1000] Best: 1575.9324
  [Iter 750/1000] Best: 1632.3380
  [Iter  50/1000] Best: 2230.7314
  [Iter 200/1000] Best: 1616.2525
  [Iter 250/1000] Best: 1822.1791
  [Iter 700/1000] Best: 1775.1921
  [Iter 550/1000] Best: 1880.3582
  [Iter 550/1000] Best: 1648.0119
  [Iter 750/1000] Best: 1769.6324
  [Iter 700/1000] Best: 1745.7723
  [Iter 250/1000] Best: 1650.5255
  [Iter 100/1000] Best: 2230.7314
  [Iter 700/1000] Best: 1575.9324
  [Iter 800/1000] Best: 1632.3380
  [Iter 250/1000] Best: 1966.7518
  [Iter 800/1000] Best: 1769.6324
  [Iter 300/1000] Best: 1820.7421
  [Iter 750/1000] Best: 1775.1921
  [Iter 600/1000] Best: 1880.3582
  [Iter 600/1000] Best: 1647.7572
  [Iter 750/1000] Best: 1745.2766
  [Iter 750/1000] Best: 1575.9324
  [Iter 850/1000] Best: 1632.3380
  [Iter 300/1000] Best: 1966.7518
  [Iter 150/1000] Best: 2230.7314
  [Iter 850/1000] Best: 1766.3315
  [Iter 350/1000] Best: 1816.3332
  [Iter 800/1000] Best: 1775.1921
  [Iter 650/1000] Best: 1647.6235
  [Iter 800/1000] Best: 1736.7668
  [Iter 400/1000] Best: 1597.2353
  [Iter 650/1000] Best: 1880.3582
  [Iter 200/1000] Best: 2230.7311
  [Iter 800/1000] Best: 1575.9324
  [Iter 900/1000] Best: 1632.3380
  [Iter 350/1000] Best: 1966.7518
  [Iter 850/1000] Best: 1775.1921
  [Iter 850/1000] Best: 1731.5581
  [Iter 250/1000] Best: 1612.2669
  [Iter 400/1000] Best: 1795.9741
  [Iter 700/1000] Best: 1880.3582
  [Iter  50/1000] Best: 1743.5069
  [Iter 700/1000] Best: 1647.6235
  [Iter 850/1000] Best: 1574.0094
  [Iter 900/1000] Best: 1765.3483
  [Iter 950/1000] Best: 1632.3380
  [Iter 400/1000] Best: 1966.7518
  [Iter 250/1000] Best: 2158.1225
  [Iter 950/1000] Best: 1709.6645
  [Iter 450/1000] Best: 1780.9693
  [Iter 900/1000] Best: 1775.1921
  [Iter 900/1000] Best: 1731.3729
  [Iter 750/1000] Best: 1880.3582
  [Iter 750/1000] Best: 1647.6235
  [Iter 900/1000] Best: 1571.1087
  [Iter 1000/1000] Best: 1632.3380

========== Planning Complete ==========
Algorithm: SAC-SAPSO (Paper)
Execution time: 14.5167 seconds
Path length: 155.9384 units
Waypoints: 7
Best fitness: 1632.3380
========================================


========== Direct Global Planning ==========
Algorithm: PPO-PSO
Start: [10.0, 95.0, 10.0]
Goal:  [97.0, 2.0, 10.0]
============================================


============================================
PPO-PSO Global Path Planning
============================================

  [Iter 300/1000] Best: 2158.1225
  [Iter 450/1000] Best: 1966.7518
  [Iter 500/1000] Best: 1769.0102
  [Iter 950/1000] Best: 1775.1921
  [Iter 1000/1000] Best: 1705.4100

========== Planning Complete ==========
Algorithm: SAC-SAPSO (Paper)
Execution time: 14.2036 seconds
Path length: 180.7670 units
Waypoints: 7
Best fitness: 1705.4100
========================================


========== Direct Global Planning ==========
Algorithm: PPO-PSO
Start: [10.0, 95.0, 10.0]
Goal:  [97.0, 2.0, 10.0]
============================================


============================================
PPO-PSO Global Path Planning
============================================

  [Iter 800/1000] Best: 1647.6235
  [Iter 950/1000] Best: 1729.9543
  [Iter 800/1000] Best: 1880.3582
  [Iter 950/1000] Best: 1571.1087
  [Iter 550/1000] Best: 1768.0604
  [Iter 850/1000] Best: 1647.6235
  [Iter 350/1000] Best: 2158.1225
  [Iter 500/1000] Best: 1966.7518
  [Iter 1000/1000] Best: 1775.1921

========== Planning Complete ==========
Algorithm: SAC-SAPSO (Paper)
Execution time: 14.5150 seconds
Path length: 178.3582 units
Waypoints: 7
Best fitness: 1775.1921
========================================


========== Direct Global Planning ==========
Algorithm: PPO-PSO
Start: [10.0, 95.0, 10.0]
Goal:  [97.0, 2.0, 10.0]
============================================


============================================
PPO-PSO Global Path Planning
============================================

  [Iter 300/1000] Best: 1650.0785
  [Iter 600/1000] Best: 1767.8875
  [Iter 850/1000] Best: 1880.3582
  [Iter 1000/1000] Best: 1708.8898

========== Planning Complete ==========
Algorithm: SAC-SAPSO (Paper)
Execution time: 14.6647 seconds
Path length: 157.5527 units
Waypoints: 7
Best fitness: 1708.8898
========================================


========== Direct Global Planning ==========
Algorithm: PPO-PSO
Start: [10.0, 95.0, 10.0]
Goal:  [97.0, 2.0, 10.0]
============================================


============================================
PPO-PSO Global Path Planning
============================================

  [Iter 550/1000] Best: 1966.7518
  [Iter 1000/1000] Best: 1571.1087

========== Planning Complete ==========
Algorithm: SAC-SAPSO (Paper)
Execution time: 14.3928 seconds
Path length: 152.9005 units
Waypoints: 7
Best fitness: 1571.1087
========================================


========== Direct Global Planning ==========
Algorithm: PPO-PSO
Start: [10.0, 95.0, 10.0]
Goal:  [97.0, 2.0, 10.0]
============================================


============================================
PPO-PSO Global Path Planning
============================================

  [Iter 900/1000] Best: 1647.6235
  [Iter 400/1000] Best: 2158.1225
  [Iter 900/1000] Best: 1880.3582
  [Iter 650/1000] Best: 1765.3320
  [Iter 950/1000] Best: 1647.6235
  [Iter 450/1000] Best: 2158.1225
  [Iter 600/1000] Best: 1966.7518
  [Iter 450/1000] Best: 1594.8078
  [Iter 950/1000] Best: 1880.3582
  [Iter 300/1000] Best: 1609.6468
  [Iter 700/1000] Best: 1715.8656
  [Iter  50/1000] Best: 1645.8633
  [Iter 500/1000] Best: 2158.1225
  [Iter 650/1000] Best: 1966.7518
  [Iter 1000/1000] Best: 1647.6235

========== Planning Complete ==========
Algorithm: SAC-SAPSO (Paper)
Execution time: 14.7340 seconds
Path length: 159.6366 units
Waypoints: 7
Best fitness: 1647.6235
========================================


========== Direct Global Planning ==========
Algorithm: PPO-PSO
Start: [10.0, 95.0, 10.0]
Goal:  [97.0, 2.0, 10.0]
============================================


============================================
PPO-PSO Global Path Planning
============================================

  [Iter  50/1000] Best: 1543.9518
  [Iter 750/1000] Best: 1697.3520
  [Iter 1000/1000] Best: 1880.3582

========== Planning Complete ==========
Algorithm: SAC-SAPSO (Paper)
Execution time: 14.6843 seconds
Path length: 167.2293 units
Waypoints: 7
Best fitness: 1880.3582
========================================


========== Direct Global Planning ==========
Algorithm: PPO-PSO
Start: [10.0, 95.0, 10.0]
Goal:  [97.0, 2.0, 10.0]
============================================


============================================
PPO-PSO Global Path Planning
============================================

  [Iter 100/1000] Best: 1576.3625
  [Iter 700/1000] Best: 1966.7518
  [Iter  50/1000] Best: 1572.7248
  [Iter 550/1000] Best: 2158.1225
  [Iter  50/1000] Best: 1567.4319
  [Iter 750/1000] Best: 1962.8012
  [Iter  50/1000] Best: 1927.9935
  [Iter 800/1000] Best: 1696.4259
  [Iter 600/1000] Best: 2158.1225
  [Iter 500/1000] Best: 1594.7556
  [Iter 850/1000] Best: 1696.4259
  [Iter 650/1000] Best: 2140.8252
  [Iter 800/1000] Best: 1953.4190
  [Iter 350/1000] Best: 1641.4973
  [Iter 850/1000] Best: 1950.9666
  [Iter 900/1000] Best: 1696.4259
  [Iter  50/1000] Best: 1681.1282
  [Iter 950/1000] Best: 1695.5019
  [Iter 700/1000] Best: 2140.8252
  [Iter 900/1000] Best: 1950.9666
  [Iter  50/1000] Best: 1726.8558
  [Iter 1000/1000] Best: 1695.5014

========== Planning Complete ==========
Algorithm: SAC-SAPSO (Paper)
Execution time: 14.0929 seconds
Path length: 189.0673 units
Waypoints: 7
Best fitness: 1695.5014
========================================


========== Direct Global Planning ==========
Algorithm: PPO-PSO
Start: [10.0, 95.0, 10.0]
Goal:  [97.0, 2.0, 10.0]
============================================


============================================
PPO-PSO Global Path Planning
============================================

  [Iter 750/1000] Best: 2140.8252
  [Iter 350/1000] Best: 1608.8353
  [Iter 950/1000] Best: 1950.9666
  [Iter 100/1000] Best: 1628.7571
  [Iter 100/1000] Best: 1511.2320
  [Iter 150/1000] Best: 1554.1469
  [Iter 800/1000] Best: 2140.8252
  [Iter 100/1000] Best: 1557.1697
  [Iter 1000/1000] Best: 1950.9666

========== Planning Complete ==========
Algorithm: SAC-SAPSO (Paper)
Execution time: 14.8914 seconds
Path length: 160.1177 units
Waypoints: 7
Best fitness: 1950.9666
========================================


========== Direct Global Planning ==========
Algorithm: PPO-PSO
Start: [10.0, 95.0, 10.0]
Goal:  [97.0, 2.0, 10.0]
============================================


============================================
PPO-PSO Global Path Planning
============================================

  [Iter 100/1000] Best: 1542.9394
  [Iter 850/1000] Best: 2140.8252
  [Iter 100/1000] Best: 1733.6317
  [Iter 550/1000] Best: 1594.6863
  [Iter 900/1000] Best: 2140.8252
  [Iter  50/1000] Best: 1771.3658
  [Iter 400/1000] Best: 1625.1928
  [Iter 950/1000] Best: 2140.8252
  [Iter 100/1000] Best: 1604.4725
  [Iter 1000/1000] Best: 2140.8252

========== Planning Complete ==========
Algorithm: SAC-SAPSO (Paper)
Execution time: 14.9320 seconds
Path length: 229.8894 units
Waypoints: 7
Best fitness: 2140.8252
========================================


========== Direct Global Planning ==========
Algorithm: PPO-PSO
Start: [10.0, 95.0, 10.0]
Goal:  [97.0, 2.0, 10.0]
============================================


============================================
PPO-PSO Global Path Planning
============================================

  [Iter  50/1000] Best: 1680.0489
  [Iter 100/1000] Best: 1676.0259
  [Iter 200/1000] Best: 1549.3285
  [Iter 400/1000] Best: 1608.4536
  [Iter 150/1000] Best: 1509.4410
  [Iter 150/1000] Best: 1618.0096
  [Iter 150/1000] Best: 1555.4633
  [Iter 150/1000] Best: 1530.3708
  [Iter 150/1000] Best: 1669.4174
  [Iter 600/1000] Best: 1594.6779
  [Iter 450/1000] Best: 1621.2868
  [Iter  50/1000] Best: 1539.8345
  [Iter 100/1000] Best: 1601.6428
  [Iter 250/1000] Best: 1548.2298
  [Iter 150/1000] Best: 1597.0803
  [Iter 450/1000] Best: 1606.9952
  [Iter 150/1000] Best: 1623.8192
  [Iter 100/1000] Best: 1471.3535
  [Iter 200/1000] Best: 1509.2927
  [Iter 500/1000] Best: 1620.6852
  [Iter 200/1000] Best: 1610.5583
  [Iter 200/1000] Best: 1553.6877
  [Iter 200/1000] Best: 1660.7795
  [Iter 200/1000] Best: 1529.2976
  [Iter 650/1000] Best: 1594.6719
  [Iter 500/1000] Best: 1604.3754
  [Iter 250/1000] Best: 1509.2898
  [Iter 300/1000] Best: 1544.0458
  [Iter 250/1000] Best: 1609.7725
  [Iter 100/1000] Best: 1319.5057
  [Iter 150/1000] Best: 1593.9087
  [Iter 250/1000] Best: 1553.4056
  [Iter 200/1000] Best: 1593.1227
  [Iter 250/1000] Best: 1655.6721
  [Iter 200/1000] Best: 1606.1902
  [Iter 250/1000] Best: 1529.2814
  [Iter 150/1000] Best: 1458.5914
  [Iter 700/1000] Best: 1594.6628
  [Iter 250/1000] Best: 1590.2315
  [Iter 550/1000] Best: 1620.5522
  [Iter 300/1000] Best: 1509.2897
  [Iter 200/1000] Best: 1593.2477
  [Iter 250/1000] Best: 1604.6546
  [Iter 350/1000] Best: 1540.3579
  [Iter 300/1000] Best: 1609.3816
  [Iter 150/1000] Best: 1307.9747
  [Iter 550/1000] Best: 1603.6148
  [Iter 300/1000] Best: 1553.3684
  [Iter 300/1000] Best: 1653.9345
  [Iter 200/1000] Best: 1447.3367
  [Iter 750/1000] Best: 1594.6370
  [Iter 300/1000] Best: 1529.2742
  [Iter 250/1000] Best: 1593.1847
  [Iter 600/1000] Best: 1620.5374
  [Iter 300/1000] Best: 1589.5159
  [Iter 350/1000] Best: 1609.1749
  [Iter 200/1000] Best: 1300.3977
  [Iter 350/1000] Best: 1509.2896
  [Iter 300/1000] Best: 1602.7619
  [Iter 400/1000] Best: 1538.6280
  [Iter 600/1000] Best: 1603.4463
  [Iter 250/1000] Best: 1447.0656
  [Iter 350/1000] Best: 1553.3531
  [Iter 350/1000] Best: 1653.0882
  [Iter 350/1000] Best: 1529.2726
  [Iter 800/1000] Best: 1594.6293
  [Iter 650/1000] Best: 1619.4086
  [Iter 250/1000] Best: 1295.8590
  [Iter 300/1000] Best: 1593.1767
  [Iter 350/1000] Best: 1589.1610
  [Iter 450/1000] Best: 1537.7953
  [Iter 400/1000] Best: 1609.1569
  [Iter 650/1000] Best: 1603.4353
  [Iter 300/1000] Best: 1446.7033
  [Iter 400/1000] Best: 1509.2896
  [Iter 350/1000] Best: 1600.0687
  [Iter 400/1000] Best: 1553.3374
  [Iter 700/1000] Best: 1619.3847
  [Iter 400/1000] Best: 1651.1020
  [Iter 850/1000] Best: 1594.5927
  [Iter 400/1000] Best: 1529.2719
  [Iter 350/1000] Best: 1593.1746
  [Iter 500/1000] Best: 1537.5795
  [Iter 300/1000] Best: 1295.5617
  [Iter 700/1000] Best: 1603.3531
  [Iter 400/1000] Best: 1588.9787
  [Iter 450/1000] Best: 1509.2896
  [Iter 450/1000] Best: 1609.1506
  [Iter 350/1000] Best: 1446.4470
  [Iter 400/1000] Best: 1594.1410
  [Iter 750/1000] Best: 1619.3777
  [Iter 450/1000] Best: 1553.3369
  [Iter 450/1000] Best: 1650.9387
  [Iter 900/1000] Best: 1594.5894
  [Iter 450/1000] Best: 1529.2718
  [Iter 750/1000] Best: 1603.3453
  [Iter 500/1000] Best: 1509.2896
  [Iter 550/1000] Best: 1537.5256
  [Iter 500/1000] Best: 1609.1488
  [Iter 350/1000] Best: 1295.5497
  [Iter 400/1000] Best: 1593.1743
  [Iter 450/1000] Best: 1588.9380
  [Iter 950/1000] Best: 1594.5887
  [Iter 500/1000] Best: 1553.3368
  [Iter 400/1000] Best: 1441.7799
  [Iter 500/1000] Best: 1650.6342
  [Iter 450/1000] Best: 1593.6492
  [Iter 500/1000] Best: 1529.2718
  [Iter 800/1000] Best: 1619.3770
  [Iter 500/1000] Best: 1588.9352
  [Iter 550/1000] Best: 1609.1486
  [Iter 800/1000] Best: 1603.1725
  [Iter 550/1000] Best: 1509.2896
  [Iter 400/1000] Best: 1295.5450
  [Iter 450/1000] Best: 1593.1743
  [Iter 500/1000] Best: 1593.4680
  [Iter 600/1000] Best: 1537.5125
  [Iter 550/1000] Best: 1553.3368
  [Iter 450/1000] Best: 1441.6174
  [Iter 550/1000] Best: 1650.2784
  [Iter 550/1000] Best: 1529.2717
  [Iter 1000/1000] Best: 1594.5810

========== Planning Complete ==========
Algorithm: PPO-PSO
Execution time: 71.4934 seconds
Path length: 152.8211 units
Waypoints: 7
Best fitness: 1594.5810
========================================


========== Direct Global Planning ==========
Algorithm: MPSORL
Start: [10.0, 95.0, 10.0]
Goal:  [97.0, 2.0, 10.0]
============================================

Starting MPSORL (Multi-Strategy Self-Learning PSO) path planning...
  [Iter 850/1000] Best: 1619.3769
  [Iter 500/1000] Best: 1593.1742
  [Iter 550/1000] Best: 1588.8864
  [Iter 850/1000] Best: 1601.2119
  [Iter 500/1000] Best: 1441.2042
  [Iter 600/1000] Best: 1609.1486
  [Iter 600/1000] Best: 1509.2896
  [Iter 550/1000] Best: 1593.4599
  [Iter 650/1000] Best: 1537.4994
  [Iter 450/1000] Best: 1295.5447
MPSORL iteration: 50/1000 - Best fitness: 2441.3883
  [Iter 600/1000] Best: 1553.3368
  [Iter 600/1000] Best: 1649.9475
  [Iter 600/1000] Best: 1529.2717
  [Iter 900/1000] Best: 1619.3769
  [Iter 700/1000] Best: 1537.4991
  [Iter 500/1000] Best: 1295.5447
  [Iter 900/1000] Best: 1601.1498
MPSORL iteration: 100/1000 - Best fitness: 2029.3836
  [Iter 550/1000] Best: 1593.1742
  [Iter 600/1000] Best: 1588.5952
  [Iter 650/1000] Best: 1609.1485
  [Iter 650/1000] Best: 1509.2896
  [Iter 600/1000] Best: 1593.4215
  [Iter 550/1000] Best: 1441.1839
  [Iter 950/1000] Best: 1619.3769
MPSORL iteration: 150/1000 - Best fitness: 1903.5447
  [Iter 650/1000] Best: 1553.3368
  [Iter 650/1000] Best: 1649.9133
  [Iter 650/1000] Best: 1529.2717
  [Iter 950/1000] Best: 1601.1035
  [Iter 700/1000] Best: 1609.1485
  [Iter 700/1000] Best: 1509.2896
  [Iter 750/1000] Best: 1537.4991
MPSORL iteration: 200/1000 - Best fitness: 1824.4325
  [Iter 600/1000] Best: 1593.1742
  [Iter 550/1000] Best: 1295.5447
  [Iter 650/1000] Best: 1588.5873
  [Iter 700/1000] Best: 1649.5272
  [Iter 700/1000] Best: 1553.3368
  [Iter 600/1000] Best: 1441.1786
  [Iter 650/1000] Best: 1593.3966
  [Iter 700/1000] Best: 1529.2717
MPSORL iteration: 250/1000 - Best fitness: 1778.3603
  [Iter 700/1000] Best: 1588.5517
  [Iter 1000/1000] Best: 1619.3769

========== Planning Complete ==========
Algorithm: PPO-PSO
Execution time: 72.6115 seconds
Path length: 174.8012 units
Waypoints: 7
Best fitness: 1619.3769
========================================


========== Direct Global Planning ==========
Algorithm: MPSORL
Start: [10.0, 95.0, 10.0]
Goal:  [97.0, 2.0, 10.0]
============================================

Starting MPSORL (Multi-Strategy Self-Learning PSO) path planning...
  [Iter 750/1000] Best: 1609.1485
  [Iter 750/1000] Best: 1509.2896
  [Iter 800/1000] Best: 1537.4990
  [Iter 600/1000] Best: 1295.5447
  [Iter 700/1000] Best: 1593.3783
MPSORL iteration: 300/1000 - Best fitness: 1670.4502
  [Iter 650/1000] Best: 1593.1742
  [Iter 1000/1000] Best: 1601.0935

========== Planning Complete ==========
Algorithm: PPO-PSO
Execution time: 71.0039 seconds
Path length: 249.5429 units
Waypoints: 7
Best fitness: 1601.0935
========================================


========== Direct Global Planning ==========
Algorithm: MPSORL
Start: [10.0, 95.0, 10.0]
Goal:  [97.0, 2.0, 10.0]
============================================

Starting MPSORL (Multi-Strategy Self-Learning PSO) path planning...
  [Iter 750/1000] Best: 1649.3393
  [Iter 750/1000] Best: 1553.3368
  [Iter 650/1000] Best: 1441.1773
  [Iter 750/1000] Best: 1529.2715
MPSORL iteration: 50/1000 - Best fitness: 2153.7031
MPSORL iteration: 50/1000 - Best fitness: 2366.299
MPSORL iteration: 350/1000 - Best fitness: 1619.6316
  [Iter 800/1000] Best: 1509.2896
  [Iter 700/1000] Best: 1593.1742
MPSORL iteration: 100/1000 - Best fitness: 1958.5511
  [Iter 700/1000] Best: 1441.1773
  [Iter 750/1000] Best: 1588.5318
  [Iter 800/1000] Best: 1609.1485
  [Iter 650/1000] Best: 1295.5446
  [Iter 750/1000] Best: 1593.3762
  [Iter 850/1000] Best: 1537.4971
MPSORL iteration: 100/1000 - Best fitness: 1922.7073
MPSORL iteration: 400/1000 - Best fitness: 1609.1609
  [Iter 800/1000] Best: 1553.3368
MPSORL iteration: 150/1000 - Best fitness: 1685.31
  [Iter 800/1000] Best: 1649.2722
  [Iter 800/1000] Best: 1529.2712
  [Iter 700/1000] Best: 1295.5032
MPSORL iteration: 450/1000 - Best fitness: 1608.523
MPSORL iteration: 150/1000 - Best fitness: 1799.9783
  [Iter 750/1000] Best: 1593.1742
MPSORL iteration: 200/1000 - Best fitness: 1612.4383
  [Iter 850/1000] Best: 1509.2896
  [Iter 900/1000] Best: 1537.4941
  [Iter 800/1000] Best: 1588.5279
  [Iter 750/1000] Best: 1441.1770
  [Iter 800/1000] Best: 1593.3755
  [Iter 850/1000] Best: 1609.1485
  [Iter 850/1000] Best: 1649.2076
MPSORL iteration: 500/1000 - Best fitness: 1608.0745
  [Iter 850/1000] Best: 1553.3368
MPSORL iteration: 200/1000 - Best fitness: 1709.0676
  [Iter 850/1000] Best: 1529.2712
MPSORL iteration: 250/1000 - Best fitness: 1583.1408
  [Iter 950/1000] Best: 1537.4939
  [Iter 750/1000] Best: 1295.2674
  [Iter 800/1000] Best: 1593.1742
  [Iter 900/1000] Best: 1509.2896
MPSORL iteration: 550/1000 - Best fitness: 1608.0338
MPSORL iteration: 250/1000 - Best fitness: 1615.1516
  [Iter 800/1000] Best: 1441.1760
MPSORL iteration: 300/1000 - Best fitness: 1569.1701
  [Iter 900/1000] Best: 1609.1485
  [Iter 850/1000] Best: 1588.5219
  [Iter 850/1000] Best: 1593.3754
  [Iter 900/1000] Best: 1649.1969
  [Iter 900/1000] Best: 1553.3368
MPSORL iteration: 600/1000 - Best fitness: 1608.0301
MPSORL iteration: 300/1000 - Best fitness: 1581.6017
  [Iter 950/1000] Best: 1509.2896
  [Iter 900/1000] Best: 1529.2712
MPSORL iteration: 350/1000 - Best fitness: 1568.5992
  [Iter 950/1000] Best: 1609.1485
  [Iter 800/1000] Best: 1295.2655
  [Iter 850/1000] Best: 1593.1742
  [Iter 950/1000] Best: 1553.3368
MPSORL iteration: 350/1000 - Best fitness: 1568.8021
  [Iter 950/1000] Best: 1649.1968
MPSORL iteration: 650/1000 - Best fitness: 1608.0242
  [Iter 900/1000] Best: 1593.3754
  [Iter 1000/1000] Best: 1537.4939

========== Planning Complete ==========
Algorithm: PPO-PSO
Execution time: 69.1366 seconds
Path length: 188.7861 units
Waypoints: 7
Best fitness: 1537.4939
========================================


========== Direct Global Planning ==========
Algorithm: MPSORL
Start: [10.0, 95.0, 10.0]
Goal:  [97.0, 2.0, 10.0]
============================================

Starting MPSORL (Multi-Strategy Self-Learning PSO) path planning...
  [Iter 900/1000] Best: 1588.5212
MPSORL iteration: 400/1000 - Best fitness: 1568.2248
  [Iter 850/1000] Best: 1441.1760
  [Iter 950/1000] Best: 1529.2712
MPSORL iteration: 50/1000 - Best fitness: 2248.0836
MPSORL iteration: 400/1000 - Best fitness: 1563.217
MPSORL iteration: 700/1000 - Best fitness: 1608.023
  [Iter 950/1000] Best: 1593.3754
  [Iter 950/1000] Best: 1588.5207
MPSORL iteration: 450/1000 - Best fitness: 1567.3881
  [Iter 900/1000] Best: 1593.1742
  [Iter 850/1000] Best: 1295.2654
  [Iter 1000/1000] Best: 1509.2896

========== Planning Complete ==========
Algorithm: PPO-PSO
Execution time: 67.6063 seconds
Path length: 195.9713 units
Waypoints: 7
Best fitness: 1509.2896
========================================


========== Direct Global Planning ==========
Algorithm: MPSORL
Start: [10.0, 95.0, 10.0]
Goal:  [97.0, 2.0, 10.0]
============================================

Starting MPSORL (Multi-Strategy Self-Learning PSO) path planning...
  [Iter 1000/1000] Best: 1609.1485

========== Planning Complete ==========
Algorithm: PPO-PSO
Execution time: 68.2928 seconds
Path length: 203.2535 units
Waypoints: 7
Best fitness: 1609.1485
========================================


========== Direct Global Planning ==========
Algorithm: MPSORL
Start: [10.0, 95.0, 10.0]
Goal:  [97.0, 2.0, 10.0]
============================================

Starting MPSORL (Multi-Strategy Self-Learning PSO) path planning...
MPSORL iteration: 450/1000 - Best fitness: 1561.3448
  [Iter 900/1000] Best: 1441.1760
MPSORL iteration: 750/1000 - Best fitness: 1608.0229
MPSORL iteration: 100/1000 - Best fitness: 1901.4569
MPSORL iteration: 500/1000 - Best fitness: 1567.3273
  [Iter 1000/1000] Best: 1649.1968

========== Planning Complete ==========
Algorithm: PPO-PSO
Execution time: 67.7418 seconds
Path length: 264.1376 units
Waypoints: 7
Best fitness: 1649.1968
========================================


========== Direct Global Planning ==========
Algorithm: MPSORL
Start: [10.0, 95.0, 10.0]
Goal:  [97.0, 2.0, 10.0]
============================================

Starting MPSORL (Multi-Strategy Self-Learning PSO) path planning...
  [Iter 1000/1000] Best: 1553.3368

========== Planning Complete ==========
Algorithm: PPO-PSO
Execution time: 68.2916 seconds
Path length: 212.7896 units
Waypoints: 7
Best fitness: 1553.3368
========================================


========== Direct Global Planning ==========
Algorithm: MPSORL
Start: [10.0, 95.0, 10.0]
Goal:  [97.0, 2.0, 10.0]
============================================

Starting MPSORL (Multi-Strategy Self-Learning PSO) path planning...
MPSORL iteration: 50/1000 - Best fitness: 2233.0484
MPSORL iteration: 800/1000 - Best fitness: 1608.0224
  [Iter 950/1000] Best: 1593.1742
  [Iter 1000/1000] Best: 1529.2712

========== Planning Complete ==========
Algorithm: PPO-PSO
Execution time: 68.7365 seconds
Path length: 201.7043 units
Waypoints: 7
Best fitness: 1529.2712
========================================


========== Direct Global Planning ==========
Algorithm: MPSORL
Start: [10.0, 95.0, 10.0]
Goal:  [97.0, 2.0, 10.0]
============================================

Starting MPSORL (Multi-Strategy Self-Learning PSO) path planning...
MPSORL iteration: 50/1000 - Best fitness: 2142.846
MPSORL iteration: 500/1000 - Best fitness: 1560.7266
  [Iter 950/1000] Best: 1441.1760
MPSORL iteration: 150/1000 - Best fitness: 1859.3795
MPSORL iteration: 550/1000 - Best fitness: 1566.9448
  [Iter 900/1000] Best: 1295.2654
MPSORL iteration: 50/1000 - Best fitness: 2454.7436
MPSORL iteration: 50/1000 - Best fitness: 2052.8656
  [Iter 1000/1000] Best: 1593.3754

========== Planning Complete ==========
Algorithm: PPO-PSO
Execution time: 68.0389 seconds
Path length: 247.4206 units
Waypoints: 7
Best fitness: 1593.3754
========================================


========== Direct Global Planning ==========
Algorithm: MPSORL
Start: [10.0, 95.0, 10.0]
Goal:  [97.0, 2.0, 10.0]
============================================

Starting MPSORL (Multi-Strategy Self-Learning PSO) path planning...
  [Iter 1000/1000] Best: 1588.5207

========== Planning Complete ==========
Algorithm: PPO-PSO
Execution time: 68.2584 seconds
Path length: 217.6808 units
Waypoints: 7
Best fitness: 1588.5207
========================================


========== Direct Global Planning ==========
Algorithm: MPSORL
Start: [10.0, 95.0, 10.0]
Goal:  [97.0, 2.0, 10.0]
============================================

Starting MPSORL (Multi-Strategy Self-Learning PSO) path planning...
MPSORL iteration: 100/1000 - Best fitness: 2047.383
MPSORL iteration: 850/1000 - Best fitness: 1608.0211
MPSORL iteration: 50/1000 - Best fitness: 1929.932
MPSORL iteration: 100/1000 - Best fitness: 1845.8372
MPSORL iteration: 550/1000 - Best fitness: 1560.584
MPSORL iteration: 200/1000 - Best fitness: 1754.5131
MPSORL iteration: 600/1000 - Best fitness: 1566.931
MPSORL iteration: 100/1000 - Best fitness: 2256.4123
MPSORL iteration: 100/1000 - Best fitness: 1952.4739
  [Iter 950/1000] Best: 1295.2654
MPSORL iteration: 150/1000 - Best fitness: 1897.2021
MPSORL iteration: 50/1000 - Best fitness: 2036.0272
MPSORL iteration: 50/1000 - Best fitness: 2099.0313
MPSORL iteration: 600/1000 - Best fitness: 1552.8121
MPSORL iteration: 100/1000 - Best fitness: 1724.226
MPSORL iteration: 900/1000 - Best fitness: 1608.021
  [Iter 1000/1000] Best: 1593.1742

========== Planning Complete ==========
Algorithm: PPO-PSO
Execution time: 66.7877 seconds
Path length: 191.9461 units
Waypoints: 7
Best fitness: 1593.1742
========================================

MPSORL iteration: 250/1000 - Best fitness: 1714.3911
MPSORL iteration: 150/1000 - Best fitness: 1814.8912

========== Direct Global Planning ==========
Algorithm: MPSORL
Start: [10.0, 95.0, 10.0]
Goal:  [97.0, 2.0, 10.0]
============================================

Starting MPSORL (Multi-Strategy Self-Learning PSO) path planning...
MPSORL iteration: 650/1000 - Best fitness: 1566.9127
MPSORL iteration: 150/1000 - Best fitness: 2102.1984
MPSORL iteration: 150/1000 - Best fitness: 1773.5409
  [Iter 1000/1000] Best: 1441.1760

========== Planning Complete ==========
Algorithm: PPO-PSO
Execution time: 66.1921 seconds
Path length: 199.5024 units
Waypoints: 7
Best fitness: 1441.1760
========================================


========== Direct Global Planning ==========
Algorithm: MPSORL
Start: [10.0, 95.0, 10.0]
Goal:  [97.0, 2.0, 10.0]
============================================

Starting MPSORL (Multi-Strategy Self-Learning PSO) path planning...
MPSORL iteration: 200/1000 - Best fitness: 1758.4271
MPSORL iteration: 100/1000 - Best fitness: 1824.1457
MPSORL iteration: 100/1000 - Best fitness: 1894.2667
MPSORL iteration: 150/1000 - Best fitness: 1606.9684
MPSORL iteration: 650/1000 - Best fitness: 1552.4557
MPSORL iteration: 200/1000 - Best fitness: 1749.274
MPSORL iteration: 950/1000 - Best fitness: 1608.0202
MPSORL iteration: 300/1000 - Best fitness: 1707.1429
MPSORL iteration: 50/1000 - Best fitness: 2189.2603
MPSORL iteration: 700/1000 - Best fitness: 1566.8508
MPSORL iteration: 200/1000 - Best fitness: 1963.1138
MPSORL iteration: 200/1000 - Best fitness: 1711.567
MPSORL iteration: 50/1000 - Best fitness: 1999.6974
MPSORL iteration: 150/1000 - Best fitness: 1730.5197
MPSORL iteration: 150/1000 - Best fitness: 1775.7124
MPSORL iteration: 250/1000 - Best fitness: 1713.6196
MPSORL iteration: 200/1000 - Best fitness: 1550.7823
MPSORL iteration: 700/1000 - Best fitness: 1549.4274
MPSORL iteration: 1000/1000 - Best fitness: 1608.0196
MPSORL completed with final fitness: 1608.0196

========== Planning Complete ==========
Algorithm: MPSORL
Execution time: 35.8611 seconds
Path length: 146.5837 units
Waypoints: 7
Best fitness: 1608.0196
========================================


========== Direct Global Planning ==========
Algorithm: RRSACPSO
Start: [10.0, 95.0, 10.0]
Goal:  [97.0, 2.0, 10.0]
============================================


╔══════════════════════════════════════════════════════════╗
║              RRSACPSO Global Path Planning              ║
╚══════════════════════════════════════════════════════════╝

MPSORL iteration: 350/1000 - Best fitness: 1665.0601
  [Iter 1000/1000] Best: 1295.2654
MPSORL iteration: 100/1000 - Best fitness: 2115.3278
MPSORL iteration: 250/1000 - Best fitness: 1643.7583

========== Planning Complete ==========
Algorithm: PPO-PSO
Execution time: 66.4788 seconds
Path length: 194.7561 units
Waypoints: 7
Best fitness: 1295.2654
========================================


========== Direct Global Planning ==========
Algorithm: MPSORL
Start: [10.0, 95.0, 10.0]
Goal:  [97.0, 2.0, 10.0]
============================================

Starting MPSORL (Multi-Strategy Self-Learning PSO) path planning...

[Episode 1/1] Starting training...
  Config: mode=online, episodes=1, iterations=1000, popSize=40
MPSORL iteration: 250/1000 - Best fitness: 1627.1404
MPSORL iteration: 750/1000 - Best fitness: 1563.6354
MPSORL iteration: 250/1000 - Best fitness: 1866.9841
MPSORL iteration: 100/1000 - Best fitness: 1971.2055
      [Iter  50] Action stats: mean=0.4955±0.4062 [-0.2260-0.9472]
  [Iter  50/1000] Best: 1709.7198 | Alpha: 0.2000
MPSORL iteration: 200/1000 - Best fitness: 1699.1302
MPSORL iteration: 300/1000 - Best fitness: 1681.5411
MPSORL iteration: 200/1000 - Best fitness: 1595.4008
MPSORL iteration: 250/1000 - Best fitness: 1533.7512
MPSORL iteration: 750/1000 - Best fitness: 1540.6943
MPSORL iteration: 150/1000 - Best fitness: 2044.2524
MPSORL iteration: 400/1000 - Best fitness: 1656.1061
MPSORL iteration: 50/1000 - Best fitness: 2216.2999
      [Iter 100] Action stats: mean=0.3716±0.3988 [-0.1901-0.9011]
      [Iter 100] Fitness: current=1652.5296, best=1652.5296, diversity=5.017591
      [Iter 100] Reward: -1.0000
  [Iter 100/1000] Best: 1652.5296 | Alpha: 0.2000
MPSORL iteration: 300/1000 - Best fitness: 1603.4975
MPSORL iteration: 300/1000 - Best fitness: 1746.7917
MPSORL iteration: 800/1000 - Best fitness: 1563.3665
MPSORL iteration: 150/1000 - Best fitness: 1869.0171
MPSORL iteration: 300/1000 - Best fitness: 1605.5101
MPSORL iteration: 250/1000 - Best fitness: 1649.5307
MPSORL iteration: 350/1000 - Best fitness: 1626.4905
MPSORL iteration: 250/1000 - Best fitness: 1542.4534
MPSORL iteration: 300/1000 - Best fitness: 1527.7971
MPSORL iteration: 800/1000 - Best fitness: 1536.0131
MPSORL iteration: 450/1000 - Best fitness: 1641.2198
MPSORL iteration: 100/1000 - Best fitness: 1979.1427
MPSORL iteration: 200/1000 - Best fitness: 1936.0926
MPSORL iteration: 850/1000 - Best fitness: 1563.1945
MPSORL iteration: 350/1000 - Best fitness: 1591.1539
MPSORL iteration: 350/1000 - Best fitness: 1718.8224
MPSORL iteration: 200/1000 - Best fitness: 1694.344
      [Iter 150] Action stats: mean=-0.1818±0.5244 [-0.8361-0.7661]
  [Iter 150/1000] Best: 1652.5296 | Alpha: 0.1986
MPSORL iteration: 350/1000 - Best fitness: 1597.7769
MPSORL iteration: 300/1000 - Best fitness: 1614.9709
MPSORL iteration: 400/1000 - Best fitness: 1610.4735
MPSORL iteration: 300/1000 - Best fitness: 1534.1449
MPSORL iteration: 350/1000 - Best fitness: 1512.6418
MPSORL iteration: 850/1000 - Best fitness: 1534.1081
MPSORL iteration: 500/1000 - Best fitness: 1632.7673
MPSORL iteration: 400/1000 - Best fitness: 1588.7927
MPSORL iteration: 150/1000 - Best fitness: 1845.5253
MPSORL iteration: 250/1000 - Best fitness: 1895.1042
MPSORL iteration: 900/1000 - Best fitness: 1563.0921
MPSORL iteration: 250/1000 - Best fitness: 1672.7915
MPSORL iteration: 400/1000 - Best fitness: 1716.1593
MPSORL iteration: 400/1000 - Best fitness: 1592.1059
MPSORL iteration: 350/1000 - Best fitness: 1604.4973
MPSORL iteration: 350/1000 - Best fitness: 1533.0553
MPSORL iteration: 400/1000 - Best fitness: 1505.4641
MPSORL iteration: 450/1000 - Best fitness: 1588.6197
MPSORL iteration: 900/1000 - Best fitness: 1533.2069
MPSORL iteration: 450/1000 - Best fitness: 1606.8311
MPSORL iteration: 550/1000 - Best fitness: 1632.5029
MPSORL iteration: 200/1000 - Best fitness: 1720.393
MPSORL iteration: 300/1000 - Best fitness: 1874.7585
MPSORL iteration: 950/1000 - Best fitness: 1561.3148
MPSORL iteration: 450/1000 - Best fitness: 1708.5061
MPSORL iteration: 400/1000 - Best fitness: 1602.1819
MPSORL iteration: 300/1000 - Best fitness: 1632.8662
MPSORL iteration: 450/1000 - Best fitness: 1589.6798
MPSORL iteration: 450/1000 - Best fitness: 1503.1571
MPSORL iteration: 950/1000 - Best fitness: 1532.5866
      [Iter 200] Action stats: mean=0.3692±0.5390 [-0.7174-0.9776]
      [Iter 200] Fitness: current=1651.8938, best=1651.8938, diversity=2.952517
      [Iter 200] Reward: -1.0000
  [Iter 200/1000] Best: 1651.8938 | Alpha: 0.1957
MPSORL iteration: 400/1000 - Best fitness: 1532.5801
MPSORL iteration: 500/1000 - Best fitness: 1605.3942
MPSORL iteration: 500/1000 - Best fitness: 1588.5753
MPSORL iteration: 250/1000 - Best fitness: 1665.8426
MPSORL iteration: 350/1000 - Best fitness: 1868.5665
MPSORL iteration: 600/1000 - Best fitness: 1631.7495
MPSORL iteration: 1000/1000 - Best fitness: 1561.2907
MPSORL completed with final fitness: 1561.2907

========== Planning Complete ==========
Algorithm: MPSORL
Execution time: 34.4100 seconds
Path length: 153.1882 units
Waypoints: 7
Best fitness: 1561.2907
========================================


========== Direct Global Planning ==========
Algorithm: RRSACPSO
Start: [10.0, 95.0, 10.0]
Goal:  [97.0, 2.0, 10.0]
============================================


╔══════════════════════════════════════════════════════════╗
║              RRSACPSO Global Path Planning              ║
╚══════════════════════════════════════════════════════════╝


[Episode 1/1] Starting training...
  Config: mode=online, episodes=1, iterations=1000, popSize=40
MPSORL iteration: 500/1000 - Best fitness: 1700.4422
MPSORL iteration: 500/1000 - Best fitness: 1589.0381
MPSORL iteration: 450/1000 - Best fitness: 1598.6815
MPSORL iteration: 350/1000 - Best fitness: 1621.3933
MPSORL iteration: 450/1000 - Best fitness: 1532.4335
MPSORL iteration: 500/1000 - Best fitness: 1502.7525
MPSORL iteration: 1000/1000 - Best fitness: 1532.5054
MPSORL completed with final fitness: 1532.5054

========== Planning Complete ==========
Algorithm: MPSORL
Execution time: 34.1951 seconds
Path length: 204.1782 units
Waypoints: 7
Best fitness: 1532.5054
========================================


========== Direct Global Planning ==========
Algorithm: RRSACPSO
Start: [10.0, 95.0, 10.0]
Goal:  [97.0, 2.0, 10.0]
============================================


╔══════════════════════════════════════════════════════════╗
║              RRSACPSO Global Path Planning              ║
╚══════════════════════════════════════════════════════════╝

      [Iter  50] Action stats: mean=-0.2968±0.6078 [-0.9832-0.6793]
  [Iter  50/1000] Best: 1685.6663 | Alpha: 0.2000
MPSORL iteration: 550/1000 - Best fitness: 1588.5256

[Episode 1/1] Starting training...
  Config: mode=online, episodes=1, iterations=1000, popSize=40
MPSORL iteration: 550/1000 - Best fitness: 1605.016
MPSORL iteration: 400/1000 - Best fitness: 1859.0859
MPSORL iteration: 650/1000 - Best fitness: 1630.6881
MPSORL iteration: 300/1000 - Best fitness: 1647.6807
      [Iter 100] Action stats: mean=0.0180±0.6676 [-0.7191-0.9462]
      [Iter 100] Fitness: current=1680.5721, best=1680.5721, diversity=4.541259
      [Iter 100] Reward: -1.0000
  [Iter 100/1000] Best: 1680.5721 | Alpha: 0.2000
MPSORL iteration: 550/1000 - Best fitness: 1699.7956
      [Iter  50] Action stats: mean=-0.2446±0.6139 [-0.9374-0.8089]
  [Iter  50/1000] Best: 1831.2783 | Alpha: 0.2000
MPSORL iteration: 400/1000 - Best fitness: 1608.7216
      [Iter 250] Action stats: mean=0.2445±0.7197 [-0.8601-0.9009]
  [Iter 250/1000] Best: 1643.8304 | Alpha: 0.1928
MPSORL iteration: 550/1000 - Best fitness: 1588.7768
MPSORL iteration: 500/1000 - Best fitness: 1598.2207
MPSORL iteration: 500/1000 - Best fitness: 1532.4103
MPSORL iteration: 550/1000 - Best fitness: 1502.5768
MPSORL iteration: 600/1000 - Best fitness: 1588.1487
MPSORL iteration: 350/1000 - Best fitness: 1640.789
      [Iter 100] Action stats: mean=-0.2346±0.7023 [-0.9939-0.7204]
      [Iter 100] Fitness: current=1703.3881, best=1703.3881, diversity=5.626845
      [Iter 100] Reward: -1.0000
  [Iter 100/1000] Best: 1703.3881 | Alpha: 0.2000
MPSORL iteration: 600/1000 - Best fitness: 1604.5057
MPSORL iteration: 450/1000 - Best fitness: 1857.4322
MPSORL iteration: 700/1000 - Best fitness: 1630.6744
MPSORL iteration: 600/1000 - Best fitness: 1699.4401
MPSORL iteration: 600/1000 - Best fitness: 1588.6368
MPSORL iteration: 550/1000 - Best fitness: 1598.0307
MPSORL iteration: 450/1000 - Best fitness: 1595.144
MPSORL iteration: 600/1000 - Best fitness: 1501.9959
MPSORL iteration: 500/1000 - Best fitness: 1856.4579
MPSORL iteration: 550/1000 - Best fitness: 1532.1325
MPSORL iteration: 650/1000 - Best fitness: 1604.3548
MPSORL iteration: 750/1000 - Best fitness: 1630.0544
      [Iter 150] Action stats: mean=-0.3817±0.5849 [-0.8731-0.8895]
  [Iter 150/1000] Best: 1665.6352 | Alpha: 0.1986
MPSORL iteration: 650/1000 - Best fitness: 1587.2927
MPSORL iteration: 400/1000 - Best fitness: 1635.8474
      [Iter 150] Action stats: mean=0.0666±0.6362 [-0.7016-0.9892]
MPSORL iteration: 650/1000 - Best fitness: 1699.3327
      [Iter 300] Action stats: mean=-0.1762±0.4075 [-0.7615-0.4103]
      [Iter 300] Fitness: current=1626.1947, best=1626.1947, diversity=1.939449
      [Iter 300] Reward: -1.0000
MPSORL iteration: 600/1000 - Best fitness: 1578.5596
  [Iter 150/1000] Best: 1667.2344 | Alpha: 0.1986
MPSORL iteration: 500/1000 - Best fitness: 1579.5273
  [Iter 300/1000] Best: 1626.1947 | Alpha: 0.1899
MPSORL iteration: 650/1000 - Best fitness: 1588.4599
MPSORL iteration: 600/1000 - Best fitness: 1531.3315
MPSORL iteration: 700/1000 - Best fitness: 1604.3451
MPSORL iteration: 650/1000 - Best fitness: 1501.9487
MPSORL iteration: 700/1000 - Best fitness: 1587.2876
MPSORL iteration: 450/1000 - Best fitness: 1635.0788
MPSORL iteration: 550/1000 - Best fitness: 1854.1721
MPSORL iteration: 800/1000 - Best fitness: 1628.4008
MPSORL iteration: 550/1000 - Best fitness: 1577.4958
MPSORL iteration: 700/1000 - Best fitness: 1699.3201
MPSORL iteration: 700/1000 - Best fitness: 1588.0373
MPSORL iteration: 650/1000 - Best fitness: 1530.8469
MPSORL iteration: 650/1000 - Best fitness: 1577.6878
MPSORL iteration: 750/1000 - Best fitness: 1604.2088
MPSORL iteration: 700/1000 - Best fitness: 1501.8787
MPSORL iteration: 750/1000 - Best fitness: 1587.2561
MPSORL iteration: 500/1000 - Best fitness: 1634.3085
MPSORL iteration: 600/1000 - Best fitness: 1849.0906
      [Iter 200] Action stats: mean=0.1460±0.7550 [-0.9813-0.9746]
      [Iter 200] Fitness: current=1622.9811, best=1622.9811, diversity=3.665252
      [Iter 200] Reward: -1.0000
  [Iter 200/1000] Best: 1622.9811 | Alpha: 0.1957
MPSORL iteration: 850/1000 - Best fitness: 1627.5695
MPSORL iteration: 750/1000 - Best fitness: 1699.3199
      [Iter 350] Action stats: mean=-0.2590±0.5354 [-0.9739-0.5420]
  [Iter 350/1000] Best: 1613.7683 | Alpha: 0.1871
MPSORL iteration: 600/1000 - Best fitness: 1577.4462
MPSORL iteration: 750/1000 - Best fitness: 1587.9204
      [Iter 200] Action stats: mean=0.2490±0.6359 [-0.6188-0.9869]
      [Iter 200] Fitness: current=1607.2547, best=1607.2547, diversity=3.455220
      [Iter 200] Reward: -1.0000
  [Iter 200/1000] Best: 1607.2547 | Alpha: 0.1957
MPSORL iteration: 700/1000 - Best fitness: 1577.6814
MPSORL iteration: 650/1000 - Best fitness: 1848.7531
MPSORL iteration: 700/1000 - Best fitness: 1530.5245
MPSORL iteration: 750/1000 - Best fitness: 1501.8685
MPSORL iteration: 800/1000 - Best fitness: 1587.2556
MPSORL iteration: 800/1000 - Best fitness: 1603.0462
MPSORL iteration: 550/1000 - Best fitness: 1629.9091
MPSORL iteration: 800/1000 - Best fitness: 1699.3183
MPSORL iteration: 900/1000 - Best fitness: 1626.7505
MPSORL iteration: 650/1000 - Best fitness: 1577.3339
MPSORL iteration: 800/1000 - Best fitness: 1587.8389
MPSORL iteration: 750/1000 - Best fitness: 1577.2206
MPSORL iteration: 850/1000 - Best fitness: 1603.0362
MPSORL iteration: 700/1000 - Best fitness: 1848.7326
MPSORL iteration: 750/1000 - Best fitness: 1529.7124
MPSORL iteration: 800/1000 - Best fitness: 1501.798
MPSORL iteration: 850/1000 - Best fitness: 1587.2556
      [Iter 250] Action stats: mean=0.1879±0.6056 [-0.6581-0.9845]
  [Iter 250/1000] Best: 1619.2841 | Alpha: 0.1928
MPSORL iteration: 600/1000 - Best fitness: 1628.8889
MPSORL iteration: 950/1000 - Best fitness: 1626.7433
MPSORL iteration: 850/1000 - Best fitness: 1699.3145
      [Iter 400] Action stats: mean=-0.2036±0.6157 [-0.8890-0.7862]
      [Iter 400] Fitness: current=1605.8889, best=1605.8889, diversity=1.244219
      [Iter 400] Reward: -1.0000
MPSORL iteration: 700/1000 - Best fitness: 1577.1507
  [Iter 400/1000] Best: 1605.8889 | Alpha: 0.1843
      [Iter 250] Action stats: mean=-0.0663±0.6683 [-0.9894-0.9632]
  [Iter 250/1000] Best: 1596.5407 | Alpha: 0.1928
MPSORL iteration: 850/1000 - Best fitness: 1587.7843
MPSORL iteration: 800/1000 - Best fitness: 1577.1671
MPSORL iteration: 900/1000 - Best fitness: 1603.0066
MPSORL iteration: 800/1000 - Best fitness: 1527.5564
MPSORL iteration: 750/1000 - Best fitness: 1848.581
MPSORL iteration: 900/1000 - Best fitness: 1587.255
MPSORL iteration: 650/1000 - Best fitness: 1628.736
MPSORL iteration: 1000/1000 - Best fitness: 1626.7425
MPSORL completed with final fitness: 1626.7425

========== Planning Complete ==========
Algorithm: MPSORL
Execution time: 34.6936 seconds
Path length: 167.7907 units
Waypoints: 7
Best fitness: 1626.7425
========================================


========== Direct Global Planning ==========
Algorithm: RRSACPSO
Start: [10.0, 95.0, 10.0]
Goal:  [97.0, 2.0, 10.0]
============================================

MPSORL iteration: 850/1000 - Best fitness: 1501.7
MPSORL iteration: 900/1000 - Best fitness: 1699.314

╔══════════════════════════════════════════════════════════╗
║              RRSACPSO Global Path Planning              ║
╚══════════════════════════════════════════════════════════╝

MPSORL iteration: 750/1000 - Best fitness: 1577.1474
MPSORL iteration: 900/1000 - Best fitness: 1587.5623

[Episode 1/1] Starting training...
  Config: mode=online, episodes=1, iterations=1000, popSize=40
MPSORL iteration: 850/1000 - Best fitness: 1576.6593
MPSORL iteration: 850/1000 - Best fitness: 1525.3863
      [Iter  50] Action stats: mean=-0.1780±0.6655 [-0.8919-0.9803]
MPSORL iteration: 950/1000 - Best fitness: 1602.9885
MPSORL iteration: 800/1000 - Best fitness: 1848.4913
  [Iter  50/1000] Best: 1760.8987 | Alpha: 0.2000
      [Iter 300] Action stats: mean=-0.1982±0.6647 [-0.9633-0.9369]
      [Iter 300] Fitness: current=1610.7688, best=1610.7688, diversity=2.613611
      [Iter 300] Reward: -1.0000
MPSORL iteration: 950/1000 - Best fitness: 1587.2132
MPSORL iteration: 900/1000 - Best fitness: 1501.6941
  [Iter 300/1000] Best: 1610.7688 | Alpha: 0.1899
MPSORL iteration: 700/1000 - Best fitness: 1628.7255
MPSORL iteration: 950/1000 - Best fitness: 1699.314
      [Iter 450] Action stats: mean=-0.1920±0.4666 [-0.8875-0.6251]
  [Iter 450/1000] Best: 1600.2652 | Alpha: 0.1815
      [Iter 100] Action stats: mean=0.1237±0.5407 [-0.9720-0.9935]
      [Iter 100] Fitness: current=1667.2871, best=1667.2871, diversity=4.969561
      [Iter 100] Reward: 1.0000
  [Iter 100/1000] Best: 1667.2871 | Alpha: 0.2000
      [Iter 300] Action stats: mean=0.0545±0.4968 [-0.7254-0.8586]
MPSORL iteration: 800/1000 - Best fitness: 1577.1427
MPSORL iteration: 900/1000 - Best fitness: 1576.6485
      [Iter 300] Fitness: current=1593.9044, best=1593.9044, diversity=2.895460
      [Iter 300] Reward: -1.0000
  [Iter 300/1000] Best: 1593.9044 | Alpha: 0.1899
MPSORL iteration: 950/1000 - Best fitness: 1587.5492
MPSORL iteration: 850/1000 - Best fitness: 1845.8532
MPSORL iteration: 900/1000 - Best fitness: 1522.3417
MPSORL iteration: 1000/1000 - Best fitness: 1587.198
MPSORL completed with final fitness: 1587.198

========== Planning Complete ==========
Algorithm: MPSORL
Execution time: 34.8242 seconds
Path length: 164.9653 units
Waypoints: 7
Best fitness: 1587.1980
========================================


========== Direct Global Planning ==========
Algorithm: RRSACPSO
Start: [10.0, 95.0, 10.0]
Goal:  [97.0, 2.0, 10.0]
============================================


╔══════════════════════════════════════════════════════════╗
║              RRSACPSO Global Path Planning              ║
╚══════════════════════════════════════════════════════════╝

MPSORL iteration: 1000/1000 - Best fitness: 1602.9876
MPSORL completed with final fitness: 1602.9876

========== Planning Complete ==========
Algorithm: MPSORL
Execution time: 35.0453 seconds
Path length: 173.8039 units
Waypoints: 7
Best fitness: 1602.9876
========================================


========== Direct Global Planning ==========
Algorithm: RRSACPSO
Start: [10.0, 95.0, 10.0]
Goal:  [97.0, 2.0, 10.0]
============================================


╔══════════════════════════════════════════════════════════╗
║              RRSACPSO Global Path Planning              ║
╚══════════════════════════════════════════════════════════╝

MPSORL iteration: 750/1000 - Best fitness: 1628.6647

[Episode 1/1] Starting training...
  Config: mode=online, episodes=1, iterations=1000, popSize=40
MPSORL iteration: 950/1000 - Best fitness: 1501.6937

[Episode 1/1] Starting training...
  Config: mode=online, episodes=1, iterations=1000, popSize=40
MPSORL iteration: 1000/1000 - Best fitness: 1699.314
MPSORL completed with final fitness: 1699.314

========== Planning Complete ==========
Algorithm: MPSORL
Execution time: 34.7453 seconds
Path length: 160.6084 units
Waypoints: 7
Best fitness: 1699.3140
========================================


========== Direct Global Planning ==========
Algorithm: RRSACPSO
Start: [10.0, 95.0, 10.0]
Goal:  [97.0, 2.0, 10.0]
============================================


╔══════════════════════════════════════════════════════════╗
║              RRSACPSO Global Path Planning              ║
╚══════════════════════════════════════════════════════════╝

MPSORL iteration: 850/1000 - Best fitness: 1577.1426

[Episode 1/1] Starting training...
  Config: mode=online, episodes=1, iterations=1000, popSize=40
MPSORL iteration: 950/1000 - Best fitness: 1576.6473
      [Iter  50] Action stats: mean=0.1148±0.6184 [-0.8602-0.9305]
  [Iter  50/1000] Best: 1701.1986 | Alpha: 0.2000
MPSORL iteration: 1000/1000 - Best fitness: 1587.5486
MPSORL completed with final fitness: 1587.5486

========== Planning Complete ==========
Algorithm: MPSORL
Execution time: 35.5791 seconds
Path length: 187.8350 units
Waypoints: 7
Best fitness: 1587.5486
========================================


========== Direct Global Planning ==========
Algorithm: RRSACPSO
Start: [10.0, 95.0, 10.0]
Goal:  [97.0, 2.0, 10.0]
============================================


╔══════════════════════════════════════════════════════════╗
║              RRSACPSO Global Path Planning              ║
╚══════════════════════════════════════════════════════════╝

      [Iter  50] Action stats: mean=0.0396±0.7068 [-0.9267-0.9816]
  [Iter  50/1000] Best: 1775.5197 | Alpha: 0.2000
MPSORL iteration: 950/1000 - Best fitness: 1521.1489
      [Iter 350] Action stats: mean=-0.2314±0.5056 [-0.9724-0.6389]
MPSORL iteration: 900/1000 - Best fitness: 1832.1791

[Episode 1/1] Starting training...
  Config: mode=online, episodes=1, iterations=1000, popSize=40
      [Iter 150] Action stats: mean=0.3643±0.7192 [-0.9753-0.8887]
  [Iter 350/1000] Best: 1608.2458 | Alpha: 0.1871
      [Iter  50] Action stats: mean=-0.0122±0.7418 [-0.8630-0.9569]
  [Iter  50/1000] Best: 1621.7728 | Alpha: 0.2000
  [Iter 150/1000] Best: 1639.9068 | Alpha: 0.1986
MPSORL iteration: 800/1000 - Best fitness: 1628.6587
      [Iter 100] Action stats: mean=-0.5007±0.5162 [-0.9937-0.4480]
      [Iter 100] Fitness: current=1701.1986, best=1701.1986, diversity=4.399641
      [Iter 100] Reward: -1.0000
  [Iter 100/1000] Best: 1701.1986 | Alpha: 0.2000
MPSORL iteration: 1000/1000 - Best fitness: 1501.5892
MPSORL completed with final fitness: 1501.5892

========== Planning Complete ==========
Algorithm: MPSORL
Execution time: 35.8575 seconds
Path length: 195.7929 units
Waypoints: 7
Best fitness: 1501.5892
========================================


========== Direct Global Planning ==========
Algorithm: RRSACPSO
Start: [10.0, 95.0, 10.0]
Goal:  [97.0, 2.0, 10.0]
============================================


╔══════════════════════════════════════════════════════════╗
║              RRSACPSO Global Path Planning              ║
╚══════════════════════════════════════════════════════════╝

      [Iter 100] Action stats: mean=-0.0988±0.5827 [-0.9493-0.7448]
      [Iter 100] Fitness: current=1764.3998, best=1764.3998, diversity=3.418322
      [Iter 100] Reward: -1.0000
  [Iter 100/1000] Best: 1764.3998 | Alpha: 0.2000
      [Iter 500] Action stats: mean=-0.2954±0.6763 [-0.9199-0.8765]
      [Iter 500] Fitness: current=1595.1120, best=1595.1120, diversity=0.783755
      [Iter 500] Reward: -1.0000
      [Iter 350] Action stats: mean=-0.0818±0.5874 [-0.8807-0.7129]
  [Iter 500/1000] Best: 1595.1120 | Alpha: 0.1788
      [Iter  50] Action stats: mean=0.0178±0.6923 [-0.9720-0.8747]

[Episode 1/1] Starting training...
  Config: mode=online, episodes=1, iterations=1000, popSize=40
  [Iter 350/1000] Best: 1573.8598 | Alpha: 0.1871
      [Iter 100] Action stats: mean=-0.2402±0.7635 [-0.9835-0.9905]
      [Iter 100] Fitness: current=1560.9128, best=1560.9128, diversity=3.212465
      [Iter 100] Reward: -1.0000
  [Iter 100/1000] Best: 1560.9128 | Alpha: 0.2000
  [Iter  50/1000] Best: 1740.6449 | Alpha: 0.2000
MPSORL iteration: 1000/1000 - Best fitness: 1576.6468
MPSORL completed with final fitness: 1576.6468

========== Planning Complete ==========
Algorithm: MPSORL
Execution time: 35.0752 seconds
Path length: 178.2574 units
Waypoints: 7
Best fitness: 1576.6468
========================================


========== Direct Global Planning ==========
Algorithm: RRSACPSO
Start: [10.0, 95.0, 10.0]
Goal:  [97.0, 2.0, 10.0]
============================================


╔══════════════════════════════════════════════════════════╗
║              RRSACPSO Global Path Planning              ║
╚══════════════════════════════════════════════════════════╝


[Episode 1/1] Starting training...
  Config: mode=online, episodes=1, iterations=1000, popSize=40
MPSORL iteration: 900/1000 - Best fitness: 1577.1426
MPSORL iteration: 1000/1000 - Best fitness: 1520.8536
MPSORL completed with final fitness: 1520.8536

========== Planning Complete ==========
Algorithm: MPSORL
Execution time: 35.8067 seconds
Path length: 157.4340 units
Waypoints: 7
Best fitness: 1520.8536
========================================


========== Direct Global Planning ==========
Algorithm: RRSACPSO
Start: [10.0, 95.0, 10.0]
Goal:  [97.0, 2.0, 10.0]
============================================


╔══════════════════════════════════════════════════════════╗
║              RRSACPSO Global Path Planning              ║
╚══════════════════════════════════════════════════════════╝

      [Iter  50] Action stats: mean=0.1003±0.7011 [-0.8579-0.9979]
MPSORL iteration: 950/1000 - Best fitness: 1827.3618
      [Iter 100] Action stats: mean=0.0047±0.6465 [-0.9964-0.8224]
      [Iter 100] Fitness: current=1720.5899, best=1720.5899, diversity=4.395160
      [Iter 100] Reward: -1.0000
  [Iter 100/1000] Best: 1720.5899 | Alpha: 0.2000

[Episode 1/1] Starting training...
  Config: mode=online, episodes=1, iterations=1000, popSize=40
  [Iter  50/1000] Best: 1861.9722 | Alpha: 0.2000
      [Iter  50] Action stats: mean=-0.2495±0.4051 [-0.9460-0.2819]
  [Iter  50/1000] Best: 1729.8134 | Alpha: 0.2000
MPSORL iteration: 850/1000 - Best fitness: 1628.625
      [Iter 100] Action stats: mean=0.3144±0.7237 [-0.9334-0.9774]
      [Iter 100] Fitness: current=1789.6088, best=1789.6088, diversity=4.902924
      [Iter 100] Reward: -1.0000
  [Iter 100/1000] Best: 1789.6088 | Alpha: 0.2000
MPSORL iteration: 950/1000 - Best fitness: 1577.1426
      [Iter  50] Action stats: mean=-0.1305±0.6697 [-0.9250-0.9384]
  [Iter  50/1000] Best: 1867.8706 | Alpha: 0.2000
      [Iter 150] Action stats: mean=0.0975±0.6774 [-0.7721-0.8041]
      [Iter 100] Action stats: mean=0.0429±0.6874 [-0.8431-0.8317]
      [Iter 100] Fitness: current=1689.4216, best=1689.4216, diversity=5.119025
      [Iter 100] Reward: -1.0000
  [Iter 100/1000] Best: 1689.4216 | Alpha: 0.2000
      [Iter 150] Action stats: mean=0.0010±0.7431 [-0.8794-0.9306]
  [Iter 150/1000] Best: 1685.7114 | Alpha: 0.1986
  [Iter 150/1000] Best: 1734.9489 | Alpha: 0.1986
      [Iter 400] Action stats: mean=-0.1168±0.7152 [-0.9669-0.9206]
      [Iter 400] Fitness: current=1601.6963, best=1601.6963, diversity=1.709810
      [Iter 400] Reward: -1.0000
  [Iter 400/1000] Best: 1601.6963 | Alpha: 0.1843
MPSORL iteration: 1000/1000 - Best fitness: 1824.1006
MPSORL completed with final fitness: 1824.1006

========== Planning Complete ==========
Algorithm: MPSORL
Execution time: 36.0724 seconds
Path length: 153.2088 units
Waypoints: 7
Best fitness: 1824.1006
========================================


========== Direct Global Planning ==========
Algorithm: RRSACPSO
Start: [10.0, 95.0, 10.0]
Goal:  [97.0, 2.0, 10.0]
============================================


╔══════════════════════════════════════════════════════════╗
║              RRSACPSO Global Path Planning              ║
╚══════════════════════════════════════════════════════════╝

      [Iter 100] Action stats: mean=0.2536±0.5838 [-0.8859-0.8109]
      [Iter 100] Fitness: current=1830.3275, best=1830.3275, diversity=5.424310
      [Iter 100] Reward: -1.0000
  [Iter 100/1000] Best: 1830.3275 | Alpha: 0.2000
      [Iter 150] Action stats: mean=-0.1290±0.5555 [-0.9802-0.8417]
  [Iter 150/1000] Best: 1560.1122 | Alpha: 0.1986
MPSORL iteration: 900/1000 - Best fitness: 1628.6166

[Episode 1/1] Starting training...
  Config: mode=online, episodes=1, iterations=1000, popSize=40
      [Iter 200] Action stats: mean=-0.4201±0.6609 [-0.9269-0.9670]
      [Iter 200] Fitness: current=1630.5671, best=1630.5671, diversity=3.053657
      [Iter 200] Reward: -1.0000
      [Iter 550] Action stats: mean=-0.0710±0.6666 [-0.9630-0.7482]
  [Iter 550/1000] Best: 1587.9635 | Alpha: 0.1762
  [Iter 200/1000] Best: 1630.5671 | Alpha: 0.1957
      [Iter 400] Action stats: mean=0.2425±0.5466 [-0.7265-0.9567]
      [Iter 400] Fitness: current=1554.4952, best=1554.4952, diversity=2.620533
      [Iter 400] Reward: -1.0000
      [Iter 150] Action stats: mean=0.0899±0.8085 [-0.8793-0.9857]
  [Iter 150/1000] Best: 1688.4086 | Alpha: 0.1986
  [Iter 400/1000] Best: 1554.4952 | Alpha: 0.1843
MPSORL iteration: 1000/1000 - Best fitness: 1577.1426
MPSORL completed with final fitness: 1577.1426

========== Planning Complete ==========
Algorithm: MPSORL
Execution time: 36.5153 seconds
Path length: 193.7518 units
Waypoints: 7
Best fitness: 1577.1426
========================================


========== Direct Global Planning ==========
Algorithm: RRSACPSO
Start: [10.0, 95.0, 10.0]
Goal:  [97.0, 2.0, 10.0]
============================================


╔══════════════════════════════════════════════════════════╗
║              RRSACPSO Global Path Planning              ║
╚══════════════════════════════════════════════════════════╝


[Episode 1/1] Starting training...
  Config: mode=online, episodes=1, iterations=1000, popSize=40
      [Iter  50] Action stats: mean=-0.5020±0.4478 [-0.9873-0.4937]
  [Iter  50/1000] Best: 1770.0982 | Alpha: 0.2000
      [Iter 150] Action stats: mean=-0.1346±0.6665 [-0.9377-0.9882]
  [Iter 150/1000] Best: 1770.7744 | Alpha: 0.1986
      [Iter 100] Action stats: mean=0.2910±0.4237 [-0.6580-0.7637]
      [Iter 100] Fitness: current=1721.8777, best=1721.8777, diversity=4.165196
      [Iter 100] Reward: -1.0000
  [Iter 100/1000] Best: 1721.8777 | Alpha: 0.2000
MPSORL iteration: 950/1000 - Best fitness: 1628.6166
      [Iter  50] Action stats: mean=0.1303±0.7006 [-0.9972-0.8579]
  [Iter  50/1000] Best: 1736.0277 | Alpha: 0.2000
      [Iter 150] Action stats: mean=0.1669±0.6271 [-0.9305-0.8757]
  [Iter 150/1000] Best: 1679.2921 | Alpha: 0.1986
      [Iter 150] Action stats: mean=-0.3798±0.6390 [-0.9766-0.9641]
  [Iter 150/1000] Best: 1791.2106 | Alpha: 0.1986
      [Iter 100] Action stats: mean=-0.0686±0.7043 [-0.8739-0.8744]
      [Iter 100] Fitness: current=1715.7482, best=1715.7482, diversity=3.430608
      [Iter 100] Reward: -1.0000
  [Iter 100/1000] Best: 1715.7482 | Alpha: 0.2000
      [Iter 200] Action stats: mean=-0.0775±0.6046 [-0.9723-0.6490]
      [Iter 200] Fitness: current=1656.8707, best=1656.8707, diversity=3.640768
      [Iter 200] Reward: -1.0000
      [Iter 450] Action stats: mean=0.1160±0.6747 [-0.9969-0.9488]
      [Iter 200] Action stats: mean=-0.0458±0.5965 [-0.9986-0.7211]
      [Iter 200] Fitness: current=1719.3494, best=1719.3494, diversity=4.541733
      [Iter 200] Reward: 1.0000
  [Iter 200/1000] Best: 1719.3494 | Alpha: 0.1957
  [Iter 200/1000] Best: 1656.8707 | Alpha: 0.1957
  [Iter 450/1000] Best: 1601.2685 | Alpha: 0.1815
MPSORL iteration: 1000/1000 - Best fitness: 1628.6159
MPSORL completed with final fitness: 1628.6159

========== Planning Complete ==========
Algorithm: MPSORL
Execution time: 37.5810 seconds
Path length: 151.9587 units
Waypoints: 7
Best fitness: 1628.6159
========================================


========== Direct Global Planning ==========
Algorithm: RRSACPSO
Start: [10.0, 95.0, 10.0]
Goal:  [97.0, 2.0, 10.0]
============================================


╔══════════════════════════════════════════════════════════╗
║              RRSACPSO Global Path Planning              ║
╚══════════════════════════════════════════════════════════╝

      [Iter 600] Action stats: mean=-0.1510±0.5576 [-0.9167-0.7580]
      [Iter 600] Fitness: current=1570.7285, best=1570.7285, diversity=1.121451
      [Iter 600] Reward: -1.0000
      [Iter 250] Action stats: mean=-0.1545±0.6711 [-0.9737-0.7539]

[Episode 1/1] Starting training...
  Config: mode=online, episodes=1, iterations=1000, popSize=40
      [Iter 200] Action stats: mean=-0.1816±0.5897 [-0.9542-0.5991]
      [Iter 200] Fitness: current=1541.3874, best=1541.3874, diversity=2.655353
      [Iter 200] Reward: -1.0000
  [Iter 600/1000] Best: 1570.7285 | Alpha: 0.1735
  [Iter 250/1000] Best: 1611.0655 | Alpha: 0.1928
  [Iter 200/1000] Best: 1541.3874 | Alpha: 0.1957
      [Iter 450] Action stats: mean=0.0544±0.7791 [-0.7418-0.9514]
  [Iter 450/1000] Best: 1545.0291 | Alpha: 0.1815
      [Iter 150] Action stats: mean=0.0332±0.7106 [-0.8144-0.8707]
  [Iter 150/1000] Best: 1712.9781 | Alpha: 0.1986
      [Iter 200] Action stats: mean=0.1283±0.6489 [-0.6213-0.8604]
      [Iter 200] Fitness: current=1681.8568, best=1681.8568, diversity=3.951800
      [Iter 200] Reward: 1.0000
  [Iter 200/1000] Best: 1681.8568 | Alpha: 0.1957
      [Iter  50] Action stats: mean=-0.0108±0.6868 [-0.9084-0.8755]
  [Iter  50/1000] Best: 1788.2352 | Alpha: 0.2000
      [Iter 200] Action stats: mean=0.2404±0.6282 [-0.9690-0.8279]
      [Iter 200] Fitness: current=1753.4288, best=1753.4288, diversity=2.811321
      [Iter 200] Reward: -1.0000
  [Iter 200/1000] Best: 1753.4288 | Alpha: 0.1957
      [Iter 100] Action stats: mean=-0.1328±0.5710 [-0.9082-0.7063]
      [Iter 100] Fitness: current=1734.9650, best=1734.9650, diversity=4.143123
      [Iter 100] Reward: -1.0000
  [Iter 100/1000] Best: 1734.9650 | Alpha: 0.2000
      [Iter 150] Action stats: mean=-0.4073±0.5495 [-0.9921-0.9121]
  [Iter 150/1000] Best: 1699.9417 | Alpha: 0.1986
      [Iter 200] Action stats: mean=-0.1470±0.4624 [-0.9676-0.4998]
      [Iter 200] Fitness: current=1666.6210, best=1666.6210, diversity=4.027327
      [Iter 200] Reward: -1.0000
  [Iter 200/1000] Best: 1666.6210 | Alpha: 0.1957
      [Iter 200] Action stats: mean=0.1569±0.6991 [-0.9139-0.9506]
      [Iter 200] Fitness: current=1724.0825, best=1724.0825, diversity=4.251976
      [Iter 200] Reward: -1.0000
  [Iter 200/1000] Best: 1724.0825 | Alpha: 0.1957
      [Iter 500] Action stats: mean=0.1072±0.5818 [-0.7875-0.9148]
      [Iter 500] Fitness: current=1598.3164, best=1598.3164, diversity=0.364713
      [Iter 500] Reward: -1.0000
      [Iter 250] Action stats: mean=-0.4323±0.4946 [-0.9494-0.3339]
  [Iter 500/1000] Best: 1598.3164 | Alpha: 0.1788
      [Iter 250] Action stats: mean=-0.0438±0.7144 [-0.7519-0.9297]
  [Iter 250/1000] Best: 1644.9380 | Alpha: 0.1928
  [Iter 250/1000] Best: 1715.2938 | Alpha: 0.1928
      [Iter 650] Action stats: mean=0.1322±0.5707 [-0.7750-0.7289]
      [Iter 300] Action stats: mean=-0.1066±0.7315 [-0.9348-0.9200]
      [Iter 300] Fitness: current=1601.4998, best=1601.4998, diversity=2.271200
      [Iter 300] Reward: -1.0000
  [Iter 300/1000] Best: 1601.4998 | Alpha: 0.1899
      [Iter 250] Action stats: mean=0.2186±0.5991 [-0.7141-0.7972]
  [Iter 650/1000] Best: 1569.5071 | Alpha: 0.1710
      [Iter 500] Action stats: mean=0.2563±0.7007 [-0.9767-0.9679]
      [Iter 500] Fitness: current=1537.6169, best=1537.6169, diversity=1.193400
      [Iter 500] Reward: -1.0000
  [Iter 250/1000] Best: 1536.3805 | Alpha: 0.1928
      [Iter 250] Action stats: mean=0.2512±0.6248 [-0.9592-0.9792]
  [Iter 250/1000] Best: 1681.3206 | Alpha: 0.1928
  [Iter 500/1000] Best: 1537.6169 | Alpha: 0.1788
      [Iter 150] Action stats: mean=0.0975±0.7407 [-0.9317-0.9882]
  [Iter 150/1000] Best: 1694.6195 | Alpha: 0.1986
      [Iter 250] Action stats: mean=0.1994±0.6520 [-0.9914-0.9781]
      [Iter 200] Action stats: mean=-0.1683±0.5451 [-0.9827-0.6016]
      [Iter 200] Fitness: current=1708.7459, best=1708.7459, diversity=2.975155
      [Iter 200] Reward: -1.0000
  [Iter 200/1000] Best: 1708.7459 | Alpha: 0.1957
  [Iter 250/1000] Best: 1731.3989 | Alpha: 0.1928
      [Iter 250] Action stats: mean=-0.0601±0.6270 [-0.9171-0.9941]
  [Iter 250/1000] Best: 1646.1299 | Alpha: 0.1928
      [Iter 200] Action stats: mean=0.0398±0.4603 [-0.5656-0.8847]
      [Iter 200] Fitness: current=1698.6264, best=1698.6264, diversity=2.596299
      [Iter 200] Reward: -1.0000
  [Iter 200/1000] Best: 1698.6264 | Alpha: 0.1957
      [Iter 250] Action stats: mean=-0.0049±0.6189 [-0.8399-0.7685]
      [Iter 550] Action stats: mean=-0.2527±0.4604 [-0.8534-0.3550]
  [Iter 250/1000] Best: 1688.1208 | Alpha: 0.1928
  [Iter 550/1000] Best: 1597.2898 | Alpha: 0.1762
      [Iter 300] Action stats: mean=-0.3284±0.7281 [-0.9931-0.8688]
      [Iter 300] Fitness: current=1625.5800, best=1625.5800, diversity=2.829360
      [Iter 300] Reward: -1.0000
      [Iter 300] Action stats: mean=-0.0736±0.5500 [-0.6812-0.7001]
      [Iter 300] Fitness: current=1684.1638, best=1684.1638, diversity=3.531141
      [Iter 300] Reward: 1.0000
  [Iter 300/1000] Best: 1684.1638 | Alpha: 0.1899
  [Iter 300/1000] Best: 1625.5800 | Alpha: 0.1899
      [Iter 700] Action stats: mean=0.0404±0.5195 [-0.7435-0.9395]
      [Iter 700] Fitness: current=1569.1628, best=1569.1628, diversity=0.595349
      [Iter 700] Reward: 1.0000
  [Iter 700/1000] Best: 1569.1628 | Alpha: 0.1684
      [Iter 350] Action stats: mean=0.1751±0.5666 [-0.6130-0.7971]
      [Iter 300] Action stats: mean=-0.0318±0.6354 [-0.9291-0.6767]
      [Iter 300] Fitness: current=1533.7876, best=1533.7876, diversity=1.930044
      [Iter 300] Reward: -1.0000
  [Iter 300/1000] Best: 1533.7876 | Alpha: 0.1899
  [Iter 350/1000] Best: 1596.3091 | Alpha: 0.1871
      [Iter 550] Action stats: mean=0.1877±0.6330 [-0.6718-0.9840]
  [Iter 550/1000] Best: 1534.3571 | Alpha: 0.1762
      [Iter 300] Action stats: mean=-0.0399±0.6703 [-0.9745-0.8592]
      [Iter 300] Fitness: current=1657.1758, best=1657.1758, diversity=3.353278
      [Iter 300] Reward: 1.0000
  [Iter 300/1000] Best: 1657.1758 | Alpha: 0.1899
      [Iter 250] Action stats: mean=0.3005±0.5187 [-0.8252-0.8764]
  [Iter 250/1000] Best: 1673.3361 | Alpha: 0.1928
      [Iter 200] Action stats: mean=0.5657±0.4731 [-0.4362-0.9833]
      [Iter 200] Fitness: current=1694.6195, best=1694.6195, diversity=4.872361
      [Iter 200] Reward: -1.0000
  [Iter 200/1000] Best: 1694.6195 | Alpha: 0.1957
      [Iter 300] Action stats: mean=-0.0987±0.5779 [-0.9466-0.7826]
      [Iter 300] Fitness: current=1724.3961, best=1724.3961, diversity=2.458841
      [Iter 300] Reward: -1.0000
  [Iter 300/1000] Best: 1724.3961 | Alpha: 0.1899
      [Iter 300] Action stats: mean=0.2097±0.7226 [-0.8668-0.9641]
      [Iter 300] Fitness: current=1645.9389, best=1645.9389, diversity=2.577237
      [Iter 300] Reward: -1.0000
  [Iter 300/1000] Best: 1645.9389 | Alpha: 0.1899
      [Iter 250] Action stats: mean=-0.2219±0.4600 [-0.9385-0.5023]
  [Iter 250/1000] Best: 1697.9863 | Alpha: 0.1928
      [Iter 300] Action stats: mean=0.5076±0.3382 [-0.1200-0.8483]
      [Iter 300] Fitness: current=1686.8791, best=1686.8791, diversity=2.431425
      [Iter 300] Reward: 1.0000
  [Iter 300/1000] Best: 1686.8791 | Alpha: 0.1899
      [Iter 600] Action stats: mean=-0.1696±0.5822 [-0.9361-0.9062]
      [Iter 600] Fitness: current=1597.1384, best=1597.1384, diversity=0.159995
      [Iter 600] Reward: 1.0000
  [Iter 600/1000] Best: 1597.1384 | Alpha: 0.1735
      [Iter 350] Action stats: mean=-0.1048±0.6579 [-0.8619-0.9713]
      [Iter 350] Action stats: mean=-0.4485±0.5260 [-0.8481-0.8411]
  [Iter 350/1000] Best: 1622.6108 | Alpha: 0.1871
  [Iter 350/1000] Best: 1630.6849 | Alpha: 0.1871
      [Iter 750] Action stats: mean=-0.1126±0.5777 [-0.9548-0.7802]
      [Iter 350] Action stats: mean=-0.0918±0.6654 [-0.9133-0.9933]
  [Iter 750/1000] Best: 1569.0999 | Alpha: 0.1659
      [Iter 400] Action stats: mean=-0.3488±0.4666 [-0.9026-0.5103]
      [Iter 400] Fitness: current=1588.6451, best=1588.6451, diversity=1.954280
      [Iter 400] Reward: -1.0000
  [Iter 400/1000] Best: 1588.6451 | Alpha: 0.1843
  [Iter 350/1000] Best: 1529.6956 | Alpha: 0.1871
      [Iter 600] Action stats: mean=-0.2713±0.6605 [-0.8440-0.9971]
      [Iter 600] Fitness: current=1534.0689, best=1534.0689, diversity=0.336207
      [Iter 600] Reward: -1.0000
  [Iter 600/1000] Best: 1534.0689 | Alpha: 0.1735
      [Iter 350] Action stats: mean=-0.1072±0.6676 [-0.9793-0.9553]
  [Iter 350/1000] Best: 1645.5257 | Alpha: 0.1871
      [Iter 300] Action stats: mean=-0.0103±0.6428 [-0.8315-0.8220]
      [Iter 300] Fitness: current=1670.7656, best=1670.7656, diversity=2.255269
      [Iter 300] Reward: -1.0000
      [Iter 250] Action stats: mean=0.1436±0.4988 [-0.8938-0.9642]
  [Iter 250/1000] Best: 1694.6195 | Alpha: 0.1928
  [Iter 300/1000] Best: 1670.7656 | Alpha: 0.1899
      [Iter 350] Action stats: mean=-0.3159±0.4688 [-0.8936-0.4274]
  [Iter 350/1000] Best: 1719.8086 | Alpha: 0.1871
      [Iter 350] Action stats: mean=0.0297±0.6889 [-0.7205-0.9503]
  [Iter 350/1000] Best: 1634.1204 | Alpha: 0.1871
      [Iter 300] Action stats: mean=0.0985±0.7729 [-0.9201-0.9390]
      [Iter 350] Action stats: mean=-0.2282±0.6255 [-0.9029-0.9616]
      [Iter 300] Fitness: current=1692.3802, best=1692.3802, diversity=2.181205
      [Iter 300] Reward: -1.0000
  [Iter 300/1000] Best: 1692.3802 | Alpha: 0.1899
  [Iter 350/1000] Best: 1652.4750 | Alpha: 0.1871
      [Iter 650] Action stats: mean=-0.2213±0.4967 [-0.8485-0.5090]
  [Iter 650/1000] Best: 1597.1126 | Alpha: 0.1710
      [Iter 400] Action stats: mean=0.1865±0.5353 [-0.6357-0.8022]
      [Iter 400] Fitness: current=1597.7436, best=1597.7436, diversity=1.875085
      [Iter 400] Reward: -1.0000
  [Iter 400/1000] Best: 1597.7436 | Alpha: 0.1843
      [Iter 400] Action stats: mean=-0.2669±0.5166 [-0.7380-0.6724]
      [Iter 400] Fitness: current=1616.4137, best=1616.4137, diversity=1.686240
      [Iter 400] Reward: -1.0000
  [Iter 400/1000] Best: 1616.4137 | Alpha: 0.1843
      [Iter 450] Action stats: mean=-0.1633±0.6943 [-0.9327-0.8520]
  [Iter 450/1000] Best: 1578.8782 | Alpha: 0.1815
      [Iter 400] Action stats: mean=0.0112±0.5210 [-0.7938-0.7868]
      [Iter 800] Action stats: mean=0.0923±0.5931 [-0.5779-0.9368]
      [Iter 800] Fitness: current=1569.0901, best=1569.0901, diversity=0.279402
      [Iter 800] Reward: 1.0000
  [Iter 800/1000] Best: 1569.0901 | Alpha: 0.1634
      [Iter 650] Action stats: mean=-0.0827±0.5850 [-0.8643-0.8908]
      [Iter 400] Fitness: current=1528.1774, best=1528.1774, diversity=0.733164
      [Iter 400] Reward: -1.0000
  [Iter 400/1000] Best: 1528.1774 | Alpha: 0.1843
      [Iter 400] Action stats: mean=0.2495±0.6349 [-0.6475-0.9363]
      [Iter 400] Fitness: current=1623.0552, best=1623.0552, diversity=3.488080
      [Iter 400] Reward: -1.0000
  [Iter 400/1000] Best: 1623.0552 | Alpha: 0.1843
  [Iter 650/1000] Best: 1533.5517 | Alpha: 0.1710
      [Iter 350] Action stats: mean=-0.5499±0.4678 [-0.8995-0.4222]
  [Iter 350/1000] Best: 1657.0744 | Alpha: 0.1871
      [Iter 400] Action stats: mean=-0.0417±0.5042 [-0.8356-0.5185]
      [Iter 400] Fitness: current=1714.4600, best=1714.4600, diversity=1.422749
      [Iter 400] Reward: -1.0000
  [Iter 400/1000] Best: 1714.4600 | Alpha: 0.1843
      [Iter 300] Action stats: mean=0.1250±0.5388 [-0.7124-0.9898]
      [Iter 300] Fitness: current=1681.8776, best=1681.8776, diversity=3.131802
      [Iter 300] Reward: -1.0000
  [Iter 300/1000] Best: 1681.8776 | Alpha: 0.1899
      [Iter 400] Action stats: mean=0.2659±0.4402 [-0.3832-0.9782]
      [Iter 400] Fitness: current=1627.0332, best=1627.0332, diversity=3.307795
      [Iter 400] Reward: -1.0000
  [Iter 400/1000] Best: 1627.0332 | Alpha: 0.1843
      [Iter 350] Action stats: mean=-0.0603±0.5167 [-0.8137-0.8620]
      [Iter 700] Action stats: mean=-0.1967±0.6738 [-0.9925-0.7422]
  [Iter 350/1000] Best: 1689.0113 | Alpha: 0.1871
      [Iter 400] Action stats: mean=-0.1563±0.5051 [-0.8736-0.6310]
      [Iter 400] Fitness: current=1641.7567, best=1641.7567, diversity=1.223186
      [Iter 400] Reward: -1.0000
  [Iter 400/1000] Best: 1641.7567 | Alpha: 0.1843
      [Iter 700] Fitness: current=1596.6562, best=1596.6562, diversity=0.014039
      [Iter 700] Reward: 1.0000
  [Iter 700/1000] Best: 1596.6562 | Alpha: 0.1684
      [Iter 450] Action stats: mean=-0.1566±0.6487 [-0.8985-0.9434]
      [Iter 450] Action stats: mean=-0.0516±0.6136 [-0.9918-0.8765]
  [Iter 450/1000] Best: 1613.9033 | Alpha: 0.1815
      [Iter 850] Action stats: mean=-0.1610±0.4702 [-0.6811-0.9005]
      [Iter 500] Action stats: mean=0.2306±0.6039 [-0.9214-0.9716]
      [Iter 500] Fitness: current=1574.1058, best=1574.1058, diversity=1.588940
      [Iter 500] Reward: 1.0000
  [Iter 500/1000] Best: 1574.1058 | Alpha: 0.1788
  [Iter 450/1000] Best: 1570.9880 | Alpha: 0.1815
      [Iter 450] Action stats: mean=-0.2309±0.5290 [-0.9543-0.5825]
  [Iter 850/1000] Best: 1569.0896 | Alpha: 0.1610
      [Iter 700] Action stats: mean=0.0631±0.5061 [-0.8967-0.8191]
      [Iter 700] Fitness: current=1532.3634, best=1532.3634, diversity=0.219413
      [Iter 700] Reward: -1.0000
  [Iter 700/1000] Best: 1532.3634 | Alpha: 0.1684
  [Iter 450/1000] Best: 1525.5429 | Alpha: 0.1815
      [Iter 450] Action stats: mean=0.1678±0.5792 [-0.6401-0.9783]
  [Iter 450/1000] Best: 1596.2224 | Alpha: 0.1815
      [Iter 400] Action stats: mean=-0.0522±0.5854 [-0.8669-0.9242]
      [Iter 400] Fitness: current=1652.9049, best=1652.9049, diversity=1.374089
      [Iter 400] Reward: -1.0000
      [Iter 350] Action stats: mean=0.1514±0.7523 [-0.9288-0.9206]
  [Iter 400/1000] Best: 1652.9049 | Alpha: 0.1843
      [Iter 450] Action stats: mean=0.1325±0.6379 [-0.9887-0.9975]
  [Iter 450/1000] Best: 1712.8232 | Alpha: 0.1815
  [Iter 350/1000] Best: 1659.8140 | Alpha: 0.1871
      [Iter 450] Action stats: mean=0.2331±0.5505 [-0.6763-0.9639]
  [Iter 450/1000] Best: 1605.0555 | Alpha: 0.1815
      [Iter 450] Action stats: mean=0.4114±0.3662 [-0.2043-0.9731]
  [Iter 450/1000] Best: 1633.3900 | Alpha: 0.1815
      [Iter 750] Action stats: mean=-0.0654±0.6541 [-0.9507-0.9431]
      [Iter 400] Action stats: mean=-0.1566±0.7113 [-0.9338-0.7528]
      [Iter 400] Fitness: current=1683.9891, best=1683.9891, diversity=1.639860
      [Iter 400] Reward: 1.0000
  [Iter 400/1000] Best: 1683.9891 | Alpha: 0.1843
  [Iter 750/1000] Best: 1596.5745 | Alpha: 0.1659
      [Iter 900] Action stats: mean=0.1377±0.5953 [-0.5582-0.9803]
      [Iter 900] Fitness: current=1569.0895, best=1569.0895, diversity=0.005185
      [Iter 900] Reward: 1.0000
  [Iter 900/1000] Best: 1569.0895 | Alpha: 0.1586
      [Iter 500] Action stats: mean=-0.2841±0.5105 [-0.9688-0.7638]
      [Iter 500] Fitness: current=1565.3358, best=1565.3358, diversity=0.128205
      [Iter 500] Reward: -1.0000
  [Iter 500/1000] Best: 1565.3358 | Alpha: 0.1788
      [Iter 500] Action stats: mean=0.0771±0.7284 [-0.7519-0.9566]
      [Iter 500] Fitness: current=1608.3745, best=1608.3745, diversity=0.702831
      [Iter 500] Reward: 1.0000
  [Iter 500/1000] Best: 1608.3745 | Alpha: 0.1788
      [Iter 750] Action stats: mean=0.3040±0.6189 [-0.8279-0.9005]
  [Iter 750/1000] Best: 1532.2275 | Alpha: 0.1659
      [Iter 500] Action stats: mean=-0.3227±0.4589 [-0.9819-0.4855]
      [Iter 550] Action stats: mean=-0.1962±0.6333 [-0.9009-0.9201]
  [Iter 550/1000] Best: 1572.5313 | Alpha: 0.1762
      [Iter 500] Action stats: mean=-0.2131±0.5170 [-0.7154-0.8285]
      [Iter 500] Fitness: current=1521.2711, best=1521.2711, diversity=0.570111
      [Iter 500] Reward: -1.0000
      [Iter 500] Fitness: current=1593.5189, best=1593.5189, diversity=0.974177
      [Iter 500] Reward: 1.0000
  [Iter 500/1000] Best: 1593.5189 | Alpha: 0.1788
  [Iter 500/1000] Best: 1521.2711 | Alpha: 0.1788
      [Iter 450] Action stats: mean=0.2042±0.3927 [-0.2414-0.7903]
  [Iter 450/1000] Best: 1651.1215 | Alpha: 0.1815
      [Iter 500] Action stats: mean=0.1071±0.5865 [-0.9470-0.8928]
      [Iter 400] Action stats: mean=-0.0183±0.5569 [-0.9326-0.5957]
      [Iter 400] Fitness: current=1643.2437, best=1643.2437, diversity=3.326536
      [Iter 400] Reward: -1.0000
      [Iter 500] Fitness: current=1710.3090, best=1710.3090, diversity=1.117616
      [Iter 500] Reward: 1.0000
  [Iter 500/1000] Best: 1710.3090 | Alpha: 0.1788
  [Iter 400/1000] Best: 1643.2437 | Alpha: 0.1843
      [Iter 500] Action stats: mean=0.0625±0.4350 [-0.4309-0.7738]
      [Iter 500] Fitness: current=1630.3531, best=1630.3531, diversity=0.578214
      [Iter 500] Reward: 1.0000
  [Iter 500/1000] Best: 1630.3531 | Alpha: 0.1788
      [Iter 500] Action stats: mean=-0.1149±0.7137 [-0.9958-0.8846]
      [Iter 500] Fitness: current=1594.6200, best=1594.6200, diversity=1.944735
      [Iter 500] Reward: -1.0000
  [Iter 500/1000] Best: 1594.6200 | Alpha: 0.1788
      [Iter 800] Action stats: mean=-0.1088±0.5660 [-0.9883-0.6090]
      [Iter 800] Fitness: current=1596.5691, best=1596.5691, diversity=0.000001
      [Iter 800] Reward: 1.0000
  [Iter 800/1000] Best: 1596.5691 | Alpha: 0.1634
      [Iter 450] Action stats: mean=-0.0981±0.7684 [-0.8941-0.9521]
  [Iter 450/1000] Best: 1682.9477 | Alpha: 0.1815
      [Iter 950] Action stats: mean=0.2839±0.5094 [-0.7635-0.9163]
  [Iter 950/1000] Best: 1569.0895 | Alpha: 0.1563
      [Iter 550] Action stats: mean=-0.1504±0.6517 [-0.9443-0.8409]
  [Iter 550/1000] Best: 1564.2214 | Alpha: 0.1762
      [Iter 800] Action stats: mean=0.2171±0.5533 [-0.7502-0.9404]
      [Iter 800] Fitness: current=1532.1607, best=1532.1607, diversity=0.277235
      [Iter 800] Reward: -1.0000
  [Iter 800/1000] Best: 1532.1607 | Alpha: 0.1634
      [Iter 550] Action stats: mean=-0.1824±0.6754 [-0.8451-0.8591]
  [Iter 550/1000] Best: 1606.8879 | Alpha: 0.1762
      [Iter 600] Action stats: mean=-0.0838±0.7802 [-0.9991-0.9695]
      [Iter 600] Fitness: current=1565.2981, best=1565.2981, diversity=0.781672
      [Iter 600] Reward: -1.0000
  [Iter 600/1000] Best: 1565.2981 | Alpha: 0.1735
      [Iter 550] Action stats: mean=-0.1625±0.6736 [-0.8996-0.9110]
  [Iter 550/1000] Best: 1592.0318 | Alpha: 0.1762
      [Iter 550] Action stats: mean=-0.1282±0.5201 [-0.7666-0.7648]
  [Iter 550/1000] Best: 1520.7949 | Alpha: 0.1762
      [Iter 500] Action stats: mean=-0.2280±0.6940 [-0.9155-0.7731]
      [Iter 500] Fitness: current=1649.5883, best=1649.5883, diversity=1.225697
      [Iter 500] Reward: 1.0000
  [Iter 500/1000] Best: 1649.5883 | Alpha: 0.1788
      [Iter 550] Action stats: mean=-0.1736±0.6458 [-0.9361-0.9747]
  [Iter 550/1000] Best: 1625.7988 | Alpha: 0.1762
      [Iter 450] Action stats: mean=0.3825±0.6817 [-0.9616-0.9589]
      [Iter 550] Action stats: mean=-0.2395±0.5381 [-0.8672-0.7883]
  [Iter 550/1000] Best: 1587.9841 | Alpha: 0.1762
  [Iter 450/1000] Best: 1617.7070 | Alpha: 0.1815
      [Iter 550] Action stats: mean=0.3103±0.5747 [-0.9234-0.8506]
  [Iter 550/1000] Best: 1626.4074 | Alpha: 0.1762
      [Iter 850] Action stats: mean=-0.0656±0.7153 [-0.9610-0.8660]
  [Iter 850/1000] Best: 1596.5691 | Alpha: 0.1610
      [Iter 500] Action stats: mean=0.2128±0.5687 [-0.8161-0.9089]
      [Iter 500] Fitness: current=1681.7306, best=1681.7306, diversity=1.527902
      [Iter 500] Reward: 1.0000
  [Iter 500/1000] Best: 1681.7306 | Alpha: 0.1788
      [Iter 600] Action stats: mean=-0.2165±0.4898 [-0.9435-0.5703]
      [Iter 600] Fitness: current=1562.7430, best=1562.7430, diversity=0.002115
      [Iter 600] Reward: -1.0000
  [Iter 600/1000] Best: 1562.7430 | Alpha: 0.1735
      [Iter 1000] Action stats: mean=0.1327±0.5773 [-0.6646-0.9385]
      [Iter 1000] Fitness: current=1569.0895, best=1569.0895, diversity=0.002397
      [Iter 1000] Reward: 1.0000
  [Iter 1000/1000] Best: 1569.0895 | Alpha: 0.1540

╔════════════════════════════════════════════════════════════╗
║              RRSACPSO TRAINING COMPLETE                   ║
╚════════════════════════════════════════════════════════════╝
  Mode:              online
  Episodes:          1
  Iterations/Ep:     1000
  Population Size:   40
  Best Fitness:      1569.0895
  Path Length:       5 waypoints


========== Planning Complete ==========
Algorithm: RRSACPSO
Execution time: 68.1035 seconds
Path length: 151.2186 units
Waypoints: 7
Best fitness: 1569.0895
========================================

      [Iter 600] Action stats: mean=0.1313±0.7192 [-0.8710-0.9947]
      [Iter 600] Fitness: current=1606.7131, best=1606.7131, diversity=0.047241
      [Iter 600] Reward: 1.0000
  [Iter 600/1000] Best: 1606.7131 | Alpha: 0.1735

========== Direct Global Planning ==========
Algorithm: RLAMPSO
Start: [10.0, 95.0, 10.0]
Goal:  [97.0, 2.0, 10.0]
============================================


╔════════════════════════════════════════════════════════╗
║     RLAM-PSO Configuration (GPU-Optimized)            ║
╚════════════════════════════════════════════════════════╝

Mode: baseline

--- Features Enabled ---
  Transformer State: OFF (state: 15D)
  TD3:               OFF
  PER:               OFF
  Curriculum:        OFF

--- Compute Configuration ---
  Mode:              GPU-Optimized Sequential
  GPU:               OFF (CPU fallback)
  Parallel:          OFF (disabled for dlnetwork compatibility)

--- Training Parameters ---
  Episodes:          100
  Population:        40
  Max Iterations:    600
  Batch Size:        256 (GPU-optimized)
  Actor LR:          0.00010
  Critic LR:         0.00100

--- GPU Optimization (2025) ---
  Gradient Steps/Call:  1
  Train Every:          1 iterations
  Mid-Episode Training: ON
  Estimated UTD Ratio:  ~600.0

════════════════════════════════════════════════════════


╔════════════════════════════════════════════════════════╗
║     RLAM-PSO Configuration (GPU-Optimized)            ║
╚════════════════════════════════════════════════════════╝

Mode: baseline

--- Features Enabled ---
  Transformer State: OFF (state: 15D)
  TD3:               OFF
  PER:               OFF
  Curriculum:        OFF

--- Compute Configuration ---
  Mode:              GPU-Optimized Sequential
  GPU:               OFF (CPU fallback)
  Parallel:          OFF (disabled for dlnetwork compatibility)

--- Training Parameters ---
  Episodes:          100
  Population:        40
  Max Iterations:    600
  Batch Size:        256 (GPU-optimized)
  Actor LR:          0.00010
  Critic LR:         0.00100

--- GPU Optimization (2025) ---
  Gradient Steps/Call:  1
  Train Every:          1 iterations
  Mid-Episode Training: ON
  Estimated UTD Ratio:  ~600.0

════════════════════════════════════════════════════════

      [Iter 650] Action stats: mean=-0.2484±0.4579 [-0.7008-0.6633]
  [Iter 650/1000] Best: 1564.7406 | Alpha: 0.1711
      [Iter 850] Action stats: mean=0.1466±0.6081 [-0.7292-0.8824]
  [Iter 850/1000] Best: 1532.0193 | Alpha: 0.1610
      [Iter 600] Action stats: mean=-0.1748±0.5516 [-0.8249-0.9792]
      [Iter 600] Fitness: current=1591.7665, best=1591.7665, diversity=0.388009
      [Iter 600] Reward: 1.0000
  [Iter 600/1000] Best: 1591.7665 | Alpha: 0.1735
      [Iter 600] Action stats: mean=0.0272±0.5823 [-0.7842-0.8500]
      [Iter 600] Fitness: current=1520.4274, best=1520.4274, diversity=0.503922
      [Iter 600] Reward: -1.0000
  [Iter 600/1000] Best: 1520.4274 | Alpha: 0.1735
      [Iter 550] Action stats: mean=0.0261±0.6501 [-0.8683-0.8715]
  [Iter 550/1000] Best: 1649.5233 | Alpha: 0.1762
      [Iter 600] Action stats: mean=0.1148±0.5966 [-0.8716-0.9011]
      [Iter 600] Fitness: current=1574.4748, best=1574.4748, diversity=1.543815
      [Iter 600] Reward: 1.0000
      [Iter 500] Action stats: mean=-0.0117±0.5426 [-0.9765-0.5544]
      [Iter 500] Fitness: current=1613.1813, best=1613.1813, diversity=1.336945
      [Iter 500] Reward: -1.0000
  [Iter 500/1000] Best: 1613.1813 | Alpha: 0.1788
      [Iter 600] Action stats: mean=-0.0851±0.6045 [-0.7899-0.8423]
      [Iter 600] Fitness: current=1586.0473, best=1586.0473, diversity=0.747430
      [Iter 600] Reward: -1.0000
  [Iter 600/1000] Best: 1574.4748 | Alpha: 0.1735
      [Iter 600] Action stats: mean=0.0873±0.7205 [-0.8279-0.9799]
      [Iter 600] Fitness: current=1625.8951, best=1625.8951, diversity=0.556930
      [Iter 600] Reward: -1.0000
  [Iter 600/1000] Best: 1625.8951 | Alpha: 0.1735
  [Iter 600/1000] Best: 1586.0473 | Alpha: 0.1735
      [Iter 900] Action stats: mean=0.0183±0.6171 [-0.8949-0.8014]
      [Iter 900] Fitness: current=1596.5681, best=1596.5681, diversity=0.007109
      [Iter 900] Reward: 1.0000
      [Iter 550] Action stats: mean=-0.1381±0.4576 [-0.8067-0.6244]
  [Iter 900/1000] Best: 1596.5681 | Alpha: 0.1586
      [Iter 650] Action stats: mean=0.0775±0.5949 [-0.9274-0.6859]
  [Iter 550/1000] Best: 1681.7024 | Alpha: 0.1762
  [Iter 650/1000] Best: 1561.8638 | Alpha: 0.1710
      [Iter 650] Action stats: mean=-0.1165±0.7324 [-0.9802-0.8302]
      [Iter 700] Action stats: mean=0.2292±0.3467 [-0.2169-0.8356]
      [Iter 700] Fitness: current=1564.5623, best=1564.5623, diversity=0.284885
      [Iter 700] Reward: 1.0000
      [Iter 900] Action stats: mean=-0.0776±0.4897 [-0.8156-0.8767]
      [Iter 900] Fitness: current=1531.8993, best=1531.8993, diversity=0.159943
      [Iter 900] Reward: 1.0000
  [Iter 650/1000] Best: 1606.7010 | Alpha: 0.1710
  [Iter 700/1000] Best: 1564.5623 | Alpha: 0.1688
  [Iter 900/1000] Best: 1531.8993 | Alpha: 0.1586
[ACTION DEBUG iter 100] Raw action[1:3]: [0.8979, -0.5711, -0.5951], noise: 0.0500
[ACTION DEBUG iter 100] WARNING: 1/20 actions clipped (network saturating)
[RLAMPSO DEBUG iter 100] w=0.6487, c1=2.5000, c2=2.1747 | fitness=1744.20
      [Iter 650] Action stats: mean=0.0117±0.6851 [-0.9456-0.8956]
      [Iter 650] Action stats: mean=-0.3980±0.2994 [-0.9027-0.0524]
[REWARD DEBUG iter 100] FitnessImprovement: 0.0000 → Reward: -1.0000 (prevFit=1744.20, currFit=1744.20)
  [Iter 650/1000] Best: 1591.4057 | Alpha: 0.1710
  [Iter 650/1000] Best: 1520.3297 | Alpha: 0.1710
      [Iter 600] Action stats: mean=-0.1727±0.7149 [-0.8510-0.9642]
      [Iter 550] Action stats: mean=-0.5313±0.3842 [-0.9846-0.1479]
      [Iter 600] Fitness: current=1649.3416, best=1649.3416, diversity=0.429998
      [Iter 600] Reward: 1.0000
  [Iter 600/1000] Best: 1649.3416 | Alpha: 0.1735
      [Iter 650] Action stats: mean=-0.3686±0.2782 [-0.8629-0.1620]
  [Iter 650/1000] Best: 1584.0874 | Alpha: 0.1710
      [Iter 650] Action stats: mean=-0.1063±0.6068 [-0.8282-0.7449]
  [Iter 650/1000] Best: 1573.1396 | Alpha: 0.1710
  [Iter 550/1000] Best: 1603.2801 | Alpha: 0.1762
      [Iter 650] Action stats: mean=-0.1193±0.6122 [-0.8797-0.6364]
  [Iter 650/1000] Best: 1625.4918 | Alpha: 0.1710
      [Iter 950] Action stats: mean=-0.0829±0.4896 [-0.9749-0.6296]
  [Iter 950/1000] Best: 1596.5681 | Alpha: 0.1562
      [Iter 700] Action stats: mean=-0.3150±0.5755 [-0.9969-0.4099]
      [Iter 700] Fitness: current=1561.7006, best=1561.7006, diversity=0.000105
      [Iter 700] Reward: 1.0000
      [Iter 600] Action stats: mean=0.2780±0.6000 [-0.7226-0.8827]
      [Iter 600] Fitness: current=1681.6898, best=1681.6898, diversity=1.087355
      [Iter 600] Reward: -1.0000
  [Iter 700/1000] Best: 1561.7006 | Alpha: 0.1685
  [Iter 600/1000] Best: 1681.6898 | Alpha: 0.1736
      [Iter 700] Action stats: mean=0.0966±0.5263 [-0.7107-0.9379]
      [Iter 700] Fitness: current=1606.7008, best=1606.7008, diversity=0.004020
      [Iter 700] Reward: 1.0000
  [Iter 700/1000] Best: 1606.7008 | Alpha: 0.1684
      [Iter 750] Action stats: mean=-0.2168±0.7399 [-0.8905-0.8655]
  [Iter 750/1000] Best: 1564.4855 | Alpha: 0.1666
      [Iter 700] Action stats: mean=0.1113±0.6495 [-0.7126-0.9808]
      [Iter 700] Fitness: current=1590.3868, best=1590.3868, diversity=0.049900
      [Iter 700] Reward: 1.0000
      [Iter 950] Action stats: mean=0.0344±0.6690 [-0.9235-0.9374]
  [Iter 700/1000] Best: 1590.3868 | Alpha: 0.1684
  [Iter 950/1000] Best: 1531.8946 | Alpha: 0.1564
      [Iter 700] Action stats: mean=-0.2090±0.6006 [-0.8987-0.5551]
      [Iter 700] Fitness: current=1520.2504, best=1520.2504, diversity=0.113339
      [Iter 700] Reward: 1.0000
  [Iter 700/1000] Best: 1520.2504 | Alpha: 0.1684
[ACTION DEBUG iter 200] Raw action[1:3]: [0.8208, -0.7664, -0.5048], noise: 0.0500
[RLAMPSO DEBUG iter 200] w=0.5843, c1=2.4515, c2=2.0358 | fitness=1709.77
[REWARD DEBUG iter 200] FitnessImprovement: 6.7425 → Reward: +1.0000 (prevFit=1709.77, currFit=1703.03)
      [Iter 650] Action stats: mean=0.1394±0.6318 [-0.9434-0.9935]
  [Iter 650/1000] Best: 1649.3261 | Alpha: 0.1710
      [Iter 600] Action stats: mean=-0.1342±0.6396 [-0.8040-0.9559]
      [Iter 600] Fitness: current=1602.8159, best=1602.8159, diversity=0.604536
      [Iter 600] Reward: -1.0000
  [Iter 600/1000] Best: 1602.8159 | Alpha: 0.1735
      [Iter 700] Action stats: mean=-0.0638±0.5782 [-0.9235-0.6271]
      [Iter 700] Fitness: current=1573.1154, best=1573.1154, diversity=0.045164
      [Iter 700] Reward: 1.0000
  [Iter 700/1000] Best: 1573.1154 | Alpha: 0.1685
      [Iter 700] Action stats: mean=-0.1324±0.6971 [-0.9234-0.8356]
      [Iter 700] Fitness: current=1583.5729, best=1583.5729, diversity=0.220616
      [Iter 700] Reward: -1.0000
  [Iter 700/1000] Best: 1583.5729 | Alpha: 0.1684
      [Iter 650] Action stats: mean=0.0368±0.7253 [-0.9485-0.7145]
  [Iter 650/1000] Best: 1681.6880 | Alpha: 0.1710
      [Iter 700] Action stats: mean=-0.2442±0.6070 [-0.9510-0.5809]
      [Iter 700] Fitness: current=1625.4099, best=1625.4099, diversity=0.308778
      [Iter 700] Reward: -1.0000
      [Iter 1000] Action stats: mean=-0.0157±0.7389 [-0.9580-0.9149]
      [Iter 1000] Fitness: current=1596.5681, best=1596.5681, diversity=0.000000
      [Iter 1000] Reward: -1.0000
  [Iter 1000/1000] Best: 1596.5681 | Alpha: 0.1539

╔════════════════════════════════════════════════════════════╗
║              RRSACPSO TRAINING COMPLETE                   ║
╚════════════════════════════════════════════════════════════╝
  Mode:              online
  Episodes:          1
  Iterations/Ep:     1000
  Population Size:   40
  Best Fitness:      1596.5681
  Path Length:       5 waypoints


========== Planning Complete ==========
Algorithm: RRSACPSO
Execution time: 68.5862 seconds
Path length: 166.3195 units
Waypoints: 7
Best fitness: 1596.5681
========================================

      [Iter 750] Action stats: mean=-0.3217±0.6730 [-0.9606-0.9173]
  [Iter 700/1000] Best: 1625.4099 | Alpha: 0.1684

========== Direct Global Planning ==========
Algorithm: RLAMPSO
Start: [10.0, 95.0, 10.0]
Goal:  [97.0, 2.0, 10.0]
============================================


╔════════════════════════════════════════════════════════╗
║     RLAM-PSO Configuration (GPU-Optimized)            ║
╚════════════════════════════════════════════════════════╝

Mode: baseline

--- Features Enabled ---
  Transformer State: OFF (state: 15D)
  TD3:               OFF
  PER:               OFF
  Curriculum:        OFF

--- Compute Configuration ---
  Mode:              GPU-Optimized Sequential
  GPU:               OFF (CPU fallback)
  Parallel:          OFF (disabled for dlnetwork compatibility)

--- Training Parameters ---
  Episodes:          100
  Population:        40
  Max Iterations:    600
  Batch Size:        256 (GPU-optimized)
  Actor LR:          0.00010
  Critic LR:         0.00100

--- GPU Optimization (2025) ---
  Gradient Steps/Call:  1
  Train Every:          1 iterations
  Mid-Episode Training: ON
  Estimated UTD Ratio:  ~600.0

════════════════════════════════════════════════════════


╔════════════════════════════════════════════════════════╗
║     RLAM-PSO Configuration (GPU-Optimized)            ║
╚════════════════════════════════════════════════════════╝

Mode: baseline

--- Features Enabled ---
  Transformer State: OFF (state: 15D)
  TD3:               OFF
  PER:               OFF
  Curriculum:        OFF

--- Compute Configuration ---
  Mode:              GPU-Optimized Sequential
  GPU:               OFF (CPU fallback)
  Parallel:          OFF (disabled for dlnetwork compatibility)

--- Training Parameters ---
  Episodes:          100
  Population:        40
  Max Iterations:    600
  Batch Size:        256 (GPU-optimized)
  Actor LR:          0.00010
  Critic LR:         0.00100

--- GPU Optimization (2025) ---
  Gradient Steps/Call:  1
  Train Every:          1 iterations
  Mid-Episode Training: ON
  Estimated UTD Ratio:  ~600.0

════════════════════════════════════════════════════════

  [Iter 750/1000] Best: 1561.6998 | Alpha: 0.1661
      [Iter 750] Action stats: mean=-0.3861±0.7132 [-0.9827-0.6948]
      [Iter 750] Action stats: mean=-0.0208±0.7883 [-0.9670-0.9936]
      [Iter 800] Action stats: mean=-0.0437±0.6239 [-0.8843-0.8984]
      [Iter 800] Fitness: current=1564.4457, best=1564.4457, diversity=0.161155
      [Iter 800] Reward: 1.0000
  [Iter 800/1000] Best: 1564.4457 | Alpha: 0.1645
  [Iter 750/1000] Best: 1606.7008 | Alpha: 0.1659
  [Iter 750/1000] Best: 1590.3664 | Alpha: 0.1659
      [Iter 1000] Action stats: mean=-0.0189±0.7183 [-0.8382-0.9353]
      [Iter 1000] Fitness: current=1531.8699, best=1531.8699, diversity=0.134050
      [Iter 1000] Reward: 1.0000
  [Iter 1000/1000] Best: 1531.8699 | Alpha: 0.1543

╔════════════════════════════════════════════════════════════╗
║              RRSACPSO TRAINING COMPLETE                   ║
╚════════════════════════════════════════════════════════════╝
  Mode:              online
  Episodes:          1
  Iterations/Ep:     1000
  Population Size:   40
  Best Fitness:      1531.8699
  Path Length:       5 waypoints


========== Planning Complete ==========
Algorithm: RRSACPSO
Execution time: 68.9054 seconds
Path length: 152.4309 units
Waypoints: 7
Best fitness: 1531.8699
========================================

      [Iter 750] Action stats: mean=-0.1428±0.6925 [-0.9676-0.9097]
  [Iter 750/1000] Best: 1520.0683 | Alpha: 0.1659
[ACTION DEBUG iter 300] Raw action[1:3]: [0.1695, -0.6297, -0.5289], noise: 0.0500
[RLAMPSO DEBUG iter 300] w=0.4780, c1=2.3581, c2=1.9659 | fitness=1684.51
[REWARD DEBUG iter 300] FitnessImprovement: 0.0207 → Reward: +1.0000 (prevFit=1684.51, currFit=1684.49)
      [Iter 650] Action stats: mean=-0.4652±0.5406 [-0.8777-0.5024]
  [Iter 650/1000] Best: 1602.2306 | Alpha: 0.1710
      [Iter 700] Action stats: mean=0.2164±0.5106 [-0.8829-0.8345]
      [Iter 700] Fitness: current=1648.4174, best=1648.4174, diversity=0.883074
      [Iter 700] Reward: -1.0000
  [Iter 700/1000] Best: 1648.4174 | Alpha: 0.1684
      [Iter 750] Action stats: mean=-0.2480±0.5156 [-0.9751-0.5140]
  [Iter 750/1000] Best: 1572.3273 | Alpha: 0.1662
      [Iter 750] Action stats: mean=-0.1273±0.7688 [-0.9955-0.9995]
      [Iter 750] Action stats: mean=0.1050±0.6458 [-0.9930-0.7238]
  [Iter 750/1000] Best: 1625.3982 | Alpha: 0.1661
  [Iter 750/1000] Best: 1583.5207 | Alpha: 0.1659
      [Iter 700] Action stats: mean=-0.0252±0.6320 [-0.8342-0.8933]
      [Iter 700] Fitness: current=1681.6856, best=1681.6856, diversity=0.642724
      [Iter 700] Reward: 1.0000
  [Iter 700/1000] Best: 1681.6856 | Alpha: 0.1684
      [Iter 800] Action stats: mean=-0.0563±0.6994 [-0.9630-0.9251]
      [Iter 800] Fitness: current=1561.6984, best=1561.6984, diversity=0.000000
      [Iter 800] Reward: 1.0000
  [Iter 800/1000] Best: 1561.6984 | Alpha: 0.1640
      [Iter 850] Action stats: mean=-0.2139±0.6295 [-0.9040-0.9227]
[ACTION DEBUG iter 100] Raw action[1:3]: [0.5799, -0.4743, 0.1839], noise: 0.0500
[RLAMPSO DEBUG iter 100] w=0.5920, c1=1.5319, c2=1.5456 | fitness=1589.68
      [Iter 800] Action stats: mean=-0.2456±0.6514 [-0.9905-0.9573]
      [Iter 800] Fitness: current=1606.7008, best=1606.7008, diversity=0.011563
      [Iter 800] Reward: 1.0000
  [Iter 850/1000] Best: 1564.4422 | Alpha: 0.1624
[REWARD DEBUG iter 100] FitnessImprovement: 0.0628 → Reward: +1.0000 (prevFit=1589.68, currFit=1589.61)
  [Iter 800/1000] Best: 1606.7008 | Alpha: 0.1634
      [Iter 800] Action stats: mean=0.0972±0.6579 [-0.6468-0.9888]
      [Iter 800] Fitness: current=1590.3344, best=1590.3344, diversity=0.007398
      [Iter 800] Reward: 1.0000
  [Iter 800/1000] Best: 1590.3344 | Alpha: 0.1634
      [Iter 800] Action stats: mean=0.0443±0.7637 [-0.8844-0.9428]
      [Iter 800] Fitness: current=1519.9711, best=1519.9711, diversity=0.115421
      [Iter 800] Reward: 1.0000
  [Iter 800/1000] Best: 1519.9711 | Alpha: 0.1636
      [Iter 700] Action stats: mean=0.1105±0.7435 [-0.9885-0.9257]
      [Iter 700] Fitness: current=1602.1705, best=1602.1705, diversity=0.067145
      [Iter 700] Reward: 1.0000
  [Iter 700/1000] Best: 1602.1705 | Alpha: 0.1684
      [Iter 750] Action stats: mean=-0.3750±0.5372 [-0.8413-0.8576]
  [Iter 750/1000] Best: 1648.3411 | Alpha: 0.1659
      [Iter 800] Action stats: mean=-0.2289±0.6598 [-0.8666-0.7681]
      [Iter 800] Fitness: current=1582.7921, best=1582.7921, diversity=0.005318
      [Iter 800] Reward: 1.0000
      [Iter 800] Action stats: mean=-0.3197±0.4113 [-0.9071-0.3166]
      [Iter 800] Fitness: current=1572.1341, best=1572.1341, diversity=0.036610
      [Iter 800] Reward: -1.0000
  [Iter 800/1000] Best: 1572.1341 | Alpha: 0.1640
  [Iter 800/1000] Best: 1582.7921 | Alpha: 0.1634
      [Iter 750] Action stats: mean=0.2431±0.6183 [-0.6032-0.9555]
      [Iter 800] Action stats: mean=0.0675±0.7472 [-0.9594-0.9581]
      [Iter 800] Fitness: current=1625.3973, best=1625.3973, diversity=0.120613
      [Iter 800] Reward: 1.0000
  [Iter 800/1000] Best: 1625.3973 | Alpha: 0.1641
      [Iter 850] Action stats: mean=-0.2331±0.5069 [-0.8242-0.6941]
  [Iter 750/1000] Best: 1681.6474 | Alpha: 0.1659
      [Iter 900] Action stats: mean=-0.0748±0.7710 [-0.9576-0.9140]
  [Iter 850/1000] Best: 1561.6984 | Alpha: 0.1619
      [Iter 900] Fitness: current=1564.4405, best=1564.4405, diversity=0.029899
      [Iter 900] Reward: 1.0000
  [Iter 900/1000] Best: 1564.4405 | Alpha: 0.1602
[ACTION DEBUG iter 200] Raw action[1:3]: [0.5529, -0.3985, -0.0406], noise: 0.0500
[RLAMPSO DEBUG iter 200] w=0.5951, c1=1.6296, c2=1.7623 | fitness=1585.32
[REWARD DEBUG iter 200] FitnessImprovement: 0.0011 → Reward: +1.0000 (prevFit=1585.32, currFit=1585.32)
      [Iter 850] Action stats: mean=-0.1612±0.6948 [-0.9532-0.9030]
      [Iter 850] Action stats: mean=-0.1598±0.6387 [-0.9545-0.8493]
  [Iter 850/1000] Best: 1590.3196 | Alpha: 0.1610
  [Iter 850/1000] Best: 1606.6907 | Alpha: 0.1611
      [Iter 850] Action stats: mean=-0.1651±0.6622 [-0.9678-0.9669]
  [Iter 850/1000] Best: 1519.9172 | Alpha: 0.1615
[ACTION DEBUG iter 400] Raw action[1:3]: [-0.2356, -0.5832, -0.6626], noise: 0.0500
[RLAMPSO DEBUG iter 400] w=0.4065, c1=2.1538, c2=1.5322 | fitness=1672.00
[REWARD DEBUG iter 400] FitnessImprovement: 0.0532 → Reward: +1.0000 (prevFit=1672.00, currFit=1671.95)
      [Iter 750] Action stats: mean=-0.4092±0.6255 [-0.9892-0.8724]
  [Iter 750/1000] Best: 1602.1689 | Alpha: 0.1659
      [Iter 850] Action stats: mean=-0.0880±0.6719 [-0.9500-0.9675]
      [Iter 850] Action stats: mean=-0.0226±0.5923 [-0.9262-0.7081]
  [Iter 850/1000] Best: 1571.9617 | Alpha: 0.1619
      [Iter 800] Action stats: mean=0.1938±0.5804 [-0.8920-0.8587]
      [Iter 800] Fitness: current=1648.3163, best=1648.3163, diversity=0.627894
      [Iter 800] Reward: 1.0000
  [Iter 800/1000] Best: 1648.3163 | Alpha: 0.1634
  [Iter 850/1000] Best: 1575.0971 | Alpha: 0.1610
      [Iter 800] Action stats: mean=0.3117±0.6275 [-0.7043-0.8619]
      [Iter 800] Fitness: current=1681.6470, best=1681.6470, diversity=0.518638
      [Iter 800] Reward: 1.0000
  [Iter 800/1000] Best: 1681.6470 | Alpha: 0.1634
      [Iter 850] Action stats: mean=-0.3689±0.3952 [-0.9739-0.4079]
  [Iter 850/1000] Best: 1625.3897 | Alpha: 0.1619
      [Iter 900] Action stats: mean=-0.2544±0.5759 [-0.8620-0.7545]
      [Iter 900] Fitness: current=1561.6982, best=1561.6982, diversity=0.000000
      [Iter 900] Reward: 1.0000
  [Iter 900/1000] Best: 1561.6982 | Alpha: 0.1599
      [Iter 950] Action stats: mean=-0.1720±0.5926 [-0.8395-0.9679]
      [Iter 900] Action stats: mean=-0.3574±0.5577 [-0.9584-0.6379]
      [Iter 900] Fitness: current=1606.6907, best=1606.6907, diversity=0.000000
      [Iter 900] Reward: 1.0000
  [Iter 950/1000] Best: 1564.4244 | Alpha: 0.1581
[ACTION DEBUG iter 300] Raw action[1:3]: [0.8671, -0.4743, 0.3791], noise: 0.0500
[ACTION DEBUG iter 300] WARNING: 1/20 actions clipped (network saturating)
[RLAMPSO DEBUG iter 300] w=0.5824, c1=1.5742, c2=1.9040 | fitness=1585.21
[REWARD DEBUG iter 300] FitnessImprovement: 0.0000 → Reward: -1.0000 (prevFit=1585.21, currFit=1585.21)
  [Iter 900/1000] Best: 1606.6907 | Alpha: 0.1587
      [Iter 900] Action stats: mean=-0.1243±0.7455 [-0.9505-0.9405]
      [Iter 900] Fitness: current=1590.3001, best=1590.3001, diversity=0.000007
      [Iter 900] Reward: 1.0000
  [Iter 900/1000] Best: 1590.3001 | Alpha: 0.1586
      [Iter 900] Action stats: mean=0.2426±0.3315 [-0.2624-0.8500]
      [Iter 900] Fitness: current=1519.9169, best=1519.9169, diversity=0.092346
      [Iter 900] Reward: 1.0000
  [Iter 900/1000] Best: 1519.9169 | Alpha: 0.1591
      [Iter 850] Action stats: mean=0.0120±0.7501 [-0.8664-0.9719]
  [Iter 850/1000] Best: 1648.3160 | Alpha: 0.1612
      [Iter 900] Action stats: mean=-0.2007±0.5753 [-0.9010-0.6117]
      [Iter 900] Fitness: current=1571.5315, best=1571.5315, diversity=0.027499
      [Iter 900] Reward: -1.0000
  [Iter 900/1000] Best: 1571.5315 | Alpha: 0.1598
      [Iter 800] Action stats: mean=-0.1496±0.4403 [-0.7524-0.6553]
      [Iter 800] Fitness: current=1602.1689, best=1602.1689, diversity=0.000017
      [Iter 800] Reward: -1.0000
  [Iter 800/1000] Best: 1602.1689 | Alpha: 0.1634
      [Iter 900] Action stats: mean=-0.1036±0.7247 [-0.8479-0.9141]
      [Iter 900] Fitness: current=1574.9813, best=1574.9813, diversity=0.001450
      [Iter 900] Reward: 1.0000
  [Iter 900/1000] Best: 1574.9813 | Alpha: 0.1586
      [Iter 850] Action stats: mean=0.0821±0.6069 [-0.8711-0.9626]
  [Iter 850/1000] Best: 1681.6466 | Alpha: 0.1610
      [Iter 950] Action stats: mean=0.1074±0.6152 [-0.7312-0.8269]
  [Iter 950/1000] Best: 1561.6982 | Alpha: 0.1579
      [Iter 900] Action stats: mean=0.2665±0.6814 [-0.8215-0.9683]
      [Iter 900] Fitness: current=1625.3897, best=1625.3897, diversity=0.067886
      [Iter 900] Reward: 1.0000
  [Iter 900/1000] Best: 1625.3897 | Alpha: 0.1598
[ACTION DEBUG iter 500] Raw action[1:3]: [-0.8357, -0.6236, -0.8957], noise: 0.0500
[RLAMPSO DEBUG iter 500] w=0.1970, c1=2.0223, c2=1.2299 | fitness=1664.30
[REWARD DEBUG iter 500] FitnessImprovement: 0.0488 → Reward: +1.0000 (prevFit=1664.30, currFit=1664.25)
      [Iter 1000] Action stats: mean=-0.3398±0.5315 [-0.9316-0.5398]
      [Iter 1000] Fitness: current=1564.4170, best=1564.4170, diversity=0.035567
      [Iter 1000] Reward: 1.0000
  [Iter 1000/1000] Best: 1564.4170 | Alpha: 0.1561

╔════════════════════════════════════════════════════════════╗
║              RRSACPSO TRAINING COMPLETE                   ║
╚════════════════════════════════════════════════════════════╝
  Mode:              online
  Episodes:          1
  Iterations/Ep:     1000
  Population Size:   40
  Best Fitness:      1564.4170
  Path Length:       5 waypoints


========== Planning Complete ==========
Algorithm: RRSACPSO
Execution time: 70.2672 seconds
Path length: 146.2654 units
Waypoints: 7
Best fitness: 1564.4170
========================================

      [Iter 950] Action stats: mean=-0.0640±0.5196 [-0.8217-0.9794]
      [Iter 950] Action stats: mean=-0.0709±0.5894 [-0.7643-0.9280]
  [Iter 950/1000] Best: 1606.6907 | Alpha: 0.1565
      [Iter 950] Action stats: mean=-0.1904±0.6027 [-0.9614-0.6532]
  [Iter 950/1000] Best: 1590.2938 | Alpha: 0.1563
  [Iter 950/1000] Best: 1519.9169 | Alpha: 0.1567
      [Iter 950] Action stats: mean=-0.2870±0.6026 [-0.9699-0.5889]
  [Iter 950/1000] Best: 1571.5314 | Alpha: 0.1577
      [Iter 900] Action stats: mean=0.0372±0.6839 [-0.9157-0.8949]
      [Iter 900] Fitness: current=1648.3160, best=1648.3160, diversity=0.302049
      [Iter 900] Reward: 1.0000
  [Iter 900/1000] Best: 1648.3160 | Alpha: 0.1590
      [Iter 850] Action stats: mean=0.0150±0.6654 [-0.8540-0.8154]
  [Iter 850/1000] Best: 1601.8070 | Alpha: 0.1610
      [Iter 950] Action stats: mean=-0.6094±0.2968 [-0.9768--0.1454]
  [Iter 950/1000] Best: 1574.9491 | Alpha: 0.1562
      [Iter 1000] Action stats: mean=-0.0514±0.4662 [-0.7664-0.5242]
      [Iter 1000] Fitness: current=1561.6982, best=1561.6982, diversity=0.000000
      [Iter 1000] Reward: -1.0000
      [Iter 950] Action stats: mean=-0.0555±0.4338 [-0.8680-0.4527]
  [Iter 1000/1000] Best: 1561.6982 | Alpha: 0.1561

╔════════════════════════════════════════════════════════════╗
║              RRSACPSO TRAINING COMPLETE                   ║
╚════════════════════════════════════════════════════════════╝
  Mode:              online
  Episodes:          1
  Iterations/Ep:     1000
  Population Size:   40
  Best Fitness:      1561.6982
  Path Length:       5 waypoints


========== Planning Complete ==========
Algorithm: RRSACPSO
Execution time: 69.7049 seconds
Path length: 151.7524 units
Waypoints: 7
Best fitness: 1561.6982
========================================

      [Iter 900] Action stats: mean=-0.2855±0.5279 [-0.9847-0.5576]
      [Iter 900] Fitness: current=1681.6466, best=1681.6466, diversity=0.345058
      [Iter 900] Reward: 1.0000
  [Iter 900/1000] Best: 1681.6466 | Alpha: 0.1586
  [Iter 950/1000] Best: 1625.3897 | Alpha: 0.1578
      [Iter 1000] Action stats: mean=-0.1818±0.6662 [-0.9729-0.8602]
      [Iter 1000] Fitness: current=1606.6907, best=1606.6907, diversity=0.000000
      [Iter 1000] Reward: -1.0000
[ACTION DEBUG iter 400] Raw action[1:3]: [0.7517, -0.7895, -0.1057], noise: 0.0500
[RLAMPSO DEBUG iter 400] w=0.6110, c1=1.3722, c2=1.1412 | fitness=1585.19
[REWARD DEBUG iter 400] FitnessImprovement: 0.0000 → Reward: +1.0000 (prevFit=1585.19, currFit=1585.19)
  [Iter 1000/1000] Best: 1606.6907 | Alpha: 0.1545

╔════════════════════════════════════════════════════════════╗
║              RRSACPSO TRAINING COMPLETE                   ║
╚════════════════════════════════════════════════════════════╝
  Mode:              online
  Episodes:          1
  Iterations/Ep:     1000
  Population Size:   40
  Best Fitness:      1606.6907
  Path Length:       5 waypoints


========== Planning Complete ==========
Algorithm: RRSACPSO
Execution time: 70.6445 seconds
Path length: 146.5961 units
Waypoints: 7
Best fitness: 1606.6907
========================================

      [Iter 1000] Action stats: mean=0.0989±0.7114 [-0.9216-0.9559]
      [Iter 1000] Fitness: current=1590.2822, best=1590.2822, diversity=0.000025
      [Iter 1000] Reward: -1.0000
  [Iter 1000/1000] Best: 1590.2822 | Alpha: 0.1541

╔════════════════════════════════════════════════════════════╗
║              RRSACPSO TRAINING COMPLETE                   ║
╚════════════════════════════════════════════════════════════╝
  Mode:              online
  Episodes:          1
  Iterations/Ep:     1000
  Population Size:   40
  Best Fitness:      1590.2822
  Path Length:       5 waypoints


========== Planning Complete ==========
Algorithm: RRSACPSO
Execution time: 68.8700 seconds
Path length: 148.3896 units
Waypoints: 7
Best fitness: 1590.2822
========================================

      [Iter 1000] Action stats: mean=0.1360±0.6825 [-0.7920-0.9562]
      [Iter 1000] Fitness: current=1519.9144, best=1519.9144, diversity=0.033366
      [Iter 1000] Reward: 1.0000
  [Iter 1000/1000] Best: 1519.9144 | Alpha: 0.1543

╔════════════════════════════════════════════════════════════╗
║              RRSACPSO TRAINING COMPLETE                   ║
╚════════════════════════════════════════════════════════════╝
  Mode:              online
  Episodes:          1
  Iterations/Ep:     1000
  Population Size:   40
  Best Fitness:      1519.9144
  Path Length:       5 waypoints


========== Planning Complete ==========
Algorithm: RRSACPSO
Execution time: 70.0259 seconds
Path length: 165.8262 units
Waypoints: 7
Best fitness: 1519.9144
========================================

      [Iter 950] Action stats: mean=-0.1454±0.7263 [-0.9455-0.8269]
  [Iter 950/1000] Best: 1648.3120 | Alpha: 0.1567
      [Iter 1000] Action stats: mean=-0.0926±0.6257 [-0.8942-0.8360]
      [Iter 1000] Fitness: current=1571.5314, best=1571.5314, diversity=0.012388
      [Iter 1000] Reward: -1.0000
  [Iter 1000/1000] Best: 1571.5314 | Alpha: 0.1558

╔════════════════════════════════════════════════════════════╗
║              RRSACPSO TRAINING COMPLETE                   ║
╚════════════════════════════════════════════════════════════╝
  Mode:              online
  Episodes:          1
  Iterations/Ep:     1000
  Population Size:   40
  Best Fitness:      1571.5314
  Path Length:       5 waypoints


========== Planning Complete ==========
Algorithm: RRSACPSO
Execution time: 69.2368 seconds
Path length: 157.1603 units
Waypoints: 7
Best fitness: 1571.5314
========================================

      [Iter 900] Action stats: mean=-0.2349±0.6189 [-0.9321-0.8020]
      [Iter 900] Fitness: current=1601.7701, best=1601.7701, diversity=0.000145
      [Iter 900] Reward: 1.0000
  [Iter 900/1000] Best: 1601.7701 | Alpha: 0.1586
      [Iter 1000] Action stats: mean=0.0793±0.4201 [-0.6052-0.6807]
      [Iter 1000] Fitness: current=1574.9489, best=1574.9489, diversity=0.000000
      [Iter 1000] Reward: 1.0000
  [Iter 1000/1000] Best: 1574.9489 | Alpha: 0.1539

╔════════════════════════════════════════════════════════════╗
║              RRSACPSO TRAINING COMPLETE                   ║
╚════════════════════════════════════════════════════════════╝
  Mode:              online
  Episodes:          1
  Iterations/Ep:     1000
  Population Size:   40
  Best Fitness:      1574.9489
  Path Length:       5 waypoints


========== Planning Complete ==========
Algorithm: RRSACPSO
Execution time: 68.7271 seconds
Path length: 155.8491 units
Waypoints: 7
Best fitness: 1574.9489
========================================

      [Iter 1000] Action stats: mean=0.2569±0.6034 [-0.8874-0.9564]
      [Iter 1000] Fitness: current=1625.3897, best=1625.3897, diversity=0.073577
      [Iter 1000] Reward: 1.0000
[ACTION DEBUG iter 600] Raw action[1:3]: [-0.8394, -0.5977, -0.9370], noise: 0.0500
[ACTION DEBUG iter 600] WARNING: 1/20 actions clipped (network saturating)
[RLAMPSO DEBUG iter 600] w=0.2163, c1=1.8557, c2=1.1038 | fitness=1663.57
[REWARD DEBUG iter 600] FitnessImprovement: 0.0130 → Reward: +1.0000 (prevFit=1663.57, currFit=1663.56)
  [Iter 1000/1000] Best: 1625.3897 | Alpha: 0.1558

╔════════════════════════════════════════════════════════════╗
║              RRSACPSO TRAINING COMPLETE                   ║
╚════════════════════════════════════════════════════════════╝
  Mode:              online
  Episodes:          1
  Iterations/Ep:     1000
  Population Size:   40
  Best Fitness:      1625.3897
  Path Length:       5 waypoints


========== Planning Complete ==========
Algorithm: RRSACPSO
Execution time: 68.2846 seconds
Path length: 161.4209 units
Waypoints: 7
Best fitness: 1625.3897
========================================

      [Iter 950] Action stats: mean=0.0944±0.5924 [-0.9059-0.7079]
  [Iter 950/1000] Best: 1681.6466 | Alpha: 0.1562
      [Iter 950] Action stats: mean=-0.4362±0.4088 [-0.9811-0.4553]
      [Iter 1000] Action stats: mean=-0.0313±0.7083 [-0.8880-0.7590]
      [Iter 1000] Fitness: current=1648.3119, best=1648.3119, diversity=0.005267
      [Iter 1000] Reward: 1.0000
  [Iter 1000/1000] Best: 1648.3119 | Alpha: 0.1543

╔════════════════════════════════════════════════════════════╗
║              RRSACPSO TRAINING COMPLETE                   ║
╚════════════════════════════════════════════════════════════╝
  Mode:              online
  Episodes:          1
  Iterations/Ep:     1000
  Population Size:   40
  Best Fitness:      1648.3119
  Path Length:       5 waypoints


========== Planning Complete ==========
Algorithm: RRSACPSO
Execution time: 67.8167 seconds
Path length: 161.3787 units
Waypoints: 7
Best fitness: 1648.3119
========================================

[ACTION DEBUG iter 500] Raw action[1:3]: [0.9777, -0.9454, 0.0630], noise: 0.0500
[ACTION DEBUG iter 500] WARNING: 4/20 actions clipped (network saturating)
[RLAMPSO DEBUG iter 500] w=0.6058, c1=1.6631, c2=1.3077 | fitness=1585.19
[REWARD DEBUG iter 500] FitnessImprovement: 0.0000 → Reward: -1.0000 (prevFit=1585.19, currFit=1585.19)
  [Iter 950/1000] Best: 1601.7637 | Alpha: 0.1562
      [Iter 1000] Action stats: mean=-0.3096±0.5002 [-0.9116-0.7295]
      [Iter 1000] Fitness: current=1681.6466, best=1681.6466, diversity=0.120938
      [Iter 1000] Reward: 1.0000
  [Iter 1000/1000] Best: 1681.6466 | Alpha: 0.1539

╔════════════════════════════════════════════════════════════╗
║              RRSACPSO TRAINING COMPLETE                   ║
╚════════════════════════════════════════════════════════════╝
  Mode:              online
  Episodes:          1
  Iterations/Ep:     1000
  Population Size:   40
  Best Fitness:      1681.6466
  Path Length:       5 waypoints


========== Planning Complete ==========
Algorithm: RRSACPSO
Execution time: 67.1291 seconds
Path length: 179.5158 units
Waypoints: 7
Best fitness: 1681.6466
========================================

      [Iter 1000] Action stats: mean=-0.2616±0.5577 [-0.9716-0.4668]
      [Iter 1000] Fitness: current=1601.7637, best=1601.7637, diversity=0.000000
      [Iter 1000] Reward: 1.0000
  [Iter 1000/1000] Best: 1601.7637 | Alpha: 0.1539

╔════════════════════════════════════════════════════════════╗
║              RRSACPSO TRAINING COMPLETE                   ║
╚════════════════════════════════════════════════════════════╝
  Mode:              online
  Episodes:          1
  Iterations/Ep:     1000
  Population Size:   40
  Best Fitness:      1601.7637
  Path Length:       5 waypoints


========== Planning Complete ==========
Algorithm: RRSACPSO
Execution time: 65.3214 seconds
Path length: 160.9025 units
Waypoints: 7
Best fitness: 1601.7637
========================================

[ACTION DEBUG iter 700] Raw action[1:3]: [-0.8225, -0.6299, -0.9942], noise: 0.0500
[ACTION DEBUG iter 700] WARNING: 5/20 actions clipped (network saturating)
[RLAMPSO DEBUG iter 700] w=0.1968, c1=1.7000, c2=0.9000 | fitness=1663.33
[REWARD DEBUG iter 700] FitnessImprovement: 0.0000 → Reward: -1.0000 (prevFit=1663.33, currFit=1663.33)

========== Planning Complete ==========
Algorithm: RLAMPSO
Execution time: 25.6134 seconds
Path length: 184.5969 units
Waypoints: 7
Best fitness: 1585.1902
========================================


========== Direct Global Planning ==========
Algorithm: DQN_PSO
Start: [10.0, 95.0, 10.0]
Goal:  [97.0, 2.0, 10.0]
============================================

Warning: DQN-PSO (paper) is homogeneous; forcing paramMode to global.
> In <a href="matlab:matlab.lang.internal.introspective.errorDocCallback('globalPathPlanningDQNPSO', '/Users/hust-hwashin621m/Desktop/vietanhpaper-2/algorithms/dqn_pso/globalPathPlanningDQNPSO.m', 15)" style="font-weight:bold">globalPathPlanningDQNPSO</a> (<a href="matlab: opentoline('/Users/hust-hwashin621m/Desktop/vietanhpaper-2/algorithms/dqn_pso/globalPathPlanningDQNPSO.m',15,0)">line 15</a>)
In <a href="matlab:matlab.lang.internal.introspective.errorDocCallback('callGlobalPlanningAlgorithm', '/Users/hust-hwashin621m/Desktop/vietanhpaper-2/algorithms/callGlobalPlanningAlgorithm.m', 219)" style="font-weight:bold">callGlobalPlanningAlgorithm</a> (<a href="matlab: opentoline('/Users/hust-hwashin621m/Desktop/vietanhpaper-2/algorithms/callGlobalPlanningAlgorithm.m',219,0)">line 219</a>)
In <a href="matlab:matlab.lang.internal.introspective.errorDocCallback('directGlobalPlanning', '/Users/hust-hwashin621m/Desktop/vietanhpaper-2/shared/path_planning/directGlobalPlanning.m', 59)" style="font-weight:bold">directGlobalPlanning</a> (<a href="matlab: opentoline('/Users/hust-hwashin621m/Desktop/vietanhpaper-2/shared/path_planning/directGlobalPlanning.m',59,0)">line 59</a>)
In <a href="matlab:matlab.lang.internal.introspective.errorDocCallback('run_comparison>@(varargin)directGlobalPlanning(varargin{:})', '/Users/hust-hwashin621m/Desktop/vietanhpaper-2/run_comparison.m', 274)" style="font-weight:bold">run_comparison>@(varargin)directGlobalPlanning(varargin{:})</a> (<a href="matlab: opentoline('/Users/hust-hwashin621m/Desktop/vietanhpaper-2/run_comparison.m',274,0)">line 274</a>)
In <a href="matlab:matlab.lang.internal.introspective.errorDocCallback('compare_algorithms>runAlgorithmBatch', '/Users/hust-hwashin621m/Desktop/vietanhpaper-2/scripts/compare_algorithms.m', 139)" style="font-weight:bold">compare_algorithms>runAlgorithmBatch</a> (<a href="matlab: opentoline('/Users/hust-hwashin621m/Desktop/vietanhpaper-2/scripts/compare_algorithms.m',139,0)">line 139</a>)
Starting DQN-PSO (HMM + DQN) - Mode: global
DQN-PSO iter 50/1000 | Fitness: 1862.34 | w=0.689 c1=2.500 c2=0.500
[ACTION DEBUG iter 800] Raw action[1:3]: [-0.5314, -0.5423, -0.9851], noise: 0.0500
[RLAMPSO DEBUG iter 800] w=0.2454, c1=1.7275, c2=0.9706 | fitness=1663.18
[REWARD DEBUG iter 800] FitnessImprovement: 0.0000 → Reward: -1.0000 (prevFit=1663.18, currFit=1663.18)
DQN-PSO iter 100/1000 | Fitness: 1733.06 | w=0.100 c1=0.500 c2=2.500
[ACTION DEBUG iter 900] Raw action[1:3]: [-0.9151, -0.6187, -0.9996], noise: 0.0500
[ACTION DEBUG iter 900] WARNING: 6/20 actions clipped (network saturating)
[RLAMPSO DEBUG iter 900] w=0.1487, c1=1.2107, c2=0.9000 | fitness=1663.18
[REWARD DEBUG iter 900] FitnessImprovement: 0.0000 → Reward: -1.0000 (prevFit=1663.18, currFit=1663.18)

========== Planning Complete ==========
Algorithm: RLAMPSO
Execution time: 44.1468 seconds
Path length: 149.5208 units
Waypoints: 7
Best fitness: 1663.1760
========================================


========== Direct Global Planning ==========
Algorithm: DQN_PSO
Start: [10.0, 95.0, 10.0]
Goal:  [97.0, 2.0, 10.0]
============================================

Warning: DQN-PSO (paper) is homogeneous; forcing paramMode to global.
> In <a href="matlab:matlab.lang.internal.introspective.errorDocCallback('globalPathPlanningDQNPSO', '/Users/hust-hwashin621m/Desktop/vietanhpaper-2/algorithms/dqn_pso/globalPathPlanningDQNPSO.m', 15)" style="font-weight:bold">globalPathPlanningDQNPSO</a> (<a href="matlab: opentoline('/Users/hust-hwashin621m/Desktop/vietanhpaper-2/algorithms/dqn_pso/globalPathPlanningDQNPSO.m',15,0)">line 15</a>)
In <a href="matlab:matlab.lang.internal.introspective.errorDocCallback('callGlobalPlanningAlgorithm', '/Users/hust-hwashin621m/Desktop/vietanhpaper-2/algorithms/callGlobalPlanningAlgorithm.m', 219)" style="font-weight:bold">callGlobalPlanningAlgorithm</a> (<a href="matlab: opentoline('/Users/hust-hwashin621m/Desktop/vietanhpaper-2/algorithms/callGlobalPlanningAlgorithm.m',219,0)">line 219</a>)
In <a href="matlab:matlab.lang.internal.introspective.errorDocCallback('directGlobalPlanning', '/Users/hust-hwashin621m/Desktop/vietanhpaper-2/shared/path_planning/directGlobalPlanning.m', 59)" style="font-weight:bold">directGlobalPlanning</a> (<a href="matlab: opentoline('/Users/hust-hwashin621m/Desktop/vietanhpaper-2/shared/path_planning/directGlobalPlanning.m',59,0)">line 59</a>)
In <a href="matlab:matlab.lang.internal.introspective.errorDocCallback('run_comparison>@(varargin)directGlobalPlanning(varargin{:})', '/Users/hust-hwashin621m/Desktop/vietanhpaper-2/run_comparison.m', 274)" style="font-weight:bold">run_comparison>@(varargin)directGlobalPlanning(varargin{:})</a> (<a href="matlab: opentoline('/Users/hust-hwashin621m/Desktop/vietanhpaper-2/run_comparison.m',274,0)">line 274</a>)
In <a href="matlab:matlab.lang.internal.introspective.errorDocCallback('compare_algorithms>runAlgorithmBatch', '/Users/hust-hwashin621m/Desktop/vietanhpaper-2/scripts/compare_algorithms.m', 139)" style="font-weight:bold">compare_algorithms>runAlgorithmBatch</a> (<a href="matlab: opentoline('/Users/hust-hwashin621m/Desktop/vietanhpaper-2/scripts/compare_algorithms.m',139,0)">line 139</a>)
Starting DQN-PSO (HMM + DQN) - Mode: global
DQN-PSO iter 150/1000 | Fitness: 1692.51 | w=0.900 c1=0.800 c2=1.450
DQN-PSO iter 50/1000 | Fitness: 2374.77 | w=0.402 c1=2.500 c2=0.500
DQN-PSO iter 200/1000 | Fitness: 1691.32 | w=0.100 c1=0.500 c2=1.150
DQN-PSO iter 100/1000 | Fitness: 2356.68 | w=0.577 c1=2.500 c2=0.500
DQN-PSO iter 250/1000 | Fitness: 1691.31 | w=0.900 c1=1.350 c2=0.750
DQN-PSO iter 150/1000 | Fitness: 2346.08 | w=0.444 c1=2.500 c2=0.500
DQN-PSO iter 300/1000 | Fitness: 1691.31 | w=0.100 c1=1.500 c2=0.850
DQN-PSO iter 200/1000 | Fitness: 2334.86 | w=0.227 c1=2.500 c2=0.500
DQN-PSO iter 350/1000 | Fitness: 1691.31 | w=0.310 c1=2.500 c2=0.500
DQN-PSO iter 250/1000 | Fitness: 2333.34 | w=0.676 c1=2.500 c2=0.550
DQN-PSO iter 400/1000 | Fitness: 1691.31 | w=0.105 c1=1.850 c2=0.750
DQN-PSO iter 300/1000 | Fitness: 2275.06 | w=0.900 c1=2.500 c2=0.500
DQN-PSO iter 450/1000 | Fitness: 1691.31 | w=0.900 c1=2.450 c2=0.500
DQN-PSO iter 350/1000 | Fitness: 2275.06 | w=0.589 c1=2.500 c2=0.500
DQN-PSO iter 500/1000 | Fitness: 1691.31 | w=0.900 c1=2.500 c2=0.500
DQN-PSO iter 400/1000 | Fitness: 2275.03 | w=0.100 c1=2.400 c2=0.600
DQN-PSO iter 550/1000 | Fitness: 1691.31 | w=0.900 c1=2.450 c2=0.500
DQN-PSO iter 450/1000 | Fitness: 2275.00 | w=0.161 c1=2.500 c2=0.500
DQN-PSO iter 600/1000 | Fitness: 1691.31 | w=0.611 c1=2.500 c2=0.500
DQN-PSO iter 500/1000 | Fitness: 2274.99 | w=0.900 c1=2.450 c2=0.550
DQN-PSO iter 650/1000 | Fitness: 1691.31 | w=0.100 c1=2.400 c2=0.600
DQN-PSO iter 550/1000 | Fitness: 2274.99 | w=0.100 c1=2.400 c2=0.600
DQN-PSO iter 700/1000 | Fitness: 1691.31 | w=0.727 c1=2.500 c2=0.500
DQN-PSO iter 600/1000 | Fitness: 2274.99 | w=0.462 c1=2.500 c2=0.500
