========================================
  PSO Algorithm Comparison Launcher
========================================

Execution mode: parallel
Independent runs: 30
Logging to: /Users/hust-hwashin621m/Desktop/vietanhpaper-2/outputs/logs/run_comparison_2026-03-10_20-54-46.log

Initialising parallel pool (parallel mode)...
Running in PARALLEL mode
Cleaning up 1 stale local cluster job(s) before parpool.
Initializing parallel pool with 14 workers (all available cores)...
Starting parallel pool (parpool) using the 'Processes' profile ...
Connected to parallel pool with 14 workers.
Parallel pool initialized successfully with 14 workers.

==========================================================
Scenario 1: ChrismasTerrain2 - Simple
Terrain: /Users/hust-hwashin621m/Desktop/vietanhpaper-2/data/ChrismasTerrain2.tif
Danger Zones: 0
==========================================================
Executing 30 runs for 6 parallel-safe algorithms...

========== Direct Global Planning ==========
Algorithm: RLAMPSO
Start: [10.0, 95.0, 10.0]
Goal:  [97.0, 2.0, 10.0]
============================================


╔════════════════════════════════════════════════════════╗
║     RLAM-PSO Configuration (GPU-Optimized)            ║
╚════════════════════════════════════════════════════════╝

Mode: baseline

--- Features Enabled ---
  Transformer State: OFF (state: 15D)
  TD3:               OFF
  PER:               OFF
  Curriculum:        OFF

--- Compute Configuration ---
  Mode:              GPU-Optimized Sequential
  GPU:               OFF (CPU fallback)
  Parallel:          OFF (disabled for dlnetwork compatibility)

--- Training Parameters ---
  Episodes:          100
  Population:        40
  Max Iterations:    600
  Batch Size:        256 (GPU-optimized)
  Actor LR:          0.00010
  Critic LR:         0.00100

--- GPU Optimization (2025) ---
  Gradient Steps/Call:  1
  Train Every:          1 iterations
  Mid-Episode Training: ON
  Estimated UTD Ratio:  ~600.0

════════════════════════════════════════════════════════


╔════════════════════════════════════════════════════════╗
║     RLAM-PSO Configuration (GPU-Optimized)            ║
╚════════════════════════════════════════════════════════╝

Mode: baseline

--- Features Enabled ---
  Transformer State: OFF (state: 15D)
  TD3:               OFF
  PER:               OFF
  Curriculum:        OFF

--- Compute Configuration ---
  Mode:              GPU-Optimized Sequential
  GPU:               OFF (CPU fallback)
  Parallel:          OFF (disabled for dlnetwork compatibility)

--- Training Parameters ---
  Episodes:          100
  Population:        40
  Max Iterations:    600
  Batch Size:        256 (GPU-optimized)
  Actor LR:          0.00010
  Critic LR:         0.00100

--- GPU Optimization (2025) ---
  Gradient Steps/Call:  1
  Train Every:          1 iterations
  Mid-Episode Training: ON
  Estimated UTD Ratio:  ~600.0

════════════════════════════════════════════════════════


========== Direct Global Planning ==========
Algorithm: RLAMPSO
Start: [10.0, 95.0, 10.0]
Goal:  [97.0, 2.0, 10.0]
============================================


╔════════════════════════════════════════════════════════╗
║     RLAM-PSO Configuration (GPU-Optimized)            ║
╚════════════════════════════════════════════════════════╝

Mode: baseline

--- Features Enabled ---
  Transformer State: OFF (state: 15D)
  TD3:               OFF
  PER:               OFF
  Curriculum:        OFF

--- Compute Configuration ---
  Mode:              GPU-Optimized Sequential
  GPU:               OFF (CPU fallback)
  Parallel:          OFF (disabled for dlnetwork compatibility)

--- Training Parameters ---
  Episodes:          100
  Population:        40
  Max Iterations:    600
  Batch Size:        256 (GPU-optimized)
  Actor LR:          0.00010
  Critic LR:         0.00100

--- GPU Optimization (2025) ---
  Gradient Steps/Call:  1
  Train Every:          1 iterations
  Mid-Episode Training: ON
  Estimated UTD Ratio:  ~600.0

════════════════════════════════════════════════════════


╔════════════════════════════════════════════════════════╗
║     RLAM-PSO Configuration (GPU-Optimized)            ║
╚════════════════════════════════════════════════════════╝

Mode: baseline

--- Features Enabled ---
  Transformer State: OFF (state: 15D)
  TD3:               OFF
  PER:               OFF
  Curriculum:        OFF

--- Compute Configuration ---
  Mode:              GPU-Optimized Sequential
  GPU:               OFF (CPU fallback)
  Parallel:          OFF (disabled for dlnetwork compatibility)

--- Training Parameters ---
  Episodes:          100
  Population:        40
  Max Iterations:    600
  Batch Size:        256 (GPU-optimized)
  Actor LR:          0.00010
  Critic LR:         0.00100

--- GPU Optimization (2025) ---
  Gradient Steps/Call:  1
  Train Every:          1 iterations
  Mid-Episode Training: ON
  Estimated UTD Ratio:  ~600.0

════════════════════════════════════════════════════════


========== Direct Global Planning ==========
Algorithm: RLAMPSO
Start: [10.0, 95.0, 10.0]
Goal:  [97.0, 2.0, 10.0]
============================================


╔════════════════════════════════════════════════════════╗
║     RLAM-PSO Configuration (GPU-Optimized)            ║
╚════════════════════════════════════════════════════════╝

Mode: baseline

--- Features Enabled ---
  Transformer State: OFF (state: 15D)
  TD3:               OFF
  PER:               OFF
  Curriculum:        OFF

--- Compute Configuration ---
  Mode:              GPU-Optimized Sequential
  GPU:               OFF (CPU fallback)
  Parallel:          OFF (disabled for dlnetwork compatibility)

--- Training Parameters ---
  Episodes:          100
  Population:        40
  Max Iterations:    600
  Batch Size:        256 (GPU-optimized)
  Actor LR:          0.00010
  Critic LR:         0.00100

--- GPU Optimization (2025) ---
  Gradient Steps/Call:  1
  Train Every:          1 iterations
  Mid-Episode Training: ON
  Estimated UTD Ratio:  ~600.0

════════════════════════════════════════════════════════


╔════════════════════════════════════════════════════════╗
║     RLAM-PSO Configuration (GPU-Optimized)            ║
╚════════════════════════════════════════════════════════╝

Mode: baseline

--- Features Enabled ---
  Transformer State: OFF (state: 15D)
  TD3:               OFF
  PER:               OFF
  Curriculum:        OFF

--- Compute Configuration ---
  Mode:              GPU-Optimized Sequential
  GPU:               OFF (CPU fallback)
  Parallel:          OFF (disabled for dlnetwork compatibility)

--- Training Parameters ---
  Episodes:          100
  Population:        40
  Max Iterations:    600
  Batch Size:        256 (GPU-optimized)
  Actor LR:          0.00010
  Critic LR:         0.00100

--- GPU Optimization (2025) ---
  Gradient Steps/Call:  1
  Train Every:          1 iterations
  Mid-Episode Training: ON
  Estimated UTD Ratio:  ~600.0

════════════════════════════════════════════════════════


========== Direct Global Planning ==========
Algorithm: RLAMPSO
Start: [10.0, 95.0, 10.0]
Goal:  [97.0, 2.0, 10.0]
============================================


╔════════════════════════════════════════════════════════╗
║     RLAM-PSO Configuration (GPU-Optimized)            ║
╚════════════════════════════════════════════════════════╝

Mode: baseline

--- Features Enabled ---
  Transformer State: OFF (state: 15D)
  TD3:               OFF
  PER:               OFF
  Curriculum:        OFF

--- Compute Configuration ---
  Mode:              GPU-Optimized Sequential
  GPU:               OFF (CPU fallback)
  Parallel:          OFF (disabled for dlnetwork compatibility)

--- Training Parameters ---
  Episodes:          100
  Population:        40
  Max Iterations:    600
  Batch Size:        256 (GPU-optimized)
  Actor LR:          0.00010
  Critic LR:         0.00100

--- GPU Optimization (2025) ---
  Gradient Steps/Call:  1
  Train Every:          1 iterations
  Mid-Episode Training: ON
  Estimated UTD Ratio:  ~600.0

════════════════════════════════════════════════════════


╔════════════════════════════════════════════════════════╗
║     RLAM-PSO Configuration (GPU-Optimized)            ║
╚════════════════════════════════════════════════════════╝

Mode: baseline

--- Features Enabled ---
  Transformer State: OFF (state: 15D)
  TD3:               OFF
  PER:               OFF
  Curriculum:        OFF

--- Compute Configuration ---
  Mode:              GPU-Optimized Sequential
  GPU:               OFF (CPU fallback)
  Parallel:          OFF (disabled for dlnetwork compatibility)

--- Training Parameters ---
  Episodes:          100
  Population:        40
  Max Iterations:    600
  Batch Size:        256 (GPU-optimized)
  Actor LR:          0.00010
  Critic LR:         0.00100

--- GPU Optimization (2025) ---
  Gradient Steps/Call:  1
  Train Every:          1 iterations
  Mid-Episode Training: ON
  Estimated UTD Ratio:  ~600.0

════════════════════════════════════════════════════════


========== Direct Global Planning ==========
Algorithm: RLAMPSO
Start: [10.0, 95.0, 10.0]
Goal:  [97.0, 2.0, 10.0]
============================================


╔════════════════════════════════════════════════════════╗
║     RLAM-PSO Configuration (GPU-Optimized)            ║
╚════════════════════════════════════════════════════════╝

Mode: baseline

--- Features Enabled ---
  Transformer State: OFF (state: 15D)
  TD3:               OFF
  PER:               OFF
  Curriculum:        OFF

--- Compute Configuration ---
  Mode:              GPU-Optimized Sequential
  GPU:               OFF (CPU fallback)
  Parallel:          OFF (disabled for dlnetwork compatibility)

--- Training Parameters ---
  Episodes:          100
  Population:        40
  Max Iterations:    600
  Batch Size:        256 (GPU-optimized)
  Actor LR:          0.00010
  Critic LR:         0.00100

--- GPU Optimization (2025) ---
  Gradient Steps/Call:  1
  Train Every:          1 iterations
  Mid-Episode Training: ON
  Estimated UTD Ratio:  ~600.0

════════════════════════════════════════════════════════


╔════════════════════════════════════════════════════════╗
║     RLAM-PSO Configuration (GPU-Optimized)            ║
╚════════════════════════════════════════════════════════╝

Mode: baseline

--- Features Enabled ---
  Transformer State: OFF (state: 15D)
  TD3:               OFF
  PER:               OFF
  Curriculum:        OFF

--- Compute Configuration ---
  Mode:              GPU-Optimized Sequential
  GPU:               OFF (CPU fallback)
  Parallel:          OFF (disabled for dlnetwork compatibility)

--- Training Parameters ---
  Episodes:          100
  Population:        40
  Max Iterations:    600
  Batch Size:        256 (GPU-optimized)
  Actor LR:          0.00010
  Critic LR:         0.00100

--- GPU Optimization (2025) ---
  Gradient Steps/Call:  1
  Train Every:          1 iterations
  Mid-Episode Training: ON
  Estimated UTD Ratio:  ~600.0

════════════════════════════════════════════════════════


========== Direct Global Planning ==========
Algorithm: RLAMPSO
Start: [10.0, 95.0, 10.0]
Goal:  [97.0, 2.0, 10.0]
============================================


╔════════════════════════════════════════════════════════╗
║     RLAM-PSO Configuration (GPU-Optimized)            ║
╚════════════════════════════════════════════════════════╝

Mode: baseline

--- Features Enabled ---
  Transformer State: OFF (state: 15D)
  TD3:               OFF
  PER:               OFF
  Curriculum:        OFF

--- Compute Configuration ---
  Mode:              GPU-Optimized Sequential
  GPU:               OFF (CPU fallback)
  Parallel:          OFF (disabled for dlnetwork compatibility)

--- Training Parameters ---
  Episodes:          100
  Population:        40
  Max Iterations:    600
  Batch Size:        256 (GPU-optimized)
  Actor LR:          0.00010
  Critic LR:         0.00100

--- GPU Optimization (2025) ---
  Gradient Steps/Call:  1
  Train Every:          1 iterations
  Mid-Episode Training: ON
  Estimated UTD Ratio:  ~600.0

════════════════════════════════════════════════════════


╔════════════════════════════════════════════════════════╗
║     RLAM-PSO Configuration (GPU-Optimized)            ║
╚════════════════════════════════════════════════════════╝

Mode: baseline

--- Features Enabled ---
  Transformer State: OFF (state: 15D)
  TD3:               OFF
  PER:               OFF
  Curriculum:        OFF

--- Compute Configuration ---
  Mode:              GPU-Optimized Sequential
  GPU:               OFF (CPU fallback)
  Parallel:          OFF (disabled for dlnetwork compatibility)

--- Training Parameters ---
  Episodes:          100
  Population:        40
  Max Iterations:    600
  Batch Size:        256 (GPU-optimized)
  Actor LR:          0.00010
  Critic LR:         0.00100

--- GPU Optimization (2025) ---
  Gradient Steps/Call:  1
  Train Every:          1 iterations
  Mid-Episode Training: ON
  Estimated UTD Ratio:  ~600.0

════════════════════════════════════════════════════════


========== Direct Global Planning ==========
Algorithm: RLAMPSO
Start: [10.0, 95.0, 10.0]
Goal:  [97.0, 2.0, 10.0]
============================================


╔════════════════════════════════════════════════════════╗
║     RLAM-PSO Configuration (GPU-Optimized)            ║
╚════════════════════════════════════════════════════════╝

Mode: baseline

--- Features Enabled ---
  Transformer State: OFF (state: 15D)
  TD3:               OFF
  PER:               OFF
  Curriculum:        OFF

--- Compute Configuration ---
  Mode:              GPU-Optimized Sequential
  GPU:               OFF (CPU fallback)
  Parallel:          OFF (disabled for dlnetwork compatibility)

--- Training Parameters ---
  Episodes:          100
  Population:        40
  Max Iterations:    600
  Batch Size:        256 (GPU-optimized)
  Actor LR:          0.00010
  Critic LR:         0.00100

--- GPU Optimization (2025) ---
  Gradient Steps/Call:  1
  Train Every:          1 iterations
  Mid-Episode Training: ON
  Estimated UTD Ratio:  ~600.0

════════════════════════════════════════════════════════


╔════════════════════════════════════════════════════════╗
║     RLAM-PSO Configuration (GPU-Optimized)            ║
╚════════════════════════════════════════════════════════╝

Mode: baseline

--- Features Enabled ---
  Transformer State: OFF (state: 15D)
  TD3:               OFF
  PER:               OFF
  Curriculum:        OFF

--- Compute Configuration ---
  Mode:              GPU-Optimized Sequential
  GPU:               OFF (CPU fallback)
  Parallel:          OFF (disabled for dlnetwork compatibility)

--- Training Parameters ---
  Episodes:          100
  Population:        40
  Max Iterations:    600
  Batch Size:        256 (GPU-optimized)
  Actor LR:          0.00010
  Critic LR:         0.00100

--- GPU Optimization (2025) ---
  Gradient Steps/Call:  1
  Train Every:          1 iterations
  Mid-Episode Training: ON
  Estimated UTD Ratio:  ~600.0

════════════════════════════════════════════════════════


========== Direct Global Planning ==========
Algorithm: RLAMPSO
Start: [10.0, 95.0, 10.0]
Goal:  [97.0, 2.0, 10.0]
============================================


╔════════════════════════════════════════════════════════╗
║     RLAM-PSO Configuration (GPU-Optimized)            ║
╚════════════════════════════════════════════════════════╝

Mode: baseline

--- Features Enabled ---
  Transformer State: OFF (state: 15D)
  TD3:               OFF
  PER:               OFF
  Curriculum:        OFF

--- Compute Configuration ---
  Mode:              GPU-Optimized Sequential
  GPU:               OFF (CPU fallback)
  Parallel:          OFF (disabled for dlnetwork compatibility)

--- Training Parameters ---
  Episodes:          100
  Population:        40
  Max Iterations:    600
  Batch Size:        256 (GPU-optimized)
  Actor LR:          0.00010
  Critic LR:         0.00100

--- GPU Optimization (2025) ---
  Gradient Steps/Call:  1
  Train Every:          1 iterations
  Mid-Episode Training: ON
  Estimated UTD Ratio:  ~600.0

════════════════════════════════════════════════════════


╔════════════════════════════════════════════════════════╗
║     RLAM-PSO Configuration (GPU-Optimized)            ║
╚════════════════════════════════════════════════════════╝

Mode: baseline

--- Features Enabled ---
  Transformer State: OFF (state: 15D)
  TD3:               OFF
  PER:               OFF
  Curriculum:        OFF

--- Compute Configuration ---
  Mode:              GPU-Optimized Sequential
  GPU:               OFF (CPU fallback)
  Parallel:          OFF (disabled for dlnetwork compatibility)

--- Training Parameters ---
  Episodes:          100
  Population:        40
  Max Iterations:    600
  Batch Size:        256 (GPU-optimized)
  Actor LR:          0.00010
  Critic LR:         0.00100

--- GPU Optimization (2025) ---
  Gradient Steps/Call:  1
  Train Every:          1 iterations
  Mid-Episode Training: ON
  Estimated UTD Ratio:  ~600.0

════════════════════════════════════════════════════════


========== Direct Global Planning ==========
Algorithm: RLAMPSO
Start: [10.0, 95.0, 10.0]
Goal:  [97.0, 2.0, 10.0]
============================================


╔════════════════════════════════════════════════════════╗
║     RLAM-PSO Configuration (GPU-Optimized)            ║
╚════════════════════════════════════════════════════════╝

Mode: baseline

--- Features Enabled ---
  Transformer State: OFF (state: 15D)
  TD3:               OFF
  PER:               OFF
  Curriculum:        OFF

--- Compute Configuration ---
  Mode:              GPU-Optimized Sequential
  GPU:               OFF (CPU fallback)
  Parallel:          OFF (disabled for dlnetwork compatibility)

--- Training Parameters ---
  Episodes:          100
  Population:        40
  Max Iterations:    600
  Batch Size:        256 (GPU-optimized)
  Actor LR:          0.00010
  Critic LR:         0.00100

--- GPU Optimization (2025) ---
  Gradient Steps/Call:  1
  Train Every:          1 iterations
  Mid-Episode Training: ON
  Estimated UTD Ratio:  ~600.0

════════════════════════════════════════════════════════


╔════════════════════════════════════════════════════════╗
║     RLAM-PSO Configuration (GPU-Optimized)            ║
╚════════════════════════════════════════════════════════╝

Mode: baseline

--- Features Enabled ---
  Transformer State: OFF (state: 15D)
  TD3:               OFF
  PER:               OFF
  Curriculum:        OFF

--- Compute Configuration ---
  Mode:              GPU-Optimized Sequential
  GPU:               OFF (CPU fallback)
  Parallel:          OFF (disabled for dlnetwork compatibility)

--- Training Parameters ---
  Episodes:          100
  Population:        40
  Max Iterations:    600
  Batch Size:        256 (GPU-optimized)
  Actor LR:          0.00010
  Critic LR:         0.00100

--- GPU Optimization (2025) ---
  Gradient Steps/Call:  1
  Train Every:          1 iterations
  Mid-Episode Training: ON
  Estimated UTD Ratio:  ~600.0

════════════════════════════════════════════════════════


========== Direct Global Planning ==========
Algorithm: RLAMPSO
Start: [10.0, 95.0, 10.0]
Goal:  [97.0, 2.0, 10.0]
============================================


╔════════════════════════════════════════════════════════╗
║     RLAM-PSO Configuration (GPU-Optimized)            ║
╚════════════════════════════════════════════════════════╝

Mode: baseline

--- Features Enabled ---
  Transformer State: OFF (state: 15D)
  TD3:               OFF
  PER:               OFF
  Curriculum:        OFF

--- Compute Configuration ---
  Mode:              GPU-Optimized Sequential
  GPU:               OFF (CPU fallback)
  Parallel:          OFF (disabled for dlnetwork compatibility)

--- Training Parameters ---
  Episodes:          100
  Population:        40
  Max Iterations:    600
  Batch Size:        256 (GPU-optimized)
  Actor LR:          0.00010
  Critic LR:         0.00100

--- GPU Optimization (2025) ---
  Gradient Steps/Call:  1
  Train Every:          1 iterations
  Mid-Episode Training: ON
  Estimated UTD Ratio:  ~600.0

════════════════════════════════════════════════════════


╔════════════════════════════════════════════════════════╗
║     RLAM-PSO Configuration (GPU-Optimized)            ║
╚════════════════════════════════════════════════════════╝

Mode: baseline

--- Features Enabled ---
  Transformer State: OFF (state: 15D)
  TD3:               OFF
  PER:               OFF
  Curriculum:        OFF

--- Compute Configuration ---
  Mode:              GPU-Optimized Sequential
  GPU:               OFF (CPU fallback)
  Parallel:          OFF (disabled for dlnetwork compatibility)

--- Training Parameters ---
  Episodes:          100
  Population:        40
  Max Iterations:    600
  Batch Size:        256 (GPU-optimized)
  Actor LR:          0.00010
  Critic LR:         0.00100

--- GPU Optimization (2025) ---
  Gradient Steps/Call:  1
  Train Every:          1 iterations
  Mid-Episode Training: ON
  Estimated UTD Ratio:  ~600.0

════════════════════════════════════════════════════════


========== Direct Global Planning ==========
Algorithm: RLAMPSO
Start: [10.0, 95.0, 10.0]
Goal:  [97.0, 2.0, 10.0]
============================================


╔════════════════════════════════════════════════════════╗
║     RLAM-PSO Configuration (GPU-Optimized)            ║
╚════════════════════════════════════════════════════════╝

Mode: baseline

--- Features Enabled ---
  Transformer State: OFF (state: 15D)
  TD3:               OFF
  PER:               OFF
  Curriculum:        OFF

--- Compute Configuration ---
  Mode:              GPU-Optimized Sequential
  GPU:               OFF (CPU fallback)
  Parallel:          OFF (disabled for dlnetwork compatibility)

--- Training Parameters ---
  Episodes:          100
  Population:        40
  Max Iterations:    600
  Batch Size:        256 (GPU-optimized)
  Actor LR:          0.00010
  Critic LR:         0.00100

--- GPU Optimization (2025) ---
  Gradient Steps/Call:  1
  Train Every:          1 iterations
  Mid-Episode Training: ON
  Estimated UTD Ratio:  ~600.0

════════════════════════════════════════════════════════


╔════════════════════════════════════════════════════════╗
║     RLAM-PSO Configuration (GPU-Optimized)            ║
╚════════════════════════════════════════════════════════╝

Mode: baseline

--- Features Enabled ---
  Transformer State: OFF (state: 15D)
  TD3:               OFF
  PER:               OFF
  Curriculum:        OFF

--- Compute Configuration ---
  Mode:              GPU-Optimized Sequential
  GPU:               OFF (CPU fallback)
  Parallel:          OFF (disabled for dlnetwork compatibility)

--- Training Parameters ---
  Episodes:          100
  Population:        40
  Max Iterations:    600
  Batch Size:        256 (GPU-optimized)
  Actor LR:          0.00010
  Critic LR:         0.00100

--- GPU Optimization (2025) ---
  Gradient Steps/Call:  1
  Train Every:          1 iterations
  Mid-Episode Training: ON
  Estimated UTD Ratio:  ~600.0

════════════════════════════════════════════════════════


========== Direct Global Planning ==========
Algorithm: RLAMPSO
Start: [10.0, 95.0, 10.0]
Goal:  [97.0, 2.0, 10.0]
============================================


╔════════════════════════════════════════════════════════╗
║     RLAM-PSO Configuration (GPU-Optimized)            ║
╚════════════════════════════════════════════════════════╝

Mode: baseline

--- Features Enabled ---
  Transformer State: OFF (state: 15D)
  TD3:               OFF
  PER:               OFF
  Curriculum:        OFF

--- Compute Configuration ---
  Mode:              GPU-Optimized Sequential
  GPU:               OFF (CPU fallback)
  Parallel:          OFF (disabled for dlnetwork compatibility)

--- Training Parameters ---
  Episodes:          100
  Population:        40
  Max Iterations:    600
  Batch Size:        256 (GPU-optimized)
  Actor LR:          0.00010
  Critic LR:         0.00100

--- GPU Optimization (2025) ---
  Gradient Steps/Call:  1
  Train Every:          1 iterations
  Mid-Episode Training: ON
  Estimated UTD Ratio:  ~600.0

════════════════════════════════════════════════════════


╔════════════════════════════════════════════════════════╗
║     RLAM-PSO Configuration (GPU-Optimized)            ║
╚════════════════════════════════════════════════════════╝

Mode: baseline

--- Features Enabled ---
  Transformer State: OFF (state: 15D)
  TD3:               OFF
  PER:               OFF
  Curriculum:        OFF

--- Compute Configuration ---
  Mode:              GPU-Optimized Sequential
  GPU:               OFF (CPU fallback)
  Parallel:          OFF (disabled for dlnetwork compatibility)

--- Training Parameters ---
  Episodes:          100
  Population:        40
  Max Iterations:    600
  Batch Size:        256 (GPU-optimized)
  Actor LR:          0.00010
  Critic LR:         0.00100

--- GPU Optimization (2025) ---
  Gradient Steps/Call:  1
  Train Every:          1 iterations
  Mid-Episode Training: ON
  Estimated UTD Ratio:  ~600.0

════════════════════════════════════════════════════════


========== Direct Global Planning ==========
Algorithm: RLAMPSO
Start: [10.0, 95.0, 10.0]
Goal:  [97.0, 2.0, 10.0]
============================================


╔════════════════════════════════════════════════════════╗
║     RLAM-PSO Configuration (GPU-Optimized)            ║
╚════════════════════════════════════════════════════════╝

Mode: baseline

--- Features Enabled ---
  Transformer State: OFF (state: 15D)
  TD3:               OFF
  PER:               OFF
  Curriculum:        OFF

--- Compute Configuration ---
  Mode:              GPU-Optimized Sequential
  GPU:               OFF (CPU fallback)
  Parallel:          OFF (disabled for dlnetwork compatibility)

--- Training Parameters ---
  Episodes:          100
  Population:        40
  Max Iterations:    600
  Batch Size:        256 (GPU-optimized)
  Actor LR:          0.00010
  Critic LR:         0.00100

--- GPU Optimization (2025) ---
  Gradient Steps/Call:  1
  Train Every:          1 iterations
  Mid-Episode Training: ON
  Estimated UTD Ratio:  ~600.0

════════════════════════════════════════════════════════


╔════════════════════════════════════════════════════════╗
║     RLAM-PSO Configuration (GPU-Optimized)            ║
╚════════════════════════════════════════════════════════╝

Mode: baseline

--- Features Enabled ---
  Transformer State: OFF (state: 15D)
  TD3:               OFF
  PER:               OFF
  Curriculum:        OFF

--- Compute Configuration ---
  Mode:              GPU-Optimized Sequential
  GPU:               OFF (CPU fallback)
  Parallel:          OFF (disabled for dlnetwork compatibility)

--- Training Parameters ---
  Episodes:          100
  Population:        40
  Max Iterations:    600
  Batch Size:        256 (GPU-optimized)
  Actor LR:          0.00010
  Critic LR:         0.00100

--- GPU Optimization (2025) ---
  Gradient Steps/Call:  1
  Train Every:          1 iterations
  Mid-Episode Training: ON
  Estimated UTD Ratio:  ~600.0

════════════════════════════════════════════════════════


========== Direct Global Planning ==========
Algorithm: RLAMPSO
Start: [10.0, 95.0, 10.0]
Goal:  [97.0, 2.0, 10.0]
============================================


╔════════════════════════════════════════════════════════╗
║     RLAM-PSO Configuration (GPU-Optimized)            ║
╚════════════════════════════════════════════════════════╝

Mode: baseline

--- Features Enabled ---
  Transformer State: OFF (state: 15D)
  TD3:               OFF
  PER:               OFF
  Curriculum:        OFF

--- Compute Configuration ---
  Mode:              GPU-Optimized Sequential
  GPU:               OFF (CPU fallback)
  Parallel:          OFF (disabled for dlnetwork compatibility)

--- Training Parameters ---
  Episodes:          100
  Population:        40
  Max Iterations:    600
  Batch Size:        256 (GPU-optimized)
  Actor LR:          0.00010
  Critic LR:         0.00100

--- GPU Optimization (2025) ---
  Gradient Steps/Call:  1
  Train Every:          1 iterations
  Mid-Episode Training: ON
  Estimated UTD Ratio:  ~600.0

════════════════════════════════════════════════════════


╔════════════════════════════════════════════════════════╗
║     RLAM-PSO Configuration (GPU-Optimized)            ║
╚════════════════════════════════════════════════════════╝

Mode: baseline

--- Features Enabled ---
  Transformer State: OFF (state: 15D)
  TD3:               OFF
  PER:               OFF
  Curriculum:        OFF

--- Compute Configuration ---
  Mode:              GPU-Optimized Sequential
  GPU:               OFF (CPU fallback)
  Parallel:          OFF (disabled for dlnetwork compatibility)

--- Training Parameters ---
  Episodes:          100
  Population:        40
  Max Iterations:    600
  Batch Size:        256 (GPU-optimized)
  Actor LR:          0.00010
  Critic LR:         0.00100

--- GPU Optimization (2025) ---
  Gradient Steps/Call:  1
  Train Every:          1 iterations
  Mid-Episode Training: ON
  Estimated UTD Ratio:  ~600.0

════════════════════════════════════════════════════════

[ACTION DEBUG iter 100] Raw action[1:3]: [-0.3033, -0.0747, 0.0307], noise: 0.0500
[RLAMPSO DEBUG iter 100] w=0.4992, c1=2.0170, c2=1.7932 | fitness=1626.66
[REWARD DEBUG iter 100] FitnessImprovement: 0.0139 → Reward: +1.0000 (prevFit=1626.66, currFit=1626.65)
[ACTION DEBUG iter 100] Raw action[1:3]: [-0.3513, -0.0777, 0.0368], noise: 0.0500
[RLAMPSO DEBUG iter 100] w=0.4563, c1=1.8965, c2=1.8987 | fitness=1661.86
[REWARD DEBUG iter 100] FitnessImprovement: 0.0123 → Reward: +1.0000 (prevFit=1661.86, currFit=1661.85)
[ACTION DEBUG iter 100] Raw action[1:3]: [-0.2721, 0.6988, -0.0455], noise: 0.0500
[RLAMPSO DEBUG iter 100] w=0.5623, c1=1.4599, c2=1.5046 | fitness=1798.61
[REWARD DEBUG iter 100] FitnessImprovement: 0.0169 → Reward: +1.0000 (prevFit=1798.61, currFit=1798.60)
[ACTION DEBUG iter 100] Raw action[1:3]: [-0.3265, 0.1629, -0.1078], noise: 0.0500
[RLAMPSO DEBUG iter 100] w=0.4689, c1=1.9873, c2=1.9396 | fitness=1633.23
[REWARD DEBUG iter 100] FitnessImprovement: 0.0000 → Reward: -1.0000 (prevFit=1633.23, currFit=1633.23)
[ACTION DEBUG iter 100] Raw action[1:3]: [-0.3228, 0.4557, -0.6233], noise: 0.0500
[RLAMPSO DEBUG iter 100] w=0.4206, c1=2.0734, c2=1.8318 | fitness=1632.27
[REWARD DEBUG iter 100] FitnessImprovement: 0.0000 → Reward: -1.0000 (prevFit=1632.27, currFit=1632.27)
[ACTION DEBUG iter 100] Raw action[1:3]: [0.0363, -0.1986, -0.5338], noise: 0.0500
[RLAMPSO DEBUG iter 100] w=0.4794, c1=2.3394, c2=2.1027 | fitness=1824.78
[REWARD DEBUG iter 100] FitnessImprovement: 5.7445 → Reward: +1.0000 (prevFit=1824.78, currFit=1819.04)
[ACTION DEBUG iter 100] Raw action[1:3]: [-0.1904, 0.5824, -0.0429], noise: 0.0500
[RLAMPSO DEBUG iter 100] w=0.5000, c1=1.4786, c2=1.6230 | fitness=1646.27
[REWARD DEBUG iter 100] FitnessImprovement: 1.0367 → Reward: +1.0000 (prevFit=1646.27, currFit=1645.23)
[ACTION DEBUG iter 100] Raw action[1:3]: [-0.1910, -0.0865, -0.2070], noise: 0.0500
[RLAMPSO DEBUG iter 100] w=0.5269, c1=2.2719, c2=1.8253 | fitness=2016.17
[ACTION DEBUG iter 100] Raw action[1:3]: [-0.3630, -0.0517, 0.1456], noise: 0.0500
[RLAMPSO DEBUG iter 100] w=0.3937, c1=1.5459, c2=2.0158 | fitness=1672.33
[REWARD DEBUG iter 100] FitnessImprovement: 0.7612 → Reward: +1.0000 (prevFit=1672.33, currFit=1671.57)
[ACTION DEBUG iter 100] Raw action[1:3]: [0.3973, 0.2479, -0.0781], noise: 0.0500
[RLAMPSO DEBUG iter 100] w=0.5607, c1=1.8428, c2=1.5556 | fitness=1566.19
[REWARD DEBUG iter 100] FitnessImprovement: 0.1788 → Reward: +1.0000 (prevFit=1566.19, currFit=1566.01)
[ACTION DEBUG iter 100] Raw action[1:3]: [0.0928, 0.4058, 0.4230], noise: 0.0500
[RLAMPSO DEBUG iter 100] w=0.5676, c1=1.7896, c2=2.0997 | fitness=1741.92
[REWARD DEBUG iter 100] FitnessImprovement: 0.0157 → Reward: +1.0000 (prevFit=1741.92, currFit=1741.91)
[ACTION DEBUG iter 100] Raw action[1:3]: [0.1885, -0.4035, -0.5093], noise: 0.0500
[RLAMPSO DEBUG iter 100] w=0.5496, c1=1.6471, c2=2.2711 | fitness=1675.69
[REWARD DEBUG iter 100] FitnessImprovement: 2.3686 → Reward: +1.0000 (prevFit=1675.69, currFit=1673.33)
[ACTION DEBUG iter 100] Raw action[1:3]: [0.2682, 0.1735, -0.2536], noise: 0.0500
[RLAMPSO DEBUG iter 100] w=0.5071, c1=2.0792, c2=1.8194 | fitness=1741.42
[ACTION DEBUG iter 100] Raw action[1:3]: [-0.4934, 0.0782, 0.3019], noise: 0.0500
[RLAMPSO DEBUG iter 100] w=0.3873, c1=1.9385, c2=2.1774 | fitness=1824.37
[REWARD DEBUG iter 100] FitnessImprovement: 0.0000 → Reward: -1.0000 (prevFit=1824.37, currFit=1824.37)
[REWARD DEBUG iter 100] FitnessImprovement: 0.1992 → Reward: +1.0000 (prevFit=2016.17, currFit=2015.97)
[REWARD DEBUG iter 100] FitnessImprovement: 0.0000 → Reward: -1.0000 (prevFit=1741.42, currFit=1741.42)
[ACTION DEBUG iter 200] Raw action[1:3]: [-0.5174, 0.0133, 0.3214], noise: 0.0500
[RLAMPSO DEBUG iter 200] w=0.4572, c1=2.1084, c2=1.6592 | fitness=1600.05
[REWARD DEBUG iter 200] FitnessImprovement: 0.1743 → Reward: +1.0000 (prevFit=1600.05, currFit=1599.87)
[ACTION DEBUG iter 200] Raw action[1:3]: [-0.5632, -0.1731, 0.2211], noise: 0.0500
[RLAMPSO DEBUG iter 200] w=0.4391, c1=2.3297, c2=2.2820 | fitness=1661.29
[ACTION DEBUG iter 200] Raw action[1:3]: [0.3303, 0.5137, 0.3056], noise: 0.0500
[RLAMPSO DEBUG iter 200] w=0.6630, c1=1.5489, c2=1.6689 | fitness=1789.64
[REWARD DEBUG iter 200] FitnessImprovement: 0.0083 → Reward: +1.0000 (prevFit=1789.64, currFit=1789.63)
[ACTION DEBUG iter 200] Raw action[1:3]: [0.1527, 0.0403, -0.2714], noise: 0.0500
[RLAMPSO DEBUG iter 200] w=0.5635, c1=2.1270, c2=1.6550 | fitness=1621.19
[REWARD DEBUG iter 200] FitnessImprovement: 0.0065 → Reward: +1.0000 (prevFit=1621.19, currFit=1621.18)
[ACTION DEBUG iter 200] Raw action[1:3]: [-0.0381, -0.5094, -0.7468], noise: 0.0500
[RLAMPSO DEBUG iter 200] w=0.3903, c1=2.0762, c2=2.1000 | fitness=1627.19
[REWARD DEBUG iter 200] FitnessImprovement: 0.0656 → Reward: +1.0000 (prevFit=1627.19, currFit=1627.13)
[ACTION DEBUG iter 200] Raw action[1:3]: [-0.1446, -0.4309, -0.2942], noise: 0.0500
[RLAMPSO DEBUG iter 200] w=0.4404, c1=2.0025, c2=2.0296 | fitness=1783.96
[REWARD DEBUG iter 200] FitnessImprovement: 0.2907 → Reward: +1.0000 (prevFit=1783.96, currFit=1783.67)
[REWARD DEBUG iter 200] FitnessImprovement: 0.0280 → Reward: +1.0000 (prevFit=1661.29, currFit=1661.27)
[ACTION DEBUG iter 200] Raw action[1:3]: [0.2810, 0.2825, -0.2918], noise: 0.0500
[RLAMPSO DEBUG iter 200] w=0.4283, c1=1.2120, c2=1.4632 | fitness=1656.66
[REWARD DEBUG iter 200] FitnessImprovement: 0.0000 → Reward: +1.0000 (prevFit=1656.66, currFit=1656.66)
[ACTION DEBUG iter 200] Raw action[1:3]: [0.0615, 0.3505, 0.2360], noise: 0.0500
[RLAMPSO DEBUG iter 200] w=0.5739, c1=1.8265, c2=1.8548 | fitness=1559.87
[REWARD DEBUG iter 200] FitnessImprovement: 0.0000 → Reward: -1.0000 (prevFit=1559.87, currFit=1559.87)
[ACTION DEBUG iter 200] Raw action[1:3]: [0.2714, 0.5413, 0.6588], noise: 0.0500
[RLAMPSO DEBUG iter 200] w=0.5767, c1=1.7818, c2=2.1655 | fitness=1733.76
[REWARD DEBUG iter 200] FitnessImprovement: 1.3249 → Reward: +1.0000 (prevFit=1733.76, currFit=1732.43)
[ACTION DEBUG iter 200] Raw action[1:3]: [0.0148, -0.1324, -0.6400], noise: 0.0500
[RLAMPSO DEBUG iter 200] w=0.5309, c1=2.1774, c2=1.5584 | fitness=1722.14
[REWARD DEBUG iter 200] FitnessImprovement: 0.0366 → Reward: +1.0000 (prevFit=1722.14, currFit=1722.10)
[ACTION DEBUG iter 200] Raw action[1:3]: [-0.4102, 0.7888, -0.3034], noise: 0.0500
[RLAMPSO DEBUG iter 200] w=0.4741, c1=1.3457, c2=1.6419 | fitness=1631.09
[REWARD DEBUG iter 200] FitnessImprovement: 0.0000 → Reward: -1.0000 (prevFit=1631.09, currFit=1631.09)
[ACTION DEBUG iter 200] Raw action[1:3]: [-0.2057, -0.1018, -0.0499], noise: 0.0500
[RLAMPSO DEBUG iter 200] w=0.4581, c1=1.9733, c2=2.0544 | fitness=1789.01
[REWARD DEBUG iter 200] FitnessImprovement: 0.3379 → Reward: +1.0000 (prevFit=1789.01, currFit=1788.67)
[ACTION DEBUG iter 200] Raw action[1:3]: [-0.5744, -0.7913, -0.2730], noise: 0.0500
[RLAMPSO DEBUG iter 200] w=0.4698, c1=1.8231, c2=1.5361 | fitness=1852.63
[REWARD DEBUG iter 200] FitnessImprovement: 0.0407 → Reward: +1.0000 (prevFit=1852.63, currFit=1852.59)
[ACTION DEBUG iter 200] Raw action[1:3]: [0.0713, -0.3455, -0.6444], noise: 0.0500
[ACTION DEBUG iter 200] WARNING: 1/20 actions clipped (network saturating)
[RLAMPSO DEBUG iter 200] w=0.5614, c1=1.6800, c2=2.0988 | fitness=1607.10
[REWARD DEBUG iter 200] FitnessImprovement: 0.1227 → Reward: +1.0000 (prevFit=1607.10, currFit=1606.97)
[ACTION DEBUG iter 300] Raw action[1:3]: [-0.1652, 0.2722, 0.2584], noise: 0.0500
[RLAMPSO DEBUG iter 300] w=0.4739, c1=1.7899, c2=1.7496 | fitness=1595.04
[REWARD DEBUG iter 300] FitnessImprovement: 0.0000 → Reward: -1.0000 (prevFit=1595.04, currFit=1595.04)
[ACTION DEBUG iter 300] Raw action[1:3]: [-0.4597, -0.4918, -0.0244], noise: 0.0500
[RLAMPSO DEBUG iter 300] w=0.4169, c1=1.8740, c2=2.0074 | fitness=1638.60
[REWARD DEBUG iter 300] FitnessImprovement: 0.0014 → Reward: +1.0000 (prevFit=1638.60, currFit=1638.60)
[ACTION DEBUG iter 300] Raw action[1:3]: [0.3846, 0.4586, -0.3652], noise: 0.0500
[RLAMPSO DEBUG iter 300] w=0.5093, c1=1.8634, c2=1.5000 | fitness=1774.37
[REWARD DEBUG iter 300] FitnessImprovement: 0.0487 → Reward: +1.0000 (prevFit=1774.37, currFit=1774.32)
[ACTION DEBUG iter 300] Raw action[1:3]: [-0.2334, 0.1149, 0.1041], noise: 0.0500
[RLAMPSO DEBUG iter 300] w=0.4477, c1=1.4082, c2=1.3000 | fitness=1639.34
[REWARD DEBUG iter 300] FitnessImprovement: 0.0809 → Reward: +1.0000 (prevFit=1639.34, currFit=1639.26)
[ACTION DEBUG iter 300] Raw action[1:3]: [0.8116, -0.5977, 0.0560], noise: 0.0500
[RLAMPSO DEBUG iter 300] w=0.5378, c1=1.3340, c2=1.1498 | fitness=1550.55
[REWARD DEBUG iter 300] FitnessImprovement: 0.0000 → Reward: -1.0000 (prevFit=1550.55, currFit=1550.55)
[ACTION DEBUG iter 300] Raw action[1:3]: [-0.2676, -0.0800, -0.5246], noise: 0.0500
[RLAMPSO DEBUG iter 300] w=0.3953, c1=1.4260, c2=2.0224 | fitness=1624.25
[REWARD DEBUG iter 300] FitnessImprovement: 0.0274 → Reward: +1.0000 (prevFit=1624.25, currFit=1624.23)
[ACTION DEBUG iter 300] Raw action[1:3]: [-0.0646, 0.6553, -0.6852], noise: 0.0500
[RLAMPSO DEBUG iter 300] w=0.4932, c1=1.4768, c2=1.3715 | fitness=1630.92
[ACTION DEBUG iter 300] Raw action[1:3]: [-0.6402, 0.3702, 0.3457], noise: 0.0500
[RLAMPSO DEBUG iter 300] w=0.3553, c1=2.3075, c2=1.8996 | fitness=1785.70
[REWARD DEBUG iter 300] FitnessImprovement: 0.0004 → Reward: +1.0000 (prevFit=1785.70, currFit=1785.70)
[ACTION DEBUG iter 300] Raw action[1:3]: [-0.6899, 0.0477, -0.4742], noise: 0.0500
[RLAMPSO DEBUG iter 300] w=0.4289, c1=2.0872, c2=1.6864 | fitness=1620.95
[REWARD DEBUG iter 300] FitnessImprovement: 0.0000 → Reward: +1.0000 (prevFit=1620.95, currFit=1620.95)
[REWARD DEBUG iter 300] FitnessImprovement: 0.0000 → Reward: -1.0000 (prevFit=1630.92, currFit=1630.92)
[ACTION DEBUG iter 300] Raw action[1:3]: [-0.3519, 0.6977, -0.3362], noise: 0.0500
[RLAMPSO DEBUG iter 300] w=0.6353, c1=1.4656, c2=1.5878 | fitness=1772.25
[REWARD DEBUG iter 300] FitnessImprovement: 0.0407 → Reward: +1.0000 (prevFit=1772.25, currFit=1772.21)
[ACTION DEBUG iter 300] Raw action[1:3]: [0.7092, 0.3534, 0.4970], noise: 0.0500
[ACTION DEBUG iter 300] Raw action[1:3]: [0.8212, -0.3991, -0.5274], noise: 0.0500
[RLAMPSO DEBUG iter 300] w=0.5977, c1=2.0317, c2=1.6477 | fitness=1720.38
[RLAMPSO DEBUG iter 300] w=0.5780, c1=1.7365, c2=1.7162 | fitness=1665.01
[REWARD DEBUG iter 300] FitnessImprovement: 0.0000 → Reward: +1.0000 (prevFit=1665.01, currFit=1665.01)
[REWARD DEBUG iter 300] FitnessImprovement: 0.0063 → Reward: +1.0000 (prevFit=1720.38, currFit=1720.38)
[ACTION DEBUG iter 300] Raw action[1:3]: [-0.4085, 0.4073, -0.2616], noise: 0.0500
[RLAMPSO DEBUG iter 300] w=0.5524, c1=2.2666, c2=1.1348 | fitness=1839.61
[REWARD DEBUG iter 300] FitnessImprovement: 0.0000 → Reward: -1.0000 (prevFit=1839.61, currFit=1839.61)
[ACTION DEBUG iter 300] Raw action[1:3]: [0.1824, -0.5924, -0.8442], noise: 0.0500
[ACTION DEBUG iter 300] WARNING: 1/20 actions clipped (network saturating)
[RLAMPSO DEBUG iter 300] w=0.6229, c1=1.8395, c2=2.0288 | fitness=1596.31
[REWARD DEBUG iter 300] FitnessImprovement: 0.0000 → Reward: -1.0000 (prevFit=1596.31, currFit=1596.31)
[ACTION DEBUG iter 400] Raw action[1:3]: [-0.8026, -0.6075, 0.5810], noise: 0.0500
[RLAMPSO DEBUG iter 400] w=0.3411, c1=1.8106, c2=1.8953 | fitness=1638.02
[REWARD DEBUG iter 400] FitnessImprovement: 0.0000 → Reward: +1.0000 (prevFit=1638.02, currFit=1638.02)
[ACTION DEBUG iter 400] Raw action[1:3]: [-0.5915, 0.9042, -0.6193], noise: 0.0500
[ACTION DEBUG iter 400] WARNING: 1/20 actions clipped (network saturating)
[RLAMPSO DEBUG iter 400] w=0.3195, c1=0.9000, c2=1.3975 | fitness=1637.72
[REWARD DEBUG iter 400] FitnessImprovement: 0.1035 → Reward: +1.0000 (prevFit=1637.72, currFit=1637.62)
[ACTION DEBUG iter 400] Raw action[1:3]: [-0.4598, 0.0472, -0.4316], noise: 0.0500
[RLAMPSO DEBUG iter 400] w=0.3644, c1=1.9413, c2=1.7311 | fitness=1763.46
[REWARD DEBUG iter 400] FitnessImprovement: 0.0000 → Reward: -1.0000 (prevFit=1763.46, currFit=1763.46)
[ACTION DEBUG iter 400] Raw action[1:3]: [-0.7039, -0.3803, -0.3286], noise: 0.0500
[RLAMPSO DEBUG iter 400] w=0.3996, c1=1.7263, c2=2.0554 | fitness=1779.31
[REWARD DEBUG iter 400] FitnessImprovement: 0.0010 → Reward: +1.0000 (prevFit=1779.31, currFit=1779.31)
[ACTION DEBUG iter 400] Raw action[1:3]: [0.0318, 0.1692, -0.6056], noise: 0.0500
[RLAMPSO DEBUG iter 400] w=0.4753, c1=2.2932, c2=1.7092 | fitness=1613.82
[REWARD DEBUG iter 400] FitnessImprovement: 0.0000 → Reward: -1.0000 (prevFit=1613.82, currFit=1613.82)
[ACTION DEBUG iter 400] Raw action[1:3]: [0.9016, -0.2130, -0.8665], noise: 0.0500
[RLAMPSO DEBUG iter 400] w=0.6639, c1=1.6299, c2=1.2316 | fitness=1720.23
[REWARD DEBUG iter 400] FitnessImprovement: 0.0000 → Reward: +1.0000 (prevFit=1720.23, currFit=1720.23)
[ACTION DEBUG iter 400] Raw action[1:3]: [-0.8879, 0.0828, 0.0036], noise: 0.0500
[RLAMPSO DEBUG iter 400] w=0.3644, c1=1.7518, c2=1.6818 | fitness=1582.71
[ACTION DEBUG iter 400] Raw action[1:3]: [-0.9204, 0.9723, -0.7938], noise: 0.0500
[ACTION DEBUG iter 400] WARNING: 1/20 actions clipped (network saturating)
[RLAMPSO DEBUG iter 400] w=0.5517, c1=1.2206, c2=1.4833 | fitness=1630.49
[REWARD DEBUG iter 400] FitnessImprovement: 0.0006 → Reward: +1.0000 (prevFit=1630.49, currFit=1630.49)
[ACTION DEBUG iter 400] Raw action[1:3]: [-0.6574, -0.5886, -0.4848], noise: 0.0500
[RLAMPSO DEBUG iter 400] w=0.5507, c1=1.8462, c2=1.2670 | fitness=1838.66
[REWARD DEBUG iter 400] FitnessImprovement: 0.0003 → Reward: +1.0000 (prevFit=1838.66, currFit=1838.66)
[ACTION DEBUG iter 400] Raw action[1:3]: [-0.1523, -0.9276, -0.9005], noise: 0.0500
[ACTION DEBUG iter 400] WARNING: 1/20 actions clipped (network saturating)
[RLAMPSO DEBUG iter 400] w=0.2775, c1=1.8008, c2=1.4181 | fitness=1623.74
[REWARD DEBUG iter 400] FitnessImprovement: 0.0000 → Reward: +1.0000 (prevFit=1623.74, currFit=1623.74)
[REWARD DEBUG iter 400] FitnessImprovement: 1.1390 → Reward: +1.0000 (prevFit=1582.71, currFit=1581.57)
[ACTION DEBUG iter 400] Raw action[1:3]: [0.3608, -0.0370, 0.6933], noise: 0.0500
[RLAMPSO DEBUG iter 400] w=0.5663, c1=1.1669, c2=0.8448 | fitness=1548.94
[REWARD DEBUG iter 400] FitnessImprovement: 0.0000 → Reward: -1.0000 (prevFit=1548.94, currFit=1548.94)
[ACTION DEBUG iter 400] Raw action[1:3]: [0.5481, 0.4067, 0.9749], noise: 0.0500
[ACTION DEBUG iter 400] WARNING: 1/20 actions clipped (network saturating)
[RLAMPSO DEBUG iter 400] w=0.5993, c1=1.4979, c2=1.7000 | fitness=1662.81
[REWARD DEBUG iter 400] FitnessImprovement: 0.0000 → Reward: +1.0000 (prevFit=1662.81, currFit=1662.81)
[ACTION DEBUG iter 400] Raw action[1:3]: [0.1471, 0.6534, -0.3048], noise: 0.0500
[RLAMPSO DEBUG iter 400] w=0.6631, c1=1.3415, c2=1.3440 | fitness=1749.67
[REWARD DEBUG iter 400] FitnessImprovement: 0.0000 → Reward: -1.0000 (prevFit=1749.67, currFit=1749.67)
[ACTION DEBUG iter 400] Raw action[1:3]: [-0.0119, 0.4088, -0.9319], noise: 0.0500
[RLAMPSO DEBUG iter 400] w=0.4615, c1=1.7717, c2=1.5179 | fitness=1589.43
[REWARD DEBUG iter 400] FitnessImprovement: 0.0012 → Reward: +1.0000 (prevFit=1589.43, currFit=1589.43)
[ACTION DEBUG iter 500] Raw action[1:3]: [-0.9834, -0.6216, 0.7753], noise: 0.0500
[ACTION DEBUG iter 500] WARNING: 2/20 actions clipped (network saturating)
[RLAMPSO DEBUG iter 500] w=0.4325, c1=1.2049, c2=1.6702 | fitness=1638.02
[REWARD DEBUG iter 500] FitnessImprovement: 0.0000 → Reward: -1.0000 (prevFit=1638.02, currFit=1638.02)
[ACTION DEBUG iter 500] Raw action[1:3]: [-0.8500, 0.6894, -0.8905], noise: 0.0500
[ACTION DEBUG iter 500] WARNING: 5/20 actions clipped (network saturating)
[RLAMPSO DEBUG iter 500] w=0.3087, c1=0.9028, c2=0.9465 | fitness=1636.28
[ACTION DEBUG iter 500] Raw action[1:3]: [-0.6571, 0.5851, -0.7375], noise: 0.0500
[RLAMPSO DEBUG iter 500] w=0.3032, c1=2.0793, c2=1.8140 | fitness=1763.35
[REWARD DEBUG iter 500] FitnessImprovement: 0.0003 → Reward: +1.0000 (prevFit=1763.35, currFit=1763.35)
[REWARD DEBUG iter 500] FitnessImprovement: 0.0000 → Reward: +1.0000 (prevFit=1636.28, currFit=1636.28)
[ACTION DEBUG iter 500] Raw action[1:3]: [0.9885, 0.2852, -0.8788], noise: 0.0500
[ACTION DEBUG iter 500] WARNING: 2/20 actions clipped (network saturating)
[RLAMPSO DEBUG iter 500] w=0.6450, c1=1.3192, c2=1.4981 | fitness=1720.22
[ACTION DEBUG iter 500] Raw action[1:3]: [0.1992, 0.0932, 0.2427], noise: 0.0500
[ACTION DEBUG iter 500] WARNING: 1/20 actions clipped (network saturating)
[RLAMPSO DEBUG iter 500] w=0.4012, c1=1.2911, c2=1.8475 | fitness=1771.20
[REWARD DEBUG iter 500] FitnessImprovement: 0.0373 → Reward: +1.0000 (prevFit=1771.20, currFit=1771.16)
[ACTION DEBUG iter 500] Raw action[1:3]: [-0.5433, 0.2856, 0.5495], noise: 0.0500
[RLAMPSO DEBUG iter 500] w=0.3856, c1=1.9228, c2=1.6707 | fitness=1838.55
[REWARD DEBUG iter 500] FitnessImprovement: 0.0000 → Reward: +1.0000 (prevFit=1838.55, currFit=1838.55)
[ACTION DEBUG iter 500] Raw action[1:3]: [-0.6417, 0.7346, -0.5662], noise: 0.0500
[RLAMPSO DEBUG iter 500] w=0.3787, c1=1.7174, c2=1.2672 | fitness=1609.18
[REWARD DEBUG iter 500] FitnessImprovement: 0.0343 → Reward: +1.0000 (prevFit=1609.18, currFit=1609.15)
[REWARD DEBUG iter 500] FitnessImprovement: 0.0000 → Reward: -1.0000 (prevFit=1720.22, currFit=1720.22)
[ACTION DEBUG iter 500] Raw action[1:3]: [-0.7557, 0.2920, 0.1497], noise: 0.0500
[RLAMPSO DEBUG iter 500] w=0.3735, c1=1.6234, c2=1.6229 | fitness=1580.75
[REWARD DEBUG iter 500] FitnessImprovement: 0.0010 → Reward: +1.0000 (prevFit=1580.75, currFit=1580.75)
[ACTION DEBUG iter 500] Raw action[1:3]: [-0.1156, 0.5970, -0.1842], noise: 0.0500
[ACTION DEBUG iter 500] WARNING: 1/20 actions clipped (network saturating)
[RLAMPSO DEBUG iter 500] w=0.4688, c1=0.8269, c2=0.5203 | fitness=1548.71
[REWARD DEBUG iter 500] FitnessImprovement: 0.0244 → Reward: +1.0000 (prevFit=1548.71, currFit=1548.69)
[ACTION DEBUG iter 500] Raw action[1:3]: [0.3545, -0.6202, -0.9663], noise: 0.0500
[RLAMPSO DEBUG iter 500] w=0.3537, c1=2.0067, c2=1.6344 | fitness=1619.37
[ACTION DEBUG iter 500] Raw action[1:3]: [-0.7163, 0.7433, -0.8850], noise: 0.0500
[RLAMPSO DEBUG iter 500] w=0.5243, c1=1.4465, c2=1.3000 | fitness=1630.29
[REWARD DEBUG iter 500] FitnessImprovement: 0.0000 → Reward: +1.0000 (prevFit=1630.29, currFit=1630.29)
[ACTION DEBUG iter 500] Raw action[1:3]: [0.1064, 0.9832, -0.9445], noise: 0.0500
[ACTION DEBUG iter 500] WARNING: 2/20 actions clipped (network saturating)
[RLAMPSO DEBUG iter 500] w=0.6358, c1=1.0739, c2=1.0353 | fitness=1748.98
[REWARD DEBUG iter 500] FitnessImprovement: 0.0000 → Reward: -1.0000 (prevFit=1748.98, currFit=1748.98)
[ACTION DEBUG iter 500] Raw action[1:3]: [0.6798, -0.1092, 0.8868], noise: 0.0500
[RLAMPSO DEBUG iter 500] w=0.6275, c1=1.5617, c2=1.5216 | fitness=1662.81
[REWARD DEBUG iter 500] FitnessImprovement: 0.0000 → Reward: -1.0000 (prevFit=1662.81, currFit=1662.81)
[REWARD DEBUG iter 500] FitnessImprovement: 0.0039 → Reward: +1.0000 (prevFit=1619.37, currFit=1619.37)
[ACTION DEBUG iter 500] Raw action[1:3]: [0.6688, -0.3477, -0.9397], noise: 0.0500
[ACTION DEBUG iter 500] WARNING: 1/20 actions clipped (network saturating)
[RLAMPSO DEBUG iter 500] w=0.5565, c1=1.7431, c2=1.6480 | fitness=1586.77
[REWARD DEBUG iter 500] FitnessImprovement: 0.0000 → Reward: +1.0000 (prevFit=1586.77, currFit=1586.77)

========== Planning Complete ==========
Algorithm: RLAMPSO
Execution time: 51.8634 seconds
Path length: 149.9263 units
Waypoints: 7
Best fitness: 1638.0220
========================================


========== Direct Global Planning ==========
Algorithm: RLAMPSO
Start: [10.0, 95.0, 10.0]
Goal:  [97.0, 2.0, 10.0]
============================================


╔════════════════════════════════════════════════════════╗
║     RLAM-PSO Configuration (GPU-Optimized)            ║
╚════════════════════════════════════════════════════════╝

Mode: baseline

--- Features Enabled ---
  Transformer State: OFF (state: 15D)
  TD3:               OFF
  PER:               OFF
  Curriculum:        OFF

--- Compute Configuration ---
  Mode:              GPU-Optimized Sequential
  GPU:               OFF (CPU fallback)
  Parallel:          OFF (disabled for dlnetwork compatibility)

--- Training Parameters ---
  Episodes:          100
  Population:        40
  Max Iterations:    600
  Batch Size:        256 (GPU-optimized)
  Actor LR:          0.00010
  Critic LR:         0.00100

--- GPU Optimization (2025) ---
  Gradient Steps/Call:  1
  Train Every:          1 iterations
  Mid-Episode Training: ON
  Estimated UTD Ratio:  ~600.0

════════════════════════════════════════════════════════


╔════════════════════════════════════════════════════════╗
║     RLAM-PSO Configuration (GPU-Optimized)            ║
╚════════════════════════════════════════════════════════╝

Mode: baseline

--- Features Enabled ---
  Transformer State: OFF (state: 15D)
  TD3:               OFF
  PER:               OFF
  Curriculum:        OFF

--- Compute Configuration ---
  Mode:              GPU-Optimized Sequential
  GPU:               OFF (CPU fallback)
  Parallel:          OFF (disabled for dlnetwork compatibility)

--- Training Parameters ---
  Episodes:          100
  Population:        40
  Max Iterations:    600
  Batch Size:        256 (GPU-optimized)
  Actor LR:          0.00010
  Critic LR:         0.00100

--- GPU Optimization (2025) ---
  Gradient Steps/Call:  1
  Train Every:          1 iterations
  Mid-Episode Training: ON
  Estimated UTD Ratio:  ~600.0

════════════════════════════════════════════════════════


========== Planning Complete ==========
Algorithm: RLAMPSO
Execution time: 54.0092 seconds
Path length: 151.6339 units
Waypoints: 7
Best fitness: 1662.8092
========================================


========== Direct Global Planning ==========
Algorithm: RLAMPSO
Start: [10.0, 95.0, 10.0]
Goal:  [97.0, 2.0, 10.0]
============================================


╔════════════════════════════════════════════════════════╗
║     RLAM-PSO Configuration (GPU-Optimized)            ║
╚════════════════════════════════════════════════════════╝

Mode: baseline

--- Features Enabled ---
  Transformer State: OFF (state: 15D)
  TD3:               OFF
  PER:               OFF
  Curriculum:        OFF

--- Compute Configuration ---
  Mode:              GPU-Optimized Sequential
  GPU:               OFF (CPU fallback)
  Parallel:          OFF (disabled for dlnetwork compatibility)

--- Training Parameters ---
  Episodes:          100
  Population:        40
  Max Iterations:    600
  Batch Size:        256 (GPU-optimized)
  Actor LR:          0.00010
  Critic LR:         0.00100

--- GPU Optimization (2025) ---
  Gradient Steps/Call:  1
  Train Every:          1 iterations
  Mid-Episode Training: ON
  Estimated UTD Ratio:  ~600.0

════════════════════════════════════════════════════════


╔════════════════════════════════════════════════════════╗
║     RLAM-PSO Configuration (GPU-Optimized)            ║
╚════════════════════════════════════════════════════════╝

Mode: baseline

--- Features Enabled ---
  Transformer State: OFF (state: 15D)
  TD3:               OFF
  PER:               OFF
  Curriculum:        OFF

--- Compute Configuration ---
  Mode:              GPU-Optimized Sequential
  GPU:               OFF (CPU fallback)
  Parallel:          OFF (disabled for dlnetwork compatibility)

--- Training Parameters ---
  Episodes:          100
  Population:        40
  Max Iterations:    600
  Batch Size:        256 (GPU-optimized)
  Actor LR:          0.00010
  Critic LR:         0.00100

--- GPU Optimization (2025) ---
  Gradient Steps/Call:  1
  Train Every:          1 iterations
  Mid-Episode Training: ON
  Estimated UTD Ratio:  ~600.0

════════════════════════════════════════════════════════

[ACTION DEBUG iter 600] Raw action[1:3]: [-0.4695, -0.0776, -0.0040], noise: 0.0500
[RLAMPSO DEBUG iter 600] w=0.3296, c1=1.7747, c2=2.1024 | fitness=1763.32
[REWARD DEBUG iter 600] FitnessImprovement: 0.0000 → Reward: -1.0000 (prevFit=1763.32, currFit=1763.32)
[ACTION DEBUG iter 600] Raw action[1:3]: [0.7448, 0.8555, -0.9104], noise: 0.0500
[ACTION DEBUG iter 600] WARNING: 3/20 actions clipped (network saturating)
[RLAMPSO DEBUG iter 600] w=0.4108, c1=0.9659, c2=1.3000 | fitness=1634.94
[REWARD DEBUG iter 600] FitnessImprovement: 0.1213 → Reward: +1.0000 (prevFit=1634.94, currFit=1634.82)

========== Planning Complete ==========
Algorithm: RLAMPSO
Execution time: 55.6188 seconds
Path length: 160.6590 units
Waypoints: 7
Best fitness: 1634.8183
========================================


========== Direct Global Planning ==========
Algorithm: RLAMPSO
Start: [10.0, 95.0, 10.0]
Goal:  [97.0, 2.0, 10.0]
============================================


╔════════════════════════════════════════════════════════╗
║     RLAM-PSO Configuration (GPU-Optimized)            ║
╚════════════════════════════════════════════════════════╝

Mode: baseline

--- Features Enabled ---
  Transformer State: OFF (state: 15D)
  TD3:               OFF
  PER:               OFF
  Curriculum:        OFF

--- Compute Configuration ---
  Mode:              GPU-Optimized Sequential
  GPU:               OFF (CPU fallback)
  Parallel:          OFF (disabled for dlnetwork compatibility)

--- Training Parameters ---
  Episodes:          100
  Population:        40
  Max Iterations:    600
  Batch Size:        256 (GPU-optimized)
  Actor LR:          0.00010
  Critic LR:         0.00100

--- GPU Optimization (2025) ---
  Gradient Steps/Call:  1
  Train Every:          1 iterations
  Mid-Episode Training: ON
  Estimated UTD Ratio:  ~600.0

════════════════════════════════════════════════════════


╔════════════════════════════════════════════════════════╗
║     RLAM-PSO Configuration (GPU-Optimized)            ║
╚════════════════════════════════════════════════════════╝

Mode: baseline

--- Features Enabled ---
  Transformer State: OFF (state: 15D)
  TD3:               OFF
  PER:               OFF
  Curriculum:        OFF

--- Compute Configuration ---
  Mode:              GPU-Optimized Sequential
  GPU:               OFF (CPU fallback)
  Parallel:          OFF (disabled for dlnetwork compatibility)

--- Training Parameters ---
  Episodes:          100
  Population:        40
  Max Iterations:    600
  Batch Size:        256 (GPU-optimized)
  Actor LR:          0.00010
  Critic LR:         0.00100

--- GPU Optimization (2025) ---
  Gradient Steps/Call:  1
  Train Every:          1 iterations
  Mid-Episode Training: ON
  Estimated UTD Ratio:  ~600.0

════════════════════════════════════════════════════════


========== Planning Complete ==========
Algorithm: RLAMPSO
Execution time: 55.6973 seconds
Path length: 172.6341 units
Waypoints: 7
Best fitness: 1763.3153
========================================


========== Direct Global Planning ==========
Algorithm: RLAMPSO
Start: [10.0, 95.0, 10.0]
Goal:  [97.0, 2.0, 10.0]
============================================


╔════════════════════════════════════════════════════════╗
║     RLAM-PSO Configuration (GPU-Optimized)            ║
╚════════════════════════════════════════════════════════╝

Mode: baseline

--- Features Enabled ---
  Transformer State: OFF (state: 15D)
  TD3:               OFF
  PER:               OFF
  Curriculum:        OFF

--- Compute Configuration ---
  Mode:              GPU-Optimized Sequential
  GPU:               OFF (CPU fallback)
  Parallel:          OFF (disabled for dlnetwork compatibility)

--- Training Parameters ---
  Episodes:          100
  Population:        40
  Max Iterations:    600
  Batch Size:        256 (GPU-optimized)
  Actor LR:          0.00010
  Critic LR:         0.00100

--- GPU Optimization (2025) ---
  Gradient Steps/Call:  1
  Train Every:          1 iterations
  Mid-Episode Training: ON
  Estimated UTD Ratio:  ~600.0

════════════════════════════════════════════════════════


╔════════════════════════════════════════════════════════╗
║     RLAM-PSO Configuration (GPU-Optimized)            ║
╚════════════════════════════════════════════════════════╝

Mode: baseline

--- Features Enabled ---
  Transformer State: OFF (state: 15D)
  TD3:               OFF
  PER:               OFF
  Curriculum:        OFF

--- Compute Configuration ---
  Mode:              GPU-Optimized Sequential
  GPU:               OFF (CPU fallback)
  Parallel:          OFF (disabled for dlnetwork compatibility)

--- Training Parameters ---
  Episodes:          100
  Population:        40
  Max Iterations:    600
  Batch Size:        256 (GPU-optimized)
  Actor LR:          0.00010
  Critic LR:         0.00100

--- GPU Optimization (2025) ---
  Gradient Steps/Call:  1
  Train Every:          1 iterations
  Mid-Episode Training: ON
  Estimated UTD Ratio:  ~600.0

════════════════════════════════════════════════════════

[ACTION DEBUG iter 600] Raw action[1:3]: [-0.8605, 0.5014, 0.3207], noise: 0.0500
[RLAMPSO DEBUG iter 600] w=0.2551, c1=1.4816, c2=1.3684 | fitness=1574.17
[ACTION DEBUG iter 600] Raw action[1:3]: [0.8841, -0.7296, -0.3063], noise: 0.0500
[ACTION DEBUG iter 600] WARNING: 1/20 actions clipped (network saturating)
[RLAMPSO DEBUG iter 600] w=0.7245, c1=1.4308, c2=1.4063 | fitness=1720.22
[REWARD DEBUG iter 600] FitnessImprovement: 0.0000 → Reward: +1.0000 (prevFit=1720.22, currFit=1720.22)

========== Planning Complete ==========
Algorithm: RLAMPSO
Execution time: 55.7768 seconds
Path length: 150.5725 units
Waypoints: 7
Best fitness: 1720.2233
========================================


========== Direct Global Planning ==========
Algorithm: RLAMPSO
Start: [10.0, 95.0, 10.0]
Goal:  [97.0, 2.0, 10.0]
============================================


╔════════════════════════════════════════════════════════╗
║     RLAM-PSO Configuration (GPU-Optimized)            ║
╚════════════════════════════════════════════════════════╝

Mode: baseline

--- Features Enabled ---
  Transformer State: OFF (state: 15D)
  TD3:               OFF
  PER:               OFF
  Curriculum:        OFF

--- Compute Configuration ---
  Mode:              GPU-Optimized Sequential
  GPU:               OFF (CPU fallback)
  Parallel:          OFF (disabled for dlnetwork compatibility)

--- Training Parameters ---
  Episodes:          100
  Population:        40
  Max Iterations:    600
  Batch Size:        256 (GPU-optimized)
  Actor LR:          0.00010
  Critic LR:         0.00100

--- GPU Optimization (2025) ---
  Gradient Steps/Call:  1
  Train Every:          1 iterations
  Mid-Episode Training: ON
  Estimated UTD Ratio:  ~600.0

════════════════════════════════════════════════════════


╔════════════════════════════════════════════════════════╗
║     RLAM-PSO Configuration (GPU-Optimized)            ║
╚════════════════════════════════════════════════════════╝

Mode: baseline

--- Features Enabled ---
  Transformer State: OFF (state: 15D)
  TD3:               OFF
  PER:               OFF
  Curriculum:        OFF

--- Compute Configuration ---
  Mode:              GPU-Optimized Sequential
  GPU:               OFF (CPU fallback)
  Parallel:          OFF (disabled for dlnetwork compatibility)

--- Training Parameters ---
  Episodes:          100
  Population:        40
  Max Iterations:    600
  Batch Size:        256 (GPU-optimized)
  Actor LR:          0.00010
  Critic LR:         0.00100

--- GPU Optimization (2025) ---
  Gradient Steps/Call:  1
  Train Every:          1 iterations
  Mid-Episode Training: ON
  Estimated UTD Ratio:  ~600.0

════════════════════════════════════════════════════════

[REWARD DEBUG iter 600] FitnessImprovement: 0.0000 → Reward: -1.0000 (prevFit=1574.17, currFit=1574.17)

========== Planning Complete ==========
Algorithm: RLAMPSO
Execution time: 56.0148 seconds
Path length: 153.1684 units
Waypoints: 7
Best fitness: 1574.1652
========================================


========== Direct Global Planning ==========
Algorithm: RLAMPSO
Start: [10.0, 95.0, 10.0]
Goal:  [97.0, 2.0, 10.0]
============================================


╔════════════════════════════════════════════════════════╗
║     RLAM-PSO Configuration (GPU-Optimized)            ║
╚════════════════════════════════════════════════════════╝

Mode: baseline

--- Features Enabled ---
  Transformer State: OFF (state: 15D)
  TD3:               OFF
  PER:               OFF
  Curriculum:        OFF

--- Compute Configuration ---
  Mode:              GPU-Optimized Sequential
  GPU:               OFF (CPU fallback)
  Parallel:          OFF (disabled for dlnetwork compatibility)

--- Training Parameters ---
  Episodes:          100
  Population:        40
  Max Iterations:    600
  Batch Size:        256 (GPU-optimized)
  Actor LR:          0.00010
  Critic LR:         0.00100

--- GPU Optimization (2025) ---
  Gradient Steps/Call:  1
  Train Every:          1 iterations
  Mid-Episode Training: ON
  Estimated UTD Ratio:  ~600.0

════════════════════════════════════════════════════════


╔════════════════════════════════════════════════════════╗
║     RLAM-PSO Configuration (GPU-Optimized)            ║
╚════════════════════════════════════════════════════════╝

Mode: baseline

--- Features Enabled ---
  Transformer State: OFF (state: 15D)
  TD3:               OFF
  PER:               OFF
  Curriculum:        OFF

--- Compute Configuration ---
  Mode:              GPU-Optimized Sequential
  GPU:               OFF (CPU fallback)
  Parallel:          OFF (disabled for dlnetwork compatibility)

--- Training Parameters ---
  Episodes:          100
  Population:        40
  Max Iterations:    600
  Batch Size:        256 (GPU-optimized)
  Actor LR:          0.00010
  Critic LR:         0.00100

--- GPU Optimization (2025) ---
  Gradient Steps/Call:  1
  Train Every:          1 iterations
  Mid-Episode Training: ON
  Estimated UTD Ratio:  ~600.0

════════════════════════════════════════════════════════

[ACTION DEBUG iter 600] Raw action[1:3]: [-0.0685, 0.6461, 0.1186], noise: 0.0500
[ACTION DEBUG iter 600] WARNING: 2/20 actions clipped (network saturating)
[RLAMPSO DEBUG iter 600] w=0.3460, c1=0.9000, c2=1.3078 | fitness=1770.94
[REWARD DEBUG iter 600] FitnessImprovement: 0.0001 → Reward: +1.0000 (prevFit=1770.94, currFit=1770.94)
[ACTION DEBUG iter 600] Raw action[1:3]: [-0.7463, -0.6588, -0.9838], noise: 0.0500
[RLAMPSO DEBUG iter 600] w=0.4621, c1=2.0580, c2=1.5236 | fitness=1604.54
[REWARD DEBUG iter 600] FitnessImprovement: 0.0457 → Reward: +1.0000 (prevFit=1604.54, currFit=1604.49)

========== Planning Complete ==========
Algorithm: RLAMPSO
Execution time: 56.0779 seconds
Path length: 152.6990 units
Waypoints: 7
Best fitness: 1604.4917
========================================


========== Direct Global Planning ==========
Algorithm: RLAMPSO
Start: [10.0, 95.0, 10.0]
Goal:  [97.0, 2.0, 10.0]
============================================


╔════════════════════════════════════════════════════════╗
║     RLAM-PSO Configuration (GPU-Optimized)            ║
╚════════════════════════════════════════════════════════╝

Mode: baseline

--- Features Enabled ---
  Transformer State: OFF (state: 15D)
  TD3:               OFF
  PER:               OFF
  Curriculum:        OFF

--- Compute Configuration ---
  Mode:              GPU-Optimized Sequential
  GPU:               OFF (CPU fallback)
  Parallel:          OFF (disabled for dlnetwork compatibility)

--- Training Parameters ---
  Episodes:          100
  Population:        40
  Max Iterations:    600
  Batch Size:        256 (GPU-optimized)
  Actor LR:          0.00010
  Critic LR:         0.00100

--- GPU Optimization (2025) ---
  Gradient Steps/Call:  1
  Train Every:          1 iterations
  Mid-Episode Training: ON
  Estimated UTD Ratio:  ~600.0

════════════════════════════════════════════════════════


╔════════════════════════════════════════════════════════╗
║     RLAM-PSO Configuration (GPU-Optimized)            ║
╚════════════════════════════════════════════════════════╝

Mode: baseline

--- Features Enabled ---
  Transformer State: OFF (state: 15D)
  TD3:               OFF
  PER:               OFF
  Curriculum:        OFF

--- Compute Configuration ---
  Mode:              GPU-Optimized Sequential
  GPU:               OFF (CPU fallback)
  Parallel:          OFF (disabled for dlnetwork compatibility)

--- Training Parameters ---
  Episodes:          100
  Population:        40
  Max Iterations:    600
  Batch Size:        256 (GPU-optimized)
  Actor LR:          0.00010
  Critic LR:         0.00100

--- GPU Optimization (2025) ---
  Gradient Steps/Call:  1
  Train Every:          1 iterations
  Mid-Episode Training: ON
  Estimated UTD Ratio:  ~600.0

════════════════════════════════════════════════════════


========== Planning Complete ==========
Algorithm: RLAMPSO
Execution time: 56.0189 seconds
Path length: 169.2969 units
Waypoints: 7
Best fitness: 1770.9444
========================================


========== Direct Global Planning ==========
Algorithm: RLAMPSO
Start: [10.0, 95.0, 10.0]
Goal:  [97.0, 2.0, 10.0]
============================================


╔════════════════════════════════════════════════════════╗
║     RLAM-PSO Configuration (GPU-Optimized)            ║
╚════════════════════════════════════════════════════════╝

Mode: baseline

--- Features Enabled ---
  Transformer State: OFF (state: 15D)
  TD3:               OFF
  PER:               OFF
  Curriculum:        OFF

--- Compute Configuration ---
  Mode:              GPU-Optimized Sequential
  GPU:               OFF (CPU fallback)
  Parallel:          OFF (disabled for dlnetwork compatibility)

--- Training Parameters ---
  Episodes:          100
  Population:        40
  Max Iterations:    600
  Batch Size:        256 (GPU-optimized)
  Actor LR:          0.00010
  Critic LR:         0.00100

--- GPU Optimization (2025) ---
  Gradient Steps/Call:  1
  Train Every:          1 iterations
  Mid-Episode Training: ON
  Estimated UTD Ratio:  ~600.0

════════════════════════════════════════════════════════


╔════════════════════════════════════════════════════════╗
║     RLAM-PSO Configuration (GPU-Optimized)            ║
╚════════════════════════════════════════════════════════╝

Mode: baseline

--- Features Enabled ---
  Transformer State: OFF (state: 15D)
  TD3:               OFF
  PER:               OFF
  Curriculum:        OFF

--- Compute Configuration ---
  Mode:              GPU-Optimized Sequential
  GPU:               OFF (CPU fallback)
  Parallel:          OFF (disabled for dlnetwork compatibility)

--- Training Parameters ---
  Episodes:          100
  Population:        40
  Max Iterations:    600
  Batch Size:        256 (GPU-optimized)
  Actor LR:          0.00010
  Critic LR:         0.00100

--- GPU Optimization (2025) ---
  Gradient Steps/Call:  1
  Train Every:          1 iterations
  Mid-Episode Training: ON
  Estimated UTD Ratio:  ~600.0

════════════════════════════════════════════════════════

[ACTION DEBUG iter 600] Raw action[1:3]: [0.2131, -0.1201, -0.7953], noise: 0.0500
[ACTION DEBUG iter 600] WARNING: 1/20 actions clipped (network saturating)
[RLAMPSO DEBUG iter 600] w=0.6247, c1=1.2892, c2=1.4240 | fitness=1630.29
[ACTION DEBUG iter 600] Raw action[1:3]: [-0.8967, -0.1778, 0.6962], noise: 0.0500
[RLAMPSO DEBUG iter 600] w=0.3143, c1=1.6371, c2=1.2480 | fitness=1838.50
[ACTION DEBUG iter 600] Raw action[1:3]: [0.7767, 0.9903, -0.9936], noise: 0.0500
[ACTION DEBUG iter 600] WARNING: 4/20 actions clipped (network saturating)
[RLAMPSO DEBUG iter 600] w=0.7217, c1=1.3504, c2=1.2455 | fitness=1748.75
[REWARD DEBUG iter 600] FitnessImprovement: 0.0000 → Reward: -1.0000 (prevFit=1748.75, currFit=1748.75)

========== Planning Complete ==========
Algorithm: RLAMPSO
Execution time: 56.3990 seconds
Path length: 154.0232 units
Waypoints: 7
Best fitness: 1748.7504
========================================


========== Direct Global Planning ==========
Algorithm: RLAMPSO
Start: [10.0, 95.0, 10.0]
Goal:  [97.0, 2.0, 10.0]
============================================


╔════════════════════════════════════════════════════════╗
║     RLAM-PSO Configuration (GPU-Optimized)            ║
╚════════════════════════════════════════════════════════╝

Mode: baseline

--- Features Enabled ---
  Transformer State: OFF (state: 15D)
  TD3:               OFF
  PER:               OFF
  Curriculum:        OFF

--- Compute Configuration ---
  Mode:              GPU-Optimized Sequential
  GPU:               OFF (CPU fallback)
  Parallel:          OFF (disabled for dlnetwork compatibility)

--- Training Parameters ---
  Episodes:          100
  Population:        40
  Max Iterations:    600
  Batch Size:        256 (GPU-optimized)
  Actor LR:          0.00010
  Critic LR:         0.00100

--- GPU Optimization (2025) ---
  Gradient Steps/Call:  1
  Train Every:          1 iterations
  Mid-Episode Training: ON
  Estimated UTD Ratio:  ~600.0

════════════════════════════════════════════════════════

[REWARD DEBUG iter 600] FitnessImprovement: 0.0000 → Reward: +1.0000 (prevFit=1630.29, currFit=1630.29)

========== Planning Complete ==========
Algorithm: RLAMPSO
Execution time: 56.4913 seconds
Path length: 150.1269 units
Waypoints: 7
Best fitness: 1630.2862
========================================


========== Direct Global Planning ==========
Algorithm: RLAMPSO
Start: [10.0, 95.0, 10.0]
Goal:  [97.0, 2.0, 10.0]
============================================


╔════════════════════════════════════════════════════════╗
║     RLAM-PSO Configuration (GPU-Optimized)            ║
╚════════════════════════════════════════════════════════╝

Mode: baseline

--- Features Enabled ---
  Transformer State: OFF (state: 15D)
  TD3:               OFF
  PER:               OFF
  Curriculum:        OFF

--- Compute Configuration ---
  Mode:              GPU-Optimized Sequential
  GPU:               OFF (CPU fallback)
  Parallel:          OFF (disabled for dlnetwork compatibility)

--- Training Parameters ---
  Episodes:          100
  Population:        40
  Max Iterations:    600
  Batch Size:        256 (GPU-optimized)
  Actor LR:          0.00010
  Critic LR:         0.00100

--- GPU Optimization (2025) ---
  Gradient Steps/Call:  1
  Train Every:          1 iterations
  Mid-Episode Training: ON
  Estimated UTD Ratio:  ~600.0

════════════════════════════════════════════════════════


╔════════════════════════════════════════════════════════╗
║     RLAM-PSO Configuration (GPU-Optimized)            ║
╚════════════════════════════════════════════════════════╝

Mode: baseline

--- Features Enabled ---
  Transformer State: OFF (state: 15D)
  TD3:               OFF
  PER:               OFF
  Curriculum:        OFF

--- Compute Configuration ---
  Mode:              GPU-Optimized Sequential
  GPU:               OFF (CPU fallback)
  Parallel:          OFF (disabled for dlnetwork compatibility)

--- Training Parameters ---
  Episodes:          100
  Population:        40
  Max Iterations:    600
  Batch Size:        256 (GPU-optimized)
  Actor LR:          0.00010
  Critic LR:         0.00100

--- GPU Optimization (2025) ---
  Gradient Steps/Call:  1
  Train Every:          1 iterations
  Mid-Episode Training: ON
  Estimated UTD Ratio:  ~600.0

════════════════════════════════════════════════════════

[REWARD DEBUG iter 600] FitnessImprovement: 0.0000 → Reward: +1.0000 (prevFit=1838.50, currFit=1838.50)

╔════════════════════════════════════════════════════════╗
║     RLAM-PSO Configuration (GPU-Optimized)            ║
╚════════════════════════════════════════════════════════╝

Mode: baseline

--- Features Enabled ---
  Transformer State: OFF (state: 15D)
  TD3:               OFF
  PER:               OFF
  Curriculum:        OFF

--- Compute Configuration ---
  Mode:              GPU-Optimized Sequential
  GPU:               OFF (CPU fallback)
  Parallel:          OFF (disabled for dlnetwork compatibility)

--- Training Parameters ---
  Episodes:          100
  Population:        40
  Max Iterations:    600
  Batch Size:        256 (GPU-optimized)
  Actor LR:          0.00010
  Critic LR:         0.00100

--- GPU Optimization (2025) ---
  Gradient Steps/Call:  1
  Train Every:          1 iterations
  Mid-Episode Training: ON
  Estimated UTD Ratio:  ~600.0

════════════════════════════════════════════════════════

[ACTION DEBUG iter 600] Raw action[1:3]: [0.9857, 0.5803, -0.9995], noise: 0.0500
[ACTION DEBUG iter 600] WARNING: 4/20 actions clipped (network saturating)
[RLAMPSO DEBUG iter 600] w=0.4469, c1=2.2159, c2=1.3218 | fitness=1616.55

========== Planning Complete ==========
Algorithm: RLAMPSO
Execution time: 56.4866 seconds
Path length: 160.3143 units
Waypoints: 7
Best fitness: 1838.4953
========================================


========== Direct Global Planning ==========
Algorithm: RLAMPSO
Start: [10.0, 95.0, 10.0]
Goal:  [97.0, 2.0, 10.0]
============================================


╔════════════════════════════════════════════════════════╗
║     RLAM-PSO Configuration (GPU-Optimized)            ║
╚════════════════════════════════════════════════════════╝

Mode: baseline

--- Features Enabled ---
  Transformer State: OFF (state: 15D)
  TD3:               OFF
  PER:               OFF
  Curriculum:        OFF

--- Compute Configuration ---
  Mode:              GPU-Optimized Sequential
  GPU:               OFF (CPU fallback)
  Parallel:          OFF (disabled for dlnetwork compatibility)

--- Training Parameters ---
  Episodes:          100
  Population:        40
  Max Iterations:    600
  Batch Size:        256 (GPU-optimized)
  Actor LR:          0.00010
  Critic LR:         0.00100

--- GPU Optimization (2025) ---
  Gradient Steps/Call:  1
  Train Every:          1 iterations
  Mid-Episode Training: ON
  Estimated UTD Ratio:  ~600.0

════════════════════════════════════════════════════════


╔════════════════════════════════════════════════════════╗
║     RLAM-PSO Configuration (GPU-Optimized)            ║
╚════════════════════════════════════════════════════════╝

Mode: baseline

--- Features Enabled ---
  Transformer State: OFF (state: 15D)
  TD3:               OFF
  PER:               OFF
  Curriculum:        OFF

--- Compute Configuration ---
  Mode:              GPU-Optimized Sequential
  GPU:               OFF (CPU fallback)
  Parallel:          OFF (disabled for dlnetwork compatibility)

--- Training Parameters ---
  Episodes:          100
  Population:        40
  Max Iterations:    600
  Batch Size:        256 (GPU-optimized)
  Actor LR:          0.00010
  Critic LR:         0.00100

--- GPU Optimization (2025) ---
  Gradient Steps/Call:  1
  Train Every:          1 iterations
  Mid-Episode Training: ON
  Estimated UTD Ratio:  ~600.0

════════════════════════════════════════════════════════

[ACTION DEBUG iter 600] Raw action[1:3]: [-0.0563, 0.8365, -0.2767], noise: 0.0500
[RLAMPSO DEBUG iter 600] w=0.5683, c1=1.9243, c2=0.8962 | fitness=1548.07
[REWARD DEBUG iter 600] FitnessImprovement: 0.0026 → Reward: +1.0000 (prevFit=1616.55, currFit=1616.55)

========== Planning Complete ==========
Algorithm: RLAMPSO
Execution time: 56.5462 seconds
Path length: 167.2900 units
Waypoints: 7
Best fitness: 1616.5482
========================================


========== Direct Global Planning ==========
Algorithm: RLAMPSO
Start: [10.0, 95.0, 10.0]
Goal:  [97.0, 2.0, 10.0]
============================================

[REWARD DEBUG iter 600] FitnessImprovement: 0.0075 → Reward: +1.0000 (prevFit=1548.07, currFit=1548.06)

========== Planning Complete ==========
Algorithm: RLAMPSO
Execution time: 56.8499 seconds
Path length: 153.6854 units
Waypoints: 7
Best fitness: 1548.0634
========================================


========== Direct Global Planning ==========
Algorithm: RLAMPSO
Start: [10.0, 95.0, 10.0]
Goal:  [97.0, 2.0, 10.0]
============================================


╔════════════════════════════════════════════════════════╗
║     RLAM-PSO Configuration (GPU-Optimized)            ║
╚════════════════════════════════════════════════════════╝

Mode: baseline

--- Features Enabled ---
  Transformer State: OFF (state: 15D)
  TD3:               OFF
  PER:               OFF
  Curriculum:        OFF

--- Compute Configuration ---
  Mode:              GPU-Optimized Sequential
  GPU:               OFF (CPU fallback)
  Parallel:          OFF (disabled for dlnetwork compatibility)

--- Training Parameters ---
  Episodes:          100
  Population:        40
  Max Iterations:    600
  Batch Size:        256 (GPU-optimized)
  Actor LR:          0.00010
  Critic LR:         0.00100

--- GPU Optimization (2025) ---
  Gradient Steps/Call:  1
  Train Every:          1 iterations
  Mid-Episode Training: ON
  Estimated UTD Ratio:  ~600.0

════════════════════════════════════════════════════════


╔════════════════════════════════════════════════════════╗
║     RLAM-PSO Configuration (GPU-Optimized)            ║
╚════════════════════════════════════════════════════════╝

Mode: baseline

--- Features Enabled ---
  Transformer State: OFF (state: 15D)
  TD3:               OFF
  PER:               OFF
  Curriculum:        OFF

--- Compute Configuration ---
  Mode:              GPU-Optimized Sequential
  GPU:               OFF (CPU fallback)
  Parallel:          OFF (disabled for dlnetwork compatibility)

--- Training Parameters ---
  Episodes:          100
  Population:        40
  Max Iterations:    600
  Batch Size:        256 (GPU-optimized)
  Actor LR:          0.00010
  Critic LR:         0.00100

--- GPU Optimization (2025) ---
  Gradient Steps/Call:  1
  Train Every:          1 iterations
  Mid-Episode Training: ON
  Estimated UTD Ratio:  ~600.0

════════════════════════════════════════════════════════


╔════════════════════════════════════════════════════════╗
║     RLAM-PSO Configuration (GPU-Optimized)            ║
╚════════════════════════════════════════════════════════╝

Mode: baseline

--- Features Enabled ---
  Transformer State: OFF (state: 15D)
  TD3:               OFF
  PER:               OFF
  Curriculum:        OFF

--- Compute Configuration ---
  Mode:              GPU-Optimized Sequential
  GPU:               OFF (CPU fallback)
  Parallel:          OFF (disabled for dlnetwork compatibility)

--- Training Parameters ---
  Episodes:          100
  Population:        40
  Max Iterations:    600
  Batch Size:        256 (GPU-optimized)
  Actor LR:          0.00010
  Critic LR:         0.00100

--- GPU Optimization (2025) ---
  Gradient Steps/Call:  1
  Train Every:          1 iterations
  Mid-Episode Training: ON
  Estimated UTD Ratio:  ~600.0

════════════════════════════════════════════════════════


╔════════════════════════════════════════════════════════╗
║     RLAM-PSO Configuration (GPU-Optimized)            ║
╚════════════════════════════════════════════════════════╝

Mode: baseline

--- Features Enabled ---
  Transformer State: OFF (state: 15D)
  TD3:               OFF
  PER:               OFF
  Curriculum:        OFF

--- Compute Configuration ---
  Mode:              GPU-Optimized Sequential
  GPU:               OFF (CPU fallback)
  Parallel:          OFF (disabled for dlnetwork compatibility)

--- Training Parameters ---
  Episodes:          100
  Population:        40
  Max Iterations:    600
  Batch Size:        256 (GPU-optimized)
  Actor LR:          0.00010
  Critic LR:         0.00100

--- GPU Optimization (2025) ---
  Gradient Steps/Call:  1
  Train Every:          1 iterations
  Mid-Episode Training: ON
  Estimated UTD Ratio:  ~600.0

════════════════════════════════════════════════════════

[ACTION DEBUG iter 100] Raw action[1:3]: [-0.7880, -0.4548, -0.3358], noise: 0.0500
[RLAMPSO DEBUG iter 100] w=0.4865, c1=1.5381, c2=2.2344 | fitness=1877.49
[REWARD DEBUG iter 100] FitnessImprovement: 0.6754 → Reward: +1.0000 (prevFit=1877.49, currFit=1876.81)
[ACTION DEBUG iter 600] Raw action[1:3]: [0.8858, 0.6579, -0.9937], noise: 0.0500
[ACTION DEBUG iter 600] WARNING: 4/20 actions clipped (network saturating)
[RLAMPSO DEBUG iter 600] w=0.5400, c1=1.5620, c2=1.4045 | fitness=1584.93
[REWARD DEBUG iter 600] FitnessImprovement: 0.0004 → Reward: +1.0000 (prevFit=1584.93, currFit=1584.93)

========== Planning Complete ==========
Algorithm: RLAMPSO
Execution time: 58.1391 seconds
Path length: 148.8730 units
Waypoints: 7
Best fitness: 1584.9255
========================================


========== Direct Global Planning ==========
Algorithm: RLAMPSO
Start: [10.0, 95.0, 10.0]
Goal:  [97.0, 2.0, 10.0]
============================================


╔════════════════════════════════════════════════════════╗
║     RLAM-PSO Configuration (GPU-Optimized)            ║
╚════════════════════════════════════════════════════════╝

Mode: baseline

--- Features Enabled ---
  Transformer State: OFF (state: 15D)
  TD3:               OFF
  PER:               OFF
  Curriculum:        OFF

--- Compute Configuration ---
  Mode:              GPU-Optimized Sequential
  GPU:               OFF (CPU fallback)
  Parallel:          OFF (disabled for dlnetwork compatibility)

--- Training Parameters ---
  Episodes:          100
  Population:        40
  Max Iterations:    600
  Batch Size:        256 (GPU-optimized)
  Actor LR:          0.00010
  Critic LR:         0.00100

--- GPU Optimization (2025) ---
  Gradient Steps/Call:  1
  Train Every:          1 iterations
  Mid-Episode Training: ON
  Estimated UTD Ratio:  ~600.0

════════════════════════════════════════════════════════


╔════════════════════════════════════════════════════════╗
║     RLAM-PSO Configuration (GPU-Optimized)            ║
╚════════════════════════════════════════════════════════╝

Mode: baseline

--- Features Enabled ---
  Transformer State: OFF (state: 15D)
  TD3:               OFF
  PER:               OFF
  Curriculum:        OFF

--- Compute Configuration ---
  Mode:              GPU-Optimized Sequential
  GPU:               OFF (CPU fallback)
  Parallel:          OFF (disabled for dlnetwork compatibility)

--- Training Parameters ---
  Episodes:          100
  Population:        40
  Max Iterations:    600
  Batch Size:        256 (GPU-optimized)
  Actor LR:          0.00010
  Critic LR:         0.00100

--- GPU Optimization (2025) ---
  Gradient Steps/Call:  1
  Train Every:          1 iterations
  Mid-Episode Training: ON
  Estimated UTD Ratio:  ~600.0

════════════════════════════════════════════════════════

[ACTION DEBUG iter 100] Raw action[1:3]: [0.6903, 0.3099, -0.7327], noise: 0.0500
[RLAMPSO DEBUG iter 100] w=0.5885, c1=1.7121, c2=2.2717 | fitness=1670.63
[REWARD DEBUG iter 100] FitnessImprovement: 0.0000 → Reward: -1.0000 (prevFit=1670.63, currFit=1670.63)
[ACTION DEBUG iter 200] Raw action[1:3]: [-0.8375, -0.5355, -0.7132], noise: 0.0500
[RLAMPSO DEBUG iter 200] w=0.4228, c1=1.6165, c2=2.1361 | fitness=1671.69
[REWARD DEBUG iter 200] FitnessImprovement: 0.5241 → Reward: +1.0000 (prevFit=1671.69, currFit=1671.17)
[ACTION DEBUG iter 100] Raw action[1:3]: [0.2219, -0.1473, -0.2467], noise: 0.0500
[RLAMPSO DEBUG iter 100] w=0.4875, c1=1.9200, c2=2.0000 | fitness=1670.00
[REWARD DEBUG iter 100] FitnessImprovement: 0.0000 → Reward: -1.0000 (prevFit=1670.00, currFit=1670.00)
[ACTION DEBUG iter 100] Raw action[1:3]: [-0.1129, -0.0398, -0.6637], noise: 0.0500
[RLAMPSO DEBUG iter 100] w=0.5560, c1=1.4367, c2=1.1578 | fitness=1680.90
[REWARD DEBUG iter 100] FitnessImprovement: 0.0459 → Reward: +1.0000 (prevFit=1680.90, currFit=1680.85)
[ACTION DEBUG iter 100] Raw action[1:3]: [-0.4437, -0.0668, 0.0430], noise: 0.0500
[RLAMPSO DEBUG iter 100] w=0.5383, c1=2.0403, c2=1.8790 | fitness=1641.52
[REWARD DEBUG iter 100] FitnessImprovement: 0.0759 → Reward: +1.0000 (prevFit=1641.52, currFit=1641.45)
[ACTION DEBUG iter 100] Raw action[1:3]: [-0.7101, -0.0445, -0.3392], noise: 0.0500
[RLAMPSO DEBUG iter 100] w=0.5632, c1=1.7000, c2=1.7624 | fitness=1634.30
[ACTION DEBUG iter 100] Raw action[1:3]: [-0.2679, 0.2910, -0.6451], noise: 0.0500
[RLAMPSO DEBUG iter 100] w=0.5510, c1=1.7397, c2=2.0256 | fitness=1568.80
[REWARD DEBUG iter 100] FitnessImprovement: 0.0093 → Reward: +1.0000 (prevFit=1568.80, currFit=1568.79)
[ACTION DEBUG iter 100] Raw action[1:3]: [0.1070, -0.5422, 0.7780], noise: 0.0500
[RLAMPSO DEBUG iter 100] w=0.4750, c1=1.9772, c2=1.8933 | fitness=1592.86
[REWARD DEBUG iter 100] FitnessImprovement: 0.3566 → Reward: +1.0000 (prevFit=1592.86, currFit=1592.50)
[ACTION DEBUG iter 100] Raw action[1:3]: [0.4984, 0.3168, 0.7754], noise: 0.0500
[RLAMPSO DEBUG iter 100] w=0.3901, c1=2.0385, c2=1.1072 | fitness=1716.55
[REWARD DEBUG iter 100] FitnessImprovement: 0.0258 → Reward: +1.0000 (prevFit=1716.55, currFit=1716.53)
[REWARD DEBUG iter 100] FitnessImprovement: 0.6079 → Reward: +1.0000 (prevFit=1634.30, currFit=1633.69)
[ACTION DEBUG iter 100] Raw action[1:3]: [0.1107, -0.0148, 0.4063], noise: 0.0500
[RLAMPSO DEBUG iter 100] w=0.5731, c1=1.5490, c2=1.5733 | fitness=1732.28
[REWARD DEBUG iter 100] FitnessImprovement: 0.0019 → Reward: +1.0000 (prevFit=1732.28, currFit=1732.28)
[ACTION DEBUG iter 100] Raw action[1:3]: [0.1092, 0.3336, -0.4770], noise: 0.0500
[RLAMPSO DEBUG iter 100] w=0.4495, c1=2.1744, c2=1.3536 | fitness=1632.53
[REWARD DEBUG iter 100] FitnessImprovement: 0.0934 → Reward: +1.0000 (prevFit=1632.53, currFit=1632.44)
[ACTION DEBUG iter 100] Raw action[1:3]: [-0.1951, 0.4084, 0.4379], noise: 0.0500
[RLAMPSO DEBUG iter 100] w=0.4949, c1=1.9033, c2=1.7741 | fitness=2013.34
[REWARD DEBUG iter 100] FitnessImprovement: 0.0260 → Reward: +1.0000 (prevFit=2013.34, currFit=2013.31)
[ACTION DEBUG iter 100] Raw action[1:3]: [-0.3472, 0.0590, 0.6359], noise: 0.0500
[RLAMPSO DEBUG iter 100] w=0.5114, c1=2.2600, c2=1.9994 | fitness=1589.51
[REWARD DEBUG iter 100] FitnessImprovement: 0.3521 → Reward: +1.0000 (prevFit=1589.51, currFit=1589.15)
[ACTION DEBUG iter 200] Raw action[1:3]: [0.5565, -0.0149, -0.6659], noise: 0.0500
[RLAMPSO DEBUG iter 200] w=0.6037, c1=1.6577, c2=2.1251 | fitness=1661.19
[REWARD DEBUG iter 200] FitnessImprovement: 0.0000 → Reward: -1.0000 (prevFit=1661.19, currFit=1661.19)
[ACTION DEBUG iter 100] Raw action[1:3]: [0.3938, -0.4061, 0.1031], noise: 0.0500
[RLAMPSO DEBUG iter 100] w=0.4422, c1=1.7068, c2=1.8398 | fitness=1587.47
[REWARD DEBUG iter 100] FitnessImprovement: 0.4021 → Reward: +1.0000 (prevFit=1587.47, currFit=1587.07)
[ACTION DEBUG iter 300] Raw action[1:3]: [-0.7140, -0.2401, -0.7007], noise: 0.0500
[RLAMPSO DEBUG iter 300] w=0.5374, c1=1.2711, c2=1.8605 | fitness=1667.77
[REWARD DEBUG iter 300] FitnessImprovement: 0.0001 → Reward: +1.0000 (prevFit=1667.77, currFit=1667.77)
[ACTION DEBUG iter 200] Raw action[1:3]: [-0.6063, 0.3028, -0.1592], noise: 0.0500
[RLAMPSO DEBUG iter 200] w=0.5228, c1=1.8663, c2=1.8480 | fitness=1567.43
[REWARD DEBUG iter 200] FitnessImprovement: 0.0710 → Reward: +1.0000 (prevFit=1567.43, currFit=1567.36)
[ACTION DEBUG iter 200] Raw action[1:3]: [-0.0827, -0.1249, -0.2716], noise: 0.0500
[RLAMPSO DEBUG iter 200] w=0.5352, c1=1.5510, c2=1.5233 | fitness=1669.24
[REWARD DEBUG iter 200] FitnessImprovement: 0.0190 → Reward: +1.0000 (prevFit=1669.24, currFit=1669.22)
[ACTION DEBUG iter 200] Raw action[1:3]: [0.0041, 0.4773, 0.5302], noise: 0.0500
[RLAMPSO DEBUG iter 200] w=0.5617, c1=1.6271, c2=1.6269 | fitness=1562.78
[REWARD DEBUG iter 200] FitnessImprovement: 0.0000 → Reward: -1.0000 (prevFit=1562.78, currFit=1562.78)
[ACTION DEBUG iter 200] Raw action[1:3]: [0.3890, -0.6803, -0.6960], noise: 0.0500
[RLAMPSO DEBUG iter 200] w=0.4238, c1=1.7871, c2=1.9610 | fitness=1669.03
[REWARD DEBUG iter 200] FitnessImprovement: 0.0000 → Reward: -1.0000 (prevFit=1669.03, currFit=1669.03)
[ACTION DEBUG iter 200] Raw action[1:3]: [-0.5873, -0.1116, -0.2736], noise: 0.0500
[RLAMPSO DEBUG iter 200] w=0.5468, c1=1.6482, c2=1.7218 | fitness=1631.72
[REWARD DEBUG iter 200] FitnessImprovement: 0.0000 → Reward: -1.0000 (prevFit=1631.72, currFit=1631.72)
[ACTION DEBUG iter 200] Raw action[1:3]: [0.0645, 0.5949, -0.0161], noise: 0.0500
[RLAMPSO DEBUG iter 200] w=0.5423, c1=2.0246, c2=1.8375 | fitness=1713.45
[REWARD DEBUG iter 200] FitnessImprovement: 0.4196 → Reward: +1.0000 (prevFit=1713.45, currFit=1713.03)
[ACTION DEBUG iter 200] Raw action[1:3]: [-0.2830, -0.2307, 0.5434], noise: 0.0500
[RLAMPSO DEBUG iter 200] w=0.5053, c1=1.7715, c2=2.3356 | fitness=1589.28
[REWARD DEBUG iter 200] FitnessImprovement: 0.0100 → Reward: +1.0000 (prevFit=1589.28, currFit=1589.27)
[ACTION DEBUG iter 200] Raw action[1:3]: [0.1702, -0.0495, 0.8594], noise: 0.0500
[RLAMPSO DEBUG iter 200] w=0.3984, c1=1.9488, c2=0.8792 | fitness=1714.02
[REWARD DEBUG iter 200] FitnessImprovement: 0.0007 → Reward: +1.0000 (prevFit=1714.02, currFit=1714.02)
[ACTION DEBUG iter 200] Raw action[1:3]: [-0.3362, 0.4839, -0.5079], noise: 0.0500
[RLAMPSO DEBUG iter 200] w=0.3757, c1=2.1526, c2=1.7093 | fitness=1616.78
[REWARD DEBUG iter 200] FitnessImprovement: 0.0017 → Reward: +1.0000 (prevFit=1616.78, currFit=1616.78)
[ACTION DEBUG iter 200] Raw action[1:3]: [-0.6032, 0.4856, 0.7463], noise: 0.0500
[RLAMPSO DEBUG iter 200] w=0.4644, c1=1.4872, c2=1.5006 | fitness=2005.98
[REWARD DEBUG iter 200] FitnessImprovement: 0.0015 → Reward: +1.0000 (prevFit=2005.98, currFit=2005.98)
[ACTION DEBUG iter 300] Raw action[1:3]: [0.7842, 0.4540, -0.3249], noise: 0.0500
[RLAMPSO DEBUG iter 300] w=0.6482, c1=1.7547, c2=2.0661 | fitness=1625.03
[REWARD DEBUG iter 300] FitnessImprovement: 0.0033 → Reward: +1.0000 (prevFit=1625.03, currFit=1625.03)
[ACTION DEBUG iter 200] Raw action[1:3]: [-0.0533, -0.3492, 0.6930], noise: 0.0500
[RLAMPSO DEBUG iter 200] w=0.5488, c1=2.0619, c2=1.7862 | fitness=1575.33
[REWARD DEBUG iter 200] FitnessImprovement: 0.0000 → Reward: -1.0000 (prevFit=1575.33, currFit=1575.33)
[ACTION DEBUG iter 200] Raw action[1:3]: [0.2168, -0.2350, -0.1317], noise: 0.0500
[RLAMPSO DEBUG iter 200] w=0.5573, c1=1.5807, c2=1.4612 | fitness=1585.29
[REWARD DEBUG iter 200] FitnessImprovement: 0.0003 → Reward: +1.0000 (prevFit=1585.29, currFit=1585.29)
[ACTION DEBUG iter 300] Raw action[1:3]: [-0.6927, 0.7328, 0.7253], noise: 0.0500
[ACTION DEBUG iter 300] WARNING: 2/20 actions clipped (network saturating)
[RLAMPSO DEBUG iter 300] w=0.5844, c1=1.7038, c2=1.6685 | fitness=1559.19
[REWARD DEBUG iter 300] FitnessImprovement: 0.0015 → Reward: +1.0000 (prevFit=1559.19, currFit=1559.19)
[ACTION DEBUG iter 300] Raw action[1:3]: [0.3654, -0.7231, -0.8179], noise: 0.0500
[RLAMPSO DEBUG iter 300] w=0.5624, c1=1.3594, c2=1.8464 | fitness=1668.92
[REWARD DEBUG iter 300] FitnessImprovement: 0.0000 → Reward: +1.0000 (prevFit=1668.92, currFit=1668.92)
[ACTION DEBUG iter 300] Raw action[1:3]: [-0.6606, -0.0926, 0.1250], noise: 0.0500
[RLAMPSO DEBUG iter 300] w=0.5285, c1=2.0423, c2=2.3242 | fitness=1566.27
[REWARD DEBUG iter 300] FitnessImprovement: 0.0000 → Reward: -1.0000 (prevFit=1566.27, currFit=1566.27)
[ACTION DEBUG iter 300] Raw action[1:3]: [-0.2366, -0.4235, 0.1691], noise: 0.0500
[RLAMPSO DEBUG iter 300] w=0.5687, c1=1.4379, c2=2.2223 | fitness=1668.78
[REWARD DEBUG iter 300] FitnessImprovement: 0.0001 → Reward: +1.0000 (prevFit=1668.78, currFit=1668.78)
[ACTION DEBUG iter 300] Raw action[1:3]: [-0.0286, -0.7570, 0.8388], noise: 0.0500
[RLAMPSO DEBUG iter 300] w=0.4245, c1=1.5567, c2=2.0360 | fitness=1589.06
[ACTION DEBUG iter 300] Raw action[1:3]: [-0.5585, -0.4090, -0.4936], noise: 0.0500
[RLAMPSO DEBUG iter 300] w=0.5561, c1=1.6221, c2=1.7677 | fitness=1631.40
[REWARD DEBUG iter 300] FitnessImprovement: 0.0005 → Reward: +1.0000 (prevFit=1631.40, currFit=1631.40)
[REWARD DEBUG iter 300] FitnessImprovement: 0.0034 → Reward: +1.0000 (prevFit=1589.06, currFit=1589.05)
[ACTION DEBUG iter 300] Raw action[1:3]: [0.3055, 0.1689, -0.3558], noise: 0.0500
[RLAMPSO DEBUG iter 300] w=0.6007, c1=1.5841, c2=1.5171 | fitness=1684.66
[REWARD DEBUG iter 300] FitnessImprovement: 0.0220 → Reward: +1.0000 (prevFit=1684.66, currFit=1684.64)
[ACTION DEBUG iter 300] Raw action[1:3]: [-0.1309, -0.0197, 0.7327], noise: 0.0500
[RLAMPSO DEBUG iter 300] w=0.4551, c1=1.6837, c2=1.1022 | fitness=1705.01
[REWARD DEBUG iter 300] FitnessImprovement: 0.0003 → Reward: +1.0000 (prevFit=1705.01, currFit=1705.01)
[ACTION DEBUG iter 300] Raw action[1:3]: [-0.0127, 0.8977, 0.8498], noise: 0.0500
[RLAMPSO DEBUG iter 300] w=0.5980, c1=1.1848, c2=1.1118 | fitness=2001.50
[REWARD DEBUG iter 300] FitnessImprovement: 0.0357 → Reward: +1.0000 (prevFit=2001.50, currFit=2001.47)
[ACTION DEBUG iter 300] Raw action[1:3]: [0.1814, 0.2702, 0.0158], noise: 0.0500
[RLAMPSO DEBUG iter 300] w=0.4490, c1=2.2806, c2=1.5320 | fitness=1616.55
[REWARD DEBUG iter 300] FitnessImprovement: 0.0012 → Reward: +1.0000 (prevFit=1616.55, currFit=1616.55)
[ACTION DEBUG iter 300] Raw action[1:3]: [0.1970, 0.0798, 0.8167], noise: 0.0500
[RLAMPSO DEBUG iter 300] w=0.5739, c1=2.1633, c2=1.8483 | fitness=1574.76
[REWARD DEBUG iter 300] FitnessImprovement: 0.0000 → Reward: -1.0000 (prevFit=1574.76, currFit=1574.76)
[ACTION DEBUG iter 300] Raw action[1:3]: [0.1151, -0.2895, -0.3645], noise: 0.0500
[RLAMPSO DEBUG iter 300] w=0.5703, c1=1.7370, c2=1.7822 | fitness=1585.28
[REWARD DEBUG iter 300] FitnessImprovement: 0.0000 → Reward: -1.0000 (prevFit=1585.28, currFit=1585.28)
[ACTION DEBUG iter 400] Raw action[1:3]: [-0.9173, -0.8348, -0.6804], noise: 0.0500
[RLAMPSO DEBUG iter 400] w=0.3384, c1=1.1673, c2=2.4186 | fitness=1667.64
[REWARD DEBUG iter 400] FitnessImprovement: 0.0000 → Reward: +1.0000 (prevFit=1667.64, currFit=1667.64)
[ACTION DEBUG iter 400] Raw action[1:3]: [0.4246, 0.1608, 0.2371], noise: 0.0500
[RLAMPSO DEBUG iter 400] w=0.4296, c1=1.0903, c2=1.6075 | fitness=1610.78
[REWARD DEBUG iter 400] FitnessImprovement: 0.0000 → Reward: +1.0000 (prevFit=1610.78, currFit=1610.78)
[ACTION DEBUG iter 400] Raw action[1:3]: [-0.0176, 0.8727, 0.8819], noise: 0.0500
[RLAMPSO DEBUG iter 400] w=0.6329, c1=1.6145, c2=1.7524 | fitness=1548.86
[REWARD DEBUG iter 400] FitnessImprovement: 0.1483 → Reward: +1.0000 (prevFit=1548.86, currFit=1548.71)
[ACTION DEBUG iter 400] Raw action[1:3]: [0.7509, -0.6551, -0.6285], noise: 0.0500
[RLAMPSO DEBUG iter 400] w=0.5000, c1=1.7934, c2=1.7209 | fitness=1668.78
[REWARD DEBUG iter 400] FitnessImprovement: 0.0002 → Reward: +1.0000 (prevFit=1668.78, currFit=1668.78)
[ACTION DEBUG iter 400] Raw action[1:3]: [-0.2433, 0.6996, -0.6988], noise: 0.0500
[RLAMPSO DEBUG iter 400] w=0.5568, c1=1.7840, c2=1.7845 | fitness=1565.99
[REWARD DEBUG iter 400] FitnessImprovement: 0.0000 → Reward: -1.0000 (prevFit=1565.99, currFit=1565.99)
[ACTION DEBUG iter 400] Raw action[1:3]: [-0.4503, 0.1642, -0.5253], noise: 0.0500
[RLAMPSO DEBUG iter 400] w=0.4951, c1=1.2768, c2=1.3962 | fitness=1666.86
[REWARD DEBUG iter 400] FitnessImprovement: 0.0000 → Reward: -1.0000 (prevFit=1666.86, currFit=1666.86)
[ACTION DEBUG iter 400] Raw action[1:3]: [0.8635, 0.8740, -0.4122], noise: 0.0500
[RLAMPSO DEBUG iter 400] w=0.6629, c1=1.1888, c2=0.9600 | fitness=1660.80
[REWARD DEBUG iter 400] FitnessImprovement: 0.6827 → Reward: +1.0000 (prevFit=1660.80, currFit=1660.12)
[ACTION DEBUG iter 400] Raw action[1:3]: [-0.2464, -0.6069, -0.8016], noise: 0.0500
[RLAMPSO DEBUG iter 400] w=0.6047, c1=1.2298, c2=0.7422 | fitness=1631.38
[REWARD DEBUG iter 400] FitnessImprovement: 0.0000 → Reward: -1.0000 (prevFit=1631.38, currFit=1631.38)
[ACTION DEBUG iter 400] Raw action[1:3]: [-0.7049, -0.6479, 0.6848], noise: 0.0500
[RLAMPSO DEBUG iter 400] w=0.4107, c1=1.2755, c2=2.1782 | fitness=1587.85
[REWARD DEBUG iter 400] FitnessImprovement: 0.0163 → Reward: +1.0000 (prevFit=1587.85, currFit=1587.84)
[ACTION DEBUG iter 400] Raw action[1:3]: [-0.4436, -0.6397, 0.7782], noise: 0.0500
[RLAMPSO DEBUG iter 400] w=0.4402, c1=0.9000, c2=0.9122 | fitness=1677.83
[REWARD DEBUG iter 400] FitnessImprovement: 0.0000 → Reward: -1.0000 (prevFit=1677.83, currFit=1677.83)
[ACTION DEBUG iter 400] Raw action[1:3]: [0.8334, -0.3070, -0.9064], noise: 0.0500
[ACTION DEBUG iter 400] WARNING: 1/20 actions clipped (network saturating)
[RLAMPSO DEBUG iter 400] w=0.5907, c1=1.5857, c2=1.5943 | fitness=1613.51
[REWARD DEBUG iter 400] FitnessImprovement: 0.0000 → Reward: -1.0000 (prevFit=1613.51, currFit=1613.51)
[ACTION DEBUG iter 400] Raw action[1:3]: [-0.7766, 0.9411, 0.9843], noise: 0.0500
[ACTION DEBUG iter 400] WARNING: 2/20 actions clipped (network saturating)
[RLAMPSO DEBUG iter 400] w=0.4097, c1=1.1192, c2=1.0360 | fitness=1997.15
[REWARD DEBUG iter 400] FitnessImprovement: 0.0232 → Reward: +1.0000 (prevFit=1997.15, currFit=1997.12)
[ACTION DEBUG iter 400] Raw action[1:3]: [0.4631, -0.2104, -0.5010], noise: 0.0500
[RLAMPSO DEBUG iter 400] w=0.5172, c1=1.1598, c2=1.1749 | fitness=1584.91
[ACTION DEBUG iter 400] Raw action[1:3]: [0.0074, -0.7166, 0.9844], noise: 0.0500
[ACTION DEBUG iter 400] WARNING: 1/20 actions clipped (network saturating)
[RLAMPSO DEBUG iter 400] w=0.5603, c1=1.9516, c2=1.5235 | fitness=1574.33
[REWARD DEBUG iter 400] FitnessImprovement: 0.0075 → Reward: +1.0000 (prevFit=1574.33, currFit=1574.33)
[REWARD DEBUG iter 400] FitnessImprovement: 0.0000 → Reward: +1.0000 (prevFit=1584.91, currFit=1584.91)
[ACTION DEBUG iter 500] Raw action[1:3]: [-0.9479, -0.8263, -0.9177], noise: 0.0500
[RLAMPSO DEBUG iter 500] w=0.3416, c1=1.6589, c2=2.2848 | fitness=1666.26
[REWARD DEBUG iter 500] FitnessImprovement: 0.0009 → Reward: +1.0000 (prevFit=1666.26, currFit=1666.25)
[ACTION DEBUG iter 500] Raw action[1:3]: [0.4851, 0.0835, -0.4522], noise: 0.0500
[RLAMPSO DEBUG iter 500] w=0.3826, c1=1.2285, c2=1.0301 | fitness=1610.43
[REWARD DEBUG iter 500] FitnessImprovement: 0.0001 → Reward: +1.0000 (prevFit=1610.43, currFit=1610.43)
[ACTION DEBUG iter 500] Raw action[1:3]: [0.3394, 0.7889, -0.6511], noise: 0.0500
[ACTION DEBUG iter 500] WARNING: 1/20 actions clipped (network saturating)
[RLAMPSO DEBUG iter 500] w=0.5413, c1=1.3000, c2=1.0881 | fitness=1666.86
[ACTION DEBUG iter 500] Raw action[1:3]: [-0.9679, 0.9199, 0.9800], noise: 0.0500
[ACTION DEBUG iter 500] WARNING: 2/20 actions clipped (network saturating)
[RLAMPSO DEBUG iter 500] w=0.7020, c1=1.9254, c2=1.8686 | fitness=1548.02
[REWARD DEBUG iter 500] FitnessImprovement: 0.0033 → Reward: +1.0000 (prevFit=1548.02, currFit=1548.02)
[ACTION DEBUG iter 500] Raw action[1:3]: [0.5270, -0.7017, 0.5515], noise: 0.0500
[RLAMPSO DEBUG iter 500] w=0.5745, c1=0.7040, c2=1.6672 | fitness=1668.55
[REWARD DEBUG iter 500] FitnessImprovement: 0.0088 → Reward: +1.0000 (prevFit=1668.55, currFit=1668.54)
[ACTION DEBUG iter 500] Raw action[1:3]: [0.2273, -0.0409, -0.9216], noise: 0.0500
[ACTION DEBUG iter 500] WARNING: 3/20 actions clipped (network saturating)
[RLAMPSO DEBUG iter 500] w=0.6471, c1=2.0196, c2=1.6889 | fitness=1565.99
[REWARD DEBUG iter 500] FitnessImprovement: 0.0000 → Reward: -1.0000 (prevFit=1565.99, currFit=1565.99)
[REWARD DEBUG iter 500] FitnessImprovement: 0.0000 → Reward: -1.0000 (prevFit=1666.86, currFit=1666.86)
[ACTION DEBUG iter 500] Raw action[1:3]: [0.7280, -0.6235, 0.1214], noise: 0.0500
[RLAMPSO DEBUG iter 500] w=0.7024, c1=1.5356, c2=1.6031 | fitness=1650.07
[REWARD DEBUG iter 500] FitnessImprovement: 0.0000 → Reward: -1.0000 (prevFit=1650.07, currFit=1650.07)
[ACTION DEBUG iter 500] Raw action[1:3]: [-0.6183, -0.8246, 0.9452], noise: 0.0500
[ACTION DEBUG iter 500] WARNING: 1/20 actions clipped (network saturating)
[RLAMPSO DEBUG iter 500] w=0.2924, c1=1.3225, c2=0.9000 | fitness=1677.01
[ACTION DEBUG iter 500] Raw action[1:3]: [-0.2011, -0.7226, -0.9265], noise: 0.0500
[RLAMPSO DEBUG iter 500] w=0.7214, c1=0.9010, c2=1.1616 | fitness=1631.33
[REWARD DEBUG iter 500] FitnessImprovement: 0.0000 → Reward: -1.0000 (prevFit=1631.33, currFit=1631.33)
[ACTION DEBUG iter 500] Raw action[1:3]: [-0.0864, -0.7257, 0.9219], noise: 0.0500
[ACTION DEBUG iter 500] WARNING: 1/20 actions clipped (network saturating)
[RLAMPSO DEBUG iter 500] w=0.4128, c1=1.2661, c2=1.5277 | fitness=1587.57
[REWARD DEBUG iter 500] FitnessImprovement: 0.0000 → Reward: -1.0000 (prevFit=1677.01, currFit=1677.01)
[REWARD DEBUG iter 500] FitnessImprovement: 0.0000 → Reward: -1.0000 (prevFit=1587.57, currFit=1587.57)
[ACTION DEBUG iter 500] Raw action[1:3]: [0.9084, 0.7305, -0.7702], noise: 0.0500
[ACTION DEBUG iter 500] WARNING: 2/20 actions clipped (network saturating)
[RLAMPSO DEBUG iter 500] w=0.4986, c1=1.9406, c2=1.3000 | fitness=1611.89
[REWARD DEBUG iter 500] FitnessImprovement: 0.0075 → Reward: +1.0000 (prevFit=1611.89, currFit=1611.89)
[ACTION DEBUG iter 500] Raw action[1:3]: [-0.1943, -0.0117, 0.9225], noise: 0.0500
[RLAMPSO DEBUG iter 500] w=0.5170, c1=2.1757, c2=2.1170 | fitness=1574.01
[REWARD DEBUG iter 500] FitnessImprovement: 0.0000 → Reward: -1.0000 (prevFit=1574.01, currFit=1574.01)
[ACTION DEBUG iter 500] Raw action[1:3]: [-0.7216, 0.8685, 0.9180], noise: 0.0500
[ACTION DEBUG iter 500] WARNING: 1/20 actions clipped (network saturating)
[RLAMPSO DEBUG iter 500] w=0.4833, c1=1.3469, c2=1.2132 | fitness=1996.09
[REWARD DEBUG iter 500] FitnessImprovement: 0.0001 → Reward: +1.0000 (prevFit=1996.09, currFit=1996.09)
[ACTION DEBUG iter 500] Raw action[1:3]: [0.4958, 0.6882, -0.1197], noise: 0.0500
[RLAMPSO DEBUG iter 500] w=0.4462, c1=1.0487, c2=1.1506 | fitness=1584.91
[REWARD DEBUG iter 500] FitnessImprovement: 0.0000 → Reward: -1.0000 (prevFit=1584.91, currFit=1584.91)
[ACTION DEBUG iter 600] Raw action[1:3]: [-0.9768, -0.8694, -0.9379], noise: 0.0500
[ACTION DEBUG iter 600] WARNING: 2/20 actions clipped (network saturating)
[RLAMPSO DEBUG iter 600] w=0.3420, c1=1.9563, c2=2.3759 | fitness=1666.25
[REWARD DEBUG iter 600] FitnessImprovement: 0.0000 → Reward: +1.0000 (prevFit=1666.25, currFit=1666.25)

========== Planning Complete ==========
Algorithm: RLAMPSO
Execution time: 32.4660 seconds
Path length: 159.6532 units
Waypoints: 7
Best fitness: 1666.2500
========================================


========== Direct Global Planning ==========
Algorithm: RLAMPSO
Start: [10.0, 95.0, 10.0]
Goal:  [97.0, 2.0, 10.0]
============================================


╔════════════════════════════════════════════════════════╗
║     RLAM-PSO Configuration (GPU-Optimized)            ║
╚════════════════════════════════════════════════════════╝

Mode: baseline

--- Features Enabled ---
  Transformer State: OFF (state: 15D)
  TD3:               OFF
  PER:               OFF
  Curriculum:        OFF

--- Compute Configuration ---
  Mode:              GPU-Optimized Sequential
  GPU:               OFF (CPU fallback)
  Parallel:          OFF (disabled for dlnetwork compatibility)

--- Training Parameters ---
  Episodes:          100
  Population:        40
  Max Iterations:    600
  Batch Size:        256 (GPU-optimized)
  Actor LR:          0.00010
  Critic LR:         0.00100

--- GPU Optimization (2025) ---
  Gradient Steps/Call:  1
  Train Every:          1 iterations
  Mid-Episode Training: ON
  Estimated UTD Ratio:  ~600.0

════════════════════════════════════════════════════════


╔════════════════════════════════════════════════════════╗
║     RLAM-PSO Configuration (GPU-Optimized)            ║
╚════════════════════════════════════════════════════════╝

Mode: baseline

--- Features Enabled ---
  Transformer State: OFF (state: 15D)
  TD3:               OFF
  PER:               OFF
  Curriculum:        OFF

--- Compute Configuration ---
  Mode:              GPU-Optimized Sequential
  GPU:               OFF (CPU fallback)
  Parallel:          OFF (disabled for dlnetwork compatibility)

--- Training Parameters ---
  Episodes:          100
  Population:        40
  Max Iterations:    600
  Batch Size:        256 (GPU-optimized)
  Actor LR:          0.00010
  Critic LR:         0.00100

--- GPU Optimization (2025) ---
  Gradient Steps/Call:  1
  Train Every:          1 iterations
  Mid-Episode Training: ON
  Estimated UTD Ratio:  ~600.0

════════════════════════════════════════════════════════

[ACTION DEBUG iter 600] Raw action[1:3]: [0.9258, 0.4843, -0.1616], noise: 0.0500
[ACTION DEBUG iter 600] WARNING: 3/20 actions clipped (network saturating)
[RLAMPSO DEBUG iter 600] w=0.3399, c1=0.6022, c2=0.9081 | fitness=1610.32
[REWARD DEBUG iter 600] FitnessImprovement: 0.0000 → Reward: +1.0000 (prevFit=1610.32, currFit=1610.32)

========== Planning Complete ==========
Algorithm: RLAMPSO
Execution time: 31.8963 seconds
Path length: 162.5010 units
Waypoints: 7
Best fitness: 1610.3223
========================================


========== Direct Global Planning ==========
Algorithm: RLAMPSO
Start: [10.0, 95.0, 10.0]
Goal:  [97.0, 2.0, 10.0]
============================================


╔════════════════════════════════════════════════════════╗
║     RLAM-PSO Configuration (GPU-Optimized)            ║
╚════════════════════════════════════════════════════════╝

Mode: baseline

--- Features Enabled ---
  Transformer State: OFF (state: 15D)
  TD3:               OFF
  PER:               OFF
  Curriculum:        OFF

--- Compute Configuration ---
  Mode:              GPU-Optimized Sequential
  GPU:               OFF (CPU fallback)
  Parallel:          OFF (disabled for dlnetwork compatibility)

--- Training Parameters ---
  Episodes:          100
  Population:        40
  Max Iterations:    600
  Batch Size:        256 (GPU-optimized)
  Actor LR:          0.00010
  Critic LR:         0.00100

--- GPU Optimization (2025) ---
  Gradient Steps/Call:  1
  Train Every:          1 iterations
  Mid-Episode Training: ON
  Estimated UTD Ratio:  ~600.0

════════════════════════════════════════════════════════


╔════════════════════════════════════════════════════════╗
║     RLAM-PSO Configuration (GPU-Optimized)            ║
╚════════════════════════════════════════════════════════╝

Mode: baseline

--- Features Enabled ---
  Transformer State: OFF (state: 15D)
  TD3:               OFF
  PER:               OFF
  Curriculum:        OFF

--- Compute Configuration ---
  Mode:              GPU-Optimized Sequential
  GPU:               OFF (CPU fallback)
  Parallel:          OFF (disabled for dlnetwork compatibility)

--- Training Parameters ---
  Episodes:          100
  Population:        40
  Max Iterations:    600
  Batch Size:        256 (GPU-optimized)
  Actor LR:          0.00010
  Critic LR:         0.00100

--- GPU Optimization (2025) ---
  Gradient Steps/Call:  1
  Train Every:          1 iterations
  Mid-Episode Training: ON
  Estimated UTD Ratio:  ~600.0

════════════════════════════════════════════════════════

[ACTION DEBUG iter 600] Raw action[1:3]: [0.7715, -0.8174, 0.4712], noise: 0.0500
[RLAMPSO DEBUG iter 600] w=0.5060, c1=0.8245, c2=1.7069 | fitness=1668.42
[REWARD DEBUG iter 600] FitnessImprovement: 0.0002 → Reward: +1.0000 (prevFit=1668.42, currFit=1668.42)

========== Planning Complete ==========
Algorithm: RLAMPSO
Execution time: 31.1200 seconds
Path length: 150.7027 units
Waypoints: 7
Best fitness: 1668.4158
========================================


========== Direct Global Planning ==========
Algorithm: RLAMPSO
Start: [10.0, 95.0, 10.0]
Goal:  [97.0, 2.0, 10.0]
============================================

[ACTION DEBUG iter 600] Raw action[1:3]: [0.6420, 0.9811, -0.9703], noise: 0.0500
[ACTION DEBUG iter 600] WARNING: 8/20 actions clipped (network saturating)
[RLAMPSO DEBUG iter 600] w=0.5687, c1=1.5519, c2=1.5519 | fitness=1565.99
[REWARD DEBUG iter 600] FitnessImprovement: 0.0001 → Reward: +1.0000 (prevFit=1565.99, currFit=1565.99)

========== Planning Complete ==========
Algorithm: RLAMPSO
Execution time: 30.7812 seconds
Path length: 181.4907 units
Waypoints: 7
Best fitness: 1565.9914
========================================


========== Direct Global Planning ==========
Algorithm: RLAMPSO
Start: [10.0, 95.0, 10.0]
Goal:  [97.0, 2.0, 10.0]
============================================


╔════════════════════════════════════════════════════════╗
║     RLAM-PSO Configuration (GPU-Optimized)            ║
╚════════════════════════════════════════════════════════╝

Mode: baseline

--- Features Enabled ---
  Transformer State: OFF (state: 15D)
  TD3:               OFF
  PER:               OFF
  Curriculum:        OFF

--- Compute Configuration ---
  Mode:              GPU-Optimized Sequential
  GPU:               OFF (CPU fallback)
  Parallel:          OFF (disabled for dlnetwork compatibility)

--- Training Parameters ---
  Episodes:          100
  Population:        40
  Max Iterations:    600
  Batch Size:        256 (GPU-optimized)
  Actor LR:          0.00010
  Critic LR:         0.00100

--- GPU Optimization (2025) ---
  Gradient Steps/Call:  1
  Train Every:          1 iterations
  Mid-Episode Training: ON
  Estimated UTD Ratio:  ~600.0

════════════════════════════════════════════════════════


╔════════════════════════════════════════════════════════╗
║     RLAM-PSO Configuration (GPU-Optimized)            ║
╚════════════════════════════════════════════════════════╝

Mode: baseline

--- Features Enabled ---
  Transformer State: OFF (state: 15D)
  TD3:               OFF
  PER:               OFF
  Curriculum:        OFF

--- Compute Configuration ---
  Mode:              GPU-Optimized Sequential
  GPU:               OFF (CPU fallback)
  Parallel:          OFF (disabled for dlnetwork compatibility)

--- Training Parameters ---
  Episodes:          100
  Population:        40
  Max Iterations:    600
  Batch Size:        256 (GPU-optimized)
  Actor LR:          0.00010
  Critic LR:         0.00100

--- GPU Optimization (2025) ---
  Gradient Steps/Call:  1
  Train Every:          1 iterations
  Mid-Episode Training: ON
  Estimated UTD Ratio:  ~600.0

════════════════════════════════════════════════════════

[ACTION DEBUG iter 600] Raw action[1:3]: [-0.9934, 0.8391, 0.9589], noise: 0.0500
[ACTION DEBUG iter 600] WARNING: 3/20 actions clipped (network saturating)
[RLAMPSO DEBUG iter 600] w=0.4639, c1=1.3422, c2=1.8853 | fitness=1547.57
[REWARD DEBUG iter 600] FitnessImprovement: 0.0000 → Reward: -1.0000 (prevFit=1547.57, currFit=1547.57)

========== Planning Complete ==========
Algorithm: RLAMPSO
Execution time: 30.8021 seconds
Path length: 152.1695 units
Waypoints: 7
Best fitness: 1547.5654
========================================


========== Direct Global Planning ==========
Algorithm: RLAMPSO
Start: [10.0, 95.0, 10.0]
Goal:  [97.0, 2.0, 10.0]
============================================


╔════════════════════════════════════════════════════════╗
║     RLAM-PSO Configuration (GPU-Optimized)            ║
╚════════════════════════════════════════════════════════╝

Mode: baseline

--- Features Enabled ---
  Transformer State: OFF (state: 15D)
  TD3:               OFF
  PER:               OFF
  Curriculum:        OFF

--- Compute Configuration ---
  Mode:              GPU-Optimized Sequential
  GPU:               OFF (CPU fallback)
  Parallel:          OFF (disabled for dlnetwork compatibility)

--- Training Parameters ---
  Episodes:          100
  Population:        40
  Max Iterations:    600
  Batch Size:        256 (GPU-optimized)
  Actor LR:          0.00010
  Critic LR:         0.00100

--- GPU Optimization (2025) ---
  Gradient Steps/Call:  1
  Train Every:          1 iterations
  Mid-Episode Training: ON
  Estimated UTD Ratio:  ~600.0

════════════════════════════════════════════════════════


╔════════════════════════════════════════════════════════╗
║     RLAM-PSO Configuration (GPU-Optimized)            ║
╚════════════════════════════════════════════════════════╝

Mode: baseline

--- Features Enabled ---
  Transformer State: OFF (state: 15D)
  TD3:               OFF
  PER:               OFF
  Curriculum:        OFF

--- Compute Configuration ---
  Mode:              GPU-Optimized Sequential
  GPU:               OFF (CPU fallback)
  Parallel:          OFF (disabled for dlnetwork compatibility)

--- Training Parameters ---
  Episodes:          100
  Population:        40
  Max Iterations:    600
  Batch Size:        256 (GPU-optimized)
  Actor LR:          0.00010
  Critic LR:         0.00100

--- GPU Optimization (2025) ---
  Gradient Steps/Call:  1
  Train Every:          1 iterations
  Mid-Episode Training: ON
  Estimated UTD Ratio:  ~600.0

════════════════════════════════════════════════════════


╔════════════════════════════════════════════════════════╗
║     RLAM-PSO Configuration (GPU-Optimized)            ║
╚════════════════════════════════════════════════════════╝

Mode: baseline

--- Features Enabled ---
  Transformer State: OFF (state: 15D)
  TD3:               OFF
  PER:               OFF
  Curriculum:        OFF

--- Compute Configuration ---
  Mode:              GPU-Optimized Sequential
  GPU:               OFF (CPU fallback)
  Parallel:          OFF (disabled for dlnetwork compatibility)

--- Training Parameters ---
  Episodes:          100
  Population:        40
  Max Iterations:    600
  Batch Size:        256 (GPU-optimized)
  Actor LR:          0.00010
  Critic LR:         0.00100

--- GPU Optimization (2025) ---
  Gradient Steps/Call:  1
  Train Every:          1 iterations
  Mid-Episode Training: ON
  Estimated UTD Ratio:  ~600.0

════════════════════════════════════════════════════════


╔════════════════════════════════════════════════════════╗
║     RLAM-PSO Configuration (GPU-Optimized)            ║
╚════════════════════════════════════════════════════════╝

Mode: baseline

--- Features Enabled ---
  Transformer State: OFF (state: 15D)
  TD3:               OFF
  PER:               OFF
  Curriculum:        OFF

--- Compute Configuration ---
  Mode:              GPU-Optimized Sequential
  GPU:               OFF (CPU fallback)
  Parallel:          OFF (disabled for dlnetwork compatibility)

--- Training Parameters ---
  Episodes:          100
  Population:        40
  Max Iterations:    600
  Batch Size:        256 (GPU-optimized)
  Actor LR:          0.00010
  Critic LR:         0.00100

--- GPU Optimization (2025) ---
  Gradient Steps/Call:  1
  Train Every:          1 iterations
  Mid-Episode Training: ON
  Estimated UTD Ratio:  ~600.0

════════════════════════════════════════════════════════

[ACTION DEBUG iter 600] Raw action[1:3]: [-0.6327, -0.3785, 0.3380], noise: 0.0500
[ACTION DEBUG iter 600] WARNING: 1/20 actions clipped (network saturating)
[RLAMPSO DEBUG iter 600] w=0.4566, c1=0.9270, c2=1.0063 | fitness=1666.86
[REWARD DEBUG iter 600] FitnessImprovement: 0.0000 → Reward: -1.0000 (prevFit=1666.86, currFit=1666.86)

========== Planning Complete ==========
Algorithm: RLAMPSO
Execution time: 31.2150 seconds
Path length: 152.1713 units
Waypoints: 7
Best fitness: 1666.8628
========================================


========== Direct Global Planning ==========
Algorithm: RLAMPSO
Start: [10.0, 95.0, 10.0]
Goal:  [97.0, 2.0, 10.0]
============================================


╔════════════════════════════════════════════════════════╗
║     RLAM-PSO Configuration (GPU-Optimized)            ║
╚════════════════════════════════════════════════════════╝

Mode: baseline

--- Features Enabled ---
  Transformer State: OFF (state: 15D)
  TD3:               OFF
  PER:               OFF
  Curriculum:        OFF

--- Compute Configuration ---
  Mode:              GPU-Optimized Sequential
  GPU:               OFF (CPU fallback)
  Parallel:          OFF (disabled for dlnetwork compatibility)

--- Training Parameters ---
  Episodes:          100
  Population:        40
  Max Iterations:    600
  Batch Size:        256 (GPU-optimized)
  Actor LR:          0.00010
  Critic LR:         0.00100

--- GPU Optimization (2025) ---
  Gradient Steps/Call:  1
  Train Every:          1 iterations
  Mid-Episode Training: ON
  Estimated UTD Ratio:  ~600.0

════════════════════════════════════════════════════════


╔════════════════════════════════════════════════════════╗
║     RLAM-PSO Configuration (GPU-Optimized)            ║
╚════════════════════════════════════════════════════════╝

Mode: baseline

--- Features Enabled ---
  Transformer State: OFF (state: 15D)
  TD3:               OFF
  PER:               OFF
  Curriculum:        OFF

--- Compute Configuration ---
  Mode:              GPU-Optimized Sequential
  GPU:               OFF (CPU fallback)
  Parallel:          OFF (disabled for dlnetwork compatibility)

--- Training Parameters ---
  Episodes:          100
  Population:        40
  Max Iterations:    600
  Batch Size:        256 (GPU-optimized)
  Actor LR:          0.00010
  Critic LR:         0.00100

--- GPU Optimization (2025) ---
  Gradient Steps/Call:  1
  Train Every:          1 iterations
  Mid-Episode Training: ON
  Estimated UTD Ratio:  ~600.0

════════════════════════════════════════════════════════

[ACTION DEBUG iter 600] Raw action[1:3]: [-0.9170, -0.0001, 0.9787], noise: 0.0500
[ACTION DEBUG iter 600] WARNING: 4/20 actions clipped (network saturating)
[RLAMPSO DEBUG iter 600] w=0.2448, c1=0.9740, c2=0.5222 | fitness=1674.19
[ACTION DEBUG iter 600] Raw action[1:3]: [-0.8665, -0.8714, -0.9746], noise: 0.0500
[ACTION DEBUG iter 600] WARNING: 2/20 actions clipped (network saturating)
[RLAMPSO DEBUG iter 600] w=0.5713, c1=0.9000, c2=0.5000 | fitness=1631.31
[REWARD DEBUG iter 600] FitnessImprovement: 0.0000 → Reward: +1.0000 (prevFit=1674.19, currFit=1674.19)

========== Planning Complete ==========
Algorithm: RLAMPSO
Execution time: 30.5947 seconds
Path length: 159.8494 units
Waypoints: 7
Best fitness: 1674.1868
========================================


========== Direct Global Planning ==========
Algorithm: RLAMPSO
Start: [10.0, 95.0, 10.0]
Goal:  [97.0, 2.0, 10.0]
============================================


╔════════════════════════════════════════════════════════╗
║     RLAM-PSO Configuration (GPU-Optimized)            ║
╚════════════════════════════════════════════════════════╝

Mode: baseline

--- Features Enabled ---
  Transformer State: OFF (state: 15D)
  TD3:               OFF
  PER:               OFF
  Curriculum:        OFF

--- Compute Configuration ---
  Mode:              GPU-Optimized Sequential
  GPU:               OFF (CPU fallback)
  Parallel:          OFF (disabled for dlnetwork compatibility)

--- Training Parameters ---
  Episodes:          100
  Population:        40
  Max Iterations:    600
  Batch Size:        256 (GPU-optimized)
  Actor LR:          0.00010
  Critic LR:         0.00100

--- GPU Optimization (2025) ---
  Gradient Steps/Call:  1
  Train Every:          1 iterations
  Mid-Episode Training: ON
  Estimated UTD Ratio:  ~600.0

════════════════════════════════════════════════════════


╔════════════════════════════════════════════════════════╗
║     RLAM-PSO Configuration (GPU-Optimized)            ║
╚════════════════════════════════════════════════════════╝

Mode: baseline

--- Features Enabled ---
  Transformer State: OFF (state: 15D)
  TD3:               OFF
  PER:               OFF
  Curriculum:        OFF

--- Compute Configuration ---
  Mode:              GPU-Optimized Sequential
  GPU:               OFF (CPU fallback)
  Parallel:          OFF (disabled for dlnetwork compatibility)

--- Training Parameters ---
  Episodes:          100
  Population:        40
  Max Iterations:    600
  Batch Size:        256 (GPU-optimized)
  Actor LR:          0.00010
  Critic LR:         0.00100

--- GPU Optimization (2025) ---
  Gradient Steps/Call:  1
  Train Every:          1 iterations
  Mid-Episode Training: ON
  Estimated UTD Ratio:  ~600.0

════════════════════════════════════════════════════════

[REWARD DEBUG iter 600] FitnessImprovement: 0.0007 → Reward: +1.0000 (prevFit=1631.31, currFit=1631.31)

========== Planning Complete ==========
Algorithm: RLAMPSO
Execution time: 31.1257 seconds
Path length: 150.9217 units
Waypoints: 7
Best fitness: 1631.3106
========================================


========== Direct Global Planning ==========
Algorithm: RLAMPSO
Start: [10.0, 95.0, 10.0]
Goal:  [97.0, 2.0, 10.0]
============================================


╔════════════════════════════════════════════════════════╗
║     RLAM-PSO Configuration (GPU-Optimized)            ║
╚════════════════════════════════════════════════════════╝

Mode: baseline

--- Features Enabled ---
  Transformer State: OFF (state: 15D)
  TD3:               OFF
  PER:               OFF
  Curriculum:        OFF

--- Compute Configuration ---
  Mode:              GPU-Optimized Sequential
  GPU:               OFF (CPU fallback)
  Parallel:          OFF (disabled for dlnetwork compatibility)

--- Training Parameters ---
  Episodes:          100
  Population:        40
  Max Iterations:    600
  Batch Size:        256 (GPU-optimized)
  Actor LR:          0.00010
  Critic LR:         0.00100

--- GPU Optimization (2025) ---
  Gradient Steps/Call:  1
  Train Every:          1 iterations
  Mid-Episode Training: ON
  Estimated UTD Ratio:  ~600.0

════════════════════════════════════════════════════════


╔════════════════════════════════════════════════════════╗
║     RLAM-PSO Configuration (GPU-Optimized)            ║
╚════════════════════════════════════════════════════════╝

Mode: baseline

--- Features Enabled ---
  Transformer State: OFF (state: 15D)
  TD3:               OFF
  PER:               OFF
  Curriculum:        OFF

--- Compute Configuration ---
  Mode:              GPU-Optimized Sequential
  GPU:               OFF (CPU fallback)
  Parallel:          OFF (disabled for dlnetwork compatibility)

--- Training Parameters ---
  Episodes:          100
  Population:        40
  Max Iterations:    600
  Batch Size:        256 (GPU-optimized)
  Actor LR:          0.00010
  Critic LR:         0.00100

--- GPU Optimization (2025) ---
  Gradient Steps/Call:  1
  Train Every:          1 iterations
  Mid-Episode Training: ON
  Estimated UTD Ratio:  ~600.0

════════════════════════════════════════════════════════

[ACTION DEBUG iter 600] Raw action[1:3]: [-0.8467, -0.6377, -0.8641], noise: 0.0500
[ACTION DEBUG iter 600] WARNING: 3/20 actions clipped (network saturating)
[RLAMPSO DEBUG iter 600] w=0.5332, c1=1.9290, c2=1.4882 | fitness=1649.49
[REWARD DEBUG iter 600] FitnessImprovement: 0.0011 → Reward: +1.0000 (prevFit=1649.49, currFit=1649.49)

========== Planning Complete ==========
Algorithm: RLAMPSO
Execution time: 30.8832 seconds
Path length: 168.6866 units
Waypoints: 7
Best fitness: 1649.4922
========================================


========== Direct Global Planning ==========
Algorithm: RLAMPSO
Start: [10.0, 95.0, 10.0]
Goal:  [97.0, 2.0, 10.0]
============================================


╔════════════════════════════════════════════════════════╗
║     RLAM-PSO Configuration (GPU-Optimized)            ║
╚════════════════════════════════════════════════════════╝

Mode: baseline

--- Features Enabled ---
  Transformer State: OFF (state: 15D)
  TD3:               OFF
  PER:               OFF
  Curriculum:        OFF

--- Compute Configuration ---
  Mode:              GPU-Optimized Sequential
  GPU:               OFF (CPU fallback)
  Parallel:          OFF (disabled for dlnetwork compatibility)

--- Training Parameters ---
  Episodes:          100
  Population:        40
  Max Iterations:    600
  Batch Size:        256 (GPU-optimized)
  Actor LR:          0.00010
  Critic LR:         0.00100

--- GPU Optimization (2025) ---
  Gradient Steps/Call:  1
  Train Every:          1 iterations
  Mid-Episode Training: ON
  Estimated UTD Ratio:  ~600.0

════════════════════════════════════════════════════════


╔════════════════════════════════════════════════════════╗
║     RLAM-PSO Configuration (GPU-Optimized)            ║
╚════════════════════════════════════════════════════════╝

Mode: baseline

--- Features Enabled ---
  Transformer State: OFF (state: 15D)
  TD3:               OFF
  PER:               OFF
  Curriculum:        OFF

--- Compute Configuration ---
  Mode:              GPU-Optimized Sequential
  GPU:               OFF (CPU fallback)
  Parallel:          OFF (disabled for dlnetwork compatibility)

--- Training Parameters ---
  Episodes:          100
  Population:        40
  Max Iterations:    600
  Batch Size:        256 (GPU-optimized)
  Actor LR:          0.00010
  Critic LR:         0.00100

--- GPU Optimization (2025) ---
  Gradient Steps/Call:  1
  Train Every:          1 iterations
  Mid-Episode Training: ON
  Estimated UTD Ratio:  ~600.0

════════════════════════════════════════════════════════

[ACTION DEBUG iter 600] Raw action[1:3]: [-0.0758, -0.3376, 0.9011], noise: 0.0500
[RLAMPSO DEBUG iter 600] w=0.5612, c1=1.3440, c2=1.4031 | fitness=1587.54
[REWARD DEBUG iter 600] FitnessImprovement: 0.0000 → Reward: -1.0000 (prevFit=1587.54, currFit=1587.54)

========== Planning Complete ==========
Algorithm: RLAMPSO
Execution time: 31.8287 seconds
Path length: 167.0192 units
Waypoints: 7
Best fitness: 1587.5397
========================================


========== Direct Global Planning ==========
Algorithm: RLAMPSO
Start: [10.0, 95.0, 10.0]
Goal:  [97.0, 2.0, 10.0]
============================================


╔════════════════════════════════════════════════════════╗
║     RLAM-PSO Configuration (GPU-Optimized)            ║
╚════════════════════════════════════════════════════════╝

Mode: baseline

--- Features Enabled ---
  Transformer State: OFF (state: 15D)
  TD3:               OFF
  PER:               OFF
  Curriculum:        OFF

--- Compute Configuration ---
  Mode:              GPU-Optimized Sequential
  GPU:               OFF (CPU fallback)
  Parallel:          OFF (disabled for dlnetwork compatibility)

--- Training Parameters ---
  Episodes:          100
  Population:        40
  Max Iterations:    600
  Batch Size:        256 (GPU-optimized)
  Actor LR:          0.00010
  Critic LR:         0.00100

--- GPU Optimization (2025) ---
  Gradient Steps/Call:  1
  Train Every:          1 iterations
  Mid-Episode Training: ON
  Estimated UTD Ratio:  ~600.0

════════════════════════════════════════════════════════


╔════════════════════════════════════════════════════════╗
║     RLAM-PSO Configuration (GPU-Optimized)            ║
╚════════════════════════════════════════════════════════╝

Mode: baseline

--- Features Enabled ---
  Transformer State: OFF (state: 15D)
  TD3:               OFF
  PER:               OFF
  Curriculum:        OFF

--- Compute Configuration ---
  Mode:              GPU-Optimized Sequential
  GPU:               OFF (CPU fallback)
  Parallel:          OFF (disabled for dlnetwork compatibility)

--- Training Parameters ---
  Episodes:          100
  Population:        40
  Max Iterations:    600
  Batch Size:        256 (GPU-optimized)
  Actor LR:          0.00010
  Critic LR:         0.00100

--- GPU Optimization (2025) ---
  Gradient Steps/Call:  1
  Train Every:          1 iterations
  Mid-Episode Training: ON
  Estimated UTD Ratio:  ~600.0

════════════════════════════════════════════════════════

[ACTION DEBUG iter 600] Raw action[1:3]: [0.9417, 0.8944, -0.9169], noise: 0.0500
[ACTION DEBUG iter 600] WARNING: 1/20 actions clipped (network saturating)
[RLAMPSO DEBUG iter 600] w=0.3616, c1=1.5769, c2=0.9000 | fitness=1611.26
[REWARD DEBUG iter 600] FitnessImprovement: 0.0000 → Reward: +1.0000 (prevFit=1611.26, currFit=1611.26)

========== Planning Complete ==========
Algorithm: RLAMPSO
Execution time: 31.6943 seconds
Path length: 151.2810 units
Waypoints: 7
Best fitness: 1611.2620
========================================


========== Direct Global Planning ==========
Algorithm: RLAMPSO
Start: [10.0, 95.0, 10.0]
Goal:  [97.0, 2.0, 10.0]
============================================


╔════════════════════════════════════════════════════════╗
║     RLAM-PSO Configuration (GPU-Optimized)            ║
╚════════════════════════════════════════════════════════╝

Mode: baseline

--- Features Enabled ---
  Transformer State: OFF (state: 15D)
  TD3:               OFF
  PER:               OFF
  Curriculum:        OFF

--- Compute Configuration ---
  Mode:              GPU-Optimized Sequential
  GPU:               OFF (CPU fallback)
  Parallel:          OFF (disabled for dlnetwork compatibility)

--- Training Parameters ---
  Episodes:          100
  Population:        40
  Max Iterations:    600
  Batch Size:        256 (GPU-optimized)
  Actor LR:          0.00010
  Critic LR:         0.00100

--- GPU Optimization (2025) ---
  Gradient Steps/Call:  1
  Train Every:          1 iterations
  Mid-Episode Training: ON
  Estimated UTD Ratio:  ~600.0

════════════════════════════════════════════════════════


╔════════════════════════════════════════════════════════╗
║     RLAM-PSO Configuration (GPU-Optimized)            ║
╚════════════════════════════════════════════════════════╝

Mode: baseline

--- Features Enabled ---
  Transformer State: OFF (state: 15D)
  TD3:               OFF
  PER:               OFF
  Curriculum:        OFF

--- Compute Configuration ---
  Mode:              GPU-Optimized Sequential
  GPU:               OFF (CPU fallback)
  Parallel:          OFF (disabled for dlnetwork compatibility)

--- Training Parameters ---
  Episodes:          100
  Population:        40
  Max Iterations:    600
  Batch Size:        256 (GPU-optimized)
  Actor LR:          0.00010
  Critic LR:         0.00100

--- GPU Optimization (2025) ---
  Gradient Steps/Call:  1
  Train Every:          1 iterations
  Mid-Episode Training: ON
  Estimated UTD Ratio:  ~600.0

════════════════════════════════════════════════════════

[ACTION DEBUG iter 100] Raw action[1:3]: [-0.1211, -0.1833, 0.4165], noise: 0.0500
[RLAMPSO DEBUG iter 100] w=0.5246, c1=1.6894, c2=1.8778 | fitness=1603.37
[REWARD DEBUG iter 100] FitnessImprovement: 0.0002 → Reward: +1.0000 (prevFit=1603.37, currFit=1603.37)
[ACTION DEBUG iter 600] Raw action[1:3]: [-0.6545, 0.6176, 0.9700], noise: 0.0500
[ACTION DEBUG iter 600] WARNING: 1/20 actions clipped (network saturating)
[RLAMPSO DEBUG iter 600] w=0.5035, c1=1.2766, c2=1.5736 | fitness=1994.92
[REWARD DEBUG iter 600] FitnessImprovement: 0.0555 → Reward: +1.0000 (prevFit=1994.92, currFit=1994.87)

========== Planning Complete ==========
Algorithm: RLAMPSO
Execution time: 31.3625 seconds
Path length: 220.4835 units
Waypoints: 7
Best fitness: 1994.8688
========================================


========== Direct Global Planning ==========
Algorithm: RLAMPSO
Start: [10.0, 95.0, 10.0]
Goal:  [97.0, 2.0, 10.0]
============================================


╔════════════════════════════════════════════════════════╗
║     RLAM-PSO Configuration (GPU-Optimized)            ║
╚════════════════════════════════════════════════════════╝

Mode: baseline

--- Features Enabled ---
  Transformer State: OFF (state: 15D)
  TD3:               OFF
  PER:               OFF
  Curriculum:        OFF

--- Compute Configuration ---
  Mode:              GPU-Optimized Sequential
  GPU:               OFF (CPU fallback)
  Parallel:          OFF (disabled for dlnetwork compatibility)

--- Training Parameters ---
  Episodes:          100
  Population:        40
  Max Iterations:    600
  Batch Size:        256 (GPU-optimized)
  Actor LR:          0.00010
  Critic LR:         0.00100

--- GPU Optimization (2025) ---
  Gradient Steps/Call:  1
  Train Every:          1 iterations
  Mid-Episode Training: ON
  Estimated UTD Ratio:  ~600.0

════════════════════════════════════════════════════════


╔════════════════════════════════════════════════════════╗
║     RLAM-PSO Configuration (GPU-Optimized)            ║
╚════════════════════════════════════════════════════════╝

Mode: baseline

--- Features Enabled ---
  Transformer State: OFF (state: 15D)
  TD3:               OFF
  PER:               OFF
  Curriculum:        OFF

--- Compute Configuration ---
  Mode:              GPU-Optimized Sequential
  GPU:               OFF (CPU fallback)
  Parallel:          OFF (disabled for dlnetwork compatibility)

--- Training Parameters ---
  Episodes:          100
  Population:        40
  Max Iterations:    600
  Batch Size:        256 (GPU-optimized)
  Actor LR:          0.00010
  Critic LR:         0.00100

--- GPU Optimization (2025) ---
  Gradient Steps/Call:  1
  Train Every:          1 iterations
  Mid-Episode Training: ON
  Estimated UTD Ratio:  ~600.0

════════════════════════════════════════════════════════

[ACTION DEBUG iter 600] Raw action[1:3]: [-0.9583, -0.7053, 0.9850], noise: 0.0500
[ACTION DEBUG iter 600] WARNING: 3/20 actions clipped (network saturating)
[RLAMPSO DEBUG iter 600] w=0.5261, c1=1.4874, c2=1.3000 | fitness=1573.97
[REWARD DEBUG iter 600] FitnessImprovement: 0.0000 → Reward: -1.0000 (prevFit=1573.97, currFit=1573.97)

========== Planning Complete ==========
Algorithm: RLAMPSO
Execution time: 30.3328 seconds
Path length: 157.7706 units
Waypoints: 7
Best fitness: 1584.9052
========================================


========== Direct Global Planning ==========
Algorithm: RLAMPSO
Start: [10.0, 95.0, 10.0]
Goal:  [97.0, 2.0, 10.0]
============================================


╔════════════════════════════════════════════════════════╗
║     RLAM-PSO Configuration (GPU-Optimized)            ║
╚════════════════════════════════════════════════════════╝

Mode: baseline

--- Features Enabled ---
  Transformer State: OFF (state: 15D)
  TD3:               OFF
  PER:               OFF
  Curriculum:        OFF

--- Compute Configuration ---
  Mode:              GPU-Optimized Sequential
  GPU:               OFF (CPU fallback)
  Parallel:          OFF (disabled for dlnetwork compatibility)

--- Training Parameters ---
  Episodes:          100
  Population:        40
  Max Iterations:    600
  Batch Size:        256 (GPU-optimized)
  Actor LR:          0.00010
  Critic LR:         0.00100

--- GPU Optimization (2025) ---
  Gradient Steps/Call:  1
  Train Every:          1 iterations
  Mid-Episode Training: ON
  Estimated UTD Ratio:  ~600.0

════════════════════════════════════════════════════════


╔════════════════════════════════════════════════════════╗
║     RLAM-PSO Configuration (GPU-Optimized)            ║
╚════════════════════════════════════════════════════════╝

Mode: baseline

--- Features Enabled ---
  Transformer State: OFF (state: 15D)
  TD3:               OFF
  PER:               OFF
  Curriculum:        OFF

--- Compute Configuration ---
  Mode:              GPU-Optimized Sequential
  GPU:               OFF (CPU fallback)
  Parallel:          OFF (disabled for dlnetwork compatibility)

--- Training Parameters ---
  Episodes:          100
  Population:        40
  Max Iterations:    600
  Batch Size:        256 (GPU-optimized)
  Actor LR:          0.00010
  Critic LR:         0.00100

--- GPU Optimization (2025) ---
  Gradient Steps/Call:  1
  Train Every:          1 iterations
  Mid-Episode Training: ON
  Estimated UTD Ratio:  ~600.0

════════════════════════════════════════════════════════


========== Planning Complete ==========
Algorithm: RLAMPSO
Execution time: 31.9781 seconds
Path length: 150.6672 units
Waypoints: 7
Best fitness: 1573.9703
========================================


========== Direct Global Planning ==========
Algorithm: RLAMPSO
Start: [10.0, 95.0, 10.0]
Goal:  [97.0, 2.0, 10.0]
============================================


╔════════════════════════════════════════════════════════╗
║     RLAM-PSO Configuration (GPU-Optimized)            ║
╚════════════════════════════════════════════════════════╝

Mode: baseline

--- Features Enabled ---
  Transformer State: OFF (state: 15D)
  TD3:               OFF
  PER:               OFF
  Curriculum:        OFF

--- Compute Configuration ---
  Mode:              GPU-Optimized Sequential
  GPU:               OFF (CPU fallback)
  Parallel:          OFF (disabled for dlnetwork compatibility)

--- Training Parameters ---
  Episodes:          100
  Population:        40
  Max Iterations:    600
  Batch Size:        256 (GPU-optimized)
  Actor LR:          0.00010
  Critic LR:         0.00100

--- GPU Optimization (2025) ---
  Gradient Steps/Call:  1
  Train Every:          1 iterations
  Mid-Episode Training: ON
  Estimated UTD Ratio:  ~600.0

════════════════════════════════════════════════════════


╔════════════════════════════════════════════════════════╗
║     RLAM-PSO Configuration (GPU-Optimized)            ║
╚════════════════════════════════════════════════════════╝

Mode: baseline

--- Features Enabled ---
  Transformer State: OFF (state: 15D)
  TD3:               OFF
  PER:               OFF
  Curriculum:        OFF

--- Compute Configuration ---
  Mode:              GPU-Optimized Sequential
  GPU:               OFF (CPU fallback)
  Parallel:          OFF (disabled for dlnetwork compatibility)

--- Training Parameters ---
  Episodes:          100
  Population:        40
  Max Iterations:    600
  Batch Size:        256 (GPU-optimized)
  Actor LR:          0.00010
  Critic LR:         0.00100

--- GPU Optimization (2025) ---
  Gradient Steps/Call:  1
  Train Every:          1 iterations
  Mid-Episode Training: ON
  Estimated UTD Ratio:  ~600.0

════════════════════════════════════════════════════════

[ACTION DEBUG iter 100] Raw action[1:3]: [-0.3468, -0.7823, -0.7000], noise: 0.0500
[RLAMPSO DEBUG iter 100] w=0.6212, c1=2.2777, c2=2.0538 | fitness=1717.14
[REWARD DEBUG iter 100] FitnessImprovement: 0.0000 → Reward: -1.0000 (prevFit=1717.14, currFit=1717.14)
[ACTION DEBUG iter 100] Raw action[1:3]: [-0.3678, -0.3537, -0.1785], noise: 0.0500
[RLAMPSO DEBUG iter 100] w=0.6122, c1=2.0921, c2=1.7433 | fitness=1672.00
[REWARD DEBUG iter 100] FitnessImprovement: 0.1059 → Reward: +1.0000 (prevFit=1672.00, currFit=1671.90)
[ACTION DEBUG iter 200] Raw action[1:3]: [-0.3760, -0.5693, 0.6572], noise: 0.0500
[RLAMPSO DEBUG iter 200] w=0.5205, c1=1.5166, c2=2.1051 | fitness=1582.15
[REWARD DEBUG iter 200] FitnessImprovement: 0.0007 → Reward: +1.0000 (prevFit=1582.15, currFit=1582.15)
[ACTION DEBUG iter 100] Raw action[1:3]: [0.3364, -0.4696, 0.3134], noise: 0.0500
[RLAMPSO DEBUG iter 100] w=0.6354, c1=1.4573, c2=1.6974 | fitness=1594.78
[REWARD DEBUG iter 100] FitnessImprovement: 0.0061 → Reward: +1.0000 (prevFit=1594.78, currFit=1594.77)
[ACTION DEBUG iter 100] Raw action[1:3]: [-0.5699, -0.1484, 0.4221], noise: 0.0500
[RLAMPSO DEBUG iter 100] w=0.6041, c1=1.9168, c2=1.3919 | fitness=1729.62
[REWARD DEBUG iter 100] FitnessImprovement: 0.0175 → Reward: +1.0000 (prevFit=1729.62, currFit=1729.60)
[ACTION DEBUG iter 100] Raw action[1:3]: [-0.7095, -0.0932, -0.2133], noise: 0.0500
[RLAMPSO DEBUG iter 100] w=0.5551, c1=1.4639, c2=1.6296 | fitness=1613.24
[REWARD DEBUG iter 100] FitnessImprovement: 0.2602 → Reward: +1.0000 (prevFit=1613.24, currFit=1612.98)
[ACTION DEBUG iter 100] Raw action[1:3]: [0.4414, 0.1413, -0.2808], noise: 0.0500
[RLAMPSO DEBUG iter 100] w=0.5841, c1=2.0135, c2=1.8694 | fitness=1687.33
[REWARD DEBUG iter 100] FitnessImprovement: 0.0000 → Reward: -1.0000 (prevFit=1687.33, currFit=1687.33)
[ACTION DEBUG iter 100] Raw action[1:3]: [0.6306, 0.4965, 0.3772], noise: 0.0500
[RLAMPSO DEBUG iter 100] w=0.4800, c1=1.6553, c2=1.9864 | fitness=1643.73
[REWARD DEBUG iter 100] FitnessImprovement: 0.0000 → Reward: -1.0000 (prevFit=1643.73, currFit=1643.73)
[ACTION DEBUG iter 100] Raw action[1:3]: [0.2936, -0.1035, -0.1865], noise: 0.0500
[RLAMPSO DEBUG iter 100] w=0.5268, c1=2.0716, c2=1.9174 | fitness=1619.25
[REWARD DEBUG iter 100] FitnessImprovement: 0.0405 → Reward: +1.0000 (prevFit=1619.25, currFit=1619.21)
[ACTION DEBUG iter 100] Raw action[1:3]: [0.6226, -0.2243, 0.3690], noise: 0.0500
[RLAMPSO DEBUG iter 100] w=0.4849, c1=1.8173, c2=1.7714 | fitness=1774.01
[REWARD DEBUG iter 100] FitnessImprovement: 0.0048 → Reward: +1.0000 (prevFit=1774.01, currFit=1774.01)
[ACTION DEBUG iter 100] Raw action[1:3]: [-0.2174, -0.1103, 0.0202], noise: 0.0500
[RLAMPSO DEBUG iter 100] w=0.4833, c1=1.6865, c2=1.7533 | fitness=1692.12
[REWARD DEBUG iter 100] FitnessImprovement: 0.0000 → Reward: -1.0000 (prevFit=1692.12, currFit=1692.12)
[ACTION DEBUG iter 100] Raw action[1:3]: [-0.0253, -0.5523, 0.0688], noise: 0.0500
[RLAMPSO DEBUG iter 100] w=0.4209, c1=1.5864, c2=1.7699 | fitness=1615.67
[REWARD DEBUG iter 100] FitnessImprovement: 0.1128 → Reward: +1.0000 (prevFit=1615.67, currFit=1615.56)
[ACTION DEBUG iter 100] Raw action[1:3]: [-0.7514, -0.2392, -0.7878], noise: 0.0500
[RLAMPSO DEBUG iter 100] w=0.4103, c1=1.9324, c2=1.3809 | fitness=1720.33
[REWARD DEBUG iter 100] FitnessImprovement: 1.2167 → Reward: +1.0000 (prevFit=1720.33, currFit=1719.12)
[ACTION DEBUG iter 100] Raw action[1:3]: [0.6263, -0.0095, 0.0561], noise: 0.0500
[RLAMPSO DEBUG iter 100] w=0.5805, c1=1.5100, c2=1.6785 | fitness=1645.78
[REWARD DEBUG iter 100] FitnessImprovement: 0.1865 → Reward: +1.0000 (prevFit=1645.78, currFit=1645.59)
[ACTION DEBUG iter 200] Raw action[1:3]: [-0.1914, -0.8654, -0.9399], noise: 0.0500
[RLAMPSO DEBUG iter 200] w=0.5861, c1=2.0100, c2=1.7763 | fitness=1684.11
[REWARD DEBUG iter 200] FitnessImprovement: 0.0000 → Reward: -1.0000 (prevFit=1684.11, currFit=1684.11)
[ACTION DEBUG iter 200] Raw action[1:3]: [0.3304, 0.0611, -0.0785], noise: 0.0500
[RLAMPSO DEBUG iter 200] w=0.6246, c1=1.9107, c2=1.9001 | fitness=1684.16
[ACTION DEBUG iter 200] Raw action[1:3]: [-0.1841, -0.5276, -0.2082], noise: 0.0500
[RLAMPSO DEBUG iter 200] w=0.6467, c1=1.7207, c2=1.6347 | fitness=1618.01
[REWARD DEBUG iter 200] FitnessImprovement: 0.0000 → Reward: -1.0000 (prevFit=1618.01, currFit=1618.01)
[ACTION DEBUG iter 200] Raw action[1:3]: [-0.8401, -0.1349, 0.3657], noise: 0.0500
[RLAMPSO DEBUG iter 200] w=0.6108, c1=1.2574, c2=1.1770 | fitness=1689.41
[REWARD DEBUG iter 200] FitnessImprovement: 0.0940 → Reward: +1.0000 (prevFit=1689.41, currFit=1689.32)
[REWARD DEBUG iter 200] FitnessImprovement: 0.0002 → Reward: +1.0000 (prevFit=1684.16, currFit=1684.16)
[ACTION DEBUG iter 200] Raw action[1:3]: [0.1344, -0.3968, 0.5064], noise: 0.0500
[RLAMPSO DEBUG iter 200] w=0.5382, c1=1.6971, c2=2.1856 | fitness=1591.91
[REWARD DEBUG iter 200] FitnessImprovement: 0.0000 → Reward: -1.0000 (prevFit=1591.91, currFit=1591.91)
[ACTION DEBUG iter 200] Raw action[1:3]: [-0.9442, -0.6067, -0.8227], noise: 0.0500
[RLAMPSO DEBUG iter 200] w=0.5824, c1=1.6119, c2=1.6697 | fitness=1592.84
[REWARD DEBUG iter 200] FitnessImprovement: 0.0000 → Reward: -1.0000 (prevFit=1592.84, currFit=1592.84)
[ACTION DEBUG iter 200] Raw action[1:3]: [0.7221, 0.7817, 0.3574], noise: 0.0500
[RLAMPSO DEBUG iter 200] w=0.5389, c1=1.6913, c2=1.7633 | fitness=1624.50
[REWARD DEBUG iter 200] FitnessImprovement: 0.0000 → Reward: -1.0000 (prevFit=1624.50, currFit=1624.50)
[ACTION DEBUG iter 300] Raw action[1:3]: [0.2775, -0.1139, 0.7292], noise: 0.0500
[RLAMPSO DEBUG iter 300] w=0.5113, c1=1.9173, c2=1.6312 | fitness=1581.74
[REWARD DEBUG iter 300] FitnessImprovement: 0.0000 → Reward: +1.0000 (prevFit=1581.74, currFit=1581.74)
[ACTION DEBUG iter 200] Raw action[1:3]: [-0.1137, 0.1728, -0.0718], noise: 0.0500
[RLAMPSO DEBUG iter 200] w=0.4113, c1=1.7537, c2=1.8314 | fitness=1691.71
[REWARD DEBUG iter 200] FitnessImprovement: 0.0000 → Reward: +1.0000 (prevFit=1691.71, currFit=1691.71)
[ACTION DEBUG iter 200] Raw action[1:3]: [-0.1963, -0.6057, -0.1489], noise: 0.0500
[RLAMPSO DEBUG iter 200] w=0.4591, c1=1.7243, c2=1.7251 | fitness=1615.44
[REWARD DEBUG iter 200] FitnessImprovement: 0.0318 → Reward: +1.0000 (prevFit=1615.44, currFit=1615.40)
[ACTION DEBUG iter 200] Raw action[1:3]: [0.4646, -0.2966, 0.0614], noise: 0.0500
[RLAMPSO DEBUG iter 200] w=0.4721, c1=2.0219, c2=1.7894 | fitness=1733.63
[REWARD DEBUG iter 200] FitnessImprovement: 0.0990 → Reward: +1.0000 (prevFit=1733.63, currFit=1733.54)
[ACTION DEBUG iter 200] Raw action[1:3]: [-0.0868, -0.7752, 0.4680], noise: 0.0500
[RLAMPSO DEBUG iter 200] w=0.3622, c1=1.5526, c2=1.7623 | fitness=1586.78
[REWARD DEBUG iter 200] FitnessImprovement: 0.0005 → Reward: +1.0000 (prevFit=1586.78, currFit=1586.78)
[ACTION DEBUG iter 200] Raw action[1:3]: [-0.7328, 0.5220, -0.7009], noise: 0.0500
[RLAMPSO DEBUG iter 200] w=0.4394, c1=1.7597, c2=1.5362 | fitness=1688.59
[REWARD DEBUG iter 200] FitnessImprovement: 0.0174 → Reward: +1.0000 (prevFit=1688.59, currFit=1688.57)
[ACTION DEBUG iter 300] Raw action[1:3]: [0.0897, -0.8811, -0.6249], noise: 0.0500
[RLAMPSO DEBUG iter 300] w=0.6689, c1=2.0086, c2=2.0035 | fitness=1684.11
[REWARD DEBUG iter 300] FitnessImprovement: 0.0000 → Reward: -1.0000 (prevFit=1684.11, currFit=1684.11)
[ACTION DEBUG iter 200] Raw action[1:3]: [0.7922, -0.1007, -0.3711], noise: 0.0500
[RLAMPSO DEBUG iter 200] w=0.5547, c1=1.5904, c2=1.7242 | fitness=1633.86
[REWARD DEBUG iter 200] FitnessImprovement: 0.0000 → Reward: -1.0000 (prevFit=1633.86, currFit=1633.86)
[ACTION DEBUG iter 300] Raw action[1:3]: [-0.0667, -0.4727, 0.1202], noise: 0.0500
[RLAMPSO DEBUG iter 300] w=0.6173, c1=2.1450, c2=2.1763 | fitness=1679.96
[ACTION DEBUG iter 300] Raw action[1:3]: [-0.0580, -0.3458, -0.5800], noise: 0.0500
[RLAMPSO DEBUG iter 300] w=0.5673, c1=2.0563, c2=1.5948 | fitness=1616.28
[REWARD DEBUG iter 300] FitnessImprovement: 0.0010 → Reward: +1.0000 (prevFit=1616.28, currFit=1616.28)
[ACTION DEBUG iter 300] Raw action[1:3]: [-0.7316, 0.1892, -0.5062], noise: 0.0500
[ACTION DEBUG iter 300] WARNING: 1/20 actions clipped (network saturating)
[RLAMPSO DEBUG iter 300] w=0.6020, c1=1.6016, c2=1.1862 | fitness=1580.21
[REWARD DEBUG iter 300] FitnessImprovement: 0.0040 → Reward: +1.0000 (prevFit=1580.21, currFit=1580.21)
[REWARD DEBUG iter 300] FitnessImprovement: 0.0000 → Reward: -1.0000 (prevFit=1679.96, currFit=1679.96)
[ACTION DEBUG iter 300] Raw action[1:3]: [-0.1059, -0.5619, 0.6990], noise: 0.0500
[RLAMPSO DEBUG iter 300] w=0.6326, c1=1.6020, c2=2.0684 | fitness=1589.71
[REWARD DEBUG iter 300] FitnessImprovement: 0.0124 → Reward: +1.0000 (prevFit=1589.71, currFit=1589.70)
[ACTION DEBUG iter 300] Raw action[1:3]: [-0.9047, 0.2000, -0.0225], noise: 0.0500
[RLAMPSO DEBUG iter 300] w=0.5561, c1=1.8040, c2=1.0496 | fitness=1679.18
[REWARD DEBUG iter 300] FitnessImprovement: 0.0037 → Reward: +1.0000 (prevFit=1679.18, currFit=1679.18)
[ACTION DEBUG iter 300] Raw action[1:3]: [-0.6046, -0.4138, 0.0244], noise: 0.0500
[RLAMPSO DEBUG iter 300] w=0.4770, c1=1.0708, c2=1.5058 | fitness=1691.71
[REWARD DEBUG iter 300] FitnessImprovement: 0.0000 → Reward: +1.0000 (prevFit=1691.71, currFit=1691.71)
[ACTION DEBUG iter 300] Raw action[1:3]: [0.5715, -0.4552, 0.6986], noise: 0.0500
[RLAMPSO DEBUG iter 300] w=0.3872, c1=1.9349, c2=1.8336 | fitness=1724.93
[REWARD DEBUG iter 300] FitnessImprovement: 0.2327 → Reward: +1.0000 (prevFit=1724.93, currFit=1724.70)
[ACTION DEBUG iter 300] Raw action[1:3]: [0.6049, 0.6903, -0.0037], noise: 0.0500
[RLAMPSO DEBUG iter 300] w=0.5068, c1=1.9323, c2=1.7916 | fitness=1611.34
[REWARD DEBUG iter 300] FitnessImprovement: 0.0007 → Reward: +1.0000 (prevFit=1611.34, currFit=1611.34)
[ACTION DEBUG iter 300] Raw action[1:3]: [-0.4408, -0.4823, -0.6049], noise: 0.0500
[RLAMPSO DEBUG iter 300] w=0.3728, c1=1.9192, c2=1.6523 | fitness=1615.12
[REWARD DEBUG iter 300] FitnessImprovement: 0.0012 → Reward: +1.0000 (prevFit=1615.12, currFit=1615.11)
[ACTION DEBUG iter 300] Raw action[1:3]: [-0.6606, -0.4676, -0.0263], noise: 0.0500
[RLAMPSO DEBUG iter 300] w=0.3557, c1=1.7423, c2=1.6855 | fitness=1586.77
[REWARD DEBUG iter 300] FitnessImprovement: 0.0000 → Reward: -1.0000 (prevFit=1586.77, currFit=1586.77)
[ACTION DEBUG iter 300] Raw action[1:3]: [0.9656, 0.5304, 0.3057], noise: 0.0500
[ACTION DEBUG iter 300] WARNING: 1/20 actions clipped (network saturating)
[RLAMPSO DEBUG iter 300] w=0.4929, c1=1.2618, c2=1.3479 | fitness=1631.63
[ACTION DEBUG iter 300] Raw action[1:3]: [-0.5927, -0.1603, -0.1983], noise: 0.0500
[RLAMPSO DEBUG iter 300] w=0.4875, c1=2.1345, c2=2.1270 | fitness=1680.55
[REWARD DEBUG iter 300] FitnessImprovement: 0.0000 → Reward: -1.0000 (prevFit=1680.55, currFit=1680.55)
[REWARD DEBUG iter 300] FitnessImprovement: 0.0873 → Reward: +1.0000 (prevFit=1631.63, currFit=1631.54)
[ACTION DEBUG iter 400] Raw action[1:3]: [-0.7315, -0.8015, -0.1067], noise: 0.0500
[ACTION DEBUG iter 400] WARNING: 1/20 actions clipped (network saturating)
[RLAMPSO DEBUG iter 400] w=0.4484, c1=1.2823, c2=1.9727 | fitness=1573.40
[REWARD DEBUG iter 400] FitnessImprovement: 0.0023 → Reward: +1.0000 (prevFit=1573.40, currFit=1573.40)
[ACTION DEBUG iter 400] Raw action[1:3]: [-0.0778, -0.7552, -0.9027], noise: 0.0500
[RLAMPSO DEBUG iter 400] w=0.6502, c1=1.6812, c2=1.7451 | fitness=1566.03
[REWARD DEBUG iter 400] FitnessImprovement: 0.0001 → Reward: +1.0000 (prevFit=1566.03, currFit=1566.03)
[ACTION DEBUG iter 400] Raw action[1:3]: [-0.9731, -0.7918, 0.2190], noise: 0.0500
[ACTION DEBUG iter 400] WARNING: 4/20 actions clipped (network saturating)
[RLAMPSO DEBUG iter 400] w=0.4975, c1=1.3020, c2=1.4336 | fitness=1561.02
[REWARD DEBUG iter 400] FitnessImprovement: 0.3485 → Reward: +1.0000 (prevFit=1561.02, currFit=1560.68)
[ACTION DEBUG iter 400] Raw action[1:3]: [-0.0259, 0.5289, -0.6529], noise: 0.0500
[RLAMPSO DEBUG iter 400] w=0.6777, c1=1.8541, c2=2.0211 | fitness=1677.21
[REWARD DEBUG iter 400] FitnessImprovement: 0.0000 → Reward: -1.0000 (prevFit=1677.21, currFit=1677.21)
[ACTION DEBUG iter 400] Raw action[1:3]: [0.4018, 0.5975, 0.7330], noise: 0.0500
[RLAMPSO DEBUG iter 400] w=0.6055, c1=1.5133, c2=1.1660 | fitness=1589.33
[REWARD DEBUG iter 400] FitnessImprovement: 0.0000 → Reward: -1.0000 (prevFit=1589.33, currFit=1589.33)
[ACTION DEBUG iter 400] Raw action[1:3]: [-0.6195, -0.6173, -0.7290], noise: 0.0500
[ACTION DEBUG iter 400] WARNING: 2/20 actions clipped (network saturating)
[RLAMPSO DEBUG iter 400] w=0.5917, c1=1.3775, c2=1.2719 | fitness=1612.97
[REWARD DEBUG iter 400] FitnessImprovement: 0.0000 → Reward: +1.0000 (prevFit=1612.97, currFit=1612.97)
[ACTION DEBUG iter 400] Raw action[1:3]: [-0.9462, -0.7002, -0.0734], noise: 0.0500
[RLAMPSO DEBUG iter 400] w=0.5870, c1=1.3000, c2=0.9459 | fitness=1678.48
[REWARD DEBUG iter 400] FitnessImprovement: 0.0015 → Reward: +1.0000 (prevFit=1678.48, currFit=1678.48)
[ACTION DEBUG iter 400] Raw action[1:3]: [0.6459, -0.3987, 0.2799], noise: 0.0500
[RLAMPSO DEBUG iter 400] w=0.4490, c1=1.7466, c2=1.6414 | fitness=1710.27
[REWARD DEBUG iter 400] FitnessImprovement: 0.2877 → Reward: +1.0000 (prevFit=1710.27, currFit=1709.98)
[ACTION DEBUG iter 400] Raw action[1:3]: [-0.2567, 0.0208, 0.2351], noise: 0.0500
[RLAMPSO DEBUG iter 400] w=0.3712, c1=1.2076, c2=1.1535 | fitness=1691.70
[REWARD DEBUG iter 400] FitnessImprovement: 0.0000 → Reward: +1.0000 (prevFit=1691.70, currFit=1691.70)
[ACTION DEBUG iter 400] Raw action[1:3]: [0.7982, 0.8818, 0.0255], noise: 0.0500
[RLAMPSO DEBUG iter 400] w=0.5165, c1=1.8384, c2=1.7041 | fitness=1608.23
[REWARD DEBUG iter 400] FitnessImprovement: 0.0006 → Reward: +1.0000 (prevFit=1608.23, currFit=1608.23)
[ACTION DEBUG iter 400] Raw action[1:3]: [-0.8079, -0.9637, 0.6183], noise: 0.0500
[RLAMPSO DEBUG iter 400] w=0.1662, c1=1.3159, c2=1.6174 | fitness=1585.70
[ACTION DEBUG iter 400] Raw action[1:3]: [-0.8462, -0.8706, -0.1182], noise: 0.0500
[RLAMPSO DEBUG iter 400] w=0.2931, c1=1.3778, c2=0.9976 | fitness=1615.09
[REWARD DEBUG iter 400] FitnessImprovement: 0.0000 → Reward: +1.0000 (prevFit=1615.09, currFit=1615.09)
[REWARD DEBUG iter 400] FitnessImprovement: 0.0000 → Reward: -1.0000 (prevFit=1585.70, currFit=1585.70)
[ACTION DEBUG iter 400] Raw action[1:3]: [-0.9913, 0.7053, -0.9227], noise: 0.0500
[RLAMPSO DEBUG iter 400] w=0.4654, c1=1.9014, c2=1.4053 | fitness=1678.86
[REWARD DEBUG iter 400] FitnessImprovement: 0.0001 → Reward: +1.0000 (prevFit=1678.86, currFit=1678.86)
[ACTION DEBUG iter 400] Raw action[1:3]: [0.9402, 0.4960, -0.1951], noise: 0.0500
[ACTION DEBUG iter 400] WARNING: 1/20 actions clipped (network saturating)
[RLAMPSO DEBUG iter 400] w=0.4961, c1=1.5129, c2=1.9848 | fitness=1624.95
[REWARD DEBUG iter 400] FitnessImprovement: 0.0000 → Reward: -1.0000 (prevFit=1624.95, currFit=1624.95)
[ACTION DEBUG iter 500] Raw action[1:3]: [0.3461, 0.7135, -0.5953], noise: 0.0500
[RLAMPSO DEBUG iter 500] w=0.5969, c1=1.2817, c2=1.4045 | fitness=1570.41
[REWARD DEBUG iter 500] FitnessImprovement: 0.0000 → Reward: -1.0000 (prevFit=1570.41, currFit=1570.41)
[ACTION DEBUG iter 500] Raw action[1:3]: [-0.6028, 0.4500, 0.9119], noise: 0.0500
[ACTION DEBUG iter 500] WARNING: 1/20 actions clipped (network saturating)
[RLAMPSO DEBUG iter 500] w=0.5559, c1=1.3569, c2=1.3291 | fitness=1545.35
[REWARD DEBUG iter 500] FitnessImprovement: 0.0006 → Reward: +1.0000 (prevFit=1545.35, currFit=1545.35)
[ACTION DEBUG iter 500] Raw action[1:3]: [0.5256, -0.9838, -0.5555], noise: 0.0500
[ACTION DEBUG iter 500] WARNING: 2/20 actions clipped (network saturating)
[RLAMPSO DEBUG iter 500] w=0.6788, c1=0.6977, c2=1.4000 | fitness=1560.86
[REWARD DEBUG iter 500] FitnessImprovement: 0.0000 → Reward: -1.0000 (prevFit=1560.86, currFit=1560.86)
[ACTION DEBUG iter 500] Raw action[1:3]: [0.6202, 0.5153, -0.4400], noise: 0.0500
[RLAMPSO DEBUG iter 500] w=0.6439, c1=1.8646, c2=1.8364 | fitness=1674.97
[REWARD DEBUG iter 500] FitnessImprovement: 0.0000 → Reward: -1.0000 (prevFit=1674.97, currFit=1674.97)
[ACTION DEBUG iter 500] Raw action[1:3]: [0.9670, -0.9263, 0.8941], noise: 0.0500
[ACTION DEBUG iter 500] WARNING: 2/20 actions clipped (network saturating)
[RLAMPSO DEBUG iter 500] w=0.5952, c1=1.0841, c2=1.1492 | fitness=1682.88
[REWARD DEBUG iter 500] FitnessImprovement: 0.0009 → Reward: +1.0000 (prevFit=1682.88, currFit=1682.88)
[ACTION DEBUG iter 500] Raw action[1:3]: [-0.8398, 0.2731, -0.9659], noise: 0.0500
[ACTION DEBUG iter 500] WARNING: 1/20 actions clipped (network saturating)
[RLAMPSO DEBUG iter 500] w=0.5422, c1=1.3832, c2=1.0970 | fitness=1612.76
[REWARD DEBUG iter 500] FitnessImprovement: 0.0028 → Reward: +1.0000 (prevFit=1612.76, currFit=1612.75)
[ACTION DEBUG iter 500] Raw action[1:3]: [-0.7455, -0.9144, 0.7446], noise: 0.0500
[RLAMPSO DEBUG iter 500] w=0.5456, c1=0.9424, c2=1.1179 | fitness=1678.39
[REWARD DEBUG iter 500] FitnessImprovement: 0.0000 → Reward: -1.0000 (prevFit=1678.39, currFit=1678.39)
[ACTION DEBUG iter 500] Raw action[1:3]: [0.6804, -0.4674, 0.2148], noise: 0.0500
[ACTION DEBUG iter 500] WARNING: 1/20 actions clipped (network saturating)
[RLAMPSO DEBUG iter 500] w=0.6401, c1=0.9547, c2=1.2537 | fitness=1589.24
[REWARD DEBUG iter 500] FitnessImprovement: 0.0000 → Reward: -1.0000 (prevFit=1589.24, currFit=1589.24)
[ACTION DEBUG iter 500] Raw action[1:3]: [-0.1806, 0.0834, -0.3778], noise: 0.0500
[RLAMPSO DEBUG iter 500] w=0.3783, c1=0.5974, c2=0.5343 | fitness=1691.69
[REWARD DEBUG iter 500] FitnessImprovement: 0.0000 → Reward: +1.0000 (prevFit=1691.69, currFit=1691.69)
[ACTION DEBUG iter 500] Raw action[1:3]: [0.9409, 0.9370, -0.0940], noise: 0.0500
[RLAMPSO DEBUG iter 500] w=0.5347, c1=1.5262, c2=1.0406 | fitness=1608.05
[REWARD DEBUG iter 500] FitnessImprovement: 0.0000 → Reward: -1.0000 (prevFit=1608.05, currFit=1608.05)
[ACTION DEBUG iter 500] Raw action[1:3]: [-0.9076, -0.9815, -0.8904], noise: 0.0500
[ACTION DEBUG iter 500] WARNING: 1/20 actions clipped (network saturating)
[RLAMPSO DEBUG iter 500] w=0.2437, c1=1.6183, c2=1.5298 | fitness=1583.58
[REWARD DEBUG iter 500] FitnessImprovement: 0.0000 → Reward: +1.0000 (prevFit=1583.58, currFit=1583.58)
[ACTION DEBUG iter 500] Raw action[1:3]: [-0.9775, 0.3913, 0.4433], noise: 0.0500
[RLAMPSO DEBUG iter 500] w=0.4688, c1=2.5000, c2=1.8037 | fitness=1678.23
[REWARD DEBUG iter 500] FitnessImprovement: 0.0000 → Reward: +1.0000 (prevFit=1678.23, currFit=1678.23)
[ACTION DEBUG iter 500] Raw action[1:3]: [-0.8879, -0.6472, -0.3229], noise: 0.0500
[RLAMPSO DEBUG iter 500] w=0.1999, c1=2.0486, c2=1.3207 | fitness=1615.07
[REWARD DEBUG iter 500] FitnessImprovement: 0.0000 → Reward: -1.0000 (prevFit=1615.07, currFit=1615.07)
[ACTION DEBUG iter 500] Raw action[1:3]: [0.8291, 0.8885, 0.7137], noise: 0.0500
[RLAMPSO DEBUG iter 500] w=0.4010, c1=1.3357, c2=1.0637 | fitness=1624.62
[REWARD DEBUG iter 500] FitnessImprovement: 0.0002 → Reward: +1.0000 (prevFit=1624.62, currFit=1624.62)
[ACTION DEBUG iter 600] Raw action[1:3]: [-0.7016, -0.9028, -0.3593], noise: 0.0500
[ACTION DEBUG iter 600] WARNING: 3/20 actions clipped (network saturating)
[RLAMPSO DEBUG iter 600] w=0.6164, c1=0.9000, c2=1.7002 | fitness=1570.39
[REWARD DEBUG iter 600] FitnessImprovement: 0.0000 → Reward: -1.0000 (prevFit=1570.39, currFit=1570.39)

========== Planning Complete ==========
Algorithm: RLAMPSO
Execution time: 23.1689 seconds
Path length: 148.6797 units
Waypoints: 7
Best fitness: 1570.3925
========================================


========== Direct Global Planning ==========
Algorithm: DQN_PSO
Start: [10.0, 95.0, 10.0]
Goal:  [97.0, 2.0, 10.0]
============================================

Warning: DQN-PSO (paper) is homogeneous; forcing paramMode to global.
> In <a href="matlab:matlab.lang.internal.introspective.errorDocCallback('globalPathPlanningDQNPSO', '/Users/hust-hwashin621m/Desktop/vietanhpaper-2/algorithms/dqn_pso/globalPathPlanningDQNPSO.m', 15)" style="font-weight:bold">globalPathPlanningDQNPSO</a> (<a href="matlab: opentoline('/Users/hust-hwashin621m/Desktop/vietanhpaper-2/algorithms/dqn_pso/globalPathPlanningDQNPSO.m',15,0)">line 15</a>)
In <a href="matlab:matlab.lang.internal.introspective.errorDocCallback('callGlobalPlanningAlgorithm', '/Users/hust-hwashin621m/Desktop/vietanhpaper-2/algorithms/callGlobalPlanningAlgorithm.m', 212)" style="font-weight:bold">callGlobalPlanningAlgorithm</a> (<a href="matlab: opentoline('/Users/hust-hwashin621m/Desktop/vietanhpaper-2/algorithms/callGlobalPlanningAlgorithm.m',212,0)">line 212</a>)
In <a href="matlab:matlab.lang.internal.introspective.errorDocCallback('directGlobalPlanning', '/Users/hust-hwashin621m/Desktop/vietanhpaper-2/shared/path_planning/directGlobalPlanning.m', 59)" style="font-weight:bold">directGlobalPlanning</a> (<a href="matlab: opentoline('/Users/hust-hwashin621m/Desktop/vietanhpaper-2/shared/path_planning/directGlobalPlanning.m',59,0)">line 59</a>)
In <a href="matlab:matlab.lang.internal.introspective.errorDocCallback('run_comparison>@(varargin)directGlobalPlanning(varargin{:})', '/Users/hust-hwashin621m/Desktop/vietanhpaper-2/run_comparison.m', 282)" style="font-weight:bold">run_comparison>@(varargin)directGlobalPlanning(varargin{:})</a> (<a href="matlab: opentoline('/Users/hust-hwashin621m/Desktop/vietanhpaper-2/run_comparison.m',282,0)">line 282</a>)
In <a href="matlab:matlab.lang.internal.introspective.errorDocCallback('compare_algorithms>runAlgorithmBatch', '/Users/hust-hwashin621m/Desktop/vietanhpaper-2/scripts/compare_algorithms.m', 139)" style="font-weight:bold">compare_algorithms>runAlgorithmBatch</a> (<a href="matlab: opentoline('/Users/hust-hwashin621m/Desktop/vietanhpaper-2/scripts/compare_algorithms.m',139,0)">line 139</a>)
Starting DQN-PSO (HMM + DQN) - Mode: global
[ACTION DEBUG iter 600] Raw action[1:3]: [-0.8837, -0.6117, -0.7439], noise: 0.0500
[ACTION DEBUG iter 600] WARNING: 1/20 actions clipped (network saturating)
[RLAMPSO DEBUG iter 600] w=0.5504, c1=1.7000, c2=1.3000 | fitness=1545.35
[REWARD DEBUG iter 600] FitnessImprovement: 0.0000 → Reward: -1.0000 (prevFit=1545.35, currFit=1545.35)

========== Planning Complete ==========
Algorithm: RLAMPSO
Execution time: 22.2436 seconds
Path length: 151.9117 units
Waypoints: 7
Best fitness: 1545.3489
========================================


========== Direct Global Planning ==========
Algorithm: DQN_PSO
Start: [10.0, 95.0, 10.0]
Goal:  [97.0, 2.0, 10.0]
============================================

Warning: DQN-PSO (paper) is homogeneous; forcing paramMode to global.
> In <a href="matlab:matlab.lang.internal.introspective.errorDocCallback('globalPathPlanningDQNPSO', '/Users/hust-hwashin621m/Desktop/vietanhpaper-2/algorithms/dqn_pso/globalPathPlanningDQNPSO.m', 15)" style="font-weight:bold">globalPathPlanningDQNPSO</a> (<a href="matlab: opentoline('/Users/hust-hwashin621m/Desktop/vietanhpaper-2/algorithms/dqn_pso/globalPathPlanningDQNPSO.m',15,0)">line 15</a>)
In <a href="matlab:matlab.lang.internal.introspective.errorDocCallback('callGlobalPlanningAlgorithm', '/Users/hust-hwashin621m/Desktop/vietanhpaper-2/algorithms/callGlobalPlanningAlgorithm.m', 212)" style="font-weight:bold">callGlobalPlanningAlgorithm</a> (<a href="matlab: opentoline('/Users/hust-hwashin621m/Desktop/vietanhpaper-2/algorithms/callGlobalPlanningAlgorithm.m',212,0)">line 212</a>)
In <a href="matlab:matlab.lang.internal.introspective.errorDocCallback('directGlobalPlanning', '/Users/hust-hwashin621m/Desktop/vietanhpaper-2/shared/path_planning/directGlobalPlanning.m', 59)" style="font-weight:bold">directGlobalPlanning</a> (<a href="matlab: opentoline('/Users/hust-hwashin621m/Desktop/vietanhpaper-2/shared/path_planning/directGlobalPlanning.m',59,0)">line 59</a>)
In <a href="matlab:matlab.lang.internal.introspective.errorDocCallback('run_comparison>@(varargin)directGlobalPlanning(varargin{:})', '/Users/hust-hwashin621m/Desktop/vietanhpaper-2/run_comparison.m', 282)" style="font-weight:bold">run_comparison>@(varargin)directGlobalPlanning(varargin{:})</a> (<a href="matlab: opentoline('/Users/hust-hwashin621m/Desktop/vietanhpaper-2/run_comparison.m',282,0)">line 282</a>)
In <a href="matlab:matlab.lang.internal.introspective.errorDocCallback('compare_algorithms>runAlgorithmBatch', '/Users/hust-hwashin621m/Desktop/vietanhpaper-2/scripts/compare_algorithms.m', 139)" style="font-weight:bold">compare_algorithms>runAlgorithmBatch</a> (<a href="matlab: opentoline('/Users/hust-hwashin621m/Desktop/vietanhpaper-2/scripts/compare_algorithms.m',139,0)">line 139</a>)
Starting DQN-PSO (HMM + DQN) - Mode: global
[ACTION DEBUG iter 600] Raw action[1:3]: [0.0448, -0.9914, -0.9634], noise: 0.0500
[ACTION DEBUG iter 600] WARNING: 3/20 actions clipped (network saturating)
[RLAMPSO DEBUG iter 600] w=0.6274, c1=1.5695, c2=1.5102 | fitness=1560.47
[REWARD DEBUG iter 600] FitnessImprovement: 0.0000 → Reward: -1.0000 (prevFit=1560.47, currFit=1560.47)

========== Planning Complete ==========
Algorithm: RLAMPSO
Execution time: 22.6507 seconds
Path length: 151.2330 units
Waypoints: 7
Best fitness: 1560.4719
========================================


========== Direct Global Planning ==========
Algorithm: DQN_PSO
Start: [10.0, 95.0, 10.0]
Goal:  [97.0, 2.0, 10.0]
============================================

Warning: DQN-PSO (paper) is homogeneous; forcing paramMode to global.
> In <a href="matlab:matlab.lang.internal.introspective.errorDocCallback('globalPathPlanningDQNPSO', '/Users/hust-hwashin621m/Desktop/vietanhpaper-2/algorithms/dqn_pso/globalPathPlanningDQNPSO.m', 15)" style="font-weight:bold">globalPathPlanningDQNPSO</a> (<a href="matlab: opentoline('/Users/hust-hwashin621m/Desktop/vietanhpaper-2/algorithms/dqn_pso/globalPathPlanningDQNPSO.m',15,0)">line 15</a>)
In <a href="matlab:matlab.lang.internal.introspective.errorDocCallback('callGlobalPlanningAlgorithm', '/Users/hust-hwashin621m/Desktop/vietanhpaper-2/algorithms/callGlobalPlanningAlgorithm.m', 212)" style="font-weight:bold">callGlobalPlanningAlgorithm</a> (<a href="matlab: opentoline('/Users/hust-hwashin621m/Desktop/vietanhpaper-2/algorithms/callGlobalPlanningAlgorithm.m',212,0)">line 212</a>)
In <a href="matlab:matlab.lang.internal.introspective.errorDocCallback('directGlobalPlanning', '/Users/hust-hwashin621m/Desktop/vietanhpaper-2/shared/path_planning/directGlobalPlanning.m', 59)" style="font-weight:bold">directGlobalPlanning</a> (<a href="matlab: opentoline('/Users/hust-hwashin621m/Desktop/vietanhpaper-2/shared/path_planning/directGlobalPlanning.m',59,0)">line 59</a>)
In <a href="matlab:matlab.lang.internal.introspective.errorDocCallback('run_comparison>@(varargin)directGlobalPlanning(varargin{:})', '/Users/hust-hwashin621m/Desktop/vietanhpaper-2/run_comparison.m', 282)" style="font-weight:bold">run_comparison>@(varargin)directGlobalPlanning(varargin{:})</a> (<a href="matlab: opentoline('/Users/hust-hwashin621m/Desktop/vietanhpaper-2/run_comparison.m',282,0)">line 282</a>)
In <a href="matlab:matlab.lang.internal.introspective.errorDocCallback('compare_algorithms>runAlgorithmBatch', '/Users/hust-hwashin621m/Desktop/vietanhpaper-2/scripts/compare_algorithms.m', 139)" style="font-weight:bold">compare_algorithms>runAlgorithmBatch</a> (<a href="matlab: opentoline('/Users/hust-hwashin621m/Desktop/vietanhpaper-2/scripts/compare_algorithms.m',139,0)">line 139</a>)
Starting DQN-PSO (HMM + DQN) - Mode: global
[ACTION DEBUG iter 600] Raw action[1:3]: [0.6049, 0.6952, 0.1001], noise: 0.0500
[ACTION DEBUG iter 600] WARNING: 1/20 actions clipped (network saturating)
[RLAMPSO DEBUG iter 600] w=0.7639, c1=1.5411, c2=1.4388 | fitness=1672.37
[REWARD DEBUG iter 600] FitnessImprovement: 0.0000 → Reward: -1.0000 (prevFit=1672.37, currFit=1672.37)

========== Planning Complete ==========
Algorithm: RLAMPSO
Execution time: 22.2759 seconds
Path length: 165.0981 units
Waypoints: 7
Best fitness: 1672.3674
========================================


========== Direct Global Planning ==========
Algorithm: DQN_PSO
Start: [10.0, 95.0, 10.0]
Goal:  [97.0, 2.0, 10.0]
============================================

Warning: DQN-PSO (paper) is homogeneous; forcing paramMode to global.
> In <a href="matlab:matlab.lang.internal.introspective.errorDocCallback('globalPathPlanningDQNPSO', '/Users/hust-hwashin621m/Desktop/vietanhpaper-2/algorithms/dqn_pso/globalPathPlanningDQNPSO.m', 15)" style="font-weight:bold">globalPathPlanningDQNPSO</a> (<a href="matlab: opentoline('/Users/hust-hwashin621m/Desktop/vietanhpaper-2/algorithms/dqn_pso/globalPathPlanningDQNPSO.m',15,0)">line 15</a>)
In <a href="matlab:matlab.lang.internal.introspective.errorDocCallback('callGlobalPlanningAlgorithm', '/Users/hust-hwashin621m/Desktop/vietanhpaper-2/algorithms/callGlobalPlanningAlgorithm.m', 212)" style="font-weight:bold">callGlobalPlanningAlgorithm</a> (<a href="matlab: opentoline('/Users/hust-hwashin621m/Desktop/vietanhpaper-2/algorithms/callGlobalPlanningAlgorithm.m',212,0)">line 212</a>)
In <a href="matlab:matlab.lang.internal.introspective.errorDocCallback('directGlobalPlanning', '/Users/hust-hwashin621m/Desktop/vietanhpaper-2/shared/path_planning/directGlobalPlanning.m', 59)" style="font-weight:bold">directGlobalPlanning</a> (<a href="matlab: opentoline('/Users/hust-hwashin621m/Desktop/vietanhpaper-2/shared/path_planning/directGlobalPlanning.m',59,0)">line 59</a>)
In <a href="matlab:matlab.lang.internal.introspective.errorDocCallback('run_comparison>@(varargin)directGlobalPlanning(varargin{:})', '/Users/hust-hwashin621m/Desktop/vietanhpaper-2/run_comparison.m', 282)" style="font-weight:bold">run_comparison>@(varargin)directGlobalPlanning(varargin{:})</a> (<a href="matlab: opentoline('/Users/hust-hwashin621m/Desktop/vietanhpaper-2/run_comparison.m',282,0)">line 282</a>)
In <a href="matlab:matlab.lang.internal.introspective.errorDocCallback('compare_algorithms>runAlgorithmBatch', '/Users/hust-hwashin621m/Desktop/vietanhpaper-2/scripts/compare_algorithms.m', 139)" style="font-weight:bold">compare_algorithms>runAlgorithmBatch</a> (<a href="matlab: opentoline('/Users/hust-hwashin621m/Desktop/vietanhpaper-2/scripts/compare_algorithms.m',139,0)">line 139</a>)
Starting DQN-PSO (HMM + DQN) - Mode: global
[ACTION DEBUG iter 600] Raw action[1:3]: [-0.9622, 0.3899, -0.9486], noise: 0.0500
[ACTION DEBUG iter 600] WARNING: 4/20 actions clipped (network saturating)
[RLAMPSO DEBUG iter 600] w=0.6939, c1=1.8878, c2=0.9000 | fitness=1608.70
[REWARD DEBUG iter 600] FitnessImprovement: 0.0560 → Reward: +1.0000 (prevFit=1608.70, currFit=1608.64)

========== Planning Complete ==========
Algorithm: RLAMPSO
Execution time: 23.0241 seconds
Path length: 153.6829 units
Waypoints: 7
Best fitness: 1608.6411
========================================


========== Direct Global Planning ==========
Algorithm: DQN_PSO
Start: [10.0, 95.0, 10.0]
Goal:  [97.0, 2.0, 10.0]
============================================

[ACTION DEBUG iter 600] Raw action[1:3]: [-0.7149, 0.6966, 0.3459], noise: 0.0500
[ACTION DEBUG iter 600] WARNING: 2/20 actions clipped (network saturating)
[RLAMPSO DEBUG iter 600] w=0.3813, c1=1.0884, c2=1.3144 | fitness=1589.24
[REWARD DEBUG iter 600] FitnessImprovement: 0.0001 → Reward: +1.0000 (prevFit=1589.24, currFit=1589.24)

========== Planning Complete ==========
Algorithm: RLAMPSO
Execution time: 22.8582 seconds
Path length: 160.4440 units
Waypoints: 7
Best fitness: 1589.2355
========================================


========== Direct Global Planning ==========
Algorithm: DQN_PSO
Start: [10.0, 95.0, 10.0]
Goal:  [97.0, 2.0, 10.0]
============================================

Warning: DQN-PSO (paper) is homogeneous; forcing paramMode to global.
> In <a href="matlab:matlab.lang.internal.introspective.errorDocCallback('globalPathPlanningDQNPSO', '/Users/hust-hwashin621m/Desktop/vietanhpaper-2/algorithms/dqn_pso/globalPathPlanningDQNPSO.m', 15)" style="font-weight:bold">globalPathPlanningDQNPSO</a> (<a href="matlab: opentoline('/Users/hust-hwashin621m/Desktop/vietanhpaper-2/algorithms/dqn_pso/globalPathPlanningDQNPSO.m',15,0)">line 15</a>)
In <a href="matlab:matlab.lang.internal.introspective.errorDocCallback('callGlobalPlanningAlgorithm', '/Users/hust-hwashin621m/Desktop/vietanhpaper-2/algorithms/callGlobalPlanningAlgorithm.m', 212)" style="font-weight:bold">callGlobalPlanningAlgorithm</a> (<a href="matlab: opentoline('/Users/hust-hwashin621m/Desktop/vietanhpaper-2/algorithms/callGlobalPlanningAlgorithm.m',212,0)">line 212</a>)
In <a href="matlab:matlab.lang.internal.introspective.errorDocCallback('directGlobalPlanning', '/Users/hust-hwashin621m/Desktop/vietanhpaper-2/shared/path_planning/directGlobalPlanning.m', 59)" style="font-weight:bold">directGlobalPlanning</a> (<a href="matlab: opentoline('/Users/hust-hwashin621m/Desktop/vietanhpaper-2/shared/path_planning/directGlobalPlanning.m',59,0)">line 59</a>)
In <a href="matlab:matlab.lang.internal.introspective.errorDocCallback('run_comparison>@(varargin)directGlobalPlanning(varargin{:})', '/Users/hust-hwashin621m/Desktop/vietanhpaper-2/run_comparison.m', 282)" style="font-weight:bold">run_comparison>@(varargin)directGlobalPlanning(varargin{:})</a> (<a href="matlab: opentoline('/Users/hust-hwashin621m/Desktop/vietanhpaper-2/run_comparison.m',282,0)">line 282</a>)
In <a href="matlab:matlab.lang.internal.introspective.errorDocCallback('compare_algorithms>runAlgorithmBatch', '/Users/hust-hwashin621m/Desktop/vietanhpaper-2/scripts/compare_algorithms.m', 139)" style="font-weight:bold">compare_algorithms>runAlgorithmBatch</a> (<a href="matlab: opentoline('/Users/hust-hwashin621m/Desktop/vietanhpaper-2/scripts/compare_algorithms.m',139,0)">line 139</a>)
Starting DQN-PSO (HMM + DQN) - Mode: global
[ACTION DEBUG iter 600] Raw action[1:3]: [0.9681, -0.8959, 0.5988], noise: 0.0500
[RLAMPSO DEBUG iter 600] w=0.5212, c1=1.5227, c2=1.1478 | fitness=1682.82
[REWARD DEBUG iter 600] FitnessImprovement: 0.0000 → Reward: -1.0000 (prevFit=1682.82, currFit=1682.82)

========== Planning Complete ==========
Algorithm: RLAMPSO
Execution time: 21.5344 seconds
Path length: 161.8411 units
Waypoints: 7
Best fitness: 1682.8234
========================================


========== Direct Global Planning ==========
Algorithm: DQN_PSO
Start: [10.0, 95.0, 10.0]
Goal:  [97.0, 2.0, 10.0]
============================================

Warning: DQN-PSO (paper) is homogeneous; forcing paramMode to global.
> In <a href="matlab:matlab.lang.internal.introspective.errorDocCallback('globalPathPlanningDQNPSO', '/Users/hust-hwashin621m/Desktop/vietanhpaper-2/algorithms/dqn_pso/globalPathPlanningDQNPSO.m', 15)" style="font-weight:bold">globalPathPlanningDQNPSO</a> (<a href="matlab: opentoline('/Users/hust-hwashin621m/Desktop/vietanhpaper-2/algorithms/dqn_pso/globalPathPlanningDQNPSO.m',15,0)">line 15</a>)
In <a href="matlab:matlab.lang.internal.introspective.errorDocCallback('callGlobalPlanningAlgorithm', '/Users/hust-hwashin621m/Desktop/vietanhpaper-2/algorithms/callGlobalPlanningAlgorithm.m', 212)" style="font-weight:bold">callGlobalPlanningAlgorithm</a> (<a href="matlab: opentoline('/Users/hust-hwashin621m/Desktop/vietanhpaper-2/algorithms/callGlobalPlanningAlgorithm.m',212,0)">line 212</a>)
In <a href="matlab:matlab.lang.internal.introspective.errorDocCallback('directGlobalPlanning', '/Users/hust-hwashin621m/Desktop/vietanhpaper-2/shared/path_planning/directGlobalPlanning.m', 59)" style="font-weight:bold">directGlobalPlanning</a> (<a href="matlab: opentoline('/Users/hust-hwashin621m/Desktop/vietanhpaper-2/shared/path_planning/directGlobalPlanning.m',59,0)">line 59</a>)
In <a href="matlab:matlab.lang.internal.introspective.errorDocCallback('run_comparison>@(varargin)directGlobalPlanning(varargin{:})', '/Users/hust-hwashin621m/Desktop/vietanhpaper-2/run_comparison.m', 282)" style="font-weight:bold">run_comparison>@(varargin)directGlobalPlanning(varargin{:})</a> (<a href="matlab: opentoline('/Users/hust-hwashin621m/Desktop/vietanhpaper-2/run_comparison.m',282,0)">line 282</a>)
In <a href="matlab:matlab.lang.internal.introspective.errorDocCallback('compare_algorithms>runAlgorithmBatch', '/Users/hust-hwashin621m/Desktop/vietanhpaper-2/scripts/compare_algorithms.m', 139)" style="font-weight:bold">compare_algorithms>runAlgorithmBatch</a> (<a href="matlab: opentoline('/Users/hust-hwashin621m/Desktop/vietanhpaper-2/scripts/compare_algorithms.m',139,0)">line 139</a>)
Starting DQN-PSO (HMM + DQN) - Mode: global
[ACTION DEBUG iter 600] Raw action[1:3]: [-0.8317, 0.7940, 0.5973], noise: 0.0500
[ACTION DEBUG iter 600] WARNING: 4/20 actions clipped (network saturating)
[RLAMPSO DEBUG iter 600] w=0.3411, c1=1.1072, c2=1.2506 | fitness=1691.69
[REWARD DEBUG iter 600] FitnessImprovement: 0.0000 → Reward: -1.0000 (prevFit=1691.69, currFit=1691.69)
Warning: DQN-PSO (paper) is homogeneous; forcing paramMode to global.
> In <a href="matlab:matlab.lang.internal.introspective.errorDocCallback('globalPathPlanningDQNPSO', '/Users/hust-hwashin621m/Desktop/vietanhpaper-2/algorithms/dqn_pso/globalPathPlanningDQNPSO.m', 15)" style="font-weight:bold">globalPathPlanningDQNPSO</a> (<a href="matlab: opentoline('/Users/hust-hwashin621m/Desktop/vietanhpaper-2/algorithms/dqn_pso/globalPathPlanningDQNPSO.m',15,0)">line 15</a>)
In <a href="matlab:matlab.lang.internal.introspective.errorDocCallback('callGlobalPlanningAlgorithm', '/Users/hust-hwashin621m/Desktop/vietanhpaper-2/algorithms/callGlobalPlanningAlgorithm.m', 212)" style="font-weight:bold">callGlobalPlanningAlgorithm</a> (<a href="matlab: opentoline('/Users/hust-hwashin621m/Desktop/vietanhpaper-2/algorithms/callGlobalPlanningAlgorithm.m',212,0)">line 212</a>)
In <a href="matlab:matlab.lang.internal.introspective.errorDocCallback('directGlobalPlanning', '/Users/hust-hwashin621m/Desktop/vietanhpaper-2/shared/path_planning/directGlobalPlanning.m', 59)" style="font-weight:bold">directGlobalPlanning</a> (<a href="matlab: opentoline('/Users/hust-hwashin621m/Desktop/vietanhpaper-2/shared/path_planning/directGlobalPlanning.m',59,0)">line 59</a>)
In <a href="matlab:matlab.lang.internal.introspective.errorDocCallback('run_comparison>@(varargin)directGlobalPlanning(varargin{:})', '/Users/hust-hwashin621m/Desktop/vietanhpaper-2/run_comparison.m', 282)" style="font-weight:bold">run_comparison>@(varargin)directGlobalPlanning(varargin{:})</a> (<a href="matlab: opentoline('/Users/hust-hwashin621m/Desktop/vietanhpaper-2/run_comparison.m',282,0)">line 282</a>)
In <a href="matlab:matlab.lang.internal.introspective.errorDocCallback('compare_algorithms>runAlgorithmBatch', '/Users/hust-hwashin621m/Desktop/vietanhpaper-2/scripts/compare_algorithms.m', 139)" style="font-weight:bold">compare_algorithms>runAlgorithmBatch</a> (<a href="matlab: opentoline('/Users/hust-hwashin621m/Desktop/vietanhpaper-2/scripts/compare_algorithms.m',139,0)">line 139</a>)
Starting DQN-PSO (HMM + DQN) - Mode: global
[ACTION DEBUG iter 600] Raw action[1:3]: [-0.9738, -0.9631, 0.6943], noise: 0.0500
[ACTION DEBUG iter 600] WARNING: 1/20 actions clipped (network saturating)
[RLAMPSO DEBUG iter 600] w=0.5455, c1=0.9000, c2=0.9671 | fitness=1678.36
[REWARD DEBUG iter 600] FitnessImprovement: 0.0126 → Reward: +1.0000 (prevFit=1678.36, currFit=1678.35)

========== Planning Complete ==========
Algorithm: RLAMPSO
Execution time: 22.5268 seconds
Path length: 154.9101 units
Waypoints: 7
Best fitness: 1691.6929
========================================


========== Direct Global Planning ==========
Algorithm: DQN_PSO
Start: [10.0, 95.0, 10.0]
Goal:  [97.0, 2.0, 10.0]
============================================

Warning: DQN-PSO (paper) is homogeneous; forcing paramMode to global.
> In <a href="matlab:matlab.lang.internal.introspective.errorDocCallback('globalPathPlanningDQNPSO', '/Users/hust-hwashin621m/Desktop/vietanhpaper-2/algorithms/dqn_pso/globalPathPlanningDQNPSO.m', 15)" style="font-weight:bold">globalPathPlanningDQNPSO</a> (<a href="matlab: opentoline('/Users/hust-hwashin621m/Desktop/vietanhpaper-2/algorithms/dqn_pso/globalPathPlanningDQNPSO.m',15,0)">line 15</a>)
In <a href="matlab:matlab.lang.internal.introspective.errorDocCallback('callGlobalPlanningAlgorithm', '/Users/hust-hwashin621m/Desktop/vietanhpaper-2/algorithms/callGlobalPlanningAlgorithm.m', 212)" style="font-weight:bold">callGlobalPlanningAlgorithm</a> (<a href="matlab: opentoline('/Users/hust-hwashin621m/Desktop/vietanhpaper-2/algorithms/callGlobalPlanningAlgorithm.m',212,0)">line 212</a>)
In <a href="matlab:matlab.lang.internal.introspective.errorDocCallback('directGlobalPlanning', '/Users/hust-hwashin621m/Desktop/vietanhpaper-2/shared/path_planning/directGlobalPlanning.m', 59)" style="font-weight:bold">directGlobalPlanning</a> (<a href="matlab: opentoline('/Users/hust-hwashin621m/Desktop/vietanhpaper-2/shared/path_planning/directGlobalPlanning.m',59,0)">line 59</a>)
In <a href="matlab:matlab.lang.internal.introspective.errorDocCallback('run_comparison>@(varargin)directGlobalPlanning(varargin{:})', '/Users/hust-hwashin621m/Desktop/vietanhpaper-2/run_comparison.m', 282)" style="font-weight:bold">run_comparison>@(varargin)directGlobalPlanning(varargin{:})</a> (<a href="matlab: opentoline('/Users/hust-hwashin621m/Desktop/vietanhpaper-2/run_comparison.m',282,0)">line 282</a>)
In <a href="matlab:matlab.lang.internal.introspective.errorDocCallback('compare_algorithms>runAlgorithmBatch', '/Users/hust-hwashin621m/Desktop/vietanhpaper-2/scripts/compare_algorithms.m', 139)" style="font-weight:bold">compare_algorithms>runAlgorithmBatch</a> (<a href="matlab: opentoline('/Users/hust-hwashin621m/Desktop/vietanhpaper-2/scripts/compare_algorithms.m',139,0)">line 139</a>)
Starting DQN-PSO (HMM + DQN) - Mode: global

========== Planning Complete ==========
Algorithm: RLAMPSO
Execution time: 23.2205 seconds
Path length: 177.1481 units
Waypoints: 7
Best fitness: 1678.3489
========================================


========== Direct Global Planning ==========
Algorithm: DQN_PSO
Start: [10.0, 95.0, 10.0]
Goal:  [97.0, 2.0, 10.0]
============================================

Warning: DQN-PSO (paper) is homogeneous; forcing paramMode to global.
> In <a href="matlab:matlab.lang.internal.introspective.errorDocCallback('globalPathPlanningDQNPSO', '/Users/hust-hwashin621m/Desktop/vietanhpaper-2/algorithms/dqn_pso/globalPathPlanningDQNPSO.m', 15)" style="font-weight:bold">globalPathPlanningDQNPSO</a> (<a href="matlab: opentoline('/Users/hust-hwashin621m/Desktop/vietanhpaper-2/algorithms/dqn_pso/globalPathPlanningDQNPSO.m',15,0)">line 15</a>)
In <a href="matlab:matlab.lang.internal.introspective.errorDocCallback('callGlobalPlanningAlgorithm', '/Users/hust-hwashin621m/Desktop/vietanhpaper-2/algorithms/callGlobalPlanningAlgorithm.m', 212)" style="font-weight:bold">callGlobalPlanningAlgorithm</a> (<a href="matlab: opentoline('/Users/hust-hwashin621m/Desktop/vietanhpaper-2/algorithms/callGlobalPlanningAlgorithm.m',212,0)">line 212</a>)
In <a href="matlab:matlab.lang.internal.introspective.errorDocCallback('directGlobalPlanning', '/Users/hust-hwashin621m/Desktop/vietanhpaper-2/shared/path_planning/directGlobalPlanning.m', 59)" style="font-weight:bold">directGlobalPlanning</a> (<a href="matlab: opentoline('/Users/hust-hwashin621m/Desktop/vietanhpaper-2/shared/path_planning/directGlobalPlanning.m',59,0)">line 59</a>)
In <a href="matlab:matlab.lang.internal.introspective.errorDocCallback('run_comparison>@(varargin)directGlobalPlanning(varargin{:})', '/Users/hust-hwashin621m/Desktop/vietanhpaper-2/run_comparison.m', 282)" style="font-weight:bold">run_comparison>@(varargin)directGlobalPlanning(varargin{:})</a> (<a href="matlab: opentoline('/Users/hust-hwashin621m/Desktop/vietanhpaper-2/run_comparison.m',282,0)">line 282</a>)
In <a href="matlab:matlab.lang.internal.introspective.errorDocCallback('compare_algorithms>runAlgorithmBatch', '/Users/hust-hwashin621m/Desktop/vietanhpaper-2/scripts/compare_algorithms.m', 139)" style="font-weight:bold">compare_algorithms>runAlgorithmBatch</a> (<a href="matlab: opentoline('/Users/hust-hwashin621m/Desktop/vietanhpaper-2/scripts/compare_algorithms.m',139,0)">line 139</a>)
Starting DQN-PSO (HMM + DQN) - Mode: global
[ACTION DEBUG iter 600] Raw action[1:3]: [0.9925, 0.9690, 0.6168], noise: 0.0500
[ACTION DEBUG iter 600] WARNING: 5/20 actions clipped (network saturating)
[RLAMPSO DEBUG iter 600] w=0.5069, c1=1.6219, c2=1.3000 | fitness=1597.70
[REWARD DEBUG iter 600] FitnessImprovement: 0.0001 → Reward: +1.0000 (prevFit=1597.70, currFit=1597.70)

========== Planning Complete ==========
Algorithm: RLAMPSO
Execution time: 23.0368 seconds
Path length: 148.2804 units
Waypoints: 7
Best fitness: 1597.6989
========================================


========== Direct Global Planning ==========
Algorithm: DQN_PSO
Start: [10.0, 95.0, 10.0]
Goal:  [97.0, 2.0, 10.0]
============================================

Warning: DQN-PSO (paper) is homogeneous; forcing paramMode to global.
> In <a href="matlab:matlab.lang.internal.introspective.errorDocCallback('globalPathPlanningDQNPSO', '/Users/hust-hwashin621m/Desktop/vietanhpaper-2/algorithms/dqn_pso/globalPathPlanningDQNPSO.m', 15)" style="font-weight:bold">globalPathPlanningDQNPSO</a> (<a href="matlab: opentoline('/Users/hust-hwashin621m/Desktop/vietanhpaper-2/algorithms/dqn_pso/globalPathPlanningDQNPSO.m',15,0)">line 15</a>)
In <a href="matlab:matlab.lang.internal.introspective.errorDocCallback('callGlobalPlanningAlgorithm', '/Users/hust-hwashin621m/Desktop/vietanhpaper-2/algorithms/callGlobalPlanningAlgorithm.m', 212)" style="font-weight:bold">callGlobalPlanningAlgorithm</a> (<a href="matlab: opentoline('/Users/hust-hwashin621m/Desktop/vietanhpaper-2/algorithms/callGlobalPlanningAlgorithm.m',212,0)">line 212</a>)
In <a href="matlab:matlab.lang.internal.introspective.errorDocCallback('directGlobalPlanning', '/Users/hust-hwashin621m/Desktop/vietanhpaper-2/shared/path_planning/directGlobalPlanning.m', 59)" style="font-weight:bold">directGlobalPlanning</a> (<a href="matlab: opentoline('/Users/hust-hwashin621m/Desktop/vietanhpaper-2/shared/path_planning/directGlobalPlanning.m',59,0)">line 59</a>)
In <a href="matlab:matlab.lang.internal.introspective.errorDocCallback('run_comparison>@(varargin)directGlobalPlanning(varargin{:})', '/Users/hust-hwashin621m/Desktop/vietanhpaper-2/run_comparison.m', 282)" style="font-weight:bold">run_comparison>@(varargin)directGlobalPlanning(varargin{:})</a> (<a href="matlab: opentoline('/Users/hust-hwashin621m/Desktop/vietanhpaper-2/run_comparison.m',282,0)">line 282</a>)
In <a href="matlab:matlab.lang.internal.introspective.errorDocCallback('compare_algorithms>runAlgorithmBatch', '/Users/hust-hwashin621m/Desktop/vietanhpaper-2/scripts/compare_algorithms.m', 139)" style="font-weight:bold">compare_algorithms>runAlgorithmBatch</a> (<a href="matlab: opentoline('/Users/hust-hwashin621m/Desktop/vietanhpaper-2/scripts/compare_algorithms.m',139,0)">line 139</a>)
Starting DQN-PSO (HMM + DQN) - Mode: global
[ACTION DEBUG iter 600] Raw action[1:3]: [-0.9431, -0.9975, -0.9399], noise: 0.0500
[ACTION DEBUG iter 600] WARNING: 4/20 actions clipped (network saturating)
[RLAMPSO DEBUG iter 600] w=0.1427, c1=1.1673, c2=1.9449 | fitness=1583.58
[REWARD DEBUG iter 600] FitnessImprovement: 0.0000 → Reward: -1.0000 (prevFit=1583.58, currFit=1583.58)
[ACTION DEBUG iter 600] Raw action[1:3]: [-0.9943, 0.2429, 0.0565], noise: 0.0500
[ACTION DEBUG iter 600] WARNING: 4/20 actions clipped (network saturating)
[RLAMPSO DEBUG iter 600] w=0.5384, c1=2.1912, c2=1.5836 | fitness=1678.23

========== Planning Complete ==========
Algorithm: RLAMPSO
Execution time: 22.3052 seconds
Path length: 153.7181 units
Waypoints: 7
Best fitness: 1583.5830
========================================


========== Direct Global Planning ==========
Algorithm: DQN_PSO
Start: [10.0, 95.0, 10.0]
Goal:  [97.0, 2.0, 10.0]
============================================

Warning: DQN-PSO (paper) is homogeneous; forcing paramMode to global.
> In <a href="matlab:matlab.lang.internal.introspective.errorDocCallback('globalPathPlanningDQNPSO', '/Users/hust-hwashin621m/Desktop/vietanhpaper-2/algorithms/dqn_pso/globalPathPlanningDQNPSO.m', 15)" style="font-weight:bold">globalPathPlanningDQNPSO</a> (<a href="matlab: opentoline('/Users/hust-hwashin621m/Desktop/vietanhpaper-2/algorithms/dqn_pso/globalPathPlanningDQNPSO.m',15,0)">line 15</a>)
In <a href="matlab:matlab.lang.internal.introspective.errorDocCallback('callGlobalPlanningAlgorithm', '/Users/hust-hwashin621m/Desktop/vietanhpaper-2/algorithms/callGlobalPlanningAlgorithm.m', 212)" style="font-weight:bold">callGlobalPlanningAlgorithm</a> (<a href="matlab: opentoline('/Users/hust-hwashin621m/Desktop/vietanhpaper-2/algorithms/callGlobalPlanningAlgorithm.m',212,0)">line 212</a>)
In <a href="matlab:matlab.lang.internal.introspective.errorDocCallback('directGlobalPlanning', '/Users/hust-hwashin621m/Desktop/vietanhpaper-2/shared/path_planning/directGlobalPlanning.m', 59)" style="font-weight:bold">directGlobalPlanning</a> (<a href="matlab: opentoline('/Users/hust-hwashin621m/Desktop/vietanhpaper-2/shared/path_planning/directGlobalPlanning.m',59,0)">line 59</a>)
In <a href="matlab:matlab.lang.internal.introspective.errorDocCallback('run_comparison>@(varargin)directGlobalPlanning(varargin{:})', '/Users/hust-hwashin621m/Desktop/vietanhpaper-2/run_comparison.m', 282)" style="font-weight:bold">run_comparison>@(varargin)directGlobalPlanning(varargin{:})</a> (<a href="matlab: opentoline('/Users/hust-hwashin621m/Desktop/vietanhpaper-2/run_comparison.m',282,0)">line 282</a>)
In <a href="matlab:matlab.lang.internal.introspective.errorDocCallback('compare_algorithms>runAlgorithmBatch', '/Users/hust-hwashin621m/Desktop/vietanhpaper-2/scripts/compare_algorithms.m', 139)" style="font-weight:bold">compare_algorithms>runAlgorithmBatch</a> (<a href="matlab: opentoline('/Users/hust-hwashin621m/Desktop/vietanhpaper-2/scripts/compare_algorithms.m',139,0)">line 139</a>)
Starting DQN-PSO (HMM + DQN) - Mode: global
[ACTION DEBUG iter 600] Raw action[1:3]: [0.9650, 0.9347, 0.7116], noise: 0.0500
[RLAMPSO DEBUG iter 600] w=0.3656, c1=1.1860, c2=1.0081 | fitness=1624.61
[REWARD DEBUG iter 600] FitnessImprovement: 0.0000 → Reward: -1.0000 (prevFit=1678.23, currFit=1678.23)

========== Planning Complete ==========
Algorithm: RLAMPSO
Execution time: 22.0354 seconds
Path length: 153.2969 units
Waypoints: 7
Best fitness: 1678.2287
========================================


========== Direct Global Planning ==========
Algorithm: DQN_PSO
Start: [10.0, 95.0, 10.0]
Goal:  [97.0, 2.0, 10.0]
============================================

Warning: DQN-PSO (paper) is homogeneous; forcing paramMode to global.
> In <a href="matlab:matlab.lang.internal.introspective.errorDocCallback('globalPathPlanningDQNPSO', '/Users/hust-hwashin621m/Desktop/vietanhpaper-2/algorithms/dqn_pso/globalPathPlanningDQNPSO.m', 15)" style="font-weight:bold">globalPathPlanningDQNPSO</a> (<a href="matlab: opentoline('/Users/hust-hwashin621m/Desktop/vietanhpaper-2/algorithms/dqn_pso/globalPathPlanningDQNPSO.m',15,0)">line 15</a>)
In <a href="matlab:matlab.lang.internal.introspective.errorDocCallback('callGlobalPlanningAlgorithm', '/Users/hust-hwashin621m/Desktop/vietanhpaper-2/algorithms/callGlobalPlanningAlgorithm.m', 212)" style="font-weight:bold">callGlobalPlanningAlgorithm</a> (<a href="matlab: opentoline('/Users/hust-hwashin621m/Desktop/vietanhpaper-2/algorithms/callGlobalPlanningAlgorithm.m',212,0)">line 212</a>)
In <a href="matlab:matlab.lang.internal.introspective.errorDocCallback('directGlobalPlanning', '/Users/hust-hwashin621m/Desktop/vietanhpaper-2/shared/path_planning/directGlobalPlanning.m', 59)" style="font-weight:bold">directGlobalPlanning</a> (<a href="matlab: opentoline('/Users/hust-hwashin621m/Desktop/vietanhpaper-2/shared/path_planning/directGlobalPlanning.m',59,0)">line 59</a>)
In <a href="matlab:matlab.lang.internal.introspective.errorDocCallback('run_comparison>@(varargin)directGlobalPlanning(varargin{:})', '/Users/hust-hwashin621m/Desktop/vietanhpaper-2/run_comparison.m', 282)" style="font-weight:bold">run_comparison>@(varargin)directGlobalPlanning(varargin{:})</a> (<a href="matlab: opentoline('/Users/hust-hwashin621m/Desktop/vietanhpaper-2/run_comparison.m',282,0)">line 282</a>)
In <a href="matlab:matlab.lang.internal.introspective.errorDocCallback('compare_algorithms>runAlgorithmBatch', '/Users/hust-hwashin621m/Desktop/vietanhpaper-2/scripts/compare_algorithms.m', 139)" style="font-weight:bold">compare_algorithms>runAlgorithmBatch</a> (<a href="matlab: opentoline('/Users/hust-hwashin621m/Desktop/vietanhpaper-2/scripts/compare_algorithms.m',139,0)">line 139</a>)
Starting DQN-PSO (HMM + DQN) - Mode: global
[REWARD DEBUG iter 600] FitnessImprovement: 0.0011 → Reward: +1.0000 (prevFit=1624.61, currFit=1624.61)

========== Planning Complete ==========
Algorithm: RLAMPSO
Execution time: 22.3573 seconds
Path length: 168.6014 units
Waypoints: 7
Best fitness: 1624.6051
========================================


========== Direct Global Planning ==========
Algorithm: DQN_PSO
Start: [10.0, 95.0, 10.0]
Goal:  [97.0, 2.0, 10.0]
============================================

Warning: DQN-PSO (paper) is homogeneous; forcing paramMode to global.
> In <a href="matlab:matlab.lang.internal.introspective.errorDocCallback('globalPathPlanningDQNPSO', '/Users/hust-hwashin621m/Desktop/vietanhpaper-2/algorithms/dqn_pso/globalPathPlanningDQNPSO.m', 15)" style="font-weight:bold">globalPathPlanningDQNPSO</a> (<a href="matlab: opentoline('/Users/hust-hwashin621m/Desktop/vietanhpaper-2/algorithms/dqn_pso/globalPathPlanningDQNPSO.m',15,0)">line 15</a>)
In <a href="matlab:matlab.lang.internal.introspective.errorDocCallback('callGlobalPlanningAlgorithm', '/Users/hust-hwashin621m/Desktop/vietanhpaper-2/algorithms/callGlobalPlanningAlgorithm.m', 212)" style="font-weight:bold">callGlobalPlanningAlgorithm</a> (<a href="matlab: opentoline('/Users/hust-hwashin621m/Desktop/vietanhpaper-2/algorithms/callGlobalPlanningAlgorithm.m',212,0)">line 212</a>)
In <a href="matlab:matlab.lang.internal.introspective.errorDocCallback('directGlobalPlanning', '/Users/hust-hwashin621m/Desktop/vietanhpaper-2/shared/path_planning/directGlobalPlanning.m', 59)" style="font-weight:bold">directGlobalPlanning</a> (<a href="matlab: opentoline('/Users/hust-hwashin621m/Desktop/vietanhpaper-2/shared/path_planning/directGlobalPlanning.m',59,0)">line 59</a>)
In <a href="matlab:matlab.lang.internal.introspective.errorDocCallback('run_comparison>@(varargin)directGlobalPlanning(varargin{:})', '/Users/hust-hwashin621m/Desktop/vietanhpaper-2/run_comparison.m', 282)" style="font-weight:bold">run_comparison>@(varargin)directGlobalPlanning(varargin{:})</a> (<a href="matlab: opentoline('/Users/hust-hwashin621m/Desktop/vietanhpaper-2/run_comparison.m',282,0)">line 282</a>)
In <a href="matlab:matlab.lang.internal.introspective.errorDocCallback('compare_algorithms>runAlgorithmBatch', '/Users/hust-hwashin621m/Desktop/vietanhpaper-2/scripts/compare_algorithms.m', 139)" style="font-weight:bold">compare_algorithms>runAlgorithmBatch</a> (<a href="matlab: opentoline('/Users/hust-hwashin621m/Desktop/vietanhpaper-2/scripts/compare_algorithms.m',139,0)">line 139</a>)
Starting DQN-PSO (HMM + DQN) - Mode: global
[ACTION DEBUG iter 600] Raw action[1:3]: [-0.9072, -0.7020, 0.2755], noise: 0.0500
[RLAMPSO DEBUG iter 600] w=0.2614, c1=1.8584, c2=1.1980 | fitness=1610.31
[REWARD DEBUG iter 600] FitnessImprovement: 0.0044 → Reward: +1.0000 (prevFit=1610.31, currFit=1610.31)

========== Planning Complete ==========
Algorithm: RLAMPSO
Execution time: 23.5971 seconds
Path length: 146.2539 units
Waypoints: 7
Best fitness: 1610.3054
========================================


========== Direct Global Planning ==========
Algorithm: DQN_PSO
Start: [10.0, 95.0, 10.0]
Goal:  [97.0, 2.0, 10.0]
============================================

Warning: DQN-PSO (paper) is homogeneous; forcing paramMode to global.
> In <a href="matlab:matlab.lang.internal.introspective.errorDocCallback('globalPathPlanningDQNPSO', '/Users/hust-hwashin621m/Desktop/vietanhpaper-2/algorithms/dqn_pso/globalPathPlanningDQNPSO.m', 15)" style="font-weight:bold">globalPathPlanningDQNPSO</a> (<a href="matlab: opentoline('/Users/hust-hwashin621m/Desktop/vietanhpaper-2/algorithms/dqn_pso/globalPathPlanningDQNPSO.m',15,0)">line 15</a>)
In <a href="matlab:matlab.lang.internal.introspective.errorDocCallback('callGlobalPlanningAlgorithm', '/Users/hust-hwashin621m/Desktop/vietanhpaper-2/algorithms/callGlobalPlanningAlgorithm.m', 212)" style="font-weight:bold">callGlobalPlanningAlgorithm</a> (<a href="matlab: opentoline('/Users/hust-hwashin621m/Desktop/vietanhpaper-2/algorithms/callGlobalPlanningAlgorithm.m',212,0)">line 212</a>)
In <a href="matlab:matlab.lang.internal.introspective.errorDocCallback('directGlobalPlanning', '/Users/hust-hwashin621m/Desktop/vietanhpaper-2/shared/path_planning/directGlobalPlanning.m', 59)" style="font-weight:bold">directGlobalPlanning</a> (<a href="matlab: opentoline('/Users/hust-hwashin621m/Desktop/vietanhpaper-2/shared/path_planning/directGlobalPlanning.m',59,0)">line 59</a>)
In <a href="matlab:matlab.lang.internal.introspective.errorDocCallback('run_comparison>@(varargin)directGlobalPlanning(varargin{:})', '/Users/hust-hwashin621m/Desktop/vietanhpaper-2/run_comparison.m', 282)" style="font-weight:bold">run_comparison>@(varargin)directGlobalPlanning(varargin{:})</a> (<a href="matlab: opentoline('/Users/hust-hwashin621m/Desktop/vietanhpaper-2/run_comparison.m',282,0)">line 282</a>)
In <a href="matlab:matlab.lang.internal.introspective.errorDocCallback('compare_algorithms>runAlgorithmBatch', '/Users/hust-hwashin621m/Desktop/vietanhpaper-2/scripts/compare_algorithms.m', 139)" style="font-weight:bold">compare_algorithms>runAlgorithmBatch</a> (<a href="matlab: opentoline('/Users/hust-hwashin621m/Desktop/vietanhpaper-2/scripts/compare_algorithms.m',139,0)">line 139</a>)
Starting DQN-PSO (HMM + DQN) - Mode: global
DQN-PSO iter 50/600 | Fitness: 1738.02 | w=0.849 c1=2.500 c2=0.500
DQN-PSO iter 50/600 | Fitness: 1649.54 | w=0.100 c1=0.500 c2=2.500
DQN-PSO iter 50/600 | Fitness: 1746.05 | w=0.429 c1=1.250 c2=1.850
DQN-PSO iter 50/600 | Fitness: 2119.37 | w=0.264 c1=2.500 c2=0.500
DQN-PSO iter 50/600 | Fitness: 1768.37 | w=0.400 c1=2.500 c2=0.550
DQN-PSO iter 50/600 | Fitness: 1890.36 | w=0.100 c1=1.350 c2=1.600
DQN-PSO iter 50/600 | Fitness: 2358.85 | w=0.100 c1=2.300 c2=0.700
DQN-PSO iter 50/600 | Fitness: 2113.90 | w=0.768 c1=2.500 c2=0.500
DQN-PSO iter 50/600 | Fitness: 1924.06 | w=0.900 c1=2.500 c2=0.500
DQN-PSO iter 50/600 | Fitness: 1860.83 | w=0.100 c1=2.200 c2=0.850
DQN-PSO iter 50/600 | Fitness: 2017.61 | w=0.599 c1=2.500 c2=0.500
DQN-PSO iter 50/600 | Fitness: 1718.55 | w=0.900 c1=2.300 c2=0.550
DQN-PSO iter 50/600 | Fitness: 2435.71 | w=0.900 c1=2.500 c2=0.500
DQN-PSO iter 50/600 | Fitness: 1798.66 | w=0.900 c1=2.500 c2=0.500
DQN-PSO iter 100/600 | Fitness: 1651.13 | w=0.411 c1=2.500 c2=0.500
DQN-PSO iter 100/600 | Fitness: 1722.34 | w=0.100 c1=0.500 c2=2.500
DQN-PSO iter 100/600 | Fitness: 1599.64 | w=0.100 c1=0.500 c2=2.500
DQN-PSO iter 100/600 | Fitness: 1951.36 | w=0.900 c1=2.500 c2=0.500
DQN-PSO iter 100/600 | Fitness: 1848.48 | w=0.873 c1=2.500 c2=0.750
DQN-PSO iter 100/600 | Fitness: 2350.93 | w=0.100 c1=2.400 c2=0.600
DQN-PSO iter 100/600 | Fitness: 2102.90 | w=0.900 c1=2.500 c2=0.500
DQN-PSO iter 100/600 | Fitness: 1852.65 | w=0.519 c1=2.500 c2=0.500
DQN-PSO iter 100/600 | Fitness: 1901.29 | w=0.400 c1=2.500 c2=0.500
DQN-PSO iter 100/600 | Fitness: 1999.27 | w=0.565 c1=2.500 c2=0.500
DQN-PSO iter 100/600 | Fitness: 1759.20 | w=0.100 c1=2.400 c2=0.600
DQN-PSO iter 100/600 | Fitness: 1691.51 | w=0.100 c1=2.400 c2=0.600
DQN-PSO iter 100/600 | Fitness: 1711.88 | w=0.100 c1=2.400 c2=0.600
DQN-PSO iter 100/600 | Fitness: 2400.13 | w=0.401 c1=2.500 c2=0.500
DQN-PSO iter 150/600 | Fitness: 1630.36 | w=0.900 c1=2.500 c2=0.500
DQN-PSO iter 150/600 | Fitness: 1714.36 | w=0.900 c1=0.650 c2=2.300
DQN-PSO iter 150/600 | Fitness: 1592.74 | w=0.100 c1=0.500 c2=2.500
DQN-PSO iter 150/600 | Fitness: 1838.78 | w=0.900 c1=2.500 c2=0.500
DQN-PSO iter 150/600 | Fitness: 1847.41 | w=0.405 c1=2.400 c2=0.750
DQN-PSO iter 150/600 | Fitness: 2349.00 | w=0.207 c1=2.500 c2=0.500
DQN-PSO iter 150/600 | Fitness: 2102.05 | w=0.100 c1=2.400 c2=0.600
DQN-PSO iter 150/600 | Fitness: 1759.10 | w=0.401 c1=2.500 c2=0.500
DQN-PSO iter 150/600 | Fitness: 1711.50 | w=0.406 c1=2.500 c2=0.500
DQN-PSO iter 150/600 | Fitness: 1879.66 | w=0.900 c1=2.500 c2=0.500
DQN-PSO iter 150/600 | Fitness: 1995.29 | w=0.842 c1=2.400 c2=0.600
DQN-PSO iter 150/600 | Fitness: 1685.10 | w=0.100 c1=2.400 c2=0.600
DQN-PSO iter 150/600 | Fitness: 1850.67 | w=0.414 c1=2.500 c2=0.500
DQN-PSO iter 150/600 | Fitness: 2392.67 | w=0.659 c1=2.500 c2=0.500
DQN-PSO iter 200/600 | Fitness: 1621.65 | w=0.437 c1=2.500 c2=0.500
DQN-PSO iter 200/600 | Fitness: 1713.38 | w=0.455 c1=0.600 c2=2.400
DQN-PSO iter 200/600 | Fitness: 1847.21 | w=0.435 c1=2.450 c2=0.850
DQN-PSO iter 200/600 | Fitness: 1826.32 | w=0.900 c1=2.450 c2=0.500
DQN-PSO iter 200/600 | Fitness: 1589.61 | w=0.100 c1=0.500 c2=2.500
DQN-PSO iter 200/600 | Fitness: 2101.68 | w=0.900 c1=2.500 c2=0.500
DQN-PSO iter 200/600 | Fitness: 1759.03 | w=0.449 c1=2.500 c2=0.500
DQN-PSO iter 200/600 | Fitness: 2348.86 | w=0.540 c1=2.500 c2=0.500
DQN-PSO iter 200/600 | Fitness: 1683.21 | w=0.900 c1=2.500 c2=0.500
DQN-PSO iter 200/600 | Fitness: 1845.91 | w=0.465 c1=2.500 c2=0.500
DQN-PSO iter 200/600 | Fitness: 1877.29 | w=0.556 c1=2.500 c2=0.500
DQN-PSO iter 200/600 | Fitness: 1995.27 | w=0.100 c1=2.400 c2=0.600
DQN-PSO iter 200/600 | Fitness: 1711.50 | w=0.900 c1=2.500 c2=0.500
DQN-PSO iter 200/600 | Fitness: 2392.20 | w=0.100 c1=2.400 c2=0.600
DQN-PSO iter 250/600 | Fitness: 1607.63 | w=0.279 c1=2.500 c2=0.500
DQN-PSO iter 250/600 | Fitness: 1710.18 | w=0.900 c1=0.650 c2=2.350
DQN-PSO iter 250/600 | Fitness: 1847.21 | w=0.100 c1=2.350 c2=0.850
DQN-PSO iter 250/600 | Fitness: 1588.72 | w=0.100 c1=0.500 c2=2.500
DQN-PSO iter 250/600 | Fitness: 1799.51 | w=0.900 c1=2.500 c2=0.500
DQN-PSO iter 250/600 | Fitness: 2348.86 | w=0.337 c1=2.500 c2=0.500
DQN-PSO iter 250/600 | Fitness: 2101.45 | w=0.740 c1=2.400 c2=0.600
DQN-PSO iter 250/600 | Fitness: 1682.16 | w=0.661 c1=2.500 c2=0.500
DQN-PSO iter 250/600 | Fitness: 1759.02 | w=0.400 c1=2.500 c2=0.500
DQN-PSO iter 250/600 | Fitness: 1877.21 | w=0.707 c1=2.500 c2=0.500
DQN-PSO iter 250/600 | Fitness: 1995.27 | w=0.100 c1=2.400 c2=0.600
DQN-PSO iter 250/600 | Fitness: 1845.76 | w=0.900 c1=2.500 c2=0.500
DQN-PSO iter 250/600 | Fitness: 1711.50 | w=0.559 c1=2.500 c2=0.500
DQN-PSO iter 250/600 | Fitness: 2391.81 | w=0.900 c1=2.500 c2=0.500
DQN-PSO iter 300/600 | Fitness: 1602.83 | w=0.100 c1=2.400 c2=0.600
DQN-PSO iter 300/600 | Fitness: 1710.10 | w=0.755 c1=0.950 c2=1.900
DQN-PSO iter 300/600 | Fitness: 1847.21 | w=0.661 c1=2.500 c2=0.500
DQN-PSO iter 300/600 | Fitness: 1799.36 | w=0.408 c1=2.500 c2=0.500
DQN-PSO iter 300/600 | Fitness: 1588.33 | w=0.100 c1=0.500 c2=2.500
DQN-PSO iter 300/600 | Fitness: 2348.86 | w=0.100 c1=2.400 c2=0.600
DQN-PSO iter 300/600 | Fitness: 1679.13 | w=0.900 c1=2.500 c2=0.500
DQN-PSO iter 300/600 | Fitness: 1711.50 | w=0.500 c1=2.500 c2=0.650
DQN-PSO iter 300/600 | Fitness: 1876.98 | w=0.421 c1=2.500 c2=0.500
DQN-PSO iter 300/600 | Fitness: 2101.45 | w=0.395 c1=2.500 c2=0.500
DQN-PSO iter 300/600 | Fitness: 1755.21 | w=0.849 c1=2.500 c2=0.550
DQN-PSO iter 300/600 | Fitness: 1995.27 | w=0.348 c1=2.500 c2=0.500
DQN-PSO iter 300/600 | Fitness: 1845.12 | w=0.900 c1=2.500 c2=0.500
DQN-PSO iter 300/600 | Fitness: 2391.36 | w=0.458 c1=2.500 c2=0.500
DQN-PSO iter 350/600 | Fitness: 1602.29 | w=0.339 c1=2.500 c2=0.500
DQN-PSO iter 350/600 | Fitness: 1709.69 | w=0.100 c1=1.600 c2=1.250
DQN-PSO iter 350/600 | Fitness: 1847.21 | w=0.900 c1=2.500 c2=0.500
DQN-PSO iter 350/600 | Fitness: 1798.75 | w=0.900 c1=2.500 c2=0.500
DQN-PSO iter 350/600 | Fitness: 1676.41 | w=0.100 c1=2.400 c2=0.600
DQN-PSO iter 350/600 | Fitness: 2101.45 | w=0.900 c1=2.450 c2=0.500
DQN-PSO iter 350/600 | Fitness: 1749.59 | w=0.114 c1=2.500 c2=0.500
DQN-PSO iter 350/600 | Fitness: 1711.50 | w=0.100 c1=2.300 c2=0.700
DQN-PSO iter 350/600 | Fitness: 1588.30 | w=0.400 c1=0.700 c2=2.350
DQN-PSO iter 350/600 | Fitness: 2348.86 | w=0.897 c1=2.500 c2=0.500
DQN-PSO iter 350/600 | Fitness: 1875.04 | w=0.900 c1=2.500 c2=0.500
DQN-PSO iter 350/600 | Fitness: 1995.27 | w=0.100 c1=2.400 c2=0.600
DQN-PSO iter 350/600 | Fitness: 1827.68 | w=0.388 c1=2.500 c2=0.500
DQN-PSO iter 350/600 | Fitness: 2391.02 | w=0.470 c1=2.500 c2=0.500
DQN-PSO iter 400/600 | Fitness: 1589.57 | w=0.346 c1=2.500 c2=0.500
DQN-PSO iter 400/600 | Fitness: 1709.69 | w=0.813 c1=2.150 c2=0.750
DQN-PSO iter 400/600 | Fitness: 1847.13 | w=0.401 c1=1.800 c2=1.450
DQN-PSO iter 400/600 | Fitness: 1798.70 | w=0.900 c1=2.500 c2=0.500
DQN-PSO iter 400/600 | Fitness: 2101.45 | w=0.100 c1=2.400 c2=0.600
DQN-PSO iter 400/600 | Fitness: 1676.41 | w=0.400 c1=2.500 c2=0.500
DQN-PSO iter 400/600 | Fitness: 1730.67 | w=0.157 c1=2.500 c2=0.500
DQN-PSO iter 400/600 | Fitness: 1588.30 | w=0.400 c1=0.600 c2=2.450
DQN-PSO iter 400/600 | Fitness: 1711.50 | w=0.900 c1=2.500 c2=0.500
DQN-PSO iter 400/600 | Fitness: 1871.01 | w=0.664 c1=2.500 c2=0.500
DQN-PSO iter 400/600 | Fitness: 2348.86 | w=0.100 c1=2.400 c2=0.600
DQN-PSO iter 400/600 | Fitness: 1995.27 | w=0.900 c1=2.500 c2=0.500
DQN-PSO iter 400/600 | Fitness: 1824.64 | w=0.688 c1=2.500 c2=0.500
DQN-PSO iter 400/600 | Fitness: 2390.99 | w=0.424 c1=2.500 c2=0.500
DQN-PSO iter 450/600 | Fitness: 1709.69 | w=0.900 c1=1.700 c2=1.250
DQN-PSO iter 450/600 | Fitness: 1847.13 | w=0.100 c1=2.200 c2=0.950
DQN-PSO iter 450/600 | Fitness: 1582.14 | w=0.900 c1=2.500 c2=0.500
DQN-PSO iter 450/600 | Fitness: 1798.70 | w=0.100 c1=2.300 c2=0.700
DQN-PSO iter 450/600 | Fitness: 2101.45 | w=0.431 c1=2.500 c2=0.500
DQN-PSO iter 450/600 | Fitness: 1588.30 | w=0.717 c1=1.100 c2=1.900
DQN-PSO iter 450/600 | Fitness: 1676.41 | w=0.406 c1=2.500 c2=0.500
DQN-PSO iter 450/600 | Fitness: 1727.61 | w=0.900 c1=2.500 c2=0.500
DQN-PSO iter 450/600 | Fitness: 2348.86 | w=0.100 c1=2.300 c2=0.700
DQN-PSO iter 450/600 | Fitness: 1995.27 | w=0.631 c1=2.500 c2=0.500
DQN-PSO iter 450/600 | Fitness: 1711.49 | w=0.900 c1=2.450 c2=0.500
DQN-PSO iter 450/600 | Fitness: 1870.87 | w=0.413 c1=2.500 c2=0.500
DQN-PSO iter 450/600 | Fitness: 1824.40 | w=0.330 c1=2.500 c2=0.500
DQN-PSO iter 450/600 | Fitness: 2390.97 | w=0.411 c1=2.400 c2=0.650
DQN-PSO iter 500/600 | Fitness: 1847.13 | w=0.100 c1=1.650 c2=1.400
DQN-PSO iter 500/600 | Fitness: 1709.69 | w=0.100 c1=1.800 c2=1.400
DQN-PSO iter 500/600 | Fitness: 1582.05 | w=0.900 c1=2.500 c2=0.500
DQN-PSO iter 500/600 | Fitness: 1798.69 | w=0.900 c1=2.200 c2=0.700
DQN-PSO iter 500/600 | Fitness: 2101.45 | w=0.480 c1=2.500 c2=0.500
DQN-PSO iter 500/600 | Fitness: 1676.41 | w=0.493 c1=2.500 c2=0.500
DQN-PSO iter 500/600 | Fitness: 1726.48 | w=0.400 c1=2.500 c2=0.500
DQN-PSO iter 500/600 | Fitness: 1588.30 | w=0.100 c1=0.650 c2=2.400
DQN-PSO iter 500/600 | Fitness: 2348.86 | w=0.493 c1=2.500 c2=0.500
DQN-PSO iter 500/600 | Fitness: 1711.18 | w=0.421 c1=2.500 c2=0.500
DQN-PSO iter 500/600 | Fitness: 1995.27 | w=0.742 c1=2.400 c2=0.600
DQN-PSO iter 500/600 | Fitness: 1823.68 | w=0.635 c1=2.500 c2=0.500
DQN-PSO iter 500/600 | Fitness: 1870.80 | w=0.324 c1=2.500 c2=0.500
DQN-PSO iter 500/600 | Fitness: 2390.96 | w=0.452 c1=2.500 c2=0.500
DQN-PSO iter 550/600 | Fitness: 1847.13 | w=0.407 c1=2.300 c2=1.050
DQN-PSO iter 550/600 | Fitness: 1580.82 | w=0.400 c1=2.500 c2=0.500
DQN-PSO iter 550/600 | Fitness: 1709.69 | w=0.100 c1=1.450 c2=1.900
DQN-PSO iter 550/600 | Fitness: 1798.67 | w=0.153 c1=2.500 c2=0.500
DQN-PSO iter 550/600 | Fitness: 2101.45 | w=0.100 c1=2.400 c2=0.600
DQN-PSO iter 550/600 | Fitness: 1676.40 | w=0.100 c1=2.400 c2=0.600
DQN-PSO iter 550/600 | Fitness: 1726.21 | w=0.400 c1=2.500 c2=0.500
DQN-PSO iter 550/600 | Fitness: 1588.30 | w=0.143 c1=0.600 c2=2.400
DQN-PSO iter 550/600 | Fitness: 1995.27 | w=0.530 c1=2.500 c2=0.500
DQN-PSO iter 550/600 | Fitness: 1822.11 | w=0.405 c1=2.500 c2=0.500
DQN-PSO iter 550/600 | Fitness: 1711.18 | w=0.100 c1=2.400 c2=0.600
DQN-PSO iter 550/600 | Fitness: 2348.86 | w=0.746 c1=2.500 c2=0.500
DQN-PSO iter 550/600 | Fitness: 1870.80 | w=0.900 c1=2.500 c2=0.500
DQN-PSO iter 550/600 | Fitness: 2390.96 | w=0.680 c1=2.500 c2=0.500
DQN-PSO iter 600/600 | Fitness: 1847.13 | w=0.100 c1=2.300 c2=0.950
DQN-PSO completed with final fitness: 1847.1252

========== Planning Complete ==========
Algorithm: DQN_PSO
Execution time: 71.0161 seconds
Path length: 181.7614 units
Waypoints: 7
Best fitness: 1847.1252
========================================


========== Direct Global Planning ==========
Algorithm: DQN_PSO
Start: [10.0, 95.0, 10.0]
Goal:  [97.0, 2.0, 10.0]
============================================

Warning: DQN-PSO (paper) is homogeneous; forcing paramMode to global.
> In <a href="matlab:matlab.lang.internal.introspective.errorDocCallback('globalPathPlanningDQNPSO', '/Users/hust-hwashin621m/Desktop/vietanhpaper-2/algorithms/dqn_pso/globalPathPlanningDQNPSO.m', 15)" style="font-weight:bold">globalPathPlanningDQNPSO</a> (<a href="matlab: opentoline('/Users/hust-hwashin621m/Desktop/vietanhpaper-2/algorithms/dqn_pso/globalPathPlanningDQNPSO.m',15,0)">line 15</a>)
In <a href="matlab:matlab.lang.internal.introspective.errorDocCallback('callGlobalPlanningAlgorithm', '/Users/hust-hwashin621m/Desktop/vietanhpaper-2/algorithms/callGlobalPlanningAlgorithm.m', 212)" style="font-weight:bold">callGlobalPlanningAlgorithm</a> (<a href="matlab: opentoline('/Users/hust-hwashin621m/Desktop/vietanhpaper-2/algorithms/callGlobalPlanningAlgorithm.m',212,0)">line 212</a>)
In <a href="matlab:matlab.lang.internal.introspective.errorDocCallback('directGlobalPlanning', '/Users/hust-hwashin621m/Desktop/vietanhpaper-2/shared/path_planning/directGlobalPlanning.m', 59)" style="font-weight:bold">directGlobalPlanning</a> (<a href="matlab: opentoline('/Users/hust-hwashin621m/Desktop/vietanhpaper-2/shared/path_planning/directGlobalPlanning.m',59,0)">line 59</a>)
In <a href="matlab:matlab.lang.internal.introspective.errorDocCallback('run_comparison>@(varargin)directGlobalPlanning(varargin{:})', '/Users/hust-hwashin621m/Desktop/vietanhpaper-2/run_comparison.m', 282)" style="font-weight:bold">run_comparison>@(varargin)directGlobalPlanning(varargin{:})</a> (<a href="matlab: opentoline('/Users/hust-hwashin621m/Desktop/vietanhpaper-2/run_comparison.m',282,0)">line 282</a>)
In <a href="matlab:matlab.lang.internal.introspective.errorDocCallback('compare_algorithms>runAlgorithmBatch', '/Users/hust-hwashin621m/Desktop/vietanhpaper-2/scripts/compare_algorithms.m', 139)" style="font-weight:bold">compare_algorithms>runAlgorithmBatch</a> (<a href="matlab: opentoline('/Users/hust-hwashin621m/Desktop/vietanhpaper-2/scripts/compare_algorithms.m',139,0)">line 139</a>)
Starting DQN-PSO (HMM + DQN) - Mode: global
DQN-PSO iter 600/600 | Fitness: 1709.69 | w=0.822 c1=1.350 c2=2.250
DQN-PSO completed with final fitness: 1709.6903

========== Planning Complete ==========
Algorithm: DQN_PSO
Execution time: 72.6632 seconds
Path length: 153.9211 units
Waypoints: 7
Best fitness: 1709.6903
========================================


========== Direct Global Planning ==========
Algorithm: DQN_PSO
Start: [10.0, 95.0, 10.0]
Goal:  [97.0, 2.0, 10.0]
============================================

Warning: DQN-PSO (paper) is homogeneous; forcing paramMode to global.
> In <a href="matlab:matlab.lang.internal.introspective.errorDocCallback('globalPathPlanningDQNPSO', '/Users/hust-hwashin621m/Desktop/vietanhpaper-2/algorithms/dqn_pso/globalPathPlanningDQNPSO.m', 15)" style="font-weight:bold">globalPathPlanningDQNPSO</a> (<a href="matlab: opentoline('/Users/hust-hwashin621m/Desktop/vietanhpaper-2/algorithms/dqn_pso/globalPathPlanningDQNPSO.m',15,0)">line 15</a>)
In <a href="matlab:matlab.lang.internal.introspective.errorDocCallback('callGlobalPlanningAlgorithm', '/Users/hust-hwashin621m/Desktop/vietanhpaper-2/algorithms/callGlobalPlanningAlgorithm.m', 212)" style="font-weight:bold">callGlobalPlanningAlgorithm</a> (<a href="matlab: opentoline('/Users/hust-hwashin621m/Desktop/vietanhpaper-2/algorithms/callGlobalPlanningAlgorithm.m',212,0)">line 212</a>)
In <a href="matlab:matlab.lang.internal.introspective.errorDocCallback('directGlobalPlanning', '/Users/hust-hwashin621m/Desktop/vietanhpaper-2/shared/path_planning/directGlobalPlanning.m', 59)" style="font-weight:bold">directGlobalPlanning</a> (<a href="matlab: opentoline('/Users/hust-hwashin621m/Desktop/vietanhpaper-2/shared/path_planning/directGlobalPlanning.m',59,0)">line 59</a>)
In <a href="matlab:matlab.lang.internal.introspective.errorDocCallback('run_comparison>@(varargin)directGlobalPlanning(varargin{:})', '/Users/hust-hwashin621m/Desktop/vietanhpaper-2/run_comparison.m', 282)" style="font-weight:bold">run_comparison>@(varargin)directGlobalPlanning(varargin{:})</a> (<a href="matlab: opentoline('/Users/hust-hwashin621m/Desktop/vietanhpaper-2/run_comparison.m',282,0)">line 282</a>)
In <a href="matlab:matlab.lang.internal.introspective.errorDocCallback('compare_algorithms>runAlgorithmBatch', '/Users/hust-hwashin621m/Desktop/vietanhpaper-2/scripts/compare_algorithms.m', 139)" style="font-weight:bold">compare_algorithms>runAlgorithmBatch</a> (<a href="matlab: opentoline('/Users/hust-hwashin621m/Desktop/vietanhpaper-2/scripts/compare_algorithms.m',139,0)">line 139</a>)
Starting DQN-PSO (HMM + DQN) - Mode: global
DQN-PSO iter 600/600 | Fitness: 1580.81 | w=0.329 c1=2.500 c2=0.500
DQN-PSO completed with final fitness: 1580.8053

========== Planning Complete ==========
Algorithm: DQN_PSO
Execution time: 74.3714 seconds
Path length: 166.9944 units
Waypoints: 7
Best fitness: 1580.8053
========================================


========== Direct Global Planning ==========
Algorithm: DQN_PSO
Start: [10.0, 95.0, 10.0]
Goal:  [97.0, 2.0, 10.0]
============================================

Warning: DQN-PSO (paper) is homogeneous; forcing paramMode to global.
> In <a href="matlab:matlab.lang.internal.introspective.errorDocCallback('globalPathPlanningDQNPSO', '/Users/hust-hwashin621m/Desktop/vietanhpaper-2/algorithms/dqn_pso/globalPathPlanningDQNPSO.m', 15)" style="font-weight:bold">globalPathPlanningDQNPSO</a> (<a href="matlab: opentoline('/Users/hust-hwashin621m/Desktop/vietanhpaper-2/algorithms/dqn_pso/globalPathPlanningDQNPSO.m',15,0)">line 15</a>)
In <a href="matlab:matlab.lang.internal.introspective.errorDocCallback('callGlobalPlanningAlgorithm', '/Users/hust-hwashin621m/Desktop/vietanhpaper-2/algorithms/callGlobalPlanningAlgorithm.m', 212)" style="font-weight:bold">callGlobalPlanningAlgorithm</a> (<a href="matlab: opentoline('/Users/hust-hwashin621m/Desktop/vietanhpaper-2/algorithms/callGlobalPlanningAlgorithm.m',212,0)">line 212</a>)
In <a href="matlab:matlab.lang.internal.introspective.errorDocCallback('directGlobalPlanning', '/Users/hust-hwashin621m/Desktop/vietanhpaper-2/shared/path_planning/directGlobalPlanning.m', 59)" style="font-weight:bold">directGlobalPlanning</a> (<a href="matlab: opentoline('/Users/hust-hwashin621m/Desktop/vietanhpaper-2/shared/path_planning/directGlobalPlanning.m',59,0)">line 59</a>)
In <a href="matlab:matlab.lang.internal.introspective.errorDocCallback('run_comparison>@(varargin)directGlobalPlanning(varargin{:})', '/Users/hust-hwashin621m/Desktop/vietanhpaper-2/run_comparison.m', 282)" style="font-weight:bold">run_comparison>@(varargin)directGlobalPlanning(varargin{:})</a> (<a href="matlab: opentoline('/Users/hust-hwashin621m/Desktop/vietanhpaper-2/run_comparison.m',282,0)">line 282</a>)
In <a href="matlab:matlab.lang.internal.introspective.errorDocCallback('compare_algorithms>runAlgorithmBatch', '/Users/hust-hwashin621m/Desktop/vietanhpaper-2/scripts/compare_algorithms.m', 139)" style="font-weight:bold">compare_algorithms>runAlgorithmBatch</a> (<a href="matlab: opentoline('/Users/hust-hwashin621m/Desktop/vietanhpaper-2/scripts/compare_algorithms.m',139,0)">line 139</a>)
Starting DQN-PSO (HMM + DQN) - Mode: global
DQN-PSO iter 600/600 | Fitness: 2101.45 | w=0.412 c1=2.500 c2=0.600
DQN-PSO completed with final fitness: 2101.4521

========== Planning Complete ==========
Algorithm: DQN_PSO
Execution time: 72.3314 seconds
Path length: 190.2664 units
Waypoints: 7
Best fitness: 2101.4521
========================================


========== Direct Global Planning ==========
Algorithm: DQN_PSO
Start: [10.0, 95.0, 10.0]
Goal:  [97.0, 2.0, 10.0]
============================================

Warning: DQN-PSO (paper) is homogeneous; forcing paramMode to global.
> In <a href="matlab:matlab.lang.internal.introspective.errorDocCallback('globalPathPlanningDQNPSO', '/Users/hust-hwashin621m/Desktop/vietanhpaper-2/algorithms/dqn_pso/globalPathPlanningDQNPSO.m', 15)" style="font-weight:bold">globalPathPlanningDQNPSO</a> (<a href="matlab: opentoline('/Users/hust-hwashin621m/Desktop/vietanhpaper-2/algorithms/dqn_pso/globalPathPlanningDQNPSO.m',15,0)">line 15</a>)
In <a href="matlab:matlab.lang.internal.introspective.errorDocCallback('callGlobalPlanningAlgorithm', '/Users/hust-hwashin621m/Desktop/vietanhpaper-2/algorithms/callGlobalPlanningAlgorithm.m', 212)" style="font-weight:bold">callGlobalPlanningAlgorithm</a> (<a href="matlab: opentoline('/Users/hust-hwashin621m/Desktop/vietanhpaper-2/algorithms/callGlobalPlanningAlgorithm.m',212,0)">line 212</a>)
In <a href="matlab:matlab.lang.internal.introspective.errorDocCallback('directGlobalPlanning', '/Users/hust-hwashin621m/Desktop/vietanhpaper-2/shared/path_planning/directGlobalPlanning.m', 59)" style="font-weight:bold">directGlobalPlanning</a> (<a href="matlab: opentoline('/Users/hust-hwashin621m/Desktop/vietanhpaper-2/shared/path_planning/directGlobalPlanning.m',59,0)">line 59</a>)
In <a href="matlab:matlab.lang.internal.introspective.errorDocCallback('run_comparison>@(varargin)directGlobalPlanning(varargin{:})', '/Users/hust-hwashin621m/Desktop/vietanhpaper-2/run_comparison.m', 282)" style="font-weight:bold">run_comparison>@(varargin)directGlobalPlanning(varargin{:})</a> (<a href="matlab: opentoline('/Users/hust-hwashin621m/Desktop/vietanhpaper-2/run_comparison.m',282,0)">line 282</a>)
In <a href="matlab:matlab.lang.internal.introspective.errorDocCallback('compare_algorithms>runAlgorithmBatch', '/Users/hust-hwashin621m/Desktop/vietanhpaper-2/scripts/compare_algorithms.m', 139)" style="font-weight:bold">compare_algorithms>runAlgorithmBatch</a> (<a href="matlab: opentoline('/Users/hust-hwashin621m/Desktop/vietanhpaper-2/scripts/compare_algorithms.m',139,0)">line 139</a>)
Starting DQN-PSO (HMM + DQN) - Mode: global
DQN-PSO iter 600/600 | Fitness: 1798.66 | w=0.744 c1=2.500 c2=0.500
DQN-PSO completed with final fitness: 1798.6612

========== Planning Complete ==========
Algorithm: DQN_PSO
Execution time: 72.7872 seconds
Path length: 161.7724 units
Waypoints: 7
Best fitness: 1798.6612
========================================


========== Direct Global Planning ==========
Algorithm: DQN_PSO
Start: [10.0, 95.0, 10.0]
Goal:  [97.0, 2.0, 10.0]
============================================

Warning: DQN-PSO (paper) is homogeneous; forcing paramMode to global.
> In <a href="matlab:matlab.lang.internal.introspective.errorDocCallback('globalPathPlanningDQNPSO', '/Users/hust-hwashin621m/Desktop/vietanhpaper-2/algorithms/dqn_pso/globalPathPlanningDQNPSO.m', 15)" style="font-weight:bold">globalPathPlanningDQNPSO</a> (<a href="matlab: opentoline('/Users/hust-hwashin621m/Desktop/vietanhpaper-2/algorithms/dqn_pso/globalPathPlanningDQNPSO.m',15,0)">line 15</a>)
In <a href="matlab:matlab.lang.internal.introspective.errorDocCallback('callGlobalPlanningAlgorithm', '/Users/hust-hwashin621m/Desktop/vietanhpaper-2/algorithms/callGlobalPlanningAlgorithm.m', 212)" style="font-weight:bold">callGlobalPlanningAlgorithm</a> (<a href="matlab: opentoline('/Users/hust-hwashin621m/Desktop/vietanhpaper-2/algorithms/callGlobalPlanningAlgorithm.m',212,0)">line 212</a>)
In <a href="matlab:matlab.lang.internal.introspective.errorDocCallback('directGlobalPlanning', '/Users/hust-hwashin621m/Desktop/vietanhpaper-2/shared/path_planning/directGlobalPlanning.m', 59)" style="font-weight:bold">directGlobalPlanning</a> (<a href="matlab: opentoline('/Users/hust-hwashin621m/Desktop/vietanhpaper-2/shared/path_planning/directGlobalPlanning.m',59,0)">line 59</a>)
In <a href="matlab:matlab.lang.internal.introspective.errorDocCallback('run_comparison>@(varargin)directGlobalPlanning(varargin{:})', '/Users/hust-hwashin621m/Desktop/vietanhpaper-2/run_comparison.m', 282)" style="font-weight:bold">run_comparison>@(varargin)directGlobalPlanning(varargin{:})</a> (<a href="matlab: opentoline('/Users/hust-hwashin621m/Desktop/vietanhpaper-2/run_comparison.m',282,0)">line 282</a>)
In <a href="matlab:matlab.lang.internal.introspective.errorDocCallback('compare_algorithms>runAlgorithmBatch', '/Users/hust-hwashin621m/Desktop/vietanhpaper-2/scripts/compare_algorithms.m', 139)" style="font-weight:bold">compare_algorithms>runAlgorithmBatch</a> (<a href="matlab: opentoline('/Users/hust-hwashin621m/Desktop/vietanhpaper-2/scripts/compare_algorithms.m',139,0)">line 139</a>)
Starting DQN-PSO (HMM + DQN) - Mode: global
DQN-PSO iter 600/600 | Fitness: 1676.40 | w=0.400 c1=2.500 c2=0.500
DQN-PSO completed with final fitness: 1676.4035

========== Planning Complete ==========
Algorithm: DQN_PSO
Execution time: 71.2787 seconds
Path length: 169.8238 units
Waypoints: 7
Best fitness: 1676.4035
========================================


========== Direct Global Planning ==========
Algorithm: DQN_PSO
Start: [10.0, 95.0, 10.0]
Goal:  [97.0, 2.0, 10.0]
============================================

Warning: DQN-PSO (paper) is homogeneous; forcing paramMode to global.
> In <a href="matlab:matlab.lang.internal.introspective.errorDocCallback('globalPathPlanningDQNPSO', '/Users/hust-hwashin621m/Desktop/vietanhpaper-2/algorithms/dqn_pso/globalPathPlanningDQNPSO.m', 15)" style="font-weight:bold">globalPathPlanningDQNPSO</a> (<a href="matlab: opentoline('/Users/hust-hwashin621m/Desktop/vietanhpaper-2/algorithms/dqn_pso/globalPathPlanningDQNPSO.m',15,0)">line 15</a>)
In <a href="matlab:matlab.lang.internal.introspective.errorDocCallback('callGlobalPlanningAlgorithm', '/Users/hust-hwashin621m/Desktop/vietanhpaper-2/algorithms/callGlobalPlanningAlgorithm.m', 212)" style="font-weight:bold">callGlobalPlanningAlgorithm</a> (<a href="matlab: opentoline('/Users/hust-hwashin621m/Desktop/vietanhpaper-2/algorithms/callGlobalPlanningAlgorithm.m',212,0)">line 212</a>)
In <a href="matlab:matlab.lang.internal.introspective.errorDocCallback('directGlobalPlanning', '/Users/hust-hwashin621m/Desktop/vietanhpaper-2/shared/path_planning/directGlobalPlanning.m', 59)" style="font-weight:bold">directGlobalPlanning</a> (<a href="matlab: opentoline('/Users/hust-hwashin621m/Desktop/vietanhpaper-2/shared/path_planning/directGlobalPlanning.m',59,0)">line 59</a>)
In <a href="matlab:matlab.lang.internal.introspective.errorDocCallback('run_comparison>@(varargin)directGlobalPlanning(varargin{:})', '/Users/hust-hwashin621m/Desktop/vietanhpaper-2/run_comparison.m', 282)" style="font-weight:bold">run_comparison>@(varargin)directGlobalPlanning(varargin{:})</a> (<a href="matlab: opentoline('/Users/hust-hwashin621m/Desktop/vietanhpaper-2/run_comparison.m',282,0)">line 282</a>)
In <a href="matlab:matlab.lang.internal.introspective.errorDocCallback('compare_algorithms>runAlgorithmBatch', '/Users/hust-hwashin621m/Desktop/vietanhpaper-2/scripts/compare_algorithms.m', 139)" style="font-weight:bold">compare_algorithms>runAlgorithmBatch</a> (<a href="matlab: opentoline('/Users/hust-hwashin621m/Desktop/vietanhpaper-2/scripts/compare_algorithms.m',139,0)">line 139</a>)
Starting DQN-PSO (HMM + DQN) - Mode: global
DQN-PSO iter 600/600 | Fitness: 1726.01 | w=0.400 c1=2.500 c2=0.500
DQN-PSO completed with final fitness: 1726.009

========== Planning Complete ==========
Algorithm: DQN_PSO
Execution time: 72.6680 seconds
Path length: 161.2550 units
Waypoints: 7
Best fitness: 1726.0090
========================================


========== Direct Global Planning ==========
Algorithm: DQN_PSO
Start: [10.0, 95.0, 10.0]
Goal:  [97.0, 2.0, 10.0]
============================================

Warning: DQN-PSO (paper) is homogeneous; forcing paramMode to global.
> In <a href="matlab:matlab.lang.internal.introspective.errorDocCallback('globalPathPlanningDQNPSO', '/Users/hust-hwashin621m/Desktop/vietanhpaper-2/algorithms/dqn_pso/globalPathPlanningDQNPSO.m', 15)" style="font-weight:bold">globalPathPlanningDQNPSO</a> (<a href="matlab: opentoline('/Users/hust-hwashin621m/Desktop/vietanhpaper-2/algorithms/dqn_pso/globalPathPlanningDQNPSO.m',15,0)">line 15</a>)
In <a href="matlab:matlab.lang.internal.introspective.errorDocCallback('callGlobalPlanningAlgorithm', '/Users/hust-hwashin621m/Desktop/vietanhpaper-2/algorithms/callGlobalPlanningAlgorithm.m', 212)" style="font-weight:bold">callGlobalPlanningAlgorithm</a> (<a href="matlab: opentoline('/Users/hust-hwashin621m/Desktop/vietanhpaper-2/algorithms/callGlobalPlanningAlgorithm.m',212,0)">line 212</a>)
In <a href="matlab:matlab.lang.internal.introspective.errorDocCallback('directGlobalPlanning', '/Users/hust-hwashin621m/Desktop/vietanhpaper-2/shared/path_planning/directGlobalPlanning.m', 59)" style="font-weight:bold">directGlobalPlanning</a> (<a href="matlab: opentoline('/Users/hust-hwashin621m/Desktop/vietanhpaper-2/shared/path_planning/directGlobalPlanning.m',59,0)">line 59</a>)
In <a href="matlab:matlab.lang.internal.introspective.errorDocCallback('run_comparison>@(varargin)directGlobalPlanning(varargin{:})', '/Users/hust-hwashin621m/Desktop/vietanhpaper-2/run_comparison.m', 282)" style="font-weight:bold">run_comparison>@(varargin)directGlobalPlanning(varargin{:})</a> (<a href="matlab: opentoline('/Users/hust-hwashin621m/Desktop/vietanhpaper-2/run_comparison.m',282,0)">line 282</a>)
In <a href="matlab:matlab.lang.internal.introspective.errorDocCallback('compare_algorithms>runAlgorithmBatch', '/Users/hust-hwashin621m/Desktop/vietanhpaper-2/scripts/compare_algorithms.m', 139)" style="font-weight:bold">compare_algorithms>runAlgorithmBatch</a> (<a href="matlab: opentoline('/Users/hust-hwashin621m/Desktop/vietanhpaper-2/scripts/compare_algorithms.m',139,0)">line 139</a>)
Starting DQN-PSO (HMM + DQN) - Mode: global
DQN-PSO iter 600/600 | Fitness: 1588.30 | w=0.900 c1=2.100 c2=1.250
DQN-PSO completed with final fitness: 1588.2992

========== Planning Complete ==========
Algorithm: DQN_PSO
Execution time: 73.9651 seconds
Path length: 152.0280 units
Waypoints: 7
Best fitness: 1588.2992
========================================


========== Direct Global Planning ==========
Algorithm: DQN_PSO
Start: [10.0, 95.0, 10.0]
Goal:  [97.0, 2.0, 10.0]
============================================

Warning: DQN-PSO (paper) is homogeneous; forcing paramMode to global.
> In <a href="matlab:matlab.lang.internal.introspective.errorDocCallback('globalPathPlanningDQNPSO', '/Users/hust-hwashin621m/Desktop/vietanhpaper-2/algorithms/dqn_pso/globalPathPlanningDQNPSO.m', 15)" style="font-weight:bold">globalPathPlanningDQNPSO</a> (<a href="matlab: opentoline('/Users/hust-hwashin621m/Desktop/vietanhpaper-2/algorithms/dqn_pso/globalPathPlanningDQNPSO.m',15,0)">line 15</a>)
In <a href="matlab:matlab.lang.internal.introspective.errorDocCallback('callGlobalPlanningAlgorithm', '/Users/hust-hwashin621m/Desktop/vietanhpaper-2/algorithms/callGlobalPlanningAlgorithm.m', 212)" style="font-weight:bold">callGlobalPlanningAlgorithm</a> (<a href="matlab: opentoline('/Users/hust-hwashin621m/Desktop/vietanhpaper-2/algorithms/callGlobalPlanningAlgorithm.m',212,0)">line 212</a>)
In <a href="matlab:matlab.lang.internal.introspective.errorDocCallback('directGlobalPlanning', '/Users/hust-hwashin621m/Desktop/vietanhpaper-2/shared/path_planning/directGlobalPlanning.m', 59)" style="font-weight:bold">directGlobalPlanning</a> (<a href="matlab: opentoline('/Users/hust-hwashin621m/Desktop/vietanhpaper-2/shared/path_planning/directGlobalPlanning.m',59,0)">line 59</a>)
In <a href="matlab:matlab.lang.internal.introspective.errorDocCallback('run_comparison>@(varargin)directGlobalPlanning(varargin{:})', '/Users/hust-hwashin621m/Desktop/vietanhpaper-2/run_comparison.m', 282)" style="font-weight:bold">run_comparison>@(varargin)directGlobalPlanning(varargin{:})</a> (<a href="matlab: opentoline('/Users/hust-hwashin621m/Desktop/vietanhpaper-2/run_comparison.m',282,0)">line 282</a>)
In <a href="matlab:matlab.lang.internal.introspective.errorDocCallback('compare_algorithms>runAlgorithmBatch', '/Users/hust-hwashin621m/Desktop/vietanhpaper-2/scripts/compare_algorithms.m', 139)" style="font-weight:bold">compare_algorithms>runAlgorithmBatch</a> (<a href="matlab: opentoline('/Users/hust-hwashin621m/Desktop/vietanhpaper-2/scripts/compare_algorithms.m',139,0)">line 139</a>)
Starting DQN-PSO (HMM + DQN) - Mode: global
DQN-PSO iter 600/600 | Fitness: 1822.11 | w=0.428 c1=2.500 c2=0.600
DQN-PSO completed with final fitness: 1822.1135

========== Planning Complete ==========
Algorithm: DQN_PSO
Execution time: 73.3101 seconds
Path length: 169.6743 units
Waypoints: 7
Best fitness: 1822.1135
========================================


========== Direct Global Planning ==========
Algorithm: DQN_PSO
Start: [10.0, 95.0, 10.0]
Goal:  [97.0, 2.0, 10.0]
============================================

Warning: DQN-PSO (paper) is homogeneous; forcing paramMode to global.
> In <a href="matlab:matlab.lang.internal.introspective.errorDocCallback('globalPathPlanningDQNPSO', '/Users/hust-hwashin621m/Desktop/vietanhpaper-2/algorithms/dqn_pso/globalPathPlanningDQNPSO.m', 15)" style="font-weight:bold">globalPathPlanningDQNPSO</a> (<a href="matlab: opentoline('/Users/hust-hwashin621m/Desktop/vietanhpaper-2/algorithms/dqn_pso/globalPathPlanningDQNPSO.m',15,0)">line 15</a>)
In <a href="matlab:matlab.lang.internal.introspective.errorDocCallback('callGlobalPlanningAlgorithm', '/Users/hust-hwashin621m/Desktop/vietanhpaper-2/algorithms/callGlobalPlanningAlgorithm.m', 212)" style="font-weight:bold">callGlobalPlanningAlgorithm</a> (<a href="matlab: opentoline('/Users/hust-hwashin621m/Desktop/vietanhpaper-2/algorithms/callGlobalPlanningAlgorithm.m',212,0)">line 212</a>)
In <a href="matlab:matlab.lang.internal.introspective.errorDocCallback('directGlobalPlanning', '/Users/hust-hwashin621m/Desktop/vietanhpaper-2/shared/path_planning/directGlobalPlanning.m', 59)" style="font-weight:bold">directGlobalPlanning</a> (<a href="matlab: opentoline('/Users/hust-hwashin621m/Desktop/vietanhpaper-2/shared/path_planning/directGlobalPlanning.m',59,0)">line 59</a>)
In <a href="matlab:matlab.lang.internal.introspective.errorDocCallback('run_comparison>@(varargin)directGlobalPlanning(varargin{:})', '/Users/hust-hwashin621m/Desktop/vietanhpaper-2/run_comparison.m', 282)" style="font-weight:bold">run_comparison>@(varargin)directGlobalPlanning(varargin{:})</a> (<a href="matlab: opentoline('/Users/hust-hwashin621m/Desktop/vietanhpaper-2/run_comparison.m',282,0)">line 282</a>)
In <a href="matlab:matlab.lang.internal.introspective.errorDocCallback('compare_algorithms>runAlgorithmBatch', '/Users/hust-hwashin621m/Desktop/vietanhpaper-2/scripts/compare_algorithms.m', 139)" style="font-weight:bold">compare_algorithms>runAlgorithmBatch</a> (<a href="matlab: opentoline('/Users/hust-hwashin621m/Desktop/vietanhpaper-2/scripts/compare_algorithms.m',139,0)">line 139</a>)
Starting DQN-PSO (HMM + DQN) - Mode: global
DQN-PSO iter 600/600 | Fitness: 1711.18 | w=0.400 c1=2.500 c2=0.500
DQN-PSO completed with final fitness: 1711.1816

========== Planning Complete ==========
Algorithm: DQN_PSO
Execution time: 72.5366 seconds
Path length: 210.8260 units
Waypoints: 7
Best fitness: 1711.1816
========================================


========== Direct Global Planning ==========
Algorithm: DQN_PSO
Start: [10.0, 95.0, 10.0]
Goal:  [97.0, 2.0, 10.0]
============================================

Warning: DQN-PSO (paper) is homogeneous; forcing paramMode to global.
> In <a href="matlab:matlab.lang.internal.introspective.errorDocCallback('globalPathPlanningDQNPSO', '/Users/hust-hwashin621m/Desktop/vietanhpaper-2/algorithms/dqn_pso/globalPathPlanningDQNPSO.m', 15)" style="font-weight:bold">globalPathPlanningDQNPSO</a> (<a href="matlab: opentoline('/Users/hust-hwashin621m/Desktop/vietanhpaper-2/algorithms/dqn_pso/globalPathPlanningDQNPSO.m',15,0)">line 15</a>)
In <a href="matlab:matlab.lang.internal.introspective.errorDocCallback('callGlobalPlanningAlgorithm', '/Users/hust-hwashin621m/Desktop/vietanhpaper-2/algorithms/callGlobalPlanningAlgorithm.m', 212)" style="font-weight:bold">callGlobalPlanningAlgorithm</a> (<a href="matlab: opentoline('/Users/hust-hwashin621m/Desktop/vietanhpaper-2/algorithms/callGlobalPlanningAlgorithm.m',212,0)">line 212</a>)
In <a href="matlab:matlab.lang.internal.introspective.errorDocCallback('directGlobalPlanning', '/Users/hust-hwashin621m/Desktop/vietanhpaper-2/shared/path_planning/directGlobalPlanning.m', 59)" style="font-weight:bold">directGlobalPlanning</a> (<a href="matlab: opentoline('/Users/hust-hwashin621m/Desktop/vietanhpaper-2/shared/path_planning/directGlobalPlanning.m',59,0)">line 59</a>)
In <a href="matlab:matlab.lang.internal.introspective.errorDocCallback('run_comparison>@(varargin)directGlobalPlanning(varargin{:})', '/Users/hust-hwashin621m/Desktop/vietanhpaper-2/run_comparison.m', 282)" style="font-weight:bold">run_comparison>@(varargin)directGlobalPlanning(varargin{:})</a> (<a href="matlab: opentoline('/Users/hust-hwashin621m/Desktop/vietanhpaper-2/run_comparison.m',282,0)">line 282</a>)
In <a href="matlab:matlab.lang.internal.introspective.errorDocCallback('compare_algorithms>runAlgorithmBatch', '/Users/hust-hwashin621m/Desktop/vietanhpaper-2/scripts/compare_algorithms.m', 139)" style="font-weight:bold">compare_algorithms>runAlgorithmBatch</a> (<a href="matlab: opentoline('/Users/hust-hwashin621m/Desktop/vietanhpaper-2/scripts/compare_algorithms.m',139,0)">line 139</a>)
Starting DQN-PSO (HMM + DQN) - Mode: global
DQN-PSO iter 600/600 | Fitness: 1995.27 | w=0.664 c1=2.500 c2=0.500
DQN-PSO completed with final fitness: 1995.2669

========== Planning Complete ==========
Algorithm: DQN_PSO
Execution time: 72.6062 seconds
Path length: 245.3701 units
Waypoints: 7
Best fitness: 1995.2669
========================================


========== Direct Global Planning ==========
Algorithm: DQN_PSO
Start: [10.0, 95.0, 10.0]
Goal:  [97.0, 2.0, 10.0]
============================================

Warning: DQN-PSO (paper) is homogeneous; forcing paramMode to global.
> In <a href="matlab:matlab.lang.internal.introspective.errorDocCallback('globalPathPlanningDQNPSO', '/Users/hust-hwashin621m/Desktop/vietanhpaper-2/algorithms/dqn_pso/globalPathPlanningDQNPSO.m', 15)" style="font-weight:bold">globalPathPlanningDQNPSO</a> (<a href="matlab: opentoline('/Users/hust-hwashin621m/Desktop/vietanhpaper-2/algorithms/dqn_pso/globalPathPlanningDQNPSO.m',15,0)">line 15</a>)
In <a href="matlab:matlab.lang.internal.introspective.errorDocCallback('callGlobalPlanningAlgorithm', '/Users/hust-hwashin621m/Desktop/vietanhpaper-2/algorithms/callGlobalPlanningAlgorithm.m', 212)" style="font-weight:bold">callGlobalPlanningAlgorithm</a> (<a href="matlab: opentoline('/Users/hust-hwashin621m/Desktop/vietanhpaper-2/algorithms/callGlobalPlanningAlgorithm.m',212,0)">line 212</a>)
In <a href="matlab:matlab.lang.internal.introspective.errorDocCallback('directGlobalPlanning', '/Users/hust-hwashin621m/Desktop/vietanhpaper-2/shared/path_planning/directGlobalPlanning.m', 59)" style="font-weight:bold">directGlobalPlanning</a> (<a href="matlab: opentoline('/Users/hust-hwashin621m/Desktop/vietanhpaper-2/shared/path_planning/directGlobalPlanning.m',59,0)">line 59</a>)
In <a href="matlab:matlab.lang.internal.introspective.errorDocCallback('run_comparison>@(varargin)directGlobalPlanning(varargin{:})', '/Users/hust-hwashin621m/Desktop/vietanhpaper-2/run_comparison.m', 282)" style="font-weight:bold">run_comparison>@(varargin)directGlobalPlanning(varargin{:})</a> (<a href="matlab: opentoline('/Users/hust-hwashin621m/Desktop/vietanhpaper-2/run_comparison.m',282,0)">line 282</a>)
In <a href="matlab:matlab.lang.internal.introspective.errorDocCallback('compare_algorithms>runAlgorithmBatch', '/Users/hust-hwashin621m/Desktop/vietanhpaper-2/scripts/compare_algorithms.m', 139)" style="font-weight:bold">compare_algorithms>runAlgorithmBatch</a> (<a href="matlab: opentoline('/Users/hust-hwashin621m/Desktop/vietanhpaper-2/scripts/compare_algorithms.m',139,0)">line 139</a>)
Starting DQN-PSO (HMM + DQN) - Mode: global
DQN-PSO iter 600/600 | Fitness: 1870.79 | w=0.100 c1=2.400 c2=0.600
DQN-PSO completed with final fitness: 1870.7886

========== Planning Complete ==========
Algorithm: DQN_PSO
Execution time: 73.6505 seconds
Path length: 167.0460 units
Waypoints: 7
Best fitness: 1870.7886
========================================


========== Direct Global Planning ==========
Algorithm: DQN_PSO
Start: [10.0, 95.0, 10.0]
Goal:  [97.0, 2.0, 10.0]
============================================

Warning: DQN-PSO (paper) is homogeneous; forcing paramMode to global.
> In <a href="matlab:matlab.lang.internal.introspective.errorDocCallback('globalPathPlanningDQNPSO', '/Users/hust-hwashin621m/Desktop/vietanhpaper-2/algorithms/dqn_pso/globalPathPlanningDQNPSO.m', 15)" style="font-weight:bold">globalPathPlanningDQNPSO</a> (<a href="matlab: opentoline('/Users/hust-hwashin621m/Desktop/vietanhpaper-2/algorithms/dqn_pso/globalPathPlanningDQNPSO.m',15,0)">line 15</a>)
In <a href="matlab:matlab.lang.internal.introspective.errorDocCallback('callGlobalPlanningAlgorithm', '/Users/hust-hwashin621m/Desktop/vietanhpaper-2/algorithms/callGlobalPlanningAlgorithm.m', 212)" style="font-weight:bold">callGlobalPlanningAlgorithm</a> (<a href="matlab: opentoline('/Users/hust-hwashin621m/Desktop/vietanhpaper-2/algorithms/callGlobalPlanningAlgorithm.m',212,0)">line 212</a>)
In <a href="matlab:matlab.lang.internal.introspective.errorDocCallback('directGlobalPlanning', '/Users/hust-hwashin621m/Desktop/vietanhpaper-2/shared/path_planning/directGlobalPlanning.m', 59)" style="font-weight:bold">directGlobalPlanning</a> (<a href="matlab: opentoline('/Users/hust-hwashin621m/Desktop/vietanhpaper-2/shared/path_planning/directGlobalPlanning.m',59,0)">line 59</a>)
In <a href="matlab:matlab.lang.internal.introspective.errorDocCallback('run_comparison>@(varargin)directGlobalPlanning(varargin{:})', '/Users/hust-hwashin621m/Desktop/vietanhpaper-2/run_comparison.m', 282)" style="font-weight:bold">run_comparison>@(varargin)directGlobalPlanning(varargin{:})</a> (<a href="matlab: opentoline('/Users/hust-hwashin621m/Desktop/vietanhpaper-2/run_comparison.m',282,0)">line 282</a>)
In <a href="matlab:matlab.lang.internal.introspective.errorDocCallback('compare_algorithms>runAlgorithmBatch', '/Users/hust-hwashin621m/Desktop/vietanhpaper-2/scripts/compare_algorithms.m', 139)" style="font-weight:bold">compare_algorithms>runAlgorithmBatch</a> (<a href="matlab: opentoline('/Users/hust-hwashin621m/Desktop/vietanhpaper-2/scripts/compare_algorithms.m',139,0)">line 139</a>)
Starting DQN-PSO (HMM + DQN) - Mode: global
DQN-PSO iter 600/600 | Fitness: 2348.86 | w=0.243 c1=2.500 c2=0.500
DQN-PSO completed with final fitness: 2348.8562

========== Planning Complete ==========
Algorithm: DQN_PSO
Execution time: 74.0852 seconds
Path length: 214.9849 units
Waypoints: 7
Best fitness: 2348.8562
========================================


========== Direct Global Planning ==========
Algorithm: DQN_PSO
Start: [10.0, 95.0, 10.0]
Goal:  [97.0, 2.0, 10.0]
============================================

Warning: DQN-PSO (paper) is homogeneous; forcing paramMode to global.
> In <a href="matlab:matlab.lang.internal.introspective.errorDocCallback('globalPathPlanningDQNPSO', '/Users/hust-hwashin621m/Desktop/vietanhpaper-2/algorithms/dqn_pso/globalPathPlanningDQNPSO.m', 15)" style="font-weight:bold">globalPathPlanningDQNPSO</a> (<a href="matlab: opentoline('/Users/hust-hwashin621m/Desktop/vietanhpaper-2/algorithms/dqn_pso/globalPathPlanningDQNPSO.m',15,0)">line 15</a>)
In <a href="matlab:matlab.lang.internal.introspective.errorDocCallback('callGlobalPlanningAlgorithm', '/Users/hust-hwashin621m/Desktop/vietanhpaper-2/algorithms/callGlobalPlanningAlgorithm.m', 212)" style="font-weight:bold">callGlobalPlanningAlgorithm</a> (<a href="matlab: opentoline('/Users/hust-hwashin621m/Desktop/vietanhpaper-2/algorithms/callGlobalPlanningAlgorithm.m',212,0)">line 212</a>)
In <a href="matlab:matlab.lang.internal.introspective.errorDocCallback('directGlobalPlanning', '/Users/hust-hwashin621m/Desktop/vietanhpaper-2/shared/path_planning/directGlobalPlanning.m', 59)" style="font-weight:bold">directGlobalPlanning</a> (<a href="matlab: opentoline('/Users/hust-hwashin621m/Desktop/vietanhpaper-2/shared/path_planning/directGlobalPlanning.m',59,0)">line 59</a>)
In <a href="matlab:matlab.lang.internal.introspective.errorDocCallback('run_comparison>@(varargin)directGlobalPlanning(varargin{:})', '/Users/hust-hwashin621m/Desktop/vietanhpaper-2/run_comparison.m', 282)" style="font-weight:bold">run_comparison>@(varargin)directGlobalPlanning(varargin{:})</a> (<a href="matlab: opentoline('/Users/hust-hwashin621m/Desktop/vietanhpaper-2/run_comparison.m',282,0)">line 282</a>)
In <a href="matlab:matlab.lang.internal.introspective.errorDocCallback('compare_algorithms>runAlgorithmBatch', '/Users/hust-hwashin621m/Desktop/vietanhpaper-2/scripts/compare_algorithms.m', 139)" style="font-weight:bold">compare_algorithms>runAlgorithmBatch</a> (<a href="matlab: opentoline('/Users/hust-hwashin621m/Desktop/vietanhpaper-2/scripts/compare_algorithms.m',139,0)">line 139</a>)
Starting DQN-PSO (HMM + DQN) - Mode: global
DQN-PSO iter 600/600 | Fitness: 2390.95 | w=0.404 c1=2.500 c2=0.500
DQN-PSO completed with final fitness: 2390.951

========== Planning Complete ==========
Algorithm: DQN_PSO
Execution time: 72.6640 seconds
Path length: 241.5980 units
Waypoints: 7
Best fitness: 2390.9510
========================================


========== Direct Global Planning ==========
Algorithm: DQN_PSO
Start: [10.0, 95.0, 10.0]
Goal:  [97.0, 2.0, 10.0]
============================================

Warning: DQN-PSO (paper) is homogeneous; forcing paramMode to global.
> In <a href="matlab:matlab.lang.internal.introspective.errorDocCallback('globalPathPlanningDQNPSO', '/Users/hust-hwashin621m/Desktop/vietanhpaper-2/algorithms/dqn_pso/globalPathPlanningDQNPSO.m', 15)" style="font-weight:bold">globalPathPlanningDQNPSO</a> (<a href="matlab: opentoline('/Users/hust-hwashin621m/Desktop/vietanhpaper-2/algorithms/dqn_pso/globalPathPlanningDQNPSO.m',15,0)">line 15</a>)
In <a href="matlab:matlab.lang.internal.introspective.errorDocCallback('callGlobalPlanningAlgorithm', '/Users/hust-hwashin621m/Desktop/vietanhpaper-2/algorithms/callGlobalPlanningAlgorithm.m', 212)" style="font-weight:bold">callGlobalPlanningAlgorithm</a> (<a href="matlab: opentoline('/Users/hust-hwashin621m/Desktop/vietanhpaper-2/algorithms/callGlobalPlanningAlgorithm.m',212,0)">line 212</a>)
In <a href="matlab:matlab.lang.internal.introspective.errorDocCallback('directGlobalPlanning', '/Users/hust-hwashin621m/Desktop/vietanhpaper-2/shared/path_planning/directGlobalPlanning.m', 59)" style="font-weight:bold">directGlobalPlanning</a> (<a href="matlab: opentoline('/Users/hust-hwashin621m/Desktop/vietanhpaper-2/shared/path_planning/directGlobalPlanning.m',59,0)">line 59</a>)
In <a href="matlab:matlab.lang.internal.introspective.errorDocCallback('run_comparison>@(varargin)directGlobalPlanning(varargin{:})', '/Users/hust-hwashin621m/Desktop/vietanhpaper-2/run_comparison.m', 282)" style="font-weight:bold">run_comparison>@(varargin)directGlobalPlanning(varargin{:})</a> (<a href="matlab: opentoline('/Users/hust-hwashin621m/Desktop/vietanhpaper-2/run_comparison.m',282,0)">line 282</a>)
In <a href="matlab:matlab.lang.internal.introspective.errorDocCallback('compare_algorithms>runAlgorithmBatch', '/Users/hust-hwashin621m/Desktop/vietanhpaper-2/scripts/compare_algorithms.m', 139)" style="font-weight:bold">compare_algorithms>runAlgorithmBatch</a> (<a href="matlab: opentoline('/Users/hust-hwashin621m/Desktop/vietanhpaper-2/scripts/compare_algorithms.m',139,0)">line 139</a>)
Starting DQN-PSO (HMM + DQN) - Mode: global
DQN-PSO iter 50/600 | Fitness: 1808.44 | w=0.100 c1=2.200 c2=0.850
DQN-PSO iter 50/600 | Fitness: 1870.20 | w=0.900 c1=0.750 c2=1.850
DQN-PSO iter 50/600 | Fitness: 1853.67 | w=0.900 c1=0.700 c2=2.250
DQN-PSO iter 50/600 | Fitness: 1963.76 | w=0.413 c1=1.250 c2=1.600
DQN-PSO iter 50/600 | Fitness: 1808.09 | w=0.428 c1=2.500 c2=0.500
DQN-PSO iter 50/600 | Fitness: 1644.82 | w=0.100 c1=1.950 c2=1.000
DQN-PSO iter 50/600 | Fitness: 1699.13 | w=0.431 c1=1.500 c2=1.450
DQN-PSO iter 50/600 | Fitness: 1818.64 | w=0.900 c1=2.200 c2=0.700
DQN-PSO iter 50/600 | Fitness: 2052.50 | w=0.400 c1=2.500 c2=0.500
DQN-PSO iter 50/600 | Fitness: 1998.29 | w=0.546 c1=2.500 c2=0.500
DQN-PSO iter 50/600 | Fitness: 1816.50 | w=0.100 c1=1.850 c2=1.100
DQN-PSO iter 50/600 | Fitness: 2012.83 | w=0.100 c1=2.400 c2=0.600
DQN-PSO iter 50/600 | Fitness: 2429.86 | w=0.100 c1=2.300 c2=0.700
DQN-PSO iter 50/600 | Fitness: 1980.39 | w=0.100 c1=0.500 c2=2.500
DQN-PSO iter 100/600 | Fitness: 1756.00 | w=0.900 c1=0.650 c2=2.350
DQN-PSO iter 100/600 | Fitness: 1838.00 | w=0.100 c1=2.400 c2=0.600
DQN-PSO iter 100/600 | Fitness: 1839.45 | w=0.100 c1=0.500 c2=2.500
DQN-PSO iter 100/600 | Fitness: 1635.99 | w=0.790 c1=2.500 c2=0.500
DQN-PSO iter 100/600 | Fitness: 1886.74 | w=0.100 c1=0.500 c2=2.500
DQN-PSO iter 100/600 | Fitness: 1643.39 | w=0.900 c1=0.850 c2=2.400
DQN-PSO iter 100/600 | Fitness: 1801.15 | w=0.341 c1=2.500 c2=0.500
DQN-PSO iter 100/600 | Fitness: 1805.09 | w=0.494 c1=2.500 c2=0.500
DQN-PSO iter 100/600 | Fitness: 1921.02 | w=0.900 c1=2.500 c2=0.500
DQN-PSO iter 100/600 | Fitness: 1993.45 | w=0.649 c1=2.500 c2=0.500
DQN-PSO iter 100/600 | Fitness: 1742.30 | w=0.900 c1=1.700 c2=1.200
DQN-PSO iter 100/600 | Fitness: 2011.64 | w=0.854 c1=2.500 c2=0.500
DQN-PSO iter 100/600 | Fitness: 1833.45 | w=0.100 c1=1.100 c2=2.400
DQN-PSO iter 100/600 | Fitness: 1915.37 | w=0.100 c1=0.500 c2=2.500
DQN-PSO iter 150/600 | Fitness: 1745.56 | w=0.806 c1=0.900 c2=2.300
DQN-PSO iter 150/600 | Fitness: 1837.39 | w=0.900 c1=2.400 c2=0.600
DQN-PSO iter 150/600 | Fitness: 1838.63 | w=0.274 c1=0.600 c2=2.400
DQN-PSO iter 150/600 | Fitness: 1884.64 | w=0.100 c1=0.500 c2=2.500
DQN-PSO iter 150/600 | Fitness: 1802.83 | w=0.406 c1=2.500 c2=0.500
DQN-PSO iter 150/600 | Fitness: 1635.95 | w=0.565 c1=2.500 c2=0.500
DQN-PSO iter 150/600 | Fitness: 1621.20 | w=0.100 c1=0.700 c2=2.450
DQN-PSO iter 150/600 | Fitness: 1795.45 | w=0.643 c1=2.500 c2=0.500
DQN-PSO iter 150/600 | Fitness: 2011.62 | w=0.629 c1=2.500 c2=0.500
DQN-PSO iter 150/600 | Fitness: 1884.38 | w=0.900 c1=2.500 c2=0.500
DQN-PSO iter 150/600 | Fitness: 1723.47 | w=0.579 c1=2.500 c2=0.500
DQN-PSO iter 150/600 | Fitness: 1780.05 | w=0.100 c1=0.500 c2=2.500
DQN-PSO iter 150/600 | Fitness: 1877.83 | w=0.100 c1=0.500 c2=2.500
DQN-PSO iter 150/600 | Fitness: 1993.44 | w=0.643 c1=2.500 c2=0.500
DQN-PSO iter 200/600 | Fitness: 1730.28 | w=0.403 c1=1.600 c2=2.350
DQN-PSO iter 200/600 | Fitness: 1836.83 | w=0.100 c1=0.500 c2=2.500
DQN-PSO iter 200/600 | Fitness: 1837.11 | w=0.100 c1=1.650 c2=1.600
DQN-PSO iter 200/600 | Fitness: 1880.21 | w=0.100 c1=0.500 c2=2.500
DQN-PSO iter 200/600 | Fitness: 1607.88 | w=0.100 c1=1.100 c2=1.950
DQN-PSO iter 200/600 | Fitness: 1802.16 | w=0.403 c1=2.500 c2=0.600
DQN-PSO iter 200/600 | Fitness: 1635.95 | w=0.783 c1=2.500 c2=0.500
DQN-PSO iter 200/600 | Fitness: 1795.15 | w=0.420 c1=2.500 c2=0.500
DQN-PSO iter 200/600 | Fitness: 1722.37 | w=0.562 c1=2.350 c2=0.500
DQN-PSO iter 200/600 | Fitness: 2011.62 | w=0.900 c1=2.500 c2=0.500
DQN-PSO iter 200/600 | Fitness: 1834.15 | w=0.900 c1=2.500 c2=0.500
DQN-PSO iter 200/600 | Fitness: 1993.44 | w=0.733 c1=2.500 c2=0.500
DQN-PSO iter 200/600 | Fitness: 1776.03 | w=0.700 c1=0.750 c2=2.200
DQN-PSO iter 200/600 | Fitness: 1844.61 | w=0.900 c1=0.550 c2=2.400
DQN-PSO iter 250/600 | Fitness: 1723.54 | w=0.403 c1=1.700 c2=2.400
DQN-PSO iter 250/600 | Fitness: 1824.77 | w=0.873 c1=2.050 c2=1.300
DQN-PSO iter 250/600 | Fitness: 1832.07 | w=0.529 c1=0.900 c2=2.100
DQN-PSO iter 250/600 | Fitness: 1880.02 | w=0.100 c1=0.500 c2=2.500
DQN-PSO iter 250/600 | Fitness: 1795.14 | w=0.854 c1=2.500 c2=0.500
DQN-PSO iter 250/600 | Fitness: 1802.13 | w=0.100 c1=2.400 c2=0.600
DQN-PSO iter 250/600 | Fitness: 1635.95 | w=0.900 c1=2.500 c2=0.500
DQN-PSO iter 250/600 | Fitness: 2011.62 | w=0.100 c1=2.400 c2=0.650
DQN-PSO iter 250/600 | Fitness: 1607.77 | w=0.100 c1=1.100 c2=2.350
DQN-PSO iter 250/600 | Fitness: 1722.30 | w=0.900 c1=2.500 c2=0.500
DQN-PSO iter 250/600 | Fitness: 1816.68 | w=0.900 c1=2.500 c2=0.500
DQN-PSO iter 250/600 | Fitness: 1837.79 | w=0.100 c1=0.500 c2=2.500
DQN-PSO iter 250/600 | Fitness: 1993.44 | w=0.900 c1=2.500 c2=0.500
DQN-PSO iter 250/600 | Fitness: 1775.09 | w=0.400 c1=1.800 c2=0.850
DQN-PSO iter 300/600 | Fitness: 1719.68 | w=0.100 c1=2.400 c2=2.050
DQN-PSO iter 300/600 | Fitness: 1818.63 | w=0.900 c1=2.500 c2=0.700
DQN-PSO iter 300/600 | Fitness: 1801.28 | w=0.665 c1=2.500 c2=0.500
DQN-PSO iter 300/600 | Fitness: 1829.24 | w=0.100 c1=0.500 c2=2.500
DQN-PSO iter 300/600 | Fitness: 1878.90 | w=0.100 c1=0.500 c2=2.500
DQN-PSO iter 300/600 | Fitness: 1635.95 | w=0.779 c1=2.500 c2=0.500
DQN-PSO iter 300/600 | Fitness: 1795.14 | w=0.171 c1=2.500 c2=0.500
DQN-PSO iter 300/600 | Fitness: 2011.62 | w=0.900 c1=2.500 c2=0.500
DQN-PSO iter 300/600 | Fitness: 1607.71 | w=0.400 c1=1.650 c2=1.800
DQN-PSO iter 300/600 | Fitness: 1722.30 | w=0.900 c1=2.500 c2=0.500
DQN-PSO iter 300/600 | Fitness: 1808.84 | w=0.900 c1=2.500 c2=0.500
DQN-PSO iter 300/600 | Fitness: 1774.70 | w=0.122 c1=2.500 c2=0.500
DQN-PSO iter 300/600 | Fitness: 1837.63 | w=0.363 c1=0.600 c2=2.400
DQN-PSO iter 300/600 | Fitness: 1993.44 | w=0.100 c1=2.300 c2=0.700
DQN-PSO iter 350/600 | Fitness: 1719.68 | w=0.100 c1=2.400 c2=1.650
DQN-PSO iter 350/600 | Fitness: 1818.60 | w=0.100 c1=2.300 c2=0.700
DQN-PSO iter 350/600 | Fitness: 1786.26 | w=0.403 c1=0.950 c2=2.200
DQN-PSO iter 350/600 | Fitness: 1872.25 | w=0.100 c1=0.600 c2=2.450
DQN-PSO iter 350/600 | Fitness: 1801.21 | w=0.400 c1=2.500 c2=0.550
DQN-PSO iter 350/600 | Fitness: 1635.95 | w=0.836 c1=2.500 c2=0.550
DQN-PSO iter 350/600 | Fitness: 1795.14 | w=0.591 c1=2.500 c2=0.500
DQN-PSO iter 350/600 | Fitness: 1722.30 | w=0.900 c1=2.500 c2=0.500
DQN-PSO iter 350/600 | Fitness: 1607.71 | w=0.100 c1=1.850 c2=1.150
DQN-PSO iter 350/600 | Fitness: 2011.62 | w=0.552 c1=2.400 c2=0.600
DQN-PSO iter 350/600 | Fitness: 1801.58 | w=0.203 c1=2.500 c2=0.500
DQN-PSO iter 350/600 | Fitness: 1774.63 | w=0.100 c1=2.200 c2=0.700
DQN-PSO iter 350/600 | Fitness: 1993.44 | w=0.900 c1=2.500 c2=0.500
DQN-PSO iter 350/600 | Fitness: 1836.80 | w=0.402 c1=0.600 c2=2.450
DQN-PSO iter 400/600 | Fitness: 1704.37 | w=0.597 c1=2.500 c2=0.600
DQN-PSO iter 400/600 | Fitness: 1818.59 | w=0.283 c1=2.500 c2=0.500
DQN-PSO iter 400/600 | Fitness: 1872.15 | w=0.100 c1=0.500 c2=2.500
DQN-PSO iter 400/600 | Fitness: 1795.05 | w=0.100 c1=2.400 c2=0.600
DQN-PSO iter 400/600 | Fitness: 1779.93 | w=0.400 c1=0.700 c2=2.450
DQN-PSO iter 400/600 | Fitness: 1801.21 | w=0.758 c1=2.500 c2=0.500
DQN-PSO iter 400/600 | Fitness: 1635.95 | w=0.630 c1=2.300 c2=0.850
DQN-PSO iter 400/600 | Fitness: 1722.30 | w=0.100 c1=2.400 c2=0.600
DQN-PSO iter 400/600 | Fitness: 1607.71 | w=0.324 c1=2.500 c2=0.500
DQN-PSO iter 400/600 | Fitness: 2011.62 | w=0.900 c1=2.500 c2=0.500
DQN-PSO iter 400/600 | Fitness: 1772.71 | w=0.900 c1=2.500 c2=0.500
DQN-PSO iter 400/600 | Fitness: 1774.57 | w=0.791 c1=2.100 c2=0.650
DQN-PSO iter 400/600 | Fitness: 1993.44 | w=0.822 c1=2.500 c2=0.500
DQN-PSO iter 400/600 | Fitness: 1830.61 | w=0.100 c1=0.550 c2=2.450
DQN-PSO iter 450/600 | Fitness: 1694.76 | w=0.414 c1=2.500 c2=0.550
DQN-PSO iter 450/600 | Fitness: 1818.59 | w=0.299 c1=2.400 c2=0.700
DQN-PSO iter 450/600 | Fitness: 1794.88 | w=0.162 c1=2.500 c2=0.500
DQN-PSO iter 450/600 | Fitness: 1779.68 | w=0.100 c1=0.900 c2=2.300
DQN-PSO iter 450/600 | Fitness: 1872.12 | w=0.623 c1=0.650 c2=2.350
DQN-PSO iter 450/600 | Fitness: 1801.16 | w=0.900 c1=2.500 c2=0.500
DQN-PSO iter 450/600 | Fitness: 1635.92 | w=0.569 c1=2.500 c2=0.600
DQN-PSO iter 450/600 | Fitness: 1607.71 | w=0.231 c1=1.650 c2=1.400
DQN-PSO iter 450/600 | Fitness: 1722.30 | w=0.900 c1=2.450 c2=0.500
DQN-PSO iter 450/600 | Fitness: 2011.61 | w=0.100 c1=2.400 c2=0.600
DQN-PSO iter 450/600 | Fitness: 1757.84 | w=0.900 c1=2.450 c2=0.500
DQN-PSO iter 450/600 | Fitness: 1993.44 | w=0.100 c1=2.300 c2=0.750
DQN-PSO iter 450/600 | Fitness: 1774.55 | w=0.900 c1=2.500 c2=0.500
DQN-PSO iter 450/600 | Fitness: 1829.12 | w=0.100 c1=0.500 c2=2.500
DQN-PSO iter 500/600 | Fitness: 1694.14 | w=0.100 c1=2.200 c2=0.950
DQN-PSO iter 500/600 | Fitness: 1818.59 | w=0.100 c1=2.400 c2=0.600
DQN-PSO iter 500/600 | Fitness: 1801.05 | w=0.280 c1=2.500 c2=0.500
DQN-PSO iter 500/600 | Fitness: 1872.12 | w=0.405 c1=0.700 c2=2.450
DQN-PSO iter 500/600 | Fitness: 1794.87 | w=0.100 c1=2.400 c2=0.600
DQN-PSO iter 500/600 | Fitness: 1779.67 | w=0.400 c1=1.400 c2=1.800
DQN-PSO iter 500/600 | Fitness: 1635.64 | w=0.401 c1=2.400 c2=0.700
DQN-PSO iter 500/600 | Fitness: 1607.71 | w=0.900 c1=2.350 c2=0.650
DQN-PSO iter 500/600 | Fitness: 1722.30 | w=0.100 c1=2.400 c2=0.600
DQN-PSO iter 500/600 | Fitness: 2011.61 | w=0.519 c1=2.500 c2=0.500
DQN-PSO iter 500/600 | Fitness: 1747.38 | w=0.900 c1=2.500 c2=0.500
DQN-PSO iter 500/600 | Fitness: 1767.40 | w=0.281 c1=1.550 c2=1.450
DQN-PSO iter 500/600 | Fitness: 1828.85 | w=0.400 c1=0.700 c2=2.350
DQN-PSO iter 500/600 | Fitness: 1993.44 | w=0.100 c1=2.400 c2=0.600
DQN-PSO iter 550/600 | Fitness: 1694.13 | w=0.400 c1=2.400 c2=0.750
DQN-PSO iter 550/600 | Fitness: 1872.12 | w=0.100 c1=0.700 c2=2.250
DQN-PSO iter 550/600 | Fitness: 1818.59 | w=0.100 c1=2.000 c2=1.000
DQN-PSO iter 550/600 | Fitness: 1801.05 | w=0.864 c1=2.500 c2=0.500
DQN-PSO iter 550/600 | Fitness: 1779.65 | w=0.100 c1=1.400 c2=1.750
DQN-PSO iter 550/600 | Fitness: 1607.71 | w=0.100 c1=1.550 c2=1.400
DQN-PSO iter 550/600 | Fitness: 1794.86 | w=0.380 c1=2.500 c2=0.500
DQN-PSO iter 550/600 | Fitness: 1722.30 | w=0.900 c1=2.500 c2=0.500
DQN-PSO iter 550/600 | Fitness: 1635.64 | w=0.603 c1=2.250 c2=0.750
DQN-PSO iter 550/600 | Fitness: 2011.60 | w=0.351 c1=2.500 c2=0.500
DQN-PSO iter 550/600 | Fitness: 1737.45 | w=0.900 c1=2.500 c2=0.500
DQN-PSO iter 550/600 | Fitness: 1765.92 | w=0.400 c1=2.200 c2=0.550
DQN-PSO iter 550/600 | Fitness: 1993.44 | w=0.585 c1=2.500 c2=0.550
DQN-PSO iter 550/600 | Fitness: 1826.07 | w=0.100 c1=0.800 c2=2.000
DQN-PSO iter 600/600 | Fitness: 1694.12 | w=0.900 c1=2.500 c2=0.500
DQN-PSO completed with final fitness: 1694.1247

========== Planning Complete ==========
Algorithm: DQN_PSO
Execution time: 68.0371 seconds
Path length: 170.7871 units
Waypoints: 7
Best fitness: 1694.1247
========================================


========== Direct Global Planning ==========
Algorithm: DQN_PSO
Start: [10.0, 95.0, 10.0]
Goal:  [97.0, 2.0, 10.0]
============================================

Warning: DQN-PSO (paper) is homogeneous; forcing paramMode to global.
> In <a href="matlab:matlab.lang.internal.introspective.errorDocCallback('globalPathPlanningDQNPSO', '/Users/hust-hwashin621m/Desktop/vietanhpaper-2/algorithms/dqn_pso/globalPathPlanningDQNPSO.m', 15)" style="font-weight:bold">globalPathPlanningDQNPSO</a> (<a href="matlab: opentoline('/Users/hust-hwashin621m/Desktop/vietanhpaper-2/algorithms/dqn_pso/globalPathPlanningDQNPSO.m',15,0)">line 15</a>)
In <a href="matlab:matlab.lang.internal.introspective.errorDocCallback('callGlobalPlanningAlgorithm', '/Users/hust-hwashin621m/Desktop/vietanhpaper-2/algorithms/callGlobalPlanningAlgorithm.m', 212)" style="font-weight:bold">callGlobalPlanningAlgorithm</a> (<a href="matlab: opentoline('/Users/hust-hwashin621m/Desktop/vietanhpaper-2/algorithms/callGlobalPlanningAlgorithm.m',212,0)">line 212</a>)
In <a href="matlab:matlab.lang.internal.introspective.errorDocCallback('directGlobalPlanning', '/Users/hust-hwashin621m/Desktop/vietanhpaper-2/shared/path_planning/directGlobalPlanning.m', 59)" style="font-weight:bold">directGlobalPlanning</a> (<a href="matlab: opentoline('/Users/hust-hwashin621m/Desktop/vietanhpaper-2/shared/path_planning/directGlobalPlanning.m',59,0)">line 59</a>)
In <a href="matlab:matlab.lang.internal.introspective.errorDocCallback('run_comparison>@(varargin)directGlobalPlanning(varargin{:})', '/Users/hust-hwashin621m/Desktop/vietanhpaper-2/run_comparison.m', 282)" style="font-weight:bold">run_comparison>@(varargin)directGlobalPlanning(varargin{:})</a> (<a href="matlab: opentoline('/Users/hust-hwashin621m/Desktop/vietanhpaper-2/run_comparison.m',282,0)">line 282</a>)
In <a href="matlab:matlab.lang.internal.introspective.errorDocCallback('compare_algorithms>runAlgorithmBatch', '/Users/hust-hwashin621m/Desktop/vietanhpaper-2/scripts/compare_algorithms.m', 139)" style="font-weight:bold">compare_algorithms>runAlgorithmBatch</a> (<a href="matlab: opentoline('/Users/hust-hwashin621m/Desktop/vietanhpaper-2/scripts/compare_algorithms.m',139,0)">line 139</a>)
Starting DQN-PSO (HMM + DQN) - Mode: global
DQN-PSO iter 600/600 | Fitness: 1818.59 | w=0.100 c1=2.400 c2=0.600
DQN-PSO completed with final fitness: 1818.5894

========== Planning Complete ==========
Algorithm: DQN_PSO
Execution time: 68.6984 seconds
Path length: 154.6625 units
Waypoints: 7
Best fitness: 1818.5894
========================================


========== Direct Global Planning ==========
Algorithm: DQN_PSO
Start: [10.0, 95.0, 10.0]
Goal:  [97.0, 2.0, 10.0]
============================================

Warning: DQN-PSO (paper) is homogeneous; forcing paramMode to global.
> In <a href="matlab:matlab.lang.internal.introspective.errorDocCallback('globalPathPlanningDQNPSO', '/Users/hust-hwashin621m/Desktop/vietanhpaper-2/algorithms/dqn_pso/globalPathPlanningDQNPSO.m', 15)" style="font-weight:bold">globalPathPlanningDQNPSO</a> (<a href="matlab: opentoline('/Users/hust-hwashin621m/Desktop/vietanhpaper-2/algorithms/dqn_pso/globalPathPlanningDQNPSO.m',15,0)">line 15</a>)
In <a href="matlab:matlab.lang.internal.introspective.errorDocCallback('callGlobalPlanningAlgorithm', '/Users/hust-hwashin621m/Desktop/vietanhpaper-2/algorithms/callGlobalPlanningAlgorithm.m', 212)" style="font-weight:bold">callGlobalPlanningAlgorithm</a> (<a href="matlab: opentoline('/Users/hust-hwashin621m/Desktop/vietanhpaper-2/algorithms/callGlobalPlanningAlgorithm.m',212,0)">line 212</a>)
In <a href="matlab:matlab.lang.internal.introspective.errorDocCallback('directGlobalPlanning', '/Users/hust-hwashin621m/Desktop/vietanhpaper-2/shared/path_planning/directGlobalPlanning.m', 59)" style="font-weight:bold">directGlobalPlanning</a> (<a href="matlab: opentoline('/Users/hust-hwashin621m/Desktop/vietanhpaper-2/shared/path_planning/directGlobalPlanning.m',59,0)">line 59</a>)
In <a href="matlab:matlab.lang.internal.introspective.errorDocCallback('run_comparison>@(varargin)directGlobalPlanning(varargin{:})', '/Users/hust-hwashin621m/Desktop/vietanhpaper-2/run_comparison.m', 282)" style="font-weight:bold">run_comparison>@(varargin)directGlobalPlanning(varargin{:})</a> (<a href="matlab: opentoline('/Users/hust-hwashin621m/Desktop/vietanhpaper-2/run_comparison.m',282,0)">line 282</a>)
In <a href="matlab:matlab.lang.internal.introspective.errorDocCallback('compare_algorithms>runAlgorithmBatch', '/Users/hust-hwashin621m/Desktop/vietanhpaper-2/scripts/compare_algorithms.m', 139)" style="font-weight:bold">compare_algorithms>runAlgorithmBatch</a> (<a href="matlab: opentoline('/Users/hust-hwashin621m/Desktop/vietanhpaper-2/scripts/compare_algorithms.m',139,0)">line 139</a>)
Starting DQN-PSO (HMM + DQN) - Mode: global
DQN-PSO iter 600/600 | Fitness: 1794.86 | w=0.900 c1=2.500 c2=0.500
DQN-PSO completed with final fitness: 1794.8608

========== Planning Complete ==========
Algorithm: DQN_PSO
Execution time: 68.2369 seconds
Path length: 183.3266 units
Waypoints: 7
Best fitness: 1794.8608
========================================


========== Direct Global Planning ==========
Algorithm: DQN_PSO
Start: [10.0, 95.0, 10.0]
Goal:  [97.0, 2.0, 10.0]
============================================

Warning: DQN-PSO (paper) is homogeneous; forcing paramMode to global.
> In <a href="matlab:matlab.lang.internal.introspective.errorDocCallback('globalPathPlanningDQNPSO', '/Users/hust-hwashin621m/Desktop/vietanhpaper-2/algorithms/dqn_pso/globalPathPlanningDQNPSO.m', 15)" style="font-weight:bold">globalPathPlanningDQNPSO</a> (<a href="matlab: opentoline('/Users/hust-hwashin621m/Desktop/vietanhpaper-2/algorithms/dqn_pso/globalPathPlanningDQNPSO.m',15,0)">line 15</a>)
In <a href="matlab:matlab.lang.internal.introspective.errorDocCallback('callGlobalPlanningAlgorithm', '/Users/hust-hwashin621m/Desktop/vietanhpaper-2/algorithms/callGlobalPlanningAlgorithm.m', 212)" style="font-weight:bold">callGlobalPlanningAlgorithm</a> (<a href="matlab: opentoline('/Users/hust-hwashin621m/Desktop/vietanhpaper-2/algorithms/callGlobalPlanningAlgorithm.m',212,0)">line 212</a>)
In <a href="matlab:matlab.lang.internal.introspective.errorDocCallback('directGlobalPlanning', '/Users/hust-hwashin621m/Desktop/vietanhpaper-2/shared/path_planning/directGlobalPlanning.m', 59)" style="font-weight:bold">directGlobalPlanning</a> (<a href="matlab: opentoline('/Users/hust-hwashin621m/Desktop/vietanhpaper-2/shared/path_planning/directGlobalPlanning.m',59,0)">line 59</a>)
In <a href="matlab:matlab.lang.internal.introspective.errorDocCallback('run_comparison>@(varargin)directGlobalPlanning(varargin{:})', '/Users/hust-hwashin621m/Desktop/vietanhpaper-2/run_comparison.m', 282)" style="font-weight:bold">run_comparison>@(varargin)directGlobalPlanning(varargin{:})</a> (<a href="matlab: opentoline('/Users/hust-hwashin621m/Desktop/vietanhpaper-2/run_comparison.m',282,0)">line 282</a>)
In <a href="matlab:matlab.lang.internal.introspective.errorDocCallback('compare_algorithms>runAlgorithmBatch', '/Users/hust-hwashin621m/Desktop/vietanhpaper-2/scripts/compare_algorithms.m', 139)" style="font-weight:bold">compare_algorithms>runAlgorithmBatch</a> (<a href="matlab: opentoline('/Users/hust-hwashin621m/Desktop/vietanhpaper-2/scripts/compare_algorithms.m',139,0)">line 139</a>)
Starting DQN-PSO (HMM + DQN) - Mode: global
DQN-PSO iter 600/600 | Fitness: 1801.05 | w=0.100 c1=2.200 c2=0.850
DQN-PSO completed with final fitness: 1801.0459

========== Planning Complete ==========
Algorithm: DQN_PSO
Execution time: 67.7632 seconds
Path length: 160.1004 units
Waypoints: 7
Best fitness: 1801.0459
========================================


========== Direct Global Planning ==========
Algorithm: DQN_PSO
Start: [10.0, 95.0, 10.0]
Goal:  [97.0, 2.0, 10.0]
============================================

Warning: DQN-PSO (paper) is homogeneous; forcing paramMode to global.
> In <a href="matlab:matlab.lang.internal.introspective.errorDocCallback('globalPathPlanningDQNPSO', '/Users/hust-hwashin621m/Desktop/vietanhpaper-2/algorithms/dqn_pso/globalPathPlanningDQNPSO.m', 15)" style="font-weight:bold">globalPathPlanningDQNPSO</a> (<a href="matlab: opentoline('/Users/hust-hwashin621m/Desktop/vietanhpaper-2/algorithms/dqn_pso/globalPathPlanningDQNPSO.m',15,0)">line 15</a>)
In <a href="matlab:matlab.lang.internal.introspective.errorDocCallback('callGlobalPlanningAlgorithm', '/Users/hust-hwashin621m/Desktop/vietanhpaper-2/algorithms/callGlobalPlanningAlgorithm.m', 212)" style="font-weight:bold">callGlobalPlanningAlgorithm</a> (<a href="matlab: opentoline('/Users/hust-hwashin621m/Desktop/vietanhpaper-2/algorithms/callGlobalPlanningAlgorithm.m',212,0)">line 212</a>)
In <a href="matlab:matlab.lang.internal.introspective.errorDocCallback('directGlobalPlanning', '/Users/hust-hwashin621m/Desktop/vietanhpaper-2/shared/path_planning/directGlobalPlanning.m', 59)" style="font-weight:bold">directGlobalPlanning</a> (<a href="matlab: opentoline('/Users/hust-hwashin621m/Desktop/vietanhpaper-2/shared/path_planning/directGlobalPlanning.m',59,0)">line 59</a>)
In <a href="matlab:matlab.lang.internal.introspective.errorDocCallback('run_comparison>@(varargin)directGlobalPlanning(varargin{:})', '/Users/hust-hwashin621m/Desktop/vietanhpaper-2/run_comparison.m', 282)" style="font-weight:bold">run_comparison>@(varargin)directGlobalPlanning(varargin{:})</a> (<a href="matlab: opentoline('/Users/hust-hwashin621m/Desktop/vietanhpaper-2/run_comparison.m',282,0)">line 282</a>)
In <a href="matlab:matlab.lang.internal.introspective.errorDocCallback('compare_algorithms>runAlgorithmBatch', '/Users/hust-hwashin621m/Desktop/vietanhpaper-2/scripts/compare_algorithms.m', 139)" style="font-weight:bold">compare_algorithms>runAlgorithmBatch</a> (<a href="matlab: opentoline('/Users/hust-hwashin621m/Desktop/vietanhpaper-2/scripts/compare_algorithms.m',139,0)">line 139</a>)
Starting DQN-PSO (HMM + DQN) - Mode: global
DQN-PSO iter 600/600 | Fitness: 1779.65 | w=0.100 c1=2.350 c2=1.150
DQN-PSO completed with final fitness: 1779.6511

========== Planning Complete ==========
Algorithm: DQN_PSO
Execution time: 69.0882 seconds
Path length: 177.1900 units
Waypoints: 7
Best fitness: 1779.6511
========================================


========== Direct Global Planning ==========
Algorithm: DQN_PSO
Start: [10.0, 95.0, 10.0]
Goal:  [97.0, 2.0, 10.0]
============================================

Warning: DQN-PSO (paper) is homogeneous; forcing paramMode to global.
> In <a href="matlab:matlab.lang.internal.introspective.errorDocCallback('globalPathPlanningDQNPSO', '/Users/hust-hwashin621m/Desktop/vietanhpaper-2/algorithms/dqn_pso/globalPathPlanningDQNPSO.m', 15)" style="font-weight:bold">globalPathPlanningDQNPSO</a> (<a href="matlab: opentoline('/Users/hust-hwashin621m/Desktop/vietanhpaper-2/algorithms/dqn_pso/globalPathPlanningDQNPSO.m',15,0)">line 15</a>)
In <a href="matlab:matlab.lang.internal.introspective.errorDocCallback('callGlobalPlanningAlgorithm', '/Users/hust-hwashin621m/Desktop/vietanhpaper-2/algorithms/callGlobalPlanningAlgorithm.m', 212)" style="font-weight:bold">callGlobalPlanningAlgorithm</a> (<a href="matlab: opentoline('/Users/hust-hwashin621m/Desktop/vietanhpaper-2/algorithms/callGlobalPlanningAlgorithm.m',212,0)">line 212</a>)
In <a href="matlab:matlab.lang.internal.introspective.errorDocCallback('directGlobalPlanning', '/Users/hust-hwashin621m/Desktop/vietanhpaper-2/shared/path_planning/directGlobalPlanning.m', 59)" style="font-weight:bold">directGlobalPlanning</a> (<a href="matlab: opentoline('/Users/hust-hwashin621m/Desktop/vietanhpaper-2/shared/path_planning/directGlobalPlanning.m',59,0)">line 59</a>)
In <a href="matlab:matlab.lang.internal.introspective.errorDocCallback('run_comparison>@(varargin)directGlobalPlanning(varargin{:})', '/Users/hust-hwashin621m/Desktop/vietanhpaper-2/run_comparison.m', 282)" style="font-weight:bold">run_comparison>@(varargin)directGlobalPlanning(varargin{:})</a> (<a href="matlab: opentoline('/Users/hust-hwashin621m/Desktop/vietanhpaper-2/run_comparison.m',282,0)">line 282</a>)
In <a href="matlab:matlab.lang.internal.introspective.errorDocCallback('compare_algorithms>runAlgorithmBatch', '/Users/hust-hwashin621m/Desktop/vietanhpaper-2/scripts/compare_algorithms.m', 139)" style="font-weight:bold">compare_algorithms>runAlgorithmBatch</a> (<a href="matlab: opentoline('/Users/hust-hwashin621m/Desktop/vietanhpaper-2/scripts/compare_algorithms.m',139,0)">line 139</a>)
Starting DQN-PSO (HMM + DQN) - Mode: global
DQN-PSO iter 600/600 | Fitness: 1872.08 | w=0.100 c1=0.500 c2=2.500
DQN-PSO completed with final fitness: 1872.0833

========== Planning Complete ==========
Algorithm: DQN_PSO
Execution time: 68.7543 seconds
Path length: 165.2325 units
Waypoints: 7
Best fitness: 1872.0833
========================================


========== Direct Global Planning ==========
Algorithm: DQN_PSO
Start: [10.0, 95.0, 10.0]
Goal:  [97.0, 2.0, 10.0]
============================================

Warning: DQN-PSO (paper) is homogeneous; forcing paramMode to global.
> In <a href="matlab:matlab.lang.internal.introspective.errorDocCallback('globalPathPlanningDQNPSO', '/Users/hust-hwashin621m/Desktop/vietanhpaper-2/algorithms/dqn_pso/globalPathPlanningDQNPSO.m', 15)" style="font-weight:bold">globalPathPlanningDQNPSO</a> (<a href="matlab: opentoline('/Users/hust-hwashin621m/Desktop/vietanhpaper-2/algorithms/dqn_pso/globalPathPlanningDQNPSO.m',15,0)">line 15</a>)
In <a href="matlab:matlab.lang.internal.introspective.errorDocCallback('callGlobalPlanningAlgorithm', '/Users/hust-hwashin621m/Desktop/vietanhpaper-2/algorithms/callGlobalPlanningAlgorithm.m', 212)" style="font-weight:bold">callGlobalPlanningAlgorithm</a> (<a href="matlab: opentoline('/Users/hust-hwashin621m/Desktop/vietanhpaper-2/algorithms/callGlobalPlanningAlgorithm.m',212,0)">line 212</a>)
In <a href="matlab:matlab.lang.internal.introspective.errorDocCallback('directGlobalPlanning', '/Users/hust-hwashin621m/Desktop/vietanhpaper-2/shared/path_planning/directGlobalPlanning.m', 59)" style="font-weight:bold">directGlobalPlanning</a> (<a href="matlab: opentoline('/Users/hust-hwashin621m/Desktop/vietanhpaper-2/shared/path_planning/directGlobalPlanning.m',59,0)">line 59</a>)
In <a href="matlab:matlab.lang.internal.introspective.errorDocCallback('run_comparison>@(varargin)directGlobalPlanning(varargin{:})', '/Users/hust-hwashin621m/Desktop/vietanhpaper-2/run_comparison.m', 282)" style="font-weight:bold">run_comparison>@(varargin)directGlobalPlanning(varargin{:})</a> (<a href="matlab: opentoline('/Users/hust-hwashin621m/Desktop/vietanhpaper-2/run_comparison.m',282,0)">line 282</a>)
In <a href="matlab:matlab.lang.internal.introspective.errorDocCallback('compare_algorithms>runAlgorithmBatch', '/Users/hust-hwashin621m/Desktop/vietanhpaper-2/scripts/compare_algorithms.m', 139)" style="font-weight:bold">compare_algorithms>runAlgorithmBatch</a> (<a href="matlab: opentoline('/Users/hust-hwashin621m/Desktop/vietanhpaper-2/scripts/compare_algorithms.m',139,0)">line 139</a>)
Starting DQN-PSO (HMM + DQN) - Mode: global
DQN-PSO iter 600/600 | Fitness: 1635.64 | w=0.410 c1=2.300 c2=0.750
DQN-PSO completed with final fitness: 1635.6375

========== Planning Complete ==========
Algorithm: DQN_PSO
Execution time: 69.7931 seconds
Path length: 152.8038 units
Waypoints: 7
Best fitness: 1635.6375
========================================


========== Direct Global Planning ==========
Algorithm: DQN_PSO
Start: [10.0, 95.0, 10.0]
Goal:  [97.0, 2.0, 10.0]
============================================

Warning: DQN-PSO (paper) is homogeneous; forcing paramMode to global.
> In <a href="matlab:matlab.lang.internal.introspective.errorDocCallback('globalPathPlanningDQNPSO', '/Users/hust-hwashin621m/Desktop/vietanhpaper-2/algorithms/dqn_pso/globalPathPlanningDQNPSO.m', 15)" style="font-weight:bold">globalPathPlanningDQNPSO</a> (<a href="matlab: opentoline('/Users/hust-hwashin621m/Desktop/vietanhpaper-2/algorithms/dqn_pso/globalPathPlanningDQNPSO.m',15,0)">line 15</a>)
In <a href="matlab:matlab.lang.internal.introspective.errorDocCallback('callGlobalPlanningAlgorithm', '/Users/hust-hwashin621m/Desktop/vietanhpaper-2/algorithms/callGlobalPlanningAlgorithm.m', 212)" style="font-weight:bold">callGlobalPlanningAlgorithm</a> (<a href="matlab: opentoline('/Users/hust-hwashin621m/Desktop/vietanhpaper-2/algorithms/callGlobalPlanningAlgorithm.m',212,0)">line 212</a>)
In <a href="matlab:matlab.lang.internal.introspective.errorDocCallback('directGlobalPlanning', '/Users/hust-hwashin621m/Desktop/vietanhpaper-2/shared/path_planning/directGlobalPlanning.m', 59)" style="font-weight:bold">directGlobalPlanning</a> (<a href="matlab: opentoline('/Users/hust-hwashin621m/Desktop/vietanhpaper-2/shared/path_planning/directGlobalPlanning.m',59,0)">line 59</a>)
In <a href="matlab:matlab.lang.internal.introspective.errorDocCallback('run_comparison>@(varargin)directGlobalPlanning(varargin{:})', '/Users/hust-hwashin621m/Desktop/vietanhpaper-2/run_comparison.m', 282)" style="font-weight:bold">run_comparison>@(varargin)directGlobalPlanning(varargin{:})</a> (<a href="matlab: opentoline('/Users/hust-hwashin621m/Desktop/vietanhpaper-2/run_comparison.m',282,0)">line 282</a>)
In <a href="matlab:matlab.lang.internal.introspective.errorDocCallback('compare_algorithms>runAlgorithmBatch', '/Users/hust-hwashin621m/Desktop/vietanhpaper-2/scripts/compare_algorithms.m', 139)" style="font-weight:bold">compare_algorithms>runAlgorithmBatch</a> (<a href="matlab: opentoline('/Users/hust-hwashin621m/Desktop/vietanhpaper-2/scripts/compare_algorithms.m',139,0)">line 139</a>)
Starting DQN-PSO (HMM + DQN) - Mode: global
DQN-PSO iter 600/600 | Fitness: 1607.71 | w=0.900 c1=1.700 c2=1.400
DQN-PSO completed with final fitness: 1607.7056

========== Planning Complete ==========
Algorithm: DQN_PSO
Execution time: 69.6319 seconds
Path length: 149.1054 units
Waypoints: 7
Best fitness: 1607.7056
========================================


========== Direct Global Planning ==========
Algorithm: DQN_PSO
Start: [10.0, 95.0, 10.0]
Goal:  [97.0, 2.0, 10.0]
============================================

Warning: DQN-PSO (paper) is homogeneous; forcing paramMode to global.
> In <a href="matlab:matlab.lang.internal.introspective.errorDocCallback('globalPathPlanningDQNPSO', '/Users/hust-hwashin621m/Desktop/vietanhpaper-2/algorithms/dqn_pso/globalPathPlanningDQNPSO.m', 15)" style="font-weight:bold">globalPathPlanningDQNPSO</a> (<a href="matlab: opentoline('/Users/hust-hwashin621m/Desktop/vietanhpaper-2/algorithms/dqn_pso/globalPathPlanningDQNPSO.m',15,0)">line 15</a>)
In <a href="matlab:matlab.lang.internal.introspective.errorDocCallback('callGlobalPlanningAlgorithm', '/Users/hust-hwashin621m/Desktop/vietanhpaper-2/algorithms/callGlobalPlanningAlgorithm.m', 212)" style="font-weight:bold">callGlobalPlanningAlgorithm</a> (<a href="matlab: opentoline('/Users/hust-hwashin621m/Desktop/vietanhpaper-2/algorithms/callGlobalPlanningAlgorithm.m',212,0)">line 212</a>)
In <a href="matlab:matlab.lang.internal.introspective.errorDocCallback('directGlobalPlanning', '/Users/hust-hwashin621m/Desktop/vietanhpaper-2/shared/path_planning/directGlobalPlanning.m', 59)" style="font-weight:bold">directGlobalPlanning</a> (<a href="matlab: opentoline('/Users/hust-hwashin621m/Desktop/vietanhpaper-2/shared/path_planning/directGlobalPlanning.m',59,0)">line 59</a>)
In <a href="matlab:matlab.lang.internal.introspective.errorDocCallback('run_comparison>@(varargin)directGlobalPlanning(varargin{:})', '/Users/hust-hwashin621m/Desktop/vietanhpaper-2/run_comparison.m', 282)" style="font-weight:bold">run_comparison>@(varargin)directGlobalPlanning(varargin{:})</a> (<a href="matlab: opentoline('/Users/hust-hwashin621m/Desktop/vietanhpaper-2/run_comparison.m',282,0)">line 282</a>)
In <a href="matlab:matlab.lang.internal.introspective.errorDocCallback('compare_algorithms>runAlgorithmBatch', '/Users/hust-hwashin621m/Desktop/vietanhpaper-2/scripts/compare_algorithms.m', 139)" style="font-weight:bold">compare_algorithms>runAlgorithmBatch</a> (<a href="matlab: opentoline('/Users/hust-hwashin621m/Desktop/vietanhpaper-2/scripts/compare_algorithms.m',139,0)">line 139</a>)
Starting DQN-PSO (HMM + DQN) - Mode: global
DQN-PSO iter 600/600 | Fitness: 1722.30 | w=0.900 c1=2.500 c2=0.500
DQN-PSO completed with final fitness: 1722.2959

========== Planning Complete ==========
Algorithm: DQN_PSO
Execution time: 68.3754 seconds
Path length: 233.8070 units
Waypoints: 7
Best fitness: 1722.2959
========================================


========== Direct Global Planning ==========
Algorithm: DQN_PSO
Start: [10.0, 95.0, 10.0]
Goal:  [97.0, 2.0, 10.0]
============================================

Warning: DQN-PSO (paper) is homogeneous; forcing paramMode to global.
> In <a href="matlab:matlab.lang.internal.introspective.errorDocCallback('globalPathPlanningDQNPSO', '/Users/hust-hwashin621m/Desktop/vietanhpaper-2/algorithms/dqn_pso/globalPathPlanningDQNPSO.m', 15)" style="font-weight:bold">globalPathPlanningDQNPSO</a> (<a href="matlab: opentoline('/Users/hust-hwashin621m/Desktop/vietanhpaper-2/algorithms/dqn_pso/globalPathPlanningDQNPSO.m',15,0)">line 15</a>)
In <a href="matlab:matlab.lang.internal.introspective.errorDocCallback('callGlobalPlanningAlgorithm', '/Users/hust-hwashin621m/Desktop/vietanhpaper-2/algorithms/callGlobalPlanningAlgorithm.m', 212)" style="font-weight:bold">callGlobalPlanningAlgorithm</a> (<a href="matlab: opentoline('/Users/hust-hwashin621m/Desktop/vietanhpaper-2/algorithms/callGlobalPlanningAlgorithm.m',212,0)">line 212</a>)
In <a href="matlab:matlab.lang.internal.introspective.errorDocCallback('directGlobalPlanning', '/Users/hust-hwashin621m/Desktop/vietanhpaper-2/shared/path_planning/directGlobalPlanning.m', 59)" style="font-weight:bold">directGlobalPlanning</a> (<a href="matlab: opentoline('/Users/hust-hwashin621m/Desktop/vietanhpaper-2/shared/path_planning/directGlobalPlanning.m',59,0)">line 59</a>)
In <a href="matlab:matlab.lang.internal.introspective.errorDocCallback('run_comparison>@(varargin)directGlobalPlanning(varargin{:})', '/Users/hust-hwashin621m/Desktop/vietanhpaper-2/run_comparison.m', 282)" style="font-weight:bold">run_comparison>@(varargin)directGlobalPlanning(varargin{:})</a> (<a href="matlab: opentoline('/Users/hust-hwashin621m/Desktop/vietanhpaper-2/run_comparison.m',282,0)">line 282</a>)
In <a href="matlab:matlab.lang.internal.introspective.errorDocCallback('compare_algorithms>runAlgorithmBatch', '/Users/hust-hwashin621m/Desktop/vietanhpaper-2/scripts/compare_algorithms.m', 139)" style="font-weight:bold">compare_algorithms>runAlgorithmBatch</a> (<a href="matlab: opentoline('/Users/hust-hwashin621m/Desktop/vietanhpaper-2/scripts/compare_algorithms.m',139,0)">line 139</a>)
Starting DQN-PSO (HMM + DQN) - Mode: global
DQN-PSO iter 600/600 | Fitness: 2011.41 | w=0.100 c1=2.400 c2=0.600
DQN-PSO completed with final fitness: 2011.4145

========== Planning Complete ==========
Algorithm: DQN_PSO
Execution time: 69.5842 seconds
Path length: 187.3110 units
Waypoints: 7
Best fitness: 2011.4145
========================================


========== Direct Global Planning ==========
Algorithm: DQN_PSO
Start: [10.0, 95.0, 10.0]
Goal:  [97.0, 2.0, 10.0]
============================================

Warning: DQN-PSO (paper) is homogeneous; forcing paramMode to global.
> In <a href="matlab:matlab.lang.internal.introspective.errorDocCallback('globalPathPlanningDQNPSO', '/Users/hust-hwashin621m/Desktop/vietanhpaper-2/algorithms/dqn_pso/globalPathPlanningDQNPSO.m', 15)" style="font-weight:bold">globalPathPlanningDQNPSO</a> (<a href="matlab: opentoline('/Users/hust-hwashin621m/Desktop/vietanhpaper-2/algorithms/dqn_pso/globalPathPlanningDQNPSO.m',15,0)">line 15</a>)
In <a href="matlab:matlab.lang.internal.introspective.errorDocCallback('callGlobalPlanningAlgorithm', '/Users/hust-hwashin621m/Desktop/vietanhpaper-2/algorithms/callGlobalPlanningAlgorithm.m', 212)" style="font-weight:bold">callGlobalPlanningAlgorithm</a> (<a href="matlab: opentoline('/Users/hust-hwashin621m/Desktop/vietanhpaper-2/algorithms/callGlobalPlanningAlgorithm.m',212,0)">line 212</a>)
In <a href="matlab:matlab.lang.internal.introspective.errorDocCallback('directGlobalPlanning', '/Users/hust-hwashin621m/Desktop/vietanhpaper-2/shared/path_planning/directGlobalPlanning.m', 59)" style="font-weight:bold">directGlobalPlanning</a> (<a href="matlab: opentoline('/Users/hust-hwashin621m/Desktop/vietanhpaper-2/shared/path_planning/directGlobalPlanning.m',59,0)">line 59</a>)
In <a href="matlab:matlab.lang.internal.introspective.errorDocCallback('run_comparison>@(varargin)directGlobalPlanning(varargin{:})', '/Users/hust-hwashin621m/Desktop/vietanhpaper-2/run_comparison.m', 282)" style="font-weight:bold">run_comparison>@(varargin)directGlobalPlanning(varargin{:})</a> (<a href="matlab: opentoline('/Users/hust-hwashin621m/Desktop/vietanhpaper-2/run_comparison.m',282,0)">line 282</a>)
In <a href="matlab:matlab.lang.internal.introspective.errorDocCallback('compare_algorithms>runAlgorithmBatch', '/Users/hust-hwashin621m/Desktop/vietanhpaper-2/scripts/compare_algorithms.m', 139)" style="font-weight:bold">compare_algorithms>runAlgorithmBatch</a> (<a href="matlab: opentoline('/Users/hust-hwashin621m/Desktop/vietanhpaper-2/scripts/compare_algorithms.m',139,0)">line 139</a>)
Starting DQN-PSO (HMM + DQN) - Mode: global
DQN-PSO iter 600/600 | Fitness: 1725.09 | w=0.900 c1=2.450 c2=0.500
DQN-PSO completed with final fitness: 1725.086

========== Planning Complete ==========
Algorithm: DQN_PSO
Execution time: 69.6213 seconds
Path length: 163.9837 units
Waypoints: 7
Best fitness: 1725.0860
========================================


========== Direct Global Planning ==========
Algorithm: DQN_PSO
Start: [10.0, 95.0, 10.0]
Goal:  [97.0, 2.0, 10.0]
============================================

Warning: DQN-PSO (paper) is homogeneous; forcing paramMode to global.
> In <a href="matlab:matlab.lang.internal.introspective.errorDocCallback('globalPathPlanningDQNPSO', '/Users/hust-hwashin621m/Desktop/vietanhpaper-2/algorithms/dqn_pso/globalPathPlanningDQNPSO.m', 15)" style="font-weight:bold">globalPathPlanningDQNPSO</a> (<a href="matlab: opentoline('/Users/hust-hwashin621m/Desktop/vietanhpaper-2/algorithms/dqn_pso/globalPathPlanningDQNPSO.m',15,0)">line 15</a>)
In <a href="matlab:matlab.lang.internal.introspective.errorDocCallback('callGlobalPlanningAlgorithm', '/Users/hust-hwashin621m/Desktop/vietanhpaper-2/algorithms/callGlobalPlanningAlgorithm.m', 212)" style="font-weight:bold">callGlobalPlanningAlgorithm</a> (<a href="matlab: opentoline('/Users/hust-hwashin621m/Desktop/vietanhpaper-2/algorithms/callGlobalPlanningAlgorithm.m',212,0)">line 212</a>)
In <a href="matlab:matlab.lang.internal.introspective.errorDocCallback('directGlobalPlanning', '/Users/hust-hwashin621m/Desktop/vietanhpaper-2/shared/path_planning/directGlobalPlanning.m', 59)" style="font-weight:bold">directGlobalPlanning</a> (<a href="matlab: opentoline('/Users/hust-hwashin621m/Desktop/vietanhpaper-2/shared/path_planning/directGlobalPlanning.m',59,0)">line 59</a>)
In <a href="matlab:matlab.lang.internal.introspective.errorDocCallback('run_comparison>@(varargin)directGlobalPlanning(varargin{:})', '/Users/hust-hwashin621m/Desktop/vietanhpaper-2/run_comparison.m', 282)" style="font-weight:bold">run_comparison>@(varargin)directGlobalPlanning(varargin{:})</a> (<a href="matlab: opentoline('/Users/hust-hwashin621m/Desktop/vietanhpaper-2/run_comparison.m',282,0)">line 282</a>)
In <a href="matlab:matlab.lang.internal.introspective.errorDocCallback('compare_algorithms>runAlgorithmBatch', '/Users/hust-hwashin621m/Desktop/vietanhpaper-2/scripts/compare_algorithms.m', 139)" style="font-weight:bold">compare_algorithms>runAlgorithmBatch</a> (<a href="matlab: opentoline('/Users/hust-hwashin621m/Desktop/vietanhpaper-2/scripts/compare_algorithms.m',139,0)">line 139</a>)
Starting DQN-PSO (HMM + DQN) - Mode: global
DQN-PSO iter 50/600 | Fitness: 1960.57 | w=0.505 c1=2.500 c2=0.500
DQN-PSO iter 600/600 | Fitness: 1993.44 | w=0.829 c1=2.500 c2=0.500
DQN-PSO completed with final fitness: 1993.4387

========== Planning Complete ==========
Algorithm: DQN_PSO
Execution time: 69.1149 seconds
Path length: 193.1834 units
Waypoints: 7
Best fitness: 1993.4387
========================================


========== Direct Global Planning ==========
Algorithm: DQN_PSO
Start: [10.0, 95.0, 10.0]
Goal:  [97.0, 2.0, 10.0]
============================================

Warning: DQN-PSO (paper) is homogeneous; forcing paramMode to global.
> In <a href="matlab:matlab.lang.internal.introspective.errorDocCallback('globalPathPlanningDQNPSO', '/Users/hust-hwashin621m/Desktop/vietanhpaper-2/algorithms/dqn_pso/globalPathPlanningDQNPSO.m', 15)" style="font-weight:bold">globalPathPlanningDQNPSO</a> (<a href="matlab: opentoline('/Users/hust-hwashin621m/Desktop/vietanhpaper-2/algorithms/dqn_pso/globalPathPlanningDQNPSO.m',15,0)">line 15</a>)
In <a href="matlab:matlab.lang.internal.introspective.errorDocCallback('callGlobalPlanningAlgorithm', '/Users/hust-hwashin621m/Desktop/vietanhpaper-2/algorithms/callGlobalPlanningAlgorithm.m', 212)" style="font-weight:bold">callGlobalPlanningAlgorithm</a> (<a href="matlab: opentoline('/Users/hust-hwashin621m/Desktop/vietanhpaper-2/algorithms/callGlobalPlanningAlgorithm.m',212,0)">line 212</a>)
In <a href="matlab:matlab.lang.internal.introspective.errorDocCallback('directGlobalPlanning', '/Users/hust-hwashin621m/Desktop/vietanhpaper-2/shared/path_planning/directGlobalPlanning.m', 59)" style="font-weight:bold">directGlobalPlanning</a> (<a href="matlab: opentoline('/Users/hust-hwashin621m/Desktop/vietanhpaper-2/shared/path_planning/directGlobalPlanning.m',59,0)">line 59</a>)
In <a href="matlab:matlab.lang.internal.introspective.errorDocCallback('run_comparison>@(varargin)directGlobalPlanning(varargin{:})', '/Users/hust-hwashin621m/Desktop/vietanhpaper-2/run_comparison.m', 282)" style="font-weight:bold">run_comparison>@(varargin)directGlobalPlanning(varargin{:})</a> (<a href="matlab: opentoline('/Users/hust-hwashin621m/Desktop/vietanhpaper-2/run_comparison.m',282,0)">line 282</a>)
In <a href="matlab:matlab.lang.internal.introspective.errorDocCallback('compare_algorithms>runAlgorithmBatch', '/Users/hust-hwashin621m/Desktop/vietanhpaper-2/scripts/compare_algorithms.m', 139)" style="font-weight:bold">compare_algorithms>runAlgorithmBatch</a> (<a href="matlab: opentoline('/Users/hust-hwashin621m/Desktop/vietanhpaper-2/scripts/compare_algorithms.m',139,0)">line 139</a>)
Starting DQN-PSO (HMM + DQN) - Mode: global
DQN-PSO iter 600/600 | Fitness: 1765.92 | w=0.499 c1=2.300 c2=0.750
DQN-PSO completed with final fitness: 1765.9173

========== Planning Complete ==========
Algorithm: DQN_PSO
Execution time: 70.1754 seconds
Path length: 152.0067 units
Waypoints: 7
Best fitness: 1765.9173
========================================


========== Direct Global Planning ==========
Algorithm: DQN_PSO
Start: [10.0, 95.0, 10.0]
Goal:  [97.0, 2.0, 10.0]
============================================

Warning: DQN-PSO (paper) is homogeneous; forcing paramMode to global.
> In <a href="matlab:matlab.lang.internal.introspective.errorDocCallback('globalPathPlanningDQNPSO', '/Users/hust-hwashin621m/Desktop/vietanhpaper-2/algorithms/dqn_pso/globalPathPlanningDQNPSO.m', 15)" style="font-weight:bold">globalPathPlanningDQNPSO</a> (<a href="matlab: opentoline('/Users/hust-hwashin621m/Desktop/vietanhpaper-2/algorithms/dqn_pso/globalPathPlanningDQNPSO.m',15,0)">line 15</a>)
In <a href="matlab:matlab.lang.internal.introspective.errorDocCallback('callGlobalPlanningAlgorithm', '/Users/hust-hwashin621m/Desktop/vietanhpaper-2/algorithms/callGlobalPlanningAlgorithm.m', 212)" style="font-weight:bold">callGlobalPlanningAlgorithm</a> (<a href="matlab: opentoline('/Users/hust-hwashin621m/Desktop/vietanhpaper-2/algorithms/callGlobalPlanningAlgorithm.m',212,0)">line 212</a>)
In <a href="matlab:matlab.lang.internal.introspective.errorDocCallback('directGlobalPlanning', '/Users/hust-hwashin621m/Desktop/vietanhpaper-2/shared/path_planning/directGlobalPlanning.m', 59)" style="font-weight:bold">directGlobalPlanning</a> (<a href="matlab: opentoline('/Users/hust-hwashin621m/Desktop/vietanhpaper-2/shared/path_planning/directGlobalPlanning.m',59,0)">line 59</a>)
In <a href="matlab:matlab.lang.internal.introspective.errorDocCallback('run_comparison>@(varargin)directGlobalPlanning(varargin{:})', '/Users/hust-hwashin621m/Desktop/vietanhpaper-2/run_comparison.m', 282)" style="font-weight:bold">run_comparison>@(varargin)directGlobalPlanning(varargin{:})</a> (<a href="matlab: opentoline('/Users/hust-hwashin621m/Desktop/vietanhpaper-2/run_comparison.m',282,0)">line 282</a>)
In <a href="matlab:matlab.lang.internal.introspective.errorDocCallback('compare_algorithms>runAlgorithmBatch', '/Users/hust-hwashin621m/Desktop/vietanhpaper-2/scripts/compare_algorithms.m', 139)" style="font-weight:bold">compare_algorithms>runAlgorithmBatch</a> (<a href="matlab: opentoline('/Users/hust-hwashin621m/Desktop/vietanhpaper-2/scripts/compare_algorithms.m',139,0)">line 139</a>)
Starting DQN-PSO (HMM + DQN) - Mode: global
DQN-PSO iter 600/600 | Fitness: 1825.98 | w=0.401 c1=0.800 c2=2.300
DQN-PSO completed with final fitness: 1825.9767

========== Planning Complete ==========
Algorithm: DQN_PSO
Execution time: 69.7096 seconds
Path length: 155.2353 units
Waypoints: 7
Best fitness: 1825.9767
========================================


========== Direct Global Planning ==========
Algorithm: DQN_PSO
Start: [10.0, 95.0, 10.0]
Goal:  [97.0, 2.0, 10.0]
============================================

Warning: DQN-PSO (paper) is homogeneous; forcing paramMode to global.
> In <a href="matlab:matlab.lang.internal.introspective.errorDocCallback('globalPathPlanningDQNPSO', '/Users/hust-hwashin621m/Desktop/vietanhpaper-2/algorithms/dqn_pso/globalPathPlanningDQNPSO.m', 15)" style="font-weight:bold">globalPathPlanningDQNPSO</a> (<a href="matlab: opentoline('/Users/hust-hwashin621m/Desktop/vietanhpaper-2/algorithms/dqn_pso/globalPathPlanningDQNPSO.m',15,0)">line 15</a>)
In <a href="matlab:matlab.lang.internal.introspective.errorDocCallback('callGlobalPlanningAlgorithm', '/Users/hust-hwashin621m/Desktop/vietanhpaper-2/algorithms/callGlobalPlanningAlgorithm.m', 212)" style="font-weight:bold">callGlobalPlanningAlgorithm</a> (<a href="matlab: opentoline('/Users/hust-hwashin621m/Desktop/vietanhpaper-2/algorithms/callGlobalPlanningAlgorithm.m',212,0)">line 212</a>)
In <a href="matlab:matlab.lang.internal.introspective.errorDocCallback('directGlobalPlanning', '/Users/hust-hwashin621m/Desktop/vietanhpaper-2/shared/path_planning/directGlobalPlanning.m', 59)" style="font-weight:bold">directGlobalPlanning</a> (<a href="matlab: opentoline('/Users/hust-hwashin621m/Desktop/vietanhpaper-2/shared/path_planning/directGlobalPlanning.m',59,0)">line 59</a>)
In <a href="matlab:matlab.lang.internal.introspective.errorDocCallback('run_comparison>@(varargin)directGlobalPlanning(varargin{:})', '/Users/hust-hwashin621m/Desktop/vietanhpaper-2/run_comparison.m', 282)" style="font-weight:bold">run_comparison>@(varargin)directGlobalPlanning(varargin{:})</a> (<a href="matlab: opentoline('/Users/hust-hwashin621m/Desktop/vietanhpaper-2/run_comparison.m',282,0)">line 282</a>)
In <a href="matlab:matlab.lang.internal.introspective.errorDocCallback('compare_algorithms>runAlgorithmBatch', '/Users/hust-hwashin621m/Desktop/vietanhpaper-2/scripts/compare_algorithms.m', 139)" style="font-weight:bold">compare_algorithms>runAlgorithmBatch</a> (<a href="matlab: opentoline('/Users/hust-hwashin621m/Desktop/vietanhpaper-2/scripts/compare_algorithms.m',139,0)">line 139</a>)
Starting DQN-PSO (HMM + DQN) - Mode: global
DQN-PSO iter 50/600 | Fitness: 2171.59 | w=0.900 c1=2.500 c2=0.500
DQN-PSO iter 50/600 | Fitness: 1923.20 | w=0.766 c1=2.500 c2=0.500
DQN-PSO iter 50/600 | Fitness: 2062.97 | w=0.510 c1=2.500 c2=0.500
DQN-PSO iter 50/600 | Fitness: 1847.48 | w=0.900 c1=2.500 c2=0.500
DQN-PSO iter 50/600 | Fitness: 2029.62 | w=0.900 c1=2.000 c2=0.900
DQN-PSO iter 50/600 | Fitness: 1843.81 | w=0.773 c1=2.500 c2=0.500
DQN-PSO iter 50/600 | Fitness: 1665.25 | w=0.100 c1=0.500 c2=2.500
DQN-PSO iter 50/600 | Fitness: 2054.79 | w=0.577 c1=2.500 c2=0.500
DQN-PSO iter 50/600 | Fitness: 2140.40 | w=0.541 c1=1.700 c2=1.350
DQN-PSO iter 50/600 | Fitness: 2034.86 | w=0.491 c1=2.500 c2=0.500
DQN-PSO iter 50/600 | Fitness: 2114.90 | w=0.100 c1=1.500 c2=1.800
DQN-PSO iter 50/600 | Fitness: 1962.61 | w=0.199 c1=2.500 c2=0.500
DQN-PSO iter 50/600 | Fitness: 2302.05 | w=0.900 c1=0.700 c2=2.000
DQN-PSO iter 100/600 | Fitness: 1954.82 | w=0.312 c1=2.500 c2=0.500
DQN-PSO iter 100/600 | Fitness: 2103.22 | w=0.831 c1=2.500 c2=0.500
DQN-PSO iter 100/600 | Fitness: 1838.94 | w=0.100 c1=2.300 c2=0.750
DQN-PSO iter 100/600 | Fitness: 1830.90 | w=0.900 c1=2.500 c2=0.500
DQN-PSO iter 100/600 | Fitness: 2033.30 | w=0.334 c1=2.500 c2=0.500
DQN-PSO iter 100/600 | Fitness: 1778.91 | w=0.342 c1=2.450 c2=0.500
DQN-PSO iter 100/600 | Fitness: 1819.54 | w=0.401 c1=2.500 c2=0.850
DQN-PSO iter 100/600 | Fitness: 1559.91 | w=0.100 c1=0.650 c2=2.350
DQN-PSO iter 100/600 | Fitness: 1853.61 | w=0.443 c1=2.500 c2=0.500
DQN-PSO iter 100/600 | Fitness: 2093.69 | w=0.417 c1=2.500 c2=0.500
DQN-PSO iter 100/600 | Fitness: 2024.92 | w=0.482 c1=2.500 c2=0.500
DQN-PSO iter 100/600 | Fitness: 2033.61 | w=0.100 c1=0.500 c2=2.500
DQN-PSO iter 100/600 | Fitness: 2165.66 | w=0.400 c1=0.600 c2=2.450
DQN-PSO iter 100/600 | Fitness: 1907.51 | w=0.554 c1=2.500 c2=0.500
DQN-PSO iter 150/600 | Fitness: 1954.82 | w=0.761 c1=2.500 c2=0.550
DQN-PSO iter 150/600 | Fitness: 2097.01 | w=0.900 c1=2.500 c2=0.500
DQN-PSO iter 150/600 | Fitness: 2031.34 | w=0.827 c1=2.500 c2=0.500
DQN-PSO iter 150/600 | Fitness: 1824.51 | w=0.401 c1=2.500 c2=0.500
DQN-PSO iter 150/600 | Fitness: 1760.81 | w=0.100 c1=2.250 c2=0.700
DQN-PSO iter 150/600 | Fitness: 1838.00 | w=0.100 c1=2.400 c2=0.600
DQN-PSO iter 150/600 | Fitness: 1817.14 | w=0.283 c1=2.500 c2=0.500
DQN-PSO iter 150/600 | Fitness: 1558.40 | w=0.595 c1=0.600 c2=2.400
DQN-PSO iter 150/600 | Fitness: 1805.15 | w=0.900 c1=2.500 c2=0.500
DQN-PSO iter 150/600 | Fitness: 2031.63 | w=0.900 c1=0.550 c2=2.400
DQN-PSO iter 150/600 | Fitness: 2092.84 | w=0.402 c1=2.500 c2=0.500
DQN-PSO iter 150/600 | Fitness: 2024.85 | w=0.900 c1=2.150 c2=0.800
DQN-PSO iter 150/600 | Fitness: 1907.16 | w=0.352 c1=2.500 c2=0.500
DQN-PSO iter 150/600 | Fitness: 2157.03 | w=0.900 c1=0.550 c2=2.400
DQN-PSO iter 200/600 | Fitness: 1954.82 | w=0.100 c1=2.400 c2=0.600
DQN-PSO iter 200/600 | Fitness: 2091.45 | w=0.900 c1=2.500 c2=0.500
DQN-PSO iter 200/600 | Fitness: 2030.63 | w=0.100 c1=2.400 c2=0.600
DQN-PSO iter 200/600 | Fitness: 1749.89 | w=0.900 c1=2.300 c2=0.500
DQN-PSO iter 200/600 | Fitness: 1822.52 | w=0.596 c1=2.500 c2=0.500
DQN-PSO iter 200/600 | Fitness: 1837.64 | w=0.796 c1=2.400 c2=0.600
DQN-PSO iter 200/600 | Fitness: 1817.13 | w=0.900 c1=2.500 c2=0.500
DQN-PSO iter 200/600 | Fitness: 1557.86 | w=0.400 c1=0.650 c2=2.200
DQN-PSO iter 200/600 | Fitness: 1749.86 | w=0.900 c1=2.500 c2=0.500
DQN-PSO iter 200/600 | Fitness: 2030.44 | w=0.900 c1=0.600 c2=2.350
DQN-PSO iter 200/600 | Fitness: 2092.83 | w=0.666 c1=2.500 c2=0.500
DQN-PSO iter 200/600 | Fitness: 2151.55 | w=0.100 c1=0.600 c2=2.450
DQN-PSO iter 200/600 | Fitness: 2024.83 | w=0.100 c1=2.400 c2=0.600
DQN-PSO iter 200/600 | Fitness: 1907.15 | w=0.537 c1=2.500 c2=0.500
DQN-PSO iter 250/600 | Fitness: 1954.82 | w=0.100 c1=2.400 c2=0.600
DQN-PSO iter 250/600 | Fitness: 2086.67 | w=0.407 c1=2.500 c2=0.500
DQN-PSO iter 250/600 | Fitness: 2030.63 | w=0.481 c1=2.500 c2=0.500
DQN-PSO iter 250/600 | Fitness: 1809.65 | w=0.431 c1=2.500 c2=0.500
DQN-PSO iter 250/600 | Fitness: 1744.85 | w=0.735 c1=2.500 c2=0.500
DQN-PSO iter 250/600 | Fitness: 1836.83 | w=0.400 c1=2.500 c2=0.500
DQN-PSO iter 250/600 | Fitness: 1815.49 | w=0.400 c1=2.500 c2=0.500
DQN-PSO iter 250/600 | Fitness: 1557.77 | w=0.100 c1=0.500 c2=2.500
DQN-PSO iter 250/600 | Fitness: 2030.34 | w=0.812 c1=0.700 c2=2.300
DQN-PSO iter 250/600 | Fitness: 2092.83 | w=0.413 c1=2.500 c2=0.600
DQN-PSO iter 250/600 | Fitness: 2151.48 | w=0.100 c1=0.500 c2=2.500
DQN-PSO iter 250/600 | Fitness: 1730.20 | w=0.417 c1=2.500 c2=0.500
DQN-PSO iter 250/600 | Fitness: 2024.75 | w=0.100 c1=2.400 c2=0.600
DQN-PSO iter 250/600 | Fitness: 1907.15 | w=0.635 c1=2.500 c2=0.500
DQN-PSO iter 300/600 | Fitness: 1954.82 | w=0.857 c1=2.500 c2=0.500
DQN-PSO iter 300/600 | Fitness: 2066.12 | w=0.386 c1=2.500 c2=0.500
DQN-PSO iter 300/600 | Fitness: 2030.63 | w=0.577 c1=2.500 c2=0.500
DQN-PSO iter 300/600 | Fitness: 1836.83 | w=0.900 c1=2.500 c2=0.500
DQN-PSO iter 300/600 | Fitness: 1805.74 | w=0.900 c1=2.500 c2=0.500
DQN-PSO iter 300/600 | Fitness: 1740.75 | w=0.100 c1=2.300 c2=0.700
DQN-PSO iter 300/600 | Fitness: 1815.39 | w=0.100 c1=2.400 c2=0.950
DQN-PSO iter 300/600 | Fitness: 2028.79 | w=0.400 c1=0.700 c2=2.400
DQN-PSO iter 300/600 | Fitness: 1557.75 | w=0.406 c1=0.650 c2=2.350
DQN-PSO iter 300/600 | Fitness: 2024.18 | w=0.779 c1=2.500 c2=0.650
DQN-PSO iter 300/600 | Fitness: 1727.74 | w=0.152 c1=2.500 c2=0.500
DQN-PSO iter 300/600 | Fitness: 2092.83 | w=0.648 c1=2.500 c2=0.500
DQN-PSO iter 300/600 | Fitness: 2151.48 | w=0.900 c1=0.550 c2=2.200
DQN-PSO iter 300/600 | Fitness: 1907.15 | w=0.286 c1=2.500 c2=0.500
DQN-PSO iter 350/600 | Fitness: 1954.82 | w=0.712 c1=2.500 c2=0.500
DQN-PSO iter 350/600 | Fitness: 2030.63 | w=0.397 c1=2.500 c2=0.500
DQN-PSO iter 350/600 | Fitness: 2064.05 | w=0.900 c1=2.500 c2=0.500
DQN-PSO iter 350/600 | Fitness: 1740.75 | w=0.100 c1=2.300 c2=0.700
DQN-PSO iter 350/600 | Fitness: 1815.39 | w=0.264 c1=2.500 c2=0.500
DQN-PSO iter 350/600 | Fitness: 1836.83 | w=0.854 c1=2.500 c2=0.500
DQN-PSO iter 350/600 | Fitness: 1800.25 | w=0.900 c1=2.500 c2=0.500
DQN-PSO iter 350/600 | Fitness: 1727.21 | w=0.900 c1=2.450 c2=0.500
DQN-PSO iter 350/600 | Fitness: 2027.68 | w=0.100 c1=0.750 c2=2.300
DQN-PSO iter 350/600 | Fitness: 1557.73 | w=0.100 c1=0.650 c2=2.500
DQN-PSO iter 350/600 | Fitness: 2151.45 | w=0.100 c1=1.000 c2=2.000
DQN-PSO iter 350/600 | Fitness: 2024.10 | w=0.900 c1=2.500 c2=0.500
DQN-PSO iter 350/600 | Fitness: 2092.83 | w=0.425 c1=2.500 c2=0.500
DQN-PSO iter 350/600 | Fitness: 1907.15 | w=0.322 c1=2.500 c2=0.500
DQN-PSO iter 400/600 | Fitness: 1954.82 | w=0.404 c1=2.500 c2=0.500
DQN-PSO iter 400/600 | Fitness: 2063.89 | w=0.416 c1=2.500 c2=0.500
DQN-PSO iter 400/600 | Fitness: 2030.63 | w=0.869 c1=2.500 c2=0.500
DQN-PSO iter 400/600 | Fitness: 1800.10 | w=0.900 c1=2.500 c2=0.500
DQN-PSO iter 400/600 | Fitness: 1740.74 | w=0.900 c1=2.350 c2=0.600
DQN-PSO iter 400/600 | Fitness: 1836.82 | w=0.100 c1=2.400 c2=0.600
DQN-PSO iter 400/600 | Fitness: 1815.39 | w=0.900 c1=2.500 c2=0.500
DQN-PSO iter 400/600 | Fitness: 1557.73 | w=0.406 c1=1.450 c2=1.600
DQN-PSO iter 400/600 | Fitness: 1727.00 | w=0.841 c1=2.500 c2=0.500
DQN-PSO iter 400/600 | Fitness: 2027.01 | w=0.409 c1=1.700 c2=1.300
DQN-PSO iter 400/600 | Fitness: 2151.45 | w=0.466 c1=0.850 c2=2.250
DQN-PSO iter 400/600 | Fitness: 2023.93 | w=0.100 c1=2.400 c2=0.600
DQN-PSO iter 400/600 | Fitness: 2092.83 | w=0.413 c1=2.500 c2=0.500
DQN-PSO iter 400/600 | Fitness: 1907.15 | w=0.265 c1=2.500 c2=0.500
DQN-PSO iter 450/600 | Fitness: 1954.82 | w=0.900 c1=2.500 c2=0.600
DQN-PSO iter 450/600 | Fitness: 2063.84 | w=0.714 c1=2.500 c2=0.500
DQN-PSO iter 450/600 | Fitness: 2030.63 | w=0.292 c1=2.500 c2=0.500
DQN-PSO iter 450/600 | Fitness: 1740.72 | w=0.900 c1=2.500 c2=0.500
DQN-PSO iter 450/600 | Fitness: 1836.72 | w=0.100 c1=2.300 c2=0.750
DQN-PSO iter 450/600 | Fitness: 1799.24 | w=0.100 c1=2.400 c2=0.600
DQN-PSO iter 450/600 | Fitness: 1815.39 | w=0.900 c1=2.400 c2=0.500
DQN-PSO iter 450/600 | Fitness: 1557.73 | w=0.100 c1=1.300 c2=2.000
DQN-PSO iter 450/600 | Fitness: 2151.45 | w=0.900 c1=1.000 c2=1.800
DQN-PSO iter 450/600 | Fitness: 1726.23 | w=0.339 c1=2.500 c2=0.500
DQN-PSO iter 450/600 | Fitness: 2026.76 | w=0.404 c1=1.750 c2=1.000
DQN-PSO iter 450/600 | Fitness: 2023.89 | w=0.900 c1=2.500 c2=0.500
DQN-PSO iter 450/600 | Fitness: 2092.83 | w=0.466 c1=2.500 c2=0.500
DQN-PSO iter 450/600 | Fitness: 1907.15 | w=0.900 c1=2.500 c2=0.500
DQN-PSO iter 500/600 | Fitness: 1954.82 | w=0.771 c1=2.500 c2=0.550
DQN-PSO iter 500/600 | Fitness: 2030.63 | w=0.769 c1=2.500 c2=0.500
DQN-PSO iter 500/600 | Fitness: 2063.81 | w=0.165 c1=2.500 c2=0.500
DQN-PSO iter 500/600 | Fitness: 1740.66 | w=0.900 c1=2.500 c2=0.500
DQN-PSO iter 500/600 | Fitness: 1836.41 | w=0.100 c1=2.400 c2=0.600
DQN-PSO iter 500/600 | Fitness: 1798.85 | w=0.378 c1=2.500 c2=0.500
DQN-PSO iter 500/600 | Fitness: 1815.39 | w=0.900 c1=2.500 c2=0.500
DQN-PSO iter 500/600 | Fitness: 2026.48 | w=0.900 c1=2.050 c2=0.650
DQN-PSO iter 500/600 | Fitness: 1556.47 | w=0.900 c1=0.600 c2=2.300
DQN-PSO iter 500/600 | Fitness: 1725.33 | w=0.400 c1=2.500 c2=0.500
DQN-PSO iter 500/600 | Fitness: 2151.45 | w=0.900 c1=1.800 c2=1.100
DQN-PSO iter 500/600 | Fitness: 2092.83 | w=0.100 c1=2.200 c2=0.850
DQN-PSO iter 500/600 | Fitness: 2023.87 | w=0.813 c1=2.500 c2=0.800
DQN-PSO iter 500/600 | Fitness: 1907.15 | w=0.403 c1=2.500 c2=0.550
DQN-PSO iter 550/600 | Fitness: 1954.82 | w=0.900 c1=2.450 c2=0.500
DQN-PSO iter 550/600 | Fitness: 2030.63 | w=0.900 c1=2.500 c2=0.500
DQN-PSO iter 550/600 | Fitness: 2063.72 | w=0.606 c1=2.500 c2=0.500
DQN-PSO iter 550/600 | Fitness: 1798.73 | w=0.900 c1=2.500 c2=0.500
DQN-PSO iter 550/600 | Fitness: 1738.66 | w=0.900 c1=2.150 c2=0.850
DQN-PSO iter 550/600 | Fitness: 1835.18 | w=0.765 c1=2.500 c2=0.500
DQN-PSO iter 550/600 | Fitness: 1815.39 | w=0.100 c1=2.300 c2=0.750
DQN-PSO iter 550/600 | Fitness: 1554.55 | w=0.100 c1=0.750 c2=2.300
DQN-PSO iter 550/600 | Fitness: 1725.09 | w=0.409 c1=2.500 c2=0.500
DQN-PSO iter 550/600 | Fitness: 2024.76 | w=0.408 c1=0.850 c2=2.150
DQN-PSO iter 550/600 | Fitness: 2092.83 | w=0.100 c1=2.300 c2=0.700
DQN-PSO iter 550/600 | Fitness: 2151.45 | w=0.100 c1=2.150 c2=0.700
DQN-PSO iter 550/600 | Fitness: 2023.71 | w=0.865 c1=2.300 c2=0.650
DQN-PSO iter 550/600 | Fitness: 1907.15 | w=0.470 c1=2.500 c2=0.500
DQN-PSO iter 600/600 | Fitness: 1954.82 | w=0.381 c1=2.500 c2=0.500
DQN-PSO completed with final fitness: 1954.8155

========== Planning Complete ==========
Algorithm: DQN_PSO
Execution time: 67.1211 seconds
Path length: 171.7360 units
Waypoints: 7
Best fitness: 1954.8155
========================================


========== Direct Global Planning ==========
Algorithm: RLAMPSO
Start: [10.0, 95.0, 10.0]
Goal:  [97.0, 2.0, 10.0]
============================================


╔════════════════════════════════════════════════════════╗
║     RLAM-PSO Configuration (GPU-Optimized)            ║
╚════════════════════════════════════════════════════════╝

Mode: baseline

--- Features Enabled ---
  Transformer State: OFF (state: 15D)
  TD3:               OFF
  PER:               OFF
  Curriculum:        OFF

--- Compute Configuration ---
  Mode:              GPU-Optimized Sequential
  GPU:               OFF (CPU fallback)
  Parallel:          OFF (disabled for dlnetwork compatibility)

--- Training Parameters ---
  Episodes:          100
  Population:        40
  Max Iterations:    600
  Batch Size:        256 (GPU-optimized)
  Actor LR:          0.00010
  Critic LR:         0.00100

--- GPU Optimization (2025) ---
  Gradient Steps/Call:  1
  Train Every:          1 iterations
  Mid-Episode Training: ON
  Estimated UTD Ratio:  ~600.0

════════════════════════════════════════════════════════


╔════════════════════════════════════════════════════════╗
║     RLAM-PSO Configuration (GPU-Optimized)            ║
╚════════════════════════════════════════════════════════╝

Mode: baseline

--- Features Enabled ---
  Transformer State: OFF (state: 15D)
  TD3:               OFF
  PER:               OFF
  Curriculum:        OFF

--- Compute Configuration ---
  Mode:              GPU-Optimized Sequential
  GPU:               OFF (CPU fallback)
  Parallel:          OFF (disabled for dlnetwork compatibility)

--- Training Parameters ---
  Episodes:          100
  Population:        40
  Max Iterations:    600
  Batch Size:        256 (GPU-optimized)
  Actor LR:          0.00010
  Critic LR:         0.00100

--- GPU Optimization (2025) ---
  Gradient Steps/Call:  1
  Train Every:          1 iterations
  Mid-Episode Training: ON
  Estimated UTD Ratio:  ~600.0

════════════════════════════════════════════════════════

[ACTION DEBUG iter 100] Raw action[1:3]: [0.7651, -0.2569, 0.4723], noise: 0.0500
[RLAMPSO DEBUG iter 100] w=0.5926, c1=1.6140, c2=1.6365 | fitness=1720.89
[REWARD DEBUG iter 100] FitnessImprovement: 0.0584 → Reward: +1.0000 (prevFit=1720.89, currFit=1720.83)
DQN-PSO iter 600/600 | Fitness: 2063.63 | w=0.900 c1=2.500 c2=0.500
DQN-PSO completed with final fitness: 2063.6324

========== Planning Complete ==========
Algorithm: DQN_PSO
Execution time: 69.0612 seconds
Path length: 195.0193 units
Waypoints: 7
Best fitness: 2063.6324
========================================

DQN-PSO iter 600/600 | Fitness: 2030.63 | w=0.100 c1=2.200 c2=0.800
DQN-PSO completed with final fitness: 2030.6302

========== Planning Complete ==========
Algorithm: DQN_PSO
Execution time: 68.6747 seconds
Path length: 228.8608 units
Waypoints: 7
Best fitness: 2030.6302
========================================


========== Direct Global Planning ==========
Algorithm: RLAMPSO
Start: [10.0, 95.0, 10.0]
Goal:  [97.0, 2.0, 10.0]
============================================


╔════════════════════════════════════════════════════════╗
║     RLAM-PSO Configuration (GPU-Optimized)            ║
╚════════════════════════════════════════════════════════╝

Mode: baseline

--- Features Enabled ---
  Transformer State: OFF (state: 15D)
  TD3:               OFF
  PER:               OFF
  Curriculum:        OFF

--- Compute Configuration ---
  Mode:              GPU-Optimized Sequential
  GPU:               OFF (CPU fallback)
  Parallel:          OFF (disabled for dlnetwork compatibility)

--- Training Parameters ---
  Episodes:          100
  Population:        40
  Max Iterations:    600
  Batch Size:        256 (GPU-optimized)
  Actor LR:          0.00010
  Critic LR:         0.00100

--- GPU Optimization (2025) ---
  Gradient Steps/Call:  1
  Train Every:          1 iterations
  Mid-Episode Training: ON
  Estimated UTD Ratio:  ~600.0

════════════════════════════════════════════════════════


╔════════════════════════════════════════════════════════╗
║     RLAM-PSO Configuration (GPU-Optimized)            ║
╚════════════════════════════════════════════════════════╝

Mode: baseline

--- Features Enabled ---
  Transformer State: OFF (state: 15D)
  TD3:               OFF
  PER:               OFF
  Curriculum:        OFF

--- Compute Configuration ---
  Mode:              GPU-Optimized Sequential
  GPU:               OFF (CPU fallback)
  Parallel:          OFF (disabled for dlnetwork compatibility)

--- Training Parameters ---
  Episodes:          100
  Population:        40
  Max Iterations:    600
  Batch Size:        256 (GPU-optimized)
  Actor LR:          0.00010
  Critic LR:         0.00100

--- GPU Optimization (2025) ---
  Gradient Steps/Call:  1
  Train Every:          1 iterations
  Mid-Episode Training: ON
  Estimated UTD Ratio:  ~600.0

════════════════════════════════════════════════════════


========== Direct Global Planning ==========
Algorithm: RLAMPSO
Start: [10.0, 95.0, 10.0]
Goal:  [97.0, 2.0, 10.0]
============================================


╔════════════════════════════════════════════════════════╗
║     RLAM-PSO Configuration (GPU-Optimized)            ║
╚════════════════════════════════════════════════════════╝

Mode: baseline

--- Features Enabled ---
  Transformer State: OFF (state: 15D)
  TD3:               OFF
  PER:               OFF
  Curriculum:        OFF

--- Compute Configuration ---
  Mode:              GPU-Optimized Sequential
  GPU:               OFF (CPU fallback)
  Parallel:          OFF (disabled for dlnetwork compatibility)

--- Training Parameters ---
  Episodes:          100
  Population:        40
  Max Iterations:    600
  Batch Size:        256 (GPU-optimized)
  Actor LR:          0.00010
  Critic LR:         0.00100

--- GPU Optimization (2025) ---
  Gradient Steps/Call:  1
  Train Every:          1 iterations
  Mid-Episode Training: ON
  Estimated UTD Ratio:  ~600.0

════════════════════════════════════════════════════════


╔════════════════════════════════════════════════════════╗
║     RLAM-PSO Configuration (GPU-Optimized)            ║
╚════════════════════════════════════════════════════════╝

Mode: baseline

--- Features Enabled ---
  Transformer State: OFF (state: 15D)
  TD3:               OFF
  PER:               OFF
  Curriculum:        OFF

--- Compute Configuration ---
  Mode:              GPU-Optimized Sequential
  GPU:               OFF (CPU fallback)
  Parallel:          OFF (disabled for dlnetwork compatibility)

--- Training Parameters ---
  Episodes:          100
  Population:        40
  Max Iterations:    600
  Batch Size:        256 (GPU-optimized)
  Actor LR:          0.00010
  Critic LR:         0.00100

--- GPU Optimization (2025) ---
  Gradient Steps/Call:  1
  Train Every:          1 iterations
  Mid-Episode Training: ON
  Estimated UTD Ratio:  ~600.0

════════════════════════════════════════════════════════

DQN-PSO iter 600/600 | Fitness: 1798.71 | w=0.217 c1=2.500 c2=0.500
DQN-PSO completed with final fitness: 1798.7102

========== Planning Complete ==========
Algorithm: DQN_PSO
Execution time: 69.4352 seconds
Path length: 154.1773 units
Waypoints: 7
Best fitness: 1798.7102
========================================

DQN-PSO iter 600/600 | Fitness: 1835.18 | w=0.100 c1=2.400 c2=0.600
DQN-PSO completed with final fitness: 1835.1828

========== Planning Complete ==========
Algorithm: DQN_PSO
Execution time: 69.2419 seconds
Path length: 173.8913 units
Waypoints: 7
Best fitness: 1835.1828
========================================


========== Direct Global Planning ==========
Algorithm: RLAMPSO
Start: [10.0, 95.0, 10.0]
Goal:  [97.0, 2.0, 10.0]
============================================


╔════════════════════════════════════════════════════════╗
║     RLAM-PSO Configuration (GPU-Optimized)            ║
╚════════════════════════════════════════════════════════╝

Mode: baseline

--- Features Enabled ---
  Transformer State: OFF (state: 15D)
  TD3:               OFF
  PER:               OFF
  Curriculum:        OFF

--- Compute Configuration ---
  Mode:              GPU-Optimized Sequential
  GPU:               OFF (CPU fallback)
  Parallel:          OFF (disabled for dlnetwork compatibility)

--- Training Parameters ---
  Episodes:          100
  Population:        40
  Max Iterations:    600
  Batch Size:        256 (GPU-optimized)
  Actor LR:          0.00010
  Critic LR:         0.00100

--- GPU Optimization (2025) ---
  Gradient Steps/Call:  1
  Train Every:          1 iterations
  Mid-Episode Training: ON
  Estimated UTD Ratio:  ~600.0

════════════════════════════════════════════════════════


╔════════════════════════════════════════════════════════╗
║     RLAM-PSO Configuration (GPU-Optimized)            ║
╚════════════════════════════════════════════════════════╝

Mode: baseline

--- Features Enabled ---
  Transformer State: OFF (state: 15D)
  TD3:               OFF
  PER:               OFF
  Curriculum:        OFF

--- Compute Configuration ---
  Mode:              GPU-Optimized Sequential
  GPU:               OFF (CPU fallback)
  Parallel:          OFF (disabled for dlnetwork compatibility)

--- Training Parameters ---
  Episodes:          100
  Population:        40
  Max Iterations:    600
  Batch Size:        256 (GPU-optimized)
  Actor LR:          0.00010
  Critic LR:         0.00100

--- GPU Optimization (2025) ---
  Gradient Steps/Call:  1
  Train Every:          1 iterations
  Mid-Episode Training: ON
  Estimated UTD Ratio:  ~600.0

════════════════════════════════════════════════════════

DQN-PSO iter 600/600 | Fitness: 1738.31 | w=0.400 c1=2.500 c2=0.500
DQN-PSO completed with final fitness: 1738.3125

========== Planning Complete ==========
Algorithm: DQN_PSO
Execution time: 69.3409 seconds
Path length: 176.2612 units
Waypoints: 7
Best fitness: 1738.3125
========================================


========== Direct Global Planning ==========
Algorithm: RLAMPSO
Start: [10.0, 95.0, 10.0]
Goal:  [97.0, 2.0, 10.0]
============================================


╔════════════════════════════════════════════════════════╗
║     RLAM-PSO Configuration (GPU-Optimized)            ║
╚════════════════════════════════════════════════════════╝

Mode: baseline

--- Features Enabled ---
  Transformer State: OFF (state: 15D)
  TD3:               OFF
  PER:               OFF
  Curriculum:        OFF

--- Compute Configuration ---
  Mode:              GPU-Optimized Sequential
  GPU:               OFF (CPU fallback)
  Parallel:          OFF (disabled for dlnetwork compatibility)

--- Training Parameters ---
  Episodes:          100
  Population:        40
  Max Iterations:    600
  Batch Size:        256 (GPU-optimized)
  Actor LR:          0.00010
  Critic LR:         0.00100

--- GPU Optimization (2025) ---
  Gradient Steps/Call:  1
  Train Every:          1 iterations
  Mid-Episode Training: ON
  Estimated UTD Ratio:  ~600.0

════════════════════════════════════════════════════════


╔════════════════════════════════════════════════════════╗
║     RLAM-PSO Configuration (GPU-Optimized)            ║
╚════════════════════════════════════════════════════════╝

Mode: baseline

--- Features Enabled ---
  Transformer State: OFF (state: 15D)
  TD3:               OFF
  PER:               OFF
  Curriculum:        OFF

--- Compute Configuration ---
  Mode:              GPU-Optimized Sequential
  GPU:               OFF (CPU fallback)
  Parallel:          OFF (disabled for dlnetwork compatibility)

--- Training Parameters ---
  Episodes:          100
  Population:        40
  Max Iterations:    600
  Batch Size:        256 (GPU-optimized)
  Actor LR:          0.00010
  Critic LR:         0.00100

--- GPU Optimization (2025) ---
  Gradient Steps/Call:  1
  Train Every:          1 iterations
  Mid-Episode Training: ON
  Estimated UTD Ratio:  ~600.0

════════════════════════════════════════════════════════

[ACTION DEBUG iter 200] Raw action[1:3]: [0.5674, 0.3190, 0.4352], noise: 0.0500
[RLAMPSO DEBUG iter 200] w=0.5211, c1=1.8617, c2=1.6431 | fitness=1716.12
[REWARD DEBUG iter 200] FitnessImprovement: 0.1339 → Reward: +1.0000 (prevFit=1716.12, currFit=1715.99)

========== Direct Global Planning ==========
Algorithm: RLAMPSO
Start: [10.0, 95.0, 10.0]
Goal:  [97.0, 2.0, 10.0]
============================================


╔════════════════════════════════════════════════════════╗
║     RLAM-PSO Configuration (GPU-Optimized)            ║
╚════════════════════════════════════════════════════════╝

Mode: baseline

--- Features Enabled ---
  Transformer State: OFF (state: 15D)
  TD3:               OFF
  PER:               OFF
  Curriculum:        OFF

--- Compute Configuration ---
  Mode:              GPU-Optimized Sequential
  GPU:               OFF (CPU fallback)
  Parallel:          OFF (disabled for dlnetwork compatibility)

--- Training Parameters ---
  Episodes:          100
  Population:        40
  Max Iterations:    600
  Batch Size:        256 (GPU-optimized)
  Actor LR:          0.00010
  Critic LR:         0.00100

--- GPU Optimization (2025) ---
  Gradient Steps/Call:  1
  Train Every:          1 iterations
  Mid-Episode Training: ON
  Estimated UTD Ratio:  ~600.0

════════════════════════════════════════════════════════


╔════════════════════════════════════════════════════════╗
║     RLAM-PSO Configuration (GPU-Optimized)            ║
╚════════════════════════════════════════════════════════╝

Mode: baseline

--- Features Enabled ---
  Transformer State: OFF (state: 15D)
  TD3:               OFF
  PER:               OFF
  Curriculum:        OFF

--- Compute Configuration ---
  Mode:              GPU-Optimized Sequential
  GPU:               OFF (CPU fallback)
  Parallel:          OFF (disabled for dlnetwork compatibility)

--- Training Parameters ---
  Episodes:          100
  Population:        40
  Max Iterations:    600
  Batch Size:        256 (GPU-optimized)
  Actor LR:          0.00010
  Critic LR:         0.00100

--- GPU Optimization (2025) ---
  Gradient Steps/Call:  1
  Train Every:          1 iterations
  Mid-Episode Training: ON
  Estimated UTD Ratio:  ~600.0

════════════════════════════════════════════════════════

DQN-PSO iter 600/600 | Fitness: 1815.20 | w=0.437 c1=2.500 c2=0.500
DQN-PSO completed with final fitness: 1815.1964

========== Planning Complete ==========
Algorithm: DQN_PSO
Execution time: 69.4995 seconds
Path length: 184.6175 units
Waypoints: 7
Best fitness: 1815.1964
========================================

[ACTION DEBUG iter 100] Raw action[1:3]: [-0.3645, 0.8263, -0.0282], noise: 0.0500
[RLAMPSO DEBUG iter 100] w=0.4496, c1=2.2945, c2=1.4497 | fitness=1708.20
DQN-PSO iter 600/600 | Fitness: 1553.16 | w=0.100 c1=1.000 c2=2.100
DQN-PSO completed with final fitness: 1553.1566

========== Planning Complete ==========
Algorithm: DQN_PSO
Execution time: 69.6174 seconds
Path length: 153.1019 units
Waypoints: 7
Best fitness: 1553.1566
========================================


========== Direct Global Planning ==========
Algorithm: RLAMPSO
Start: [10.0, 95.0, 10.0]
Goal:  [97.0, 2.0, 10.0]
============================================


╔════════════════════════════════════════════════════════╗
║     RLAM-PSO Configuration (GPU-Optimized)            ║
╚════════════════════════════════════════════════════════╝

Mode: baseline

--- Features Enabled ---
  Transformer State: OFF (state: 15D)
  TD3:               OFF
  PER:               OFF
  Curriculum:        OFF

--- Compute Configuration ---
  Mode:              GPU-Optimized Sequential
  GPU:               OFF (CPU fallback)
  Parallel:          OFF (disabled for dlnetwork compatibility)

--- Training Parameters ---
  Episodes:          100
  Population:        40
  Max Iterations:    600
  Batch Size:        256 (GPU-optimized)
  Actor LR:          0.00010
  Critic LR:         0.00100

--- GPU Optimization (2025) ---
  Gradient Steps/Call:  1
  Train Every:          1 iterations
  Mid-Episode Training: ON
  Estimated UTD Ratio:  ~600.0

════════════════════════════════════════════════════════


╔════════════════════════════════════════════════════════╗
║     RLAM-PSO Configuration (GPU-Optimized)            ║
╚════════════════════════════════════════════════════════╝

Mode: baseline

--- Features Enabled ---
  Transformer State: OFF (state: 15D)
  TD3:               OFF
  PER:               OFF
  Curriculum:        OFF

--- Compute Configuration ---
  Mode:              GPU-Optimized Sequential
  GPU:               OFF (CPU fallback)
  Parallel:          OFF (disabled for dlnetwork compatibility)

--- Training Parameters ---
  Episodes:          100
  Population:        40
  Max Iterations:    600
  Batch Size:        256 (GPU-optimized)
  Actor LR:          0.00010
  Critic LR:         0.00100

--- GPU Optimization (2025) ---
  Gradient Steps/Call:  1
  Train Every:          1 iterations
  Mid-Episode Training: ON
  Estimated UTD Ratio:  ~600.0

════════════════════════════════════════════════════════

DQN-PSO iter 600/600 | Fitness: 2024.18 | w=0.290 c1=1.300 c2=1.950
DQN-PSO completed with final fitness: 2024.1796

========== Planning Complete ==========
Algorithm: DQN_PSO
Execution time: 68.8469 seconds
Path length: 183.2239 units
Waypoints: 7
Best fitness: 2024.1796
========================================

[REWARD DEBUG iter 100] FitnessImprovement: 0.0049 → Reward: +1.0000 (prevFit=1708.20, currFit=1708.19)

========== Direct Global Planning ==========
Algorithm: RLAMPSO
Start: [10.0, 95.0, 10.0]
Goal:  [97.0, 2.0, 10.0]
============================================


╔════════════════════════════════════════════════════════╗
║     RLAM-PSO Configuration (GPU-Optimized)            ║
╚════════════════════════════════════════════════════════╝

Mode: baseline

--- Features Enabled ---
  Transformer State: OFF (state: 15D)
  TD3:               OFF
  PER:               OFF
  Curriculum:        OFF

--- Compute Configuration ---
  Mode:              GPU-Optimized Sequential
  GPU:               OFF (CPU fallback)
  Parallel:          OFF (disabled for dlnetwork compatibility)

--- Training Parameters ---
  Episodes:          100
  Population:        40
  Max Iterations:    600
  Batch Size:        256 (GPU-optimized)
  Actor LR:          0.00010
  Critic LR:         0.00100

--- GPU Optimization (2025) ---
  Gradient Steps/Call:  1
  Train Every:          1 iterations
  Mid-Episode Training: ON
  Estimated UTD Ratio:  ~600.0

════════════════════════════════════════════════════════


╔════════════════════════════════════════════════════════╗
║     RLAM-PSO Configuration (GPU-Optimized)            ║
╚════════════════════════════════════════════════════════╝

Mode: baseline

--- Features Enabled ---
  Transformer State: OFF (state: 15D)
  TD3:               OFF
  PER:               OFF
  Curriculum:        OFF

--- Compute Configuration ---
  Mode:              GPU-Optimized Sequential
  GPU:               OFF (CPU fallback)
  Parallel:          OFF (disabled for dlnetwork compatibility)

--- Training Parameters ---
  Episodes:          100
  Population:        40
  Max Iterations:    600
  Batch Size:        256 (GPU-optimized)
  Actor LR:          0.00010
  Critic LR:         0.00100

--- GPU Optimization (2025) ---
  Gradient Steps/Call:  1
  Train Every:          1 iterations
  Mid-Episode Training: ON
  Estimated UTD Ratio:  ~600.0

════════════════════════════════════════════════════════


========== Direct Global Planning ==========
Algorithm: RLAMPSO
Start: [10.0, 95.0, 10.0]
Goal:  [97.0, 2.0, 10.0]
============================================


╔════════════════════════════════════════════════════════╗
║     RLAM-PSO Configuration (GPU-Optimized)            ║
╚════════════════════════════════════════════════════════╝

Mode: baseline

--- Features Enabled ---
  Transformer State: OFF (state: 15D)
  TD3:               OFF
  PER:               OFF
  Curriculum:        OFF

--- Compute Configuration ---
  Mode:              GPU-Optimized Sequential
  GPU:               OFF (CPU fallback)
  Parallel:          OFF (disabled for dlnetwork compatibility)

--- Training Parameters ---
  Episodes:          100
  Population:        40
  Max Iterations:    600
  Batch Size:        256 (GPU-optimized)
  Actor LR:          0.00010
  Critic LR:         0.00100

--- GPU Optimization (2025) ---
  Gradient Steps/Call:  1
  Train Every:          1 iterations
  Mid-Episode Training: ON
  Estimated UTD Ratio:  ~600.0

════════════════════════════════════════════════════════


╔════════════════════════════════════════════════════════╗
║     RLAM-PSO Configuration (GPU-Optimized)            ║
╚════════════════════════════════════════════════════════╝

Mode: baseline

--- Features Enabled ---
  Transformer State: OFF (state: 15D)
  TD3:               OFF
  PER:               OFF
  Curriculum:        OFF

--- Compute Configuration ---
  Mode:              GPU-Optimized Sequential
  GPU:               OFF (CPU fallback)
  Parallel:          OFF (disabled for dlnetwork compatibility)

--- Training Parameters ---
  Episodes:          100
  Population:        40
  Max Iterations:    600
  Batch Size:        256 (GPU-optimized)
  Actor LR:          0.00010
  Critic LR:         0.00100

--- GPU Optimization (2025) ---
  Gradient Steps/Call:  1
  Train Every:          1 iterations
  Mid-Episode Training: ON
  Estimated UTD Ratio:  ~600.0

════════════════════════════════════════════════════════

DQN-PSO iter 600/600 | Fitness: 2092.83 | w=0.675 c1=2.500 c2=0.850
DQN-PSO completed with final fitness: 2092.8326

========== Planning Complete ==========
Algorithm: DQN_PSO
Execution time: 69.0854 seconds
Path length: 212.3339 units
Waypoints: 7
Best fitness: 2092.8326
========================================

DQN-PSO iter 600/600 | Fitness: 1725.08 | w=0.900 c1=2.300 c2=0.500
DQN-PSO completed with final fitness: 1725.0804

========== Planning Complete ==========
Algorithm: DQN_PSO
Execution time: 69.8733 seconds
Path length: 184.5679 units
Waypoints: 7
Best fitness: 1725.0804
========================================


========== Direct Global Planning ==========
Algorithm: RLAMPSO
Start: [10.0, 95.0, 10.0]
Goal:  [97.0, 2.0, 10.0]
============================================


╔════════════════════════════════════════════════════════╗
║     RLAM-PSO Configuration (GPU-Optimized)            ║
╚════════════════════════════════════════════════════════╝

Mode: baseline

--- Features Enabled ---
  Transformer State: OFF (state: 15D)
  TD3:               OFF
  PER:               OFF
  Curriculum:        OFF

--- Compute Configuration ---
  Mode:              GPU-Optimized Sequential
  GPU:               OFF (CPU fallback)
  Parallel:          OFF (disabled for dlnetwork compatibility)

--- Training Parameters ---
  Episodes:          100
  Population:        40
  Max Iterations:    600
  Batch Size:        256 (GPU-optimized)
  Actor LR:          0.00010
  Critic LR:         0.00100

--- GPU Optimization (2025) ---
  Gradient Steps/Call:  1
  Train Every:          1 iterations
  Mid-Episode Training: ON
  Estimated UTD Ratio:  ~600.0

════════════════════════════════════════════════════════


╔════════════════════════════════════════════════════════╗
║     RLAM-PSO Configuration (GPU-Optimized)            ║
╚════════════════════════════════════════════════════════╝

Mode: baseline

--- Features Enabled ---
  Transformer State: OFF (state: 15D)
  TD3:               OFF
  PER:               OFF
  Curriculum:        OFF

--- Compute Configuration ---
  Mode:              GPU-Optimized Sequential
  GPU:               OFF (CPU fallback)
  Parallel:          OFF (disabled for dlnetwork compatibility)

--- Training Parameters ---
  Episodes:          100
  Population:        40
  Max Iterations:    600
  Batch Size:        256 (GPU-optimized)
  Actor LR:          0.00010
  Critic LR:         0.00100

--- GPU Optimization (2025) ---
  Gradient Steps/Call:  1
  Train Every:          1 iterations
  Mid-Episode Training: ON
  Estimated UTD Ratio:  ~600.0

════════════════════════════════════════════════════════

[ACTION DEBUG iter 100] Raw action[1:3]: [-0.0834, -0.0616, 0.5334], noise: 0.0500
[RLAMPSO DEBUG iter 100] w=0.4240, c1=1.7195, c2=2.2147 | fitness=1571.10

========== Direct Global Planning ==========
Algorithm: RLAMPSO
Start: [10.0, 95.0, 10.0]
Goal:  [97.0, 2.0, 10.0]
============================================


╔════════════════════════════════════════════════════════╗
║     RLAM-PSO Configuration (GPU-Optimized)            ║
╚════════════════════════════════════════════════════════╝

Mode: baseline

--- Features Enabled ---
  Transformer State: OFF (state: 15D)
  TD3:               OFF
  PER:               OFF
  Curriculum:        OFF

--- Compute Configuration ---
  Mode:              GPU-Optimized Sequential
  GPU:               OFF (CPU fallback)
  Parallel:          OFF (disabled for dlnetwork compatibility)

--- Training Parameters ---
  Episodes:          100
  Population:        40
  Max Iterations:    600
  Batch Size:        256 (GPU-optimized)
  Actor LR:          0.00010
  Critic LR:         0.00100

--- GPU Optimization (2025) ---
  Gradient Steps/Call:  1
  Train Every:          1 iterations
  Mid-Episode Training: ON
  Estimated UTD Ratio:  ~600.0

════════════════════════════════════════════════════════


╔════════════════════════════════════════════════════════╗
║     RLAM-PSO Configuration (GPU-Optimized)            ║
╚════════════════════════════════════════════════════════╝

Mode: baseline

--- Features Enabled ---
  Transformer State: OFF (state: 15D)
  TD3:               OFF
  PER:               OFF
  Curriculum:        OFF

--- Compute Configuration ---
  Mode:              GPU-Optimized Sequential
  GPU:               OFF (CPU fallback)
  Parallel:          OFF (disabled for dlnetwork compatibility)

--- Training Parameters ---
  Episodes:          100
  Population:        40
  Max Iterations:    600
  Batch Size:        256 (GPU-optimized)
  Actor LR:          0.00010
  Critic LR:         0.00100

--- GPU Optimization (2025) ---
  Gradient Steps/Call:  1
  Train Every:          1 iterations
  Mid-Episode Training: ON
  Estimated UTD Ratio:  ~600.0

════════════════════════════════════════════════════════

[REWARD DEBUG iter 100] FitnessImprovement: 0.1985 → Reward: +1.0000 (prevFit=1571.10, currFit=1570.90)
DQN-PSO iter 600/600 | Fitness: 2023.67 | w=0.100 c1=2.400 c2=0.600
DQN-PSO completed with final fitness: 2023.6747

========== Planning Complete ==========
Algorithm: DQN_PSO
Execution time: 69.1331 seconds
Path length: 194.7158 units
Waypoints: 7
Best fitness: 2023.6747
========================================

DQN-PSO iter 600/600 | Fitness: 1907.15 | w=0.597 c1=2.400 c2=0.650
DQN-PSO completed with final fitness: 1907.1453

========== Planning Complete ==========
Algorithm: DQN_PSO
Execution time: 69.0794 seconds
Path length: 162.7712 units
Waypoints: 7
Best fitness: 1907.1453
========================================

DQN-PSO iter 600/600 | Fitness: 2151.45 | w=0.100 c1=1.750 c2=1.200
DQN-PSO completed with final fitness: 2151.4543

========== Planning Complete ==========
Algorithm: DQN_PSO
Execution time: 68.6838 seconds
Path length: 176.1738 units
Waypoints: 7
Best fitness: 2151.4543
========================================


========== Direct Global Planning ==========
Algorithm: RLAMPSO
Start: [10.0, 95.0, 10.0]
Goal:  [97.0, 2.0, 10.0]
============================================


╔════════════════════════════════════════════════════════╗
║     RLAM-PSO Configuration (GPU-Optimized)            ║
╚════════════════════════════════════════════════════════╝

Mode: baseline

--- Features Enabled ---
  Transformer State: OFF (state: 15D)
  TD3:               OFF
  PER:               OFF
  Curriculum:        OFF

--- Compute Configuration ---
  Mode:              GPU-Optimized Sequential
  GPU:               OFF (CPU fallback)
  Parallel:          OFF (disabled for dlnetwork compatibility)

--- Training Parameters ---
  Episodes:          100
  Population:        40
  Max Iterations:    600
  Batch Size:        256 (GPU-optimized)
  Actor LR:          0.00010
  Critic LR:         0.00100

--- GPU Optimization (2025) ---
  Gradient Steps/Call:  1
  Train Every:          1 iterations
  Mid-Episode Training: ON
  Estimated UTD Ratio:  ~600.0

════════════════════════════════════════════════════════


╔════════════════════════════════════════════════════════╗
║     RLAM-PSO Configuration (GPU-Optimized)            ║
╚════════════════════════════════════════════════════════╝

Mode: baseline

--- Features Enabled ---
  Transformer State: OFF (state: 15D)
  TD3:               OFF
  PER:               OFF
  Curriculum:        OFF

--- Compute Configuration ---
  Mode:              GPU-Optimized Sequential
  GPU:               OFF (CPU fallback)
  Parallel:          OFF (disabled for dlnetwork compatibility)

--- Training Parameters ---
  Episodes:          100
  Population:        40
  Max Iterations:    600
  Batch Size:        256 (GPU-optimized)
  Actor LR:          0.00010
  Critic LR:         0.00100

--- GPU Optimization (2025) ---
  Gradient Steps/Call:  1
  Train Every:          1 iterations
  Mid-Episode Training: ON
  Estimated UTD Ratio:  ~600.0

════════════════════════════════════════════════════════


========== Direct Global Planning ==========
Algorithm: RLAMPSO
Start: [10.0, 95.0, 10.0]
Goal:  [97.0, 2.0, 10.0]
============================================


╔════════════════════════════════════════════════════════╗
║     RLAM-PSO Configuration (GPU-Optimized)            ║
╚════════════════════════════════════════════════════════╝

Mode: baseline

--- Features Enabled ---
  Transformer State: OFF (state: 15D)
  TD3:               OFF
  PER:               OFF
  Curriculum:        OFF

--- Compute Configuration ---
  Mode:              GPU-Optimized Sequential
  GPU:               OFF (CPU fallback)
  Parallel:          OFF (disabled for dlnetwork compatibility)

--- Training Parameters ---
  Episodes:          100
  Population:        40
  Max Iterations:    600
  Batch Size:        256 (GPU-optimized)
  Actor LR:          0.00010
  Critic LR:         0.00100

--- GPU Optimization (2025) ---
  Gradient Steps/Call:  1
  Train Every:          1 iterations
  Mid-Episode Training: ON
  Estimated UTD Ratio:  ~600.0

════════════════════════════════════════════════════════


╔════════════════════════════════════════════════════════╗
║     RLAM-PSO Configuration (GPU-Optimized)            ║
╚════════════════════════════════════════════════════════╝

Mode: baseline

--- Features Enabled ---
  Transformer State: OFF (state: 15D)
  TD3:               OFF
  PER:               OFF
  Curriculum:        OFF

--- Compute Configuration ---
  Mode:              GPU-Optimized Sequential
  GPU:               OFF (CPU fallback)
  Parallel:          OFF (disabled for dlnetwork compatibility)

--- Training Parameters ---
  Episodes:          100
  Population:        40
  Max Iterations:    600
  Batch Size:        256 (GPU-optimized)
  Actor LR:          0.00010
  Critic LR:         0.00100

--- GPU Optimization (2025) ---
  Gradient Steps/Call:  1
  Train Every:          1 iterations
  Mid-Episode Training: ON
  Estimated UTD Ratio:  ~600.0

════════════════════════════════════════════════════════


========== Direct Global Planning ==========
Algorithm: RLAMPSO
Start: [10.0, 95.0, 10.0]
Goal:  [97.0, 2.0, 10.0]
============================================


╔════════════════════════════════════════════════════════╗
║     RLAM-PSO Configuration (GPU-Optimized)            ║
╚════════════════════════════════════════════════════════╝

Mode: baseline

--- Features Enabled ---
  Transformer State: OFF (state: 15D)
  TD3:               OFF
  PER:               OFF
  Curriculum:        OFF

--- Compute Configuration ---
  Mode:              GPU-Optimized Sequential
  GPU:               OFF (CPU fallback)
  Parallel:          OFF (disabled for dlnetwork compatibility)

--- Training Parameters ---
  Episodes:          100
  Population:        40
  Max Iterations:    600
  Batch Size:        256 (GPU-optimized)
  Actor LR:          0.00010
  Critic LR:         0.00100

--- GPU Optimization (2025) ---
  Gradient Steps/Call:  1
  Train Every:          1 iterations
  Mid-Episode Training: ON
  Estimated UTD Ratio:  ~600.0

════════════════════════════════════════════════════════


╔════════════════════════════════════════════════════════╗
║     RLAM-PSO Configuration (GPU-Optimized)            ║
╚════════════════════════════════════════════════════════╝

Mode: baseline

--- Features Enabled ---
  Transformer State: OFF (state: 15D)
  TD3:               OFF
  PER:               OFF
  Curriculum:        OFF

--- Compute Configuration ---
  Mode:              GPU-Optimized Sequential
  GPU:               OFF (CPU fallback)
  Parallel:          OFF (disabled for dlnetwork compatibility)

--- Training Parameters ---
  Episodes:          100
  Population:        40
  Max Iterations:    600
  Batch Size:        256 (GPU-optimized)
  Actor LR:          0.00010
  Critic LR:         0.00100

--- GPU Optimization (2025) ---
  Gradient Steps/Call:  1
  Train Every:          1 iterations
  Mid-Episode Training: ON
  Estimated UTD Ratio:  ~600.0

════════════════════════════════════════════════════════

[ACTION DEBUG iter 300] Raw action[1:3]: [0.7542, -0.5630, 0.2301], noise: 0.0500
[RLAMPSO DEBUG iter 300] w=0.6709, c1=1.4040, c2=1.7571 | fitness=1712.71
[REWARD DEBUG iter 300] FitnessImprovement: 0.0000 → Reward: -1.0000 (prevFit=1712.71, currFit=1712.71)
[ACTION DEBUG iter 100] Raw action[1:3]: [0.4494, -0.5900, 0.4251], noise: 0.0500
[RLAMPSO DEBUG iter 100] w=0.5516, c1=1.1572, c2=1.9483 | fitness=1883.72
[REWARD DEBUG iter 100] FitnessImprovement: 0.0000 → Reward: -1.0000 (prevFit=1883.72, currFit=1883.72)
[ACTION DEBUG iter 100] Raw action[1:3]: [-0.5169, 0.0136, 0.0264], noise: 0.0500
[RLAMPSO DEBUG iter 100] w=0.5062, c1=1.4977, c2=1.8266 | fitness=1623.23
[REWARD DEBUG iter 100] FitnessImprovement: 0.2180 → Reward: +1.0000 (prevFit=1623.23, currFit=1623.01)
[ACTION DEBUG iter 100] Raw action[1:3]: [0.0596, -0.3752, 0.5504], noise: 0.0500
[RLAMPSO DEBUG iter 100] w=0.5148, c1=1.6308, c2=1.8135 | fitness=1724.21
[REWARD DEBUG iter 100] FitnessImprovement: 0.0085 → Reward: +1.0000 (prevFit=1724.21, currFit=1724.20)
[ACTION DEBUG iter 200] Raw action[1:3]: [0.0020, 0.9514, 0.1810], noise: 0.0500
[RLAMPSO DEBUG iter 200] w=0.5093, c1=2.5000, c2=1.5609 | fitness=1699.42
[REWARD DEBUG iter 200] FitnessImprovement: 2.8490 → Reward: +1.0000 (prevFit=1699.42, currFit=1696.57)
[ACTION DEBUG iter 200] Raw action[1:3]: [0.2184, -0.3204, -0.0115], noise: 0.0500
[RLAMPSO DEBUG iter 200] w=0.4778, c1=1.4021, c2=1.7344 | fitness=1541.48
[REWARD DEBUG iter 200] FitnessImprovement: 0.0026 → Reward: +1.0000 (prevFit=1541.48, currFit=1541.47)
[ACTION DEBUG iter 100] Raw action[1:3]: [0.3437, -0.0915, -0.7872], noise: 0.0500
[RLAMPSO DEBUG iter 100] w=0.5527, c1=2.2446, c2=1.9192 | fitness=1597.28
[REWARD DEBUG iter 100] FitnessImprovement: 0.8007 → Reward: +1.0000 (prevFit=1597.28, currFit=1596.48)
[ACTION DEBUG iter 100] Raw action[1:3]: [-0.6324, 0.6738, -0.0414], noise: 0.0500
[RLAMPSO DEBUG iter 100] w=0.4087, c1=1.9755, c2=1.8113 | fitness=1731.84
[REWARD DEBUG iter 100] FitnessImprovement: 0.0118 → Reward: +1.0000 (prevFit=1731.84, currFit=1731.82)
[ACTION DEBUG iter 100] Raw action[1:3]: [0.2160, 0.2495, 0.1398], noise: 0.0500
[RLAMPSO DEBUG iter 100] w=0.4712, c1=1.9802, c2=1.7942 | fitness=1801.73
[REWARD DEBUG iter 100] FitnessImprovement: 0.0101 → Reward: +1.0000 (prevFit=1801.73, currFit=1801.72)
[ACTION DEBUG iter 100] Raw action[1:3]: [-0.0297, 0.1168, -0.2493], noise: 0.0500
[RLAMPSO DEBUG iter 100] w=0.5429, c1=2.1127, c2=2.0539 | fitness=1654.18
[REWARD DEBUG iter 100] FitnessImprovement: 0.0000 → Reward: -1.0000 (prevFit=1654.18, currFit=1654.18)
[ACTION DEBUG iter 100] Raw action[1:3]: [-0.1938, 0.1152, 0.0235], noise: 0.0500
[RLAMPSO DEBUG iter 100] w=0.5677, c1=1.9652, c2=1.9039 | fitness=1695.22
[REWARD DEBUG iter 100] FitnessImprovement: 0.1432 → Reward: +1.0000 (prevFit=1695.22, currFit=1695.07)
[ACTION DEBUG iter 200] Raw action[1:3]: [0.7463, -0.5801, 0.4106], noise: 0.0500
[RLAMPSO DEBUG iter 200] w=0.5956, c1=1.0113, c2=1.7201 | fitness=1745.04
[REWARD DEBUG iter 200] FitnessImprovement: 0.0109 → Reward: +1.0000 (prevFit=1745.04, currFit=1745.03)
[ACTION DEBUG iter 100] Raw action[1:3]: [0.0488, -0.2367, 0.3490], noise: 0.0500
[RLAMPSO DEBUG iter 100] w=0.4614, c1=1.4791, c2=1.9726 | fitness=1744.69
[REWARD DEBUG iter 100] FitnessImprovement: 0.1162 → Reward: +1.0000 (prevFit=1744.69, currFit=1744.57)
[ACTION DEBUG iter 100] Raw action[1:3]: [0.2606, 0.1158, 0.2511], noise: 0.0500
[RLAMPSO DEBUG iter 100] w=0.4777, c1=1.4329, c2=1.3597 | fitness=1693.71
[REWARD DEBUG iter 100] FitnessImprovement: 2.5016 → Reward: +1.0000 (prevFit=1693.71, currFit=1691.21)
[ACTION DEBUG iter 200] Raw action[1:3]: [-0.6138, 0.2912, 0.1947], noise: 0.0500
[RLAMPSO DEBUG iter 200] w=0.4624, c1=1.4879, c2=1.6193 | fitness=1575.28
[REWARD DEBUG iter 200] FitnessImprovement: 0.0844 → Reward: +1.0000 (prevFit=1575.28, currFit=1575.19)
[ACTION DEBUG iter 100] Raw action[1:3]: [-0.0828, -0.2898, 0.3933], noise: 0.0500
[RLAMPSO DEBUG iter 100] w=0.5055, c1=1.6282, c2=1.7326 | fitness=1656.77
[REWARD DEBUG iter 100] FitnessImprovement: 0.2242 → Reward: +1.0000 (prevFit=1656.77, currFit=1656.55)
[ACTION DEBUG iter 200] Raw action[1:3]: [-0.1417, -0.2781, 0.7168], noise: 0.0500
[RLAMPSO DEBUG iter 200] w=0.4612, c1=1.4315, c2=1.8098 | fitness=1594.42
[REWARD DEBUG iter 200] FitnessImprovement: 0.8040 → Reward: +1.0000 (prevFit=1594.42, currFit=1593.62)
[ACTION DEBUG iter 200] Raw action[1:3]: [-0.8282, 0.5807, -0.1852], noise: 0.0500
[RLAMPSO DEBUG iter 200] w=0.4145, c1=1.7059, c2=1.7846 | fitness=1701.32
[REWARD DEBUG iter 200] FitnessImprovement: 0.1901 → Reward: +1.0000 (prevFit=1701.32, currFit=1701.13)
[ACTION DEBUG iter 300] Raw action[1:3]: [-0.2425, 0.7201, -0.1065], noise: 0.0500
[RLAMPSO DEBUG iter 300] w=0.4568, c1=2.1986, c2=1.7178 | fitness=1668.66
[REWARD DEBUG iter 300] FitnessImprovement: 0.0062 → Reward: +1.0000 (prevFit=1668.66, currFit=1668.65)
[ACTION DEBUG iter 200] Raw action[1:3]: [0.4013, 0.1387, -0.4309], noise: 0.0500
[RLAMPSO DEBUG iter 200] w=0.5771, c1=2.3341, c2=2.0290 | fitness=1572.21
[REWARD DEBUG iter 200] FitnessImprovement: 0.0000 → Reward: -1.0000 (prevFit=1572.21, currFit=1572.21)
[ACTION DEBUG iter 300] Raw action[1:3]: [-0.2728, -0.6145, 0.8517], noise: 0.0500
[RLAMPSO DEBUG iter 300] w=0.5154, c1=1.6425, c2=2.1000 | fitness=1541.23
[REWARD DEBUG iter 300] FitnessImprovement: 0.0085 → Reward: +1.0000 (prevFit=1541.23, currFit=1541.22)
[ACTION DEBUG iter 200] Raw action[1:3]: [0.0839, 0.3275, 0.4048], noise: 0.0500
[RLAMPSO DEBUG iter 200] w=0.5302, c1=2.3062, c2=2.3324 | fitness=1642.12
[REWARD DEBUG iter 200] FitnessImprovement: 0.0000 → Reward: -1.0000 (prevFit=1642.12, currFit=1642.12)
[ACTION DEBUG iter 200] Raw action[1:3]: [0.4727, 0.4080, 0.3359], noise: 0.0500
[RLAMPSO DEBUG iter 200] w=0.5416, c1=1.7765, c2=1.7689 | fitness=1793.29
[REWARD DEBUG iter 200] FitnessImprovement: 0.0192 → Reward: +1.0000 (prevFit=1793.29, currFit=1793.27)
[ACTION DEBUG iter 200] Raw action[1:3]: [0.3323, 0.1142, -0.3620], noise: 0.0500
[RLAMPSO DEBUG iter 200] w=0.6132, c1=1.8281, c2=1.5711 | fitness=1671.72
[REWARD DEBUG iter 200] FitnessImprovement: 0.0551 → Reward: +1.0000 (prevFit=1671.72, currFit=1671.66)
[ACTION DEBUG iter 200] Raw action[1:3]: [-0.1838, 0.2779, -0.0835], noise: 0.0500
[RLAMPSO DEBUG iter 200] w=0.4372, c1=1.7725, c2=1.6621 | fitness=1739.65
[REWARD DEBUG iter 200] FitnessImprovement: 0.0000 → Reward: -1.0000 (prevFit=1739.65, currFit=1739.65)
[ACTION DEBUG iter 300] Raw action[1:3]: [-0.7403, 0.4511, -0.1305], noise: 0.0500
[RLAMPSO DEBUG iter 300] w=0.4744, c1=1.4719, c2=2.1656 | fitness=1574.92
[REWARD DEBUG iter 300] FitnessImprovement: 0.0001 → Reward: +1.0000 (prevFit=1574.92, currFit=1574.92)
[ACTION DEBUG iter 300] Raw action[1:3]: [0.3389, -0.8845, 0.6820], noise: 0.0500
[RLAMPSO DEBUG iter 300] w=0.5981, c1=1.4641, c2=2.1339 | fitness=1729.67
[REWARD DEBUG iter 300] FitnessImprovement: 0.1430 → Reward: +1.0000 (prevFit=1729.67, currFit=1729.53)
[ACTION DEBUG iter 200] Raw action[1:3]: [-0.2976, -0.0294, 0.0238], noise: 0.0500
[RLAMPSO DEBUG iter 200] w=0.4681, c1=1.5673, c2=2.0691 | fitness=1649.89
[REWARD DEBUG iter 200] FitnessImprovement: 0.0130 → Reward: +1.0000 (prevFit=1649.89, currFit=1649.88)
[ACTION DEBUG iter 200] Raw action[1:3]: [-0.6812, -0.1103, 0.4755], noise: 0.0500
[RLAMPSO DEBUG iter 200] w=0.5314, c1=1.4091, c2=1.8362 | fitness=1638.64
[REWARD DEBUG iter 200] FitnessImprovement: 0.0000 → Reward: +1.0000 (prevFit=1638.64, currFit=1638.64)
[ACTION DEBUG iter 300] Raw action[1:3]: [-0.2329, -0.8835, 0.6339], noise: 0.0500
[RLAMPSO DEBUG iter 300] w=0.4770, c1=1.4537, c2=1.5860 | fitness=1562.30
[REWARD DEBUG iter 300] FitnessImprovement: 1.0439 → Reward: +1.0000 (prevFit=1562.30, currFit=1561.25)
[ACTION DEBUG iter 400] Raw action[1:3]: [0.8950, -0.0689, 0.7424], noise: 0.0500
[RLAMPSO DEBUG iter 400] w=0.5850, c1=1.1198, c2=1.1402 | fitness=1710.42
[REWARD DEBUG iter 400] FitnessImprovement: 0.0249 → Reward: +1.0000 (prevFit=1710.42, currFit=1710.40)
[ACTION DEBUG iter 300] Raw action[1:3]: [0.4201, -0.1355, -0.7440], noise: 0.0500
[RLAMPSO DEBUG iter 300] w=0.5885, c1=2.1520, c2=1.8848 | fitness=1570.21
[REWARD DEBUG iter 300] FitnessImprovement: 0.0000 → Reward: -1.0000 (prevFit=1570.21, currFit=1570.21)
[ACTION DEBUG iter 300] Raw action[1:3]: [0.3861, 0.8936, 0.1960], noise: 0.0500
[RLAMPSO DEBUG iter 300] w=0.4805, c1=2.2668, c2=2.1877 | fitness=1672.81
[REWARD DEBUG iter 300] FitnessImprovement: 0.1339 → Reward: +1.0000 (prevFit=1672.81, currFit=1672.68)
[ACTION DEBUG iter 300] Raw action[1:3]: [0.0235, -0.1308, 0.4779], noise: 0.0500
[RLAMPSO DEBUG iter 300] w=0.5342, c1=2.1333, c2=1.9497 | fitness=1641.38
[REWARD DEBUG iter 300] FitnessImprovement: 0.0000 → Reward: -1.0000 (prevFit=1641.38, currFit=1641.38)
[ACTION DEBUG iter 300] Raw action[1:3]: [0.1337, -0.0050, -0.4853], noise: 0.0500
[RLAMPSO DEBUG iter 300] w=0.5733, c1=1.8353, c2=1.7308 | fitness=1666.24
[ACTION DEBUG iter 300] Raw action[1:3]: [0.0483, 0.1803, -0.2107], noise: 0.0500
[RLAMPSO DEBUG iter 300] w=0.5716, c1=1.8522, c2=1.6672 | fitness=1786.88
[REWARD DEBUG iter 300] FitnessImprovement: 0.0000 → Reward: -1.0000 (prevFit=1666.24, currFit=1666.24)
[ACTION DEBUG iter 300] Raw action[1:3]: [-0.4742, -0.2427, 0.2270], noise: 0.0500
[RLAMPSO DEBUG iter 300] w=0.3422, c1=1.4903, c2=1.6345 | fitness=1735.74
[REWARD DEBUG iter 300] FitnessImprovement: 0.0024 → Reward: +1.0000 (prevFit=1735.74, currFit=1735.74)
[REWARD DEBUG iter 300] FitnessImprovement: 0.0180 → Reward: +1.0000 (prevFit=1786.88, currFit=1786.86)
[ACTION DEBUG iter 300] Raw action[1:3]: [0.3290, 0.4864, -0.1906], noise: 0.0500
[RLAMPSO DEBUG iter 300] w=0.5561, c1=1.5688, c2=1.8475 | fitness=1648.03
[REWARD DEBUG iter 300] FitnessImprovement: 0.0169 → Reward: +1.0000 (prevFit=1648.03, currFit=1648.01)
[ACTION DEBUG iter 300] Raw action[1:3]: [-0.3863, -0.2173, -0.1943], noise: 0.0500
[RLAMPSO DEBUG iter 300] w=0.4408, c1=1.0773, c2=1.1477 | fitness=1638.64
[REWARD DEBUG iter 300] FitnessImprovement: 0.0000 → Reward: +1.0000 (prevFit=1638.64, currFit=1638.64)
[ACTION DEBUG iter 400] Raw action[1:3]: [-0.6441, 0.9760, -0.0984], noise: 0.0500
[RLAMPSO DEBUG iter 400] w=0.6023, c1=2.3686, c2=1.4029 | fitness=1660.54
[REWARD DEBUG iter 400] FitnessImprovement: 0.0318 → Reward: +1.0000 (prevFit=1660.54, currFit=1660.51)
[ACTION DEBUG iter 400] Raw action[1:3]: [0.1419, -0.7054, -0.6668], noise: 0.0500
[RLAMPSO DEBUG iter 400] w=0.4222, c1=1.4581, c2=1.5970 | fitness=1540.95
[REWARD DEBUG iter 400] FitnessImprovement: 0.0000 → Reward: -1.0000 (prevFit=1540.95, currFit=1540.95)
[ACTION DEBUG iter 400] Raw action[1:3]: [-0.6208, -0.1514, 0.8652], noise: 0.0500
[RLAMPSO DEBUG iter 400] w=0.3985, c1=1.5792, c2=1.7133 | fitness=1555.39
[REWARD DEBUG iter 400] FitnessImprovement: 0.0000 → Reward: -1.0000 (prevFit=1555.39, currFit=1555.39)
[ACTION DEBUG iter 400] Raw action[1:3]: [-0.8947, 0.5020, 0.3668], noise: 0.0500
[RLAMPSO DEBUG iter 400] w=0.5102, c1=1.4390, c2=1.4112 | fitness=1574.90
[REWARD DEBUG iter 400] FitnessImprovement: 0.0000 → Reward: -1.0000 (prevFit=1574.90, currFit=1574.90)
[ACTION DEBUG iter 400] Raw action[1:3]: [0.8772, -0.6701, 0.9650], noise: 0.0500
[RLAMPSO DEBUG iter 400] w=0.6066, c1=0.9614, c2=1.2233 | fitness=1720.61
[REWARD DEBUG iter 400] FitnessImprovement: 0.0009 → Reward: +1.0000 (prevFit=1720.61, currFit=1720.61)
[ACTION DEBUG iter 500] Raw action[1:3]: [0.9968, -0.9749, 0.9867], noise: 0.0500
[ACTION DEBUG iter 500] WARNING: 5/20 actions clipped (network saturating)
[RLAMPSO DEBUG iter 500] w=0.5564, c1=0.9897, c2=1.2197 | fitness=1708.84
[REWARD DEBUG iter 500] FitnessImprovement: 0.0108 → Reward: +1.0000 (prevFit=1708.84, currFit=1708.83)
[ACTION DEBUG iter 400] Raw action[1:3]: [-0.0318, -0.2850, -0.4531], noise: 0.0500
[RLAMPSO DEBUG iter 400] w=0.5855, c1=1.9250, c2=1.8698 | fitness=1569.80
[REWARD DEBUG iter 400] FitnessImprovement: 0.0212 → Reward: +1.0000 (prevFit=1569.80, currFit=1569.78)
[ACTION DEBUG iter 400] Raw action[1:3]: [0.6717, 0.6604, 0.8133], noise: 0.0500
[RLAMPSO DEBUG iter 400] w=0.6174, c1=1.7106, c2=1.4576 | fitness=1775.41
[REWARD DEBUG iter 400] FitnessImprovement: 0.0969 → Reward: +1.0000 (prevFit=1775.41, currFit=1775.31)
[ACTION DEBUG iter 400] Raw action[1:3]: [-0.3204, 0.6655, -0.7200], noise: 0.0500
[RLAMPSO DEBUG iter 400] w=0.4968, c1=1.4993, c2=1.7776 | fitness=1656.87
[REWARD DEBUG iter 400] FitnessImprovement: 0.0165 → Reward: +1.0000 (prevFit=1656.87, currFit=1656.86)
[ACTION DEBUG iter 400] Raw action[1:3]: [0.2859, -0.4530, -0.5289], noise: 0.0500
[RLAMPSO DEBUG iter 400] w=0.5088, c1=1.8255, c2=2.0398 | fitness=1641.31
[REWARD DEBUG iter 400] FitnessImprovement: 0.0000 → Reward: -1.0000 (prevFit=1641.31, currFit=1641.31)
[ACTION DEBUG iter 400] Raw action[1:3]: [0.0364, 0.2025, -0.6266], noise: 0.0500
[ACTION DEBUG iter 400] WARNING: 1/20 actions clipped (network saturating)
[RLAMPSO DEBUG iter 400] w=0.5793, c1=1.4415, c2=0.8909 | fitness=1663.96
[REWARD DEBUG iter 400] FitnessImprovement: 0.0027 → Reward: +1.0000 (prevFit=1663.96, currFit=1663.96)
[ACTION DEBUG iter 400] Raw action[1:3]: [-0.6778, -0.4440, 0.7069], noise: 0.0500
[RLAMPSO DEBUG iter 400] w=0.3222, c1=0.9990, c2=1.8094 | fitness=1730.88
[REWARD DEBUG iter 400] FitnessImprovement: 0.0484 → Reward: +1.0000 (prevFit=1730.88, currFit=1730.83)
[ACTION DEBUG iter 400] Raw action[1:3]: [0.4791, 0.5656, 0.7055], noise: 0.0500
[RLAMPSO DEBUG iter 400] w=0.5688, c1=1.5445, c2=1.9601 | fitness=1647.88
[REWARD DEBUG iter 400] FitnessImprovement: 0.0000 → Reward: -1.0000 (prevFit=1647.88, currFit=1647.88)
[ACTION DEBUG iter 400] Raw action[1:3]: [-0.5316, -0.3531, 0.7067], noise: 0.0500
[RLAMPSO DEBUG iter 400] w=0.6511, c1=1.1739, c2=1.3247 | fitness=1638.58
[REWARD DEBUG iter 400] FitnessImprovement: 0.0000 → Reward: -1.0000 (prevFit=1638.58, currFit=1638.58)
[ACTION DEBUG iter 500] Raw action[1:3]: [-0.9047, 0.9598, -0.8549], noise: 0.0500
[ACTION DEBUG iter 500] WARNING: 1/20 actions clipped (network saturating)
[RLAMPSO DEBUG iter 500] w=0.4769, c1=1.9930, c2=1.2751 | fitness=1655.34
[REWARD DEBUG iter 500] FitnessImprovement: 0.0265 → Reward: +1.0000 (prevFit=1655.34, currFit=1655.31)
[ACTION DEBUG iter 500] Raw action[1:3]: [-0.8962, 0.7683, 0.8266], noise: 0.0500
[ACTION DEBUG iter 500] WARNING: 1/20 actions clipped (network saturating)
[RLAMPSO DEBUG iter 500] w=0.2446, c1=1.6571, c2=2.0090 | fitness=1540.93
[REWARD DEBUG iter 500] FitnessImprovement: 0.0000 → Reward: +1.0000 (prevFit=1540.93, currFit=1540.93)
[ACTION DEBUG iter 500] Raw action[1:3]: [-0.9089, 0.6682, -0.0226], noise: 0.0500
[RLAMPSO DEBUG iter 500] w=0.4755, c1=1.6721, c2=1.5590 | fitness=1574.90
[REWARD DEBUG iter 500] FitnessImprovement: 0.0000 → Reward: -1.0000 (prevFit=1574.90, currFit=1574.90)
[ACTION DEBUG iter 500] Raw action[1:3]: [0.9481, -0.9148, 0.9830], noise: 0.0500
[ACTION DEBUG iter 500] WARNING: 5/20 actions clipped (network saturating)
[RLAMPSO DEBUG iter 500] w=0.7351, c1=0.9526, c2=1.3491 | fitness=1720.00
[REWARD DEBUG iter 500] FitnessImprovement: 0.0016 → Reward: +1.0000 (prevFit=1720.00, currFit=1720.00)
[ACTION DEBUG iter 600] Raw action[1:3]: [0.9992, -0.9894, 0.9858], noise: 0.0500
[ACTION DEBUG iter 600] WARNING: 6/20 actions clipped (network saturating)
[RLAMPSO DEBUG iter 600] w=0.5689, c1=0.9000, c2=1.3000 | fitness=1707.19
[REWARD DEBUG iter 600] FitnessImprovement: 0.0000 → Reward: -1.0000 (prevFit=1707.19, currFit=1707.19)

========== Planning Complete ==========
Algorithm: RLAMPSO
Execution time: 24.9571 seconds
Path length: 155.5750 units
Waypoints: 7
Best fitness: 1707.1881
========================================


========== Direct Global Planning ==========
Algorithm: RLAMPSO
Start: [10.0, 95.0, 10.0]
Goal:  [97.0, 2.0, 10.0]
============================================


╔════════════════════════════════════════════════════════╗
║     RLAM-PSO Configuration (GPU-Optimized)            ║
╚════════════════════════════════════════════════════════╝

Mode: baseline

--- Features Enabled ---
  Transformer State: OFF (state: 15D)
  TD3:               OFF
  PER:               OFF
  Curriculum:        OFF

--- Compute Configuration ---
  Mode:              GPU-Optimized Sequential
  GPU:               OFF (CPU fallback)
  Parallel:          OFF (disabled for dlnetwork compatibility)

--- Training Parameters ---
  Episodes:          100
  Population:        40
  Max Iterations:    600
  Batch Size:        256 (GPU-optimized)
  Actor LR:          0.00010
  Critic LR:         0.00100

--- GPU Optimization (2025) ---
  Gradient Steps/Call:  1
  Train Every:          1 iterations
  Mid-Episode Training: ON
  Estimated UTD Ratio:  ~600.0

════════════════════════════════════════════════════════


╔════════════════════════════════════════════════════════╗
║     RLAM-PSO Configuration (GPU-Optimized)            ║
╚════════════════════════════════════════════════════════╝

Mode: baseline

--- Features Enabled ---
  Transformer State: OFF (state: 15D)
  TD3:               OFF
  PER:               OFF
  Curriculum:        OFF

--- Compute Configuration ---
  Mode:              GPU-Optimized Sequential
  GPU:               OFF (CPU fallback)
  Parallel:          OFF (disabled for dlnetwork compatibility)

--- Training Parameters ---
  Episodes:          100
  Population:        40
  Max Iterations:    600
  Batch Size:        256 (GPU-optimized)
  Actor LR:          0.00010
  Critic LR:         0.00100

--- GPU Optimization (2025) ---
  Gradient Steps/Call:  1
  Train Every:          1 iterations
  Mid-Episode Training: ON
  Estimated UTD Ratio:  ~600.0

════════════════════════════════════════════════════════

[ACTION DEBUG iter 500] Raw action[1:3]: [0.0318, -0.7445, 0.9908], noise: 0.0500
[ACTION DEBUG iter 500] WARNING: 1/20 actions clipped (network saturating)
[RLAMPSO DEBUG iter 500] w=0.4681, c1=1.2631, c2=1.6514 | fitness=1553.96
[REWARD DEBUG iter 500] FitnessImprovement: 0.0057 → Reward: +1.0000 (prevFit=1553.96, currFit=1553.96)
[ACTION DEBUG iter 500] Raw action[1:3]: [-0.1679, -0.9129, -0.8449], noise: 0.0500
[ACTION DEBUG iter 500] WARNING: 1/20 actions clipped (network saturating)
[RLAMPSO DEBUG iter 500] w=0.5061, c1=1.7955, c2=1.4739 | fitness=1555.68
[REWARD DEBUG iter 500] FitnessImprovement: 0.0075 → Reward: +1.0000 (prevFit=1555.68, currFit=1555.67)
[ACTION DEBUG iter 500] Raw action[1:3]: [0.8518, 0.6583, 0.9217], noise: 0.0500
[ACTION DEBUG iter 500] WARNING: 1/20 actions clipped (network saturating)
[RLAMPSO DEBUG iter 500] w=0.5962, c1=1.8063, c2=1.3202 | fitness=1683.14
[REWARD DEBUG iter 500] FitnessImprovement: 3.2338 → Reward: +1.0000 (prevFit=1683.14, currFit=1679.91)
[ACTION DEBUG iter 500] Raw action[1:3]: [-0.9329, 0.8860, -0.8712], noise: 0.0500
[ACTION DEBUG iter 500] WARNING: 4/20 actions clipped (network saturating)
[RLAMPSO DEBUG iter 500] w=0.3885, c1=1.7357, c2=1.7706 | fitness=1653.07
[REWARD DEBUG iter 500] FitnessImprovement: 0.0000 → Reward: -1.0000 (prevFit=1653.07, currFit=1653.07)
[ACTION DEBUG iter 500] Raw action[1:3]: [-0.5648, -0.8958, -0.9403], noise: 0.0500
[RLAMPSO DEBUG iter 500] w=0.4554, c1=1.9732, c2=2.2076 | fitness=1640.94
[REWARD DEBUG iter 500] FitnessImprovement: 0.0001 → Reward: +1.0000 (prevFit=1640.94, currFit=1640.94)
[ACTION DEBUG iter 500] Raw action[1:3]: [-0.7774, -0.0221, -0.5923], noise: 0.0500
[RLAMPSO DEBUG iter 500] w=0.2441, c1=1.0038, c2=1.4838 | fitness=1720.51
[REWARD DEBUG iter 500] FitnessImprovement: 0.0000 → Reward: -1.0000 (prevFit=1720.51, currFit=1720.51)
[ACTION DEBUG iter 500] Raw action[1:3]: [-0.7689, -0.3961, 0.7188], noise: 0.0500
[ACTION DEBUG iter 500] WARNING: 1/20 actions clipped (network saturating)
[RLAMPSO DEBUG iter 500] w=0.6019, c1=1.2993, c2=0.9782 | fitness=1661.37
[REWARD DEBUG iter 500] FitnessImprovement: 0.9062 → Reward: +1.0000 (prevFit=1661.37, currFit=1660.46)
[ACTION DEBUG iter 500] Raw action[1:3]: [0.9934, 0.2721, 0.9618], noise: 0.0500
[ACTION DEBUG iter 500] WARNING: 6/20 actions clipped (network saturating)
[RLAMPSO DEBUG iter 500] w=0.4784, c1=0.5000, c2=1.1577 | fitness=1645.15
[REWARD DEBUG iter 500] FitnessImprovement: 0.0000 → Reward: -1.0000 (prevFit=1645.15, currFit=1645.15)
[ACTION DEBUG iter 500] Raw action[1:3]: [-0.0871, -0.8515, 0.8697], noise: 0.0500
[RLAMPSO DEBUG iter 500] w=0.6486, c1=1.3819, c2=1.7092 | fitness=1637.96
[REWARD DEBUG iter 500] FitnessImprovement: 0.0062 → Reward: +1.0000 (prevFit=1637.96, currFit=1637.95)
[ACTION DEBUG iter 100] Raw action[1:3]: [0.4620, -0.5898, 0.0476], noise: 0.0500
[RLAMPSO DEBUG iter 100] w=0.5803, c1=1.8737, c2=1.9171 | fitness=1760.23
[REWARD DEBUG iter 100] FitnessImprovement: 2.6000 → Reward: +1.0000 (prevFit=1760.23, currFit=1757.63)
[ACTION DEBUG iter 600] Raw action[1:3]: [-0.9681, 0.9928, 0.3210], noise: 0.0500
[ACTION DEBUG iter 600] WARNING: 3/20 actions clipped (network saturating)
[RLAMPSO DEBUG iter 600] w=0.5728, c1=1.6739, c2=1.2668 | fitness=1648.31
[REWARD DEBUG iter 600] FitnessImprovement: 0.0000 → Reward: -1.0000 (prevFit=1648.31, currFit=1648.31)

========== Planning Complete ==========
Algorithm: RLAMPSO
Execution time: 24.9416 seconds
Path length: 159.5631 units
Waypoints: 7
Best fitness: 1648.3072
========================================


========== Direct Global Planning ==========
Algorithm: RLAMPSO
Start: [10.0, 95.0, 10.0]
Goal:  [97.0, 2.0, 10.0]
============================================


╔════════════════════════════════════════════════════════╗
║     RLAM-PSO Configuration (GPU-Optimized)            ║
╚════════════════════════════════════════════════════════╝

Mode: baseline

--- Features Enabled ---
  Transformer State: OFF (state: 15D)
  TD3:               OFF
  PER:               OFF
  Curriculum:        OFF

--- Compute Configuration ---
  Mode:              GPU-Optimized Sequential
  GPU:               OFF (CPU fallback)
  Parallel:          OFF (disabled for dlnetwork compatibility)

--- Training Parameters ---
  Episodes:          100
  Population:        40
  Max Iterations:    600
  Batch Size:        256 (GPU-optimized)
  Actor LR:          0.00010
  Critic LR:         0.00100

--- GPU Optimization (2025) ---
  Gradient Steps/Call:  1
  Train Every:          1 iterations
  Mid-Episode Training: ON
  Estimated UTD Ratio:  ~600.0

════════════════════════════════════════════════════════


╔════════════════════════════════════════════════════════╗
║     RLAM-PSO Configuration (GPU-Optimized)            ║
╚════════════════════════════════════════════════════════╝

Mode: baseline

--- Features Enabled ---
  Transformer State: OFF (state: 15D)
  TD3:               OFF
  PER:               OFF
  Curriculum:        OFF

--- Compute Configuration ---
  Mode:              GPU-Optimized Sequential
  GPU:               OFF (CPU fallback)
  Parallel:          OFF (disabled for dlnetwork compatibility)

--- Training Parameters ---
  Episodes:          100
  Population:        40
  Max Iterations:    600
  Batch Size:        256 (GPU-optimized)
  Actor LR:          0.00010
  Critic LR:         0.00100

--- GPU Optimization (2025) ---
  Gradient Steps/Call:  1
  Train Every:          1 iterations
  Mid-Episode Training: ON
  Estimated UTD Ratio:  ~600.0

════════════════════════════════════════════════════════

[ACTION DEBUG iter 600] Raw action[1:3]: [0.4520, 0.9072, 0.8885], noise: 0.0500
[ACTION DEBUG iter 600] WARNING: 2/20 actions clipped (network saturating)
[RLAMPSO DEBUG iter 600] w=0.3073, c1=1.4255, c2=1.8070 | fitness=1540.93
[REWARD DEBUG iter 600] FitnessImprovement: 0.0000 → Reward: -1.0000 (prevFit=1540.93, currFit=1540.93)

========== Planning Complete ==========
Algorithm: RLAMPSO
Execution time: 25.5340 seconds
Path length: 151.0023 units
Waypoints: 7
Best fitness: 1540.9297
========================================


========== Direct Global Planning ==========
Algorithm: RLAMPSO
Start: [10.0, 95.0, 10.0]
Goal:  [97.0, 2.0, 10.0]
============================================


╔════════════════════════════════════════════════════════╗
║     RLAM-PSO Configuration (GPU-Optimized)            ║
╚════════════════════════════════════════════════════════╝

Mode: baseline

--- Features Enabled ---
  Transformer State: OFF (state: 15D)
  TD3:               OFF
  PER:               OFF
  Curriculum:        OFF

--- Compute Configuration ---
  Mode:              GPU-Optimized Sequential
  GPU:               OFF (CPU fallback)
  Parallel:          OFF (disabled for dlnetwork compatibility)

--- Training Parameters ---
  Episodes:          100
  Population:        40
  Max Iterations:    600
  Batch Size:        256 (GPU-optimized)
  Actor LR:          0.00010
  Critic LR:         0.00100

--- GPU Optimization (2025) ---
  Gradient Steps/Call:  1
  Train Every:          1 iterations
  Mid-Episode Training: ON
  Estimated UTD Ratio:  ~600.0

════════════════════════════════════════════════════════


╔════════════════════════════════════════════════════════╗
║     RLAM-PSO Configuration (GPU-Optimized)            ║
╚════════════════════════════════════════════════════════╝

Mode: baseline

--- Features Enabled ---
  Transformer State: OFF (state: 15D)
  TD3:               OFF
  PER:               OFF
  Curriculum:        OFF

--- Compute Configuration ---
  Mode:              GPU-Optimized Sequential
  GPU:               OFF (CPU fallback)
  Parallel:          OFF (disabled for dlnetwork compatibility)

--- Training Parameters ---
  Episodes:          100
  Population:        40
  Max Iterations:    600
  Batch Size:        256 (GPU-optimized)
  Actor LR:          0.00010
  Critic LR:         0.00100

--- GPU Optimization (2025) ---
  Gradient Steps/Call:  1
  Train Every:          1 iterations
  Mid-Episode Training: ON
  Estimated UTD Ratio:  ~600.0

════════════════════════════════════════════════════════

[ACTION DEBUG iter 600] Raw action[1:3]: [-0.9242, 0.8754, 0.8481], noise: 0.0500
[ACTION DEBUG iter 600] WARNING: 4/20 actions clipped (network saturating)
[RLAMPSO DEBUG iter 600] w=0.4767, c1=1.3000, c2=1.3468 | fitness=1574.90
[ACTION DEBUG iter 600] Raw action[1:3]: [0.9998, 0.9871, 0.9997], noise: 0.0500
[ACTION DEBUG iter 600] WARNING: 7/20 actions clipped (network saturating)
[RLAMPSO DEBUG iter 600] w=0.7311, c1=0.9000, c2=0.5708 | fitness=1719.80
[REWARD DEBUG iter 600] FitnessImprovement: 0.0000 → Reward: -1.0000 (prevFit=1719.80, currFit=1719.80)
[ACTION DEBUG iter 200] Raw action[1:3]: [0.4794, -0.4733, 0.2376], noise: 0.0500
[RLAMPSO DEBUG iter 200] w=0.5974, c1=1.8511, c2=1.6894 | fitness=1735.68
[REWARD DEBUG iter 200] FitnessImprovement: 0.0062 → Reward: +1.0000 (prevFit=1735.68, currFit=1735.67)
[REWARD DEBUG iter 600] FitnessImprovement: 0.0000 → Reward: +1.0000 (prevFit=1574.90, currFit=1574.90)

========== Planning Complete ==========
Algorithm: RLAMPSO
Execution time: 25.5984 seconds
Path length: 148.9897 units
Waypoints: 7
Best fitness: 1574.8986
========================================


========== Direct Global Planning ==========
Algorithm: RLAMPSO
Start: [10.0, 95.0, 10.0]
Goal:  [97.0, 2.0, 10.0]
============================================


╔════════════════════════════════════════════════════════╗
║     RLAM-PSO Configuration (GPU-Optimized)            ║
╚════════════════════════════════════════════════════════╝

Mode: baseline

--- Features Enabled ---
  Transformer State: OFF (state: 15D)
  TD3:               OFF
  PER:               OFF
  Curriculum:        OFF

--- Compute Configuration ---
  Mode:              GPU-Optimized Sequential
  GPU:               OFF (CPU fallback)
  Parallel:          OFF (disabled for dlnetwork compatibility)

--- Training Parameters ---
  Episodes:          100
  Population:        40
  Max Iterations:    600
  Batch Size:        256 (GPU-optimized)
  Actor LR:          0.00010
  Critic LR:         0.00100

--- GPU Optimization (2025) ---
  Gradient Steps/Call:  1
  Train Every:          1 iterations
  Mid-Episode Training: ON
  Estimated UTD Ratio:  ~600.0

════════════════════════════════════════════════════════


╔════════════════════════════════════════════════════════╗
║     RLAM-PSO Configuration (GPU-Optimized)            ║
╚════════════════════════════════════════════════════════╝

Mode: baseline

--- Features Enabled ---
  Transformer State: OFF (state: 15D)
  TD3:               OFF
  PER:               OFF
  Curriculum:        OFF

--- Compute Configuration ---
  Mode:              GPU-Optimized Sequential
  GPU:               OFF (CPU fallback)
  Parallel:          OFF (disabled for dlnetwork compatibility)

--- Training Parameters ---
  Episodes:          100
  Population:        40
  Max Iterations:    600
  Batch Size:        256 (GPU-optimized)
  Actor LR:          0.00010
  Critic LR:         0.00100

--- GPU Optimization (2025) ---
  Gradient Steps/Call:  1
  Train Every:          1 iterations
  Mid-Episode Training: ON
  Estimated UTD Ratio:  ~600.0

════════════════════════════════════════════════════════


========== Planning Complete ==========
Algorithm: RLAMPSO
Execution time: 25.6056 seconds
Path length: 154.3062 units
Waypoints: 7
Best fitness: 1719.8039
========================================


========== Direct Global Planning ==========
Algorithm: RLAMPSO
Start: [10.0, 95.0, 10.0]
Goal:  [97.0, 2.0, 10.0]
============================================


╔════════════════════════════════════════════════════════╗
║     RLAM-PSO Configuration (GPU-Optimized)            ║
╚════════════════════════════════════════════════════════╝

Mode: baseline

--- Features Enabled ---
  Transformer State: OFF (state: 15D)
  TD3:               OFF
  PER:               OFF
  Curriculum:        OFF

--- Compute Configuration ---
  Mode:              GPU-Optimized Sequential
  GPU:               OFF (CPU fallback)
  Parallel:          OFF (disabled for dlnetwork compatibility)

--- Training Parameters ---
  Episodes:          100
  Population:        40
  Max Iterations:    600
  Batch Size:        256 (GPU-optimized)
  Actor LR:          0.00010
  Critic LR:         0.00100

--- GPU Optimization (2025) ---
  Gradient Steps/Call:  1
  Train Every:          1 iterations
  Mid-Episode Training: ON
  Estimated UTD Ratio:  ~600.0

════════════════════════════════════════════════════════


╔════════════════════════════════════════════════════════╗
║     RLAM-PSO Configuration (GPU-Optimized)            ║
╚════════════════════════════════════════════════════════╝

Mode: baseline

--- Features Enabled ---
  Transformer State: OFF (state: 15D)
  TD3:               OFF
  PER:               OFF
  Curriculum:        OFF

--- Compute Configuration ---
  Mode:              GPU-Optimized Sequential
  GPU:               OFF (CPU fallback)
  Parallel:          OFF (disabled for dlnetwork compatibility)

--- Training Parameters ---
  Episodes:          100
  Population:        40
  Max Iterations:    600
  Batch Size:        256 (GPU-optimized)
  Actor LR:          0.00010
  Critic LR:         0.00100

--- GPU Optimization (2025) ---
  Gradient Steps/Call:  1
  Train Every:          1 iterations
  Mid-Episode Training: ON
  Estimated UTD Ratio:  ~600.0

════════════════════════════════════════════════════════

[ACTION DEBUG iter 600] Raw action[1:3]: [-0.7416, -0.7532, 0.9959], noise: 0.0500
[ACTION DEBUG iter 600] WARNING: 3/20 actions clipped (network saturating)
[RLAMPSO DEBUG iter 600] w=0.2970, c1=1.0380, c2=0.9525 | fitness=1541.00
[REWARD DEBUG iter 600] FitnessImprovement: 0.0290 → Reward: +1.0000 (prevFit=1541.00, currFit=1540.97)

========== Planning Complete ==========
Algorithm: RLAMPSO
Execution time: 25.7864 seconds
Path length: 166.8802 units
Waypoints: 7
Best fitness: 1540.9681
========================================


========== Direct Global Planning ==========
Algorithm: RLAMPSO
Start: [10.0, 95.0, 10.0]
Goal:  [97.0, 2.0, 10.0]
============================================


╔════════════════════════════════════════════════════════╗
║     RLAM-PSO Configuration (GPU-Optimized)            ║
╚════════════════════════════════════════════════════════╝

Mode: baseline

--- Features Enabled ---
  Transformer State: OFF (state: 15D)
  TD3:               OFF
  PER:               OFF
  Curriculum:        OFF

--- Compute Configuration ---
  Mode:              GPU-Optimized Sequential
  GPU:               OFF (CPU fallback)
  Parallel:          OFF (disabled for dlnetwork compatibility)

--- Training Parameters ---
  Episodes:          100
  Population:        40
  Max Iterations:    600
  Batch Size:        256 (GPU-optimized)
  Actor LR:          0.00010
  Critic LR:         0.00100

--- GPU Optimization (2025) ---
  Gradient Steps/Call:  1
  Train Every:          1 iterations
  Mid-Episode Training: ON
  Estimated UTD Ratio:  ~600.0

════════════════════════════════════════════════════════


╔════════════════════════════════════════════════════════╗
║     RLAM-PSO Configuration (GPU-Optimized)            ║
╚════════════════════════════════════════════════════════╝

Mode: baseline

--- Features Enabled ---
  Transformer State: OFF (state: 15D)
  TD3:               OFF
  PER:               OFF
  Curriculum:        OFF

--- Compute Configuration ---
  Mode:              GPU-Optimized Sequential
  GPU:               OFF (CPU fallback)
  Parallel:          OFF (disabled for dlnetwork compatibility)

--- Training Parameters ---
  Episodes:          100
  Population:        40
  Max Iterations:    600
  Batch Size:        256 (GPU-optimized)
  Actor LR:          0.00010
  Critic LR:         0.00100

--- GPU Optimization (2025) ---
  Gradient Steps/Call:  1
  Train Every:          1 iterations
  Mid-Episode Training: ON
  Estimated UTD Ratio:  ~600.0

════════════════════════════════════════════════════════

[ACTION DEBUG iter 100] Raw action[1:3]: [-0.7900, -0.1640, 0.5224], noise: 0.0500
[RLAMPSO DEBUG iter 100] w=0.4834, c1=1.4927, c2=1.7947 | fitness=1892.22
[REWARD DEBUG iter 100] FitnessImprovement: 0.0039 → Reward: +1.0000 (prevFit=1892.22, currFit=1892.21)
[ACTION DEBUG iter 600] Raw action[1:3]: [-0.9141, -0.9845, -0.9464], noise: 0.0500
[ACTION DEBUG iter 600] WARNING: 1/20 actions clipped (network saturating)
[RLAMPSO DEBUG iter 600] w=0.3636, c1=2.2675, c2=1.9133 | fitness=1555.37
[REWARD DEBUG iter 600] FitnessImprovement: 0.0000 → Reward: +1.0000 (prevFit=1555.37, currFit=1555.37)
[ACTION DEBUG iter 600] Raw action[1:3]: [-0.7725, 0.9463, -0.5601], noise: 0.0500
[ACTION DEBUG iter 600] WARNING: 4/20 actions clipped (network saturating)
[RLAMPSO DEBUG iter 600] w=0.5738, c1=1.5513, c2=1.6687 | fitness=1653.07

========== Planning Complete ==========
Algorithm: RLAMPSO
Execution time: 25.3422 seconds
Path length: 186.6842 units
Waypoints: 7
Best fitness: 1555.3748
========================================


========== Direct Global Planning ==========
Algorithm: RLAMPSO
Start: [10.0, 95.0, 10.0]
Goal:  [97.0, 2.0, 10.0]
============================================


╔════════════════════════════════════════════════════════╗
║     RLAM-PSO Configuration (GPU-Optimized)            ║
╚════════════════════════════════════════════════════════╝

Mode: baseline

--- Features Enabled ---
  Transformer State: OFF (state: 15D)
  TD3:               OFF
  PER:               OFF
  Curriculum:        OFF

--- Compute Configuration ---
  Mode:              GPU-Optimized Sequential
  GPU:               OFF (CPU fallback)
  Parallel:          OFF (disabled for dlnetwork compatibility)

--- Training Parameters ---
  Episodes:          100
  Population:        40
  Max Iterations:    600
  Batch Size:        256 (GPU-optimized)
  Actor LR:          0.00010
  Critic LR:         0.00100

--- GPU Optimization (2025) ---
  Gradient Steps/Call:  1
  Train Every:          1 iterations
  Mid-Episode Training: ON
  Estimated UTD Ratio:  ~600.0

════════════════════════════════════════════════════════


╔════════════════════════════════════════════════════════╗
║     RLAM-PSO Configuration (GPU-Optimized)            ║
╚════════════════════════════════════════════════════════╝

Mode: baseline

--- Features Enabled ---
  Transformer State: OFF (state: 15D)
  TD3:               OFF
  PER:               OFF
  Curriculum:        OFF

--- Compute Configuration ---
  Mode:              GPU-Optimized Sequential
  GPU:               OFF (CPU fallback)
  Parallel:          OFF (disabled for dlnetwork compatibility)

--- Training Parameters ---
  Episodes:          100
  Population:        40
  Max Iterations:    600
  Batch Size:        256 (GPU-optimized)
  Actor LR:          0.00010
  Critic LR:         0.00100

--- GPU Optimization (2025) ---
  Gradient Steps/Call:  1
  Train Every:          1 iterations
  Mid-Episode Training: ON
  Estimated UTD Ratio:  ~600.0

════════════════════════════════════════════════════════

[ACTION DEBUG iter 600] Raw action[1:3]: [0.9581, 0.8969, 0.9897], noise: 0.0500
[ACTION DEBUG iter 600] WARNING: 6/20 actions clipped (network saturating)
[RLAMPSO DEBUG iter 600] w=0.4768, c1=1.3102, c2=1.3703 | fitness=1670.72
[REWARD DEBUG iter 600] FitnessImprovement: 0.0000 → Reward: +1.0000 (prevFit=1670.72, currFit=1670.72)

========== Planning Complete ==========
Algorithm: RLAMPSO
Execution time: 24.9488 seconds
Path length: 160.0434 units
Waypoints: 7
Best fitness: 1670.7212
========================================


========== Direct Global Planning ==========
Algorithm: RLAMPSO
Start: [10.0, 95.0, 10.0]
Goal:  [97.0, 2.0, 10.0]
============================================


╔════════════════════════════════════════════════════════╗
║     RLAM-PSO Configuration (GPU-Optimized)            ║
╚════════════════════════════════════════════════════════╝

Mode: baseline

--- Features Enabled ---
  Transformer State: OFF (state: 15D)
  TD3:               OFF
  PER:               OFF
  Curriculum:        OFF

--- Compute Configuration ---
  Mode:              GPU-Optimized Sequential
  GPU:               OFF (CPU fallback)
  Parallel:          OFF (disabled for dlnetwork compatibility)

--- Training Parameters ---
  Episodes:          100
  Population:        40
  Max Iterations:    600
  Batch Size:        256 (GPU-optimized)
  Actor LR:          0.00010
  Critic LR:         0.00100

--- GPU Optimization (2025) ---
  Gradient Steps/Call:  1
  Train Every:          1 iterations
  Mid-Episode Training: ON
  Estimated UTD Ratio:  ~600.0

════════════════════════════════════════════════════════


╔════════════════════════════════════════════════════════╗
║     RLAM-PSO Configuration (GPU-Optimized)            ║
╚════════════════════════════════════════════════════════╝

Mode: baseline

--- Features Enabled ---
  Transformer State: OFF (state: 15D)
  TD3:               OFF
  PER:               OFF
  Curriculum:        OFF

--- Compute Configuration ---
  Mode:              GPU-Optimized Sequential
  GPU:               OFF (CPU fallback)
  Parallel:          OFF (disabled for dlnetwork compatibility)

--- Training Parameters ---
  Episodes:          100
  Population:        40
  Max Iterations:    600
  Batch Size:        256 (GPU-optimized)
  Actor LR:          0.00010
  Critic LR:         0.00100

--- GPU Optimization (2025) ---
  Gradient Steps/Call:  1
  Train Every:          1 iterations
  Mid-Episode Training: ON
  Estimated UTD Ratio:  ~600.0

════════════════════════════════════════════════════════

[REWARD DEBUG iter 600] FitnessImprovement: 0.0004 → Reward: +1.0000 (prevFit=1653.07, currFit=1653.07)

========== Planning Complete ==========
Algorithm: RLAMPSO
Execution time: 25.3118 seconds
Path length: 151.8721 units
Waypoints: 7
Best fitness: 1653.0690
========================================


========== Direct Global Planning ==========
Algorithm: RLAMPSO
Start: [10.0, 95.0, 10.0]
Goal:  [97.0, 2.0, 10.0]
============================================


╔════════════════════════════════════════════════════════╗
║     RLAM-PSO Configuration (GPU-Optimized)            ║
╚════════════════════════════════════════════════════════╝

Mode: baseline

--- Features Enabled ---
  Transformer State: OFF (state: 15D)
  TD3:               OFF
  PER:               OFF
  Curriculum:        OFF

--- Compute Configuration ---
  Mode:              GPU-Optimized Sequential
  GPU:               OFF (CPU fallback)
  Parallel:          OFF (disabled for dlnetwork compatibility)

--- Training Parameters ---
  Episodes:          100
  Population:        40
  Max Iterations:    600
  Batch Size:        256 (GPU-optimized)
  Actor LR:          0.00010
  Critic LR:         0.00100

--- GPU Optimization (2025) ---
  Gradient Steps/Call:  1
  Train Every:          1 iterations
  Mid-Episode Training: ON
  Estimated UTD Ratio:  ~600.0

════════════════════════════════════════════════════════


╔════════════════════════════════════════════════════════╗
║     RLAM-PSO Configuration (GPU-Optimized)            ║
╚════════════════════════════════════════════════════════╝

Mode: baseline

--- Features Enabled ---
  Transformer State: OFF (state: 15D)
  TD3:               OFF
  PER:               OFF
  Curriculum:        OFF

--- Compute Configuration ---
  Mode:              GPU-Optimized Sequential
  GPU:               OFF (CPU fallback)
  Parallel:          OFF (disabled for dlnetwork compatibility)

--- Training Parameters ---
  Episodes:          100
  Population:        40
  Max Iterations:    600
  Batch Size:        256 (GPU-optimized)
  Actor LR:          0.00010
  Critic LR:         0.00100

--- GPU Optimization (2025) ---
  Gradient Steps/Call:  1
  Train Every:          1 iterations
  Mid-Episode Training: ON
  Estimated UTD Ratio:  ~600.0

════════════════════════════════════════════════════════

[ACTION DEBUG iter 600] Raw action[1:3]: [-0.9654, -0.9945, -0.9858], noise: 0.0500
[ACTION DEBUG iter 600] WARNING: 2/20 actions clipped (network saturating)
[RLAMPSO DEBUG iter 600] w=0.5731, c1=2.1000, c2=2.5000 | fitness=1639.29
[REWARD DEBUG iter 600] FitnessImprovement: 0.0068 → Reward: +1.0000 (prevFit=1639.29, currFit=1639.29)

========== Planning Complete ==========
Algorithm: RLAMPSO
Execution time: 25.9666 seconds
Path length: 149.7785 units
Waypoints: 7
Best fitness: 1639.2856
========================================


========== Direct Global Planning ==========
Algorithm: RLAMPSO
Start: [10.0, 95.0, 10.0]
Goal:  [97.0, 2.0, 10.0]
============================================


╔════════════════════════════════════════════════════════╗
║     RLAM-PSO Configuration (GPU-Optimized)            ║
╚════════════════════════════════════════════════════════╝

Mode: baseline

--- Features Enabled ---
  Transformer State: OFF (state: 15D)
  TD3:               OFF
  PER:               OFF
  Curriculum:        OFF

--- Compute Configuration ---
  Mode:              GPU-Optimized Sequential
  GPU:               OFF (CPU fallback)
  Parallel:          OFF (disabled for dlnetwork compatibility)

--- Training Parameters ---
  Episodes:          100
  Population:        40
  Max Iterations:    600
  Batch Size:        256 (GPU-optimized)
  Actor LR:          0.00010
  Critic LR:         0.00100

--- GPU Optimization (2025) ---
  Gradient Steps/Call:  1
  Train Every:          1 iterations
  Mid-Episode Training: ON
  Estimated UTD Ratio:  ~600.0

════════════════════════════════════════════════════════


╔════════════════════════════════════════════════════════╗
║     RLAM-PSO Configuration (GPU-Optimized)            ║
╚════════════════════════════════════════════════════════╝

Mode: baseline

--- Features Enabled ---
  Transformer State: OFF (state: 15D)
  TD3:               OFF
  PER:               OFF
  Curriculum:        OFF

--- Compute Configuration ---
  Mode:              GPU-Optimized Sequential
  GPU:               OFF (CPU fallback)
  Parallel:          OFF (disabled for dlnetwork compatibility)

--- Training Parameters ---
  Episodes:          100
  Population:        40
  Max Iterations:    600
  Batch Size:        256 (GPU-optimized)
  Actor LR:          0.00010
  Critic LR:         0.00100

--- GPU Optimization (2025) ---
  Gradient Steps/Call:  1
  Train Every:          1 iterations
  Mid-Episode Training: ON
  Estimated UTD Ratio:  ~600.0

════════════════════════════════════════════════════════

[ACTION DEBUG iter 600] Raw action[1:3]: [-0.3263, 0.8711, 0.8692], noise: 0.0500
[ACTION DEBUG iter 600] WARNING: 2/20 actions clipped (network saturating)
[RLAMPSO DEBUG iter 600] w=0.6073, c1=1.3000, c2=0.9000 | fitness=1651.74
[REWARD DEBUG iter 600] FitnessImprovement: 0.0269 → Reward: +1.0000 (prevFit=1651.74, currFit=1651.72)

========== Planning Complete ==========
Algorithm: RLAMPSO
Execution time: 25.8182 seconds
Path length: 154.8797 units
Waypoints: 7
Best fitness: 1651.7171
========================================


========== Direct Global Planning ==========
Algorithm: RLAMPSO
Start: [10.0, 95.0, 10.0]
Goal:  [97.0, 2.0, 10.0]
============================================


╔════════════════════════════════════════════════════════╗
║     RLAM-PSO Configuration (GPU-Optimized)            ║
╚════════════════════════════════════════════════════════╝

Mode: baseline

--- Features Enabled ---
  Transformer State: OFF (state: 15D)
  TD3:               OFF
  PER:               OFF
  Curriculum:        OFF

--- Compute Configuration ---
  Mode:              GPU-Optimized Sequential
  GPU:               OFF (CPU fallback)
  Parallel:          OFF (disabled for dlnetwork compatibility)

--- Training Parameters ---
  Episodes:          100
  Population:        40
  Max Iterations:    600
  Batch Size:        256 (GPU-optimized)
  Actor LR:          0.00010
  Critic LR:         0.00100

--- GPU Optimization (2025) ---
  Gradient Steps/Call:  1
  Train Every:          1 iterations
  Mid-Episode Training: ON
  Estimated UTD Ratio:  ~600.0

════════════════════════════════════════════════════════


╔════════════════════════════════════════════════════════╗
║     RLAM-PSO Configuration (GPU-Optimized)            ║
╚════════════════════════════════════════════════════════╝

Mode: baseline

--- Features Enabled ---
  Transformer State: OFF (state: 15D)
  TD3:               OFF
  PER:               OFF
  Curriculum:        OFF

--- Compute Configuration ---
  Mode:              GPU-Optimized Sequential
  GPU:               OFF (CPU fallback)
  Parallel:          OFF (disabled for dlnetwork compatibility)

--- Training Parameters ---
  Episodes:          100
  Population:        40
  Max Iterations:    600
  Batch Size:        256 (GPU-optimized)
  Actor LR:          0.00010
  Critic LR:         0.00100

--- GPU Optimization (2025) ---
  Gradient Steps/Call:  1
  Train Every:          1 iterations
  Mid-Episode Training: ON
  Estimated UTD Ratio:  ~600.0

════════════════════════════════════════════════════════

[ACTION DEBUG iter 100] Raw action[1:3]: [0.0767, 0.0252, 0.0129], noise: 0.0500
[RLAMPSO DEBUG iter 100] w=0.4598, c1=2.1813, c2=2.1252 | fitness=1801.12
[REWARD DEBUG iter 100] FitnessImprovement: 2.9721 → Reward: +1.0000 (prevFit=1801.12, currFit=1798.15)
[ACTION DEBUG iter 600] Raw action[1:3]: [-0.9476, -0.5254, -0.5214], noise: 0.0500
[ACTION DEBUG iter 600] WARNING: 2/20 actions clipped (network saturating)
[RLAMPSO DEBUG iter 600] w=0.2807, c1=0.8987, c2=1.5773 | fitness=1686.01
[REWARD DEBUG iter 600] FitnessImprovement: 0.0210 → Reward: +1.0000 (prevFit=1686.01, currFit=1685.99)

========== Planning Complete ==========
Algorithm: RLAMPSO
Execution time: 25.3551 seconds
Path length: 168.2195 units
Waypoints: 7
Best fitness: 1685.9938
========================================


========== Direct Global Planning ==========
Algorithm: RLAMPSO
Start: [10.0, 95.0, 10.0]
Goal:  [97.0, 2.0, 10.0]
============================================


╔════════════════════════════════════════════════════════╗
║     RLAM-PSO Configuration (GPU-Optimized)            ║
╚════════════════════════════════════════════════════════╝

Mode: baseline

--- Features Enabled ---
  Transformer State: OFF (state: 15D)
  TD3:               OFF
  PER:               OFF
  Curriculum:        OFF

--- Compute Configuration ---
  Mode:              GPU-Optimized Sequential
  GPU:               OFF (CPU fallback)
  Parallel:          OFF (disabled for dlnetwork compatibility)

--- Training Parameters ---
  Episodes:          100
  Population:        40
  Max Iterations:    600
  Batch Size:        256 (GPU-optimized)
  Actor LR:          0.00010
  Critic LR:         0.00100

--- GPU Optimization (2025) ---
  Gradient Steps/Call:  1
  Train Every:          1 iterations
  Mid-Episode Training: ON
  Estimated UTD Ratio:  ~600.0

════════════════════════════════════════════════════════


╔════════════════════════════════════════════════════════╗
║     RLAM-PSO Configuration (GPU-Optimized)            ║
╚════════════════════════════════════════════════════════╝

Mode: baseline

--- Features Enabled ---
  Transformer State: OFF (state: 15D)
  TD3:               OFF
  PER:               OFF
  Curriculum:        OFF

--- Compute Configuration ---
  Mode:              GPU-Optimized Sequential
  GPU:               OFF (CPU fallback)
  Parallel:          OFF (disabled for dlnetwork compatibility)

--- Training Parameters ---
  Episodes:          100
  Population:        40
  Max Iterations:    600
  Batch Size:        256 (GPU-optimized)
  Actor LR:          0.00010
  Critic LR:         0.00100

--- GPU Optimization (2025) ---
  Gradient Steps/Call:  1
  Train Every:          1 iterations
  Mid-Episode Training: ON
  Estimated UTD Ratio:  ~600.0

════════════════════════════════════════════════════════

[ACTION DEBUG iter 600] Raw action[1:3]: [0.9894, -0.8210, 0.9907], noise: 0.0500
[ACTION DEBUG iter 600] WARNING: 3/20 actions clipped (network saturating)
[RLAMPSO DEBUG iter 600] w=0.5272, c1=0.9447, c2=1.7413 | fitness=1645.09
[ACTION DEBUG iter 300] Raw action[1:3]: [-0.0312, 0.7231, 0.3348], noise: 0.0500
[RLAMPSO DEBUG iter 300] w=0.5999, c1=1.7340, c2=1.5974 | fitness=1723.01
[REWARD DEBUG iter 300] FitnessImprovement: 0.0650 → Reward: +1.0000 (prevFit=1723.01, currFit=1722.94)
[REWARD DEBUG iter 600] FitnessImprovement: 0.0000 → Reward: +1.0000 (prevFit=1645.09, currFit=1645.09)

========== Planning Complete ==========
Algorithm: RLAMPSO
Execution time: 25.4468 seconds
Path length: 155.7811 units
Waypoints: 7
Best fitness: 1645.0857
========================================


========== Direct Global Planning ==========
Algorithm: RLAMPSO
Start: [10.0, 95.0, 10.0]
Goal:  [97.0, 2.0, 10.0]
============================================


╔════════════════════════════════════════════════════════╗
║     RLAM-PSO Configuration (GPU-Optimized)            ║
╚════════════════════════════════════════════════════════╝

Mode: baseline

--- Features Enabled ---
  Transformer State: OFF (state: 15D)
  TD3:               OFF
  PER:               OFF
  Curriculum:        OFF

--- Compute Configuration ---
  Mode:              GPU-Optimized Sequential
  GPU:               OFF (CPU fallback)
  Parallel:          OFF (disabled for dlnetwork compatibility)

--- Training Parameters ---
  Episodes:          100
  Population:        40
  Max Iterations:    600
  Batch Size:        256 (GPU-optimized)
  Actor LR:          0.00010
  Critic LR:         0.00100

--- GPU Optimization (2025) ---
  Gradient Steps/Call:  1
  Train Every:          1 iterations
  Mid-Episode Training: ON
  Estimated UTD Ratio:  ~600.0

════════════════════════════════════════════════════════


╔════════════════════════════════════════════════════════╗
║     RLAM-PSO Configuration (GPU-Optimized)            ║
╚════════════════════════════════════════════════════════╝

Mode: baseline

--- Features Enabled ---
  Transformer State: OFF (state: 15D)
  TD3:               OFF
  PER:               OFF
  Curriculum:        OFF

--- Compute Configuration ---
  Mode:              GPU-Optimized Sequential
  GPU:               OFF (CPU fallback)
  Parallel:          OFF (disabled for dlnetwork compatibility)

--- Training Parameters ---
  Episodes:          100
  Population:        40
  Max Iterations:    600
  Batch Size:        256 (GPU-optimized)
  Actor LR:          0.00010
  Critic LR:         0.00100

--- GPU Optimization (2025) ---
  Gradient Steps/Call:  1
  Train Every:          1 iterations
  Mid-Episode Training: ON
  Estimated UTD Ratio:  ~600.0

════════════════════════════════════════════════════════

[ACTION DEBUG iter 600] Raw action[1:3]: [-0.8981, -0.7085, 0.9375], noise: 0.0500
[ACTION DEBUG iter 600] WARNING: 2/20 actions clipped (network saturating)
[RLAMPSO DEBUG iter 600] w=0.5474, c1=0.9356, c2=1.7757 | fitness=1637.94
[REWARD DEBUG iter 600] FitnessImprovement: 0.0000 → Reward: -1.0000 (prevFit=1637.94, currFit=1637.94)

========== Planning Complete ==========
Algorithm: RLAMPSO
Execution time: 25.9823 seconds
Path length: 152.9160 units
Waypoints: 7
Best fitness: 1637.9446
========================================


========== Direct Global Planning ==========
Algorithm: RLAMPSO
Start: [10.0, 95.0, 10.0]
Goal:  [97.0, 2.0, 10.0]
============================================


╔════════════════════════════════════════════════════════╗
║     RLAM-PSO Configuration (GPU-Optimized)            ║
╚════════════════════════════════════════════════════════╝

Mode: baseline

--- Features Enabled ---
  Transformer State: OFF (state: 15D)
  TD3:               OFF
  PER:               OFF
  Curriculum:        OFF

--- Compute Configuration ---
  Mode:              GPU-Optimized Sequential
  GPU:               OFF (CPU fallback)
  Parallel:          OFF (disabled for dlnetwork compatibility)

--- Training Parameters ---
  Episodes:          100
  Population:        40
  Max Iterations:    600
  Batch Size:        256 (GPU-optimized)
  Actor LR:          0.00010
  Critic LR:         0.00100

--- GPU Optimization (2025) ---
  Gradient Steps/Call:  1
  Train Every:          1 iterations
  Mid-Episode Training: ON
  Estimated UTD Ratio:  ~600.0

════════════════════════════════════════════════════════


╔════════════════════════════════════════════════════════╗
║     RLAM-PSO Configuration (GPU-Optimized)            ║
╚════════════════════════════════════════════════════════╝

Mode: baseline

--- Features Enabled ---
  Transformer State: OFF (state: 15D)
  TD3:               OFF
  PER:               OFF
  Curriculum:        OFF

--- Compute Configuration ---
  Mode:              GPU-Optimized Sequential
  GPU:               OFF (CPU fallback)
  Parallel:          OFF (disabled for dlnetwork compatibility)

--- Training Parameters ---
  Episodes:          100
  Population:        40
  Max Iterations:    600
  Batch Size:        256 (GPU-optimized)
  Actor LR:          0.00010
  Critic LR:         0.00100

--- GPU Optimization (2025) ---
  Gradient Steps/Call:  1
  Train Every:          1 iterations
  Mid-Episode Training: ON
  Estimated UTD Ratio:  ~600.0

════════════════════════════════════════════════════════

[ACTION DEBUG iter 100] Raw action[1:3]: [-0.1839, 0.5220, 0.0649], noise: 0.0500
[RLAMPSO DEBUG iter 100] w=0.4174, c1=1.7535, c2=1.8203 | fitness=2072.28
[ACTION DEBUG iter 100] Raw action[1:3]: [0.1530, 0.0184, 0.3284], noise: 0.0500
[RLAMPSO DEBUG iter 100] w=0.4718, c1=2.1496, c2=1.4752 | fitness=1612.90
[REWARD DEBUG iter 100] FitnessImprovement: 0.1901 → Reward: +1.0000 (prevFit=1612.90, currFit=1612.71)
[ACTION DEBUG iter 100] Raw action[1:3]: [0.2492, 0.7323, -0.1897], noise: 0.0500
[RLAMPSO DEBUG iter 100] w=0.4314, c1=1.8891, c2=1.0653 | fitness=1715.71
[REWARD DEBUG iter 100] FitnessImprovement: 0.0000 → Reward: -1.0000 (prevFit=1715.71, currFit=1715.71)
[REWARD DEBUG iter 100] FitnessImprovement: 0.0019 → Reward: +1.0000 (prevFit=2072.28, currFit=2072.28)
[ACTION DEBUG iter 200] Raw action[1:3]: [-0.7843, -0.3599, 0.3515], noise: 0.0500
[RLAMPSO DEBUG iter 200] w=0.5544, c1=1.4203, c2=1.6852 | fitness=1892.21
[REWARD DEBUG iter 200] FitnessImprovement: 0.0000 → Reward: -1.0000 (prevFit=1892.21, currFit=1892.21)
[ACTION DEBUG iter 100] Raw action[1:3]: [-0.1265, 0.1788, 0.0008], noise: 0.0500
[RLAMPSO DEBUG iter 100] w=0.4756, c1=2.4723, c2=2.0689 | fitness=1651.29
[REWARD DEBUG iter 100] FitnessImprovement: 1.4007 → Reward: +1.0000 (prevFit=1651.29, currFit=1649.89)
[ACTION DEBUG iter 100] Raw action[1:3]: [-0.2990, -0.0667, 0.0340], noise: 0.0500
[RLAMPSO DEBUG iter 100] w=0.4876, c1=1.3190, c2=1.4740 | fitness=1833.28
[REWARD DEBUG iter 100] FitnessImprovement: 0.0003 → Reward: +1.0000 (prevFit=1833.28, currFit=1833.28)
[ACTION DEBUG iter 100] Raw action[1:3]: [-0.0737, 0.2203, -0.0098], noise: 0.0500
[RLAMPSO DEBUG iter 100] w=0.4872, c1=2.0005, c2=1.7747 | fitness=1624.71
[REWARD DEBUG iter 100] FitnessImprovement: 0.0595 → Reward: +1.0000 (prevFit=1624.71, currFit=1624.66)
[ACTION DEBUG iter 100] Raw action[1:3]: [-0.1583, 0.5022, -0.2419], noise: 0.0500
[RLAMPSO DEBUG iter 100] w=0.5555, c1=1.6383, c2=1.4494 | fitness=1639.26
[REWARD DEBUG iter 100] FitnessImprovement: 0.0027 → Reward: +1.0000 (prevFit=1639.26, currFit=1639.26)
[ACTION DEBUG iter 100] Raw action[1:3]: [-0.2891, 0.1031, 0.2591], noise: 0.0500
[RLAMPSO DEBUG iter 100] w=0.5119, c1=1.5593, c2=1.6805 | fitness=1604.47
[REWARD DEBUG iter 100] FitnessImprovement: 1.2943 → Reward: +1.0000 (prevFit=1604.47, currFit=1603.17)
[ACTION DEBUG iter 200] Raw action[1:3]: [-0.2022, 0.0974, -0.1450], noise: 0.0500
[RLAMPSO DEBUG iter 200] w=0.4880, c1=1.9024, c2=2.0929 | fitness=1763.51
[REWARD DEBUG iter 200] FitnessImprovement: 0.0000 → Reward: -1.0000 (prevFit=1763.51, currFit=1763.51)
[ACTION DEBUG iter 100] Raw action[1:3]: [-0.2069, -0.6172, 0.3626], noise: 0.0500
[RLAMPSO DEBUG iter 100] w=0.4882, c1=1.5221, c2=1.6174 | fitness=1636.27
[REWARD DEBUG iter 100] FitnessImprovement: 0.6800 → Reward: +1.0000 (prevFit=1636.27, currFit=1635.59)
[ACTION DEBUG iter 200] Raw action[1:3]: [0.1699, 0.1664, 0.1904], noise: 0.0500
[RLAMPSO DEBUG iter 200] w=0.5294, c1=2.1077, c2=1.3681 | fitness=1609.70
[REWARD DEBUG iter 200] FitnessImprovement: 0.0025 → Reward: +1.0000 (prevFit=1609.70, currFit=1609.69)
[ACTION DEBUG iter 100] Raw action[1:3]: [-0.2315, 0.0648, -0.0785], noise: 0.0500
[RLAMPSO DEBUG iter 100] w=0.4782, c1=1.8263, c2=2.0407 | fitness=1771.01
[REWARD DEBUG iter 100] FitnessImprovement: 0.0000 → Reward: -1.0000 (prevFit=1771.01, currFit=1771.01)
[ACTION DEBUG iter 100] Raw action[1:3]: [-0.1461, 0.2838, 0.0653], noise: 0.0500
[RLAMPSO DEBUG iter 100] w=0.6577, c1=1.7000, c2=2.1164 | fitness=1807.50
[REWARD DEBUG iter 100] FitnessImprovement: 0.0486 → Reward: +1.0000 (prevFit=1807.50, currFit=1807.45)
[ACTION DEBUG iter 200] Raw action[1:3]: [-0.2363, 0.6055, 0.1227], noise: 0.0500
[RLAMPSO DEBUG iter 200] w=0.4278, c1=1.6760, c2=1.4338 | fitness=1652.21
[REWARD DEBUG iter 200] FitnessImprovement: 0.0051 → Reward: +1.0000 (prevFit=1652.21, currFit=1652.20)
[ACTION DEBUG iter 200] Raw action[1:3]: [-0.0754, 0.4651, -0.0917], noise: 0.0500
[RLAMPSO DEBUG iter 200] w=0.4635, c1=2.0565, c2=1.8196 | fitness=2065.30
[REWARD DEBUG iter 200] FitnessImprovement: 0.5865 → Reward: +1.0000 (prevFit=2065.30, currFit=2064.71)
[ACTION DEBUG iter 300] Raw action[1:3]: [-0.7909, -0.5379, 0.5505], noise: 0.0500
[RLAMPSO DEBUG iter 300] w=0.5426, c1=1.3356, c2=1.7355 | fitness=1892.21
[REWARD DEBUG iter 300] FitnessImprovement: 0.0000 → Reward: -1.0000 (prevFit=1892.21, currFit=1892.21)
[ACTION DEBUG iter 200] Raw action[1:3]: [0.0725, 0.1561, -0.3752], noise: 0.0500
[RLAMPSO DEBUG iter 200] w=0.5457, c1=2.4614, c2=2.1530 | fitness=1611.14
[REWARD DEBUG iter 200] FitnessImprovement: 0.0000 → Reward: -1.0000 (prevFit=1611.14, currFit=1611.14)
[ACTION DEBUG iter 200] Raw action[1:3]: [-0.0519, 0.2983, -0.1129], noise: 0.0500
[RLAMPSO DEBUG iter 200] w=0.4906, c1=1.6294, c2=1.6837 | fitness=1622.04
[REWARD DEBUG iter 200] FitnessImprovement: 0.0000 → Reward: +1.0000 (prevFit=1622.04, currFit=1622.04)
[ACTION DEBUG iter 200] Raw action[1:3]: [0.1103, -0.4895, 0.1232], noise: 0.0500
[RLAMPSO DEBUG iter 200] w=0.5170, c1=1.5890, c2=1.3817 | fitness=1818.75
[ACTION DEBUG iter 200] Raw action[1:3]: [-0.0265, 0.2782, -0.3971], noise: 0.0500
[RLAMPSO DEBUG iter 200] w=0.5722, c1=1.6897, c2=1.5465 | fitness=1632.21
[ACTION DEBUG iter 200] Raw action[1:3]: [-0.2153, 0.1031, 0.5098], noise: 0.0500
[RLAMPSO DEBUG iter 200] w=0.5610, c1=1.7613, c2=1.6411 | fitness=1580.72
[REWARD DEBUG iter 200] FitnessImprovement: 0.1055 → Reward: +1.0000 (prevFit=1580.72, currFit=1580.62)
[ACTION DEBUG iter 300] Raw action[1:3]: [-0.5700, -0.0267, -0.2821], noise: 0.0500
[RLAMPSO DEBUG iter 300] w=0.5216, c1=2.0992, c2=1.9771 | fitness=1754.48
[REWARD DEBUG iter 300] FitnessImprovement: 0.0000 → Reward: -1.0000 (prevFit=1754.48, currFit=1754.48)
[REWARD DEBUG iter 200] FitnessImprovement: 0.0120 → Reward: +1.0000 (prevFit=1818.75, currFit=1818.74)
[REWARD DEBUG iter 200] FitnessImprovement: 0.0002 → Reward: +1.0000 (prevFit=1632.21, currFit=1632.21)
[ACTION DEBUG iter 200] Raw action[1:3]: [-0.4429, -0.6879, 0.5190], noise: 0.0500
[RLAMPSO DEBUG iter 200] w=0.5535, c1=1.4805, c2=1.4672 | fitness=1578.81
[REWARD DEBUG iter 200] FitnessImprovement: 0.0031 → Reward: +1.0000 (prevFit=1578.81, currFit=1578.80)
[ACTION DEBUG iter 300] Raw action[1:3]: [-0.4540, 0.3235, 0.4247], noise: 0.0500
[RLAMPSO DEBUG iter 300] w=0.5173, c1=2.1000, c2=1.2660 | fitness=1601.50
[REWARD DEBUG iter 300] FitnessImprovement: 0.0006 → Reward: +1.0000 (prevFit=1601.50, currFit=1601.50)
[ACTION DEBUG iter 200] Raw action[1:3]: [0.2683, -0.6714, -0.3820], noise: 0.0500
[RLAMPSO DEBUG iter 200] w=0.6095, c1=1.6271, c2=1.7787 | fitness=1733.96
[REWARD DEBUG iter 200] FitnessImprovement: 0.0065 → Reward: +1.0000 (prevFit=1733.96, currFit=1733.95)
[ACTION DEBUG iter 200] Raw action[1:3]: [0.0784, -0.0070, 0.0043], noise: 0.0500
[ACTION DEBUG iter 200] WARNING: 1/20 actions clipped (network saturating)
[RLAMPSO DEBUG iter 200] w=0.6983, c1=1.3308, c2=1.7136 | fitness=1775.40
[REWARD DEBUG iter 200] FitnessImprovement: 0.0240 → Reward: +1.0000 (prevFit=1775.40, currFit=1775.38)
[ACTION DEBUG iter 300] Raw action[1:3]: [-0.2068, 0.5904, 0.3799], noise: 0.0500
[ACTION DEBUG iter 300] WARNING: 1/20 actions clipped (network saturating)
[RLAMPSO DEBUG iter 300] w=0.4168, c1=1.5271, c2=0.9980 | fitness=1646.75
[REWARD DEBUG iter 300] FitnessImprovement: 0.0004 → Reward: +1.0000 (prevFit=1646.75, currFit=1646.75)
[ACTION DEBUG iter 300] Raw action[1:3]: [0.4020, 0.4178, -0.1160], noise: 0.0500
[RLAMPSO DEBUG iter 300] w=0.5389, c1=1.4169, c2=1.6189 | fitness=1995.56
[REWARD DEBUG iter 300] FitnessImprovement: 0.0000 → Reward: -1.0000 (prevFit=1995.56, currFit=1995.56)
[ACTION DEBUG iter 400] Raw action[1:3]: [-0.4847, -0.4485, 0.9360], noise: 0.0500
[RLAMPSO DEBUG iter 400] w=0.5280, c1=1.5642, c2=1.6807 | fitness=1722.11
[REWARD DEBUG iter 400] FitnessImprovement: 0.0003 → Reward: +1.0000 (prevFit=1722.11, currFit=1722.11)
[ACTION DEBUG iter 300] Raw action[1:3]: [-0.6183, 0.0581, 0.6007], noise: 0.0500
[ACTION DEBUG iter 300] WARNING: 1/20 actions clipped (network saturating)
[RLAMPSO DEBUG iter 300] w=0.4284, c1=1.8601, c2=1.8745 | fitness=1610.98
[REWARD DEBUG iter 300] FitnessImprovement: 0.0097 → Reward: +1.0000 (prevFit=1610.98, currFit=1610.97)
[ACTION DEBUG iter 300] Raw action[1:3]: [-0.3858, 0.1933, 0.1916], noise: 0.0500
[RLAMPSO DEBUG iter 300] w=0.4991, c1=1.9321, c2=1.7066 | fitness=1577.83
[REWARD DEBUG iter 300] FitnessImprovement: 0.0043 → Reward: +1.0000 (prevFit=1577.83, currFit=1577.83)
[ACTION DEBUG iter 300] Raw action[1:3]: [0.0765, 0.2151, 0.1389], noise: 0.0500
[RLAMPSO DEBUG iter 300] w=0.4475, c1=1.7405, c2=1.6173 | fitness=1621.99
[REWARD DEBUG iter 300] FitnessImprovement: 0.0001 → Reward: +1.0000 (prevFit=1621.99, currFit=1621.99)
[ACTION DEBUG iter 300] Raw action[1:3]: [-0.0384, -0.4305, 0.2029], noise: 0.0500
[RLAMPSO DEBUG iter 300] w=0.5135, c1=1.4631, c2=1.8662 | fitness=1818.32
[REWARD DEBUG iter 300] FitnessImprovement: 0.0000 → Reward: -1.0000 (prevFit=1818.32, currFit=1818.32)
[ACTION DEBUG iter 300] Raw action[1:3]: [-0.6575, -0.5693, 0.6884], noise: 0.0500
[RLAMPSO DEBUG iter 300] w=0.5726, c1=1.6073, c2=1.6710 | fitness=1560.18
[REWARD DEBUG iter 300] FitnessImprovement: 0.0252 → Reward: +1.0000 (prevFit=1560.18, currFit=1560.16)
[ACTION DEBUG iter 300] Raw action[1:3]: [0.3693, 0.5452, -0.1747], noise: 0.0500
[RLAMPSO DEBUG iter 300] w=0.6575, c1=1.4720, c2=1.2284 | fitness=1631.36
[REWARD DEBUG iter 300] FitnessImprovement: 0.1351 → Reward: +1.0000 (prevFit=1631.36, currFit=1631.23)
[ACTION DEBUG iter 300] Raw action[1:3]: [0.4167, 0.1859, 0.1989], noise: 0.0500
[RLAMPSO DEBUG iter 300] w=0.7135, c1=1.5211, c2=1.6803 | fitness=1753.22
[ACTION DEBUG iter 300] Raw action[1:3]: [-0.2583, -0.0766, -0.1264], noise: 0.0500
[RLAMPSO DEBUG iter 300] w=0.4855, c1=1.8778, c2=1.8548 | fitness=1730.90
[REWARD DEBUG iter 300] FitnessImprovement: 0.0000 → Reward: -1.0000 (prevFit=1730.90, currFit=1730.90)
[REWARD DEBUG iter 300] FitnessImprovement: 0.0457 → Reward: +1.0000 (prevFit=1753.22, currFit=1753.18)
[ACTION DEBUG iter 400] Raw action[1:3]: [-0.8514, 0.0738, 0.0349], noise: 0.0500
[RLAMPSO DEBUG iter 400] w=0.4971, c1=1.2882, c2=1.6520 | fitness=1762.86
[REWARD DEBUG iter 400] FitnessImprovement: 0.0000 → Reward: -1.0000 (prevFit=1762.86, currFit=1762.86)
[ACTION DEBUG iter 400] Raw action[1:3]: [-0.5970, -0.0213, -0.5355], noise: 0.0500
[RLAMPSO DEBUG iter 400] w=0.5043, c1=1.8865, c2=1.6204 | fitness=1707.90
[REWARD DEBUG iter 400] FitnessImprovement: 0.3218 → Reward: +1.0000 (prevFit=1707.90, currFit=1707.57)
[ACTION DEBUG iter 400] Raw action[1:3]: [0.3002, -0.3204, 0.8554], noise: 0.0500
[ACTION DEBUG iter 400] WARNING: 1/20 actions clipped (network saturating)
[RLAMPSO DEBUG iter 400] w=0.5019, c1=1.8156, c2=0.9462 | fitness=1590.15
[REWARD DEBUG iter 400] FitnessImprovement: 0.0641 → Reward: +1.0000 (prevFit=1590.15, currFit=1590.09)
[ACTION DEBUG iter 500] Raw action[1:3]: [0.5172, -0.9171, 0.7439], noise: 0.0500
[ACTION DEBUG iter 500] WARNING: 1/20 actions clipped (network saturating)
[RLAMPSO DEBUG iter 500] w=0.5394, c1=1.3899, c2=1.6421 | fitness=1720.79
[REWARD DEBUG iter 500] FitnessImprovement: 0.0341 → Reward: +1.0000 (prevFit=1720.79, currFit=1720.76)
[ACTION DEBUG iter 400] Raw action[1:3]: [-0.4569, 0.8142, -0.1747], noise: 0.0500
[RLAMPSO DEBUG iter 400] w=0.3922, c1=0.9839, c2=0.8578 | fitness=1646.49
[REWARD DEBUG iter 400] FitnessImprovement: 0.0006 → Reward: +1.0000 (prevFit=1646.49, currFit=1646.49)
[ACTION DEBUG iter 400] Raw action[1:3]: [0.1697, 0.9276, -0.5181], noise: 0.0500
[RLAMPSO DEBUG iter 400] w=0.5407, c1=1.6234, c2=1.6998 | fitness=1973.88
[REWARD DEBUG iter 400] FitnessImprovement: 0.0635 → Reward: +1.0000 (prevFit=1973.88, currFit=1973.82)
[ACTION DEBUG iter 400] Raw action[1:3]: [-0.6810, 0.7416, -0.5137], noise: 0.0500
[ACTION DEBUG iter 400] WARNING: 1/20 actions clipped (network saturating)
[RLAMPSO DEBUG iter 400] w=0.5321, c1=2.1504, c2=2.0517 | fitness=1610.67
[REWARD DEBUG iter 400] FitnessImprovement: 0.0060 → Reward: +1.0000 (prevFit=1610.67, currFit=1610.67)
[ACTION DEBUG iter 400] Raw action[1:3]: [-0.6003, 0.3799, 0.8146], noise: 0.0500
[RLAMPSO DEBUG iter 400] w=0.4827, c1=1.7022, c2=1.7471 | fitness=1577.75
[REWARD DEBUG iter 400] FitnessImprovement: 0.0004 → Reward: +1.0000 (prevFit=1577.75, currFit=1577.74)
[ACTION DEBUG iter 400] Raw action[1:3]: [-0.9644, 0.5961, -0.8950], noise: 0.0500
[ACTION DEBUG iter 400] WARNING: 1/20 actions clipped (network saturating)
[RLAMPSO DEBUG iter 400] w=0.4201, c1=1.2007, c2=0.9257 | fitness=1621.99
[REWARD DEBUG iter 400] FitnessImprovement: 0.0000 → Reward: -1.0000 (prevFit=1621.99, currFit=1621.99)
[ACTION DEBUG iter 400] Raw action[1:3]: [-0.3529, -0.4466, -0.3820], noise: 0.0500
[ACTION DEBUG iter 400] WARNING: 1/20 actions clipped (network saturating)
[RLAMPSO DEBUG iter 400] w=0.4630, c1=1.0750, c2=1.1058 | fitness=1811.75
[REWARD DEBUG iter 400] FitnessImprovement: 0.0000 → Reward: +1.0000 (prevFit=1811.75, currFit=1811.75)
[ACTION DEBUG iter 400] Raw action[1:3]: [0.3995, 0.8784, 0.2083], noise: 0.0500
[RLAMPSO DEBUG iter 400] w=0.7690, c1=1.3805, c2=1.1572 | fitness=1630.21
[ACTION DEBUG iter 400] Raw action[1:3]: [0.6188, -0.4590, -0.2789], noise: 0.0500
[ACTION DEBUG iter 400] WARNING: 1/20 actions clipped (network saturating)
[RLAMPSO DEBUG iter 400] w=0.7758, c1=1.0329, c2=1.5157 | fitness=1752.17
[REWARD DEBUG iter 400] FitnessImprovement: 0.0000 → Reward: +1.0000 (prevFit=1752.17, currFit=1752.17)
[REWARD DEBUG iter 400] FitnessImprovement: 0.0000 → Reward: +1.0000 (prevFit=1630.21, currFit=1630.21)
[ACTION DEBUG iter 400] Raw action[1:3]: [-0.8617, -0.9064, 0.6479], noise: 0.0500
[ACTION DEBUG iter 400] WARNING: 1/20 actions clipped (network saturating)
[RLAMPSO DEBUG iter 400] w=0.3902, c1=1.6329, c2=1.5861 | fitness=1557.32
[REWARD DEBUG iter 400] FitnessImprovement: 0.0000 → Reward: +1.0000 (prevFit=1557.32, currFit=1557.32)
[ACTION DEBUG iter 400] Raw action[1:3]: [0.0454, -0.7599, -0.6937], noise: 0.0500
[RLAMPSO DEBUG iter 400] w=0.6360, c1=1.6286, c2=1.8450 | fitness=1730.43
[REWARD DEBUG iter 400] FitnessImprovement: 0.0000 → Reward: -1.0000 (prevFit=1730.43, currFit=1730.43)
[ACTION DEBUG iter 500] Raw action[1:3]: [-0.9864, -0.1001, 0.9445], noise: 0.0500
[ACTION DEBUG iter 500] WARNING: 2/20 actions clipped (network saturating)
[RLAMPSO DEBUG iter 500] w=0.4590, c1=0.7572, c2=1.7000 | fitness=1762.56
[REWARD DEBUG iter 500] FitnessImprovement: 0.0000 → Reward: -1.0000 (prevFit=1762.56, currFit=1762.56)
[ACTION DEBUG iter 500] Raw action[1:3]: [-0.4795, -0.0172, -0.6413], noise: 0.0500
[RLAMPSO DEBUG iter 500] w=0.4564, c1=1.8922, c2=1.1762 | fitness=1704.34
[REWARD DEBUG iter 500] FitnessImprovement: 0.0000 → Reward: -1.0000 (prevFit=1704.34, currFit=1704.34)
[ACTION DEBUG iter 500] Raw action[1:3]: [0.7987, -0.6733, 0.9722], noise: 0.0500
[ACTION DEBUG iter 500] WARNING: 1/20 actions clipped (network saturating)
[RLAMPSO DEBUG iter 500] w=0.5111, c1=1.3600, c2=0.9000 | fitness=1588.09
[REWARD DEBUG iter 500] FitnessImprovement: 0.0081 → Reward: +1.0000 (prevFit=1588.09, currFit=1588.08)
[ACTION DEBUG iter 500] Raw action[1:3]: [-0.6695, 0.5686, -0.9656], noise: 0.0500
[ACTION DEBUG iter 500] WARNING: 2/20 actions clipped (network saturating)
[RLAMPSO DEBUG iter 500] w=0.4725, c1=1.0437, c2=0.9919 | fitness=1968.49
[REWARD DEBUG iter 500] FitnessImprovement: 0.0092 → Reward: +1.0000 (prevFit=1968.49, currFit=1968.48)
[ACTION DEBUG iter 600] Raw action[1:3]: [0.4168, -0.9205, 0.9180], noise: 0.0500
[ACTION DEBUG iter 600] WARNING: 1/20 actions clipped (network saturating)
[RLAMPSO DEBUG iter 600] w=0.6370, c1=1.3000, c2=1.2487 | fitness=1707.00
[REWARD DEBUG iter 600] FitnessImprovement: 0.0000 → Reward: -1.0000 (prevFit=1707.00, currFit=1707.00)

========== Planning Complete ==========
Algorithm: RLAMPSO
Execution time: 21.4080 seconds
Path length: 161.6585 units
Waypoints: 7
Best fitness: 1707.0029
========================================


========== Direct Global Planning ==========
Algorithm: RLAMPSO
Start: [10.0, 95.0, 10.0]
Goal:  [97.0, 2.0, 10.0]
============================================


╔════════════════════════════════════════════════════════╗
║     RLAM-PSO Configuration (GPU-Optimized)            ║
╚════════════════════════════════════════════════════════╝

Mode: baseline

--- Features Enabled ---
  Transformer State: OFF (state: 15D)
  TD3:               OFF
  PER:               OFF
  Curriculum:        OFF

--- Compute Configuration ---
  Mode:              GPU-Optimized Sequential
  GPU:               OFF (CPU fallback)
  Parallel:          OFF (disabled for dlnetwork compatibility)

--- Training Parameters ---
  Episodes:          100
  Population:        40
  Max Iterations:    600
  Batch Size:        256 (GPU-optimized)
  Actor LR:          0.00010
  Critic LR:         0.00100

--- GPU Optimization (2025) ---
  Gradient Steps/Call:  1
  Train Every:          1 iterations
  Mid-Episode Training: ON
  Estimated UTD Ratio:  ~600.0

════════════════════════════════════════════════════════


╔════════════════════════════════════════════════════════╗
║     RLAM-PSO Configuration (GPU-Optimized)            ║
╚════════════════════════════════════════════════════════╝

Mode: baseline

--- Features Enabled ---
  Transformer State: OFF (state: 15D)
  TD3:               OFF
  PER:               OFF
  Curriculum:        OFF

--- Compute Configuration ---
  Mode:              GPU-Optimized Sequential
  GPU:               OFF (CPU fallback)
  Parallel:          OFF (disabled for dlnetwork compatibility)

--- Training Parameters ---
  Episodes:          100
  Population:        40
  Max Iterations:    600
  Batch Size:        256 (GPU-optimized)
  Actor LR:          0.00010
  Critic LR:         0.00100

--- GPU Optimization (2025) ---
  Gradient Steps/Call:  1
  Train Every:          1 iterations
  Mid-Episode Training: ON
  Estimated UTD Ratio:  ~600.0

════════════════════════════════════════════════════════

[ACTION DEBUG iter 500] Raw action[1:3]: [-0.6051, 0.8703, -0.5103], noise: 0.0500
[ACTION DEBUG iter 500] WARNING: 2/20 actions clipped (network saturating)
[RLAMPSO DEBUG iter 500] w=0.3230, c1=0.6493, c2=0.5589 | fitness=1646.45
[REWARD DEBUG iter 500] FitnessImprovement: 0.0000 → Reward: -1.0000 (prevFit=1646.45, currFit=1646.45)
[ACTION DEBUG iter 500] Raw action[1:3]: [-0.3614, 0.2824, 0.9099], noise: 0.0500
[RLAMPSO DEBUG iter 500] w=0.5281, c1=1.4392, c2=1.3715 | fitness=1577.74
[REWARD DEBUG iter 500] FitnessImprovement: 0.0002 → Reward: +1.0000 (prevFit=1577.74, currFit=1577.74)
[ACTION DEBUG iter 500] Raw action[1:3]: [-0.9721, 0.8998, -0.5632], noise: 0.0500
[ACTION DEBUG iter 500] WARNING: 3/20 actions clipped (network saturating)
[RLAMPSO DEBUG iter 500] w=0.4118, c1=1.5162, c2=1.4334 | fitness=1607.28
[REWARD DEBUG iter 500] FitnessImprovement: 0.6793 → Reward: +1.0000 (prevFit=1607.28, currFit=1606.60)
[ACTION DEBUG iter 500] Raw action[1:3]: [-0.8827, 0.4318, -0.7462], noise: 0.0500
[ACTION DEBUG iter 500] WARNING: 2/20 actions clipped (network saturating)
[RLAMPSO DEBUG iter 500] w=0.3846, c1=1.2209, c2=1.0053 | fitness=1621.99
[REWARD DEBUG iter 500] FitnessImprovement: 0.0000 → Reward: -1.0000 (prevFit=1621.99, currFit=1621.99)
[ACTION DEBUG iter 500] Raw action[1:3]: [-0.7587, 0.8000, -0.7003], noise: 0.0500
[ACTION DEBUG iter 500] WARNING: 2/20 actions clipped (network saturating)
[RLAMPSO DEBUG iter 500] w=0.4566, c1=0.9000, c2=0.9597 | fitness=1811.75
[REWARD DEBUG iter 500] FitnessImprovement: 0.0000 → Reward: +1.0000 (prevFit=1811.75, currFit=1811.75)
[ACTION DEBUG iter 500] Raw action[1:3]: [-0.4478, 0.9740, -0.7198], noise: 0.0500
[ACTION DEBUG iter 500] WARNING: 2/20 actions clipped (network saturating)
[RLAMPSO DEBUG iter 500] w=0.7311, c1=1.7000, c2=1.0980 | fitness=1630.20
[REWARD DEBUG iter 500] FitnessImprovement: 0.0000 → Reward: -1.0000 (prevFit=1630.20, currFit=1630.20)
[ACTION DEBUG iter 500] Raw action[1:3]: [-0.0435, -0.3799, -0.4916], noise: 0.0500
[RLAMPSO DEBUG iter 500] w=0.7003, c1=1.1959, c2=1.3413 | fitness=1751.83
[REWARD DEBUG iter 500] FitnessImprovement: 0.0000 → Reward: -1.0000 (prevFit=1751.83, currFit=1751.83)
[ACTION DEBUG iter 500] Raw action[1:3]: [0.4621, -0.9845, -0.6589], noise: 0.0500
[ACTION DEBUG iter 500] WARNING: 1/20 actions clipped (network saturating)
[RLAMPSO DEBUG iter 500] w=0.5356, c1=0.8755, c2=1.4417 | fitness=1556.61
[REWARD DEBUG iter 500] FitnessImprovement: 0.0018 → Reward: +1.0000 (prevFit=1556.61, currFit=1556.61)
[ACTION DEBUG iter 100] Raw action[1:3]: [-0.6303, 0.2707, 0.3512], noise: 0.0500
[RLAMPSO DEBUG iter 100] w=0.4036, c1=1.9239, c2=1.8643 | fitness=1649.30
[REWARD DEBUG iter 100] FitnessImprovement: 0.0154 → Reward: +1.0000 (prevFit=1649.30, currFit=1649.28)
[ACTION DEBUG iter 600] Raw action[1:3]: [-0.9874, 0.9158, 0.6376], noise: 0.0500
[ACTION DEBUG iter 600] WARNING: 2/20 actions clipped (network saturating)
[RLAMPSO DEBUG iter 600] w=0.4982, c1=1.3757, c2=1.4662 | fitness=1760.89
[REWARD DEBUG iter 600] FitnessImprovement: 0.0003 → Reward: +1.0000 (prevFit=1760.89, currFit=1760.89)

========== Planning Complete ==========
Algorithm: RLAMPSO
Execution time: 21.0772 seconds
Path length: 168.7015 units
Waypoints: 7
Best fitness: 1760.8931
========================================


========== Direct Global Planning ==========
Algorithm: RLAMPSO
Start: [10.0, 95.0, 10.0]
Goal:  [97.0, 2.0, 10.0]
============================================


╔════════════════════════════════════════════════════════╗
║     RLAM-PSO Configuration (GPU-Optimized)            ║
╚════════════════════════════════════════════════════════╝

Mode: baseline

--- Features Enabled ---
  Transformer State: OFF (state: 15D)
  TD3:               OFF
  PER:               OFF
  Curriculum:        OFF

--- Compute Configuration ---
  Mode:              GPU-Optimized Sequential
  GPU:               OFF (CPU fallback)
  Parallel:          OFF (disabled for dlnetwork compatibility)

--- Training Parameters ---
  Episodes:          100
  Population:        40
  Max Iterations:    600
  Batch Size:        256 (GPU-optimized)
  Actor LR:          0.00010
  Critic LR:         0.00100

--- GPU Optimization (2025) ---
  Gradient Steps/Call:  1
  Train Every:          1 iterations
  Mid-Episode Training: ON
  Estimated UTD Ratio:  ~600.0

════════════════════════════════════════════════════════


╔════════════════════════════════════════════════════════╗
║     RLAM-PSO Configuration (GPU-Optimized)            ║
╚════════════════════════════════════════════════════════╝

Mode: baseline

--- Features Enabled ---
  Transformer State: OFF (state: 15D)
  TD3:               OFF
  PER:               OFF
  Curriculum:        OFF

--- Compute Configuration ---
  Mode:              GPU-Optimized Sequential
  GPU:               OFF (CPU fallback)
  Parallel:          OFF (disabled for dlnetwork compatibility)

--- Training Parameters ---
  Episodes:          100
  Population:        40
  Max Iterations:    600
  Batch Size:        256 (GPU-optimized)
  Actor LR:          0.00010
  Critic LR:         0.00100

--- GPU Optimization (2025) ---
  Gradient Steps/Call:  1
  Train Every:          1 iterations
  Mid-Episode Training: ON
  Estimated UTD Ratio:  ~600.0

════════════════════════════════════════════════════════

[ACTION DEBUG iter 500] Raw action[1:3]: [-0.7414, 0.2684, -0.5861], noise: 0.0500
[RLAMPSO DEBUG iter 500] w=0.5083, c1=2.1732, c2=1.5940 | fitness=1730.37
[REWARD DEBUG iter 500] FitnessImprovement: 0.0000 → Reward: -1.0000 (prevFit=1730.37, currFit=1730.37)
[ACTION DEBUG iter 200] Raw action[1:3]: [-0.4005, 0.4380, 0.0589], noise: 0.0500
[RLAMPSO DEBUG iter 200] w=0.4410, c1=1.8253, c2=1.3608 | fitness=1637.89
[REWARD DEBUG iter 200] FitnessImprovement: 0.0893 → Reward: +1.0000 (prevFit=1637.89, currFit=1637.80)
[ACTION DEBUG iter 600] Raw action[1:3]: [-0.5695, -0.0207, -0.6972], noise: 0.0500
[RLAMPSO DEBUG iter 600] w=0.4399, c1=1.8075, c2=1.0684 | fitness=1704.20
[REWARD DEBUG iter 600] FitnessImprovement: 0.0000 → Reward: -1.0000 (prevFit=1704.20, currFit=1704.20)

========== Planning Complete ==========
Algorithm: RLAMPSO
Execution time: 21.3320 seconds
Path length: 160.9051 units
Waypoints: 7
Best fitness: 1704.2035
========================================


========== Direct Global Planning ==========
Algorithm: RLAMPSO
Start: [10.0, 95.0, 10.0]
Goal:  [97.0, 2.0, 10.0]
============================================


╔════════════════════════════════════════════════════════╗
║     RLAM-PSO Configuration (GPU-Optimized)            ║
╚════════════════════════════════════════════════════════╝

Mode: baseline

--- Features Enabled ---
  Transformer State: OFF (state: 15D)
  TD3:               OFF
  PER:               OFF
  Curriculum:        OFF

--- Compute Configuration ---
  Mode:              GPU-Optimized Sequential
  GPU:               OFF (CPU fallback)
  Parallel:          OFF (disabled for dlnetwork compatibility)

--- Training Parameters ---
  Episodes:          100
  Population:        40
  Max Iterations:    600
  Batch Size:        256 (GPU-optimized)
  Actor LR:          0.00010
  Critic LR:         0.00100

--- GPU Optimization (2025) ---
  Gradient Steps/Call:  1
  Train Every:          1 iterations
  Mid-Episode Training: ON
  Estimated UTD Ratio:  ~600.0

════════════════════════════════════════════════════════


╔════════════════════════════════════════════════════════╗
║     RLAM-PSO Configuration (GPU-Optimized)            ║
╚════════════════════════════════════════════════════════╝

Mode: baseline

--- Features Enabled ---
  Transformer State: OFF (state: 15D)
  TD3:               OFF
  PER:               OFF
  Curriculum:        OFF

--- Compute Configuration ---
  Mode:              GPU-Optimized Sequential
  GPU:               OFF (CPU fallback)
  Parallel:          OFF (disabled for dlnetwork compatibility)

--- Training Parameters ---
  Episodes:          100
  Population:        40
  Max Iterations:    600
  Batch Size:        256 (GPU-optimized)
  Actor LR:          0.00010
  Critic LR:         0.00100

--- GPU Optimization (2025) ---
  Gradient Steps/Call:  1
  Train Every:          1 iterations
  Mid-Episode Training: ON
  Estimated UTD Ratio:  ~600.0

════════════════════════════════════════════════════════

[ACTION DEBUG iter 600] Raw action[1:3]: [0.1081, 0.4974, -0.2003], noise: 0.0500
[RLAMPSO DEBUG iter 600] w=0.3485, c1=0.9328, c2=1.1876 | fitness=1646.45
[REWARD DEBUG iter 600] FitnessImprovement: 0.0000 → Reward: +1.0000 (prevFit=1646.45, currFit=1646.45)

========== Planning Complete ==========
Algorithm: RLAMPSO
Execution time: 20.9979 seconds
Path length: 171.5318 units
Waypoints: 7
Best fitness: 1646.4474
========================================


========== Direct Global Planning ==========
Algorithm: RLAMPSO
Start: [10.0, 95.0, 10.0]
Goal:  [97.0, 2.0, 10.0]
============================================


╔════════════════════════════════════════════════════════╗
║     RLAM-PSO Configuration (GPU-Optimized)            ║
╚════════════════════════════════════════════════════════╝

Mode: baseline

--- Features Enabled ---
  Transformer State: OFF (state: 15D)
  TD3:               OFF
  PER:               OFF
  Curriculum:        OFF

--- Compute Configuration ---
  Mode:              GPU-Optimized Sequential
  GPU:               OFF (CPU fallback)
  Parallel:          OFF (disabled for dlnetwork compatibility)

--- Training Parameters ---
  Episodes:          100
  Population:        40
  Max Iterations:    600
  Batch Size:        256 (GPU-optimized)
  Actor LR:          0.00010
  Critic LR:         0.00100

--- GPU Optimization (2025) ---
  Gradient Steps/Call:  1
  Train Every:          1 iterations
  Mid-Episode Training: ON
  Estimated UTD Ratio:  ~600.0

════════════════════════════════════════════════════════


╔════════════════════════════════════════════════════════╗
║     RLAM-PSO Configuration (GPU-Optimized)            ║
╚════════════════════════════════════════════════════════╝

Mode: baseline

--- Features Enabled ---
  Transformer State: OFF (state: 15D)
  TD3:               OFF
  PER:               OFF
  Curriculum:        OFF

--- Compute Configuration ---
  Mode:              GPU-Optimized Sequential
  GPU:               OFF (CPU fallback)
  Parallel:          OFF (disabled for dlnetwork compatibility)

--- Training Parameters ---
  Episodes:          100
  Population:        40
  Max Iterations:    600
  Batch Size:        256 (GPU-optimized)
  Actor LR:          0.00010
  Critic LR:         0.00100

--- GPU Optimization (2025) ---
  Gradient Steps/Call:  1
  Train Every:          1 iterations
  Mid-Episode Training: ON
  Estimated UTD Ratio:  ~600.0

════════════════════════════════════════════════════════

[ACTION DEBUG iter 600] Raw action[1:3]: [-0.8662, -0.4180, -0.9657], noise: 0.0500
[RLAMPSO DEBUG iter 600] w=0.5325, c1=1.4097, c2=0.7636 | fitness=1967.88
[ACTION DEBUG iter 100] Raw action[1:3]: [-0.6806, 0.0350, 0.0464], noise: 0.0500
[RLAMPSO DEBUG iter 100] w=0.4015, c1=2.2275, c2=1.6900 | fitness=1663.91
[REWARD DEBUG iter 100] FitnessImprovement: 0.6101 → Reward: +1.0000 (prevFit=1663.91, currFit=1663.30)
[ACTION DEBUG iter 600] Raw action[1:3]: [0.9601, -0.4926, 0.9781], noise: 0.0500
[ACTION DEBUG iter 600] WARNING: 2/20 actions clipped (network saturating)
[RLAMPSO DEBUG iter 600] w=0.4271, c1=1.3064, c2=0.9497 | fitness=1587.97
[REWARD DEBUG iter 600] FitnessImprovement: 0.0000 → Reward: -1.0000 (prevFit=1587.97, currFit=1587.97)
[REWARD DEBUG iter 600] FitnessImprovement: 0.0001 → Reward: +1.0000 (prevFit=1967.88, currFit=1967.88)

========== Planning Complete ==========
Algorithm: RLAMPSO
Execution time: 21.4393 seconds
Path length: 185.7315 units
Waypoints: 7
Best fitness: 1967.8765
========================================


========== Direct Global Planning ==========
Algorithm: RLAMPSO
Start: [10.0, 95.0, 10.0]
Goal:  [97.0, 2.0, 10.0]
============================================


╔════════════════════════════════════════════════════════╗
║     RLAM-PSO Configuration (GPU-Optimized)            ║
╚════════════════════════════════════════════════════════╝

Mode: baseline

--- Features Enabled ---
  Transformer State: OFF (state: 15D)
  TD3:               OFF
  PER:               OFF
  Curriculum:        OFF

--- Compute Configuration ---
  Mode:              GPU-Optimized Sequential
  GPU:               OFF (CPU fallback)
  Parallel:          OFF (disabled for dlnetwork compatibility)

--- Training Parameters ---
  Episodes:          100
  Population:        40
  Max Iterations:    600
  Batch Size:        256 (GPU-optimized)
  Actor LR:          0.00010
  Critic LR:         0.00100

--- GPU Optimization (2025) ---
  Gradient Steps/Call:  1
  Train Every:          1 iterations
  Mid-Episode Training: ON
  Estimated UTD Ratio:  ~600.0

════════════════════════════════════════════════════════


╔════════════════════════════════════════════════════════╗
║     RLAM-PSO Configuration (GPU-Optimized)            ║
╚════════════════════════════════════════════════════════╝

Mode: baseline

--- Features Enabled ---
  Transformer State: OFF (state: 15D)
  TD3:               OFF
  PER:               OFF
  Curriculum:        OFF

--- Compute Configuration ---
  Mode:              GPU-Optimized Sequential
  GPU:               OFF (CPU fallback)
  Parallel:          OFF (disabled for dlnetwork compatibility)

--- Training Parameters ---
  Episodes:          100
  Population:        40
  Max Iterations:    600
  Batch Size:        256 (GPU-optimized)
  Actor LR:          0.00010
  Critic LR:         0.00100

--- GPU Optimization (2025) ---
  Gradient Steps/Call:  1
  Train Every:          1 iterations
  Mid-Episode Training: ON
  Estimated UTD Ratio:  ~600.0

════════════════════════════════════════════════════════


========== Planning Complete ==========
Algorithm: RLAMPSO
Execution time: 21.5039 seconds
Path length: 148.4264 units
Waypoints: 7
Best fitness: 1587.9714
========================================


========== Direct Global Planning ==========
Algorithm: RLAMPSO
Start: [10.0, 95.0, 10.0]
Goal:  [97.0, 2.0, 10.0]
============================================


╔════════════════════════════════════════════════════════╗
║     RLAM-PSO Configuration (GPU-Optimized)            ║
╚════════════════════════════════════════════════════════╝

Mode: baseline

--- Features Enabled ---
  Transformer State: OFF (state: 15D)
  TD3:               OFF
  PER:               OFF
  Curriculum:        OFF

--- Compute Configuration ---
  Mode:              GPU-Optimized Sequential
  GPU:               OFF (CPU fallback)
  Parallel:          OFF (disabled for dlnetwork compatibility)

--- Training Parameters ---
  Episodes:          100
  Population:        40
  Max Iterations:    600
  Batch Size:        256 (GPU-optimized)
  Actor LR:          0.00010
  Critic LR:         0.00100

--- GPU Optimization (2025) ---
  Gradient Steps/Call:  1
  Train Every:          1 iterations
  Mid-Episode Training: ON
  Estimated UTD Ratio:  ~600.0

════════════════════════════════════════════════════════


╔════════════════════════════════════════════════════════╗
║     RLAM-PSO Configuration (GPU-Optimized)            ║
╚════════════════════════════════════════════════════════╝

Mode: baseline

--- Features Enabled ---
  Transformer State: OFF (state: 15D)
  TD3:               OFF
  PER:               OFF
  Curriculum:        OFF

--- Compute Configuration ---
  Mode:              GPU-Optimized Sequential
  GPU:               OFF (CPU fallback)
  Parallel:          OFF (disabled for dlnetwork compatibility)

--- Training Parameters ---
  Episodes:          100
  Population:        40
  Max Iterations:    600
  Batch Size:        256 (GPU-optimized)
  Actor LR:          0.00010
  Critic LR:         0.00100

--- GPU Optimization (2025) ---
  Gradient Steps/Call:  1
  Train Every:          1 iterations
  Mid-Episode Training: ON
  Estimated UTD Ratio:  ~600.0

════════════════════════════════════════════════════════

[ACTION DEBUG iter 600] Raw action[1:3]: [-0.9603, 0.7761, 0.2999], noise: 0.0500
[ACTION DEBUG iter 600] WARNING: 2/20 actions clipped (network saturating)
[RLAMPSO DEBUG iter 600] w=0.4387, c1=1.7000, c2=1.5826 | fitness=1602.72
[REWARD DEBUG iter 600] FitnessImprovement: 0.0000 → Reward: -1.0000 (prevFit=1602.72, currFit=1602.72)

========== Planning Complete ==========
Algorithm: RLAMPSO
Execution time: 21.1491 seconds
Path length: 154.5049 units
Waypoints: 7
Best fitness: 1602.7172
========================================


========== Direct Global Planning ==========
Algorithm: RLAMPSO
Start: [10.0, 95.0, 10.0]
Goal:  [97.0, 2.0, 10.0]
============================================


╔════════════════════════════════════════════════════════╗
║     RLAM-PSO Configuration (GPU-Optimized)            ║
╚════════════════════════════════════════════════════════╝

Mode: baseline

--- Features Enabled ---
  Transformer State: OFF (state: 15D)
  TD3:               OFF
  PER:               OFF
  Curriculum:        OFF

--- Compute Configuration ---
  Mode:              GPU-Optimized Sequential
  GPU:               OFF (CPU fallback)
  Parallel:          OFF (disabled for dlnetwork compatibility)

--- Training Parameters ---
  Episodes:          100
  Population:        40
  Max Iterations:    600
  Batch Size:        256 (GPU-optimized)
  Actor LR:          0.00010
  Critic LR:         0.00100

--- GPU Optimization (2025) ---
  Gradient Steps/Call:  1
  Train Every:          1 iterations
  Mid-Episode Training: ON
  Estimated UTD Ratio:  ~600.0

════════════════════════════════════════════════════════


╔════════════════════════════════════════════════════════╗
║     RLAM-PSO Configuration (GPU-Optimized)            ║
╚════════════════════════════════════════════════════════╝

Mode: baseline

--- Features Enabled ---
  Transformer State: OFF (state: 15D)
  TD3:               OFF
  PER:               OFF
  Curriculum:        OFF

--- Compute Configuration ---
  Mode:              GPU-Optimized Sequential
  GPU:               OFF (CPU fallback)
  Parallel:          OFF (disabled for dlnetwork compatibility)

--- Training Parameters ---
  Episodes:          100
  Population:        40
  Max Iterations:    600
  Batch Size:        256 (GPU-optimized)
  Actor LR:          0.00010
  Critic LR:         0.00100

--- GPU Optimization (2025) ---
  Gradient Steps/Call:  1
  Train Every:          1 iterations
  Mid-Episode Training: ON
  Estimated UTD Ratio:  ~600.0

════════════════════════════════════════════════════════

[ACTION DEBUG iter 600] Raw action[1:3]: [0.7170, -0.2933, 0.7189], noise: 0.0500
[ACTION DEBUG iter 600] WARNING: 2/20 actions clipped (network saturating)
[RLAMPSO DEBUG iter 600] w=0.6362, c1=1.1407, c2=1.4101 | fitness=1577.74
[ACTION DEBUG iter 600] Raw action[1:3]: [-0.9836, -0.7581, 0.7073], noise: 0.0500
[ACTION DEBUG iter 600] WARNING: 2/20 actions clipped (network saturating)
[RLAMPSO DEBUG iter 600] w=0.4508, c1=1.2396, c2=1.3027 | fitness=1621.99
[REWARD DEBUG iter 600] FitnessImprovement: 0.0000 → Reward: +1.0000 (prevFit=1621.99, currFit=1621.99)

========== Planning Complete ==========
Algorithm: RLAMPSO
Execution time: 21.1822 seconds
Path length: 149.6833 units
Waypoints: 7
Best fitness: 1621.9928
========================================


========== Direct Global Planning ==========
Algorithm: RLAMPSO
Start: [10.0, 95.0, 10.0]
Goal:  [97.0, 2.0, 10.0]
============================================


╔════════════════════════════════════════════════════════╗
║     RLAM-PSO Configuration (GPU-Optimized)            ║
╚════════════════════════════════════════════════════════╝

Mode: baseline

--- Features Enabled ---
  Transformer State: OFF (state: 15D)
  TD3:               OFF
  PER:               OFF
  Curriculum:        OFF

--- Compute Configuration ---
  Mode:              GPU-Optimized Sequential
  GPU:               OFF (CPU fallback)
  Parallel:          OFF (disabled for dlnetwork compatibility)

--- Training Parameters ---
  Episodes:          100
  Population:        40
  Max Iterations:    600
  Batch Size:        256 (GPU-optimized)
  Actor LR:          0.00010
  Critic LR:         0.00100

--- GPU Optimization (2025) ---
  Gradient Steps/Call:  1
  Train Every:          1 iterations
  Mid-Episode Training: ON
  Estimated UTD Ratio:  ~600.0

════════════════════════════════════════════════════════


╔════════════════════════════════════════════════════════╗
║     RLAM-PSO Configuration (GPU-Optimized)            ║
╚════════════════════════════════════════════════════════╝

Mode: baseline

--- Features Enabled ---
  Transformer State: OFF (state: 15D)
  TD3:               OFF
  PER:               OFF
  Curriculum:        OFF

--- Compute Configuration ---
  Mode:              GPU-Optimized Sequential
  GPU:               OFF (CPU fallback)
  Parallel:          OFF (disabled for dlnetwork compatibility)

--- Training Parameters ---
  Episodes:          100
  Population:        40
  Max Iterations:    600
  Batch Size:        256 (GPU-optimized)
  Actor LR:          0.00010
  Critic LR:         0.00100

--- GPU Optimization (2025) ---
  Gradient Steps/Call:  1
  Train Every:          1 iterations
  Mid-Episode Training: ON
  Estimated UTD Ratio:  ~600.0

════════════════════════════════════════════════════════

[ACTION DEBUG iter 600] Raw action[1:3]: [0.4393, 0.9676, 0.2042], noise: 0.0500
[ACTION DEBUG iter 600] WARNING: 2/20 actions clipped (network saturating)
[RLAMPSO DEBUG iter 600] w=0.6704, c1=1.0007, c2=0.6276 | fitness=1630.16
[REWARD DEBUG iter 600] FitnessImprovement: 0.0003 → Reward: +1.0000 (prevFit=1630.16, currFit=1630.16)
[REWARD DEBUG iter 600] FitnessImprovement: 0.0000 → Reward: -1.0000 (prevFit=1577.74, currFit=1577.74)

========== Planning Complete ==========
Algorithm: RLAMPSO
Execution time: 20.5061 seconds
Path length: 149.8285 units
Waypoints: 7
Best fitness: 1577.7360
========================================


========== Direct Global Planning ==========
Algorithm: RLAMPSO
Start: [10.0, 95.0, 10.0]
Goal:  [97.0, 2.0, 10.0]
============================================


╔════════════════════════════════════════════════════════╗
║     RLAM-PSO Configuration (GPU-Optimized)            ║
╚════════════════════════════════════════════════════════╝

Mode: baseline

--- Features Enabled ---
  Transformer State: OFF (state: 15D)
  TD3:               OFF
  PER:               OFF
  Curriculum:        OFF

--- Compute Configuration ---
  Mode:              GPU-Optimized Sequential
  GPU:               OFF (CPU fallback)
  Parallel:          OFF (disabled for dlnetwork compatibility)

--- Training Parameters ---
  Episodes:          100
  Population:        40
  Max Iterations:    600
  Batch Size:        256 (GPU-optimized)
  Actor LR:          0.00010
  Critic LR:         0.00100

--- GPU Optimization (2025) ---
  Gradient Steps/Call:  1
  Train Every:          1 iterations
  Mid-Episode Training: ON
  Estimated UTD Ratio:  ~600.0

════════════════════════════════════════════════════════


╔════════════════════════════════════════════════════════╗
║     RLAM-PSO Configuration (GPU-Optimized)            ║
╚════════════════════════════════════════════════════════╝

Mode: baseline

--- Features Enabled ---
  Transformer State: OFF (state: 15D)
  TD3:               OFF
  PER:               OFF
  Curriculum:        OFF

--- Compute Configuration ---
  Mode:              GPU-Optimized Sequential
  GPU:               OFF (CPU fallback)
  Parallel:          OFF (disabled for dlnetwork compatibility)

--- Training Parameters ---
  Episodes:          100
  Population:        40
  Max Iterations:    600
  Batch Size:        256 (GPU-optimized)
  Actor LR:          0.00010
  Critic LR:         0.00100

--- GPU Optimization (2025) ---
  Gradient Steps/Call:  1
  Train Every:          1 iterations
  Mid-Episode Training: ON
  Estimated UTD Ratio:  ~600.0

════════════════════════════════════════════════════════

[ACTION DEBUG iter 300] Raw action[1:3]: [-0.2023, 0.1072, 0.0653], noise: 0.0500
[RLAMPSO DEBUG iter 300] w=0.4866, c1=1.5247, c2=1.3490 | fitness=1636.02
[REWARD DEBUG iter 300] FitnessImprovement: 0.0002 → Reward: +1.0000 (prevFit=1636.02, currFit=1636.02)
[ACTION DEBUG iter 100] Raw action[1:3]: [-0.2194, 0.4972, 0.3563], noise: 0.0500
[RLAMPSO DEBUG iter 100] w=0.5523, c1=1.6017, c2=1.6083 | fitness=1666.70
[REWARD DEBUG iter 100] FitnessImprovement: 0.0238 → Reward: +1.0000 (prevFit=1666.70, currFit=1666.68)

========== Planning Complete ==========
Algorithm: RLAMPSO
Execution time: 20.8888 seconds
Path length: 155.0104 units
Waypoints: 7
Best fitness: 1630.1628
========================================


========== Direct Global Planning ==========
Algorithm: RLAMPSO
Start: [10.0, 95.0, 10.0]
Goal:  [97.0, 2.0, 10.0]
============================================


╔════════════════════════════════════════════════════════╗
║     RLAM-PSO Configuration (GPU-Optimized)            ║
╚════════════════════════════════════════════════════════╝

Mode: baseline

--- Features Enabled ---
  Transformer State: OFF (state: 15D)
  TD3:               OFF
  PER:               OFF
  Curriculum:        OFF

--- Compute Configuration ---
  Mode:              GPU-Optimized Sequential
  GPU:               OFF (CPU fallback)
  Parallel:          OFF (disabled for dlnetwork compatibility)

--- Training Parameters ---
  Episodes:          100
  Population:        40
  Max Iterations:    600
  Batch Size:        256 (GPU-optimized)
  Actor LR:          0.00010
  Critic LR:         0.00100

--- GPU Optimization (2025) ---
  Gradient Steps/Call:  1
  Train Every:          1 iterations
  Mid-Episode Training: ON
  Estimated UTD Ratio:  ~600.0

════════════════════════════════════════════════════════


╔════════════════════════════════════════════════════════╗
║     RLAM-PSO Configuration (GPU-Optimized)            ║
╚════════════════════════════════════════════════════════╝

Mode: baseline

--- Features Enabled ---
  Transformer State: OFF (state: 15D)
  TD3:               OFF
  PER:               OFF
  Curriculum:        OFF

--- Compute Configuration ---
  Mode:              GPU-Optimized Sequential
  GPU:               OFF (CPU fallback)
  Parallel:          OFF (disabled for dlnetwork compatibility)

--- Training Parameters ---
  Episodes:          100
  Population:        40
  Max Iterations:    600
  Batch Size:        256 (GPU-optimized)
  Actor LR:          0.00010
  Critic LR:         0.00100

--- GPU Optimization (2025) ---
  Gradient Steps/Call:  1
  Train Every:          1 iterations
  Mid-Episode Training: ON
  Estimated UTD Ratio:  ~600.0

════════════════════════════════════════════════════════

[ACTION DEBUG iter 600] Raw action[1:3]: [0.4539, -0.6407, -0.1944], noise: 0.0500
[ACTION DEBUG iter 600] WARNING: 4/20 actions clipped (network saturating)
[RLAMPSO DEBUG iter 600] w=0.5721, c1=0.9000, c2=0.6735 | fitness=1811.75
[REWARD DEBUG iter 600] FitnessImprovement: 0.0000 → Reward: -1.0000 (prevFit=1811.75, currFit=1811.75)

========== Planning Complete ==========
Algorithm: RLAMPSO
Execution time: 21.6065 seconds
Path length: 201.7990 units
Waypoints: 7
Best fitness: 1811.7524
========================================


========== Direct Global Planning ==========
Algorithm: RLAMPSO
Start: [10.0, 95.0, 10.0]
Goal:  [97.0, 2.0, 10.0]
============================================


╔════════════════════════════════════════════════════════╗
║     RLAM-PSO Configuration (GPU-Optimized)            ║
╚════════════════════════════════════════════════════════╝

Mode: baseline

--- Features Enabled ---
  Transformer State: OFF (state: 15D)
  TD3:               OFF
  PER:               OFF
  Curriculum:        OFF

--- Compute Configuration ---
  Mode:              GPU-Optimized Sequential
  GPU:               OFF (CPU fallback)
  Parallel:          OFF (disabled for dlnetwork compatibility)

--- Training Parameters ---
  Episodes:          100
  Population:        40
  Max Iterations:    600
  Batch Size:        256 (GPU-optimized)
  Actor LR:          0.00010
  Critic LR:         0.00100

--- GPU Optimization (2025) ---
  Gradient Steps/Call:  1
  Train Every:          1 iterations
  Mid-Episode Training: ON
  Estimated UTD Ratio:  ~600.0

════════════════════════════════════════════════════════


╔════════════════════════════════════════════════════════╗
║     RLAM-PSO Configuration (GPU-Optimized)            ║
╚════════════════════════════════════════════════════════╝

Mode: baseline

--- Features Enabled ---
  Transformer State: OFF (state: 15D)
  TD3:               OFF
  PER:               OFF
  Curriculum:        OFF

--- Compute Configuration ---
  Mode:              GPU-Optimized Sequential
  GPU:               OFF (CPU fallback)
  Parallel:          OFF (disabled for dlnetwork compatibility)

--- Training Parameters ---
  Episodes:          100
  Population:        40
  Max Iterations:    600
  Batch Size:        256 (GPU-optimized)
  Actor LR:          0.00010
  Critic LR:         0.00100

--- GPU Optimization (2025) ---
  Gradient Steps/Call:  1
  Train Every:          1 iterations
  Mid-Episode Training: ON
  Estimated UTD Ratio:  ~600.0

════════════════════════════════════════════════════════

[ACTION DEBUG iter 600] Raw action[1:3]: [0.8838, -0.9950, -0.3953], noise: 0.0500
[ACTION DEBUG iter 600] WARNING: 2/20 actions clipped (network saturating)
[RLAMPSO DEBUG iter 600] w=0.6027, c1=1.1263, c2=1.4515 | fitness=1556.60
[REWARD DEBUG iter 600] FitnessImprovement: 0.0000 → Reward: +1.0000 (prevFit=1556.60, currFit=1556.60)

========== Planning Complete ==========
Algorithm: RLAMPSO
Execution time: 21.0013 seconds
Path length: 149.9294 units
Waypoints: 7
Best fitness: 1556.6030
========================================


========== Direct Global Planning ==========
Algorithm: RLAMPSO
Start: [10.0, 95.0, 10.0]
Goal:  [97.0, 2.0, 10.0]
============================================


╔════════════════════════════════════════════════════════╗
║     RLAM-PSO Configuration (GPU-Optimized)            ║
╚════════════════════════════════════════════════════════╝

Mode: baseline

--- Features Enabled ---
  Transformer State: OFF (state: 15D)
  TD3:               OFF
  PER:               OFF
  Curriculum:        OFF

--- Compute Configuration ---
  Mode:              GPU-Optimized Sequential
  GPU:               OFF (CPU fallback)
  Parallel:          OFF (disabled for dlnetwork compatibility)

--- Training Parameters ---
  Episodes:          100
  Population:        40
  Max Iterations:    600
  Batch Size:        256 (GPU-optimized)
  Actor LR:          0.00010
  Critic LR:         0.00100

--- GPU Optimization (2025) ---
  Gradient Steps/Call:  1
  Train Every:          1 iterations
  Mid-Episode Training: ON
  Estimated UTD Ratio:  ~600.0

════════════════════════════════════════════════════════


╔════════════════════════════════════════════════════════╗
║     RLAM-PSO Configuration (GPU-Optimized)            ║
╚════════════════════════════════════════════════════════╝

Mode: baseline

--- Features Enabled ---
  Transformer State: OFF (state: 15D)
  TD3:               OFF
  PER:               OFF
  Curriculum:        OFF

--- Compute Configuration ---
  Mode:              GPU-Optimized Sequential
  GPU:               OFF (CPU fallback)
  Parallel:          OFF (disabled for dlnetwork compatibility)

--- Training Parameters ---
  Episodes:          100
  Population:        40
  Max Iterations:    600
  Batch Size:        256 (GPU-optimized)
  Actor LR:          0.00010
  Critic LR:         0.00100

--- GPU Optimization (2025) ---
  Gradient Steps/Call:  1
  Train Every:          1 iterations
  Mid-Episode Training: ON
  Estimated UTD Ratio:  ~600.0

════════════════════════════════════════════════════════

[ACTION DEBUG iter 600] Raw action[1:3]: [-0.0430, -0.9487, 0.1483], noise: 0.0500
[ACTION DEBUG iter 600] WARNING: 2/20 actions clipped (network saturating)
[RLAMPSO DEBUG iter 600] w=0.6147, c1=0.9000, c2=0.9797 | fitness=1751.68
[ACTION DEBUG iter 200] Raw action[1:3]: [-0.6947, 0.1004, 0.1707], noise: 0.0500
[RLAMPSO DEBUG iter 200] w=0.4486, c1=2.1523, c2=1.7488 | fitness=1660.12
[REWARD DEBUG iter 200] FitnessImprovement: 0.0190 → Reward: +1.0000 (prevFit=1660.12, currFit=1660.10)
[REWARD DEBUG iter 600] FitnessImprovement: 0.0003 → Reward: +1.0000 (prevFit=1751.68, currFit=1751.68)

========== Planning Complete ==========
Algorithm: RLAMPSO
Execution time: 21.3353 seconds
Path length: 216.5825 units
Waypoints: 7
Best fitness: 1751.6785
========================================


========== Direct Global Planning ==========
Algorithm: RLAMPSO
Start: [10.0, 95.0, 10.0]
Goal:  [97.0, 2.0, 10.0]
============================================


╔════════════════════════════════════════════════════════╗
║     RLAM-PSO Configuration (GPU-Optimized)            ║
╚════════════════════════════════════════════════════════╝

Mode: baseline

--- Features Enabled ---
  Transformer State: OFF (state: 15D)
  TD3:               OFF
  PER:               OFF
  Curriculum:        OFF

--- Compute Configuration ---
  Mode:              GPU-Optimized Sequential
  GPU:               OFF (CPU fallback)
  Parallel:          OFF (disabled for dlnetwork compatibility)

--- Training Parameters ---
  Episodes:          100
  Population:        40
  Max Iterations:    600
  Batch Size:        256 (GPU-optimized)
  Actor LR:          0.00010
  Critic LR:         0.00100

--- GPU Optimization (2025) ---
  Gradient Steps/Call:  1
  Train Every:          1 iterations
  Mid-Episode Training: ON
  Estimated UTD Ratio:  ~600.0

════════════════════════════════════════════════════════


╔════════════════════════════════════════════════════════╗
║     RLAM-PSO Configuration (GPU-Optimized)            ║
╚════════════════════════════════════════════════════════╝

Mode: baseline

--- Features Enabled ---
  Transformer State: OFF (state: 15D)
  TD3:               OFF
  PER:               OFF
  Curriculum:        OFF

--- Compute Configuration ---
  Mode:              GPU-Optimized Sequential
  GPU:               OFF (CPU fallback)
  Parallel:          OFF (disabled for dlnetwork compatibility)

--- Training Parameters ---
  Episodes:          100
  Population:        40
  Max Iterations:    600
  Batch Size:        256 (GPU-optimized)
  Actor LR:          0.00010
  Critic LR:         0.00100

--- GPU Optimization (2025) ---
  Gradient Steps/Call:  1
  Train Every:          1 iterations
  Mid-Episode Training: ON
  Estimated UTD Ratio:  ~600.0

════════════════════════════════════════════════════════

[ACTION DEBUG iter 600] Raw action[1:3]: [0.1715, 0.3076, -0.6368], noise: 0.0500
[RLAMPSO DEBUG iter 600] w=0.5726, c1=2.0297, c2=1.7476 | fitness=1730.24
[REWARD DEBUG iter 600] FitnessImprovement: 0.0000 → Reward: -1.0000 (prevFit=1730.24, currFit=1730.24)

========== Planning Complete ==========
Algorithm: RLAMPSO
Execution time: 21.0381 seconds
Path length: 158.4925 units
Waypoints: 7
Best fitness: 1730.2427
========================================


========== Direct Global Planning ==========
Algorithm: RLAMPSO
Start: [10.0, 95.0, 10.0]
Goal:  [97.0, 2.0, 10.0]
============================================


╔════════════════════════════════════════════════════════╗
║     RLAM-PSO Configuration (GPU-Optimized)            ║
╚════════════════════════════════════════════════════════╝

Mode: baseline

--- Features Enabled ---
  Transformer State: OFF (state: 15D)
  TD3:               OFF
  PER:               OFF
  Curriculum:        OFF

--- Compute Configuration ---
  Mode:              GPU-Optimized Sequential
  GPU:               OFF (CPU fallback)
  Parallel:          OFF (disabled for dlnetwork compatibility)

--- Training Parameters ---
  Episodes:          100
  Population:        40
  Max Iterations:    600
  Batch Size:        256 (GPU-optimized)
  Actor LR:          0.00010
  Critic LR:         0.00100

--- GPU Optimization (2025) ---
  Gradient Steps/Call:  1
  Train Every:          1 iterations
  Mid-Episode Training: ON
  Estimated UTD Ratio:  ~600.0

════════════════════════════════════════════════════════


╔════════════════════════════════════════════════════════╗
║     RLAM-PSO Configuration (GPU-Optimized)            ║
╚════════════════════════════════════════════════════════╝

Mode: baseline

--- Features Enabled ---
  Transformer State: OFF (state: 15D)
  TD3:               OFF
  PER:               OFF
  Curriculum:        OFF

--- Compute Configuration ---
  Mode:              GPU-Optimized Sequential
  GPU:               OFF (CPU fallback)
  Parallel:          OFF (disabled for dlnetwork compatibility)

--- Training Parameters ---
  Episodes:          100
  Population:        40
  Max Iterations:    600
  Batch Size:        256 (GPU-optimized)
  Actor LR:          0.00010
  Critic LR:         0.00100

--- GPU Optimization (2025) ---
  Gradient Steps/Call:  1
  Train Every:          1 iterations
  Mid-Episode Training: ON
  Estimated UTD Ratio:  ~600.0

════════════════════════════════════════════════════════

[ACTION DEBUG iter 100] Raw action[1:3]: [-0.8468, 0.3183, -0.5597], noise: 0.0500
[RLAMPSO DEBUG iter 100] w=0.5852, c1=2.1075, c2=1.4676 | fitness=1665.67
[ACTION DEBUG iter 100] Raw action[1:3]: [-0.2548, -0.0481, -0.1813], noise: 0.0500
[RLAMPSO DEBUG iter 100] w=0.3767, c1=1.6837, c2=1.6645 | fitness=1730.17
[REWARD DEBUG iter 100] FitnessImprovement: 0.0030 → Reward: +1.0000 (prevFit=1730.17, currFit=1730.16)
[REWARD DEBUG iter 100] FitnessImprovement: 0.3237 → Reward: +1.0000 (prevFit=1665.67, currFit=1665.35)
[ACTION DEBUG iter 100] Raw action[1:3]: [-0.3041, -0.1654, 0.5830], noise: 0.0500
[RLAMPSO DEBUG iter 100] w=0.5044, c1=1.5904, c2=1.9900 | fitness=1875.63
[REWARD DEBUG iter 100] FitnessImprovement: 4.2964 → Reward: +1.0000 (prevFit=1875.63, currFit=1871.33)
[ACTION DEBUG iter 200] Raw action[1:3]: [-0.1612, -0.0660, -0.0379], noise: 0.0500
[RLAMPSO DEBUG iter 200] w=0.5030, c1=2.0364, c2=1.6998 | fitness=1665.62
[REWARD DEBUG iter 200] FitnessImprovement: 0.0000 → Reward: +1.0000 (prevFit=1665.62, currFit=1665.62)
[ACTION DEBUG iter 100] Raw action[1:3]: [-0.2155, -0.9133, 0.1589], noise: 0.0500
[RLAMPSO DEBUG iter 100] w=0.5196, c1=1.7895, c2=2.0029 | fitness=1940.16
[REWARD DEBUG iter 100] FitnessImprovement: 0.0848 → Reward: +1.0000 (prevFit=1940.16, currFit=1940.08)
[ACTION DEBUG iter 100] Raw action[1:3]: [-0.3763, 0.1367, -0.3127], noise: 0.0500
[RLAMPSO DEBUG iter 100] w=0.4044, c1=1.9407, c2=1.7813 | fitness=1734.18
[REWARD DEBUG iter 100] FitnessImprovement: 0.0008 → Reward: +1.0000 (prevFit=1734.18, currFit=1734.18)
[ACTION DEBUG iter 100] Raw action[1:3]: [-0.2034, 0.3106, -0.3527], noise: 0.0500
[RLAMPSO DEBUG iter 100] w=0.4777, c1=2.1439, c2=1.7358 | fitness=1586.63
[REWARD DEBUG iter 100] FitnessImprovement: 0.0580 → Reward: +1.0000 (prevFit=1586.63, currFit=1586.58)
[ACTION DEBUG iter 100] Raw action[1:3]: [0.0656, 0.5487, 0.4121], noise: 0.0500
[RLAMPSO DEBUG iter 100] w=0.5203, c1=1.6715, c2=1.6140 | fitness=1758.06
[REWARD DEBUG iter 100] FitnessImprovement: 0.0000 → Reward: -1.0000 (prevFit=1758.06, currFit=1758.06)
[ACTION DEBUG iter 300] Raw action[1:3]: [-0.6619, 0.0119, 0.1288], noise: 0.0500
[RLAMPSO DEBUG iter 300] w=0.4287, c1=2.0527, c2=1.5860 | fitness=1649.67
[REWARD DEBUG iter 300] FitnessImprovement: 0.0518 → Reward: +1.0000 (prevFit=1649.67, currFit=1649.62)
[ACTION DEBUG iter 100] Raw action[1:3]: [-0.8027, 0.0915, -0.7187], noise: 0.0500
[RLAMPSO DEBUG iter 100] w=0.5406, c1=2.0523, c2=1.5188 | fitness=1695.77
[REWARD DEBUG iter 100] FitnessImprovement: 0.0000 → Reward: -1.0000 (prevFit=1695.77, currFit=1695.77)
[ACTION DEBUG iter 200] Raw action[1:3]: [-0.9075, 0.5750, -0.4628], noise: 0.0500
[RLAMPSO DEBUG iter 200] w=0.4811, c1=1.9881, c2=1.4645 | fitness=1663.41
[ACTION DEBUG iter 100] Raw action[1:3]: [-0.4889, -0.4273, -0.2936], noise: 0.0500
[RLAMPSO DEBUG iter 100] w=0.5381, c1=1.7507, c2=1.5459 | fitness=1917.63
[REWARD DEBUG iter 100] FitnessImprovement: 0.3240 → Reward: +1.0000 (prevFit=1917.63, currFit=1917.30)
[ACTION DEBUG iter 100] Raw action[1:3]: [0.1297, -0.0217, -0.3369], noise: 0.0500
[RLAMPSO DEBUG iter 100] w=0.4875, c1=1.9887, c2=1.4234 | fitness=1789.64
[REWARD DEBUG iter 100] FitnessImprovement: 0.1166 → Reward: +1.0000 (prevFit=1789.64, currFit=1789.52)
[REWARD DEBUG iter 200] FitnessImprovement: 0.0073 → Reward: +1.0000 (prevFit=1663.41, currFit=1663.40)
[ACTION DEBUG iter 200] Raw action[1:3]: [-0.4853, -0.0026, -0.4637], noise: 0.0500
[RLAMPSO DEBUG iter 200] w=0.4074, c1=1.7042, c2=1.5930 | fitness=1716.63
[REWARD DEBUG iter 200] FitnessImprovement: 0.0366 → Reward: +1.0000 (prevFit=1716.63, currFit=1716.60)
[ACTION DEBUG iter 200] Raw action[1:3]: [0.0136, -0.3182, 0.6590], noise: 0.0500
[RLAMPSO DEBUG iter 200] w=0.4470, c1=1.6257, c2=1.7740 | fitness=1869.18
[REWARD DEBUG iter 200] FitnessImprovement: 0.0000 → Reward: -1.0000 (prevFit=1869.18, currFit=1869.18)
[ACTION DEBUG iter 100] Raw action[1:3]: [0.0565, -0.0733, 0.1763], noise: 0.0500
[RLAMPSO DEBUG iter 100] w=0.4975, c1=1.4365, c2=1.6244 | fitness=1846.41
[REWARD DEBUG iter 100] FitnessImprovement: 0.3678 → Reward: +1.0000 (prevFit=1846.41, currFit=1846.04)
[ACTION DEBUG iter 300] Raw action[1:3]: [0.0175, 0.6088, 0.4217], noise: 0.0500
[RLAMPSO DEBUG iter 300] w=0.5726, c1=1.1101, c2=1.5431 | fitness=1663.42
[REWARD DEBUG iter 300] FitnessImprovement: 0.0447 → Reward: +1.0000 (prevFit=1663.42, currFit=1663.38)
[ACTION DEBUG iter 200] Raw action[1:3]: [0.3045, -0.9925, 0.1282], noise: 0.0500
[ACTION DEBUG iter 200] WARNING: 1/20 actions clipped (network saturating)
[RLAMPSO DEBUG iter 200] w=0.4729, c1=1.7616, c2=1.5905 | fitness=1847.32
[REWARD DEBUG iter 200] FitnessImprovement: 0.2206 → Reward: +1.0000 (prevFit=1847.32, currFit=1847.10)
[ACTION DEBUG iter 200] Raw action[1:3]: [-0.3358, -0.1433, -0.2904], noise: 0.0500
[RLAMPSO DEBUG iter 200] w=0.4338, c1=1.9545, c2=1.9533 | fitness=1731.93
[REWARD DEBUG iter 200] FitnessImprovement: 0.0000 → Reward: -1.0000 (prevFit=1731.93, currFit=1731.93)
[ACTION DEBUG iter 200] Raw action[1:3]: [-0.4608, 0.3643, -0.4971], noise: 0.0500
[RLAMPSO DEBUG iter 200] w=0.4282, c1=1.9288, c2=1.4849 | fitness=1578.20
[REWARD DEBUG iter 200] FitnessImprovement: 0.0015 → Reward: +1.0000 (prevFit=1578.20, currFit=1578.20)
[ACTION DEBUG iter 200] Raw action[1:3]: [-0.8745, -0.1498, -0.6829], noise: 0.0500
[RLAMPSO DEBUG iter 200] w=0.4871, c1=2.2236, c2=2.1108 | fitness=1672.62
[REWARD DEBUG iter 200] FitnessImprovement: 0.0000 → Reward: -1.0000 (prevFit=1672.62, currFit=1672.62)
[ACTION DEBUG iter 200] Raw action[1:3]: [0.2605, 0.3354, 0.0113], noise: 0.0500
[RLAMPSO DEBUG iter 200] w=0.5723, c1=1.8396, c2=1.5828 | fitness=1755.69
[REWARD DEBUG iter 200] FitnessImprovement: 0.0000 → Reward: -1.0000 (prevFit=1755.69, currFit=1755.69)
[ACTION DEBUG iter 400] Raw action[1:3]: [-0.9302, -0.6217, 0.7494], noise: 0.0500
[ACTION DEBUG iter 400] WARNING: 2/20 actions clipped (network saturating)
[RLAMPSO DEBUG iter 400] w=0.4152, c1=1.4447, c2=1.6798 | fitness=1633.36
[REWARD DEBUG iter 400] FitnessImprovement: 0.0008 → Reward: +1.0000 (prevFit=1633.36, currFit=1633.36)
[ACTION DEBUG iter 200] Raw action[1:3]: [-0.4034, -0.5859, -0.3872], noise: 0.0500
[RLAMPSO DEBUG iter 200] w=0.4810, c1=1.8238, c2=1.7030 | fitness=1913.20
[REWARD DEBUG iter 200] FitnessImprovement: 0.0002 → Reward: +1.0000 (prevFit=1913.20, currFit=1913.20)
[ACTION DEBUG iter 200] Raw action[1:3]: [-0.3379, -0.0808, 0.1779], noise: 0.0500
[RLAMPSO DEBUG iter 200] w=0.3975, c1=1.6875, c2=1.4944 | fitness=1778.87
[REWARD DEBUG iter 200] FitnessImprovement: 0.0033 → Reward: +1.0000 (prevFit=1778.87, currFit=1778.87)
[ACTION DEBUG iter 300] Raw action[1:3]: [0.0866, -0.5934, 0.2332], noise: 0.0500
[RLAMPSO DEBUG iter 300] w=0.4127, c1=1.5621, c2=1.9560 | fitness=1692.75
[REWARD DEBUG iter 300] FitnessImprovement: 0.0001 → Reward: +1.0000 (prevFit=1692.75, currFit=1692.75)
[ACTION DEBUG iter 300] Raw action[1:3]: [-0.4315, -0.6657, 0.7899], noise: 0.0500
[RLAMPSO DEBUG iter 300] w=0.4256, c1=1.5300, c2=1.6455 | fitness=1868.90
[REWARD DEBUG iter 300] FitnessImprovement: 0.0044 → Reward: +1.0000 (prevFit=1868.90, currFit=1868.90)
[ACTION DEBUG iter 300] Raw action[1:3]: [-0.8942, 0.1407, -0.5822], noise: 0.0500
[RLAMPSO DEBUG iter 300] w=0.5537, c1=2.1602, c2=1.3710 | fitness=1643.89
[REWARD DEBUG iter 300] FitnessImprovement: 0.0467 → Reward: +1.0000 (prevFit=1643.89, currFit=1643.85)
[ACTION DEBUG iter 200] Raw action[1:3]: [0.1406, -0.1505, 0.1380], noise: 0.0500
[RLAMPSO DEBUG iter 200] w=0.6065, c1=1.4959, c2=1.6698 | fitness=1779.28
[REWARD DEBUG iter 200] FitnessImprovement: 0.0000 → Reward: -1.0000 (prevFit=1779.28, currFit=1779.28)
[ACTION DEBUG iter 300] Raw action[1:3]: [-0.3436, 0.8330, -0.6029], noise: 0.0500
[RLAMPSO DEBUG iter 300] w=0.4058, c1=2.2132, c2=1.7204 | fitness=1573.71
[REWARD DEBUG iter 300] FitnessImprovement: 0.0010 → Reward: +1.0000 (prevFit=1573.71, currFit=1573.71)
[ACTION DEBUG iter 300] Raw action[1:3]: [-0.4376, -0.8938, 0.2858], noise: 0.0500
[RLAMPSO DEBUG iter 300] w=0.4876, c1=1.6369, c2=1.3933 | fitness=1813.06
[ACTION DEBUG iter 300] Raw action[1:3]: [0.1809, -0.3528, -0.9452], noise: 0.0500
[RLAMPSO DEBUG iter 300] w=0.4010, c1=1.5383, c2=1.4447 | fitness=1731.90
[REWARD DEBUG iter 300] FitnessImprovement: 0.0000 → Reward: -1.0000 (prevFit=1731.90, currFit=1731.90)
[ACTION DEBUG iter 300] Raw action[1:3]: [-0.7341, 0.4344, -0.7710], noise: 0.0500
[RLAMPSO DEBUG iter 300] w=0.5182, c1=1.7414, c2=1.6568 | fitness=1666.00
[REWARD DEBUG iter 300] FitnessImprovement: 0.0005 → Reward: +1.0000 (prevFit=1666.00, currFit=1666.00)
[REWARD DEBUG iter 300] FitnessImprovement: 0.0426 → Reward: +1.0000 (prevFit=1813.06, currFit=1813.02)
[ACTION DEBUG iter 300] Raw action[1:3]: [-0.6406, -0.4571, 0.2519], noise: 0.0500
[RLAMPSO DEBUG iter 300] w=0.5153, c1=1.8963, c2=1.7706 | fitness=1835.73
[REWARD DEBUG iter 300] FitnessImprovement: 3.6039 → Reward: +1.0000 (prevFit=1835.73, currFit=1832.12)
[ACTION DEBUG iter 300] Raw action[1:3]: [0.4514, 0.5647, 0.8952], noise: 0.0500
[RLAMPSO DEBUG iter 300] w=0.5205, c1=1.3805, c2=1.5349 | fitness=1754.32
[REWARD DEBUG iter 300] FitnessImprovement: 0.0002 → Reward: +1.0000 (prevFit=1754.32, currFit=1754.32)
[ACTION DEBUG iter 300] Raw action[1:3]: [-0.1530, 0.5613, -0.6269], noise: 0.0500
[RLAMPSO DEBUG iter 300] w=0.4719, c1=2.1000, c2=1.9045 | fitness=1758.22
[REWARD DEBUG iter 300] FitnessImprovement: 0.0034 → Reward: +1.0000 (prevFit=1758.22, currFit=1758.22)
[ACTION DEBUG iter 400] Raw action[1:3]: [-0.0574, -0.1905, 0.8076], noise: 0.0500
[RLAMPSO DEBUG iter 400] w=0.5632, c1=2.3012, c2=1.8289 | fitness=1649.24
[ACTION DEBUG iter 300] Raw action[1:3]: [-0.2797, -0.2972, 0.4737], noise: 0.0500
[RLAMPSO DEBUG iter 300] w=0.5398, c1=1.1275, c2=1.4169 | fitness=1767.79
[REWARD DEBUG iter 300] FitnessImprovement: 0.0000 → Reward: -1.0000 (prevFit=1767.79, currFit=1767.79)
[REWARD DEBUG iter 400] FitnessImprovement: 0.0000 → Reward: -1.0000 (prevFit=1649.24, currFit=1649.24)
[ACTION DEBUG iter 500] Raw action[1:3]: [-0.9100, -0.6999, 0.1597], noise: 0.0500
[ACTION DEBUG iter 500] WARNING: 2/20 actions clipped (network saturating)
[RLAMPSO DEBUG iter 500] w=0.4639, c1=1.0284, c2=1.2283 | fitness=1633.33
[REWARD DEBUG iter 500] FitnessImprovement: 0.0000 → Reward: -1.0000 (prevFit=1633.33, currFit=1633.33)
[ACTION DEBUG iter 400] Raw action[1:3]: [-0.1102, 0.7442, -0.1671], noise: 0.0500
[ACTION DEBUG iter 400] WARNING: 1/20 actions clipped (network saturating)
[RLAMPSO DEBUG iter 400] w=0.5280, c1=0.9141, c2=1.1136 | fitness=1657.82
[REWARD DEBUG iter 400] FitnessImprovement: 0.1082 → Reward: +1.0000 (prevFit=1657.82, currFit=1657.72)
[ACTION DEBUG iter 400] Raw action[1:3]: [-0.8758, 0.4407, -0.6627], noise: 0.0500
[RLAMPSO DEBUG iter 400] w=0.5454, c1=2.1000, c2=1.4099 | fitness=1606.40
[REWARD DEBUG iter 400] FitnessImprovement: 0.0468 → Reward: +1.0000 (prevFit=1606.40, currFit=1606.35)
[ACTION DEBUG iter 400] Raw action[1:3]: [-0.8502, -0.2453, -0.4408], noise: 0.0500
[RLAMPSO DEBUG iter 400] w=0.1976, c1=1.4608, c2=1.6604 | fitness=1690.87
[REWARD DEBUG iter 400] FitnessImprovement: 0.0610 → Reward: +1.0000 (prevFit=1690.87, currFit=1690.81)
[ACTION DEBUG iter 400] Raw action[1:3]: [-0.2947, -0.3999, 0.7837], noise: 0.0500
[RLAMPSO DEBUG iter 400] w=0.3773, c1=1.5376, c2=1.3784 | fitness=1868.87
[REWARD DEBUG iter 400] FitnessImprovement: 0.0001 → Reward: +1.0000 (prevFit=1868.87, currFit=1868.87)
[ACTION DEBUG iter 400] Raw action[1:3]: [0.1392, 0.6107, -0.9951], noise: 0.0500
[ACTION DEBUG iter 400] WARNING: 1/20 actions clipped (network saturating)
[RLAMPSO DEBUG iter 400] w=0.5547, c1=1.6240, c2=1.3385 | fitness=1729.55
[REWARD DEBUG iter 400] FitnessImprovement: 0.0000 → Reward: -1.0000 (prevFit=1729.55, currFit=1729.55)
[ACTION DEBUG iter 400] Raw action[1:3]: [-0.6055, 0.7904, -0.4931], noise: 0.0500
[RLAMPSO DEBUG iter 400] w=0.4055, c1=1.8380, c2=1.3775 | fitness=1572.87
[REWARD DEBUG iter 400] FitnessImprovement: 0.0004 → Reward: +1.0000 (prevFit=1572.87, currFit=1572.87)
[ACTION DEBUG iter 400] Raw action[1:3]: [0.2301, -0.9538, 0.6169], noise: 0.0500
[ACTION DEBUG iter 400] WARNING: 1/20 actions clipped (network saturating)
[RLAMPSO DEBUG iter 400] w=0.4449, c1=1.5816, c2=1.5082 | fitness=1807.87
[REWARD DEBUG iter 400] FitnessImprovement: 0.0073 → Reward: +1.0000 (prevFit=1807.87, currFit=1807.86)
[ACTION DEBUG iter 400] Raw action[1:3]: [-0.7000, -0.6553, -0.0861], noise: 0.0500
[RLAMPSO DEBUG iter 400] w=0.4664, c1=1.3959, c2=1.3620 | fitness=1662.16
[REWARD DEBUG iter 400] FitnessImprovement: 0.0000 → Reward: -1.0000 (prevFit=1662.16, currFit=1662.16)
[ACTION DEBUG iter 400] Raw action[1:3]: [0.9143, 0.6282, 0.9725], noise: 0.0500
[ACTION DEBUG iter 400] WARNING: 2/20 actions clipped (network saturating)
[RLAMPSO DEBUG iter 400] w=0.5211, c1=1.1348, c2=1.2746 | fitness=1754.06
[REWARD DEBUG iter 400] FitnessImprovement: 0.0015 → Reward: +1.0000 (prevFit=1754.06, currFit=1754.06)
[ACTION DEBUG iter 400] Raw action[1:3]: [-0.6847, 0.5517, -0.9268], noise: 0.0500
[RLAMPSO DEBUG iter 400] w=0.4682, c1=1.5142, c2=1.4854 | fitness=1659.10
[REWARD DEBUG iter 400] FitnessImprovement: 0.0160 → Reward: +1.0000 (prevFit=1659.10, currFit=1659.08)
[ACTION DEBUG iter 400] Raw action[1:3]: [-0.3642, -0.2290, -0.3169], noise: 0.0500
[RLAMPSO DEBUG iter 400] w=0.3521, c1=1.3238, c2=0.9637 | fitness=1756.50
[REWARD DEBUG iter 400] FitnessImprovement: 0.0000 → Reward: +1.0000 (prevFit=1756.50, currFit=1756.50)
[ACTION DEBUG iter 500] Raw action[1:3]: [-0.7951, -0.7997, 0.9457], noise: 0.0500
[RLAMPSO DEBUG iter 500] w=0.3798, c1=1.7413, c2=1.7169 | fitness=1649.22
[REWARD DEBUG iter 500] FitnessImprovement: 0.0001 → Reward: +1.0000 (prevFit=1649.22, currFit=1649.22)
[ACTION DEBUG iter 400] Raw action[1:3]: [-0.2709, -0.6497, 0.4710], noise: 0.0500
[RLAMPSO DEBUG iter 400] w=0.6087, c1=1.1549, c2=1.2684 | fitness=1764.89
[REWARD DEBUG iter 400] FitnessImprovement: 0.0000 → Reward: -1.0000 (prevFit=1764.89, currFit=1764.89)
[ACTION DEBUG iter 600] Raw action[1:3]: [-0.5393, -0.9156, 0.7135], noise: 0.0500
[ACTION DEBUG iter 600] WARNING: 2/20 actions clipped (network saturating)
[RLAMPSO DEBUG iter 600] w=0.4458, c1=1.0263, c2=1.0910 | fitness=1633.33
[REWARD DEBUG iter 600] FitnessImprovement: 0.0000 → Reward: -1.0000 (prevFit=1633.33, currFit=1633.33)

========== Planning Complete ==========
Algorithm: RLAMPSO
Execution time: 20.0485 seconds
Path length: 153.9130 units
Waypoints: 7
Best fitness: 1633.3347
========================================


========== Direct Global Planning ==========
Algorithm: DQN_PSO
Start: [10.0, 95.0, 10.0]
Goal:  [97.0, 2.0, 10.0]
============================================

Warning: DQN-PSO (paper) is homogeneous; forcing paramMode to global.
> In <a href="matlab:matlab.lang.internal.introspective.errorDocCallback('globalPathPlanningDQNPSO', '/Users/hust-hwashin621m/Desktop/vietanhpaper-2/algorithms/dqn_pso/globalPathPlanningDQNPSO.m', 15)" style="font-weight:bold">globalPathPlanningDQNPSO</a> (<a href="matlab: opentoline('/Users/hust-hwashin621m/Desktop/vietanhpaper-2/algorithms/dqn_pso/globalPathPlanningDQNPSO.m',15,0)">line 15</a>)
In <a href="matlab:matlab.lang.internal.introspective.errorDocCallback('callGlobalPlanningAlgorithm', '/Users/hust-hwashin621m/Desktop/vietanhpaper-2/algorithms/callGlobalPlanningAlgorithm.m', 212)" style="font-weight:bold">callGlobalPlanningAlgorithm</a> (<a href="matlab: opentoline('/Users/hust-hwashin621m/Desktop/vietanhpaper-2/algorithms/callGlobalPlanningAlgorithm.m',212,0)">line 212</a>)
In <a href="matlab:matlab.lang.internal.introspective.errorDocCallback('directGlobalPlanning', '/Users/hust-hwashin621m/Desktop/vietanhpaper-2/shared/path_planning/directGlobalPlanning.m', 59)" style="font-weight:bold">directGlobalPlanning</a> (<a href="matlab: opentoline('/Users/hust-hwashin621m/Desktop/vietanhpaper-2/shared/path_planning/directGlobalPlanning.m',59,0)">line 59</a>)
In <a href="matlab:matlab.lang.internal.introspective.errorDocCallback('run_comparison>@(varargin)directGlobalPlanning(varargin{:})', '/Users/hust-hwashin621m/Desktop/vietanhpaper-2/run_comparison.m', 282)" style="font-weight:bold">run_comparison>@(varargin)directGlobalPlanning(varargin{:})</a> (<a href="matlab: opentoline('/Users/hust-hwashin621m/Desktop/vietanhpaper-2/run_comparison.m',282,0)">line 282</a>)
In <a href="matlab:matlab.lang.internal.introspective.errorDocCallback('compare_algorithms>runAlgorithmBatch', '/Users/hust-hwashin621m/Desktop/vietanhpaper-2/scripts/compare_algorithms.m', 139)" style="font-weight:bold">compare_algorithms>runAlgorithmBatch</a> (<a href="matlab: opentoline('/Users/hust-hwashin621m/Desktop/vietanhpaper-2/scripts/compare_algorithms.m',139,0)">line 139</a>)
Starting DQN-PSO (HMM + DQN) - Mode: global
[ACTION DEBUG iter 500] Raw action[1:3]: [-0.2564, 0.9589, 0.1905], noise: 0.0500
[ACTION DEBUG iter 500] WARNING: 1/20 actions clipped (network saturating)
[RLAMPSO DEBUG iter 500] w=0.5478, c1=1.3744, c2=1.7705 | fitness=1649.94
[REWARD DEBUG iter 500] FitnessImprovement: 0.0622 → Reward: +1.0000 (prevFit=1649.94, currFit=1649.87)
[ACTION DEBUG iter 500] Raw action[1:3]: [-0.9584, 0.8576, -0.9329], noise: 0.0500
[ACTION DEBUG iter 500] WARNING: 2/20 actions clipped (network saturating)
[RLAMPSO DEBUG iter 500] w=0.5148, c1=2.1000, c2=1.7000 | fitness=1601.11
[REWARD DEBUG iter 500] FitnessImprovement: 0.0000 → Reward: -1.0000 (prevFit=1601.11, currFit=1601.11)
[ACTION DEBUG iter 500] Raw action[1:3]: [-0.8099, -0.9605, 0.9755], noise: 0.0500
[ACTION DEBUG iter 500] WARNING: 1/20 actions clipped (network saturating)
[RLAMPSO DEBUG iter 500] w=0.2789, c1=1.1709, c2=0.7311 | fitness=1868.83
[ACTION DEBUG iter 500] Raw action[1:3]: [-0.9581, -0.8475, -0.2571], noise: 0.0500
[ACTION DEBUG iter 500] WARNING: 3/20 actions clipped (network saturating)
[RLAMPSO DEBUG iter 500] w=0.1922, c1=1.3341, c2=1.3026 | fitness=1678.46
[REWARD DEBUG iter 500] FitnessImprovement: 0.0299 → Reward: +1.0000 (prevFit=1678.46, currFit=1678.43)
[REWARD DEBUG iter 500] FitnessImprovement: 0.0001 → Reward: +1.0000 (prevFit=1868.83, currFit=1868.83)
[ACTION DEBUG iter 500] Raw action[1:3]: [-0.3425, 0.8469, -0.8665], noise: 0.0500
[RLAMPSO DEBUG iter 500] w=0.3782, c1=1.6770, c2=1.5511 | fitness=1729.40
[REWARD DEBUG iter 500] FitnessImprovement: 0.0050 → Reward: +1.0000 (prevFit=1729.40, currFit=1729.39)
[ACTION DEBUG iter 500] Raw action[1:3]: [-0.9614, 0.9812, -0.6938], noise: 0.0500
[RLAMPSO DEBUG iter 500] w=0.3422, c1=1.6933, c2=1.0403 | fitness=1571.75
[REWARD DEBUG iter 500] FitnessImprovement: 0.0000 → Reward: -1.0000 (prevFit=1571.75, currFit=1571.75)
[ACTION DEBUG iter 500] Raw action[1:3]: [-0.7713, 0.8529, -0.9815], noise: 0.0500
[ACTION DEBUG iter 500] WARNING: 3/20 actions clipped (network saturating)
[RLAMPSO DEBUG iter 500] w=0.3246, c1=1.7000, c2=0.9000 | fitness=1658.64
[REWARD DEBUG iter 500] FitnessImprovement: 0.0000 → Reward: -1.0000 (prevFit=1658.64, currFit=1658.64)
[ACTION DEBUG iter 500] Raw action[1:3]: [-0.0859, -0.9954, 0.9399], noise: 0.0500
[ACTION DEBUG iter 500] WARNING: 2/20 actions clipped (network saturating)
[RLAMPSO DEBUG iter 500] w=0.3649, c1=1.2944, c2=0.9560 | fitness=1802.90
[REWARD DEBUG iter 500] FitnessImprovement: 0.0000 → Reward: -1.0000 (prevFit=1802.90, currFit=1802.90)
[ACTION DEBUG iter 500] Raw action[1:3]: [-0.9985, -0.8434, 0.7508], noise: 0.0500
[RLAMPSO DEBUG iter 500] w=0.5470, c1=1.4125, c2=1.4840 | fitness=1662.16
[REWARD DEBUG iter 500] FitnessImprovement: 0.0000 → Reward: -1.0000 (prevFit=1662.16, currFit=1662.16)
[ACTION DEBUG iter 500] Raw action[1:3]: [0.4697, 0.9437, 0.9945], noise: 0.0500
[ACTION DEBUG iter 500] WARNING: 1/20 actions clipped (network saturating)
[RLAMPSO DEBUG iter 500] w=0.3956, c1=0.9000, c2=0.9064 | fitness=1753.99
[REWARD DEBUG iter 500] FitnessImprovement: 0.0000 → Reward: +1.0000 (prevFit=1753.99, currFit=1753.99)
[ACTION DEBUG iter 500] Raw action[1:3]: [0.3362, 0.2455, -0.1556], noise: 0.0500
[ACTION DEBUG iter 500] WARNING: 2/20 actions clipped (network saturating)
[RLAMPSO DEBUG iter 500] w=0.4718, c1=0.6422, c2=0.9000 | fitness=1756.50
[REWARD DEBUG iter 500] FitnessImprovement: 0.0000 → Reward: -1.0000 (prevFit=1756.50, currFit=1756.50)
[ACTION DEBUG iter 600] Raw action[1:3]: [0.3997, -0.8249, 0.9681], noise: 0.0500
[ACTION DEBUG iter 600] WARNING: 4/20 actions clipped (network saturating)
[RLAMPSO DEBUG iter 600] w=0.4887, c1=1.7000, c2=1.8380 | fitness=1638.79
[REWARD DEBUG iter 600] FitnessImprovement: 0.0017 → Reward: +1.0000 (prevFit=1638.79, currFit=1638.79)

========== Planning Complete ==========
Algorithm: RLAMPSO
Execution time: 20.2385 seconds
Path length: 152.4482 units
Waypoints: 7
Best fitness: 1638.7917
========================================


========== Direct Global Planning ==========
Algorithm: DQN_PSO
Start: [10.0, 95.0, 10.0]
Goal:  [97.0, 2.0, 10.0]
============================================

Warning: DQN-PSO (paper) is homogeneous; forcing paramMode to global.
> In <a href="matlab:matlab.lang.internal.introspective.errorDocCallback('globalPathPlanningDQNPSO', '/Users/hust-hwashin621m/Desktop/vietanhpaper-2/algorithms/dqn_pso/globalPathPlanningDQNPSO.m', 15)" style="font-weight:bold">globalPathPlanningDQNPSO</a> (<a href="matlab: opentoline('/Users/hust-hwashin621m/Desktop/vietanhpaper-2/algorithms/dqn_pso/globalPathPlanningDQNPSO.m',15,0)">line 15</a>)
In <a href="matlab:matlab.lang.internal.introspective.errorDocCallback('callGlobalPlanningAlgorithm', '/Users/hust-hwashin621m/Desktop/vietanhpaper-2/algorithms/callGlobalPlanningAlgorithm.m', 212)" style="font-weight:bold">callGlobalPlanningAlgorithm</a> (<a href="matlab: opentoline('/Users/hust-hwashin621m/Desktop/vietanhpaper-2/algorithms/callGlobalPlanningAlgorithm.m',212,0)">line 212</a>)
In <a href="matlab:matlab.lang.internal.introspective.errorDocCallback('directGlobalPlanning', '/Users/hust-hwashin621m/Desktop/vietanhpaper-2/shared/path_planning/directGlobalPlanning.m', 59)" style="font-weight:bold">directGlobalPlanning</a> (<a href="matlab: opentoline('/Users/hust-hwashin621m/Desktop/vietanhpaper-2/shared/path_planning/directGlobalPlanning.m',59,0)">line 59</a>)
In <a href="matlab:matlab.lang.internal.introspective.errorDocCallback('run_comparison>@(varargin)directGlobalPlanning(varargin{:})', '/Users/hust-hwashin621m/Desktop/vietanhpaper-2/run_comparison.m', 282)" style="font-weight:bold">run_comparison>@(varargin)directGlobalPlanning(varargin{:})</a> (<a href="matlab: opentoline('/Users/hust-hwashin621m/Desktop/vietanhpaper-2/run_comparison.m',282,0)">line 282</a>)
In <a href="matlab:matlab.lang.internal.introspective.errorDocCallback('compare_algorithms>runAlgorithmBatch', '/Users/hust-hwashin621m/Desktop/vietanhpaper-2/scripts/compare_algorithms.m', 139)" style="font-weight:bold">compare_algorithms>runAlgorithmBatch</a> (<a href="matlab: opentoline('/Users/hust-hwashin621m/Desktop/vietanhpaper-2/scripts/compare_algorithms.m',139,0)">line 139</a>)
Starting DQN-PSO (HMM + DQN) - Mode: global
DQN-PSO iter 50/600 | Fitness: 1879.35 | w=0.900 c1=2.500 c2=0.500
[ACTION DEBUG iter 500] Raw action[1:3]: [0.4727, -0.4979, 0.5833], noise: 0.0500
[RLAMPSO DEBUG iter 500] w=0.5454, c1=1.3986, c2=1.4305 | fitness=1764.87
[REWARD DEBUG iter 500] FitnessImprovement: 0.0000 → Reward: +1.0000 (prevFit=1764.87, currFit=1764.87)
[ACTION DEBUG iter 600] Raw action[1:3]: [0.7977, 0.9769, -0.1654], noise: 0.0500
[ACTION DEBUG iter 600] WARNING: 1/20 actions clipped (network saturating)
[RLAMPSO DEBUG iter 600] w=0.6375, c1=0.9610, c2=1.2902 | fitness=1649.16
[REWARD DEBUG iter 600] FitnessImprovement: 0.0006 → Reward: +1.0000 (prevFit=1649.16, currFit=1649.16)

========== Planning Complete ==========
Algorithm: RLAMPSO
Execution time: 20.1568 seconds
Path length: 150.5394 units
Waypoints: 7
Best fitness: 1649.1589
========================================


========== Direct Global Planning ==========
Algorithm: DQN_PSO
Start: [10.0, 95.0, 10.0]
Goal:  [97.0, 2.0, 10.0]
============================================

Warning: DQN-PSO (paper) is homogeneous; forcing paramMode to global.
> In <a href="matlab:matlab.lang.internal.introspective.errorDocCallback('globalPathPlanningDQNPSO', '/Users/hust-hwashin621m/Desktop/vietanhpaper-2/algorithms/dqn_pso/globalPathPlanningDQNPSO.m', 15)" style="font-weight:bold">globalPathPlanningDQNPSO</a> (<a href="matlab: opentoline('/Users/hust-hwashin621m/Desktop/vietanhpaper-2/algorithms/dqn_pso/globalPathPlanningDQNPSO.m',15,0)">line 15</a>)
In <a href="matlab:matlab.lang.internal.introspective.errorDocCallback('callGlobalPlanningAlgorithm', '/Users/hust-hwashin621m/Desktop/vietanhpaper-2/algorithms/callGlobalPlanningAlgorithm.m', 212)" style="font-weight:bold">callGlobalPlanningAlgorithm</a> (<a href="matlab: opentoline('/Users/hust-hwashin621m/Desktop/vietanhpaper-2/algorithms/callGlobalPlanningAlgorithm.m',212,0)">line 212</a>)
In <a href="matlab:matlab.lang.internal.introspective.errorDocCallback('directGlobalPlanning', '/Users/hust-hwashin621m/Desktop/vietanhpaper-2/shared/path_planning/directGlobalPlanning.m', 59)" style="font-weight:bold">directGlobalPlanning</a> (<a href="matlab: opentoline('/Users/hust-hwashin621m/Desktop/vietanhpaper-2/shared/path_planning/directGlobalPlanning.m',59,0)">line 59</a>)
In <a href="matlab:matlab.lang.internal.introspective.errorDocCallback('run_comparison>@(varargin)directGlobalPlanning(varargin{:})', '/Users/hust-hwashin621m/Desktop/vietanhpaper-2/run_comparison.m', 282)" style="font-weight:bold">run_comparison>@(varargin)directGlobalPlanning(varargin{:})</a> (<a href="matlab: opentoline('/Users/hust-hwashin621m/Desktop/vietanhpaper-2/run_comparison.m',282,0)">line 282</a>)
In <a href="matlab:matlab.lang.internal.introspective.errorDocCallback('compare_algorithms>runAlgorithmBatch', '/Users/hust-hwashin621m/Desktop/vietanhpaper-2/scripts/compare_algorithms.m', 139)" style="font-weight:bold">compare_algorithms>runAlgorithmBatch</a> (<a href="matlab: opentoline('/Users/hust-hwashin621m/Desktop/vietanhpaper-2/scripts/compare_algorithms.m',139,0)">line 139</a>)
Starting DQN-PSO (HMM + DQN) - Mode: global
[ACTION DEBUG iter 600] Raw action[1:3]: [-0.9864, 0.9614, -0.9399], noise: 0.0500
[ACTION DEBUG iter 600] WARNING: 7/20 actions clipped (network saturating)
[RLAMPSO DEBUG iter 600] w=0.4586, c1=1.8045, c2=1.0035 | fitness=1600.94
[REWARD DEBUG iter 600] FitnessImprovement: 0.0000 → Reward: -1.0000 (prevFit=1600.94, currFit=1600.94)

========== Planning Complete ==========
Algorithm: RLAMPSO
Execution time: 20.5084 seconds
Path length: 153.4781 units
Waypoints: 7
Best fitness: 1600.9369
========================================


========== Direct Global Planning ==========
Algorithm: DQN_PSO
Start: [10.0, 95.0, 10.0]
Goal:  [97.0, 2.0, 10.0]
============================================

Warning: DQN-PSO (paper) is homogeneous; forcing paramMode to global.
> In <a href="matlab:matlab.lang.internal.introspective.errorDocCallback('globalPathPlanningDQNPSO', '/Users/hust-hwashin621m/Desktop/vietanhpaper-2/algorithms/dqn_pso/globalPathPlanningDQNPSO.m', 15)" style="font-weight:bold">globalPathPlanningDQNPSO</a> (<a href="matlab: opentoline('/Users/hust-hwashin621m/Desktop/vietanhpaper-2/algorithms/dqn_pso/globalPathPlanningDQNPSO.m',15,0)">line 15</a>)
In <a href="matlab:matlab.lang.internal.introspective.errorDocCallback('callGlobalPlanningAlgorithm', '/Users/hust-hwashin621m/Desktop/vietanhpaper-2/algorithms/callGlobalPlanningAlgorithm.m', 212)" style="font-weight:bold">callGlobalPlanningAlgorithm</a> (<a href="matlab: opentoline('/Users/hust-hwashin621m/Desktop/vietanhpaper-2/algorithms/callGlobalPlanningAlgorithm.m',212,0)">line 212</a>)
In <a href="matlab:matlab.lang.internal.introspective.errorDocCallback('directGlobalPlanning', '/Users/hust-hwashin621m/Desktop/vietanhpaper-2/shared/path_planning/directGlobalPlanning.m', 59)" style="font-weight:bold">directGlobalPlanning</a> (<a href="matlab: opentoline('/Users/hust-hwashin621m/Desktop/vietanhpaper-2/shared/path_planning/directGlobalPlanning.m',59,0)">line 59</a>)
In <a href="matlab:matlab.lang.internal.introspective.errorDocCallback('run_comparison>@(varargin)directGlobalPlanning(varargin{:})', '/Users/hust-hwashin621m/Desktop/vietanhpaper-2/run_comparison.m', 282)" style="font-weight:bold">run_comparison>@(varargin)directGlobalPlanning(varargin{:})</a> (<a href="matlab: opentoline('/Users/hust-hwashin621m/Desktop/vietanhpaper-2/run_comparison.m',282,0)">line 282</a>)
In <a href="matlab:matlab.lang.internal.introspective.errorDocCallback('compare_algorithms>runAlgorithmBatch', '/Users/hust-hwashin621m/Desktop/vietanhpaper-2/scripts/compare_algorithms.m', 139)" style="font-weight:bold">compare_algorithms>runAlgorithmBatch</a> (<a href="matlab: opentoline('/Users/hust-hwashin621m/Desktop/vietanhpaper-2/scripts/compare_algorithms.m',139,0)">line 139</a>)
Starting DQN-PSO (HMM + DQN) - Mode: global

========== Planning Complete ==========
Algorithm: RLAMPSO
Execution time: 18.0678 seconds
Path length: 174.2719 units
Waypoints: 7
Best fitness: 1662.1560
========================================


========== Direct Global Planning ==========
Algorithm: DQN_PSO
Start: [10.0, 95.0, 10.0]
Goal:  [97.0, 2.0, 10.0]
============================================

Warning: DQN-PSO (paper) is homogeneous; forcing paramMode to global.
> In <a href="matlab:matlab.lang.internal.introspective.errorDocCallback('globalPathPlanningDQNPSO', '/Users/hust-hwashin621m/Desktop/vietanhpaper-2/algorithms/dqn_pso/globalPathPlanningDQNPSO.m', 15)" style="font-weight:bold">globalPathPlanningDQNPSO</a> (<a href="matlab: opentoline('/Users/hust-hwashin621m/Desktop/vietanhpaper-2/algorithms/dqn_pso/globalPathPlanningDQNPSO.m',15,0)">line 15</a>)
In <a href="matlab:matlab.lang.internal.introspective.errorDocCallback('callGlobalPlanningAlgorithm', '/Users/hust-hwashin621m/Desktop/vietanhpaper-2/algorithms/callGlobalPlanningAlgorithm.m', 212)" style="font-weight:bold">callGlobalPlanningAlgorithm</a> (<a href="matlab: opentoline('/Users/hust-hwashin621m/Desktop/vietanhpaper-2/algorithms/callGlobalPlanningAlgorithm.m',212,0)">line 212</a>)
In <a href="matlab:matlab.lang.internal.introspective.errorDocCallback('directGlobalPlanning', '/Users/hust-hwashin621m/Desktop/vietanhpaper-2/shared/path_planning/directGlobalPlanning.m', 59)" style="font-weight:bold">directGlobalPlanning</a> (<a href="matlab: opentoline('/Users/hust-hwashin621m/Desktop/vietanhpaper-2/shared/path_planning/directGlobalPlanning.m',59,0)">line 59</a>)
In <a href="matlab:matlab.lang.internal.introspective.errorDocCallback('run_comparison>@(varargin)directGlobalPlanning(varargin{:})', '/Users/hust-hwashin621m/Desktop/vietanhpaper-2/run_comparison.m', 282)" style="font-weight:bold">run_comparison>@(varargin)directGlobalPlanning(varargin{:})</a> (<a href="matlab: opentoline('/Users/hust-hwashin621m/Desktop/vietanhpaper-2/run_comparison.m',282,0)">line 282</a>)
In <a href="matlab:matlab.lang.internal.introspective.errorDocCallback('compare_algorithms>runAlgorithmBatch', '/Users/hust-hwashin621m/Desktop/vietanhpaper-2/scripts/compare_algorithms.m', 139)" style="font-weight:bold">compare_algorithms>runAlgorithmBatch</a> (<a href="matlab: opentoline('/Users/hust-hwashin621m/Desktop/vietanhpaper-2/scripts/compare_algorithms.m',139,0)">line 139</a>)
Starting DQN-PSO (HMM + DQN) - Mode: global
[ACTION DEBUG iter 600] Raw action[1:3]: [-0.9934, -0.8085, -0.0610], noise: 0.0500
[ACTION DEBUG iter 600] WARNING: 6/20 actions clipped (network saturating)
[RLAMPSO DEBUG iter 600] w=0.2541, c1=1.3024, c2=1.1259 | fitness=1653.85
[REWARD DEBUG iter 600] FitnessImprovement: 0.0000 → Reward: -1.0000 (prevFit=1653.85, currFit=1653.85)
[ACTION DEBUG iter 600] Raw action[1:3]: [-0.9526, 0.5900, 0.9722], noise: 0.0500
[ACTION DEBUG iter 600] WARNING: 3/20 actions clipped (network saturating)
[RLAMPSO DEBUG iter 600] w=0.2576, c1=1.0535, c2=0.8793 | fitness=1868.83

========== Planning Complete ==========
Algorithm: RLAMPSO
Execution time: 20.8850 seconds
Path length: 149.9550 units
Waypoints: 7
Best fitness: 1653.8524
========================================


========== Direct Global Planning ==========
Algorithm: DQN_PSO
Start: [10.0, 95.0, 10.0]
Goal:  [97.0, 2.0, 10.0]
============================================

Warning: DQN-PSO (paper) is homogeneous; forcing paramMode to global.
> In <a href="matlab:matlab.lang.internal.introspective.errorDocCallback('globalPathPlanningDQNPSO', '/Users/hust-hwashin621m/Desktop/vietanhpaper-2/algorithms/dqn_pso/globalPathPlanningDQNPSO.m', 15)" style="font-weight:bold">globalPathPlanningDQNPSO</a> (<a href="matlab: opentoline('/Users/hust-hwashin621m/Desktop/vietanhpaper-2/algorithms/dqn_pso/globalPathPlanningDQNPSO.m',15,0)">line 15</a>)
In <a href="matlab:matlab.lang.internal.introspective.errorDocCallback('callGlobalPlanningAlgorithm', '/Users/hust-hwashin621m/Desktop/vietanhpaper-2/algorithms/callGlobalPlanningAlgorithm.m', 212)" style="font-weight:bold">callGlobalPlanningAlgorithm</a> (<a href="matlab: opentoline('/Users/hust-hwashin621m/Desktop/vietanhpaper-2/algorithms/callGlobalPlanningAlgorithm.m',212,0)">line 212</a>)
In <a href="matlab:matlab.lang.internal.introspective.errorDocCallback('directGlobalPlanning', '/Users/hust-hwashin621m/Desktop/vietanhpaper-2/shared/path_planning/directGlobalPlanning.m', 59)" style="font-weight:bold">directGlobalPlanning</a> (<a href="matlab: opentoline('/Users/hust-hwashin621m/Desktop/vietanhpaper-2/shared/path_planning/directGlobalPlanning.m',59,0)">line 59</a>)
In <a href="matlab:matlab.lang.internal.introspective.errorDocCallback('run_comparison>@(varargin)directGlobalPlanning(varargin{:})', '/Users/hust-hwashin621m/Desktop/vietanhpaper-2/run_comparison.m', 282)" style="font-weight:bold">run_comparison>@(varargin)directGlobalPlanning(varargin{:})</a> (<a href="matlab: opentoline('/Users/hust-hwashin621m/Desktop/vietanhpaper-2/run_comparison.m',282,0)">line 282</a>)
In <a href="matlab:matlab.lang.internal.introspective.errorDocCallback('compare_algorithms>runAlgorithmBatch', '/Users/hust-hwashin621m/Desktop/vietanhpaper-2/scripts/compare_algorithms.m', 139)" style="font-weight:bold">compare_algorithms>runAlgorithmBatch</a> (<a href="matlab: opentoline('/Users/hust-hwashin621m/Desktop/vietanhpaper-2/scripts/compare_algorithms.m',139,0)">line 139</a>)
Starting DQN-PSO (HMM + DQN) - Mode: global
[REWARD DEBUG iter 600] FitnessImprovement: 0.0000 → Reward: -1.0000 (prevFit=1868.83, currFit=1868.83)

========== Planning Complete ==========
Algorithm: RLAMPSO
Execution time: 20.7815 seconds
Path length: 194.4685 units
Waypoints: 7
Best fitness: 1868.8323
========================================


========== Direct Global Planning ==========
Algorithm: DQN_PSO
Start: [10.0, 95.0, 10.0]
Goal:  [97.0, 2.0, 10.0]
============================================

Warning: DQN-PSO (paper) is homogeneous; forcing paramMode to global.
> In <a href="matlab:matlab.lang.internal.introspective.errorDocCallback('globalPathPlanningDQNPSO', '/Users/hust-hwashin621m/Desktop/vietanhpaper-2/algorithms/dqn_pso/globalPathPlanningDQNPSO.m', 15)" style="font-weight:bold">globalPathPlanningDQNPSO</a> (<a href="matlab: opentoline('/Users/hust-hwashin621m/Desktop/vietanhpaper-2/algorithms/dqn_pso/globalPathPlanningDQNPSO.m',15,0)">line 15</a>)
In <a href="matlab:matlab.lang.internal.introspective.errorDocCallback('callGlobalPlanningAlgorithm', '/Users/hust-hwashin621m/Desktop/vietanhpaper-2/algorithms/callGlobalPlanningAlgorithm.m', 212)" style="font-weight:bold">callGlobalPlanningAlgorithm</a> (<a href="matlab: opentoline('/Users/hust-hwashin621m/Desktop/vietanhpaper-2/algorithms/callGlobalPlanningAlgorithm.m',212,0)">line 212</a>)
In <a href="matlab:matlab.lang.internal.introspective.errorDocCallback('directGlobalPlanning', '/Users/hust-hwashin621m/Desktop/vietanhpaper-2/shared/path_planning/directGlobalPlanning.m', 59)" style="font-weight:bold">directGlobalPlanning</a> (<a href="matlab: opentoline('/Users/hust-hwashin621m/Desktop/vietanhpaper-2/shared/path_planning/directGlobalPlanning.m',59,0)">line 59</a>)
In <a href="matlab:matlab.lang.internal.introspective.errorDocCallback('run_comparison>@(varargin)directGlobalPlanning(varargin{:})', '/Users/hust-hwashin621m/Desktop/vietanhpaper-2/run_comparison.m', 282)" style="font-weight:bold">run_comparison>@(varargin)directGlobalPlanning(varargin{:})</a> (<a href="matlab: opentoline('/Users/hust-hwashin621m/Desktop/vietanhpaper-2/run_comparison.m',282,0)">line 282</a>)
In <a href="matlab:matlab.lang.internal.introspective.errorDocCallback('compare_algorithms>runAlgorithmBatch', '/Users/hust-hwashin621m/Desktop/vietanhpaper-2/scripts/compare_algorithms.m', 139)" style="font-weight:bold">compare_algorithms>runAlgorithmBatch</a> (<a href="matlab: opentoline('/Users/hust-hwashin621m/Desktop/vietanhpaper-2/scripts/compare_algorithms.m',139,0)">line 139</a>)
Starting DQN-PSO (HMM + DQN) - Mode: global
[ACTION DEBUG iter 600] Raw action[1:3]: [-0.4071, 0.7418, -0.8960], noise: 0.0500
[RLAMPSO DEBUG iter 600] w=0.4033, c1=2.3453, c2=1.4577 | fitness=1729.20
[ACTION DEBUG iter 600] Raw action[1:3]: [0.8705, -0.9979, 0.5970], noise: 0.0500
[ACTION DEBUG iter 600] WARNING: 3/20 actions clipped (network saturating)
[RLAMPSO DEBUG iter 600] w=0.4418, c1=1.7000, c2=1.5195 | fitness=1802.83
[REWARD DEBUG iter 600] FitnessImprovement: 0.0000 → Reward: -1.0000 (prevFit=1802.83, currFit=1802.83)

========== Planning Complete ==========
Algorithm: RLAMPSO
Execution time: 20.2795 seconds
Path length: 154.0906 units
Waypoints: 7
Best fitness: 1802.8347
========================================


========== Direct Global Planning ==========
Algorithm: DQN_PSO
Start: [10.0, 95.0, 10.0]
Goal:  [97.0, 2.0, 10.0]
============================================

Warning: DQN-PSO (paper) is homogeneous; forcing paramMode to global.
> In <a href="matlab:matlab.lang.internal.introspective.errorDocCallback('globalPathPlanningDQNPSO', '/Users/hust-hwashin621m/Desktop/vietanhpaper-2/algorithms/dqn_pso/globalPathPlanningDQNPSO.m', 15)" style="font-weight:bold">globalPathPlanningDQNPSO</a> (<a href="matlab: opentoline('/Users/hust-hwashin621m/Desktop/vietanhpaper-2/algorithms/dqn_pso/globalPathPlanningDQNPSO.m',15,0)">line 15</a>)
In <a href="matlab:matlab.lang.internal.introspective.errorDocCallback('callGlobalPlanningAlgorithm', '/Users/hust-hwashin621m/Desktop/vietanhpaper-2/algorithms/callGlobalPlanningAlgorithm.m', 212)" style="font-weight:bold">callGlobalPlanningAlgorithm</a> (<a href="matlab: opentoline('/Users/hust-hwashin621m/Desktop/vietanhpaper-2/algorithms/callGlobalPlanningAlgorithm.m',212,0)">line 212</a>)
In <a href="matlab:matlab.lang.internal.introspective.errorDocCallback('directGlobalPlanning', '/Users/hust-hwashin621m/Desktop/vietanhpaper-2/shared/path_planning/directGlobalPlanning.m', 59)" style="font-weight:bold">directGlobalPlanning</a> (<a href="matlab: opentoline('/Users/hust-hwashin621m/Desktop/vietanhpaper-2/shared/path_planning/directGlobalPlanning.m',59,0)">line 59</a>)
In <a href="matlab:matlab.lang.internal.introspective.errorDocCallback('run_comparison>@(varargin)directGlobalPlanning(varargin{:})', '/Users/hust-hwashin621m/Desktop/vietanhpaper-2/run_comparison.m', 282)" style="font-weight:bold">run_comparison>@(varargin)directGlobalPlanning(varargin{:})</a> (<a href="matlab: opentoline('/Users/hust-hwashin621m/Desktop/vietanhpaper-2/run_comparison.m',282,0)">line 282</a>)
In <a href="matlab:matlab.lang.internal.introspective.errorDocCallback('compare_algorithms>runAlgorithmBatch', '/Users/hust-hwashin621m/Desktop/vietanhpaper-2/scripts/compare_algorithms.m', 139)" style="font-weight:bold">compare_algorithms>runAlgorithmBatch</a> (<a href="matlab: opentoline('/Users/hust-hwashin621m/Desktop/vietanhpaper-2/scripts/compare_algorithms.m',139,0)">line 139</a>)
Starting DQN-PSO (HMM + DQN) - Mode: global
[REWARD DEBUG iter 600] FitnessImprovement: 0.0031 → Reward: +1.0000 (prevFit=1729.20, currFit=1729.19)

========== Planning Complete ==========
Algorithm: RLAMPSO
Execution time: 20.5363 seconds
Path length: 169.5970 units
Waypoints: 7
Best fitness: 1729.1939
========================================


========== Direct Global Planning ==========
Algorithm: DQN_PSO
Start: [10.0, 95.0, 10.0]
Goal:  [97.0, 2.0, 10.0]
============================================

Warning: DQN-PSO (paper) is homogeneous; forcing paramMode to global.
> In <a href="matlab:matlab.lang.internal.introspective.errorDocCallback('globalPathPlanningDQNPSO', '/Users/hust-hwashin621m/Desktop/vietanhpaper-2/algorithms/dqn_pso/globalPathPlanningDQNPSO.m', 15)" style="font-weight:bold">globalPathPlanningDQNPSO</a> (<a href="matlab: opentoline('/Users/hust-hwashin621m/Desktop/vietanhpaper-2/algorithms/dqn_pso/globalPathPlanningDQNPSO.m',15,0)">line 15</a>)
In <a href="matlab:matlab.lang.internal.introspective.errorDocCallback('callGlobalPlanningAlgorithm', '/Users/hust-hwashin621m/Desktop/vietanhpaper-2/algorithms/callGlobalPlanningAlgorithm.m', 212)" style="font-weight:bold">callGlobalPlanningAlgorithm</a> (<a href="matlab: opentoline('/Users/hust-hwashin621m/Desktop/vietanhpaper-2/algorithms/callGlobalPlanningAlgorithm.m',212,0)">line 212</a>)
In <a href="matlab:matlab.lang.internal.introspective.errorDocCallback('directGlobalPlanning', '/Users/hust-hwashin621m/Desktop/vietanhpaper-2/shared/path_planning/directGlobalPlanning.m', 59)" style="font-weight:bold">directGlobalPlanning</a> (<a href="matlab: opentoline('/Users/hust-hwashin621m/Desktop/vietanhpaper-2/shared/path_planning/directGlobalPlanning.m',59,0)">line 59</a>)
In <a href="matlab:matlab.lang.internal.introspective.errorDocCallback('run_comparison>@(varargin)directGlobalPlanning(varargin{:})', '/Users/hust-hwashin621m/Desktop/vietanhpaper-2/run_comparison.m', 282)" style="font-weight:bold">run_comparison>@(varargin)directGlobalPlanning(varargin{:})</a> (<a href="matlab: opentoline('/Users/hust-hwashin621m/Desktop/vietanhpaper-2/run_comparison.m',282,0)">line 282</a>)
In <a href="matlab:matlab.lang.internal.introspective.errorDocCallback('compare_algorithms>runAlgorithmBatch', '/Users/hust-hwashin621m/Desktop/vietanhpaper-2/scripts/compare_algorithms.m', 139)" style="font-weight:bold">compare_algorithms>runAlgorithmBatch</a> (<a href="matlab: opentoline('/Users/hust-hwashin621m/Desktop/vietanhpaper-2/scripts/compare_algorithms.m',139,0)">line 139</a>)
Starting DQN-PSO (HMM + DQN) - Mode: global
[ACTION DEBUG iter 600] Raw action[1:3]: [-0.9574, 0.9926, 0.2739], noise: 0.0500
[RLAMPSO DEBUG iter 600] w=0.3803, c1=1.4952, c2=1.3000 | fitness=1571.74
[REWARD DEBUG iter 600] FitnessImprovement: 0.0000 → Reward: +1.0000 (prevFit=1571.74, currFit=1571.74)

========== Planning Complete ==========
Algorithm: RLAMPSO
Execution time: 20.6103 seconds
Path length: 156.0748 units
Waypoints: 7
Best fitness: 1571.7380
========================================


========== Direct Global Planning ==========
Algorithm: DQN_PSO
Start: [10.0, 95.0, 10.0]
Goal:  [97.0, 2.0, 10.0]
============================================

Warning: DQN-PSO (paper) is homogeneous; forcing paramMode to global.
> In <a href="matlab:matlab.lang.internal.introspective.errorDocCallback('globalPathPlanningDQNPSO', '/Users/hust-hwashin621m/Desktop/vietanhpaper-2/algorithms/dqn_pso/globalPathPlanningDQNPSO.m', 15)" style="font-weight:bold">globalPathPlanningDQNPSO</a> (<a href="matlab: opentoline('/Users/hust-hwashin621m/Desktop/vietanhpaper-2/algorithms/dqn_pso/globalPathPlanningDQNPSO.m',15,0)">line 15</a>)
In <a href="matlab:matlab.lang.internal.introspective.errorDocCallback('callGlobalPlanningAlgorithm', '/Users/hust-hwashin621m/Desktop/vietanhpaper-2/algorithms/callGlobalPlanningAlgorithm.m', 212)" style="font-weight:bold">callGlobalPlanningAlgorithm</a> (<a href="matlab: opentoline('/Users/hust-hwashin621m/Desktop/vietanhpaper-2/algorithms/callGlobalPlanningAlgorithm.m',212,0)">line 212</a>)
In <a href="matlab:matlab.lang.internal.introspective.errorDocCallback('directGlobalPlanning', '/Users/hust-hwashin621m/Desktop/vietanhpaper-2/shared/path_planning/directGlobalPlanning.m', 59)" style="font-weight:bold">directGlobalPlanning</a> (<a href="matlab: opentoline('/Users/hust-hwashin621m/Desktop/vietanhpaper-2/shared/path_planning/directGlobalPlanning.m',59,0)">line 59</a>)
In <a href="matlab:matlab.lang.internal.introspective.errorDocCallback('run_comparison>@(varargin)directGlobalPlanning(varargin{:})', '/Users/hust-hwashin621m/Desktop/vietanhpaper-2/run_comparison.m', 282)" style="font-weight:bold">run_comparison>@(varargin)directGlobalPlanning(varargin{:})</a> (<a href="matlab: opentoline('/Users/hust-hwashin621m/Desktop/vietanhpaper-2/run_comparison.m',282,0)">line 282</a>)
In <a href="matlab:matlab.lang.internal.introspective.errorDocCallback('compare_algorithms>runAlgorithmBatch', '/Users/hust-hwashin621m/Desktop/vietanhpaper-2/scripts/compare_algorithms.m', 139)" style="font-weight:bold">compare_algorithms>runAlgorithmBatch</a> (<a href="matlab: opentoline('/Users/hust-hwashin621m/Desktop/vietanhpaper-2/scripts/compare_algorithms.m',139,0)">line 139</a>)
Starting DQN-PSO (HMM + DQN) - Mode: global
DQN-PSO iter 50/600 | Fitness: 2242.66 | w=0.393 c1=2.500 c2=0.500
[ACTION DEBUG iter 600] Raw action[1:3]: [0.4549, 0.5509, 0.9757], noise: 0.0500
[ACTION DEBUG iter 600] WARNING: 2/20 actions clipped (network saturating)
[RLAMPSO DEBUG iter 600] w=0.4769, c1=1.3000, c2=0.5599 | fitness=1753.99
[REWARD DEBUG iter 600] FitnessImprovement: 0.0000 → Reward: -1.0000 (prevFit=1753.99, currFit=1753.99)
[ACTION DEBUG iter 600] Raw action[1:3]: [-0.9731, -0.4790, -0.9907], noise: 0.0500
[ACTION DEBUG iter 600] WARNING: 2/20 actions clipped (network saturating)
[RLAMPSO DEBUG iter 600] w=0.4374, c1=1.7000, c2=1.4011 | fitness=1658.63
[REWARD DEBUG iter 600] FitnessImprovement: 0.0000 → Reward: -1.0000 (prevFit=1658.63, currFit=1658.63)

========== Planning Complete ==========
Algorithm: RLAMPSO
Execution time: 20.7595 seconds
Path length: 158.1307 units
Waypoints: 7
Best fitness: 1658.6348
========================================


========== Direct Global Planning ==========
Algorithm: DQN_PSO
Start: [10.0, 95.0, 10.0]
Goal:  [97.0, 2.0, 10.0]
============================================

Warning: DQN-PSO (paper) is homogeneous; forcing paramMode to global.
> In <a href="matlab:matlab.lang.internal.introspective.errorDocCallback('globalPathPlanningDQNPSO', '/Users/hust-hwashin621m/Desktop/vietanhpaper-2/algorithms/dqn_pso/globalPathPlanningDQNPSO.m', 15)" style="font-weight:bold">globalPathPlanningDQNPSO</a> (<a href="matlab: opentoline('/Users/hust-hwashin621m/Desktop/vietanhpaper-2/algorithms/dqn_pso/globalPathPlanningDQNPSO.m',15,0)">line 15</a>)
In <a href="matlab:matlab.lang.internal.introspective.errorDocCallback('callGlobalPlanningAlgorithm', '/Users/hust-hwashin621m/Desktop/vietanhpaper-2/algorithms/callGlobalPlanningAlgorithm.m', 212)" style="font-weight:bold">callGlobalPlanningAlgorithm</a> (<a href="matlab: opentoline('/Users/hust-hwashin621m/Desktop/vietanhpaper-2/algorithms/callGlobalPlanningAlgorithm.m',212,0)">line 212</a>)
In <a href="matlab:matlab.lang.internal.introspective.errorDocCallback('directGlobalPlanning', '/Users/hust-hwashin621m/Desktop/vietanhpaper-2/shared/path_planning/directGlobalPlanning.m', 59)" style="font-weight:bold">directGlobalPlanning</a> (<a href="matlab: opentoline('/Users/hust-hwashin621m/Desktop/vietanhpaper-2/shared/path_planning/directGlobalPlanning.m',59,0)">line 59</a>)
In <a href="matlab:matlab.lang.internal.introspective.errorDocCallback('run_comparison>@(varargin)directGlobalPlanning(varargin{:})', '/Users/hust-hwashin621m/Desktop/vietanhpaper-2/run_comparison.m', 282)" style="font-weight:bold">run_comparison>@(varargin)directGlobalPlanning(varargin{:})</a> (<a href="matlab: opentoline('/Users/hust-hwashin621m/Desktop/vietanhpaper-2/run_comparison.m',282,0)">line 282</a>)
In <a href="matlab:matlab.lang.internal.introspective.errorDocCallback('compare_algorithms>runAlgorithmBatch', '/Users/hust-hwashin621m/Desktop/vietanhpaper-2/scripts/compare_algorithms.m', 139)" style="font-weight:bold">compare_algorithms>runAlgorithmBatch</a> (<a href="matlab: opentoline('/Users/hust-hwashin621m/Desktop/vietanhpaper-2/scripts/compare_algorithms.m',139,0)">line 139</a>)
Starting DQN-PSO (HMM + DQN) - Mode: global
[ACTION DEBUG iter 600] Raw action[1:3]: [-0.5227, -0.9340, 0.6738], noise: 0.0500
[ACTION DEBUG iter 600] WARNING: 1/20 actions clipped (network saturating)
[RLAMPSO DEBUG iter 600] w=0.3672, c1=1.2019, c2=1.1643 | fitness=1756.50
[REWARD DEBUG iter 600] FitnessImprovement: 0.0000 → Reward: -1.0000 (prevFit=1756.50, currFit=1756.50)

========== Planning Complete ==========
Algorithm: RLAMPSO
Execution time: 20.4867 seconds
Path length: 178.7780 units
Waypoints: 7
Best fitness: 1756.5017
========================================


========== Direct Global Planning ==========
Algorithm: DQN_PSO
Start: [10.0, 95.0, 10.0]
Goal:  [97.0, 2.0, 10.0]
============================================

Warning: DQN-PSO (paper) is homogeneous; forcing paramMode to global.
> In <a href="matlab:matlab.lang.internal.introspective.errorDocCallback('globalPathPlanningDQNPSO', '/Users/hust-hwashin621m/Desktop/vietanhpaper-2/algorithms/dqn_pso/globalPathPlanningDQNPSO.m', 15)" style="font-weight:bold">globalPathPlanningDQNPSO</a> (<a href="matlab: opentoline('/Users/hust-hwashin621m/Desktop/vietanhpaper-2/algorithms/dqn_pso/globalPathPlanningDQNPSO.m',15,0)">line 15</a>)
In <a href="matlab:matlab.lang.internal.introspective.errorDocCallback('callGlobalPlanningAlgorithm', '/Users/hust-hwashin621m/Desktop/vietanhpaper-2/algorithms/callGlobalPlanningAlgorithm.m', 212)" style="font-weight:bold">callGlobalPlanningAlgorithm</a> (<a href="matlab: opentoline('/Users/hust-hwashin621m/Desktop/vietanhpaper-2/algorithms/callGlobalPlanningAlgorithm.m',212,0)">line 212</a>)
In <a href="matlab:matlab.lang.internal.introspective.errorDocCallback('directGlobalPlanning', '/Users/hust-hwashin621m/Desktop/vietanhpaper-2/shared/path_planning/directGlobalPlanning.m', 59)" style="font-weight:bold">directGlobalPlanning</a> (<a href="matlab: opentoline('/Users/hust-hwashin621m/Desktop/vietanhpaper-2/shared/path_planning/directGlobalPlanning.m',59,0)">line 59</a>)
In <a href="matlab:matlab.lang.internal.introspective.errorDocCallback('run_comparison>@(varargin)directGlobalPlanning(varargin{:})', '/Users/hust-hwashin621m/Desktop/vietanhpaper-2/run_comparison.m', 282)" style="font-weight:bold">run_comparison>@(varargin)directGlobalPlanning(varargin{:})</a> (<a href="matlab: opentoline('/Users/hust-hwashin621m/Desktop/vietanhpaper-2/run_comparison.m',282,0)">line 282</a>)
In <a href="matlab:matlab.lang.internal.introspective.errorDocCallback('compare_algorithms>runAlgorithmBatch', '/Users/hust-hwashin621m/Desktop/vietanhpaper-2/scripts/compare_algorithms.m', 139)" style="font-weight:bold">compare_algorithms>runAlgorithmBatch</a> (<a href="matlab: opentoline('/Users/hust-hwashin621m/Desktop/vietanhpaper-2/scripts/compare_algorithms.m',139,0)">line 139</a>)
Starting DQN-PSO (HMM + DQN) - Mode: global

========== Planning Complete ==========
Algorithm: RLAMPSO
Execution time: 20.8674 seconds
Path length: 194.0912 units
Waypoints: 7
Best fitness: 1753.9938
========================================


========== Direct Global Planning ==========
Algorithm: DQN_PSO
Start: [10.0, 95.0, 10.0]
Goal:  [97.0, 2.0, 10.0]
============================================

Warning: DQN-PSO (paper) is homogeneous; forcing paramMode to global.
> In <a href="matlab:matlab.lang.internal.introspective.errorDocCallback('globalPathPlanningDQNPSO', '/Users/hust-hwashin621m/Desktop/vietanhpaper-2/algorithms/dqn_pso/globalPathPlanningDQNPSO.m', 15)" style="font-weight:bold">globalPathPlanningDQNPSO</a> (<a href="matlab: opentoline('/Users/hust-hwashin621m/Desktop/vietanhpaper-2/algorithms/dqn_pso/globalPathPlanningDQNPSO.m',15,0)">line 15</a>)
In <a href="matlab:matlab.lang.internal.introspective.errorDocCallback('callGlobalPlanningAlgorithm', '/Users/hust-hwashin621m/Desktop/vietanhpaper-2/algorithms/callGlobalPlanningAlgorithm.m', 212)" style="font-weight:bold">callGlobalPlanningAlgorithm</a> (<a href="matlab: opentoline('/Users/hust-hwashin621m/Desktop/vietanhpaper-2/algorithms/callGlobalPlanningAlgorithm.m',212,0)">line 212</a>)
In <a href="matlab:matlab.lang.internal.introspective.errorDocCallback('directGlobalPlanning', '/Users/hust-hwashin621m/Desktop/vietanhpaper-2/shared/path_planning/directGlobalPlanning.m', 59)" style="font-weight:bold">directGlobalPlanning</a> (<a href="matlab: opentoline('/Users/hust-hwashin621m/Desktop/vietanhpaper-2/shared/path_planning/directGlobalPlanning.m',59,0)">line 59</a>)
In <a href="matlab:matlab.lang.internal.introspective.errorDocCallback('run_comparison>@(varargin)directGlobalPlanning(varargin{:})', '/Users/hust-hwashin621m/Desktop/vietanhpaper-2/run_comparison.m', 282)" style="font-weight:bold">run_comparison>@(varargin)directGlobalPlanning(varargin{:})</a> (<a href="matlab: opentoline('/Users/hust-hwashin621m/Desktop/vietanhpaper-2/run_comparison.m',282,0)">line 282</a>)
In <a href="matlab:matlab.lang.internal.introspective.errorDocCallback('compare_algorithms>runAlgorithmBatch', '/Users/hust-hwashin621m/Desktop/vietanhpaper-2/scripts/compare_algorithms.m', 139)" style="font-weight:bold">compare_algorithms>runAlgorithmBatch</a> (<a href="matlab: opentoline('/Users/hust-hwashin621m/Desktop/vietanhpaper-2/scripts/compare_algorithms.m',139,0)">line 139</a>)
Starting DQN-PSO (HMM + DQN) - Mode: global
DQN-PSO iter 50/600 | Fitness: 2133.11 | w=0.400 c1=2.500 c2=0.500
DQN-PSO iter 50/600 | Fitness: 2201.19 | w=0.748 c1=2.000 c2=1.000
[ACTION DEBUG iter 600] Raw action[1:3]: [0.5208, -0.0826, 0.0788], noise: 0.0500
[RLAMPSO DEBUG iter 600] w=0.5014, c1=1.3000, c2=1.7000 | fitness=1764.85
[REWARD DEBUG iter 600] FitnessImprovement: 0.0000 → Reward: -1.0000 (prevFit=1764.85, currFit=1764.85)

========== Planning Complete ==========
Algorithm: RLAMPSO
Execution time: 21.3822 seconds
Path length: 163.1457 units
Waypoints: 7
Best fitness: 1764.8454
========================================


========== Direct Global Planning ==========
Algorithm: DQN_PSO
Start: [10.0, 95.0, 10.0]
Goal:  [97.0, 2.0, 10.0]
============================================

Warning: DQN-PSO (paper) is homogeneous; forcing paramMode to global.
> In <a href="matlab:matlab.lang.internal.introspective.errorDocCallback('globalPathPlanningDQNPSO', '/Users/hust-hwashin621m/Desktop/vietanhpaper-2/algorithms/dqn_pso/globalPathPlanningDQNPSO.m', 15)" style="font-weight:bold">globalPathPlanningDQNPSO</a> (<a href="matlab: opentoline('/Users/hust-hwashin621m/Desktop/vietanhpaper-2/algorithms/dqn_pso/globalPathPlanningDQNPSO.m',15,0)">line 15</a>)
In <a href="matlab:matlab.lang.internal.introspective.errorDocCallback('callGlobalPlanningAlgorithm', '/Users/hust-hwashin621m/Desktop/vietanhpaper-2/algorithms/callGlobalPlanningAlgorithm.m', 212)" style="font-weight:bold">callGlobalPlanningAlgorithm</a> (<a href="matlab: opentoline('/Users/hust-hwashin621m/Desktop/vietanhpaper-2/algorithms/callGlobalPlanningAlgorithm.m',212,0)">line 212</a>)
In <a href="matlab:matlab.lang.internal.introspective.errorDocCallback('directGlobalPlanning', '/Users/hust-hwashin621m/Desktop/vietanhpaper-2/shared/path_planning/directGlobalPlanning.m', 59)" style="font-weight:bold">directGlobalPlanning</a> (<a href="matlab: opentoline('/Users/hust-hwashin621m/Desktop/vietanhpaper-2/shared/path_planning/directGlobalPlanning.m',59,0)">line 59</a>)
In <a href="matlab:matlab.lang.internal.introspective.errorDocCallback('run_comparison>@(varargin)directGlobalPlanning(varargin{:})', '/Users/hust-hwashin621m/Desktop/vietanhpaper-2/run_comparison.m', 282)" style="font-weight:bold">run_comparison>@(varargin)directGlobalPlanning(varargin{:})</a> (<a href="matlab: opentoline('/Users/hust-hwashin621m/Desktop/vietanhpaper-2/run_comparison.m',282,0)">line 282</a>)
In <a href="matlab:matlab.lang.internal.introspective.errorDocCallback('compare_algorithms>runAlgorithmBatch', '/Users/hust-hwashin621m/Desktop/vietanhpaper-2/scripts/compare_algorithms.m', 139)" style="font-weight:bold">compare_algorithms>runAlgorithmBatch</a> (<a href="matlab: opentoline('/Users/hust-hwashin621m/Desktop/vietanhpaper-2/scripts/compare_algorithms.m',139,0)">line 139</a>)
Starting DQN-PSO (HMM + DQN) - Mode: global
DQN-PSO iter 50/600 | Fitness: 1851.73 | w=0.195 c1=0.600 c2=2.400
DQN-PSO iter 50/600 | Fitness: 2284.23 | w=0.900 c1=1.550 c2=1.450
DQN-PSO iter 50/600 | Fitness: 1744.56 | w=0.417 c1=1.950 c2=0.950
DQN-PSO iter 50/600 | Fitness: 2450.08 | w=0.305 c1=2.500 c2=0.500
DQN-PSO iter 50/600 | Fitness: 1760.89 | w=0.100 c1=2.200 c2=0.800
DQN-PSO iter 50/600 | Fitness: 1974.65 | w=0.106 c1=2.500 c2=0.500
DQN-PSO iter 100/600 | Fitness: 1649.18 | w=0.900 c1=2.500 c2=0.500
DQN-PSO iter 50/600 | Fitness: 1609.64 | w=0.100 c1=0.900 c2=2.200
DQN-PSO iter 50/600 | Fitness: 1877.66 | w=0.418 c1=2.350 c2=0.650
DQN-PSO iter 50/600 | Fitness: 2181.16 | w=0.401 c1=2.500 c2=0.500
DQN-PSO iter 50/600 | Fitness: 1783.27 | w=0.900 c1=2.500 c2=0.500
DQN-PSO iter 100/600 | Fitness: 1789.49 | w=0.900 c1=2.500 c2=0.500
DQN-PSO iter 100/600 | Fitness: 2063.41 | w=0.326 c1=2.500 c2=0.500
DQN-PSO iter 100/600 | Fitness: 2084.26 | w=0.100 c1=2.400 c2=0.600
DQN-PSO iter 100/600 | Fitness: 1791.45 | w=0.100 c1=0.700 c2=2.400
DQN-PSO iter 100/600 | Fitness: 2207.91 | w=0.100 c1=0.500 c2=2.500
DQN-PSO iter 100/600 | Fitness: 1740.77 | w=0.900 c1=2.300 c2=0.700
DQN-PSO iter 100/600 | Fitness: 1719.72 | w=0.100 c1=2.400 c2=0.600
DQN-PSO iter 100/600 | Fitness: 2440.51 | w=0.900 c1=2.500 c2=0.500
DQN-PSO iter 100/600 | Fitness: 1892.35 | w=0.900 c1=2.500 c2=0.500
DQN-PSO iter 150/600 | Fitness: 1597.08 | w=0.900 c1=2.500 c2=0.500
DQN-PSO iter 100/600 | Fitness: 1841.17 | w=0.850 c1=2.500 c2=0.500
DQN-PSO iter 100/600 | Fitness: 2175.01 | w=0.900 c1=2.500 c2=0.550
DQN-PSO iter 100/600 | Fitness: 1587.75 | w=0.100 c1=0.500 c2=2.500
DQN-PSO iter 100/600 | Fitness: 1768.06 | w=0.100 c1=2.400 c2=0.600
DQN-PSO iter 150/600 | Fitness: 1648.18 | w=0.900 c1=2.500 c2=0.500
DQN-PSO iter 150/600 | Fitness: 2023.15 | w=0.324 c1=2.500 c2=0.500
DQN-PSO iter 150/600 | Fitness: 2012.38 | w=0.900 c1=2.500 c2=0.500
DQN-PSO iter 150/600 | Fitness: 1786.71 | w=0.100 c1=0.500 c2=2.500
DQN-PSO iter 150/600 | Fitness: 1882.26 | w=0.159 c1=2.500 c2=0.500
DQN-PSO iter 150/600 | Fitness: 1738.68 | w=0.100 c1=2.400 c2=0.600
DQN-PSO iter 150/600 | Fitness: 2197.21 | w=0.100 c1=0.550 c2=2.450
DQN-PSO iter 150/600 | Fitness: 1712.32 | w=0.476 c1=2.500 c2=0.500
DQN-PSO iter 200/600 | Fitness: 1593.36 | w=0.407 c1=2.500 c2=0.500
DQN-PSO iter 150/600 | Fitness: 2439.01 | w=0.900 c1=2.500 c2=0.500
DQN-PSO iter 150/600 | Fitness: 1587.44 | w=0.400 c1=0.600 c2=2.450
DQN-PSO iter 150/600 | Fitness: 1835.27 | w=0.900 c1=2.500 c2=0.500
DQN-PSO iter 150/600 | Fitness: 2123.18 | w=0.100 c1=2.400 c2=0.600
DQN-PSO iter 150/600 | Fitness: 1740.39 | w=0.536 c1=2.500 c2=0.500
DQN-PSO iter 200/600 | Fitness: 1597.89 | w=0.900 c1=2.500 c2=0.500
DQN-PSO iter 200/600 | Fitness: 1960.07 | w=0.632 c1=2.500 c2=0.500
DQN-PSO iter 200/600 | Fitness: 2004.52 | w=0.100 c1=2.300 c2=0.700
DQN-PSO iter 200/600 | Fitness: 1786.14 | w=0.393 c1=0.600 c2=2.400
DQN-PSO iter 200/600 | Fitness: 1712.04 | w=0.424 c1=2.300 c2=0.750
DQN-PSO iter 200/600 | Fitness: 1738.44 | w=0.900 c1=2.500 c2=0.500
DQN-PSO iter 200/600 | Fitness: 2180.19 | w=0.100 c1=0.500 c2=2.500
DQN-PSO iter 200/600 | Fitness: 1872.72 | w=0.472 c1=2.500 c2=0.500
DQN-PSO iter 250/600 | Fitness: 1573.97 | w=0.516 c1=2.500 c2=0.500
DQN-PSO iter 200/600 | Fitness: 2398.26 | w=0.842 c1=2.500 c2=0.500
DQN-PSO iter 200/600 | Fitness: 1587.43 | w=0.100 c1=0.500 c2=2.500
DQN-PSO iter 200/600 | Fitness: 1835.26 | w=0.458 c1=2.500 c2=0.500
DQN-PSO iter 200/600 | Fitness: 2123.07 | w=0.707 c1=2.500 c2=0.500
DQN-PSO iter 200/600 | Fitness: 1677.18 | w=0.450 c1=2.500 c2=0.500
DQN-PSO iter 250/600 | Fitness: 1588.40 | w=0.900 c1=2.350 c2=0.500
DQN-PSO iter 250/600 | Fitness: 1934.17 | w=0.412 c1=2.500 c2=0.500
DQN-PSO iter 250/600 | Fitness: 1785.17 | w=0.100 c1=0.550 c2=2.400
DQN-PSO iter 250/600 | Fitness: 2004.44 | w=0.900 c1=2.400 c2=0.600
DQN-PSO iter 250/600 | Fitness: 1738.41 | w=0.746 c1=2.500 c2=0.500
DQN-PSO iter 250/600 | Fitness: 1872.71 | w=0.100 c1=2.400 c2=0.600
DQN-PSO iter 250/600 | Fitness: 1712.03 | w=0.335 c1=2.500 c2=0.500
DQN-PSO iter 300/600 | Fitness: 1561.98 | w=0.900 c1=2.450 c2=0.500
DQN-PSO iter 250/600 | Fitness: 2180.00 | w=0.100 c1=0.750 c2=2.200
DQN-PSO iter 250/600 | Fitness: 2392.13 | w=0.599 c1=2.500 c2=0.500
DQN-PSO iter 250/600 | Fitness: 1835.26 | w=0.569 c1=2.500 c2=0.500
DQN-PSO iter 250/600 | Fitness: 2116.74 | w=0.900 c1=2.500 c2=0.500
DQN-PSO iter 250/600 | Fitness: 1587.43 | w=0.100 c1=0.750 c2=2.400
DQN-PSO iter 250/600 | Fitness: 1655.68 | w=0.900 c1=2.500 c2=0.500
DQN-PSO iter 300/600 | Fitness: 1581.51 | w=0.900 c1=2.450 c2=0.500
DQN-PSO iter 300/600 | Fitness: 1932.11 | w=0.166 c1=2.500 c2=0.500
DQN-PSO iter 300/600 | Fitness: 1785.04 | w=0.100 c1=0.500 c2=2.500
DQN-PSO iter 300/600 | Fitness: 2004.40 | w=0.708 c1=2.500 c2=0.500
DQN-PSO iter 300/600 | Fitness: 1871.03 | w=0.900 c1=2.500 c2=0.500
DQN-PSO iter 350/600 | Fitness: 1554.41 | w=0.401 c1=2.500 c2=0.500
DQN-PSO iter 300/600 | Fitness: 2179.99 | w=0.100 c1=0.500 c2=2.500
DQN-PSO iter 300/600 | Fitness: 1835.26 | w=0.436 c1=2.500 c2=0.500
DQN-PSO iter 300/600 | Fitness: 2380.93 | w=0.100 c1=2.400 c2=0.600
DQN-PSO iter 300/600 | Fitness: 1738.29 | w=0.100 c1=2.400 c2=0.600
DQN-PSO iter 300/600 | Fitness: 1712.03 | w=0.900 c1=2.450 c2=0.500
DQN-PSO iter 300/600 | Fitness: 2108.31 | w=0.100 c1=2.400 c2=0.650
DQN-PSO iter 300/600 | Fitness: 1586.59 | w=0.100 c1=0.500 c2=2.450
DQN-PSO iter 300/600 | Fitness: 1647.83 | w=0.900 c1=2.500 c2=0.500
DQN-PSO iter 350/600 | Fitness: 1579.47 | w=0.900 c1=2.500 c2=0.500
DQN-PSO iter 350/600 | Fitness: 1928.78 | w=0.720 c1=2.500 c2=0.500
DQN-PSO iter 350/600 | Fitness: 1785.00 | w=0.100 c1=0.500 c2=2.500
DQN-PSO iter 350/600 | Fitness: 2004.40 | w=0.855 c1=2.500 c2=0.500
DQN-PSO iter 400/600 | Fitness: 1548.83 | w=0.900 c1=2.500 c2=0.500
DQN-PSO iter 350/600 | Fitness: 2179.99 | w=0.100 c1=0.500 c2=2.500
DQN-PSO iter 350/600 | Fitness: 1738.29 | w=0.100 c1=2.400 c2=0.600
DQN-PSO iter 350/600 | Fitness: 1835.26 | w=0.433 c1=2.500 c2=0.500
DQN-PSO iter 350/600 | Fitness: 1712.03 | w=0.900 c1=2.250 c2=0.700
DQN-PSO iter 350/600 | Fitness: 2378.42 | w=0.400 c1=2.500 c2=0.550
DQN-PSO iter 350/600 | Fitness: 1870.54 | w=0.900 c1=2.500 c2=0.500
DQN-PSO iter 350/600 | Fitness: 2108.31 | w=0.497 c1=2.500 c2=0.500
DQN-PSO iter 350/600 | Fitness: 1586.59 | w=0.100 c1=0.650 c2=2.400
DQN-PSO iter 350/600 | Fitness: 1642.16 | w=0.867 c1=2.500 c2=0.500
DQN-PSO iter 400/600 | Fitness: 1579.42 | w=0.400 c1=2.400 c2=0.550
DQN-PSO iter 400/600 | Fitness: 1925.30 | w=0.900 c1=2.450 c2=0.500
DQN-PSO iter 400/600 | Fitness: 1784.73 | w=0.100 c1=0.650 c2=2.450
DQN-PSO iter 400/600 | Fitness: 2004.40 | w=0.900 c1=2.500 c2=0.500
DQN-PSO iter 450/600 | Fitness: 1547.76 | w=0.900 c1=2.500 c2=0.500
DQN-PSO iter 400/600 | Fitness: 1835.24 | w=0.869 c1=2.500 c2=0.500
DQN-PSO iter 400/600 | Fitness: 2179.99 | w=0.100 c1=0.900 c2=2.100
DQN-PSO iter 400/600 | Fitness: 1870.52 | w=0.709 c1=2.500 c2=0.500
DQN-PSO iter 400/600 | Fitness: 1712.03 | w=0.762 c1=2.500 c2=0.500
DQN-PSO iter 400/600 | Fitness: 2377.49 | w=0.900 c1=2.500 c2=0.500
DQN-PSO iter 400/600 | Fitness: 1738.28 | w=0.900 c1=2.450 c2=0.500
DQN-PSO iter 400/600 | Fitness: 2108.31 | w=0.837 c1=2.500 c2=0.500
DQN-PSO iter 400/600 | Fitness: 1586.14 | w=0.100 c1=0.550 c2=2.500
DQN-PSO iter 400/600 | Fitness: 1635.65 | w=0.856 c1=2.500 c2=0.500
DQN-PSO iter 450/600 | Fitness: 1579.40 | w=0.100 c1=2.400 c2=0.600
DQN-PSO iter 450/600 | Fitness: 1922.76 | w=0.122 c1=2.450 c2=0.500
DQN-PSO iter 500/600 | Fitness: 1547.65 | w=0.267 c1=2.500 c2=0.500
DQN-PSO iter 450/600 | Fitness: 1784.64 | w=0.900 c1=0.550 c2=2.400
DQN-PSO iter 450/600 | Fitness: 2004.40 | w=0.884 c1=2.500 c2=0.500
DQN-PSO iter 450/600 | Fitness: 1712.03 | w=0.100 c1=2.100 c2=0.950
DQN-PSO iter 450/600 | Fitness: 1835.22 | w=0.900 c1=2.500 c2=0.500
DQN-PSO iter 450/600 | Fitness: 1870.17 | w=0.900 c1=2.500 c2=0.500
DQN-PSO iter 450/600 | Fitness: 2375.54 | w=0.420 c1=2.400 c2=0.650
DQN-PSO iter 450/600 | Fitness: 2179.99 | w=0.100 c1=0.600 c2=2.500
DQN-PSO iter 450/600 | Fitness: 1738.16 | w=0.421 c1=2.250 c2=0.800
DQN-PSO iter 450/600 | Fitness: 2108.30 | w=0.510 c1=2.500 c2=0.500
DQN-PSO iter 450/600 | Fitness: 1586.12 | w=0.100 c1=0.550 c2=2.450
DQN-PSO iter 450/600 | Fitness: 1630.61 | w=0.100 c1=2.400 c2=0.600
DQN-PSO iter 500/600 | Fitness: 1576.96 | w=0.900 c1=2.500 c2=0.500
DQN-PSO iter 500/600 | Fitness: 1918.67 | w=0.402 c1=2.500 c2=0.550
DQN-PSO iter 500/600 | Fitness: 1784.64 | w=0.100 c1=0.500 c2=2.500
DQN-PSO iter 550/600 | Fitness: 1547.62 | w=0.115 c1=2.500 c2=0.500
DQN-PSO iter 500/600 | Fitness: 1712.03 | w=0.900 c1=2.350 c2=0.600
DQN-PSO iter 500/600 | Fitness: 2004.40 | w=0.677 c1=2.500 c2=0.500
DQN-PSO iter 500/600 | Fitness: 1870.10 | w=0.400 c1=2.500 c2=0.500
DQN-PSO iter 500/600 | Fitness: 2373.79 | w=0.401 c1=2.500 c2=0.500
DQN-PSO iter 500/600 | Fitness: 1835.21 | w=0.405 c1=2.500 c2=0.500
DQN-PSO iter 500/600 | Fitness: 1737.91 | w=0.100 c1=2.300 c2=0.650
DQN-PSO iter 500/600 | Fitness: 2179.99 | w=0.100 c1=0.850 c2=1.950
DQN-PSO iter 500/600 | Fitness: 2108.30 | w=0.900 c1=2.450 c2=0.550
DQN-PSO iter 500/600 | Fitness: 1586.12 | w=0.900 c1=0.700 c2=2.300
DQN-PSO iter 500/600 | Fitness: 1629.85 | w=0.400 c1=2.500 c2=0.500
DQN-PSO iter 550/600 | Fitness: 1573.38 | w=0.900 c1=2.500 c2=0.500
DQN-PSO iter 550/600 | Fitness: 1918.54 | w=0.900 c1=2.500 c2=0.500
DQN-PSO iter 550/600 | Fitness: 1784.64 | w=0.100 c1=0.600 c2=2.500
DQN-PSO iter 600/600 | Fitness: 1547.61 | w=0.235 c1=2.500 c2=0.500
DQN-PSO completed with final fitness: 1547.6144

========== Planning Complete ==========
Algorithm: DQN_PSO
Execution time: 66.5295 seconds
Path length: 149.3101 units
Waypoints: 7
Best fitness: 1547.6144
========================================


========== Direct Global Planning ==========
Algorithm: DQN_PSO
Start: [10.0, 95.0, 10.0]
Goal:  [97.0, 2.0, 10.0]
============================================

Warning: DQN-PSO (paper) is homogeneous; forcing paramMode to global.
> In <a href="matlab:matlab.lang.internal.introspective.errorDocCallback('globalPathPlanningDQNPSO', '/Users/hust-hwashin621m/Desktop/vietanhpaper-2/algorithms/dqn_pso/globalPathPlanningDQNPSO.m', 15)" style="font-weight:bold">globalPathPlanningDQNPSO</a> (<a href="matlab: opentoline('/Users/hust-hwashin621m/Desktop/vietanhpaper-2/algorithms/dqn_pso/globalPathPlanningDQNPSO.m',15,0)">line 15</a>)
In <a href="matlab:matlab.lang.internal.introspective.errorDocCallback('callGlobalPlanningAlgorithm', '/Users/hust-hwashin621m/Desktop/vietanhpaper-2/algorithms/callGlobalPlanningAlgorithm.m', 212)" style="font-weight:bold">callGlobalPlanningAlgorithm</a> (<a href="matlab: opentoline('/Users/hust-hwashin621m/Desktop/vietanhpaper-2/algorithms/callGlobalPlanningAlgorithm.m',212,0)">line 212</a>)
In <a href="matlab:matlab.lang.internal.introspective.errorDocCallback('directGlobalPlanning', '/Users/hust-hwashin621m/Desktop/vietanhpaper-2/shared/path_planning/directGlobalPlanning.m', 59)" style="font-weight:bold">directGlobalPlanning</a> (<a href="matlab: opentoline('/Users/hust-hwashin621m/Desktop/vietanhpaper-2/shared/path_planning/directGlobalPlanning.m',59,0)">line 59</a>)
In <a href="matlab:matlab.lang.internal.introspective.errorDocCallback('run_comparison>@(varargin)directGlobalPlanning(varargin{:})', '/Users/hust-hwashin621m/Desktop/vietanhpaper-2/run_comparison.m', 282)" style="font-weight:bold">run_comparison>@(varargin)directGlobalPlanning(varargin{:})</a> (<a href="matlab: opentoline('/Users/hust-hwashin621m/Desktop/vietanhpaper-2/run_comparison.m',282,0)">line 282</a>)
In <a href="matlab:matlab.lang.internal.introspective.errorDocCallback('compare_algorithms>runAlgorithmBatch', '/Users/hust-hwashin621m/Desktop/vietanhpaper-2/scripts/compare_algorithms.m', 139)" style="font-weight:bold">compare_algorithms>runAlgorithmBatch</a> (<a href="matlab: opentoline('/Users/hust-hwashin621m/Desktop/vietanhpaper-2/scripts/compare_algorithms.m',139,0)">line 139</a>)
Starting DQN-PSO (HMM + DQN) - Mode: global
DQN-PSO iter 550/600 | Fitness: 2004.40 | w=0.100 c1=2.400 c2=0.600
DQN-PSO iter 550/600 | Fitness: 2373.43 | w=0.900 c1=2.500 c2=0.500
DQN-PSO iter 550/600 | Fitness: 2179.99 | w=0.100 c1=0.500 c2=2.500
DQN-PSO iter 550/600 | Fitness: 1835.21 | w=0.506 c1=2.500 c2=0.500
DQN-PSO iter 550/600 | Fitness: 1870.10 | w=0.522 c1=2.500 c2=0.500
DQN-PSO iter 550/600 | Fitness: 1712.03 | w=0.100 c1=2.400 c2=0.600
DQN-PSO iter 550/600 | Fitness: 2108.30 | w=0.492 c1=2.500 c2=0.500
DQN-PSO iter 550/600 | Fitness: 1737.91 | w=0.900 c1=2.500 c2=0.500
DQN-PSO iter 550/600 | Fitness: 1586.11 | w=0.900 c1=0.550 c2=2.400
DQN-PSO iter 550/600 | Fitness: 1629.49 | w=0.100 c1=2.400 c2=0.600
DQN-PSO iter 50/600 | Fitness: 2009.26 | w=0.404 c1=2.500 c2=0.500
DQN-PSO iter 600/600 | Fitness: 1570.98 | w=0.279 c1=2.500 c2=0.500
DQN-PSO completed with final fitness: 1570.9752

========== Planning Complete ==========
Algorithm: DQN_PSO
Execution time: 68.0609 seconds
Path length: 151.0393 units
Waypoints: 7
Best fitness: 1570.9752
========================================


========== Direct Global Planning ==========
Algorithm: DQN_PSO
Start: [10.0, 95.0, 10.0]
Goal:  [97.0, 2.0, 10.0]
============================================

Warning: DQN-PSO (paper) is homogeneous; forcing paramMode to global.
> In <a href="matlab:matlab.lang.internal.introspective.errorDocCallback('globalPathPlanningDQNPSO', '/Users/hust-hwashin621m/Desktop/vietanhpaper-2/algorithms/dqn_pso/globalPathPlanningDQNPSO.m', 15)" style="font-weight:bold">globalPathPlanningDQNPSO</a> (<a href="matlab: opentoline('/Users/hust-hwashin621m/Desktop/vietanhpaper-2/algorithms/dqn_pso/globalPathPlanningDQNPSO.m',15,0)">line 15</a>)
In <a href="matlab:matlab.lang.internal.introspective.errorDocCallback('callGlobalPlanningAlgorithm', '/Users/hust-hwashin621m/Desktop/vietanhpaper-2/algorithms/callGlobalPlanningAlgorithm.m', 212)" style="font-weight:bold">callGlobalPlanningAlgorithm</a> (<a href="matlab: opentoline('/Users/hust-hwashin621m/Desktop/vietanhpaper-2/algorithms/callGlobalPlanningAlgorithm.m',212,0)">line 212</a>)
In <a href="matlab:matlab.lang.internal.introspective.errorDocCallback('directGlobalPlanning', '/Users/hust-hwashin621m/Desktop/vietanhpaper-2/shared/path_planning/directGlobalPlanning.m', 59)" style="font-weight:bold">directGlobalPlanning</a> (<a href="matlab: opentoline('/Users/hust-hwashin621m/Desktop/vietanhpaper-2/shared/path_planning/directGlobalPlanning.m',59,0)">line 59</a>)
In <a href="matlab:matlab.lang.internal.introspective.errorDocCallback('run_comparison>@(varargin)directGlobalPlanning(varargin{:})', '/Users/hust-hwashin621m/Desktop/vietanhpaper-2/run_comparison.m', 282)" style="font-weight:bold">run_comparison>@(varargin)directGlobalPlanning(varargin{:})</a> (<a href="matlab: opentoline('/Users/hust-hwashin621m/Desktop/vietanhpaper-2/run_comparison.m',282,0)">line 282</a>)
In <a href="matlab:matlab.lang.internal.introspective.errorDocCallback('compare_algorithms>runAlgorithmBatch', '/Users/hust-hwashin621m/Desktop/vietanhpaper-2/scripts/compare_algorithms.m', 139)" style="font-weight:bold">compare_algorithms>runAlgorithmBatch</a> (<a href="matlab: opentoline('/Users/hust-hwashin621m/Desktop/vietanhpaper-2/scripts/compare_algorithms.m',139,0)">line 139</a>)
Starting DQN-PSO (HMM + DQN) - Mode: global
DQN-PSO iter 600/600 | Fitness: 1918.45 | w=0.100 c1=2.300 c2=0.700
DQN-PSO completed with final fitness: 1918.4521

========== Planning Complete ==========
Algorithm: DQN_PSO
Execution time: 67.9472 seconds
Path length: 207.0028 units
Waypoints: 7
Best fitness: 1918.4521
========================================


========== Direct Global Planning ==========
Algorithm: DQN_PSO
Start: [10.0, 95.0, 10.0]
Goal:  [97.0, 2.0, 10.0]
============================================

Warning: DQN-PSO (paper) is homogeneous; forcing paramMode to global.
> In <a href="matlab:matlab.lang.internal.introspective.errorDocCallback('globalPathPlanningDQNPSO', '/Users/hust-hwashin621m/Desktop/vietanhpaper-2/algorithms/dqn_pso/globalPathPlanningDQNPSO.m', 15)" style="font-weight:bold">globalPathPlanningDQNPSO</a> (<a href="matlab: opentoline('/Users/hust-hwashin621m/Desktop/vietanhpaper-2/algorithms/dqn_pso/globalPathPlanningDQNPSO.m',15,0)">line 15</a>)
In <a href="matlab:matlab.lang.internal.introspective.errorDocCallback('callGlobalPlanningAlgorithm', '/Users/hust-hwashin621m/Desktop/vietanhpaper-2/algorithms/callGlobalPlanningAlgorithm.m', 212)" style="font-weight:bold">callGlobalPlanningAlgorithm</a> (<a href="matlab: opentoline('/Users/hust-hwashin621m/Desktop/vietanhpaper-2/algorithms/callGlobalPlanningAlgorithm.m',212,0)">line 212</a>)
In <a href="matlab:matlab.lang.internal.introspective.errorDocCallback('directGlobalPlanning', '/Users/hust-hwashin621m/Desktop/vietanhpaper-2/shared/path_planning/directGlobalPlanning.m', 59)" style="font-weight:bold">directGlobalPlanning</a> (<a href="matlab: opentoline('/Users/hust-hwashin621m/Desktop/vietanhpaper-2/shared/path_planning/directGlobalPlanning.m',59,0)">line 59</a>)
In <a href="matlab:matlab.lang.internal.introspective.errorDocCallback('run_comparison>@(varargin)directGlobalPlanning(varargin{:})', '/Users/hust-hwashin621m/Desktop/vietanhpaper-2/run_comparison.m', 282)" style="font-weight:bold">run_comparison>@(varargin)directGlobalPlanning(varargin{:})</a> (<a href="matlab: opentoline('/Users/hust-hwashin621m/Desktop/vietanhpaper-2/run_comparison.m',282,0)">line 282</a>)
In <a href="matlab:matlab.lang.internal.introspective.errorDocCallback('compare_algorithms>runAlgorithmBatch', '/Users/hust-hwashin621m/Desktop/vietanhpaper-2/scripts/compare_algorithms.m', 139)" style="font-weight:bold">compare_algorithms>runAlgorithmBatch</a> (<a href="matlab: opentoline('/Users/hust-hwashin621m/Desktop/vietanhpaper-2/scripts/compare_algorithms.m',139,0)">line 139</a>)
Starting DQN-PSO (HMM + DQN) - Mode: global
DQN-PSO iter 600/600 | Fitness: 1784.64 | w=0.890 c1=1.050 c2=1.800
DQN-PSO completed with final fitness: 1784.6414

========== Planning Complete ==========
Algorithm: DQN_PSO
Execution time: 67.4211 seconds
Path length: 215.2828 units
Waypoints: 7
Best fitness: 1784.6414
========================================


========== Direct Global Planning ==========
Algorithm: DQN_PSO
Start: [10.0, 95.0, 10.0]
Goal:  [97.0, 2.0, 10.0]
============================================

Warning: DQN-PSO (paper) is homogeneous; forcing paramMode to global.
> In <a href="matlab:matlab.lang.internal.introspective.errorDocCallback('globalPathPlanningDQNPSO', '/Users/hust-hwashin621m/Desktop/vietanhpaper-2/algorithms/dqn_pso/globalPathPlanningDQNPSO.m', 15)" style="font-weight:bold">globalPathPlanningDQNPSO</a> (<a href="matlab: opentoline('/Users/hust-hwashin621m/Desktop/vietanhpaper-2/algorithms/dqn_pso/globalPathPlanningDQNPSO.m',15,0)">line 15</a>)
In <a href="matlab:matlab.lang.internal.introspective.errorDocCallback('callGlobalPlanningAlgorithm', '/Users/hust-hwashin621m/Desktop/vietanhpaper-2/algorithms/callGlobalPlanningAlgorithm.m', 212)" style="font-weight:bold">callGlobalPlanningAlgorithm</a> (<a href="matlab: opentoline('/Users/hust-hwashin621m/Desktop/vietanhpaper-2/algorithms/callGlobalPlanningAlgorithm.m',212,0)">line 212</a>)
In <a href="matlab:matlab.lang.internal.introspective.errorDocCallback('directGlobalPlanning', '/Users/hust-hwashin621m/Desktop/vietanhpaper-2/shared/path_planning/directGlobalPlanning.m', 59)" style="font-weight:bold">directGlobalPlanning</a> (<a href="matlab: opentoline('/Users/hust-hwashin621m/Desktop/vietanhpaper-2/shared/path_planning/directGlobalPlanning.m',59,0)">line 59</a>)
In <a href="matlab:matlab.lang.internal.introspective.errorDocCallback('run_comparison>@(varargin)directGlobalPlanning(varargin{:})', '/Users/hust-hwashin621m/Desktop/vietanhpaper-2/run_comparison.m', 282)" style="font-weight:bold">run_comparison>@(varargin)directGlobalPlanning(varargin{:})</a> (<a href="matlab: opentoline('/Users/hust-hwashin621m/Desktop/vietanhpaper-2/run_comparison.m',282,0)">line 282</a>)
In <a href="matlab:matlab.lang.internal.introspective.errorDocCallback('compare_algorithms>runAlgorithmBatch', '/Users/hust-hwashin621m/Desktop/vietanhpaper-2/scripts/compare_algorithms.m', 139)" style="font-weight:bold">compare_algorithms>runAlgorithmBatch</a> (<a href="matlab: opentoline('/Users/hust-hwashin621m/Desktop/vietanhpaper-2/scripts/compare_algorithms.m',139,0)">line 139</a>)
Starting DQN-PSO (HMM + DQN) - Mode: global
DQN-PSO iter 600/600 | Fitness: 2004.40 | w=0.543 c1=2.350 c2=0.650
DQN-PSO completed with final fitness: 2004.3998

========== Planning Complete ==========
Algorithm: DQN_PSO
Execution time: 68.6724 seconds
Path length: 200.6389 units
Waypoints: 7
Best fitness: 2004.3998
========================================


========== Direct Global Planning ==========
Algorithm: DQN_PSO
Start: [10.0, 95.0, 10.0]
Goal:  [97.0, 2.0, 10.0]
============================================

Warning: DQN-PSO (paper) is homogeneous; forcing paramMode to global.
> In <a href="matlab:matlab.lang.internal.introspective.errorDocCallback('globalPathPlanningDQNPSO', '/Users/hust-hwashin621m/Desktop/vietanhpaper-2/algorithms/dqn_pso/globalPathPlanningDQNPSO.m', 15)" style="font-weight:bold">globalPathPlanningDQNPSO</a> (<a href="matlab: opentoline('/Users/hust-hwashin621m/Desktop/vietanhpaper-2/algorithms/dqn_pso/globalPathPlanningDQNPSO.m',15,0)">line 15</a>)
In <a href="matlab:matlab.lang.internal.introspective.errorDocCallback('callGlobalPlanningAlgorithm', '/Users/hust-hwashin621m/Desktop/vietanhpaper-2/algorithms/callGlobalPlanningAlgorithm.m', 212)" style="font-weight:bold">callGlobalPlanningAlgorithm</a> (<a href="matlab: opentoline('/Users/hust-hwashin621m/Desktop/vietanhpaper-2/algorithms/callGlobalPlanningAlgorithm.m',212,0)">line 212</a>)
In <a href="matlab:matlab.lang.internal.introspective.errorDocCallback('directGlobalPlanning', '/Users/hust-hwashin621m/Desktop/vietanhpaper-2/shared/path_planning/directGlobalPlanning.m', 59)" style="font-weight:bold">directGlobalPlanning</a> (<a href="matlab: opentoline('/Users/hust-hwashin621m/Desktop/vietanhpaper-2/shared/path_planning/directGlobalPlanning.m',59,0)">line 59</a>)
In <a href="matlab:matlab.lang.internal.introspective.errorDocCallback('run_comparison>@(varargin)directGlobalPlanning(varargin{:})', '/Users/hust-hwashin621m/Desktop/vietanhpaper-2/run_comparison.m', 282)" style="font-weight:bold">run_comparison>@(varargin)directGlobalPlanning(varargin{:})</a> (<a href="matlab: opentoline('/Users/hust-hwashin621m/Desktop/vietanhpaper-2/run_comparison.m',282,0)">line 282</a>)
In <a href="matlab:matlab.lang.internal.introspective.errorDocCallback('compare_algorithms>runAlgorithmBatch', '/Users/hust-hwashin621m/Desktop/vietanhpaper-2/scripts/compare_algorithms.m', 139)" style="font-weight:bold">compare_algorithms>runAlgorithmBatch</a> (<a href="matlab: opentoline('/Users/hust-hwashin621m/Desktop/vietanhpaper-2/scripts/compare_algorithms.m',139,0)">line 139</a>)
Starting DQN-PSO (HMM + DQN) - Mode: global
DQN-PSO iter 600/600 | Fitness: 1835.20 | w=0.900 c1=2.500 c2=0.500
DQN-PSO completed with final fitness: 1835.1973

========== Planning Complete ==========
Algorithm: DQN_PSO
Execution time: 66.7850 seconds
Path length: 158.1020 units
Waypoints: 7
Best fitness: 1835.1973
========================================


========== Direct Global Planning ==========
Algorithm: DQN_PSO
Start: [10.0, 95.0, 10.0]
Goal:  [97.0, 2.0, 10.0]
============================================

Warning: DQN-PSO (paper) is homogeneous; forcing paramMode to global.
> In <a href="matlab:matlab.lang.internal.introspective.errorDocCallback('globalPathPlanningDQNPSO', '/Users/hust-hwashin621m/Desktop/vietanhpaper-2/algorithms/dqn_pso/globalPathPlanningDQNPSO.m', 15)" style="font-weight:bold">globalPathPlanningDQNPSO</a> (<a href="matlab: opentoline('/Users/hust-hwashin621m/Desktop/vietanhpaper-2/algorithms/dqn_pso/globalPathPlanningDQNPSO.m',15,0)">line 15</a>)
In <a href="matlab:matlab.lang.internal.introspective.errorDocCallback('callGlobalPlanningAlgorithm', '/Users/hust-hwashin621m/Desktop/vietanhpaper-2/algorithms/callGlobalPlanningAlgorithm.m', 212)" style="font-weight:bold">callGlobalPlanningAlgorithm</a> (<a href="matlab: opentoline('/Users/hust-hwashin621m/Desktop/vietanhpaper-2/algorithms/callGlobalPlanningAlgorithm.m',212,0)">line 212</a>)
In <a href="matlab:matlab.lang.internal.introspective.errorDocCallback('directGlobalPlanning', '/Users/hust-hwashin621m/Desktop/vietanhpaper-2/shared/path_planning/directGlobalPlanning.m', 59)" style="font-weight:bold">directGlobalPlanning</a> (<a href="matlab: opentoline('/Users/hust-hwashin621m/Desktop/vietanhpaper-2/shared/path_planning/directGlobalPlanning.m',59,0)">line 59</a>)
In <a href="matlab:matlab.lang.internal.introspective.errorDocCallback('run_comparison>@(varargin)directGlobalPlanning(varargin{:})', '/Users/hust-hwashin621m/Desktop/vietanhpaper-2/run_comparison.m', 282)" style="font-weight:bold">run_comparison>@(varargin)directGlobalPlanning(varargin{:})</a> (<a href="matlab: opentoline('/Users/hust-hwashin621m/Desktop/vietanhpaper-2/run_comparison.m',282,0)">line 282</a>)
In <a href="matlab:matlab.lang.internal.introspective.errorDocCallback('compare_algorithms>runAlgorithmBatch', '/Users/hust-hwashin621m/Desktop/vietanhpaper-2/scripts/compare_algorithms.m', 139)" style="font-weight:bold">compare_algorithms>runAlgorithmBatch</a> (<a href="matlab: opentoline('/Users/hust-hwashin621m/Desktop/vietanhpaper-2/scripts/compare_algorithms.m',139,0)">line 139</a>)
Starting DQN-PSO (HMM + DQN) - Mode: global
DQN-PSO iter 600/600 | Fitness: 2179.99 | w=0.854 c1=1.950 c2=1.400
DQN-PSO completed with final fitness: 2179.9894

========== Planning Complete ==========
Algorithm: DQN_PSO
Execution time: 68.1292 seconds
Path length: 175.7105 units
Waypoints: 7
Best fitness: 2179.9894
========================================


========== Direct Global Planning ==========
Algorithm: DQN_PSO
Start: [10.0, 95.0, 10.0]
Goal:  [97.0, 2.0, 10.0]
============================================

Warning: DQN-PSO (paper) is homogeneous; forcing paramMode to global.
> In <a href="matlab:matlab.lang.internal.introspective.errorDocCallback('globalPathPlanningDQNPSO', '/Users/hust-hwashin621m/Desktop/vietanhpaper-2/algorithms/dqn_pso/globalPathPlanningDQNPSO.m', 15)" style="font-weight:bold">globalPathPlanningDQNPSO</a> (<a href="matlab: opentoline('/Users/hust-hwashin621m/Desktop/vietanhpaper-2/algorithms/dqn_pso/globalPathPlanningDQNPSO.m',15,0)">line 15</a>)
In <a href="matlab:matlab.lang.internal.introspective.errorDocCallback('callGlobalPlanningAlgorithm', '/Users/hust-hwashin621m/Desktop/vietanhpaper-2/algorithms/callGlobalPlanningAlgorithm.m', 212)" style="font-weight:bold">callGlobalPlanningAlgorithm</a> (<a href="matlab: opentoline('/Users/hust-hwashin621m/Desktop/vietanhpaper-2/algorithms/callGlobalPlanningAlgorithm.m',212,0)">line 212</a>)
In <a href="matlab:matlab.lang.internal.introspective.errorDocCallback('directGlobalPlanning', '/Users/hust-hwashin621m/Desktop/vietanhpaper-2/shared/path_planning/directGlobalPlanning.m', 59)" style="font-weight:bold">directGlobalPlanning</a> (<a href="matlab: opentoline('/Users/hust-hwashin621m/Desktop/vietanhpaper-2/shared/path_planning/directGlobalPlanning.m',59,0)">line 59</a>)
In <a href="matlab:matlab.lang.internal.introspective.errorDocCallback('run_comparison>@(varargin)directGlobalPlanning(varargin{:})', '/Users/hust-hwashin621m/Desktop/vietanhpaper-2/run_comparison.m', 282)" style="font-weight:bold">run_comparison>@(varargin)directGlobalPlanning(varargin{:})</a> (<a href="matlab: opentoline('/Users/hust-hwashin621m/Desktop/vietanhpaper-2/run_comparison.m',282,0)">line 282</a>)
In <a href="matlab:matlab.lang.internal.introspective.errorDocCallback('compare_algorithms>runAlgorithmBatch', '/Users/hust-hwashin621m/Desktop/vietanhpaper-2/scripts/compare_algorithms.m', 139)" style="font-weight:bold">compare_algorithms>runAlgorithmBatch</a> (<a href="matlab: opentoline('/Users/hust-hwashin621m/Desktop/vietanhpaper-2/scripts/compare_algorithms.m',139,0)">line 139</a>)
Starting DQN-PSO (HMM + DQN) - Mode: global
DQN-PSO iter 600/600 | Fitness: 1712.03 | w=0.797 c1=2.500 c2=0.500
DQN-PSO completed with final fitness: 1712.0333

========== Planning Complete ==========
Algorithm: DQN_PSO
Execution time: 68.1962 seconds
Path length: 178.2835 units
Waypoints: 7
Best fitness: 1712.0333
========================================


========== Direct Global Planning ==========
Algorithm: DQN_PSO
Start: [10.0, 95.0, 10.0]
Goal:  [97.0, 2.0, 10.0]
============================================

Warning: DQN-PSO (paper) is homogeneous; forcing paramMode to global.
> In <a href="matlab:matlab.lang.internal.introspective.errorDocCallback('globalPathPlanningDQNPSO', '/Users/hust-hwashin621m/Desktop/vietanhpaper-2/algorithms/dqn_pso/globalPathPlanningDQNPSO.m', 15)" style="font-weight:bold">globalPathPlanningDQNPSO</a> (<a href="matlab: opentoline('/Users/hust-hwashin621m/Desktop/vietanhpaper-2/algorithms/dqn_pso/globalPathPlanningDQNPSO.m',15,0)">line 15</a>)
In <a href="matlab:matlab.lang.internal.introspective.errorDocCallback('callGlobalPlanningAlgorithm', '/Users/hust-hwashin621m/Desktop/vietanhpaper-2/algorithms/callGlobalPlanningAlgorithm.m', 212)" style="font-weight:bold">callGlobalPlanningAlgorithm</a> (<a href="matlab: opentoline('/Users/hust-hwashin621m/Desktop/vietanhpaper-2/algorithms/callGlobalPlanningAlgorithm.m',212,0)">line 212</a>)
In <a href="matlab:matlab.lang.internal.introspective.errorDocCallback('directGlobalPlanning', '/Users/hust-hwashin621m/Desktop/vietanhpaper-2/shared/path_planning/directGlobalPlanning.m', 59)" style="font-weight:bold">directGlobalPlanning</a> (<a href="matlab: opentoline('/Users/hust-hwashin621m/Desktop/vietanhpaper-2/shared/path_planning/directGlobalPlanning.m',59,0)">line 59</a>)
In <a href="matlab:matlab.lang.internal.introspective.errorDocCallback('run_comparison>@(varargin)directGlobalPlanning(varargin{:})', '/Users/hust-hwashin621m/Desktop/vietanhpaper-2/run_comparison.m', 282)" style="font-weight:bold">run_comparison>@(varargin)directGlobalPlanning(varargin{:})</a> (<a href="matlab: opentoline('/Users/hust-hwashin621m/Desktop/vietanhpaper-2/run_comparison.m',282,0)">line 282</a>)
In <a href="matlab:matlab.lang.internal.introspective.errorDocCallback('compare_algorithms>runAlgorithmBatch', '/Users/hust-hwashin621m/Desktop/vietanhpaper-2/scripts/compare_algorithms.m', 139)" style="font-weight:bold">compare_algorithms>runAlgorithmBatch</a> (<a href="matlab: opentoline('/Users/hust-hwashin621m/Desktop/vietanhpaper-2/scripts/compare_algorithms.m',139,0)">line 139</a>)
Starting DQN-PSO (HMM + DQN) - Mode: global
DQN-PSO iter 600/600 | Fitness: 2373.19 | w=0.666 c1=2.500 c2=0.600
DQN-PSO completed with final fitness: 2373.1856

========== Planning Complete ==========
Algorithm: DQN_PSO
Execution time: 67.8774 seconds
Path length: 212.9406 units
Waypoints: 7
Best fitness: 2373.1856
========================================


========== Direct Global Planning ==========
Algorithm: DQN_PSO
Start: [10.0, 95.0, 10.0]
Goal:  [97.0, 2.0, 10.0]
============================================

Warning: DQN-PSO (paper) is homogeneous; forcing paramMode to global.
> In <a href="matlab:matlab.lang.internal.introspective.errorDocCallback('globalPathPlanningDQNPSO', '/Users/hust-hwashin621m/Desktop/vietanhpaper-2/algorithms/dqn_pso/globalPathPlanningDQNPSO.m', 15)" style="font-weight:bold">globalPathPlanningDQNPSO</a> (<a href="matlab: opentoline('/Users/hust-hwashin621m/Desktop/vietanhpaper-2/algorithms/dqn_pso/globalPathPlanningDQNPSO.m',15,0)">line 15</a>)
In <a href="matlab:matlab.lang.internal.introspective.errorDocCallback('callGlobalPlanningAlgorithm', '/Users/hust-hwashin621m/Desktop/vietanhpaper-2/algorithms/callGlobalPlanningAlgorithm.m', 212)" style="font-weight:bold">callGlobalPlanningAlgorithm</a> (<a href="matlab: opentoline('/Users/hust-hwashin621m/Desktop/vietanhpaper-2/algorithms/callGlobalPlanningAlgorithm.m',212,0)">line 212</a>)
In <a href="matlab:matlab.lang.internal.introspective.errorDocCallback('directGlobalPlanning', '/Users/hust-hwashin621m/Desktop/vietanhpaper-2/shared/path_planning/directGlobalPlanning.m', 59)" style="font-weight:bold">directGlobalPlanning</a> (<a href="matlab: opentoline('/Users/hust-hwashin621m/Desktop/vietanhpaper-2/shared/path_planning/directGlobalPlanning.m',59,0)">line 59</a>)
In <a href="matlab:matlab.lang.internal.introspective.errorDocCallback('run_comparison>@(varargin)directGlobalPlanning(varargin{:})', '/Users/hust-hwashin621m/Desktop/vietanhpaper-2/run_comparison.m', 282)" style="font-weight:bold">run_comparison>@(varargin)directGlobalPlanning(varargin{:})</a> (<a href="matlab: opentoline('/Users/hust-hwashin621m/Desktop/vietanhpaper-2/run_comparison.m',282,0)">line 282</a>)
In <a href="matlab:matlab.lang.internal.introspective.errorDocCallback('compare_algorithms>runAlgorithmBatch', '/Users/hust-hwashin621m/Desktop/vietanhpaper-2/scripts/compare_algorithms.m', 139)" style="font-weight:bold">compare_algorithms>runAlgorithmBatch</a> (<a href="matlab: opentoline('/Users/hust-hwashin621m/Desktop/vietanhpaper-2/scripts/compare_algorithms.m',139,0)">line 139</a>)
Starting DQN-PSO (HMM + DQN) - Mode: global
DQN-PSO iter 600/600 | Fitness: 1737.91 | w=0.100 c1=2.000 c2=0.950
DQN-PSO completed with final fitness: 1737.9069

========== Planning Complete ==========
Algorithm: DQN_PSO
Execution time: 67.8442 seconds
Path length: 248.7050 units
Waypoints: 7
Best fitness: 1737.9069
========================================


========== Direct Global Planning ==========
Algorithm: DQN_PSO
Start: [10.0, 95.0, 10.0]
Goal:  [97.0, 2.0, 10.0]
============================================

Warning: DQN-PSO (paper) is homogeneous; forcing paramMode to global.
> In <a href="matlab:matlab.lang.internal.introspective.errorDocCallback('globalPathPlanningDQNPSO', '/Users/hust-hwashin621m/Desktop/vietanhpaper-2/algorithms/dqn_pso/globalPathPlanningDQNPSO.m', 15)" style="font-weight:bold">globalPathPlanningDQNPSO</a> (<a href="matlab: opentoline('/Users/hust-hwashin621m/Desktop/vietanhpaper-2/algorithms/dqn_pso/globalPathPlanningDQNPSO.m',15,0)">line 15</a>)
In <a href="matlab:matlab.lang.internal.introspective.errorDocCallback('callGlobalPlanningAlgorithm', '/Users/hust-hwashin621m/Desktop/vietanhpaper-2/algorithms/callGlobalPlanningAlgorithm.m', 212)" style="font-weight:bold">callGlobalPlanningAlgorithm</a> (<a href="matlab: opentoline('/Users/hust-hwashin621m/Desktop/vietanhpaper-2/algorithms/callGlobalPlanningAlgorithm.m',212,0)">line 212</a>)
In <a href="matlab:matlab.lang.internal.introspective.errorDocCallback('directGlobalPlanning', '/Users/hust-hwashin621m/Desktop/vietanhpaper-2/shared/path_planning/directGlobalPlanning.m', 59)" style="font-weight:bold">directGlobalPlanning</a> (<a href="matlab: opentoline('/Users/hust-hwashin621m/Desktop/vietanhpaper-2/shared/path_planning/directGlobalPlanning.m',59,0)">line 59</a>)
In <a href="matlab:matlab.lang.internal.introspective.errorDocCallback('run_comparison>@(varargin)directGlobalPlanning(varargin{:})', '/Users/hust-hwashin621m/Desktop/vietanhpaper-2/run_comparison.m', 282)" style="font-weight:bold">run_comparison>@(varargin)directGlobalPlanning(varargin{:})</a> (<a href="matlab: opentoline('/Users/hust-hwashin621m/Desktop/vietanhpaper-2/run_comparison.m',282,0)">line 282</a>)
In <a href="matlab:matlab.lang.internal.introspective.errorDocCallback('compare_algorithms>runAlgorithmBatch', '/Users/hust-hwashin621m/Desktop/vietanhpaper-2/scripts/compare_algorithms.m', 139)" style="font-weight:bold">compare_algorithms>runAlgorithmBatch</a> (<a href="matlab: opentoline('/Users/hust-hwashin621m/Desktop/vietanhpaper-2/scripts/compare_algorithms.m',139,0)">line 139</a>)
Starting DQN-PSO (HMM + DQN) - Mode: global
DQN-PSO iter 600/600 | Fitness: 1870.10 | w=0.502 c1=2.500 c2=0.500
DQN-PSO completed with final fitness: 1870.0987

========== Planning Complete ==========
Algorithm: DQN_PSO
Execution time: 68.1285 seconds
Path length: 224.5830 units
Waypoints: 7
Best fitness: 1870.0987
========================================

DQN-PSO iter 50/600 | Fitness: 2260.45 | w=0.100 c1=2.200 c2=0.750

========== Direct Global Planning ==========
Algorithm: DQN_PSO
Start: [10.0, 95.0, 10.0]
Goal:  [97.0, 2.0, 10.0]
============================================

Warning: DQN-PSO (paper) is homogeneous; forcing paramMode to global.
> In <a href="matlab:matlab.lang.internal.introspective.errorDocCallback('globalPathPlanningDQNPSO', '/Users/hust-hwashin621m/Desktop/vietanhpaper-2/algorithms/dqn_pso/globalPathPlanningDQNPSO.m', 15)" style="font-weight:bold">globalPathPlanningDQNPSO</a> (<a href="matlab: opentoline('/Users/hust-hwashin621m/Desktop/vietanhpaper-2/algorithms/dqn_pso/globalPathPlanningDQNPSO.m',15,0)">line 15</a>)
In <a href="matlab:matlab.lang.internal.introspective.errorDocCallback('callGlobalPlanningAlgorithm', '/Users/hust-hwashin621m/Desktop/vietanhpaper-2/algorithms/callGlobalPlanningAlgorithm.m', 212)" style="font-weight:bold">callGlobalPlanningAlgorithm</a> (<a href="matlab: opentoline('/Users/hust-hwashin621m/Desktop/vietanhpaper-2/algorithms/callGlobalPlanningAlgorithm.m',212,0)">line 212</a>)
In <a href="matlab:matlab.lang.internal.introspective.errorDocCallback('directGlobalPlanning', '/Users/hust-hwashin621m/Desktop/vietanhpaper-2/shared/path_planning/directGlobalPlanning.m', 59)" style="font-weight:bold">directGlobalPlanning</a> (<a href="matlab: opentoline('/Users/hust-hwashin621m/Desktop/vietanhpaper-2/shared/path_planning/directGlobalPlanning.m',59,0)">line 59</a>)
In <a href="matlab:matlab.lang.internal.introspective.errorDocCallback('run_comparison>@(varargin)directGlobalPlanning(varargin{:})', '/Users/hust-hwashin621m/Desktop/vietanhpaper-2/run_comparison.m', 282)" style="font-weight:bold">run_comparison>@(varargin)directGlobalPlanning(varargin{:})</a> (<a href="matlab: opentoline('/Users/hust-hwashin621m/Desktop/vietanhpaper-2/run_comparison.m',282,0)">line 282</a>)
In <a href="matlab:matlab.lang.internal.introspective.errorDocCallback('compare_algorithms>runAlgorithmBatch', '/Users/hust-hwashin621m/Desktop/vietanhpaper-2/scripts/compare_algorithms.m', 139)" style="font-weight:bold">compare_algorithms>runAlgorithmBatch</a> (<a href="matlab: opentoline('/Users/hust-hwashin621m/Desktop/vietanhpaper-2/scripts/compare_algorithms.m',139,0)">line 139</a>)
Starting DQN-PSO (HMM + DQN) - Mode: global
DQN-PSO iter 600/600 | Fitness: 2108.30 | w=0.373 c1=2.500 c2=0.500
DQN-PSO completed with final fitness: 2108.3

========== Planning Complete ==========
Algorithm: DQN_PSO
Execution time: 67.3802 seconds
Path length: 188.5001 units
Waypoints: 7
Best fitness: 2108.3000
========================================


========== Direct Global Planning ==========
Algorithm: DQN_PSO
Start: [10.0, 95.0, 10.0]
Goal:  [97.0, 2.0, 10.0]
============================================

Warning: DQN-PSO (paper) is homogeneous; forcing paramMode to global.
> In <a href="matlab:matlab.lang.internal.introspective.errorDocCallback('globalPathPlanningDQNPSO', '/Users/hust-hwashin621m/Desktop/vietanhpaper-2/algorithms/dqn_pso/globalPathPlanningDQNPSO.m', 15)" style="font-weight:bold">globalPathPlanningDQNPSO</a> (<a href="matlab: opentoline('/Users/hust-hwashin621m/Desktop/vietanhpaper-2/algorithms/dqn_pso/globalPathPlanningDQNPSO.m',15,0)">line 15</a>)
In <a href="matlab:matlab.lang.internal.introspective.errorDocCallback('callGlobalPlanningAlgorithm', '/Users/hust-hwashin621m/Desktop/vietanhpaper-2/algorithms/callGlobalPlanningAlgorithm.m', 212)" style="font-weight:bold">callGlobalPlanningAlgorithm</a> (<a href="matlab: opentoline('/Users/hust-hwashin621m/Desktop/vietanhpaper-2/algorithms/callGlobalPlanningAlgorithm.m',212,0)">line 212</a>)
In <a href="matlab:matlab.lang.internal.introspective.errorDocCallback('directGlobalPlanning', '/Users/hust-hwashin621m/Desktop/vietanhpaper-2/shared/path_planning/directGlobalPlanning.m', 59)" style="font-weight:bold">directGlobalPlanning</a> (<a href="matlab: opentoline('/Users/hust-hwashin621m/Desktop/vietanhpaper-2/shared/path_planning/directGlobalPlanning.m',59,0)">line 59</a>)
In <a href="matlab:matlab.lang.internal.introspective.errorDocCallback('run_comparison>@(varargin)directGlobalPlanning(varargin{:})', '/Users/hust-hwashin621m/Desktop/vietanhpaper-2/run_comparison.m', 282)" style="font-weight:bold">run_comparison>@(varargin)directGlobalPlanning(varargin{:})</a> (<a href="matlab: opentoline('/Users/hust-hwashin621m/Desktop/vietanhpaper-2/run_comparison.m',282,0)">line 282</a>)
In <a href="matlab:matlab.lang.internal.introspective.errorDocCallback('compare_algorithms>runAlgorithmBatch', '/Users/hust-hwashin621m/Desktop/vietanhpaper-2/scripts/compare_algorithms.m', 139)" style="font-weight:bold">compare_algorithms>runAlgorithmBatch</a> (<a href="matlab: opentoline('/Users/hust-hwashin621m/Desktop/vietanhpaper-2/scripts/compare_algorithms.m',139,0)">line 139</a>)
Starting DQN-PSO (HMM + DQN) - Mode: global
DQN-PSO iter 600/600 | Fitness: 1586.11 | w=0.900 c1=1.500 c2=1.300
DQN-PSO completed with final fitness: 1586.1102

========== Planning Complete ==========
Algorithm: DQN_PSO
Execution time: 67.4267 seconds
Path length: 147.6547 units
Waypoints: 7
Best fitness: 1586.1102
========================================


========== Direct Global Planning ==========
Algorithm: DQN_PSO
Start: [10.0, 95.0, 10.0]
Goal:  [97.0, 2.0, 10.0]
============================================

Warning: DQN-PSO (paper) is homogeneous; forcing paramMode to global.
> In <a href="matlab:matlab.lang.internal.introspective.errorDocCallback('globalPathPlanningDQNPSO', '/Users/hust-hwashin621m/Desktop/vietanhpaper-2/algorithms/dqn_pso/globalPathPlanningDQNPSO.m', 15)" style="font-weight:bold">globalPathPlanningDQNPSO</a> (<a href="matlab: opentoline('/Users/hust-hwashin621m/Desktop/vietanhpaper-2/algorithms/dqn_pso/globalPathPlanningDQNPSO.m',15,0)">line 15</a>)
In <a href="matlab:matlab.lang.internal.introspective.errorDocCallback('callGlobalPlanningAlgorithm', '/Users/hust-hwashin621m/Desktop/vietanhpaper-2/algorithms/callGlobalPlanningAlgorithm.m', 212)" style="font-weight:bold">callGlobalPlanningAlgorithm</a> (<a href="matlab: opentoline('/Users/hust-hwashin621m/Desktop/vietanhpaper-2/algorithms/callGlobalPlanningAlgorithm.m',212,0)">line 212</a>)
In <a href="matlab:matlab.lang.internal.introspective.errorDocCallback('directGlobalPlanning', '/Users/hust-hwashin621m/Desktop/vietanhpaper-2/shared/path_planning/directGlobalPlanning.m', 59)" style="font-weight:bold">directGlobalPlanning</a> (<a href="matlab: opentoline('/Users/hust-hwashin621m/Desktop/vietanhpaper-2/shared/path_planning/directGlobalPlanning.m',59,0)">line 59</a>)
In <a href="matlab:matlab.lang.internal.introspective.errorDocCallback('run_comparison>@(varargin)directGlobalPlanning(varargin{:})', '/Users/hust-hwashin621m/Desktop/vietanhpaper-2/run_comparison.m', 282)" style="font-weight:bold">run_comparison>@(varargin)directGlobalPlanning(varargin{:})</a> (<a href="matlab: opentoline('/Users/hust-hwashin621m/Desktop/vietanhpaper-2/run_comparison.m',282,0)">line 282</a>)
In <a href="matlab:matlab.lang.internal.introspective.errorDocCallback('compare_algorithms>runAlgorithmBatch', '/Users/hust-hwashin621m/Desktop/vietanhpaper-2/scripts/compare_algorithms.m', 139)" style="font-weight:bold">compare_algorithms>runAlgorithmBatch</a> (<a href="matlab: opentoline('/Users/hust-hwashin621m/Desktop/vietanhpaper-2/scripts/compare_algorithms.m',139,0)">line 139</a>)
Starting DQN-PSO (HMM + DQN) - Mode: global
DQN-PSO iter 50/600 | Fitness: 2055.03 | w=0.435 c1=2.500 c2=0.500
DQN-PSO iter 600/600 | Fitness: 1629.25 | w=0.100 c1=2.400 c2=0.600
DQN-PSO completed with final fitness: 1629.2471

========== Planning Complete ==========
Algorithm: DQN_PSO
Execution time: 67.1098 seconds
Path length: 149.3766 units
Waypoints: 7
Best fitness: 1629.2471
========================================


========== Direct Global Planning ==========
Algorithm: DQN_PSO
Start: [10.0, 95.0, 10.0]
Goal:  [97.0, 2.0, 10.0]
============================================

Warning: DQN-PSO (paper) is homogeneous; forcing paramMode to global.
> In <a href="matlab:matlab.lang.internal.introspective.errorDocCallback('globalPathPlanningDQNPSO', '/Users/hust-hwashin621m/Desktop/vietanhpaper-2/algorithms/dqn_pso/globalPathPlanningDQNPSO.m', 15)" style="font-weight:bold">globalPathPlanningDQNPSO</a> (<a href="matlab: opentoline('/Users/hust-hwashin621m/Desktop/vietanhpaper-2/algorithms/dqn_pso/globalPathPlanningDQNPSO.m',15,0)">line 15</a>)
In <a href="matlab:matlab.lang.internal.introspective.errorDocCallback('callGlobalPlanningAlgorithm', '/Users/hust-hwashin621m/Desktop/vietanhpaper-2/algorithms/callGlobalPlanningAlgorithm.m', 212)" style="font-weight:bold">callGlobalPlanningAlgorithm</a> (<a href="matlab: opentoline('/Users/hust-hwashin621m/Desktop/vietanhpaper-2/algorithms/callGlobalPlanningAlgorithm.m',212,0)">line 212</a>)
In <a href="matlab:matlab.lang.internal.introspective.errorDocCallback('directGlobalPlanning', '/Users/hust-hwashin621m/Desktop/vietanhpaper-2/shared/path_planning/directGlobalPlanning.m', 59)" style="font-weight:bold">directGlobalPlanning</a> (<a href="matlab: opentoline('/Users/hust-hwashin621m/Desktop/vietanhpaper-2/shared/path_planning/directGlobalPlanning.m',59,0)">line 59</a>)
In <a href="matlab:matlab.lang.internal.introspective.errorDocCallback('run_comparison>@(varargin)directGlobalPlanning(varargin{:})', '/Users/hust-hwashin621m/Desktop/vietanhpaper-2/run_comparison.m', 282)" style="font-weight:bold">run_comparison>@(varargin)directGlobalPlanning(varargin{:})</a> (<a href="matlab: opentoline('/Users/hust-hwashin621m/Desktop/vietanhpaper-2/run_comparison.m',282,0)">line 282</a>)
In <a href="matlab:matlab.lang.internal.introspective.errorDocCallback('compare_algorithms>runAlgorithmBatch', '/Users/hust-hwashin621m/Desktop/vietanhpaper-2/scripts/compare_algorithms.m', 139)" style="font-weight:bold">compare_algorithms>runAlgorithmBatch</a> (<a href="matlab: opentoline('/Users/hust-hwashin621m/Desktop/vietanhpaper-2/scripts/compare_algorithms.m',139,0)">line 139</a>)
Starting DQN-PSO (HMM + DQN) - Mode: global
DQN-PSO iter 100/600 | Fitness: 1940.00 | w=0.332 c1=2.500 c2=0.500
DQN-PSO iter 50/600 | Fitness: 2073.73 | w=0.129 c1=2.500 c2=0.500
DQN-PSO iter 50/600 | Fitness: 1829.41 | w=0.900 c1=2.100 c2=0.800
DQN-PSO iter 50/600 | Fitness: 1879.70 | w=0.871 c1=2.500 c2=0.500
DQN-PSO iter 50/600 | Fitness: 2386.47 | w=0.100 c1=1.850 c2=1.000
DQN-PSO iter 50/600 | Fitness: 2333.02 | w=0.100 c1=2.300 c2=0.700
DQN-PSO iter 50/600 | Fitness: 2145.88 | w=0.401 c1=2.500 c2=0.600
DQN-PSO iter 50/600 | Fitness: 2390.90 | w=0.900 c1=2.500 c2=0.500
DQN-PSO iter 50/600 | Fitness: 1885.45 | w=0.464 c1=1.500 c2=1.600
DQN-PSO iter 50/600 | Fitness: 1814.94 | w=0.100 c1=0.500 c2=2.500
DQN-PSO iter 50/600 | Fitness: 2519.21 | w=0.424 c1=2.150 c2=0.900
DQN-PSO iter 50/600 | Fitness: 2454.93 | w=0.546 c1=2.500 c2=0.600
DQN-PSO iter 100/600 | Fitness: 2229.14 | w=0.900 c1=2.500 c2=0.500
DQN-PSO iter 100/600 | Fitness: 2012.81 | w=0.255 c1=2.500 c2=0.500
DQN-PSO iter 100/600 | Fitness: 2045.24 | w=0.637 c1=2.500 c2=0.500
DQN-PSO iter 150/600 | Fitness: 1939.41 | w=0.779 c1=2.500 c2=0.500
DQN-PSO iter 100/600 | Fitness: 1639.60 | w=0.430 c1=2.500 c2=0.550
DQN-PSO iter 100/600 | Fitness: 1855.19 | w=0.305 c1=2.500 c2=0.500
DQN-PSO iter 100/600 | Fitness: 2140.07 | w=0.627 c1=2.500 c2=0.500
DQN-PSO iter 100/600 | Fitness: 2376.29 | w=0.570 c1=2.500 c2=0.500
DQN-PSO iter 100/600 | Fitness: 2012.03 | w=0.900 c1=2.450 c2=0.500
DQN-PSO iter 100/600 | Fitness: 1813.51 | w=0.100 c1=2.400 c2=0.600
DQN-PSO iter 100/600 | Fitness: 1740.29 | w=0.100 c1=0.550 c2=2.450
DQN-PSO iter 100/600 | Fitness: 2373.10 | w=0.404 c1=2.500 c2=0.500
DQN-PSO iter 100/600 | Fitness: 2515.76 | w=0.900 c1=2.500 c2=0.500
DQN-PSO iter 100/600 | Fitness: 2414.55 | w=0.900 c1=2.500 c2=0.500
DQN-PSO iter 150/600 | Fitness: 2200.52 | w=0.584 c1=2.500 c2=0.500
DQN-PSO iter 150/600 | Fitness: 2011.70 | w=0.469 c1=2.500 c2=0.500
DQN-PSO iter 200/600 | Fitness: 1939.38 | w=0.100 c1=2.400 c2=0.600
DQN-PSO iter 150/600 | Fitness: 2045.23 | w=0.507 c1=2.500 c2=0.500
DQN-PSO iter 150/600 | Fitness: 1608.23 | w=0.900 c1=2.500 c2=0.500
DQN-PSO iter 150/600 | Fitness: 1841.44 | w=0.704 c1=2.500 c2=0.500
DQN-PSO iter 150/600 | Fitness: 2376.29 | w=0.159 c1=2.500 c2=0.500
DQN-PSO iter 150/600 | Fitness: 1808.40 | w=0.100 c1=2.400 c2=0.700
DQN-PSO iter 150/600 | Fitness: 2134.34 | w=0.900 c1=2.500 c2=0.500
DQN-PSO iter 150/600 | Fitness: 1704.99 | w=0.100 c1=0.500 c2=2.500
DQN-PSO iter 150/600 | Fitness: 1940.37 | w=0.900 c1=2.500 c2=0.500
DQN-PSO iter 150/600 | Fitness: 2493.50 | w=0.900 c1=2.450 c2=0.500
DQN-PSO iter 150/600 | Fitness: 2372.91 | w=0.400 c1=2.500 c2=0.500
DQN-PSO iter 150/600 | Fitness: 2414.38 | w=0.227 c1=2.500 c2=0.500
DQN-PSO iter 200/600 | Fitness: 2200.19 | w=0.900 c1=2.500 c2=0.500
DQN-PSO iter 200/600 | Fitness: 2011.70 | w=0.852 c1=2.500 c2=0.500
DQN-PSO iter 250/600 | Fitness: 1939.32 | w=0.120 c1=2.500 c2=0.500
DQN-PSO iter 200/600 | Fitness: 2045.23 | w=0.100 c1=2.400 c2=0.600
DQN-PSO iter 200/600 | Fitness: 1579.34 | w=0.900 c1=2.500 c2=0.500
DQN-PSO iter 200/600 | Fitness: 2376.29 | w=0.350 c1=2.500 c2=0.500
DQN-PSO iter 200/600 | Fitness: 2132.56 | w=0.444 c1=2.500 c2=0.500
DQN-PSO iter 200/600 | Fitness: 1841.24 | w=0.876 c1=2.500 c2=0.500
DQN-PSO iter 200/600 | Fitness: 1807.65 | w=0.402 c1=2.250 c2=0.950
DQN-PSO iter 200/600 | Fitness: 2492.07 | w=0.400 c1=2.500 c2=0.500
DQN-PSO iter 200/600 | Fitness: 1701.09 | w=0.100 c1=0.500 c2=2.500
DQN-PSO iter 200/600 | Fitness: 1839.24 | w=0.900 c1=2.500 c2=0.500
DQN-PSO iter 200/600 | Fitness: 2372.84 | w=0.400 c1=2.500 c2=0.500
DQN-PSO iter 200/600 | Fitness: 2414.28 | w=0.440 c1=2.500 c2=0.500
DQN-PSO iter 250/600 | Fitness: 2199.86 | w=0.894 c1=2.500 c2=0.500
DQN-PSO iter 300/600 | Fitness: 1939.13 | w=0.660 c1=2.500 c2=0.500
DQN-PSO iter 250/600 | Fitness: 2011.70 | w=0.325 c1=2.500 c2=0.500
DQN-PSO iter 250/600 | Fitness: 2045.23 | w=0.175 c1=2.500 c2=0.500
DQN-PSO iter 250/600 | Fitness: 2376.29 | w=0.201 c1=2.400 c2=0.600
DQN-PSO iter 250/600 | Fitness: 1566.99 | w=0.455 c1=2.500 c2=0.500
DQN-PSO iter 250/600 | Fitness: 2132.56 | w=0.500 c1=2.500 c2=0.500
DQN-PSO iter 250/600 | Fitness: 1841.22 | w=0.870 c1=2.500 c2=0.500
DQN-PSO iter 250/600 | Fitness: 1807.49 | w=0.100 c1=1.400 c2=1.900
DQN-PSO iter 250/600 | Fitness: 2492.07 | w=0.404 c1=2.500 c2=0.500
DQN-PSO iter 250/600 | Fitness: 1701.06 | w=0.900 c1=0.750 c2=2.100
DQN-PSO iter 250/600 | Fitness: 1817.07 | w=0.100 c1=2.300 c2=0.700
DQN-PSO iter 250/600 | Fitness: 2371.79 | w=0.900 c1=2.450 c2=0.500
DQN-PSO iter 250/600 | Fitness: 2414.28 | w=0.900 c1=2.500 c2=0.500
DQN-PSO iter 300/600 | Fitness: 2199.35 | w=0.400 c1=2.500 c2=0.500
DQN-PSO iter 300/600 | Fitness: 2011.69 | w=0.900 c1=2.500 c2=0.500
DQN-PSO iter 350/600 | Fitness: 1939.02 | w=0.771 c1=2.500 c2=0.500
DQN-PSO iter 300/600 | Fitness: 2045.23 | w=0.100 c1=2.400 c2=0.600
DQN-PSO iter 300/600 | Fitness: 1559.08 | w=0.900 c1=2.500 c2=0.500
DQN-PSO iter 300/600 | Fitness: 1840.76 | w=0.301 c1=2.500 c2=0.500
DQN-PSO iter 300/600 | Fitness: 2376.29 | w=0.870 c1=2.500 c2=0.500
DQN-PSO iter 300/600 | Fitness: 1807.43 | w=0.100 c1=1.800 c2=1.300
DQN-PSO iter 300/600 | Fitness: 2132.56 | w=0.445 c1=2.500 c2=0.500
DQN-PSO iter 300/600 | Fitness: 1701.06 | w=0.900 c1=0.550 c2=2.400
DQN-PSO iter 300/600 | Fitness: 2492.07 | w=0.805 c1=2.500 c2=0.500
DQN-PSO iter 300/600 | Fitness: 1812.15 | w=0.900 c1=2.500 c2=0.500
DQN-PSO iter 300/600 | Fitness: 2370.76 | w=0.400 c1=2.450 c2=0.600
DQN-PSO iter 300/600 | Fitness: 2414.28 | w=0.412 c1=2.500 c2=0.500
DQN-PSO iter 350/600 | Fitness: 2199.35 | w=0.100 c1=2.400 c2=0.600
DQN-PSO iter 400/600 | Fitness: 1936.11 | w=0.550 c1=2.500 c2=0.500
DQN-PSO iter 350/600 | Fitness: 2011.69 | w=0.464 c1=2.500 c2=0.500
DQN-PSO iter 350/600 | Fitness: 2045.23 | w=0.485 c1=2.300 c2=0.750
DQN-PSO iter 350/600 | Fitness: 2376.29 | w=0.371 c1=2.500 c2=0.500
DQN-PSO iter 350/600 | Fitness: 1555.42 | w=0.409 c1=2.500 c2=0.600
DQN-PSO iter 350/600 | Fitness: 1807.40 | w=0.262 c1=1.700 c2=1.250
DQN-PSO iter 350/600 | Fitness: 2132.56 | w=0.119 c1=2.500 c2=0.500
DQN-PSO iter 350/600 | Fitness: 1840.75 | w=0.862 c1=2.400 c2=0.650
DQN-PSO iter 350/600 | Fitness: 1701.06 | w=0.100 c1=0.550 c2=2.500
DQN-PSO iter 350/600 | Fitness: 2492.07 | w=0.626 c1=2.500 c2=0.550
DQN-PSO iter 350/600 | Fitness: 2367.29 | w=0.900 c1=2.450 c2=0.550
DQN-PSO iter 350/600 | Fitness: 1807.05 | w=0.100 c1=2.400 c2=0.600
DQN-PSO iter 350/600 | Fitness: 2414.28 | w=0.503 c1=2.500 c2=0.500
DQN-PSO iter 400/600 | Fitness: 2199.35 | w=0.100 c1=2.400 c2=0.600
DQN-PSO iter 450/600 | Fitness: 1879.58 | w=0.900 c1=2.500 c2=0.500
DQN-PSO iter 400/600 | Fitness: 2011.69 | w=0.100 c1=2.400 c2=0.600
DQN-PSO iter 400/600 | Fitness: 2045.23 | w=0.837 c1=2.500 c2=0.500
DQN-PSO iter 400/600 | Fitness: 1554.53 | w=0.900 c1=2.500 c2=0.500
DQN-PSO iter 400/600 | Fitness: 2376.29 | w=0.756 c1=2.500 c2=0.500
DQN-PSO iter 400/600 | Fitness: 1807.11 | w=0.100 c1=0.950 c2=1.950
DQN-PSO iter 400/600 | Fitness: 2132.56 | w=0.100 c1=2.400 c2=0.600
DQN-PSO iter 400/600 | Fitness: 1840.75 | w=0.847 c1=2.500 c2=0.500
DQN-PSO iter 400/600 | Fitness: 1701.01 | w=0.100 c1=0.800 c2=2.050
DQN-PSO iter 400/600 | Fitness: 2492.06 | w=0.900 c1=2.500 c2=0.500
DQN-PSO iter 400/600 | Fitness: 2366.70 | w=0.619 c1=2.500 c2=0.500
DQN-PSO iter 400/600 | Fitness: 1805.73 | w=0.900 c1=2.500 c2=0.500
DQN-PSO iter 400/600 | Fitness: 2414.28 | w=0.896 c1=2.500 c2=0.650
DQN-PSO iter 450/600 | Fitness: 2199.35 | w=0.335 c1=2.500 c2=0.500
DQN-PSO iter 500/600 | Fitness: 1879.57 | w=0.400 c1=2.500 c2=0.500
DQN-PSO iter 450/600 | Fitness: 2011.69 | w=0.686 c1=2.500 c2=0.500
DQN-PSO iter 450/600 | Fitness: 2045.23 | w=0.452 c1=2.450 c2=0.500
DQN-PSO iter 450/600 | Fitness: 1552.15 | w=0.100 c1=2.400 c2=0.600
DQN-PSO iter 450/600 | Fitness: 2376.29 | w=0.100 c1=2.400 c2=0.600
DQN-PSO iter 450/600 | Fitness: 1701.00 | w=0.100 c1=0.500 c2=2.500
DQN-PSO iter 450/600 | Fitness: 1806.96 | w=0.100 c1=1.400 c2=1.300
DQN-PSO iter 450/600 | Fitness: 2132.56 | w=0.776 c1=2.500 c2=0.500
DQN-PSO iter 450/600 | Fitness: 1840.75 | w=0.539 c1=2.500 c2=0.500
DQN-PSO iter 450/600 | Fitness: 2491.96 | w=0.900 c1=2.500 c2=0.500
DQN-PSO iter 450/600 | Fitness: 2363.73 | w=0.900 c1=2.500 c2=0.500
DQN-PSO iter 450/600 | Fitness: 1786.84 | w=0.900 c1=2.450 c2=0.500
DQN-PSO iter 450/600 | Fitness: 2414.28 | w=0.587 c1=2.500 c2=0.500
DQN-PSO iter 500/600 | Fitness: 2199.35 | w=0.666 c1=2.500 c2=0.550
DQN-PSO iter 550/600 | Fitness: 1879.57 | w=0.400 c1=2.500 c2=0.500
DQN-PSO iter 500/600 | Fitness: 2045.23 | w=0.832 c1=2.400 c2=0.650
DQN-PSO iter 500/600 | Fitness: 2011.69 | w=0.895 c1=2.500 c2=0.500
DQN-PSO iter 500/600 | Fitness: 1539.60 | w=0.854 c1=2.350 c2=0.600
DQN-PSO iter 500/600 | Fitness: 1806.94 | w=0.664 c1=2.500 c2=0.500
DQN-PSO iter 500/600 | Fitness: 2132.56 | w=0.900 c1=2.500 c2=0.500
DQN-PSO iter 500/600 | Fitness: 1840.75 | w=0.100 c1=2.400 c2=0.600
DQN-PSO iter 500/600 | Fitness: 2376.29 | w=0.189 c1=2.500 c2=0.500
DQN-PSO iter 500/600 | Fitness: 1701.00 | w=0.100 c1=0.600 c2=2.200
DQN-PSO iter 500/600 | Fitness: 1773.53 | w=0.100 c1=2.400 c2=0.600
DQN-PSO iter 500/600 | Fitness: 2491.96 | w=0.400 c1=2.500 c2=0.500
DQN-PSO iter 500/600 | Fitness: 2355.89 | w=0.900 c1=2.400 c2=0.500
DQN-PSO iter 500/600 | Fitness: 2414.28 | w=0.544 c1=2.500 c2=0.500
DQN-PSO iter 550/600 | Fitness: 2199.35 | w=0.436 c1=2.500 c2=0.500
DQN-PSO iter 600/600 | Fitness: 1879.57 | w=0.565 c1=2.500 c2=0.500
DQN-PSO completed with final fitness: 1879.5748

========== Planning Complete ==========
Algorithm: DQN_PSO
Execution time: 66.4640 seconds
Path length: 161.6593 units
Waypoints: 7
Best fitness: 1879.5748
========================================


========== Direct Global Planning ==========
Algorithm: DQN_PSO
Start: [10.0, 95.0, 10.0]
Goal:  [97.0, 2.0, 10.0]
============================================

Warning: DQN-PSO (paper) is homogeneous; forcing paramMode to global.
> In <a href="matlab:matlab.lang.internal.introspective.errorDocCallback('globalPathPlanningDQNPSO', '/Users/hust-hwashin621m/Desktop/vietanhpaper-2/algorithms/dqn_pso/globalPathPlanningDQNPSO.m', 15)" style="font-weight:bold">globalPathPlanningDQNPSO</a> (<a href="matlab: opentoline('/Users/hust-hwashin621m/Desktop/vietanhpaper-2/algorithms/dqn_pso/globalPathPlanningDQNPSO.m',15,0)">line 15</a>)
In <a href="matlab:matlab.lang.internal.introspective.errorDocCallback('callGlobalPlanningAlgorithm', '/Users/hust-hwashin621m/Desktop/vietanhpaper-2/algorithms/callGlobalPlanningAlgorithm.m', 212)" style="font-weight:bold">callGlobalPlanningAlgorithm</a> (<a href="matlab: opentoline('/Users/hust-hwashin621m/Desktop/vietanhpaper-2/algorithms/callGlobalPlanningAlgorithm.m',212,0)">line 212</a>)
In <a href="matlab:matlab.lang.internal.introspective.errorDocCallback('directGlobalPlanning', '/Users/hust-hwashin621m/Desktop/vietanhpaper-2/shared/path_planning/directGlobalPlanning.m', 59)" style="font-weight:bold">directGlobalPlanning</a> (<a href="matlab: opentoline('/Users/hust-hwashin621m/Desktop/vietanhpaper-2/shared/path_planning/directGlobalPlanning.m',59,0)">line 59</a>)
In <a href="matlab:matlab.lang.internal.introspective.errorDocCallback('run_comparison>@(varargin)directGlobalPlanning(varargin{:})', '/Users/hust-hwashin621m/Desktop/vietanhpaper-2/run_comparison.m', 282)" style="font-weight:bold">run_comparison>@(varargin)directGlobalPlanning(varargin{:})</a> (<a href="matlab: opentoline('/Users/hust-hwashin621m/Desktop/vietanhpaper-2/run_comparison.m',282,0)">line 282</a>)
In <a href="matlab:matlab.lang.internal.introspective.errorDocCallback('compare_algorithms>runAlgorithmBatch', '/Users/hust-hwashin621m/Desktop/vietanhpaper-2/scripts/compare_algorithms.m', 139)" style="font-weight:bold">compare_algorithms>runAlgorithmBatch</a> (<a href="matlab: opentoline('/Users/hust-hwashin621m/Desktop/vietanhpaper-2/scripts/compare_algorithms.m',139,0)">line 139</a>)
Starting DQN-PSO (HMM + DQN) - Mode: global
DQN-PSO iter 550/600 | Fitness: 2045.23 | w=0.575 c1=2.400 c2=0.600
DQN-PSO iter 550/600 | Fitness: 2011.69 | w=0.316 c1=2.400 c2=0.600
DQN-PSO iter 550/600 | Fitness: 1531.72 | w=0.900 c1=2.500 c2=0.500
DQN-PSO iter 550/600 | Fitness: 2132.55 | w=0.558 c1=2.500 c2=0.500
DQN-PSO iter 550/600 | Fitness: 2376.29 | w=0.100 c1=2.100 c2=0.900
DQN-PSO iter 550/600 | Fitness: 1806.91 | w=0.535 c1=2.050 c2=0.850
DQN-PSO iter 550/600 | Fitness: 1701.00 | w=0.100 c1=1.800 c2=0.950
DQN-PSO iter 550/600 | Fitness: 1840.75 | w=0.900 c1=2.500 c2=0.500
DQN-PSO iter 50/600 | Fitness: 1989.79 | w=0.213 c1=2.500 c2=0.500
DQN-PSO iter 550/600 | Fitness: 2491.96 | w=0.579 c1=2.500 c2=0.500
DQN-PSO iter 550/600 | Fitness: 1766.38 | w=0.836 c1=2.500 c2=0.500
DQN-PSO iter 550/600 | Fitness: 2350.82 | w=0.234 c1=2.500 c2=0.500
DQN-PSO iter 600/600 | Fitness: 2199.35 | w=0.615 c1=2.500 c2=0.500
DQN-PSO completed with final fitness: 2199.3484

========== Planning Complete ==========
Algorithm: DQN_PSO
Execution time: 67.1753 seconds
Path length: 188.5898 units
Waypoints: 7
Best fitness: 2199.3484
========================================


========== Direct Global Planning ==========
Algorithm: DQN_PSO
Start: [10.0, 95.0, 10.0]
Goal:  [97.0, 2.0, 10.0]
============================================

Warning: DQN-PSO (paper) is homogeneous; forcing paramMode to global.
> In <a href="matlab:matlab.lang.internal.introspective.errorDocCallback('globalPathPlanningDQNPSO', '/Users/hust-hwashin621m/Desktop/vietanhpaper-2/algorithms/dqn_pso/globalPathPlanningDQNPSO.m', 15)" style="font-weight:bold">globalPathPlanningDQNPSO</a> (<a href="matlab: opentoline('/Users/hust-hwashin621m/Desktop/vietanhpaper-2/algorithms/dqn_pso/globalPathPlanningDQNPSO.m',15,0)">line 15</a>)
In <a href="matlab:matlab.lang.internal.introspective.errorDocCallback('callGlobalPlanningAlgorithm', '/Users/hust-hwashin621m/Desktop/vietanhpaper-2/algorithms/callGlobalPlanningAlgorithm.m', 212)" style="font-weight:bold">callGlobalPlanningAlgorithm</a> (<a href="matlab: opentoline('/Users/hust-hwashin621m/Desktop/vietanhpaper-2/algorithms/callGlobalPlanningAlgorithm.m',212,0)">line 212</a>)
In <a href="matlab:matlab.lang.internal.introspective.errorDocCallback('directGlobalPlanning', '/Users/hust-hwashin621m/Desktop/vietanhpaper-2/shared/path_planning/directGlobalPlanning.m', 59)" style="font-weight:bold">directGlobalPlanning</a> (<a href="matlab: opentoline('/Users/hust-hwashin621m/Desktop/vietanhpaper-2/shared/path_planning/directGlobalPlanning.m',59,0)">line 59</a>)
In <a href="matlab:matlab.lang.internal.introspective.errorDocCallback('run_comparison>@(varargin)directGlobalPlanning(varargin{:})', '/Users/hust-hwashin621m/Desktop/vietanhpaper-2/run_comparison.m', 282)" style="font-weight:bold">run_comparison>@(varargin)directGlobalPlanning(varargin{:})</a> (<a href="matlab: opentoline('/Users/hust-hwashin621m/Desktop/vietanhpaper-2/run_comparison.m',282,0)">line 282</a>)
In <a href="matlab:matlab.lang.internal.introspective.errorDocCallback('compare_algorithms>runAlgorithmBatch', '/Users/hust-hwashin621m/Desktop/vietanhpaper-2/scripts/compare_algorithms.m', 139)" style="font-weight:bold">compare_algorithms>runAlgorithmBatch</a> (<a href="matlab: opentoline('/Users/hust-hwashin621m/Desktop/vietanhpaper-2/scripts/compare_algorithms.m',139,0)">line 139</a>)
Starting DQN-PSO (HMM + DQN) - Mode: global
DQN-PSO iter 550/600 | Fitness: 2414.28 | w=0.735 c1=2.500 c2=0.500
DQN-PSO iter 600/600 | Fitness: 2011.69 | w=0.248 c1=2.500 c2=0.500
DQN-PSO completed with final fitness: 2011.6934

========== Planning Complete ==========
Algorithm: DQN_PSO
Execution time: 67.8227 seconds
Path length: 173.1620 units
Waypoints: 7
Best fitness: 2011.6934
========================================


========== Direct Global Planning ==========
Algorithm: DQN_PSO
Start: [10.0, 95.0, 10.0]
Goal:  [97.0, 2.0, 10.0]
============================================

Warning: DQN-PSO (paper) is homogeneous; forcing paramMode to global.
> In <a href="matlab:matlab.lang.internal.introspective.errorDocCallback('globalPathPlanningDQNPSO', '/Users/hust-hwashin621m/Desktop/vietanhpaper-2/algorithms/dqn_pso/globalPathPlanningDQNPSO.m', 15)" style="font-weight:bold">globalPathPlanningDQNPSO</a> (<a href="matlab: opentoline('/Users/hust-hwashin621m/Desktop/vietanhpaper-2/algorithms/dqn_pso/globalPathPlanningDQNPSO.m',15,0)">line 15</a>)
In <a href="matlab:matlab.lang.internal.introspective.errorDocCallback('callGlobalPlanningAlgorithm', '/Users/hust-hwashin621m/Desktop/vietanhpaper-2/algorithms/callGlobalPlanningAlgorithm.m', 212)" style="font-weight:bold">callGlobalPlanningAlgorithm</a> (<a href="matlab: opentoline('/Users/hust-hwashin621m/Desktop/vietanhpaper-2/algorithms/callGlobalPlanningAlgorithm.m',212,0)">line 212</a>)
In <a href="matlab:matlab.lang.internal.introspective.errorDocCallback('directGlobalPlanning', '/Users/hust-hwashin621m/Desktop/vietanhpaper-2/shared/path_planning/directGlobalPlanning.m', 59)" style="font-weight:bold">directGlobalPlanning</a> (<a href="matlab: opentoline('/Users/hust-hwashin621m/Desktop/vietanhpaper-2/shared/path_planning/directGlobalPlanning.m',59,0)">line 59</a>)
In <a href="matlab:matlab.lang.internal.introspective.errorDocCallback('run_comparison>@(varargin)directGlobalPlanning(varargin{:})', '/Users/hust-hwashin621m/Desktop/vietanhpaper-2/run_comparison.m', 282)" style="font-weight:bold">run_comparison>@(varargin)directGlobalPlanning(varargin{:})</a> (<a href="matlab: opentoline('/Users/hust-hwashin621m/Desktop/vietanhpaper-2/run_comparison.m',282,0)">line 282</a>)
In <a href="matlab:matlab.lang.internal.introspective.errorDocCallback('compare_algorithms>runAlgorithmBatch', '/Users/hust-hwashin621m/Desktop/vietanhpaper-2/scripts/compare_algorithms.m', 139)" style="font-weight:bold">compare_algorithms>runAlgorithmBatch</a> (<a href="matlab: opentoline('/Users/hust-hwashin621m/Desktop/vietanhpaper-2/scripts/compare_algorithms.m',139,0)">line 139</a>)
Starting DQN-PSO (HMM + DQN) - Mode: global
DQN-PSO iter 600/600 | Fitness: 2045.23 | w=0.100 c1=2.400 c2=0.600
DQN-PSO completed with final fitness: 2045.2315

========== Planning Complete ==========
Algorithm: DQN_PSO
Execution time: 67.0202 seconds
Path length: 171.1682 units
Waypoints: 7
Best fitness: 2045.2315
========================================


========== Direct Global Planning ==========
Algorithm: DQN_PSO
Start: [10.0, 95.0, 10.0]
Goal:  [97.0, 2.0, 10.0]
============================================

Warning: DQN-PSO (paper) is homogeneous; forcing paramMode to global.
> In <a href="matlab:matlab.lang.internal.introspective.errorDocCallback('globalPathPlanningDQNPSO', '/Users/hust-hwashin621m/Desktop/vietanhpaper-2/algorithms/dqn_pso/globalPathPlanningDQNPSO.m', 15)" style="font-weight:bold">globalPathPlanningDQNPSO</a> (<a href="matlab: opentoline('/Users/hust-hwashin621m/Desktop/vietanhpaper-2/algorithms/dqn_pso/globalPathPlanningDQNPSO.m',15,0)">line 15</a>)
In <a href="matlab:matlab.lang.internal.introspective.errorDocCallback('callGlobalPlanningAlgorithm', '/Users/hust-hwashin621m/Desktop/vietanhpaper-2/algorithms/callGlobalPlanningAlgorithm.m', 212)" style="font-weight:bold">callGlobalPlanningAlgorithm</a> (<a href="matlab: opentoline('/Users/hust-hwashin621m/Desktop/vietanhpaper-2/algorithms/callGlobalPlanningAlgorithm.m',212,0)">line 212</a>)
In <a href="matlab:matlab.lang.internal.introspective.errorDocCallback('directGlobalPlanning', '/Users/hust-hwashin621m/Desktop/vietanhpaper-2/shared/path_planning/directGlobalPlanning.m', 59)" style="font-weight:bold">directGlobalPlanning</a> (<a href="matlab: opentoline('/Users/hust-hwashin621m/Desktop/vietanhpaper-2/shared/path_planning/directGlobalPlanning.m',59,0)">line 59</a>)
In <a href="matlab:matlab.lang.internal.introspective.errorDocCallback('run_comparison>@(varargin)directGlobalPlanning(varargin{:})', '/Users/hust-hwashin621m/Desktop/vietanhpaper-2/run_comparison.m', 282)" style="font-weight:bold">run_comparison>@(varargin)directGlobalPlanning(varargin{:})</a> (<a href="matlab: opentoline('/Users/hust-hwashin621m/Desktop/vietanhpaper-2/run_comparison.m',282,0)">line 282</a>)
In <a href="matlab:matlab.lang.internal.introspective.errorDocCallback('compare_algorithms>runAlgorithmBatch', '/Users/hust-hwashin621m/Desktop/vietanhpaper-2/scripts/compare_algorithms.m', 139)" style="font-weight:bold">compare_algorithms>runAlgorithmBatch</a> (<a href="matlab: opentoline('/Users/hust-hwashin621m/Desktop/vietanhpaper-2/scripts/compare_algorithms.m',139,0)">line 139</a>)
Starting DQN-PSO (HMM + DQN) - Mode: global
DQN-PSO iter 600/600 | Fitness: 1527.39 | w=0.100 c1=2.400 c2=0.600
DQN-PSO completed with final fitness: 1527.3908

========== Planning Complete ==========
Algorithm: DQN_PSO
Execution time: 67.8057 seconds
Path length: 149.5917 units
Waypoints: 7
Best fitness: 1527.3908
========================================


========== Direct Global Planning ==========
Algorithm: DQN_PSO
Start: [10.0, 95.0, 10.0]
Goal:  [97.0, 2.0, 10.0]
============================================

Warning: DQN-PSO (paper) is homogeneous; forcing paramMode to global.
> In <a href="matlab:matlab.lang.internal.introspective.errorDocCallback('globalPathPlanningDQNPSO', '/Users/hust-hwashin621m/Desktop/vietanhpaper-2/algorithms/dqn_pso/globalPathPlanningDQNPSO.m', 15)" style="font-weight:bold">globalPathPlanningDQNPSO</a> (<a href="matlab: opentoline('/Users/hust-hwashin621m/Desktop/vietanhpaper-2/algorithms/dqn_pso/globalPathPlanningDQNPSO.m',15,0)">line 15</a>)
In <a href="matlab:matlab.lang.internal.introspective.errorDocCallback('callGlobalPlanningAlgorithm', '/Users/hust-hwashin621m/Desktop/vietanhpaper-2/algorithms/callGlobalPlanningAlgorithm.m', 212)" style="font-weight:bold">callGlobalPlanningAlgorithm</a> (<a href="matlab: opentoline('/Users/hust-hwashin621m/Desktop/vietanhpaper-2/algorithms/callGlobalPlanningAlgorithm.m',212,0)">line 212</a>)
In <a href="matlab:matlab.lang.internal.introspective.errorDocCallback('directGlobalPlanning', '/Users/hust-hwashin621m/Desktop/vietanhpaper-2/shared/path_planning/directGlobalPlanning.m', 59)" style="font-weight:bold">directGlobalPlanning</a> (<a href="matlab: opentoline('/Users/hust-hwashin621m/Desktop/vietanhpaper-2/shared/path_planning/directGlobalPlanning.m',59,0)">line 59</a>)
In <a href="matlab:matlab.lang.internal.introspective.errorDocCallback('run_comparison>@(varargin)directGlobalPlanning(varargin{:})', '/Users/hust-hwashin621m/Desktop/vietanhpaper-2/run_comparison.m', 282)" style="font-weight:bold">run_comparison>@(varargin)directGlobalPlanning(varargin{:})</a> (<a href="matlab: opentoline('/Users/hust-hwashin621m/Desktop/vietanhpaper-2/run_comparison.m',282,0)">line 282</a>)
In <a href="matlab:matlab.lang.internal.introspective.errorDocCallback('compare_algorithms>runAlgorithmBatch', '/Users/hust-hwashin621m/Desktop/vietanhpaper-2/scripts/compare_algorithms.m', 139)" style="font-weight:bold">compare_algorithms>runAlgorithmBatch</a> (<a href="matlab: opentoline('/Users/hust-hwashin621m/Desktop/vietanhpaper-2/scripts/compare_algorithms.m',139,0)">line 139</a>)
Starting DQN-PSO (HMM + DQN) - Mode: global
DQN-PSO iter 600/600 | Fitness: 2132.55 | w=0.592 c1=2.500 c2=0.500
DQN-PSO completed with final fitness: 2132.5488

========== Planning Complete ==========
Algorithm: DQN_PSO
Execution time: 67.1227 seconds
Path length: 240.8974 units
Waypoints: 7
Best fitness: 2132.5488
========================================


========== Direct Global Planning ==========
Algorithm: DQN_PSO
Start: [10.0, 95.0, 10.0]
Goal:  [97.0, 2.0, 10.0]
============================================

Warning: DQN-PSO (paper) is homogeneous; forcing paramMode to global.
> In <a href="matlab:matlab.lang.internal.introspective.errorDocCallback('globalPathPlanningDQNPSO', '/Users/hust-hwashin621m/Desktop/vietanhpaper-2/algorithms/dqn_pso/globalPathPlanningDQNPSO.m', 15)" style="font-weight:bold">globalPathPlanningDQNPSO</a> (<a href="matlab: opentoline('/Users/hust-hwashin621m/Desktop/vietanhpaper-2/algorithms/dqn_pso/globalPathPlanningDQNPSO.m',15,0)">line 15</a>)
In <a href="matlab:matlab.lang.internal.introspective.errorDocCallback('callGlobalPlanningAlgorithm', '/Users/hust-hwashin621m/Desktop/vietanhpaper-2/algorithms/callGlobalPlanningAlgorithm.m', 212)" style="font-weight:bold">callGlobalPlanningAlgorithm</a> (<a href="matlab: opentoline('/Users/hust-hwashin621m/Desktop/vietanhpaper-2/algorithms/callGlobalPlanningAlgorithm.m',212,0)">line 212</a>)
In <a href="matlab:matlab.lang.internal.introspective.errorDocCallback('directGlobalPlanning', '/Users/hust-hwashin621m/Desktop/vietanhpaper-2/shared/path_planning/directGlobalPlanning.m', 59)" style="font-weight:bold">directGlobalPlanning</a> (<a href="matlab: opentoline('/Users/hust-hwashin621m/Desktop/vietanhpaper-2/shared/path_planning/directGlobalPlanning.m',59,0)">line 59</a>)
In <a href="matlab:matlab.lang.internal.introspective.errorDocCallback('run_comparison>@(varargin)directGlobalPlanning(varargin{:})', '/Users/hust-hwashin621m/Desktop/vietanhpaper-2/run_comparison.m', 282)" style="font-weight:bold">run_comparison>@(varargin)directGlobalPlanning(varargin{:})</a> (<a href="matlab: opentoline('/Users/hust-hwashin621m/Desktop/vietanhpaper-2/run_comparison.m',282,0)">line 282</a>)
In <a href="matlab:matlab.lang.internal.introspective.errorDocCallback('compare_algorithms>runAlgorithmBatch', '/Users/hust-hwashin621m/Desktop/vietanhpaper-2/scripts/compare_algorithms.m', 139)" style="font-weight:bold">compare_algorithms>runAlgorithmBatch</a> (<a href="matlab: opentoline('/Users/hust-hwashin621m/Desktop/vietanhpaper-2/scripts/compare_algorithms.m',139,0)">line 139</a>)
Starting DQN-PSO (HMM + DQN) - Mode: global
DQN-PSO iter 600/600 | Fitness: 1840.75 | w=0.655 c1=2.500 c2=0.550
DQN-PSO completed with final fitness: 1840.7509

========== Planning Complete ==========
Algorithm: DQN_PSO
Execution time: 67.8539 seconds
Path length: 191.8533 units
Waypoints: 7
Best fitness: 1840.7509
========================================


========== Direct Global Planning ==========
Algorithm: DQN_PSO
Start: [10.0, 95.0, 10.0]
Goal:  [97.0, 2.0, 10.0]
============================================

Warning: DQN-PSO (paper) is homogeneous; forcing paramMode to global.
> In <a href="matlab:matlab.lang.internal.introspective.errorDocCallback('globalPathPlanningDQNPSO', '/Users/hust-hwashin621m/Desktop/vietanhpaper-2/algorithms/dqn_pso/globalPathPlanningDQNPSO.m', 15)" style="font-weight:bold">globalPathPlanningDQNPSO</a> (<a href="matlab: opentoline('/Users/hust-hwashin621m/Desktop/vietanhpaper-2/algorithms/dqn_pso/globalPathPlanningDQNPSO.m',15,0)">line 15</a>)
In <a href="matlab:matlab.lang.internal.introspective.errorDocCallback('callGlobalPlanningAlgorithm', '/Users/hust-hwashin621m/Desktop/vietanhpaper-2/algorithms/callGlobalPlanningAlgorithm.m', 212)" style="font-weight:bold">callGlobalPlanningAlgorithm</a> (<a href="matlab: opentoline('/Users/hust-hwashin621m/Desktop/vietanhpaper-2/algorithms/callGlobalPlanningAlgorithm.m',212,0)">line 212</a>)
In <a href="matlab:matlab.lang.internal.introspective.errorDocCallback('directGlobalPlanning', '/Users/hust-hwashin621m/Desktop/vietanhpaper-2/shared/path_planning/directGlobalPlanning.m', 59)" style="font-weight:bold">directGlobalPlanning</a> (<a href="matlab: opentoline('/Users/hust-hwashin621m/Desktop/vietanhpaper-2/shared/path_planning/directGlobalPlanning.m',59,0)">line 59</a>)
In <a href="matlab:matlab.lang.internal.introspective.errorDocCallback('run_comparison>@(varargin)directGlobalPlanning(varargin{:})', '/Users/hust-hwashin621m/Desktop/vietanhpaper-2/run_comparison.m', 282)" style="font-weight:bold">run_comparison>@(varargin)directGlobalPlanning(varargin{:})</a> (<a href="matlab: opentoline('/Users/hust-hwashin621m/Desktop/vietanhpaper-2/run_comparison.m',282,0)">line 282</a>)
In <a href="matlab:matlab.lang.internal.introspective.errorDocCallback('compare_algorithms>runAlgorithmBatch', '/Users/hust-hwashin621m/Desktop/vietanhpaper-2/scripts/compare_algorithms.m', 139)" style="font-weight:bold">compare_algorithms>runAlgorithmBatch</a> (<a href="matlab: opentoline('/Users/hust-hwashin621m/Desktop/vietanhpaper-2/scripts/compare_algorithms.m',139,0)">line 139</a>)
Starting DQN-PSO (HMM + DQN) - Mode: global
DQN-PSO iter 50/600 | Fitness: 2070.67 | w=0.900 c1=2.500 c2=0.500
DQN-PSO iter 600/600 | Fitness: 2376.29 | w=0.423 c1=2.300 c2=0.750
DQN-PSO completed with final fitness: 2376.2894

========== Planning Complete ==========
Algorithm: DQN_PSO
Execution time: 67.8951 seconds
Path length: 215.5798 units
Waypoints: 7
Best fitness: 2376.2894
========================================


========== Direct Global Planning ==========
Algorithm: DQN_PSO
Start: [10.0, 95.0, 10.0]
Goal:  [97.0, 2.0, 10.0]
============================================

Warning: DQN-PSO (paper) is homogeneous; forcing paramMode to global.
> In <a href="matlab:matlab.lang.internal.introspective.errorDocCallback('globalPathPlanningDQNPSO', '/Users/hust-hwashin621m/Desktop/vietanhpaper-2/algorithms/dqn_pso/globalPathPlanningDQNPSO.m', 15)" style="font-weight:bold">globalPathPlanningDQNPSO</a> (<a href="matlab: opentoline('/Users/hust-hwashin621m/Desktop/vietanhpaper-2/algorithms/dqn_pso/globalPathPlanningDQNPSO.m',15,0)">line 15</a>)
In <a href="matlab:matlab.lang.internal.introspective.errorDocCallback('callGlobalPlanningAlgorithm', '/Users/hust-hwashin621m/Desktop/vietanhpaper-2/algorithms/callGlobalPlanningAlgorithm.m', 212)" style="font-weight:bold">callGlobalPlanningAlgorithm</a> (<a href="matlab: opentoline('/Users/hust-hwashin621m/Desktop/vietanhpaper-2/algorithms/callGlobalPlanningAlgorithm.m',212,0)">line 212</a>)
In <a href="matlab:matlab.lang.internal.introspective.errorDocCallback('directGlobalPlanning', '/Users/hust-hwashin621m/Desktop/vietanhpaper-2/shared/path_planning/directGlobalPlanning.m', 59)" style="font-weight:bold">directGlobalPlanning</a> (<a href="matlab: opentoline('/Users/hust-hwashin621m/Desktop/vietanhpaper-2/shared/path_planning/directGlobalPlanning.m',59,0)">line 59</a>)
In <a href="matlab:matlab.lang.internal.introspective.errorDocCallback('run_comparison>@(varargin)directGlobalPlanning(varargin{:})', '/Users/hust-hwashin621m/Desktop/vietanhpaper-2/run_comparison.m', 282)" style="font-weight:bold">run_comparison>@(varargin)directGlobalPlanning(varargin{:})</a> (<a href="matlab: opentoline('/Users/hust-hwashin621m/Desktop/vietanhpaper-2/run_comparison.m',282,0)">line 282</a>)
In <a href="matlab:matlab.lang.internal.introspective.errorDocCallback('compare_algorithms>runAlgorithmBatch', '/Users/hust-hwashin621m/Desktop/vietanhpaper-2/scripts/compare_algorithms.m', 139)" style="font-weight:bold">compare_algorithms>runAlgorithmBatch</a> (<a href="matlab: opentoline('/Users/hust-hwashin621m/Desktop/vietanhpaper-2/scripts/compare_algorithms.m',139,0)">line 139</a>)
Starting DQN-PSO (HMM + DQN) - Mode: global
DQN-PSO iter 600/600 | Fitness: 1701.00 | w=0.900 c1=2.150 c2=0.750
DQN-PSO completed with final fitness: 1701.0045

========== Planning Complete ==========
Algorithm: DQN_PSO
Execution time: 67.4286 seconds
Path length: 152.0778 units
Waypoints: 7
Best fitness: 1701.0045
========================================


========== Direct Global Planning ==========
Algorithm: DQN_PSO
Start: [10.0, 95.0, 10.0]
Goal:  [97.0, 2.0, 10.0]
============================================

Warning: DQN-PSO (paper) is homogeneous; forcing paramMode to global.
> In <a href="matlab:matlab.lang.internal.introspective.errorDocCallback('globalPathPlanningDQNPSO', '/Users/hust-hwashin621m/Desktop/vietanhpaper-2/algorithms/dqn_pso/globalPathPlanningDQNPSO.m', 15)" style="font-weight:bold">globalPathPlanningDQNPSO</a> (<a href="matlab: opentoline('/Users/hust-hwashin621m/Desktop/vietanhpaper-2/algorithms/dqn_pso/globalPathPlanningDQNPSO.m',15,0)">line 15</a>)
In <a href="matlab:matlab.lang.internal.introspective.errorDocCallback('callGlobalPlanningAlgorithm', '/Users/hust-hwashin621m/Desktop/vietanhpaper-2/algorithms/callGlobalPlanningAlgorithm.m', 212)" style="font-weight:bold">callGlobalPlanningAlgorithm</a> (<a href="matlab: opentoline('/Users/hust-hwashin621m/Desktop/vietanhpaper-2/algorithms/callGlobalPlanningAlgorithm.m',212,0)">line 212</a>)
In <a href="matlab:matlab.lang.internal.introspective.errorDocCallback('directGlobalPlanning', '/Users/hust-hwashin621m/Desktop/vietanhpaper-2/shared/path_planning/directGlobalPlanning.m', 59)" style="font-weight:bold">directGlobalPlanning</a> (<a href="matlab: opentoline('/Users/hust-hwashin621m/Desktop/vietanhpaper-2/shared/path_planning/directGlobalPlanning.m',59,0)">line 59</a>)
In <a href="matlab:matlab.lang.internal.introspective.errorDocCallback('run_comparison>@(varargin)directGlobalPlanning(varargin{:})', '/Users/hust-hwashin621m/Desktop/vietanhpaper-2/run_comparison.m', 282)" style="font-weight:bold">run_comparison>@(varargin)directGlobalPlanning(varargin{:})</a> (<a href="matlab: opentoline('/Users/hust-hwashin621m/Desktop/vietanhpaper-2/run_comparison.m',282,0)">line 282</a>)
In <a href="matlab:matlab.lang.internal.introspective.errorDocCallback('compare_algorithms>runAlgorithmBatch', '/Users/hust-hwashin621m/Desktop/vietanhpaper-2/scripts/compare_algorithms.m', 139)" style="font-weight:bold">compare_algorithms>runAlgorithmBatch</a> (<a href="matlab: opentoline('/Users/hust-hwashin621m/Desktop/vietanhpaper-2/scripts/compare_algorithms.m',139,0)">line 139</a>)
Starting DQN-PSO (HMM + DQN) - Mode: global
DQN-PSO iter 600/600 | Fitness: 1806.87 | w=0.268 c1=2.500 c2=0.500
DQN-PSO completed with final fitness: 1806.8683

========== Planning Complete ==========
Algorithm: DQN_PSO
Execution time: 67.4523 seconds
Path length: 155.4379 units
Waypoints: 7
Best fitness: 1806.8683
========================================


========== Direct Global Planning ==========
Algorithm: DQN_PSO
Start: [10.0, 95.0, 10.0]
Goal:  [97.0, 2.0, 10.0]
============================================

Warning: DQN-PSO (paper) is homogeneous; forcing paramMode to global.
> In <a href="matlab:matlab.lang.internal.introspective.errorDocCallback('globalPathPlanningDQNPSO', '/Users/hust-hwashin621m/Desktop/vietanhpaper-2/algorithms/dqn_pso/globalPathPlanningDQNPSO.m', 15)" style="font-weight:bold">globalPathPlanningDQNPSO</a> (<a href="matlab: opentoline('/Users/hust-hwashin621m/Desktop/vietanhpaper-2/algorithms/dqn_pso/globalPathPlanningDQNPSO.m',15,0)">line 15</a>)
In <a href="matlab:matlab.lang.internal.introspective.errorDocCallback('callGlobalPlanningAlgorithm', '/Users/hust-hwashin621m/Desktop/vietanhpaper-2/algorithms/callGlobalPlanningAlgorithm.m', 212)" style="font-weight:bold">callGlobalPlanningAlgorithm</a> (<a href="matlab: opentoline('/Users/hust-hwashin621m/Desktop/vietanhpaper-2/algorithms/callGlobalPlanningAlgorithm.m',212,0)">line 212</a>)
In <a href="matlab:matlab.lang.internal.introspective.errorDocCallback('directGlobalPlanning', '/Users/hust-hwashin621m/Desktop/vietanhpaper-2/shared/path_planning/directGlobalPlanning.m', 59)" style="font-weight:bold">directGlobalPlanning</a> (<a href="matlab: opentoline('/Users/hust-hwashin621m/Desktop/vietanhpaper-2/shared/path_planning/directGlobalPlanning.m',59,0)">line 59</a>)
In <a href="matlab:matlab.lang.internal.introspective.errorDocCallback('run_comparison>@(varargin)directGlobalPlanning(varargin{:})', '/Users/hust-hwashin621m/Desktop/vietanhpaper-2/run_comparison.m', 282)" style="font-weight:bold">run_comparison>@(varargin)directGlobalPlanning(varargin{:})</a> (<a href="matlab: opentoline('/Users/hust-hwashin621m/Desktop/vietanhpaper-2/run_comparison.m',282,0)">line 282</a>)
In <a href="matlab:matlab.lang.internal.introspective.errorDocCallback('compare_algorithms>runAlgorithmBatch', '/Users/hust-hwashin621m/Desktop/vietanhpaper-2/scripts/compare_algorithms.m', 139)" style="font-weight:bold">compare_algorithms>runAlgorithmBatch</a> (<a href="matlab: opentoline('/Users/hust-hwashin621m/Desktop/vietanhpaper-2/scripts/compare_algorithms.m',139,0)">line 139</a>)
Starting DQN-PSO (HMM + DQN) - Mode: global
DQN-PSO iter 100/600 | Fitness: 1767.01 | w=0.405 c1=2.500 c2=0.500
DQN-PSO iter 600/600 | Fitness: 1757.40 | w=0.900 c1=2.450 c2=0.500
DQN-PSO completed with final fitness: 1757.4047

========== Planning Complete ==========
Algorithm: DQN_PSO
Execution time: 68.8371 seconds
Path length: 158.0239 units
Waypoints: 7
Best fitness: 1757.4047
========================================


========== Direct Global Planning ==========
Algorithm: DQN_PSO
Start: [10.0, 95.0, 10.0]
Goal:  [97.0, 2.0, 10.0]
============================================

Warning: DQN-PSO (paper) is homogeneous; forcing paramMode to global.
> In <a href="matlab:matlab.lang.internal.introspective.errorDocCallback('globalPathPlanningDQNPSO', '/Users/hust-hwashin621m/Desktop/vietanhpaper-2/algorithms/dqn_pso/globalPathPlanningDQNPSO.m', 15)" style="font-weight:bold">globalPathPlanningDQNPSO</a> (<a href="matlab: opentoline('/Users/hust-hwashin621m/Desktop/vietanhpaper-2/algorithms/dqn_pso/globalPathPlanningDQNPSO.m',15,0)">line 15</a>)
In <a href="matlab:matlab.lang.internal.introspective.errorDocCallback('callGlobalPlanningAlgorithm', '/Users/hust-hwashin621m/Desktop/vietanhpaper-2/algorithms/callGlobalPlanningAlgorithm.m', 212)" style="font-weight:bold">callGlobalPlanningAlgorithm</a> (<a href="matlab: opentoline('/Users/hust-hwashin621m/Desktop/vietanhpaper-2/algorithms/callGlobalPlanningAlgorithm.m',212,0)">line 212</a>)
In <a href="matlab:matlab.lang.internal.introspective.errorDocCallback('directGlobalPlanning', '/Users/hust-hwashin621m/Desktop/vietanhpaper-2/shared/path_planning/directGlobalPlanning.m', 59)" style="font-weight:bold">directGlobalPlanning</a> (<a href="matlab: opentoline('/Users/hust-hwashin621m/Desktop/vietanhpaper-2/shared/path_planning/directGlobalPlanning.m',59,0)">line 59</a>)
In <a href="matlab:matlab.lang.internal.introspective.errorDocCallback('run_comparison>@(varargin)directGlobalPlanning(varargin{:})', '/Users/hust-hwashin621m/Desktop/vietanhpaper-2/run_comparison.m', 282)" style="font-weight:bold">run_comparison>@(varargin)directGlobalPlanning(varargin{:})</a> (<a href="matlab: opentoline('/Users/hust-hwashin621m/Desktop/vietanhpaper-2/run_comparison.m',282,0)">line 282</a>)
In <a href="matlab:matlab.lang.internal.introspective.errorDocCallback('compare_algorithms>runAlgorithmBatch', '/Users/hust-hwashin621m/Desktop/vietanhpaper-2/scripts/compare_algorithms.m', 139)" style="font-weight:bold">compare_algorithms>runAlgorithmBatch</a> (<a href="matlab: opentoline('/Users/hust-hwashin621m/Desktop/vietanhpaper-2/scripts/compare_algorithms.m',139,0)">line 139</a>)
Starting DQN-PSO (HMM + DQN) - Mode: global
DQN-PSO iter 600/600 | Fitness: 2491.96 | w=0.475 c1=2.500 c2=0.500
DQN-PSO completed with final fitness: 2491.9553

========== Planning Complete ==========
Algorithm: DQN_PSO
Execution time: 68.2429 seconds
Path length: 231.1489 units
Waypoints: 7
Best fitness: 2491.9553
========================================


========== Direct Global Planning ==========
Algorithm: DQN_PSO
Start: [10.0, 95.0, 10.0]
Goal:  [97.0, 2.0, 10.0]
============================================

Warning: DQN-PSO (paper) is homogeneous; forcing paramMode to global.
> In <a href="matlab:matlab.lang.internal.introspective.errorDocCallback('globalPathPlanningDQNPSO', '/Users/hust-hwashin621m/Desktop/vietanhpaper-2/algorithms/dqn_pso/globalPathPlanningDQNPSO.m', 15)" style="font-weight:bold">globalPathPlanningDQNPSO</a> (<a href="matlab: opentoline('/Users/hust-hwashin621m/Desktop/vietanhpaper-2/algorithms/dqn_pso/globalPathPlanningDQNPSO.m',15,0)">line 15</a>)
In <a href="matlab:matlab.lang.internal.introspective.errorDocCallback('callGlobalPlanningAlgorithm', '/Users/hust-hwashin621m/Desktop/vietanhpaper-2/algorithms/callGlobalPlanningAlgorithm.m', 212)" style="font-weight:bold">callGlobalPlanningAlgorithm</a> (<a href="matlab: opentoline('/Users/hust-hwashin621m/Desktop/vietanhpaper-2/algorithms/callGlobalPlanningAlgorithm.m',212,0)">line 212</a>)
In <a href="matlab:matlab.lang.internal.introspective.errorDocCallback('directGlobalPlanning', '/Users/hust-hwashin621m/Desktop/vietanhpaper-2/shared/path_planning/directGlobalPlanning.m', 59)" style="font-weight:bold">directGlobalPlanning</a> (<a href="matlab: opentoline('/Users/hust-hwashin621m/Desktop/vietanhpaper-2/shared/path_planning/directGlobalPlanning.m',59,0)">line 59</a>)
In <a href="matlab:matlab.lang.internal.introspective.errorDocCallback('run_comparison>@(varargin)directGlobalPlanning(varargin{:})', '/Users/hust-hwashin621m/Desktop/vietanhpaper-2/run_comparison.m', 282)" style="font-weight:bold">run_comparison>@(varargin)directGlobalPlanning(varargin{:})</a> (<a href="matlab: opentoline('/Users/hust-hwashin621m/Desktop/vietanhpaper-2/run_comparison.m',282,0)">line 282</a>)
In <a href="matlab:matlab.lang.internal.introspective.errorDocCallback('compare_algorithms>runAlgorithmBatch', '/Users/hust-hwashin621m/Desktop/vietanhpaper-2/scripts/compare_algorithms.m', 139)" style="font-weight:bold">compare_algorithms>runAlgorithmBatch</a> (<a href="matlab: opentoline('/Users/hust-hwashin621m/Desktop/vietanhpaper-2/scripts/compare_algorithms.m',139,0)">line 139</a>)
Starting DQN-PSO (HMM + DQN) - Mode: global
DQN-PSO iter 50/600 | Fitness: 2098.83 | w=0.900 c1=1.700 c2=1.200
DQN-PSO iter 50/600 | Fitness: 1938.81 | w=0.100 c1=2.400 c2=0.600
DQN-PSO iter 600/600 | Fitness: 2350.79 | w=0.579 c1=2.500 c2=0.500
DQN-PSO completed with final fitness: 2350.7877

========== Planning Complete ==========
Algorithm: DQN_PSO
Execution time: 69.2963 seconds
Path length: 242.7598 units
Waypoints: 7
Best fitness: 2350.7877
========================================


========== Direct Global Planning ==========
Algorithm: DQN_PSO
Start: [10.0, 95.0, 10.0]
Goal:  [97.0, 2.0, 10.0]
============================================

Warning: DQN-PSO (paper) is homogeneous; forcing paramMode to global.
> In <a href="matlab:matlab.lang.internal.introspective.errorDocCallback('globalPathPlanningDQNPSO', '/Users/hust-hwashin621m/Desktop/vietanhpaper-2/algorithms/dqn_pso/globalPathPlanningDQNPSO.m', 15)" style="font-weight:bold">globalPathPlanningDQNPSO</a> (<a href="matlab: opentoline('/Users/hust-hwashin621m/Desktop/vietanhpaper-2/algorithms/dqn_pso/globalPathPlanningDQNPSO.m',15,0)">line 15</a>)
In <a href="matlab:matlab.lang.internal.introspective.errorDocCallback('callGlobalPlanningAlgorithm', '/Users/hust-hwashin621m/Desktop/vietanhpaper-2/algorithms/callGlobalPlanningAlgorithm.m', 212)" style="font-weight:bold">callGlobalPlanningAlgorithm</a> (<a href="matlab: opentoline('/Users/hust-hwashin621m/Desktop/vietanhpaper-2/algorithms/callGlobalPlanningAlgorithm.m',212,0)">line 212</a>)
In <a href="matlab:matlab.lang.internal.introspective.errorDocCallback('directGlobalPlanning', '/Users/hust-hwashin621m/Desktop/vietanhpaper-2/shared/path_planning/directGlobalPlanning.m', 59)" style="font-weight:bold">directGlobalPlanning</a> (<a href="matlab: opentoline('/Users/hust-hwashin621m/Desktop/vietanhpaper-2/shared/path_planning/directGlobalPlanning.m',59,0)">line 59</a>)
In <a href="matlab:matlab.lang.internal.introspective.errorDocCallback('run_comparison>@(varargin)directGlobalPlanning(varargin{:})', '/Users/hust-hwashin621m/Desktop/vietanhpaper-2/run_comparison.m', 282)" style="font-weight:bold">run_comparison>@(varargin)directGlobalPlanning(varargin{:})</a> (<a href="matlab: opentoline('/Users/hust-hwashin621m/Desktop/vietanhpaper-2/run_comparison.m',282,0)">line 282</a>)
In <a href="matlab:matlab.lang.internal.introspective.errorDocCallback('compare_algorithms>runAlgorithmBatch', '/Users/hust-hwashin621m/Desktop/vietanhpaper-2/scripts/compare_algorithms.m', 139)" style="font-weight:bold">compare_algorithms>runAlgorithmBatch</a> (<a href="matlab: opentoline('/Users/hust-hwashin621m/Desktop/vietanhpaper-2/scripts/compare_algorithms.m',139,0)">line 139</a>)
Starting DQN-PSO (HMM + DQN) - Mode: global
DQN-PSO iter 600/600 | Fitness: 2414.28 | w=0.538 c1=2.500 c2=0.550
DQN-PSO completed with final fitness: 2414.2759

========== Planning Complete ==========
Algorithm: DQN_PSO
Execution time: 68.4161 seconds
Path length: 220.4280 units
Waypoints: 7
Best fitness: 2414.2759
========================================


========== Direct Global Planning ==========
Algorithm: DQN_PSO
Start: [10.0, 95.0, 10.0]
Goal:  [97.0, 2.0, 10.0]
============================================

Warning: DQN-PSO (paper) is homogeneous; forcing paramMode to global.
> In <a href="matlab:matlab.lang.internal.introspective.errorDocCallback('globalPathPlanningDQNPSO', '/Users/hust-hwashin621m/Desktop/vietanhpaper-2/algorithms/dqn_pso/globalPathPlanningDQNPSO.m', 15)" style="font-weight:bold">globalPathPlanningDQNPSO</a> (<a href="matlab: opentoline('/Users/hust-hwashin621m/Desktop/vietanhpaper-2/algorithms/dqn_pso/globalPathPlanningDQNPSO.m',15,0)">line 15</a>)
In <a href="matlab:matlab.lang.internal.introspective.errorDocCallback('callGlobalPlanningAlgorithm', '/Users/hust-hwashin621m/Desktop/vietanhpaper-2/algorithms/callGlobalPlanningAlgorithm.m', 212)" style="font-weight:bold">callGlobalPlanningAlgorithm</a> (<a href="matlab: opentoline('/Users/hust-hwashin621m/Desktop/vietanhpaper-2/algorithms/callGlobalPlanningAlgorithm.m',212,0)">line 212</a>)
In <a href="matlab:matlab.lang.internal.introspective.errorDocCallback('directGlobalPlanning', '/Users/hust-hwashin621m/Desktop/vietanhpaper-2/shared/path_planning/directGlobalPlanning.m', 59)" style="font-weight:bold">directGlobalPlanning</a> (<a href="matlab: opentoline('/Users/hust-hwashin621m/Desktop/vietanhpaper-2/shared/path_planning/directGlobalPlanning.m',59,0)">line 59</a>)
In <a href="matlab:matlab.lang.internal.introspective.errorDocCallback('run_comparison>@(varargin)directGlobalPlanning(varargin{:})', '/Users/hust-hwashin621m/Desktop/vietanhpaper-2/run_comparison.m', 282)" style="font-weight:bold">run_comparison>@(varargin)directGlobalPlanning(varargin{:})</a> (<a href="matlab: opentoline('/Users/hust-hwashin621m/Desktop/vietanhpaper-2/run_comparison.m',282,0)">line 282</a>)
In <a href="matlab:matlab.lang.internal.introspective.errorDocCallback('compare_algorithms>runAlgorithmBatch', '/Users/hust-hwashin621m/Desktop/vietanhpaper-2/scripts/compare_algorithms.m', 139)" style="font-weight:bold">compare_algorithms>runAlgorithmBatch</a> (<a href="matlab: opentoline('/Users/hust-hwashin621m/Desktop/vietanhpaper-2/scripts/compare_algorithms.m',139,0)">line 139</a>)
Starting DQN-PSO (HMM + DQN) - Mode: global
DQN-PSO iter 50/600 | Fitness: 2166.79 | w=0.900 c1=2.050 c2=0.700
DQN-PSO iter 50/600 | Fitness: 2286.54 | w=0.100 c1=1.750 c2=1.100
DQN-PSO iter 50/600 | Fitness: 1752.29 | w=0.900 c1=2.500 c2=0.500
DQN-PSO iter 50/600 | Fitness: 1950.69 | w=0.245 c1=2.500 c2=0.500
DQN-PSO iter 50/600 | Fitness: 2276.21 | w=0.447 c1=2.500 c2=0.500
DQN-PSO iter 50/600 | Fitness: 2198.60 | w=0.413 c1=2.300 c2=0.900
DQN-PSO iter 50/600 | Fitness: 1899.93 | w=0.371 c1=2.500 c2=0.500
DQN-PSO iter 50/600 | Fitness: 1801.73 | w=0.100 c1=0.550 c2=2.350
DQN-PSO iter 50/600 | Fitness: 1731.18 | w=0.640 c1=2.500 c2=0.500
DQN-PSO iter 50/600 | Fitness: 2093.99 | w=0.402 c1=2.500 c2=0.500
DQN-PSO iter 100/600 | Fitness: 1830.97 | w=0.646 c1=2.500 c2=0.500
DQN-PSO iter 150/600 | Fitness: 1729.64 | w=0.426 c1=2.500 c2=0.500
DQN-PSO iter 100/600 | Fitness: 1967.99 | w=0.900 c1=2.500 c2=0.500
DQN-PSO iter 100/600 | Fitness: 1931.98 | w=0.560 c1=2.500 c2=0.500
DQN-PSO iter 100/600 | Fitness: 2243.16 | w=0.366 c1=1.150 c2=1.700
DQN-PSO iter 100/600 | Fitness: 1943.22 | w=0.325 c1=2.500 c2=0.500
DQN-PSO iter 100/600 | Fitness: 1934.44 | w=0.418 c1=2.500 c2=0.500
DQN-PSO iter 100/600 | Fitness: 1701.17 | w=0.400 c1=2.500 c2=0.500
DQN-PSO iter 100/600 | Fitness: 2200.10 | w=0.900 c1=2.500 c2=0.500
DQN-PSO iter 100/600 | Fitness: 2106.22 | w=0.400 c1=2.500 c2=0.500
DQN-PSO iter 100/600 | Fitness: 1776.15 | w=0.100 c1=0.500 c2=2.500
DQN-PSO iter 100/600 | Fitness: 1895.40 | w=0.100 c1=2.400 c2=0.600
DQN-PSO iter 100/600 | Fitness: 1712.61 | w=0.900 c1=2.450 c2=0.500
DQN-PSO iter 150/600 | Fitness: 1790.83 | w=0.879 c1=2.500 c2=0.500
DQN-PSO iter 100/600 | Fitness: 2057.41 | w=0.900 c1=2.500 c2=0.500
DQN-PSO iter 200/600 | Fitness: 1715.15 | w=0.405 c1=2.500 c2=0.500
DQN-PSO iter 150/600 | Fitness: 1931.54 | w=0.100 c1=2.400 c2=0.600
DQN-PSO iter 150/600 | Fitness: 1873.33 | w=0.900 c1=2.450 c2=0.500
DQN-PSO iter 150/600 | Fitness: 1940.58 | w=0.900 c1=2.500 c2=0.500
DQN-PSO iter 150/600 | Fitness: 2195.30 | w=0.347 c1=2.500 c2=0.500
DQN-PSO iter 150/600 | Fitness: 2224.08 | w=0.225 c1=1.650 c2=1.200
DQN-PSO iter 150/600 | Fitness: 1700.46 | w=0.400 c1=2.500 c2=0.500
DQN-PSO iter 150/600 | Fitness: 1933.78 | w=0.768 c1=2.500 c2=0.500
DQN-PSO iter 150/600 | Fitness: 2106.01 | w=0.429 c1=2.500 c2=0.500
DQN-PSO iter 150/600 | Fitness: 1895.36 | w=0.129 c1=2.500 c2=0.500
DQN-PSO iter 150/600 | Fitness: 1775.73 | w=0.655 c1=0.600 c2=2.400
DQN-PSO iter 150/600 | Fitness: 1712.30 | w=0.100 c1=2.400 c2=0.600
DQN-PSO iter 150/600 | Fitness: 2056.85 | w=0.400 c1=2.500 c2=0.500
DQN-PSO iter 250/600 | Fitness: 1698.37 | w=0.900 c1=2.450 c2=0.500
DQN-PSO iter 200/600 | Fitness: 1725.45 | w=0.439 c1=2.500 c2=0.500
DQN-PSO iter 200/600 | Fitness: 1931.54 | w=0.897 c1=2.500 c2=0.500
DQN-PSO iter 200/600 | Fitness: 1829.09 | w=0.422 c1=2.500 c2=0.550
DQN-PSO iter 200/600 | Fitness: 1940.25 | w=0.100 c1=2.400 c2=0.600
DQN-PSO iter 200/600 | Fitness: 2224.08 | w=0.100 c1=1.750 c2=1.150
DQN-PSO iter 200/600 | Fitness: 1700.09 | w=0.294 c1=2.500 c2=0.500
DQN-PSO iter 200/600 | Fitness: 2193.05 | w=0.100 c1=2.050 c2=1.000
DQN-PSO iter 200/600 | Fitness: 2106.01 | w=0.900 c1=2.500 c2=0.500
DQN-PSO iter 200/600 | Fitness: 1933.77 | w=0.900 c1=2.500 c2=0.500
DQN-PSO iter 200/600 | Fitness: 1775.07 | w=0.100 c1=0.500 c2=2.500
DQN-PSO iter 200/600 | Fitness: 1895.16 | w=0.539 c1=2.500 c2=0.500
DQN-PSO iter 200/600 | Fitness: 1711.92 | w=0.313 c1=2.500 c2=0.500
DQN-PSO iter 250/600 | Fitness: 1718.77 | w=0.100 c1=2.400 c2=0.600
DQN-PSO iter 300/600 | Fitness: 1697.34 | w=0.400 c1=2.500 c2=0.500
DQN-PSO iter 200/600 | Fitness: 2056.85 | w=0.400 c1=2.500 c2=0.500
DQN-PSO iter 250/600 | Fitness: 1931.54 | w=0.440 c1=2.500 c2=0.500
DQN-PSO iter 250/600 | Fitness: 1818.88 | w=0.100 c1=2.300 c2=0.600
DQN-PSO iter 250/600 | Fitness: 1940.24 | w=0.286 c1=2.500 c2=0.500
DQN-PSO iter 250/600 | Fitness: 2193.05 | w=0.900 c1=2.500 c2=0.550
DQN-PSO iter 250/600 | Fitness: 1700.09 | w=0.900 c1=2.500 c2=0.500
DQN-PSO iter 250/600 | Fitness: 2106.01 | w=0.703 c1=2.500 c2=0.500
DQN-PSO iter 250/600 | Fitness: 2223.85 | w=0.100 c1=2.400 c2=0.600
DQN-PSO iter 250/600 | Fitness: 1933.75 | w=0.757 c1=2.500 c2=0.500
DQN-PSO iter 250/600 | Fitness: 1895.01 | w=0.115 c1=2.500 c2=0.500
DQN-PSO iter 250/600 | Fitness: 1710.15 | w=0.900 c1=2.500 c2=0.500
DQN-PSO iter 250/600 | Fitness: 1775.03 | w=0.333 c1=0.600 c2=2.400
DQN-PSO iter 300/600 | Fitness: 1685.90 | w=0.100 c1=2.400 c2=0.600
DQN-PSO iter 250/600 | Fitness: 2051.64 | w=0.400 c1=2.500 c2=0.500
DQN-PSO iter 350/600 | Fitness: 1694.54 | w=0.535 c1=2.500 c2=0.500
DQN-PSO iter 300/600 | Fitness: 1931.54 | w=0.556 c1=2.500 c2=0.500
DQN-PSO iter 300/600 | Fitness: 1802.00 | w=0.900 c1=2.250 c2=0.700
DQN-PSO iter 300/600 | Fitness: 1940.24 | w=0.100 c1=2.400 c2=0.600
DQN-PSO iter 300/600 | Fitness: 2192.99 | w=0.571 c1=2.500 c2=0.550
DQN-PSO iter 300/600 | Fitness: 2223.83 | w=0.100 c1=2.400 c2=0.950
DQN-PSO iter 300/600 | Fitness: 1700.09 | w=0.100 c1=2.400 c2=0.600
DQN-PSO iter 300/600 | Fitness: 2105.99 | w=0.100 c1=2.400 c2=0.600
DQN-PSO iter 300/600 | Fitness: 1774.56 | w=0.729 c1=0.600 c2=2.400
DQN-PSO iter 300/600 | Fitness: 1933.17 | w=0.900 c1=2.500 c2=0.500
DQN-PSO iter 300/600 | Fitness: 1709.95 | w=0.400 c1=2.400 c2=0.650
DQN-PSO iter 300/600 | Fitness: 1894.93 | w=0.794 c1=2.500 c2=0.500
DQN-PSO iter 350/600 | Fitness: 1667.94 | w=0.900 c1=2.500 c2=0.500
DQN-PSO iter 300/600 | Fitness: 2051.43 | w=0.900 c1=2.500 c2=0.500
DQN-PSO iter 400/600 | Fitness: 1693.54 | w=0.530 c1=2.500 c2=0.500
DQN-PSO iter 350/600 | Fitness: 1931.54 | w=0.788 c1=2.500 c2=0.500
DQN-PSO iter 350/600 | Fitness: 1763.67 | w=0.527 c1=2.500 c2=0.500
DQN-PSO iter 350/600 | Fitness: 1940.24 | w=0.423 c1=2.500 c2=0.500
DQN-PSO iter 350/600 | Fitness: 1700.09 | w=0.100 c1=2.400 c2=0.850
DQN-PSO iter 350/600 | Fitness: 2192.89 | w=0.400 c1=2.500 c2=0.500
DQN-PSO iter 350/600 | Fitness: 2105.96 | w=0.900 c1=2.500 c2=0.500
DQN-PSO iter 350/600 | Fitness: 2223.19 | w=0.501 c1=2.500 c2=0.500
DQN-PSO iter 350/600 | Fitness: 1774.25 | w=0.900 c1=0.700 c2=2.250
DQN-PSO iter 350/600 | Fitness: 1933.16 | w=0.538 c1=2.500 c2=0.500
DQN-PSO iter 350/600 | Fitness: 1894.90 | w=0.309 c1=2.500 c2=0.500
DQN-PSO iter 350/600 | Fitness: 1709.95 | w=0.100 c1=2.400 c2=0.600
DQN-PSO iter 400/600 | Fitness: 1665.03 | w=0.900 c1=2.500 c2=0.500
DQN-PSO iter 350/600 | Fitness: 2050.82 | w=0.400 c1=2.500 c2=0.500
DQN-PSO iter 450/600 | Fitness: 1691.84 | w=0.900 c1=2.500 c2=0.500
DQN-PSO iter 400/600 | Fitness: 1931.54 | w=0.900 c1=2.500 c2=0.500
DQN-PSO iter 400/600 | Fitness: 1762.75 | w=0.100 c1=2.400 c2=0.600
DQN-PSO iter 400/600 | Fitness: 1940.24 | w=0.163 c1=2.500 c2=0.500
DQN-PSO iter 400/600 | Fitness: 2192.89 | w=0.100 c1=2.300 c2=0.700
DQN-PSO iter 400/600 | Fitness: 2100.39 | w=0.900 c1=2.500 c2=0.500
DQN-PSO iter 400/600 | Fitness: 2223.19 | w=0.518 c1=2.500 c2=0.500
DQN-PSO iter 400/600 | Fitness: 1700.09 | w=0.425 c1=2.500 c2=0.500
DQN-PSO iter 400/600 | Fitness: 1709.95 | w=0.100 c1=2.400 c2=0.600
DQN-PSO iter 400/600 | Fitness: 1773.90 | w=0.128 c1=0.700 c2=2.300
DQN-PSO iter 400/600 | Fitness: 1933.16 | w=0.410 c1=2.500 c2=0.500
DQN-PSO iter 400/600 | Fitness: 1894.89 | w=0.900 c1=2.500 c2=0.500
DQN-PSO iter 450/600 | Fitness: 1661.95 | w=0.900 c1=2.500 c2=0.500
DQN-PSO iter 500/600 | Fitness: 1690.17 | w=0.900 c1=2.500 c2=0.500
DQN-PSO iter 400/600 | Fitness: 2050.82 | w=0.400 c1=2.500 c2=0.500
DQN-PSO iter 450/600 | Fitness: 1931.54 | w=0.613 c1=2.500 c2=0.500
DQN-PSO iter 450/600 | Fitness: 1761.84 | w=0.900 c1=2.450 c2=0.500
DQN-PSO iter 450/600 | Fitness: 1940.24 | w=0.900 c1=2.500 c2=0.500
DQN-PSO iter 450/600 | Fitness: 1700.09 | w=0.498 c1=2.500 c2=0.500
DQN-PSO iter 450/600 | Fitness: 2192.89 | w=0.436 c1=2.500 c2=0.500
DQN-PSO iter 450/600 | Fitness: 2100.39 | w=0.579 c1=2.500 c2=0.500
DQN-PSO iter 450/600 | Fitness: 2223.19 | w=0.900 c1=2.500 c2=0.500
DQN-PSO iter 450/600 | Fitness: 1773.86 | w=0.100 c1=0.500 c2=2.500
DQN-PSO iter 450/600 | Fitness: 1894.88 | w=0.900 c1=2.450 c2=0.500
DQN-PSO iter 450/600 | Fitness: 1709.95 | w=0.110 c1=2.500 c2=0.500
DQN-PSO iter 450/600 | Fitness: 1933.16 | w=0.548 c1=2.500 c2=0.550
DQN-PSO iter 550/600 | Fitness: 1688.53 | w=0.900 c1=2.500 c2=0.500
DQN-PSO iter 500/600 | Fitness: 1660.33 | w=0.100 c1=2.400 c2=0.600
DQN-PSO iter 450/600 | Fitness: 2050.82 | w=0.400 c1=2.500 c2=0.500
DQN-PSO iter 500/600 | Fitness: 1931.54 | w=0.270 c1=2.500 c2=0.500
DQN-PSO iter 500/600 | Fitness: 1757.13 | w=0.100 c1=2.300 c2=0.700
DQN-PSO iter 500/600 | Fitness: 1940.24 | w=0.672 c1=2.450 c2=0.600
DQN-PSO iter 500/600 | Fitness: 1700.09 | w=0.100 c1=2.400 c2=0.600
DQN-PSO iter 500/600 | Fitness: 2192.89 | w=0.768 c1=2.400 c2=0.650
DQN-PSO iter 500/600 | Fitness: 2223.19 | w=0.457 c1=2.500 c2=0.500
DQN-PSO iter 500/600 | Fitness: 2100.39 | w=0.127 c1=2.500 c2=0.500
DQN-PSO iter 500/600 | Fitness: 1773.71 | w=0.900 c1=1.250 c2=1.800
DQN-PSO iter 500/600 | Fitness: 1709.95 | w=0.675 c1=2.300 c2=0.800
DQN-PSO iter 500/600 | Fitness: 1933.16 | w=0.509 c1=2.500 c2=0.500
DQN-PSO iter 500/600 | Fitness: 1894.88 | w=0.400 c1=2.500 c2=0.550
DQN-PSO iter 550/600 | Fitness: 1659.90 | w=0.632 c1=2.350 c2=0.600
DQN-PSO iter 600/600 | Fitness: 1685.91 | w=0.406 c1=2.500 c2=0.500
DQN-PSO completed with final fitness: 1685.9119

========== Planning Complete ==========
Algorithm: DQN_PSO
Execution time: 66.6407 seconds
Path length: 214.1299 units
Waypoints: 7
Best fitness: 1685.9119
========================================


========== Direct Global Planning ==========
Algorithm: RLAMPSO
Start: [10.0, 95.0, 10.0]
Goal:  [97.0, 2.0, 10.0]
============================================


╔════════════════════════════════════════════════════════╗
║     RLAM-PSO Configuration (GPU-Optimized)            ║
╚════════════════════════════════════════════════════════╝

Mode: baseline

--- Features Enabled ---
  Transformer State: OFF (state: 15D)
  TD3:               OFF
  PER:               OFF
  Curriculum:        OFF

--- Compute Configuration ---
  Mode:              GPU-Optimized Sequential
  GPU:               OFF (CPU fallback)
  Parallel:          OFF (disabled for dlnetwork compatibility)

--- Training Parameters ---
  Episodes:          100
  Population:        40
  Max Iterations:    600
  Batch Size:        256 (GPU-optimized)
  Actor LR:          0.00010
  Critic LR:         0.00100

--- GPU Optimization (2025) ---
  Gradient Steps/Call:  1
  Train Every:          1 iterations
  Mid-Episode Training: ON
  Estimated UTD Ratio:  ~600.0

════════════════════════════════════════════════════════


╔════════════════════════════════════════════════════════╗
║     RLAM-PSO Configuration (GPU-Optimized)            ║
╚════════════════════════════════════════════════════════╝

Mode: baseline

--- Features Enabled ---
  Transformer State: OFF (state: 15D)
  TD3:               OFF
  PER:               OFF
  Curriculum:        OFF

--- Compute Configuration ---
  Mode:              GPU-Optimized Sequential
  GPU:               OFF (CPU fallback)
  Parallel:          OFF (disabled for dlnetwork compatibility)

--- Training Parameters ---
  Episodes:          100
  Population:        40
  Max Iterations:    600
  Batch Size:        256 (GPU-optimized)
  Actor LR:          0.00010
  Critic LR:         0.00100

--- GPU Optimization (2025) ---
  Gradient Steps/Call:  1
  Train Every:          1 iterations
  Mid-Episode Training: ON
  Estimated UTD Ratio:  ~600.0

════════════════════════════════════════════════════════

DQN-PSO iter 500/600 | Fitness: 2050.82 | w=0.400 c1=2.500 c2=0.500
DQN-PSO iter 550/600 | Fitness: 1931.54 | w=0.680 c1=2.500 c2=0.550
[ACTION DEBUG iter 100] Raw action[1:3]: [0.8875, -0.7556, -0.4577], noise: 0.0500
[RLAMPSO DEBUG iter 100] w=0.5919, c1=2.4217, c2=1.8965 | fitness=1709.34
[REWARD DEBUG iter 100] FitnessImprovement: 0.0000 → Reward: -1.0000 (prevFit=1709.34, currFit=1709.34)
DQN-PSO iter 550/600 | Fitness: 1754.81 | w=0.900 c1=2.500 c2=0.500
DQN-PSO iter 550/600 | Fitness: 2192.89 | w=0.900 c1=2.500 c2=0.500
DQN-PSO iter 550/600 | Fitness: 1940.24 | w=0.100 c1=2.300 c2=0.700
DQN-PSO iter 550/600 | Fitness: 2223.19 | w=0.614 c1=2.500 c2=0.500
DQN-PSO iter 550/600 | Fitness: 1700.09 | w=0.375 c1=2.500 c2=0.500
[ACTION DEBUG iter 200] Raw action[1:3]: [0.0153, -0.5426, -0.4636], noise: 0.0500
[RLAMPSO DEBUG iter 200] w=0.4490, c1=2.2919, c2=1.9257 | fitness=1673.94
[REWARD DEBUG iter 200] FitnessImprovement: 0.0000 → Reward: -1.0000 (prevFit=1673.94, currFit=1673.94)
DQN-PSO iter 550/600 | Fitness: 2100.39 | w=0.100 c1=2.400 c2=0.650
DQN-PSO iter 550/600 | Fitness: 1772.88 | w=0.411 c1=0.950 c2=2.100
DQN-PSO iter 550/600 | Fitness: 1933.16 | w=0.100 c1=2.400 c2=0.600
DQN-PSO iter 550/600 | Fitness: 1894.88 | w=0.900 c1=2.500 c2=0.500
DQN-PSO iter 550/600 | Fitness: 1709.95 | w=0.556 c1=2.500 c2=0.500
[ACTION DEBUG iter 300] Raw action[1:3]: [-0.1054, -0.4574, -0.5924], noise: 0.0500
[RLAMPSO DEBUG iter 300] w=0.4751, c1=2.1427, c2=2.0470 | fitness=1665.36
[REWARD DEBUG iter 300] FitnessImprovement: 0.0000 → Reward: +1.0000 (prevFit=1665.36, currFit=1665.36)
DQN-PSO iter 600/600 | Fitness: 1658.95 | w=0.100 c1=2.200 c2=0.850
DQN-PSO completed with final fitness: 1658.9537

========== Planning Complete ==========
Algorithm: DQN_PSO
Execution time: 67.4695 seconds
Path length: 174.6717 units
Waypoints: 7
Best fitness: 1658.9537
========================================


========== Direct Global Planning ==========
Algorithm: RLAMPSO
Start: [10.0, 95.0, 10.0]
Goal:  [97.0, 2.0, 10.0]
============================================


╔════════════════════════════════════════════════════════╗
║     RLAM-PSO Configuration (GPU-Optimized)            ║
╚════════════════════════════════════════════════════════╝

Mode: baseline

--- Features Enabled ---
  Transformer State: OFF (state: 15D)
  TD3:               OFF
  PER:               OFF
  Curriculum:        OFF

--- Compute Configuration ---
  Mode:              GPU-Optimized Sequential
  GPU:               OFF (CPU fallback)
  Parallel:          OFF (disabled for dlnetwork compatibility)

--- Training Parameters ---
  Episodes:          100
  Population:        40
  Max Iterations:    600
  Batch Size:        256 (GPU-optimized)
  Actor LR:          0.00010
  Critic LR:         0.00100

--- GPU Optimization (2025) ---
  Gradient Steps/Call:  1
  Train Every:          1 iterations
  Mid-Episode Training: ON
  Estimated UTD Ratio:  ~600.0

════════════════════════════════════════════════════════


╔════════════════════════════════════════════════════════╗
║     RLAM-PSO Configuration (GPU-Optimized)            ║
╚════════════════════════════════════════════════════════╝

Mode: baseline

--- Features Enabled ---
  Transformer State: OFF (state: 15D)
  TD3:               OFF
  PER:               OFF
  Curriculum:        OFF

--- Compute Configuration ---
  Mode:              GPU-Optimized Sequential
  GPU:               OFF (CPU fallback)
  Parallel:          OFF (disabled for dlnetwork compatibility)

--- Training Parameters ---
  Episodes:          100
  Population:        40
  Max Iterations:    600
  Batch Size:        256 (GPU-optimized)
  Actor LR:          0.00010
  Critic LR:         0.00100

--- GPU Optimization (2025) ---
  Gradient Steps/Call:  1
  Train Every:          1 iterations
  Mid-Episode Training: ON
  Estimated UTD Ratio:  ~600.0

════════════════════════════════════════════════════════

DQN-PSO iter 550/600 | Fitness: 2050.82 | w=0.614 c1=2.500 c2=0.500
DQN-PSO iter 600/600 | Fitness: 1931.54 | w=0.766 c1=2.500 c2=0.550
DQN-PSO completed with final fitness: 1931.5423

========== Planning Complete ==========
Algorithm: DQN_PSO
Execution time: 67.6497 seconds
Path length: 171.1439 units
Waypoints: 7
Best fitness: 1931.5423
========================================

[ACTION DEBUG iter 100] Raw action[1:3]: [0.5421, -0.4542, -0.0395], noise: 0.0500
[RLAMPSO DEBUG iter 100] w=0.6171, c1=1.5997, c2=1.6089 | fitness=1721.48
[REWARD DEBUG iter 100] FitnessImprovement: 6.8843 → Reward: +1.0000 (prevFit=1721.48, currFit=1714.59)
DQN-PSO iter 600/600 | Fitness: 1751.30 | w=0.149 c1=2.500 c2=0.500
DQN-PSO completed with final fitness: 1751.2962

========== Planning Complete ==========
Algorithm: DQN_PSO
Execution time: 68.3732 seconds
Path length: 195.5174 units
Waypoints: 7
Best fitness: 1751.2962
========================================

DQN-PSO iter 600/600 | Fitness: 1940.24 | w=0.856 c1=1.850 c2=1.150
DQN-PSO completed with final fitness: 1940.2412

========== Planning Complete ==========
Algorithm: DQN_PSO
Execution time: 67.1160 seconds
Path length: 171.8306 units
Waypoints: 7
Best fitness: 1940.2412
========================================

DQN-PSO iter 600/600 | Fitness: 2192.77 | w=0.690 c1=2.500 c2=0.550
DQN-PSO completed with final fitness: 2192.7666

========== Planning Complete ==========
Algorithm: DQN_PSO
Execution time: 66.4143 seconds
Path length: 227.9164 units
Waypoints: 7
Best fitness: 2192.7666
========================================

DQN-PSO iter 600/600 | Fitness: 1700.09 | w=0.156 c1=2.500 c2=0.500
DQN-PSO completed with final fitness: 1700.0858

========== Planning Complete ==========
Algorithm: DQN_PSO
Execution time: 67.3915 seconds
Path length: 152.1892 units
Waypoints: 7
Best fitness: 1700.0858
========================================

DQN-PSO iter 600/600 | Fitness: 2223.19 | w=0.463 c1=2.300 c2=0.750
DQN-PSO completed with final fitness: 2223.1929

========== Planning Complete ==========
Algorithm: DQN_PSO
Execution time: 67.9169 seconds
Path length: 209.4079 units
Waypoints: 7
Best fitness: 2223.1929
========================================

[ACTION DEBUG iter 200] Raw action[1:3]: [0.8655, -0.5790, 0.4380], noise: 0.0500
[RLAMPSO DEBUG iter 200] w=0.5563, c1=1.6683, c2=1.8972 | fitness=1631.40
DQN-PSO iter 600/600 | Fitness: 2100.39 | w=0.871 c1=2.500 c2=0.650
DQN-PSO completed with final fitness: 2100.3885

========== Planning Complete ==========
Algorithm: DQN_PSO
Execution time: 67.2163 seconds
Path length: 249.9896 units
Waypoints: 7
Best fitness: 2100.3885
========================================

[REWARD DEBUG iter 200] FitnessImprovement: 0.0690 → Reward: +1.0000 (prevFit=1631.40, currFit=1631.33)
[ACTION DEBUG iter 400] Raw action[1:3]: [-0.4165, 0.2774, -0.8435], noise: 0.0500
[RLAMPSO DEBUG iter 400] w=0.3864, c1=1.8076, c2=1.0627 | fitness=1664.96
[REWARD DEBUG iter 400] FitnessImprovement: 0.0000 → Reward: +1.0000 (prevFit=1664.96, currFit=1664.96)
DQN-PSO iter 600/600 | Fitness: 1772.47 | w=0.900 c1=0.700 c2=2.200
DQN-PSO completed with final fitness: 1772.4679

========== Planning Complete ==========
Algorithm: DQN_PSO
Execution time: 66.6231 seconds
Path length: 156.7188 units
Waypoints: 7
Best fitness: 1772.4679
========================================

DQN-PSO iter 600/600 | Fitness: 1933.16 | w=0.100 c1=2.300 c2=0.700
DQN-PSO completed with final fitness: 1933.1556

========== Planning Complete ==========
Algorithm: DQN_PSO
Execution time: 67.8295 seconds
Path length: 191.0370 units
Waypoints: 7
Best fitness: 1933.1556
========================================

DQN-PSO iter 600/600 | Fitness: 1894.88 | w=0.422 c1=2.500 c2=0.500
DQN-PSO completed with final fitness: 1894.8828

========== Planning Complete ==========
Algorithm: DQN_PSO
Execution time: 66.7718 seconds
Path length: 161.2014 units
Waypoints: 7
Best fitness: 1894.8828
========================================

DQN-PSO iter 600/600 | Fitness: 1709.95 | w=0.100 c1=1.650 c2=1.400
DQN-PSO completed with final fitness: 1709.9477

========== Planning Complete ==========
Algorithm: DQN_PSO
Execution time: 66.0974 seconds
Path length: 165.5408 units
Waypoints: 7
Best fitness: 1709.9477
========================================

[ACTION DEBUG iter 300] Raw action[1:3]: [0.6546, -0.8090, -0.0727], noise: 0.0500
[RLAMPSO DEBUG iter 300] w=0.6384, c1=1.6025, c2=1.7403 | fitness=1626.62
[REWARD DEBUG iter 300] FitnessImprovement: 0.0488 → Reward: +1.0000 (prevFit=1626.62, currFit=1626.57)
DQN-PSO iter 600/600 | Fitness: 2050.82 | w=0.400 c1=2.500 c2=0.500
DQN-PSO completed with final fitness: 2050.8167

========== Planning Complete ==========
Algorithm: DQN_PSO
Execution time: 66.7121 seconds
Path length: 177.8426 units
Waypoints: 7
Best fitness: 2050.8167
========================================

[ACTION DEBUG iter 500] Raw action[1:3]: [-0.7613, -0.2443, -0.9583], noise: 0.0500
[RLAMPSO DEBUG iter 500] w=0.2569, c1=1.7193, c2=0.9821 | fitness=1664.82
[REWARD DEBUG iter 500] FitnessImprovement: 0.0044 → Reward: +1.0000 (prevFit=1664.82, currFit=1664.82)
[ACTION DEBUG iter 400] Raw action[1:3]: [0.8671, -0.4791, 0.1836], noise: 0.0500
[RLAMPSO DEBUG iter 400] w=0.5249, c1=1.3310, c2=1.4596 | fitness=1625.55
[REWARD DEBUG iter 400] FitnessImprovement: 0.0000 → Reward: -1.0000 (prevFit=1625.55, currFit=1625.55)
[ACTION DEBUG iter 600] Raw action[1:3]: [-0.8851, -0.8016, -0.9912], noise: 0.0500
[ACTION DEBUG iter 600] WARNING: 5/20 actions clipped (network saturating)
[RLAMPSO DEBUG iter 600] w=0.2088, c1=1.5583, c2=1.0032 | fitness=1664.80
[REWARD DEBUG iter 600] FitnessImprovement: 0.0002 → Reward: +1.0000 (prevFit=1664.80, currFit=1664.80)

========== Planning Complete ==========
Algorithm: RLAMPSO
Execution time: 14.0734 seconds
Path length: 146.0657 units
Waypoints: 7
Best fitness: 1664.7957
========================================


========== Direct Global Planning ==========
Algorithm: RLAMPSO
Start: [10.0, 95.0, 10.0]
Goal:  [97.0, 2.0, 10.0]
============================================


╔════════════════════════════════════════════════════════╗
║     RLAM-PSO Configuration (GPU-Optimized)            ║
╚════════════════════════════════════════════════════════╝

Mode: baseline

--- Features Enabled ---
  Transformer State: OFF (state: 15D)
  TD3:               OFF
  PER:               OFF
  Curriculum:        OFF

--- Compute Configuration ---
  Mode:              GPU-Optimized Sequential
  GPU:               OFF (CPU fallback)
  Parallel:          OFF (disabled for dlnetwork compatibility)

--- Training Parameters ---
  Episodes:          100
  Population:        40
  Max Iterations:    600
  Batch Size:        256 (GPU-optimized)
  Actor LR:          0.00010
  Critic LR:         0.00100

--- GPU Optimization (2025) ---
  Gradient Steps/Call:  1
  Train Every:          1 iterations
  Mid-Episode Training: ON
  Estimated UTD Ratio:  ~600.0

════════════════════════════════════════════════════════


╔════════════════════════════════════════════════════════╗
║     RLAM-PSO Configuration (GPU-Optimized)            ║
╚════════════════════════════════════════════════════════╝

Mode: baseline

--- Features Enabled ---
  Transformer State: OFF (state: 15D)
  TD3:               OFF
  PER:               OFF
  Curriculum:        OFF

--- Compute Configuration ---
  Mode:              GPU-Optimized Sequential
  GPU:               OFF (CPU fallback)
  Parallel:          OFF (disabled for dlnetwork compatibility)

--- Training Parameters ---
  Episodes:          100
  Population:        40
  Max Iterations:    600
  Batch Size:        256 (GPU-optimized)
  Actor LR:          0.00010
  Critic LR:         0.00100

--- GPU Optimization (2025) ---
  Gradient Steps/Call:  1
  Train Every:          1 iterations
  Mid-Episode Training: ON
  Estimated UTD Ratio:  ~600.0

════════════════════════════════════════════════════════

[ACTION DEBUG iter 100] Raw action[1:3]: [0.2663, -0.3701, 0.3071], noise: 0.0500
[RLAMPSO DEBUG iter 100] w=0.5381, c1=1.8007, c2=2.1085 | fitness=1645.26
[REWARD DEBUG iter 100] FitnessImprovement: 0.0052 → Reward: +1.0000 (prevFit=1645.26, currFit=1645.26)
[ACTION DEBUG iter 500] Raw action[1:3]: [0.5282, 0.3222, -0.7819], noise: 0.0500
[RLAMPSO DEBUG iter 500] w=0.6714, c1=1.7081, c2=1.2930 | fitness=1624.55
[REWARD DEBUG iter 500] FitnessImprovement: 0.0161 → Reward: +1.0000 (prevFit=1624.55, currFit=1624.53)
[ACTION DEBUG iter 200] Raw action[1:3]: [0.4005, -0.4204, 0.4142], noise: 0.0500
[RLAMPSO DEBUG iter 200] w=0.5309, c1=1.7915, c2=2.1601 | fitness=1611.88
[REWARD DEBUG iter 200] FitnessImprovement: 0.0000 → Reward: -1.0000 (prevFit=1611.88, currFit=1611.88)
[ACTION DEBUG iter 300] Raw action[1:3]: [0.1520, -0.1732, 0.5267], noise: 0.0500
[RLAMPSO DEBUG iter 300] w=0.5031, c1=2.0969, c2=2.4827 | fitness=1589.21
[REWARD DEBUG iter 300] FitnessImprovement: 0.1570 → Reward: +1.0000 (prevFit=1589.21, currFit=1589.05)
[ACTION DEBUG iter 600] Raw action[1:3]: [0.6454, 0.0456, -0.8380], noise: 0.0500
[RLAMPSO DEBUG iter 600] w=0.6464, c1=1.6668, c2=1.0812 | fitness=1621.94
[REWARD DEBUG iter 600] FitnessImprovement: 0.0000 → Reward: -1.0000 (prevFit=1621.94, currFit=1621.94)

========== Planning Complete ==========
Algorithm: RLAMPSO
Execution time: 11.8827 seconds
Path length: 167.4357 units
Waypoints: 7
Best fitness: 1621.9442
========================================


========== Direct Global Planning ==========
Algorithm: RLAMPSO
Start: [10.0, 95.0, 10.0]
Goal:  [97.0, 2.0, 10.0]
============================================


╔════════════════════════════════════════════════════════╗
║     RLAM-PSO Configuration (GPU-Optimized)            ║
╚════════════════════════════════════════════════════════╝

Mode: baseline

--- Features Enabled ---
  Transformer State: OFF (state: 15D)
  TD3:               OFF
  PER:               OFF
  Curriculum:        OFF

--- Compute Configuration ---
  Mode:              GPU-Optimized Sequential
  GPU:               OFF (CPU fallback)
  Parallel:          OFF (disabled for dlnetwork compatibility)

--- Training Parameters ---
  Episodes:          100
  Population:        40
  Max Iterations:    600
  Batch Size:        256 (GPU-optimized)
  Actor LR:          0.00010
  Critic LR:         0.00100

--- GPU Optimization (2025) ---
  Gradient Steps/Call:  1
  Train Every:          1 iterations
  Mid-Episode Training: ON
  Estimated UTD Ratio:  ~600.0

════════════════════════════════════════════════════════


╔════════════════════════════════════════════════════════╗
║     RLAM-PSO Configuration (GPU-Optimized)            ║
╚════════════════════════════════════════════════════════╝

Mode: baseline

--- Features Enabled ---
  Transformer State: OFF (state: 15D)
  TD3:               OFF
  PER:               OFF
  Curriculum:        OFF

--- Compute Configuration ---
  Mode:              GPU-Optimized Sequential
  GPU:               OFF (CPU fallback)
  Parallel:          OFF (disabled for dlnetwork compatibility)

--- Training Parameters ---
  Episodes:          100
  Population:        40
  Max Iterations:    600
  Batch Size:        256 (GPU-optimized)
  Actor LR:          0.00010
  Critic LR:         0.00100

--- GPU Optimization (2025) ---
  Gradient Steps/Call:  1
  Train Every:          1 iterations
  Mid-Episode Training: ON
  Estimated UTD Ratio:  ~600.0

════════════════════════════════════════════════════════

[ACTION DEBUG iter 100] Raw action[1:3]: [-0.1959, 0.1891, -0.4718], noise: 0.0500
[RLAMPSO DEBUG iter 100] w=0.5234, c1=2.0824, c2=2.2150 | fitness=1814.68
[REWARD DEBUG iter 100] FitnessImprovement: 0.0000 → Reward: -1.0000 (prevFit=1814.68, currFit=1814.68)
[ACTION DEBUG iter 200] Raw action[1:3]: [-0.2913, 0.5626, -0.5082], noise: 0.0500
[RLAMPSO DEBUG iter 200] w=0.5266, c1=1.6479, c2=1.9128 | fitness=1758.75
[REWARD DEBUG iter 200] FitnessImprovement: 0.0000 → Reward: -1.0000 (prevFit=1758.75, currFit=1758.75)
[ACTION DEBUG iter 400] Raw action[1:3]: [0.8028, -0.3083, -0.1402], noise: 0.0500
[ACTION DEBUG iter 400] WARNING: 2/20 actions clipped (network saturating)
[RLAMPSO DEBUG iter 400] w=0.5808, c1=1.9797, c2=2.1000 | fitness=1588.02
[REWARD DEBUG iter 400] FitnessImprovement: 0.0004 → Reward: +1.0000 (prevFit=1588.02, currFit=1588.02)
[ACTION DEBUG iter 300] Raw action[1:3]: [0.1685, 0.4901, -0.4639], noise: 0.0500
[RLAMPSO DEBUG iter 300] w=0.5500, c1=2.4359, c2=2.0335 | fitness=1753.94
[REWARD DEBUG iter 300] FitnessImprovement: 0.0000 → Reward: -1.0000 (prevFit=1753.94, currFit=1753.94)
[ACTION DEBUG iter 500] Raw action[1:3]: [0.9291, -0.5862, -0.8600], noise: 0.0500
[ACTION DEBUG iter 500] WARNING: 3/20 actions clipped (network saturating)
[RLAMPSO DEBUG iter 500] w=0.5404, c1=1.5455, c2=1.5161 | fitness=1588.01
[REWARD DEBUG iter 500] FitnessImprovement: 0.0000 → Reward: -1.0000 (prevFit=1588.01, currFit=1588.01)
[ACTION DEBUG iter 400] Raw action[1:3]: [-0.5266, 0.7510, -0.9442], noise: 0.0500
[ACTION DEBUG iter 400] WARNING: 2/20 actions clipped (network saturating)
[RLAMPSO DEBUG iter 400] w=0.4655, c1=1.4829, c2=1.6874 | fitness=1753.24
[REWARD DEBUG iter 400] FitnessImprovement: 0.0004 → Reward: +1.0000 (prevFit=1753.24, currFit=1753.24)
[ACTION DEBUG iter 600] Raw action[1:3]: [0.8861, -0.6845, -0.5806], noise: 0.0500
[ACTION DEBUG iter 600] WARNING: 3/20 actions clipped (network saturating)
[RLAMPSO DEBUG iter 600] w=0.6996, c1=1.0966, c2=1.1733 | fitness=1570.89
[REWARD DEBUG iter 600] FitnessImprovement: 0.3511 → Reward: +1.0000 (prevFit=1570.89, currFit=1570.54)

========== Planning Complete ==========
Algorithm: RLAMPSO
Execution time: 10.6067 seconds
Path length: 146.4695 units
Waypoints: 7
Best fitness: 1570.5427
========================================


========== Direct Global Planning ==========
Algorithm: RLAMPSO
Start: [10.0, 95.0, 10.0]
Goal:  [97.0, 2.0, 10.0]
============================================


╔════════════════════════════════════════════════════════╗
║     RLAM-PSO Configuration (GPU-Optimized)            ║
╚════════════════════════════════════════════════════════╝

Mode: baseline

--- Features Enabled ---
  Transformer State: OFF (state: 15D)
  TD3:               OFF
  PER:               OFF
  Curriculum:        OFF

--- Compute Configuration ---
  Mode:              GPU-Optimized Sequential
  GPU:               OFF (CPU fallback)
  Parallel:          OFF (disabled for dlnetwork compatibility)

--- Training Parameters ---
  Episodes:          100
  Population:        40
  Max Iterations:    600
  Batch Size:        256 (GPU-optimized)
  Actor LR:          0.00010
  Critic LR:         0.00100

--- GPU Optimization (2025) ---
  Gradient Steps/Call:  1
  Train Every:          1 iterations
  Mid-Episode Training: ON
  Estimated UTD Ratio:  ~600.0

════════════════════════════════════════════════════════


╔════════════════════════════════════════════════════════╗
║     RLAM-PSO Configuration (GPU-Optimized)            ║
╚════════════════════════════════════════════════════════╝

Mode: baseline

--- Features Enabled ---
  Transformer State: OFF (state: 15D)
  TD3:               OFF
  PER:               OFF
  Curriculum:        OFF

--- Compute Configuration ---
  Mode:              GPU-Optimized Sequential
  GPU:               OFF (CPU fallback)
  Parallel:          OFF (disabled for dlnetwork compatibility)

--- Training Parameters ---
  Episodes:          100
  Population:        40
  Max Iterations:    600
  Batch Size:        256 (GPU-optimized)
  Actor LR:          0.00010
  Critic LR:         0.00100

--- GPU Optimization (2025) ---
  Gradient Steps/Call:  1
  Train Every:          1 iterations
  Mid-Episode Training: ON
  Estimated UTD Ratio:  ~600.0

════════════════════════════════════════════════════════

[ACTION DEBUG iter 100] Raw action[1:3]: [-0.6822, -0.2270, 0.0695], noise: 0.0500
[RLAMPSO DEBUG iter 100] w=0.4452, c1=1.7065, c2=2.1747 | fitness=1679.28
[REWARD DEBUG iter 100] FitnessImprovement: 0.0267 → Reward: +1.0000 (prevFit=1679.28, currFit=1679.26)
[ACTION DEBUG iter 500] Raw action[1:3]: [0.3839, 0.3852, -0.9310], noise: 0.0500
[RLAMPSO DEBUG iter 500] w=0.6057, c1=1.7480, c2=1.0342 | fitness=1745.38
[REWARD DEBUG iter 500] FitnessImprovement: 0.4799 → Reward: +1.0000 (prevFit=1745.38, currFit=1744.90)
[ACTION DEBUG iter 200] Raw action[1:3]: [-0.5231, 0.3165, 0.3965], noise: 0.0500
[RLAMPSO DEBUG iter 200] w=0.5182, c1=1.7311, c2=2.1072 | fitness=1631.12
[REWARD DEBUG iter 200] FitnessImprovement: 1.3269 → Reward: +1.0000 (prevFit=1631.12, currFit=1629.79)
[ACTION DEBUG iter 300] Raw action[1:3]: [-0.6390, 0.4745, -0.0162], noise: 0.0500
[RLAMPSO DEBUG iter 300] w=0.5463, c1=1.4281, c2=2.0135 | fitness=1624.93
[REWARD DEBUG iter 300] FitnessImprovement: 0.0003 → Reward: +1.0000 (prevFit=1624.93, currFit=1624.93)
[ACTION DEBUG iter 600] Raw action[1:3]: [-0.4891, 0.2725, -0.9060], noise: 0.0500
[ACTION DEBUG iter 600] WARNING: 1/20 actions clipped (network saturating)
[RLAMPSO DEBUG iter 600] w=0.5750, c1=1.4759, c2=1.0501 | fitness=1743.02
[REWARD DEBUG iter 600] FitnessImprovement: 0.0001 → Reward: +1.0000 (prevFit=1743.02, currFit=1743.02)

========== Planning Complete ==========
Algorithm: RLAMPSO
Execution time: 10.5985 seconds
Path length: 151.2481 units
Waypoints: 7
Best fitness: 1743.0194
========================================


========== Direct Global Planning ==========
Algorithm: RLAMPSO
Start: [10.0, 95.0, 10.0]
Goal:  [97.0, 2.0, 10.0]
============================================


╔════════════════════════════════════════════════════════╗
║     RLAM-PSO Configuration (GPU-Optimized)            ║
╚════════════════════════════════════════════════════════╝

Mode: baseline

--- Features Enabled ---
  Transformer State: OFF (state: 15D)
  TD3:               OFF
  PER:               OFF
  Curriculum:        OFF

--- Compute Configuration ---
  Mode:              GPU-Optimized Sequential
  GPU:               OFF (CPU fallback)
  Parallel:          OFF (disabled for dlnetwork compatibility)

--- Training Parameters ---
  Episodes:          100
  Population:        40
  Max Iterations:    600
  Batch Size:        256 (GPU-optimized)
  Actor LR:          0.00010
  Critic LR:         0.00100

--- GPU Optimization (2025) ---
  Gradient Steps/Call:  1
  Train Every:          1 iterations
  Mid-Episode Training: ON
  Estimated UTD Ratio:  ~600.0

════════════════════════════════════════════════════════


╔════════════════════════════════════════════════════════╗
║     RLAM-PSO Configuration (GPU-Optimized)            ║
╚════════════════════════════════════════════════════════╝

Mode: baseline

--- Features Enabled ---
  Transformer State: OFF (state: 15D)
  TD3:               OFF
  PER:               OFF
  Curriculum:        OFF

--- Compute Configuration ---
  Mode:              GPU-Optimized Sequential
  GPU:               OFF (CPU fallback)
  Parallel:          OFF (disabled for dlnetwork compatibility)

--- Training Parameters ---
  Episodes:          100
  Population:        40
  Max Iterations:    600
  Batch Size:        256 (GPU-optimized)
  Actor LR:          0.00010
  Critic LR:         0.00100

--- GPU Optimization (2025) ---
  Gradient Steps/Call:  1
  Train Every:          1 iterations
  Mid-Episode Training: ON
  Estimated UTD Ratio:  ~600.0

════════════════════════════════════════════════════════

[ACTION DEBUG iter 100] Raw action[1:3]: [-0.5907, 0.6425, 0.2830], noise: 0.0500
[RLAMPSO DEBUG iter 100] w=0.3495, c1=1.9828, c2=1.9966 | fitness=1941.24
[REWARD DEBUG iter 100] FitnessImprovement: 0.1068 → Reward: +1.0000 (prevFit=1941.24, currFit=1941.13)
[ACTION DEBUG iter 400] Raw action[1:3]: [-0.6935, 0.5549, 0.4143], noise: 0.0500
[RLAMPSO DEBUG iter 400] w=0.5222, c1=0.9648, c2=1.9280 | fitness=1624.67
[REWARD DEBUG iter 400] FitnessImprovement: 0.0017 → Reward: +1.0000 (prevFit=1624.67, currFit=1624.67)
[ACTION DEBUG iter 200] Raw action[1:3]: [-0.5328, 0.0612, 0.2501], noise: 0.0500
[RLAMPSO DEBUG iter 200] w=0.3771, c1=1.8766, c2=2.0034 | fitness=1876.87
[REWARD DEBUG iter 200] FitnessImprovement: 0.0277 → Reward: +1.0000 (prevFit=1876.87, currFit=1876.84)
[ACTION DEBUG iter 300] Raw action[1:3]: [-0.1979, 0.2523, 0.0516], noise: 0.0500
[RLAMPSO DEBUG iter 300] w=0.3605, c1=2.0066, c2=1.9055 | fitness=1876.41
[REWARD DEBUG iter 300] FitnessImprovement: 0.0002 → Reward: +1.0000 (prevFit=1876.41, currFit=1876.41)
[ACTION DEBUG iter 500] Raw action[1:3]: [-0.6238, -0.2272, 0.5053], noise: 0.0500
[RLAMPSO DEBUG iter 500] w=0.4803, c1=0.8268, c2=2.0140 | fitness=1624.58
[REWARD DEBUG iter 500] FitnessImprovement: 0.0000 → Reward: -1.0000 (prevFit=1624.58, currFit=1624.58)
[ACTION DEBUG iter 400] Raw action[1:3]: [-0.7103, 0.6847, 0.7928], noise: 0.0500
[ACTION DEBUG iter 400] WARNING: 2/20 actions clipped (network saturating)
[RLAMPSO DEBUG iter 400] w=0.3794, c1=1.7767, c2=2.1000 | fitness=1867.54
[REWARD DEBUG iter 400] FitnessImprovement: 0.0126 → Reward: +1.0000 (prevFit=1867.54, currFit=1867.53)
[ACTION DEBUG iter 600] Raw action[1:3]: [-0.5192, -0.7991, 0.7803], noise: 0.0500
[ACTION DEBUG iter 600] WARNING: 1/20 actions clipped (network saturating)
[RLAMPSO DEBUG iter 600] w=0.3812, c1=0.5506, c2=1.2761 | fitness=1624.58
[REWARD DEBUG iter 600] FitnessImprovement: 0.0000 → Reward: -1.0000 (prevFit=1624.58, currFit=1624.58)

========== Planning Complete ==========
Algorithm: RLAMPSO
Execution time: 10.5773 seconds
Path length: 160.1264 units
Waypoints: 7
Best fitness: 1624.5750
========================================


========== Direct Global Planning ==========
Algorithm: DQN_PSO
Start: [10.0, 95.0, 10.0]
Goal:  [97.0, 2.0, 10.0]
============================================

Warning: DQN-PSO (paper) is homogeneous; forcing paramMode to global.
> In <a href="matlab:matlab.lang.internal.introspective.errorDocCallback('globalPathPlanningDQNPSO', '/Users/hust-hwashin621m/Desktop/vietanhpaper-2/algorithms/dqn_pso/globalPathPlanningDQNPSO.m', 15)" style="font-weight:bold">globalPathPlanningDQNPSO</a> (<a href="matlab: opentoline('/Users/hust-hwashin621m/Desktop/vietanhpaper-2/algorithms/dqn_pso/globalPathPlanningDQNPSO.m',15,0)">line 15</a>)
In <a href="matlab:matlab.lang.internal.introspective.errorDocCallback('callGlobalPlanningAlgorithm', '/Users/hust-hwashin621m/Desktop/vietanhpaper-2/algorithms/callGlobalPlanningAlgorithm.m', 212)" style="font-weight:bold">callGlobalPlanningAlgorithm</a> (<a href="matlab: opentoline('/Users/hust-hwashin621m/Desktop/vietanhpaper-2/algorithms/callGlobalPlanningAlgorithm.m',212,0)">line 212</a>)
In <a href="matlab:matlab.lang.internal.introspective.errorDocCallback('directGlobalPlanning', '/Users/hust-hwashin621m/Desktop/vietanhpaper-2/shared/path_planning/directGlobalPlanning.m', 59)" style="font-weight:bold">directGlobalPlanning</a> (<a href="matlab: opentoline('/Users/hust-hwashin621m/Desktop/vietanhpaper-2/shared/path_planning/directGlobalPlanning.m',59,0)">line 59</a>)
In <a href="matlab:matlab.lang.internal.introspective.errorDocCallback('run_comparison>@(varargin)directGlobalPlanning(varargin{:})', '/Users/hust-hwashin621m/Desktop/vietanhpaper-2/run_comparison.m', 282)" style="font-weight:bold">run_comparison>@(varargin)directGlobalPlanning(varargin{:})</a> (<a href="matlab: opentoline('/Users/hust-hwashin621m/Desktop/vietanhpaper-2/run_comparison.m',282,0)">line 282</a>)
In <a href="matlab:matlab.lang.internal.introspective.errorDocCallback('compare_algorithms>runAlgorithmBatch', '/Users/hust-hwashin621m/Desktop/vietanhpaper-2/scripts/compare_algorithms.m', 139)" style="font-weight:bold">compare_algorithms>runAlgorithmBatch</a> (<a href="matlab: opentoline('/Users/hust-hwashin621m/Desktop/vietanhpaper-2/scripts/compare_algorithms.m',139,0)">line 139</a>)
Starting DQN-PSO (HMM + DQN) - Mode: global
[ACTION DEBUG iter 500] Raw action[1:3]: [-0.8440, 0.6701, 0.8968], noise: 0.0500
[RLAMPSO DEBUG iter 500] w=0.3573, c1=2.1000, c2=2.1000 | fitness=1867.44
[REWARD DEBUG iter 500] FitnessImprovement: 0.0005 → Reward: +1.0000 (prevFit=1867.44, currFit=1867.44)
DQN-PSO iter 50/600 | Fitness: 2361.25 | w=0.460 c1=2.500 c2=0.500
[ACTION DEBUG iter 600] Raw action[1:3]: [-0.9924, 0.8018, 0.9948], noise: 0.0500
[ACTION DEBUG iter 600] WARNING: 5/20 actions clipped (network saturating)
[RLAMPSO DEBUG iter 600] w=0.3030, c1=1.5289, c2=1.7507 | fitness=1867.43
[REWARD DEBUG iter 600] FitnessImprovement: 0.0000 → Reward: -1.0000 (prevFit=1867.43, currFit=1867.43)

========== Planning Complete ==========
Algorithm: RLAMPSO
Execution time: 10.6494 seconds
Path length: 198.0886 units
Waypoints: 7
Best fitness: 1867.4268
========================================


========== Direct Global Planning ==========
Algorithm: DQN_PSO
Start: [10.0, 95.0, 10.0]
Goal:  [97.0, 2.0, 10.0]
============================================

Warning: DQN-PSO (paper) is homogeneous; forcing paramMode to global.
> In <a href="matlab:matlab.lang.internal.introspective.errorDocCallback('globalPathPlanningDQNPSO', '/Users/hust-hwashin621m/Desktop/vietanhpaper-2/algorithms/dqn_pso/globalPathPlanningDQNPSO.m', 15)" style="font-weight:bold">globalPathPlanningDQNPSO</a> (<a href="matlab: opentoline('/Users/hust-hwashin621m/Desktop/vietanhpaper-2/algorithms/dqn_pso/globalPathPlanningDQNPSO.m',15,0)">line 15</a>)
In <a href="matlab:matlab.lang.internal.introspective.errorDocCallback('callGlobalPlanningAlgorithm', '/Users/hust-hwashin621m/Desktop/vietanhpaper-2/algorithms/callGlobalPlanningAlgorithm.m', 212)" style="font-weight:bold">callGlobalPlanningAlgorithm</a> (<a href="matlab: opentoline('/Users/hust-hwashin621m/Desktop/vietanhpaper-2/algorithms/callGlobalPlanningAlgorithm.m',212,0)">line 212</a>)
In <a href="matlab:matlab.lang.internal.introspective.errorDocCallback('directGlobalPlanning', '/Users/hust-hwashin621m/Desktop/vietanhpaper-2/shared/path_planning/directGlobalPlanning.m', 59)" style="font-weight:bold">directGlobalPlanning</a> (<a href="matlab: opentoline('/Users/hust-hwashin621m/Desktop/vietanhpaper-2/shared/path_planning/directGlobalPlanning.m',59,0)">line 59</a>)
In <a href="matlab:matlab.lang.internal.introspective.errorDocCallback('run_comparison>@(varargin)directGlobalPlanning(varargin{:})', '/Users/hust-hwashin621m/Desktop/vietanhpaper-2/run_comparison.m', 282)" style="font-weight:bold">run_comparison>@(varargin)directGlobalPlanning(varargin{:})</a> (<a href="matlab: opentoline('/Users/hust-hwashin621m/Desktop/vietanhpaper-2/run_comparison.m',282,0)">line 282</a>)
In <a href="matlab:matlab.lang.internal.introspective.errorDocCallback('compare_algorithms>runAlgorithmBatch', '/Users/hust-hwashin621m/Desktop/vietanhpaper-2/scripts/compare_algorithms.m', 139)" style="font-weight:bold">compare_algorithms>runAlgorithmBatch</a> (<a href="matlab: opentoline('/Users/hust-hwashin621m/Desktop/vietanhpaper-2/scripts/compare_algorithms.m',139,0)">line 139</a>)
Starting DQN-PSO (HMM + DQN) - Mode: global
DQN-PSO iter 100/600 | Fitness: 2351.44 | w=0.840 c1=2.500 c2=0.500
DQN-PSO iter 50/600 | Fitness: 1738.24 | w=0.100 c1=0.950 c2=2.050
DQN-PSO iter 150/600 | Fitness: 2349.33 | w=0.100 c1=2.400 c2=0.600
DQN-PSO iter 100/600 | Fitness: 1727.25 | w=0.401 c1=0.600 c2=2.450
DQN-PSO iter 200/600 | Fitness: 2349.31 | w=0.400 c1=2.500 c2=0.500
DQN-PSO iter 150/600 | Fitness: 1718.98 | w=0.100 c1=0.500 c2=2.500
DQN-PSO iter 250/600 | Fitness: 2349.30 | w=0.447 c1=2.500 c2=0.500
DQN-PSO iter 200/600 | Fitness: 1718.21 | w=0.100 c1=0.650 c2=2.000
DQN-PSO iter 300/600 | Fitness: 2349.30 | w=0.784 c1=2.500 c2=0.500
DQN-PSO iter 250/600 | Fitness: 1715.83 | w=0.900 c1=0.850 c2=2.150
DQN-PSO iter 350/600 | Fitness: 2349.30 | w=0.754 c1=2.500 c2=0.500
DQN-PSO iter 300/600 | Fitness: 1713.95 | w=0.100 c1=0.500 c2=2.500
DQN-PSO iter 400/600 | Fitness: 2349.26 | w=0.900 c1=2.500 c2=0.500
DQN-PSO iter 350/600 | Fitness: 1681.61 | w=0.403 c1=0.900 c2=1.900
DQN-PSO iter 450/600 | Fitness: 2344.84 | w=0.900 c1=2.500 c2=0.500
DQN-PSO iter 400/600 | Fitness: 1680.69 | w=0.100 c1=0.700 c2=1.500
DQN-PSO iter 500/600 | Fitness: 2344.84 | w=0.400 c1=2.500 c2=0.500
DQN-PSO iter 450/600 | Fitness: 1680.35 | w=0.100 c1=0.500 c2=1.400
DQN-PSO iter 550/600 | Fitness: 2344.84 | w=0.900 c1=2.500 c2=0.500
DQN-PSO iter 500/600 | Fitness: 1680.33 | w=0.100 c1=0.650 c2=1.400
DQN-PSO iter 600/600 | Fitness: 2344.84 | w=0.490 c1=2.500 c2=0.500
DQN-PSO completed with final fitness: 2344.8433

========== Planning Complete ==========
Algorithm: DQN_PSO
Execution time: 34.6074 seconds
Path length: 222.9725 units
Waypoints: 7
Best fitness: 2344.8433
========================================


========== Direct Global Planning ==========
Algorithm: DQN_PSO
Start: [10.0, 95.0, 10.0]
Goal:  [97.0, 2.0, 10.0]
============================================

Warning: DQN-PSO (paper) is homogeneous; forcing paramMode to global.
> In <a href="matlab:matlab.lang.internal.introspective.errorDocCallback('globalPathPlanningDQNPSO', '/Users/hust-hwashin621m/Desktop/vietanhpaper-2/algorithms/dqn_pso/globalPathPlanningDQNPSO.m', 15)" style="font-weight:bold">globalPathPlanningDQNPSO</a> (<a href="matlab: opentoline('/Users/hust-hwashin621m/Desktop/vietanhpaper-2/algorithms/dqn_pso/globalPathPlanningDQNPSO.m',15,0)">line 15</a>)
In <a href="matlab:matlab.lang.internal.introspective.errorDocCallback('callGlobalPlanningAlgorithm', '/Users/hust-hwashin621m/Desktop/vietanhpaper-2/algorithms/callGlobalPlanningAlgorithm.m', 212)" style="font-weight:bold">callGlobalPlanningAlgorithm</a> (<a href="matlab: opentoline('/Users/hust-hwashin621m/Desktop/vietanhpaper-2/algorithms/callGlobalPlanningAlgorithm.m',212,0)">line 212</a>)
In <a href="matlab:matlab.lang.internal.introspective.errorDocCallback('directGlobalPlanning', '/Users/hust-hwashin621m/Desktop/vietanhpaper-2/shared/path_planning/directGlobalPlanning.m', 59)" style="font-weight:bold">directGlobalPlanning</a> (<a href="matlab: opentoline('/Users/hust-hwashin621m/Desktop/vietanhpaper-2/shared/path_planning/directGlobalPlanning.m',59,0)">line 59</a>)
In <a href="matlab:matlab.lang.internal.introspective.errorDocCallback('run_comparison>@(varargin)directGlobalPlanning(varargin{:})', '/Users/hust-hwashin621m/Desktop/vietanhpaper-2/run_comparison.m', 282)" style="font-weight:bold">run_comparison>@(varargin)directGlobalPlanning(varargin{:})</a> (<a href="matlab: opentoline('/Users/hust-hwashin621m/Desktop/vietanhpaper-2/run_comparison.m',282,0)">line 282</a>)
In <a href="matlab:matlab.lang.internal.introspective.errorDocCallback('compare_algorithms>runAlgorithmBatch', '/Users/hust-hwashin621m/Desktop/vietanhpaper-2/scripts/compare_algorithms.m', 139)" style="font-weight:bold">compare_algorithms>runAlgorithmBatch</a> (<a href="matlab: opentoline('/Users/hust-hwashin621m/Desktop/vietanhpaper-2/scripts/compare_algorithms.m',139,0)">line 139</a>)
Starting DQN-PSO (HMM + DQN) - Mode: global
DQN-PSO iter 550/600 | Fitness: 1680.32 | w=0.419 c1=2.000 c2=0.650
DQN-PSO iter 50/600 | Fitness: 1854.20 | w=0.432 c1=2.500 c2=0.500
DQN-PSO iter 600/600 | Fitness: 1680.31 | w=0.223 c1=2.350 c2=0.500
DQN-PSO completed with final fitness: 1680.3136

========== Planning Complete ==========
Algorithm: DQN_PSO
Execution time: 34.7724 seconds
Path length: 168.8643 units
Waypoints: 7
Best fitness: 1680.3136
========================================


========== Direct Global Planning ==========
Algorithm: DQN_PSO
Start: [10.0, 95.0, 10.0]
Goal:  [97.0, 2.0, 10.0]
============================================

Warning: DQN-PSO (paper) is homogeneous; forcing paramMode to global.
> In <a href="matlab:matlab.lang.internal.introspective.errorDocCallback('globalPathPlanningDQNPSO', '/Users/hust-hwashin621m/Desktop/vietanhpaper-2/algorithms/dqn_pso/globalPathPlanningDQNPSO.m', 15)" style="font-weight:bold">globalPathPlanningDQNPSO</a> (<a href="matlab: opentoline('/Users/hust-hwashin621m/Desktop/vietanhpaper-2/algorithms/dqn_pso/globalPathPlanningDQNPSO.m',15,0)">line 15</a>)
In <a href="matlab:matlab.lang.internal.introspective.errorDocCallback('callGlobalPlanningAlgorithm', '/Users/hust-hwashin621m/Desktop/vietanhpaper-2/algorithms/callGlobalPlanningAlgorithm.m', 212)" style="font-weight:bold">callGlobalPlanningAlgorithm</a> (<a href="matlab: opentoline('/Users/hust-hwashin621m/Desktop/vietanhpaper-2/algorithms/callGlobalPlanningAlgorithm.m',212,0)">line 212</a>)
In <a href="matlab:matlab.lang.internal.introspective.errorDocCallback('directGlobalPlanning', '/Users/hust-hwashin621m/Desktop/vietanhpaper-2/shared/path_planning/directGlobalPlanning.m', 59)" style="font-weight:bold">directGlobalPlanning</a> (<a href="matlab: opentoline('/Users/hust-hwashin621m/Desktop/vietanhpaper-2/shared/path_planning/directGlobalPlanning.m',59,0)">line 59</a>)
In <a href="matlab:matlab.lang.internal.introspective.errorDocCallback('run_comparison>@(varargin)directGlobalPlanning(varargin{:})', '/Users/hust-hwashin621m/Desktop/vietanhpaper-2/run_comparison.m', 282)" style="font-weight:bold">run_comparison>@(varargin)directGlobalPlanning(varargin{:})</a> (<a href="matlab: opentoline('/Users/hust-hwashin621m/Desktop/vietanhpaper-2/run_comparison.m',282,0)">line 282</a>)
In <a href="matlab:matlab.lang.internal.introspective.errorDocCallback('compare_algorithms>runAlgorithmBatch', '/Users/hust-hwashin621m/Desktop/vietanhpaper-2/scripts/compare_algorithms.m', 139)" style="font-weight:bold">compare_algorithms>runAlgorithmBatch</a> (<a href="matlab: opentoline('/Users/hust-hwashin621m/Desktop/vietanhpaper-2/scripts/compare_algorithms.m',139,0)">line 139</a>)
Starting DQN-PSO (HMM + DQN) - Mode: global
DQN-PSO iter 100/600 | Fitness: 1831.29 | w=0.435 c1=2.500 c2=0.500
DQN-PSO iter 50/600 | Fitness: 2054.81 | w=0.468 c1=2.450 c2=0.800
DQN-PSO iter 150/600 | Fitness: 1830.18 | w=0.453 c1=2.500 c2=0.500
DQN-PSO iter 100/600 | Fitness: 1880.41 | w=0.407 c1=2.500 c2=0.500
DQN-PSO iter 200/600 | Fitness: 1830.07 | w=0.900 c1=2.500 c2=0.500
DQN-PSO iter 150/600 | Fitness: 1805.06 | w=0.900 c1=2.500 c2=0.500
DQN-PSO iter 250/600 | Fitness: 1830.03 | w=0.876 c1=2.500 c2=0.500
DQN-PSO iter 200/600 | Fitness: 1751.73 | w=0.900 c1=2.500 c2=0.500
DQN-PSO iter 300/600 | Fitness: 1829.99 | w=0.440 c1=2.500 c2=0.550
DQN-PSO iter 250/600 | Fitness: 1742.47 | w=0.567 c1=2.500 c2=0.500
DQN-PSO iter 350/600 | Fitness: 1829.99 | w=0.440 c1=2.500 c2=0.500
DQN-PSO iter 300/600 | Fitness: 1735.64 | w=0.342 c1=2.500 c2=0.500
DQN-PSO iter 400/600 | Fitness: 1829.99 | w=0.599 c1=2.500 c2=0.500
DQN-PSO iter 350/600 | Fitness: 1731.48 | w=0.400 c1=2.500 c2=0.500
DQN-PSO iter 450/600 | Fitness: 1829.99 | w=0.900 c1=2.500 c2=0.500
DQN-PSO iter 400/600 | Fitness: 1730.37 | w=0.900 c1=2.500 c2=0.500
DQN-PSO iter 500/600 | Fitness: 1829.99 | w=0.900 c1=2.450 c2=0.500
DQN-PSO iter 450/600 | Fitness: 1730.24 | w=0.400 c1=2.500 c2=0.500
DQN-PSO iter 550/600 | Fitness: 1829.99 | w=0.207 c1=2.500 c2=0.500
DQN-PSO iter 500/600 | Fitness: 1730.17 | w=0.900 c1=2.450 c2=0.500
DQN-PSO iter 600/600 | Fitness: 1829.99 | w=0.530 c1=2.500 c2=0.500
DQN-PSO completed with final fitness: 1829.9886

========== Planning Complete ==========
Algorithm: DQN_PSO
Execution time: 34.0439 seconds
Path length: 169.8752 units
Waypoints: 7
Best fitness: 1829.9886
========================================


========== Direct Global Planning ==========
Algorithm: DQN_PSO
Start: [10.0, 95.0, 10.0]
Goal:  [97.0, 2.0, 10.0]
============================================

Warning: DQN-PSO (paper) is homogeneous; forcing paramMode to global.
> In <a href="matlab:matlab.lang.internal.introspective.errorDocCallback('globalPathPlanningDQNPSO', '/Users/hust-hwashin621m/Desktop/vietanhpaper-2/algorithms/dqn_pso/globalPathPlanningDQNPSO.m', 15)" style="font-weight:bold">globalPathPlanningDQNPSO</a> (<a href="matlab: opentoline('/Users/hust-hwashin621m/Desktop/vietanhpaper-2/algorithms/dqn_pso/globalPathPlanningDQNPSO.m',15,0)">line 15</a>)
In <a href="matlab:matlab.lang.internal.introspective.errorDocCallback('callGlobalPlanningAlgorithm', '/Users/hust-hwashin621m/Desktop/vietanhpaper-2/algorithms/callGlobalPlanningAlgorithm.m', 212)" style="font-weight:bold">callGlobalPlanningAlgorithm</a> (<a href="matlab: opentoline('/Users/hust-hwashin621m/Desktop/vietanhpaper-2/algorithms/callGlobalPlanningAlgorithm.m',212,0)">line 212</a>)
In <a href="matlab:matlab.lang.internal.introspective.errorDocCallback('directGlobalPlanning', '/Users/hust-hwashin621m/Desktop/vietanhpaper-2/shared/path_planning/directGlobalPlanning.m', 59)" style="font-weight:bold">directGlobalPlanning</a> (<a href="matlab: opentoline('/Users/hust-hwashin621m/Desktop/vietanhpaper-2/shared/path_planning/directGlobalPlanning.m',59,0)">line 59</a>)
In <a href="matlab:matlab.lang.internal.introspective.errorDocCallback('run_comparison>@(varargin)directGlobalPlanning(varargin{:})', '/Users/hust-hwashin621m/Desktop/vietanhpaper-2/run_comparison.m', 282)" style="font-weight:bold">run_comparison>@(varargin)directGlobalPlanning(varargin{:})</a> (<a href="matlab: opentoline('/Users/hust-hwashin621m/Desktop/vietanhpaper-2/run_comparison.m',282,0)">line 282</a>)
In <a href="matlab:matlab.lang.internal.introspective.errorDocCallback('compare_algorithms>runAlgorithmBatch', '/Users/hust-hwashin621m/Desktop/vietanhpaper-2/scripts/compare_algorithms.m', 139)" style="font-weight:bold">compare_algorithms>runAlgorithmBatch</a> (<a href="matlab: opentoline('/Users/hust-hwashin621m/Desktop/vietanhpaper-2/scripts/compare_algorithms.m',139,0)">line 139</a>)
Starting DQN-PSO (HMM + DQN) - Mode: global
DQN-PSO iter 550/600 | Fitness: 1730.11 | w=0.317 c1=2.500 c2=0.500
DQN-PSO iter 50/600 | Fitness: 1768.28 | w=0.712 c1=2.500 c2=0.500
DQN-PSO iter 600/600 | Fitness: 1730.01 | w=0.435 c1=2.500 c2=0.500
DQN-PSO completed with final fitness: 1730.0072

========== Planning Complete ==========
Algorithm: DQN_PSO
Execution time: 34.1321 seconds
Path length: 178.0818 units
Waypoints: 7
Best fitness: 1730.0072
========================================


========== Direct Global Planning ==========
Algorithm: DQN_PSO
Start: [10.0, 95.0, 10.0]
Goal:  [97.0, 2.0, 10.0]
============================================

Warning: DQN-PSO (paper) is homogeneous; forcing paramMode to global.
> In <a href="matlab:matlab.lang.internal.introspective.errorDocCallback('globalPathPlanningDQNPSO', '/Users/hust-hwashin621m/Desktop/vietanhpaper-2/algorithms/dqn_pso/globalPathPlanningDQNPSO.m', 15)" style="font-weight:bold">globalPathPlanningDQNPSO</a> (<a href="matlab: opentoline('/Users/hust-hwashin621m/Desktop/vietanhpaper-2/algorithms/dqn_pso/globalPathPlanningDQNPSO.m',15,0)">line 15</a>)
In <a href="matlab:matlab.lang.internal.introspective.errorDocCallback('callGlobalPlanningAlgorithm', '/Users/hust-hwashin621m/Desktop/vietanhpaper-2/algorithms/callGlobalPlanningAlgorithm.m', 212)" style="font-weight:bold">callGlobalPlanningAlgorithm</a> (<a href="matlab: opentoline('/Users/hust-hwashin621m/Desktop/vietanhpaper-2/algorithms/callGlobalPlanningAlgorithm.m',212,0)">line 212</a>)
In <a href="matlab:matlab.lang.internal.introspective.errorDocCallback('directGlobalPlanning', '/Users/hust-hwashin621m/Desktop/vietanhpaper-2/shared/path_planning/directGlobalPlanning.m', 59)" style="font-weight:bold">directGlobalPlanning</a> (<a href="matlab: opentoline('/Users/hust-hwashin621m/Desktop/vietanhpaper-2/shared/path_planning/directGlobalPlanning.m',59,0)">line 59</a>)
In <a href="matlab:matlab.lang.internal.introspective.errorDocCallback('run_comparison>@(varargin)directGlobalPlanning(varargin{:})', '/Users/hust-hwashin621m/Desktop/vietanhpaper-2/run_comparison.m', 282)" style="font-weight:bold">run_comparison>@(varargin)directGlobalPlanning(varargin{:})</a> (<a href="matlab: opentoline('/Users/hust-hwashin621m/Desktop/vietanhpaper-2/run_comparison.m',282,0)">line 282</a>)
In <a href="matlab:matlab.lang.internal.introspective.errorDocCallback('compare_algorithms>runAlgorithmBatch', '/Users/hust-hwashin621m/Desktop/vietanhpaper-2/scripts/compare_algorithms.m', 139)" style="font-weight:bold">compare_algorithms>runAlgorithmBatch</a> (<a href="matlab: opentoline('/Users/hust-hwashin621m/Desktop/vietanhpaper-2/scripts/compare_algorithms.m',139,0)">line 139</a>)
Starting DQN-PSO (HMM + DQN) - Mode: global
DQN-PSO iter 100/600 | Fitness: 1760.98 | w=0.100 c1=2.400 c2=0.600
DQN-PSO iter 50/600 | Fitness: 2144.48 | w=0.100 c1=2.400 c2=0.600
DQN-PSO iter 150/600 | Fitness: 1760.63 | w=0.100 c1=2.400 c2=0.600
DQN-PSO iter 100/600 | Fitness: 2003.24 | w=0.900 c1=2.500 c2=0.500
DQN-PSO iter 200/600 | Fitness: 1760.57 | w=0.321 c1=2.500 c2=0.500
DQN-PSO iter 150/600 | Fitness: 1966.45 | w=0.100 c1=2.200 c2=0.800
DQN-PSO iter 250/600 | Fitness: 1760.57 | w=0.887 c1=2.500 c2=0.500
DQN-PSO iter 200/600 | Fitness: 1961.18 | w=0.900 c1=2.500 c2=0.500
DQN-PSO iter 300/600 | Fitness: 1760.57 | w=0.442 c1=2.500 c2=0.500
DQN-PSO iter 250/600 | Fitness: 1943.93 | w=0.900 c1=2.500 c2=0.500
DQN-PSO iter 350/600 | Fitness: 1760.57 | w=0.532 c1=2.500 c2=0.500
DQN-PSO iter 300/600 | Fitness: 1940.57 | w=0.400 c1=2.500 c2=0.500
DQN-PSO iter 400/600 | Fitness: 1760.57 | w=0.100 c1=2.400 c2=0.600
DQN-PSO iter 350/600 | Fitness: 1940.10 | w=0.900 c1=2.500 c2=0.500
DQN-PSO iter 450/600 | Fitness: 1760.57 | w=0.608 c1=2.500 c2=0.500
DQN-PSO iter 400/600 | Fitness: 1939.87 | w=0.400 c1=2.500 c2=0.500
DQN-PSO iter 500/600 | Fitness: 1760.57 | w=0.900 c1=2.450 c2=0.500
DQN-PSO iter 450/600 | Fitness: 1939.58 | w=0.404 c1=2.500 c2=0.500
DQN-PSO iter 550/600 | Fitness: 1760.57 | w=0.900 c1=2.500 c2=0.500
DQN-PSO iter 500/600 | Fitness: 1939.54 | w=0.900 c1=2.500 c2=0.500
DQN-PSO iter 600/600 | Fitness: 1760.57 | w=0.324 c1=2.500 c2=0.500
DQN-PSO completed with final fitness: 1760.5721

========== Planning Complete ==========
Algorithm: DQN_PSO
Execution time: 31.4289 seconds
Path length: 174.5728 units
Waypoints: 7
Best fitness: 1760.5721
========================================

DQN-PSO iter 550/600 | Fitness: 1939.39 | w=0.435 c1=2.500 c2=0.500
DQN-PSO iter 600/600 | Fitness: 1938.90 | w=0.900 c1=2.500 c2=0.500
DQN-PSO completed with final fitness: 1938.9027

========== Planning Complete ==========
Algorithm: DQN_PSO
Execution time: 31.3257 seconds
Path length: 170.2216 units
Waypoints: 7
Best fitness: 1938.9027
========================================

Executing 30 runs for 1 serial-only algorithms...

========== Direct Global Planning ==========
Algorithm: RRSACPSO
Start: [10.0, 95.0, 10.0]
Goal:  [97.0, 2.0, 10.0]
============================================


╔══════════════════════════════════════════════════════════╗
║      RRSACPSO Configuration (SAC Critic Research)        ║
╚══════════════════════════════════════════════════════════╝

Mode: online
Algorithm: RRSACPSO v4.6-tqc-rank2

--- Core Features ---
  SAC Framework:        ON (automatic entropy tuning)
  CrossQ Critic:        OFF
  REDQ Critic:          OFF (N=2, M=2, mode=min, delay=1)
  AQE Critic:           OFF (3 heads/critic, keep=2)
  DroQ Critic:          OFF
  SimBa Backbone:       OFF
  PiLaR Returns:        OFF (eff=3, long=6, c=0.406)
  TQC Critic:           ON (25 quantiles, drop=2/critic)
  D2RL Backbone:        OFF
  ERE Replay:           OFF (eta 0.996 -> 1.000, cmin=128)
  Delayed Actor:        OFF (interval=1)
  Obs Normalization:    OFF (clip=5.0)
  Critic BatchNorm:     OFF (legacy ablation)
  Target Networks:      ON (train-mode targets)
  Critic Ensemble:      2 critics
  Cross-Scale State:    OFF (15D, window=8)
  Rank-Residual Ctrl:   ON (9D latent)
  Per-Particle Actions: OFF
  Reward Signal:        Fitness-improvement binary reward

--- Training Parameters ---
  Episodes:             1
  Population:           40 particles
  Max Iterations:       600
  Batch Size:           128
  Learning Rates:       Actor=0.00030, Critic=0.00030, Alpha=0.00030
  Adam Betas:           Actor=(0.90, 0.999), Critic=(0.90, 0.999)
  UTD Ratio:            1
  Train Frequency:      Every 1 iterations
  Actor Backbone:       width=128, blocks=3
  Critic Backbone:      width=192, blocks=3

--- Compute ---
  GPU:                  OFF (CPU mode)

══════════════════════════════════════════════════════════


╔══════════════════════════════════════════════════════════╗
║              RRSACPSO Global Path Planning              ║
╚══════════════════════════════════════════════════════════╝


[Episode 1/1] Starting training...
  Config: mode=online, episodes=1, iterations=600, popSize=40
      [Iter  50] Action stats: mean=-0.1410±0.7019 [-0.8581-0.8711]
  [Iter  50/600] Best: 1904.1396 | Alpha: 0.2000
      [Iter 100] Action stats: mean=-0.0955±0.6954 [-0.9178-0.7679]
      [Iter 100] Fitness: current=1803.1124, best=1803.1124, diversity=4.573732
      [Iter 100] Reward: -1.0000
  [Iter 100/600] Best: 1803.1124 | Alpha: 0.2000
      [Iter 150] Action stats: mean=-0.1940±0.5949 [-0.9158-0.9050]
  [Iter 150/600] Best: 1748.7119 | Alpha: 0.1986
      [Iter 200] Action stats: mean=-0.1229±0.6602 [-0.9884-0.8758]
      [Iter 200] Fitness: current=1718.1843, best=1718.1843, diversity=2.995968
      [Iter 200] Reward: -1.0000
  [Iter 200/600] Best: 1718.1843 | Alpha: 0.1957
      [Iter 250] Action stats: mean=-0.2626±0.7468 [-0.9942-0.9135]
  [Iter 250/600] Best: 1612.9108 | Alpha: 0.1928
      [Iter 300] Action stats: mean=-0.0571±0.5780 [-0.8189-0.8512]
      [Iter 300] Fitness: current=1591.9029, best=1591.9029, diversity=0.762388
      [Iter 300] Reward: 1.0000
  [Iter 300/600] Best: 1591.9029 | Alpha: 0.1899
      [Iter 350] Action stats: mean=-0.2303±0.6989 [-0.9750-0.9509]
  [Iter 350/600] Best: 1590.5175 | Alpha: 0.1871
      [Iter 400] Action stats: mean=-0.0477±0.6516 [-0.9350-0.7830]
      [Iter 400] Fitness: current=1590.1228, best=1590.1228, diversity=0.002907
      [Iter 400] Reward: 1.0000
  [Iter 400/600] Best: 1590.1228 | Alpha: 0.1843
      [Iter 450] Action stats: mean=0.1709±0.7036 [-0.9458-0.8461]
  [Iter 450/600] Best: 1587.3899 | Alpha: 0.1815
      [Iter 500] Action stats: mean=-0.1273±0.5914 [-0.6838-0.9349]
      [Iter 500] Fitness: current=1586.7146, best=1586.7146, diversity=0.009082
      [Iter 500] Reward: -1.0000
  [Iter 500/600] Best: 1586.7146 | Alpha: 0.1788
      [Iter 550] Action stats: mean=0.0489±0.7573 [-0.9698-0.9905]
  [Iter 550/600] Best: 1586.6089 | Alpha: 0.1762
      [Iter 600] Action stats: mean=-0.2634±0.5817 [-0.8526-0.5204]
      [Iter 600] Fitness: current=1586.3848, best=1586.3848, diversity=0.000125
      [Iter 600] Reward: -1.0000
  [Iter 600/600] Best: 1586.3848 | Alpha: 0.1735

╔════════════════════════════════════════════════════════════╗
║              RRSACPSO TRAINING COMPLETE                   ║
╚════════════════════════════════════════════════════════════╝
  Mode:              online
  Episodes:          1
  Iterations/Ep:     600
  Population Size:   40
  Best Fitness:      1586.3848
  Path Length:       5 waypoints


========== Planning Complete ==========
Algorithm: RRSACPSO
Execution time: 46.2307 seconds
Path length: 149.9731 units
Waypoints: 7
Best fitness: 1586.3848
========================================


========== Direct Global Planning ==========
Algorithm: RRSACPSO
Start: [10.0, 95.0, 10.0]
Goal:  [97.0, 2.0, 10.0]
============================================


╔══════════════════════════════════════════════════════════╗
║      RRSACPSO Configuration (SAC Critic Research)        ║
╚══════════════════════════════════════════════════════════╝

Mode: online
Algorithm: RRSACPSO v4.6-tqc-rank2

--- Core Features ---
  SAC Framework:        ON (automatic entropy tuning)
  CrossQ Critic:        OFF
  REDQ Critic:          OFF (N=2, M=2, mode=min, delay=1)
  AQE Critic:           OFF (3 heads/critic, keep=2)
  DroQ Critic:          OFF
  SimBa Backbone:       OFF
  PiLaR Returns:        OFF (eff=3, long=6, c=0.406)
  TQC Critic:           ON (25 quantiles, drop=2/critic)
  D2RL Backbone:        OFF
  ERE Replay:           OFF (eta 0.996 -> 1.000, cmin=128)
  Delayed Actor:        OFF (interval=1)
  Obs Normalization:    OFF (clip=5.0)
  Critic BatchNorm:     OFF (legacy ablation)
  Target Networks:      ON (train-mode targets)
  Critic Ensemble:      2 critics
  Cross-Scale State:    OFF (15D, window=8)
  Rank-Residual Ctrl:   ON (9D latent)
  Per-Particle Actions: OFF
  Reward Signal:        Fitness-improvement binary reward

--- Training Parameters ---
  Episodes:             1
  Population:           40 particles
  Max Iterations:       600
  Batch Size:           128
  Learning Rates:       Actor=0.00030, Critic=0.00030, Alpha=0.00030
  Adam Betas:           Actor=(0.90, 0.999), Critic=(0.90, 0.999)
  UTD Ratio:            1
  Train Frequency:      Every 1 iterations
  Actor Backbone:       width=128, blocks=3
  Critic Backbone:      width=192, blocks=3

--- Compute ---
  GPU:                  OFF (CPU mode)

══════════════════════════════════════════════════════════


╔══════════════════════════════════════════════════════════╗
║              RRSACPSO Global Path Planning              ║
╚══════════════════════════════════════════════════════════╝


[Episode 1/1] Starting training...
  Config: mode=online, episodes=1, iterations=600, popSize=40
      [Iter  50] Action stats: mean=-0.2975±0.4651 [-0.7863-0.3855]
  [Iter  50/600] Best: 1735.1430 | Alpha: 0.2000
      [Iter 100] Action stats: mean=-0.3214±0.2886 [-0.7863-0.0000]
      [Iter 100] Fitness: current=1730.3363, best=1730.3363, diversity=4.334093
      [Iter 100] Reward: -1.0000
  [Iter 100/600] Best: 1730.3363 | Alpha: 0.2000
      [Iter 150] Action stats: mean=0.3237±0.5379 [-0.6553-0.8563]
  [Iter 150/600] Best: 1698.1221 | Alpha: 0.1986
      [Iter 200] Action stats: mean=0.0621±0.5499 [-0.7309-0.9526]
      [Iter 200] Fitness: current=1665.1616, best=1665.1616, diversity=3.673985
      [Iter 200] Reward: 1.0000
  [Iter 200/600] Best: 1665.1616 | Alpha: 0.1957
      [Iter 250] Action stats: mean=0.3369±0.6806 [-0.7810-0.9472]
  [Iter 250/600] Best: 1647.8500 | Alpha: 0.1928
      [Iter 300] Action stats: mean=-0.3504±0.4764 [-0.9468-0.3936]
      [Iter 300] Fitness: current=1619.2163, best=1619.2163, diversity=1.846389
      [Iter 300] Reward: 1.0000
  [Iter 300/600] Best: 1619.2163 | Alpha: 0.1899
      [Iter 350] Action stats: mean=-0.0569±0.5879 [-0.6609-0.8073]
  [Iter 350/600] Best: 1601.6617 | Alpha: 0.1871
      [Iter 400] Action stats: mean=-0.4293±0.3692 [-0.9948-0.0151]
      [Iter 400] Fitness: current=1600.4810, best=1600.4810, diversity=0.563914
      [Iter 400] Reward: 1.0000
  [Iter 400/600] Best: 1600.4810 | Alpha: 0.1843
      [Iter 450] Action stats: mean=0.1672±0.5675 [-0.8332-0.7165]
  [Iter 450/600] Best: 1597.3389 | Alpha: 0.1815
      [Iter 500] Action stats: mean=-0.3184±0.6183 [-0.9208-0.7961]
      [Iter 500] Fitness: current=1596.0237, best=1596.0237, diversity=0.095205
      [Iter 500] Reward: -1.0000
  [Iter 500/600] Best: 1596.0237 | Alpha: 0.1788
      [Iter 550] Action stats: mean=0.0091±0.6627 [-0.8722-0.8853]
  [Iter 550/600] Best: 1595.9858 | Alpha: 0.1762
      [Iter 600] Action stats: mean=-0.2594±0.6113 [-0.8851-0.9062]
      [Iter 600] Fitness: current=1595.9849, best=1595.9849, diversity=0.000011
      [Iter 600] Reward: 1.0000
  [Iter 600/600] Best: 1595.9849 | Alpha: 0.1735

╔════════════════════════════════════════════════════════════╗
║              RRSACPSO TRAINING COMPLETE                   ║
╚════════════════════════════════════════════════════════════╝
  Mode:              online
  Episodes:          1
  Iterations/Ep:     600
  Population Size:   40
  Best Fitness:      1595.9849
  Path Length:       5 waypoints


========== Planning Complete ==========
Algorithm: RRSACPSO
Execution time: 32.0984 seconds
Path length: 148.6803 units
Waypoints: 7
Best fitness: 1595.9849
========================================


========== Direct Global Planning ==========
Algorithm: RRSACPSO
Start: [10.0, 95.0, 10.0]
Goal:  [97.0, 2.0, 10.0]
============================================


╔══════════════════════════════════════════════════════════╗
║      RRSACPSO Configuration (SAC Critic Research)        ║
╚══════════════════════════════════════════════════════════╝

Mode: online
Algorithm: RRSACPSO v4.6-tqc-rank2

--- Core Features ---
  SAC Framework:        ON (automatic entropy tuning)
  CrossQ Critic:        OFF
  REDQ Critic:          OFF (N=2, M=2, mode=min, delay=1)
  AQE Critic:           OFF (3 heads/critic, keep=2)
  DroQ Critic:          OFF
  SimBa Backbone:       OFF
  PiLaR Returns:        OFF (eff=3, long=6, c=0.406)
  TQC Critic:           ON (25 quantiles, drop=2/critic)
  D2RL Backbone:        OFF
  ERE Replay:           OFF (eta 0.996 -> 1.000, cmin=128)
  Delayed Actor:        OFF (interval=1)
  Obs Normalization:    OFF (clip=5.0)
  Critic BatchNorm:     OFF (legacy ablation)
  Target Networks:      ON (train-mode targets)
  Critic Ensemble:      2 critics
  Cross-Scale State:    OFF (15D, window=8)
  Rank-Residual Ctrl:   ON (9D latent)
  Per-Particle Actions: OFF
  Reward Signal:        Fitness-improvement binary reward

--- Training Parameters ---
  Episodes:             1
  Population:           40 particles
  Max Iterations:       600
  Batch Size:           128
  Learning Rates:       Actor=0.00030, Critic=0.00030, Alpha=0.00030
  Adam Betas:           Actor=(0.90, 0.999), Critic=(0.90, 0.999)
  UTD Ratio:            1
  Train Frequency:      Every 1 iterations
  Actor Backbone:       width=128, blocks=3
  Critic Backbone:      width=192, blocks=3

--- Compute ---
  GPU:                  OFF (CPU mode)

══════════════════════════════════════════════════════════


╔══════════════════════════════════════════════════════════╗
║              RRSACPSO Global Path Planning              ║
╚══════════════════════════════════════════════════════════╝


[Episode 1/1] Starting training...
  Config: mode=online, episodes=1, iterations=600, popSize=40
      [Iter  50] Action stats: mean=-0.0747±0.6911 [-0.9118-0.9890]
  [Iter  50/600] Best: 1677.7205 | Alpha: 0.2000
      [Iter 100] Action stats: mean=0.1586±0.4072 [-0.4250-0.5505]
      [Iter 100] Fitness: current=1655.5566, best=1655.5566, diversity=4.923801
      [Iter 100] Reward: -1.0000
  [Iter 100/600] Best: 1655.5566 | Alpha: 0.2000
      [Iter 150] Action stats: mean=-0.1282±0.5938 [-0.7929-0.9061]
  [Iter 150/600] Best: 1617.9602 | Alpha: 0.1986
      [Iter 200] Action stats: mean=-0.0284±0.6927 [-0.8885-0.9945]
      [Iter 200] Fitness: current=1595.9309, best=1595.9309, diversity=2.200438
      [Iter 200] Reward: -1.0000
  [Iter 200/600] Best: 1595.9309 | Alpha: 0.1957
      [Iter 250] Action stats: mean=-0.4309±0.5601 [-0.9925-0.6406]
  [Iter 250/600] Best: 1578.7416 | Alpha: 0.1928
      [Iter 300] Action stats: mean=0.2295±0.8837 [-0.9787-0.9867]
      [Iter 300] Fitness: current=1569.0517, best=1569.0517, diversity=0.682838
      [Iter 300] Reward: -1.0000
  [Iter 300/600] Best: 1569.0517 | Alpha: 0.1899
      [Iter 350] Action stats: mean=-0.0070±0.6531 [-0.8904-0.9561]
  [Iter 350/600] Best: 1568.5283 | Alpha: 0.1871
      [Iter 400] Action stats: mean=-0.2332±0.7066 [-0.8735-0.9476]
      [Iter 400] Fitness: current=1568.4846, best=1568.4846, diversity=0.100403
      [Iter 400] Reward: 1.0000
  [Iter 400/600] Best: 1568.4846 | Alpha: 0.1843
      [Iter 450] Action stats: mean=-0.1454±0.6625 [-0.9724-0.9581]
  [Iter 450/600] Best: 1568.2615 | Alpha: 0.1815
      [Iter 500] Action stats: mean=0.0203±0.6773 [-0.7331-0.7548]
      [Iter 500] Fitness: current=1568.1460, best=1568.1460, diversity=0.013143
      [Iter 500] Reward: 1.0000
  [Iter 500/600] Best: 1568.1460 | Alpha: 0.1788
      [Iter 550] Action stats: mean=-0.2283±0.6356 [-0.8694-0.8166]
  [Iter 550/600] Best: 1568.1315 | Alpha: 0.1762
      [Iter 600] Action stats: mean=-0.0356±0.6160 [-0.9715-0.9626]
      [Iter 600] Fitness: current=1568.1315, best=1568.1315, diversity=0.000089
      [Iter 600] Reward: 1.0000
  [Iter 600/600] Best: 1568.1315 | Alpha: 0.1735

╔════════════════════════════════════════════════════════════╗
║              RRSACPSO TRAINING COMPLETE                   ║
╚════════════════════════════════════════════════════════════╝
  Mode:              online
  Episodes:          1
  Iterations/Ep:     600
  Population Size:   40
  Best Fitness:      1568.1315
  Path Length:       5 waypoints


========== Planning Complete ==========
Algorithm: RRSACPSO
Execution time: 36.9131 seconds
Path length: 182.1678 units
Waypoints: 7
Best fitness: 1568.1315
========================================


========== Direct Global Planning ==========
Algorithm: RRSACPSO
Start: [10.0, 95.0, 10.0]
Goal:  [97.0, 2.0, 10.0]
============================================


╔══════════════════════════════════════════════════════════╗
║      RRSACPSO Configuration (SAC Critic Research)        ║
╚══════════════════════════════════════════════════════════╝

Mode: online
Algorithm: RRSACPSO v4.6-tqc-rank2

--- Core Features ---
  SAC Framework:        ON (automatic entropy tuning)
  CrossQ Critic:        OFF
  REDQ Critic:          OFF (N=2, M=2, mode=min, delay=1)
  AQE Critic:           OFF (3 heads/critic, keep=2)
  DroQ Critic:          OFF
  SimBa Backbone:       OFF
  PiLaR Returns:        OFF (eff=3, long=6, c=0.406)
  TQC Critic:           ON (25 quantiles, drop=2/critic)
  D2RL Backbone:        OFF
  ERE Replay:           OFF (eta 0.996 -> 1.000, cmin=128)
  Delayed Actor:        OFF (interval=1)
  Obs Normalization:    OFF (clip=5.0)
  Critic BatchNorm:     OFF (legacy ablation)
  Target Networks:      ON (train-mode targets)
  Critic Ensemble:      2 critics
  Cross-Scale State:    OFF (15D, window=8)
  Rank-Residual Ctrl:   ON (9D latent)
  Per-Particle Actions: OFF
  Reward Signal:        Fitness-improvement binary reward

--- Training Parameters ---
  Episodes:             1
  Population:           40 particles
  Max Iterations:       600
  Batch Size:           128
  Learning Rates:       Actor=0.00030, Critic=0.00030, Alpha=0.00030
  Adam Betas:           Actor=(0.90, 0.999), Critic=(0.90, 0.999)
  UTD Ratio:            1
  Train Frequency:      Every 1 iterations
  Actor Backbone:       width=128, blocks=3
  Critic Backbone:      width=192, blocks=3

--- Compute ---
  GPU:                  OFF (CPU mode)

══════════════════════════════════════════════════════════


╔══════════════════════════════════════════════════════════╗
║              RRSACPSO Global Path Planning              ║
╚══════════════════════════════════════════════════════════╝


[Episode 1/1] Starting training...
  Config: mode=online, episodes=1, iterations=600, popSize=40
      [Iter  50] Action stats: mean=0.0525±0.6510 [-0.9526-0.9386]
  [Iter  50/600] Best: 1816.5237 | Alpha: 0.2000
      [Iter 100] Action stats: mean=-0.6339±0.4496 [-0.9828-0.4276]
      [Iter 100] Fitness: current=1751.0126, best=1751.0126, diversity=3.211707
      [Iter 100] Reward: -1.0000
  [Iter 100/600] Best: 1751.0126 | Alpha: 0.2000
      [Iter 150] Action stats: mean=0.3146±0.6968 [-0.8492-0.9728]
  [Iter 150/600] Best: 1702.9602 | Alpha: 0.1986
      [Iter 200] Action stats: mean=-0.1841±0.5544 [-0.9757-0.6064]
      [Iter 200] Fitness: current=1692.5173, best=1692.5173, diversity=2.729699
      [Iter 200] Reward: -1.0000
  [Iter 200/600] Best: 1692.5173 | Alpha: 0.1957
      [Iter 250] Action stats: mean=-0.0448±0.6918 [-0.8556-0.9607]
  [Iter 250/600] Best: 1675.7912 | Alpha: 0.1928
      [Iter 300] Action stats: mean=-0.1180±0.6193 [-0.9565-0.8882]
      [Iter 300] Fitness: current=1652.1156, best=1652.1156, diversity=0.476750
      [Iter 300] Reward: 1.0000
  [Iter 300/600] Best: 1652.1156 | Alpha: 0.1899
      [Iter 350] Action stats: mean=-0.1146±0.6683 [-0.9566-0.7365]
  [Iter 350/600] Best: 1649.6962 | Alpha: 0.1871
      [Iter 400] Action stats: mean=-0.0803±0.8371 [-0.9074-0.9964]
      [Iter 400] Fitness: current=1648.7172, best=1648.7172, diversity=0.206891
      [Iter 400] Reward: 1.0000
  [Iter 400/600] Best: 1648.7172 | Alpha: 0.1843
      [Iter 450] Action stats: mean=-0.1925±0.6310 [-0.9633-0.6454]
  [Iter 450/600] Best: 1648.6284 | Alpha: 0.1815
      [Iter 500] Action stats: mean=0.0153±0.6519 [-0.8279-0.9779]
      [Iter 500] Fitness: current=1648.4884, best=1648.4884, diversity=0.004045
      [Iter 500] Reward: 1.0000
  [Iter 500/600] Best: 1648.4884 | Alpha: 0.1788
      [Iter 550] Action stats: mean=0.2107±0.6384 [-0.7915-0.9263]
  [Iter 550/600] Best: 1648.4111 | Alpha: 0.1762
      [Iter 600] Action stats: mean=0.3422±0.6043 [-0.9058-0.8955]
      [Iter 600] Fitness: current=1648.4080, best=1648.4080, diversity=0.000004
      [Iter 600] Reward: -1.0000
  [Iter 600/600] Best: 1648.4080 | Alpha: 0.1735

╔════════════════════════════════════════════════════════════╗
║              RRSACPSO TRAINING COMPLETE                   ║
╚════════════════════════════════════════════════════════════╝
  Mode:              online
  Episodes:          1
  Iterations/Ep:     600
  Population Size:   40
  Best Fitness:      1648.4080
  Path Length:       5 waypoints


========== Planning Complete ==========
Algorithm: RRSACPSO
Execution time: 27.1038 seconds
Path length: 151.5399 units
Waypoints: 7
Best fitness: 1648.4080
========================================


========== Direct Global Planning ==========
Algorithm: RRSACPSO
Start: [10.0, 95.0, 10.0]
Goal:  [97.0, 2.0, 10.0]
============================================


╔══════════════════════════════════════════════════════════╗
║      RRSACPSO Configuration (SAC Critic Research)        ║
╚══════════════════════════════════════════════════════════╝

Mode: online
Algorithm: RRSACPSO v4.6-tqc-rank2

--- Core Features ---
  SAC Framework:        ON (automatic entropy tuning)
  CrossQ Critic:        OFF
  REDQ Critic:          OFF (N=2, M=2, mode=min, delay=1)
  AQE Critic:           OFF (3 heads/critic, keep=2)
  DroQ Critic:          OFF
  SimBa Backbone:       OFF
  PiLaR Returns:        OFF (eff=3, long=6, c=0.406)
  TQC Critic:           ON (25 quantiles, drop=2/critic)
  D2RL Backbone:        OFF
  ERE Replay:           OFF (eta 0.996 -> 1.000, cmin=128)
  Delayed Actor:        OFF (interval=1)
  Obs Normalization:    OFF (clip=5.0)
  Critic BatchNorm:     OFF (legacy ablation)
  Target Networks:      ON (train-mode targets)
  Critic Ensemble:      2 critics
  Cross-Scale State:    OFF (15D, window=8)
  Rank-Residual Ctrl:   ON (9D latent)
  Per-Particle Actions: OFF
  Reward Signal:        Fitness-improvement binary reward

--- Training Parameters ---
  Episodes:             1
  Population:           40 particles
  Max Iterations:       600
  Batch Size:           128
  Learning Rates:       Actor=0.00030, Critic=0.00030, Alpha=0.00030
  Adam Betas:           Actor=(0.90, 0.999), Critic=(0.90, 0.999)
  UTD Ratio:            1
  Train Frequency:      Every 1 iterations
  Actor Backbone:       width=128, blocks=3
  Critic Backbone:      width=192, blocks=3

--- Compute ---
  GPU:                  OFF (CPU mode)

══════════════════════════════════════════════════════════


╔══════════════════════════════════════════════════════════╗
║              RRSACPSO Global Path Planning              ║
╚══════════════════════════════════════════════════════════╝


[Episode 1/1] Starting training...
  Config: mode=online, episodes=1, iterations=600, popSize=40
      [Iter  50] Action stats: mean=-0.2662±0.6746 [-0.9751-0.9327]
  [Iter  50/600] Best: 1694.3432 | Alpha: 0.2000
      [Iter 100] Action stats: mean=0.0839±0.7187 [-0.9513-0.9632]
      [Iter 100] Fitness: current=1617.5081, best=1617.5081, diversity=2.358301
      [Iter 100] Reward: 1.0000
  [Iter 100/600] Best: 1617.5081 | Alpha: 0.2000
      [Iter 150] Action stats: mean=0.0806±0.7770 [-0.9397-0.9986]
  [Iter 150/600] Best: 1605.6902 | Alpha: 0.1986
      [Iter 200] Action stats: mean=0.0853±0.6669 [-0.9601-0.9788]
      [Iter 200] Fitness: current=1601.6247, best=1601.6247, diversity=1.639744
      [Iter 200] Reward: -1.0000
  [Iter 200/600] Best: 1601.6247 | Alpha: 0.1957
      [Iter 250] Action stats: mean=-0.1266±0.6217 [-0.9814-0.7288]
  [Iter 250/600] Best: 1588.5900 | Alpha: 0.1928
      [Iter 300] Action stats: mean=0.0207±0.6696 [-0.7473-0.8540]
      [Iter 300] Fitness: current=1585.0713, best=1585.0713, diversity=0.558443
      [Iter 300] Reward: -1.0000
  [Iter 300/600] Best: 1585.0713 | Alpha: 0.1899
      [Iter 350] Action stats: mean=-0.0737±0.4426 [-0.8168-0.6624]
  [Iter 350/600] Best: 1584.2699 | Alpha: 0.1871
      [Iter 400] Action stats: mean=0.4447±0.6483 [-0.8412-0.9770]
      [Iter 400] Fitness: current=1582.9336, best=1582.9336, diversity=0.437464
      [Iter 400] Reward: -1.0000
  [Iter 400/600] Best: 1582.9336 | Alpha: 0.1843
      [Iter 450] Action stats: mean=0.1375±0.7209 [-0.9775-0.9932]
  [Iter 450/600] Best: 1582.1947 | Alpha: 0.1815
      [Iter 500] Action stats: mean=-0.0043±0.6509 [-0.8892-0.9775]
      [Iter 500] Fitness: current=1581.7824, best=1581.7824, diversity=0.336070
      [Iter 500] Reward: 1.0000
  [Iter 500/600] Best: 1581.7824 | Alpha: 0.1788
      [Iter 550] Action stats: mean=-0.1704±0.6295 [-0.9393-0.9769]
  [Iter 550/600] Best: 1581.6488 | Alpha: 0.1762
      [Iter 600] Action stats: mean=0.1368±0.6755 [-0.9096-0.9597]
      [Iter 600] Fitness: current=1579.8953, best=1579.8953, diversity=0.040361
      [Iter 600] Reward: 1.0000
  [Iter 600/600] Best: 1579.8953 | Alpha: 0.1735

╔════════════════════════════════════════════════════════════╗
║              RRSACPSO TRAINING COMPLETE                   ║
╚════════════════════════════════════════════════════════════╝
  Mode:              online
  Episodes:          1
  Iterations/Ep:     600
  Population Size:   40
  Best Fitness:      1579.8953
  Path Length:       5 waypoints


========== Planning Complete ==========
Algorithm: RRSACPSO
Execution time: 28.3922 seconds
Path length: 171.1555 units
Waypoints: 7
Best fitness: 1579.8953
========================================


========== Direct Global Planning ==========
Algorithm: RRSACPSO
Start: [10.0, 95.0, 10.0]
Goal:  [97.0, 2.0, 10.0]
============================================


╔══════════════════════════════════════════════════════════╗
║      RRSACPSO Configuration (SAC Critic Research)        ║
╚══════════════════════════════════════════════════════════╝

Mode: online
Algorithm: RRSACPSO v4.6-tqc-rank2

--- Core Features ---
  SAC Framework:        ON (automatic entropy tuning)
  CrossQ Critic:        OFF
  REDQ Critic:          OFF (N=2, M=2, mode=min, delay=1)
  AQE Critic:           OFF (3 heads/critic, keep=2)
  DroQ Critic:          OFF
  SimBa Backbone:       OFF
  PiLaR Returns:        OFF (eff=3, long=6, c=0.406)
  TQC Critic:           ON (25 quantiles, drop=2/critic)
  D2RL Backbone:        OFF
  ERE Replay:           OFF (eta 0.996 -> 1.000, cmin=128)
  Delayed Actor:        OFF (interval=1)
  Obs Normalization:    OFF (clip=5.0)
  Critic BatchNorm:     OFF (legacy ablation)
  Target Networks:      ON (train-mode targets)
  Critic Ensemble:      2 critics
  Cross-Scale State:    OFF (15D, window=8)
  Rank-Residual Ctrl:   ON (9D latent)
  Per-Particle Actions: OFF
  Reward Signal:        Fitness-improvement binary reward

--- Training Parameters ---
  Episodes:             1
  Population:           40 particles
  Max Iterations:       600
  Batch Size:           128
  Learning Rates:       Actor=0.00030, Critic=0.00030, Alpha=0.00030
  Adam Betas:           Actor=(0.90, 0.999), Critic=(0.90, 0.999)
  UTD Ratio:            1
  Train Frequency:      Every 1 iterations
  Actor Backbone:       width=128, blocks=3
  Critic Backbone:      width=192, blocks=3

--- Compute ---
  GPU:                  OFF (CPU mode)

══════════════════════════════════════════════════════════


╔══════════════════════════════════════════════════════════╗
║              RRSACPSO Global Path Planning              ║
╚══════════════════════════════════════════════════════════╝


[Episode 1/1] Starting training...
  Config: mode=online, episodes=1, iterations=600, popSize=40
      [Iter  50] Action stats: mean=0.1025±0.6586 [-0.9005-0.9452]
  [Iter  50/600] Best: 1714.9683 | Alpha: 0.2000
      [Iter 100] Action stats: mean=-0.1224±0.4088 [-0.9361-0.4180]
      [Iter 100] Fitness: current=1697.4844, best=1697.4844, diversity=3.201299
      [Iter 100] Reward: -1.0000
  [Iter 100/600] Best: 1697.4844 | Alpha: 0.2000
      [Iter 150] Action stats: mean=-0.2198±0.7813 [-0.9753-0.9553]
  [Iter 150/600] Best: 1670.5201 | Alpha: 0.1986
      [Iter 200] Action stats: mean=-0.1680±0.6906 [-0.8896-0.7337]
      [Iter 200] Fitness: current=1664.3483, best=1664.3483, diversity=2.270056
      [Iter 200] Reward: 1.0000
  [Iter 200/600] Best: 1664.3483 | Alpha: 0.1957
      [Iter 250] Action stats: mean=0.1538±0.7361 [-0.8578-0.9814]
  [Iter 250/600] Best: 1606.4124 | Alpha: 0.1928
      [Iter 300] Action stats: mean=0.0376±0.7144 [-0.9112-0.8871]
      [Iter 300] Fitness: current=1602.0226, best=1602.0226, diversity=1.512909
      [Iter 300] Reward: -1.0000
  [Iter 300/600] Best: 1602.0226 | Alpha: 0.1899
      [Iter 350] Action stats: mean=0.3190±0.7047 [-0.8720-0.9714]
  [Iter 350/600] Best: 1600.6419 | Alpha: 0.1871
      [Iter 400] Action stats: mean=-0.0965±0.6393 [-0.8572-0.7163]
      [Iter 400] Fitness: current=1558.7913, best=1558.7913, diversity=0.823492
      [Iter 400] Reward: -1.0000
  [Iter 400/600] Best: 1558.7913 | Alpha: 0.1843
      [Iter 450] Action stats: mean=0.2886±0.6912 [-0.9577-0.9954]
  [Iter 450/600] Best: 1550.9163 | Alpha: 0.1815
      [Iter 500] Action stats: mean=-0.0575±0.7402 [-0.9697-0.9660]
      [Iter 500] Fitness: current=1550.4426, best=1550.4426, diversity=0.014539
      [Iter 500] Reward: -1.0000
  [Iter 500/600] Best: 1550.4426 | Alpha: 0.1788
      [Iter 550] Action stats: mean=-0.3504±0.7057 [-0.9383-0.9963]
  [Iter 550/600] Best: 1550.4174 | Alpha: 0.1762
      [Iter 600] Action stats: mean=-0.3577±0.5866 [-0.9253-0.8857]
      [Iter 600] Fitness: current=1550.4156, best=1550.4156, diversity=0.003578
      [Iter 600] Reward: 1.0000
  [Iter 600/600] Best: 1550.4156 | Alpha: 0.1735

╔════════════════════════════════════════════════════════════╗
║              RRSACPSO TRAINING COMPLETE                   ║
╚════════════════════════════════════════════════════════════╝
  Mode:              online
  Episodes:          1
  Iterations/Ep:     600
  Population Size:   40
  Best Fitness:      1550.4156
  Path Length:       5 waypoints


========== Planning Complete ==========
Algorithm: RRSACPSO
Execution time: 25.7656 seconds
Path length: 147.0331 units
Waypoints: 7
Best fitness: 1550.4156
========================================


========== Direct Global Planning ==========
Algorithm: RRSACPSO
Start: [10.0, 95.0, 10.0]
Goal:  [97.0, 2.0, 10.0]
============================================


╔══════════════════════════════════════════════════════════╗
║      RRSACPSO Configuration (SAC Critic Research)        ║
╚══════════════════════════════════════════════════════════╝

Mode: online
Algorithm: RRSACPSO v4.6-tqc-rank2

--- Core Features ---
  SAC Framework:        ON (automatic entropy tuning)
  CrossQ Critic:        OFF
  REDQ Critic:          OFF (N=2, M=2, mode=min, delay=1)
  AQE Critic:           OFF (3 heads/critic, keep=2)
  DroQ Critic:          OFF
  SimBa Backbone:       OFF
  PiLaR Returns:        OFF (eff=3, long=6, c=0.406)
  TQC Critic:           ON (25 quantiles, drop=2/critic)
  D2RL Backbone:        OFF
  ERE Replay:           OFF (eta 0.996 -> 1.000, cmin=128)
  Delayed Actor:        OFF (interval=1)
  Obs Normalization:    OFF (clip=5.0)
  Critic BatchNorm:     OFF (legacy ablation)
  Target Networks:      ON (train-mode targets)
  Critic Ensemble:      2 critics
  Cross-Scale State:    OFF (15D, window=8)
  Rank-Residual Ctrl:   ON (9D latent)
  Per-Particle Actions: OFF
  Reward Signal:        Fitness-improvement binary reward

--- Training Parameters ---
  Episodes:             1
  Population:           40 particles
  Max Iterations:       600
  Batch Size:           128
  Learning Rates:       Actor=0.00030, Critic=0.00030, Alpha=0.00030
  Adam Betas:           Actor=(0.90, 0.999), Critic=(0.90, 0.999)
  UTD Ratio:            1
  Train Frequency:      Every 1 iterations
  Actor Backbone:       width=128, blocks=3
  Critic Backbone:      width=192, blocks=3

--- Compute ---
  GPU:                  OFF (CPU mode)

══════════════════════════════════════════════════════════


╔══════════════════════════════════════════════════════════╗
║              RRSACPSO Global Path Planning              ║
╚══════════════════════════════════════════════════════════╝


[Episode 1/1] Starting training...
  Config: mode=online, episodes=1, iterations=600, popSize=40
      [Iter  50] Action stats: mean=0.0746±0.7166 [-0.8323-0.9406]
  [Iter  50/600] Best: 1715.9612 | Alpha: 0.2000
      [Iter 100] Action stats: mean=0.1001±0.6345 [-0.8874-0.8408]
      [Iter 100] Fitness: current=1691.2903, best=1691.2903, diversity=3.211201
      [Iter 100] Reward: 1.0000
  [Iter 100/600] Best: 1691.2903 | Alpha: 0.2000
      [Iter 150] Action stats: mean=-0.1242±0.6171 [-0.9722-0.5875]
  [Iter 150/600] Best: 1662.2007 | Alpha: 0.1986
      [Iter 200] Action stats: mean=0.0879±0.7108 [-0.9277-0.9846]
      [Iter 200] Fitness: current=1644.5945, best=1644.5945, diversity=3.658145
      [Iter 200] Reward: -1.0000
  [Iter 200/600] Best: 1644.5945 | Alpha: 0.1957
      [Iter 250] Action stats: mean=-0.0721±0.6810 [-0.9567-0.8974]
  [Iter 250/600] Best: 1630.1396 | Alpha: 0.1928
      [Iter 300] Action stats: mean=-0.1932±0.5723 [-0.9882-0.6689]
      [Iter 300] Fitness: current=1593.0638, best=1593.0638, diversity=2.153000
      [Iter 300] Reward: -1.0000
  [Iter 300/600] Best: 1593.0638 | Alpha: 0.1899
      [Iter 350] Action stats: mean=0.3486±0.6678 [-0.9040-0.9566]
  [Iter 350/600] Best: 1573.3044 | Alpha: 0.1871
      [Iter 400] Action stats: mean=-0.1850±0.6665 [-0.9445-0.7359]
      [Iter 400] Fitness: current=1568.4815, best=1568.4815, diversity=1.037283
      [Iter 400] Reward: 1.0000
  [Iter 400/600] Best: 1568.4815 | Alpha: 0.1843
      [Iter 450] Action stats: mean=0.3325±0.4635 [-0.4181-0.8078]
  [Iter 450/600] Best: 1565.0505 | Alpha: 0.1815
      [Iter 500] Action stats: mean=-0.3255±0.7575 [-0.9128-0.9890]
      [Iter 500] Fitness: current=1561.7322, best=1561.7322, diversity=0.085361
      [Iter 500] Reward: 1.0000
  [Iter 500/600] Best: 1561.7322 | Alpha: 0.1788
      [Iter 550] Action stats: mean=0.0483±0.6255 [-0.9313-0.7312]
  [Iter 550/600] Best: 1560.6007 | Alpha: 0.1762
      [Iter 600] Action stats: mean=-0.0074±0.7561 [-0.9779-0.9619]
      [Iter 600] Fitness: current=1559.6971, best=1559.6971, diversity=0.006394
      [Iter 600] Reward: 1.0000
  [Iter 600/600] Best: 1559.6971 | Alpha: 0.1735

╔════════════════════════════════════════════════════════════╗
║              RRSACPSO TRAINING COMPLETE                   ║
╚════════════════════════════════════════════════════════════╝
  Mode:              online
  Episodes:          1
  Iterations/Ep:     600
  Population Size:   40
  Best Fitness:      1559.6971
  Path Length:       5 waypoints


========== Planning Complete ==========
Algorithm: RRSACPSO
Execution time: 26.4890 seconds
Path length: 152.2883 units
Waypoints: 7
Best fitness: 1559.6971
========================================


========== Direct Global Planning ==========
Algorithm: RRSACPSO
Start: [10.0, 95.0, 10.0]
Goal:  [97.0, 2.0, 10.0]
============================================


╔══════════════════════════════════════════════════════════╗
║      RRSACPSO Configuration (SAC Critic Research)        ║
╚══════════════════════════════════════════════════════════╝

Mode: online
Algorithm: RRSACPSO v4.6-tqc-rank2

--- Core Features ---
  SAC Framework:        ON (automatic entropy tuning)
  CrossQ Critic:        OFF
  REDQ Critic:          OFF (N=2, M=2, mode=min, delay=1)
  AQE Critic:           OFF (3 heads/critic, keep=2)
  DroQ Critic:          OFF
  SimBa Backbone:       OFF
  PiLaR Returns:        OFF (eff=3, long=6, c=0.406)
  TQC Critic:           ON (25 quantiles, drop=2/critic)
  D2RL Backbone:        OFF
  ERE Replay:           OFF (eta 0.996 -> 1.000, cmin=128)
  Delayed Actor:        OFF (interval=1)
  Obs Normalization:    OFF (clip=5.0)
  Critic BatchNorm:     OFF (legacy ablation)
  Target Networks:      ON (train-mode targets)
  Critic Ensemble:      2 critics
  Cross-Scale State:    OFF (15D, window=8)
  Rank-Residual Ctrl:   ON (9D latent)
  Per-Particle Actions: OFF
  Reward Signal:        Fitness-improvement binary reward

--- Training Parameters ---
  Episodes:             1
  Population:           40 particles
  Max Iterations:       600
  Batch Size:           128
  Learning Rates:       Actor=0.00030, Critic=0.00030, Alpha=0.00030
  Adam Betas:           Actor=(0.90, 0.999), Critic=(0.90, 0.999)
  UTD Ratio:            1
  Train Frequency:      Every 1 iterations
  Actor Backbone:       width=128, blocks=3
  Critic Backbone:      width=192, blocks=3

--- Compute ---
  GPU:                  OFF (CPU mode)

══════════════════════════════════════════════════════════


╔══════════════════════════════════════════════════════════╗
║              RRSACPSO Global Path Planning              ║
╚══════════════════════════════════════════════════════════╝


[Episode 1/1] Starting training...
  Config: mode=online, episodes=1, iterations=600, popSize=40
      [Iter  50] Action stats: mean=-0.0638±0.7319 [-0.9842-0.8920]
  [Iter  50/600] Best: 1547.1873 | Alpha: 0.2000
      [Iter 100] Action stats: mean=0.2728±0.6269 [-0.7519-0.9336]
      [Iter 100] Fitness: current=1544.8327, best=1544.8327, diversity=3.321285
      [Iter 100] Reward: -1.0000
  [Iter 100/600] Best: 1544.8327 | Alpha: 0.2000
      [Iter 150] Action stats: mean=0.2146±0.7585 [-0.7793-0.9561]
  [Iter 150/600] Best: 1544.1182 | Alpha: 0.1986
      [Iter 200] Action stats: mean=0.1493±0.4991 [-0.3628-0.9455]
      [Iter 200] Fitness: current=1530.5630, best=1530.5630, diversity=1.798282
      [Iter 200] Reward: -1.0000
  [Iter 200/600] Best: 1530.5630 | Alpha: 0.1957
      [Iter 250] Action stats: mean=0.3569±0.5542 [-0.6221-0.8655]
  [Iter 250/600] Best: 1525.1456 | Alpha: 0.1928
      [Iter 300] Action stats: mean=0.2282±0.6442 [-0.9097-0.9632]
      [Iter 300] Fitness: current=1510.5052, best=1510.5052, diversity=0.958712
      [Iter 300] Reward: 1.0000
  [Iter 300/600] Best: 1510.5052 | Alpha: 0.1899
      [Iter 350] Action stats: mean=0.0537±0.6218 [-0.7875-0.8416]
  [Iter 350/600] Best: 1509.0943 | Alpha: 0.1871
      [Iter 400] Action stats: mean=-0.0235±0.6788 [-0.9393-0.9085]
      [Iter 400] Fitness: current=1508.4894, best=1508.4894, diversity=0.155015
      [Iter 400] Reward: 1.0000
  [Iter 400/600] Best: 1508.4894 | Alpha: 0.1843
      [Iter 450] Action stats: mean=0.2656±0.6483 [-0.9841-0.8950]
  [Iter 450/600] Best: 1506.9585 | Alpha: 0.1815
      [Iter 500] Action stats: mean=-0.2394±0.5666 [-0.9556-0.8489]
      [Iter 500] Fitness: current=1505.7449, best=1505.7449, diversity=0.059240
      [Iter 500] Reward: -1.0000
  [Iter 500/600] Best: 1505.7449 | Alpha: 0.1788
      [Iter 550] Action stats: mean=-0.1317±0.5760 [-0.7663-0.5629]
  [Iter 550/600] Best: 1505.1482 | Alpha: 0.1762
      [Iter 600] Action stats: mean=-0.1511±0.7162 [-0.9484-0.9776]
      [Iter 600] Fitness: current=1504.4164, best=1504.4164, diversity=0.004252
      [Iter 600] Reward: -1.0000
  [Iter 600/600] Best: 1504.4164 | Alpha: 0.1736

╔════════════════════════════════════════════════════════════╗
║              RRSACPSO TRAINING COMPLETE                   ║
╚════════════════════════════════════════════════════════════╝
  Mode:              online
  Episodes:          1
  Iterations/Ep:     600
  Population Size:   40
  Best Fitness:      1504.4164
  Path Length:       5 waypoints


========== Planning Complete ==========
Algorithm: RRSACPSO
Execution time: 31.8304 seconds
Path length: 193.2620 units
Waypoints: 7
Best fitness: 1504.4164
========================================


========== Direct Global Planning ==========
Algorithm: RRSACPSO
Start: [10.0, 95.0, 10.0]
Goal:  [97.0, 2.0, 10.0]
============================================


╔══════════════════════════════════════════════════════════╗
║      RRSACPSO Configuration (SAC Critic Research)        ║
╚══════════════════════════════════════════════════════════╝

Mode: online
Algorithm: RRSACPSO v4.6-tqc-rank2

--- Core Features ---
  SAC Framework:        ON (automatic entropy tuning)
  CrossQ Critic:        OFF
  REDQ Critic:          OFF (N=2, M=2, mode=min, delay=1)
  AQE Critic:           OFF (3 heads/critic, keep=2)
  DroQ Critic:          OFF
  SimBa Backbone:       OFF
  PiLaR Returns:        OFF (eff=3, long=6, c=0.406)
  TQC Critic:           ON (25 quantiles, drop=2/critic)
  D2RL Backbone:        OFF
  ERE Replay:           OFF (eta 0.996 -> 1.000, cmin=128)
  Delayed Actor:        OFF (interval=1)
  Obs Normalization:    OFF (clip=5.0)
  Critic BatchNorm:     OFF (legacy ablation)
  Target Networks:      ON (train-mode targets)
  Critic Ensemble:      2 critics
  Cross-Scale State:    OFF (15D, window=8)
  Rank-Residual Ctrl:   ON (9D latent)
  Per-Particle Actions: OFF
  Reward Signal:        Fitness-improvement binary reward

--- Training Parameters ---
  Episodes:             1
  Population:           40 particles
  Max Iterations:       600
  Batch Size:           128
  Learning Rates:       Actor=0.00030, Critic=0.00030, Alpha=0.00030
  Adam Betas:           Actor=(0.90, 0.999), Critic=(0.90, 0.999)
  UTD Ratio:            1
  Train Frequency:      Every 1 iterations
  Actor Backbone:       width=128, blocks=3
  Critic Backbone:      width=192, blocks=3

--- Compute ---
  GPU:                  OFF (CPU mode)

══════════════════════════════════════════════════════════


╔══════════════════════════════════════════════════════════╗
║              RRSACPSO Global Path Planning              ║
╚══════════════════════════════════════════════════════════╝


[Episode 1/1] Starting training...
  Config: mode=online, episodes=1, iterations=600, popSize=40
      [Iter  50] Action stats: mean=-0.1018±0.7136 [-0.9094-0.9582]
  [Iter  50/600] Best: 1879.1659 | Alpha: 0.2000
      [Iter 100] Action stats: mean=0.0195±0.6631 [-0.8034-0.9250]
      [Iter 100] Fitness: current=1809.2289, best=1809.2289, diversity=4.460297
      [Iter 100] Reward: -1.0000
  [Iter 100/600] Best: 1809.2289 | Alpha: 0.2000
      [Iter 150] Action stats: mean=-0.4112±0.4709 [-0.9679-0.3427]
  [Iter 150/600] Best: 1786.2183 | Alpha: 0.1986
      [Iter 200] Action stats: mean=-0.0012±0.5667 [-0.8472-0.6801]
      [Iter 200] Fitness: current=1767.1201, best=1767.1201, diversity=3.480382
      [Iter 200] Reward: -1.0000
  [Iter 200/600] Best: 1767.1201 | Alpha: 0.1957
      [Iter 250] Action stats: mean=0.1658±0.5015 [-0.8621-0.8874]
  [Iter 250/600] Best: 1753.5516 | Alpha: 0.1928
      [Iter 300] Action stats: mean=0.3780±0.7022 [-0.7293-0.9538]
      [Iter 300] Fitness: current=1751.4985, best=1751.4985, diversity=1.446625
      [Iter 300] Reward: 1.0000
  [Iter 300/600] Best: 1751.4985 | Alpha: 0.1899
      [Iter 350] Action stats: mean=-0.0215±0.4183 [-0.3499-0.9053]
  [Iter 350/600] Best: 1745.5591 | Alpha: 0.1871
      [Iter 400] Action stats: mean=-0.0285±0.5879 [-0.9413-0.9125]
      [Iter 400] Fitness: current=1744.0967, best=1744.0967, diversity=0.571380
      [Iter 400] Reward: 1.0000
  [Iter 400/600] Best: 1744.0967 | Alpha: 0.1843
      [Iter 450] Action stats: mean=0.2200±0.6151 [-0.7215-0.9886]
  [Iter 450/600] Best: 1742.8797 | Alpha: 0.1815
      [Iter 500] Action stats: mean=-0.0319±0.7372 [-0.9064-0.8600]
      [Iter 500] Fitness: current=1742.8660, best=1742.8660, diversity=0.140197
      [Iter 500] Reward: 1.0000
  [Iter 500/600] Best: 1742.8660 | Alpha: 0.1788
      [Iter 550] Action stats: mean=-0.0795±0.7213 [-0.9466-0.9079]
  [Iter 550/600] Best: 1717.9200 | Alpha: 0.1762
      [Iter 600] Action stats: mean=-0.2591±0.6051 [-0.8921-0.8662]
      [Iter 600] Fitness: current=1714.7618, best=1714.7618, diversity=0.000193
      [Iter 600] Reward: 1.0000
  [Iter 600/600] Best: 1714.7618 | Alpha: 0.1736

╔════════════════════════════════════════════════════════════╗
║              RRSACPSO TRAINING COMPLETE                   ║
╚════════════════════════════════════════════════════════════╝
  Mode:              online
  Episodes:          1
  Iterations/Ep:     600
  Population Size:   40
  Best Fitness:      1714.7618
  Path Length:       5 waypoints


========== Planning Complete ==========
Algorithm: RRSACPSO
Execution time: 25.5507 seconds
Path length: 174.5848 units
Waypoints: 7
Best fitness: 1714.7618
========================================


========== Direct Global Planning ==========
Algorithm: RRSACPSO
Start: [10.0, 95.0, 10.0]
Goal:  [97.0, 2.0, 10.0]
============================================


╔══════════════════════════════════════════════════════════╗
║      RRSACPSO Configuration (SAC Critic Research)        ║
╚══════════════════════════════════════════════════════════╝

Mode: online
Algorithm: RRSACPSO v4.6-tqc-rank2

--- Core Features ---
  SAC Framework:        ON (automatic entropy tuning)
  CrossQ Critic:        OFF
  REDQ Critic:          OFF (N=2, M=2, mode=min, delay=1)
  AQE Critic:           OFF (3 heads/critic, keep=2)
  DroQ Critic:          OFF
  SimBa Backbone:       OFF
  PiLaR Returns:        OFF (eff=3, long=6, c=0.406)
  TQC Critic:           ON (25 quantiles, drop=2/critic)
  D2RL Backbone:        OFF
  ERE Replay:           OFF (eta 0.996 -> 1.000, cmin=128)
  Delayed Actor:        OFF (interval=1)
  Obs Normalization:    OFF (clip=5.0)
  Critic BatchNorm:     OFF (legacy ablation)
  Target Networks:      ON (train-mode targets)
  Critic Ensemble:      2 critics
  Cross-Scale State:    OFF (15D, window=8)
  Rank-Residual Ctrl:   ON (9D latent)
  Per-Particle Actions: OFF
  Reward Signal:        Fitness-improvement binary reward

--- Training Parameters ---
  Episodes:             1
  Population:           40 particles
  Max Iterations:       600
  Batch Size:           128
  Learning Rates:       Actor=0.00030, Critic=0.00030, Alpha=0.00030
  Adam Betas:           Actor=(0.90, 0.999), Critic=(0.90, 0.999)
  UTD Ratio:            1
  Train Frequency:      Every 1 iterations
  Actor Backbone:       width=128, blocks=3
  Critic Backbone:      width=192, blocks=3

--- Compute ---
  GPU:                  OFF (CPU mode)

══════════════════════════════════════════════════════════


╔══════════════════════════════════════════════════════════╗
║              RRSACPSO Global Path Planning              ║
╚══════════════════════════════════════════════════════════╝


[Episode 1/1] Starting training...
  Config: mode=online, episodes=1, iterations=600, popSize=40
      [Iter  50] Action stats: mean=0.3108±0.6109 [-0.8705-0.9244]
  [Iter  50/600] Best: 1706.7503 | Alpha: 0.2000
      [Iter 100] Action stats: mean=-0.0129±0.7970 [-0.9642-0.9594]
      [Iter 100] Fitness: current=1650.7311, best=1650.7311, diversity=3.557632
      [Iter 100] Reward: -1.0000
  [Iter 100/600] Best: 1650.7311 | Alpha: 0.2000
      [Iter 150] Action stats: mean=0.2823±0.5974 [-0.6755-0.9536]
  [Iter 150/600] Best: 1587.7559 | Alpha: 0.1986
      [Iter 200] Action stats: mean=-0.1276±0.6691 [-0.9225-0.8356]
      [Iter 200] Fitness: current=1560.6248, best=1560.6248, diversity=2.484946
      [Iter 200] Reward: -1.0000
  [Iter 200/600] Best: 1560.6248 | Alpha: 0.1957
      [Iter 250] Action stats: mean=0.0630±0.6939 [-0.7811-0.9820]
  [Iter 250/600] Best: 1543.5417 | Alpha: 0.1928
      [Iter 300] Action stats: mean=0.4034±0.6796 [-0.8647-0.9458]
      [Iter 300] Fitness: current=1540.4574, best=1540.4574, diversity=0.615123
      [Iter 300] Reward: 1.0000
  [Iter 300/600] Best: 1540.4574 | Alpha: 0.1899
      [Iter 350] Action stats: mean=0.1331±0.6318 [-0.9848-0.8527]
  [Iter 350/600] Best: 1533.1970 | Alpha: 0.1871
      [Iter 400] Action stats: mean=0.0490±0.5500 [-0.8137-0.9878]
      [Iter 400] Fitness: current=1531.6753, best=1531.6753, diversity=0.414272
      [Iter 400] Reward: -1.0000
  [Iter 400/600] Best: 1531.6753 | Alpha: 0.1843
      [Iter 450] Action stats: mean=0.0824±0.6736 [-0.8358-0.9715]
  [Iter 450/600] Best: 1531.6611 | Alpha: 0.1815
      [Iter 500] Action stats: mean=0.1074±0.5453 [-0.7646-0.8360]
      [Iter 500] Fitness: current=1531.5674, best=1531.5674, diversity=0.222051
      [Iter 500] Reward: 1.0000
  [Iter 500/600] Best: 1531.5674 | Alpha: 0.1788
      [Iter 550] Action stats: mean=-0.3234±0.6703 [-0.9671-0.7771]
  [Iter 550/600] Best: 1529.8649 | Alpha: 0.1762
      [Iter 600] Action stats: mean=-0.1121±0.7782 [-0.9892-0.8897]
      [Iter 600] Fitness: current=1529.8635, best=1529.8635, diversity=0.037671
      [Iter 600] Reward: 1.0000
  [Iter 600/600] Best: 1529.8635 | Alpha: 0.1735

╔════════════════════════════════════════════════════════════╗
║              RRSACPSO TRAINING COMPLETE                   ║
╚════════════════════════════════════════════════════════════╝
  Mode:              online
  Episodes:          1
  Iterations/Ep:     600
  Population Size:   40
  Best Fitness:      1529.8635
  Path Length:       5 waypoints


========== Planning Complete ==========
Algorithm: RRSACPSO
Execution time: 33.3892 seconds
Path length: 153.6977 units
Waypoints: 7
Best fitness: 1529.8635
========================================


========== Direct Global Planning ==========
Algorithm: RRSACPSO
Start: [10.0, 95.0, 10.0]
Goal:  [97.0, 2.0, 10.0]
============================================


╔══════════════════════════════════════════════════════════╗
║      RRSACPSO Configuration (SAC Critic Research)        ║
╚══════════════════════════════════════════════════════════╝

Mode: online
Algorithm: RRSACPSO v4.6-tqc-rank2

--- Core Features ---
  SAC Framework:        ON (automatic entropy tuning)
  CrossQ Critic:        OFF
  REDQ Critic:          OFF (N=2, M=2, mode=min, delay=1)
  AQE Critic:           OFF (3 heads/critic, keep=2)
  DroQ Critic:          OFF
  SimBa Backbone:       OFF
  PiLaR Returns:        OFF (eff=3, long=6, c=0.406)
  TQC Critic:           ON (25 quantiles, drop=2/critic)
  D2RL Backbone:        OFF
  ERE Replay:           OFF (eta 0.996 -> 1.000, cmin=128)
  Delayed Actor:        OFF (interval=1)
  Obs Normalization:    OFF (clip=5.0)
  Critic BatchNorm:     OFF (legacy ablation)
  Target Networks:      ON (train-mode targets)
  Critic Ensemble:      2 critics
  Cross-Scale State:    OFF (15D, window=8)
  Rank-Residual Ctrl:   ON (9D latent)
  Per-Particle Actions: OFF
  Reward Signal:        Fitness-improvement binary reward

--- Training Parameters ---
  Episodes:             1
  Population:           40 particles
  Max Iterations:       600
  Batch Size:           128
  Learning Rates:       Actor=0.00030, Critic=0.00030, Alpha=0.00030
  Adam Betas:           Actor=(0.90, 0.999), Critic=(0.90, 0.999)
  UTD Ratio:            1
  Train Frequency:      Every 1 iterations
  Actor Backbone:       width=128, blocks=3
  Critic Backbone:      width=192, blocks=3

--- Compute ---
  GPU:                  OFF (CPU mode)

══════════════════════════════════════════════════════════


╔══════════════════════════════════════════════════════════╗
║              RRSACPSO Global Path Planning              ║
╚══════════════════════════════════════════════════════════╝


[Episode 1/1] Starting training...
  Config: mode=online, episodes=1, iterations=600, popSize=40
      [Iter  50] Action stats: mean=0.0214±0.5148 [-0.8806-0.6741]
  [Iter  50/600] Best: 1734.3234 | Alpha: 0.2000
      [Iter 100] Action stats: mean=0.1561±0.6640 [-0.9302-0.8756]
      [Iter 100] Fitness: current=1720.1461, best=1720.1461, diversity=3.031635
      [Iter 100] Reward: -1.0000
  [Iter 100/600] Best: 1720.1461 | Alpha: 0.2000
      [Iter 150] Action stats: mean=-0.3206±0.5466 [-0.9485-0.8274]
  [Iter 150/600] Best: 1696.1879 | Alpha: 0.1986
      [Iter 200] Action stats: mean=-0.1993±0.6731 [-0.9608-0.9781]
      [Iter 200] Fitness: current=1695.6052, best=1695.6052, diversity=1.978960
      [Iter 200] Reward: -1.0000
  [Iter 200/600] Best: 1695.6052 | Alpha: 0.1957
      [Iter 250] Action stats: mean=-0.3769±0.3243 [-0.8730-0.2650]
  [Iter 250/600] Best: 1681.4172 | Alpha: 0.1928
      [Iter 300] Action stats: mean=-0.1183±0.7102 [-0.9763-0.7928]
      [Iter 300] Fitness: current=1667.3495, best=1667.3495, diversity=1.003728
      [Iter 300] Reward: 1.0000
  [Iter 300/600] Best: 1667.3495 | Alpha: 0.1899
      [Iter 350] Action stats: mean=-0.2407±0.4978 [-0.9231-0.5796]
  [Iter 350/600] Best: 1665.3812 | Alpha: 0.1871
      [Iter 400] Action stats: mean=-0.0511±0.7573 [-0.8973-0.9440]
      [Iter 400] Fitness: current=1661.5819, best=1661.5819, diversity=0.236300
      [Iter 400] Reward: -1.0000
  [Iter 400/600] Best: 1661.5819 | Alpha: 0.1843
      [Iter 450] Action stats: mean=-0.4212±0.3978 [-0.8232-0.2232]
  [Iter 450/600] Best: 1660.4229 | Alpha: 0.1815
      [Iter 500] Action stats: mean=0.2548±0.5508 [-0.5658-0.9102]
      [Iter 500] Fitness: current=1659.6660, best=1659.6660, diversity=0.016117
      [Iter 500] Reward: -1.0000
  [Iter 500/600] Best: 1659.6660 | Alpha: 0.1788
      [Iter 550] Action stats: mean=-0.0708±0.4265 [-0.6472-0.6618]
  [Iter 550/600] Best: 1659.2439 | Alpha: 0.1762
      [Iter 600] Action stats: mean=0.0851±0.7059 [-0.9799-0.9813]
      [Iter 600] Fitness: current=1658.8330, best=1658.8330, diversity=0.001134
      [Iter 600] Reward: 1.0000
  [Iter 600/600] Best: 1658.8330 | Alpha: 0.1735

╔════════════════════════════════════════════════════════════╗
║              RRSACPSO TRAINING COMPLETE                   ║
╚════════════════════════════════════════════════════════════╝
  Mode:              online
  Episodes:          1
  Iterations/Ep:     600
  Population Size:   40
  Best Fitness:      1658.8330
  Path Length:       5 waypoints


========== Planning Complete ==========
Algorithm: RRSACPSO
Execution time: 27.8228 seconds
Path length: 148.2479 units
Waypoints: 7
Best fitness: 1658.8330
========================================


========== Direct Global Planning ==========
Algorithm: RRSACPSO
Start: [10.0, 95.0, 10.0]
Goal:  [97.0, 2.0, 10.0]
============================================


╔══════════════════════════════════════════════════════════╗
║      RRSACPSO Configuration (SAC Critic Research)        ║
╚══════════════════════════════════════════════════════════╝

Mode: online
Algorithm: RRSACPSO v4.6-tqc-rank2

--- Core Features ---
  SAC Framework:        ON (automatic entropy tuning)
  CrossQ Critic:        OFF
  REDQ Critic:          OFF (N=2, M=2, mode=min, delay=1)
  AQE Critic:           OFF (3 heads/critic, keep=2)
  DroQ Critic:          OFF
  SimBa Backbone:       OFF
  PiLaR Returns:        OFF (eff=3, long=6, c=0.406)
  TQC Critic:           ON (25 quantiles, drop=2/critic)
  D2RL Backbone:        OFF
  ERE Replay:           OFF (eta 0.996 -> 1.000, cmin=128)
  Delayed Actor:        OFF (interval=1)
  Obs Normalization:    OFF (clip=5.0)
  Critic BatchNorm:     OFF (legacy ablation)
  Target Networks:      ON (train-mode targets)
  Critic Ensemble:      2 critics
  Cross-Scale State:    OFF (15D, window=8)
  Rank-Residual Ctrl:   ON (9D latent)
  Per-Particle Actions: OFF
  Reward Signal:        Fitness-improvement binary reward

--- Training Parameters ---
  Episodes:             1
  Population:           40 particles
  Max Iterations:       600
  Batch Size:           128
  Learning Rates:       Actor=0.00030, Critic=0.00030, Alpha=0.00030
  Adam Betas:           Actor=(0.90, 0.999), Critic=(0.90, 0.999)
  UTD Ratio:            1
  Train Frequency:      Every 1 iterations
  Actor Backbone:       width=128, blocks=3
  Critic Backbone:      width=192, blocks=3

--- Compute ---
  GPU:                  OFF (CPU mode)

══════════════════════════════════════════════════════════


╔══════════════════════════════════════════════════════════╗
║              RRSACPSO Global Path Planning              ║
╚══════════════════════════════════════════════════════════╝


[Episode 1/1] Starting training...
  Config: mode=online, episodes=1, iterations=600, popSize=40
      [Iter  50] Action stats: mean=0.1532±0.5099 [-0.7546-0.8316]
  [Iter  50/600] Best: 1745.1185 | Alpha: 0.2000
      [Iter 100] Action stats: mean=0.0785±0.6588 [-0.9235-0.9052]
      [Iter 100] Fitness: current=1653.6239, best=1653.6239, diversity=4.120594
      [Iter 100] Reward: -1.0000
  [Iter 100/600] Best: 1653.6239 | Alpha: 0.2000
      [Iter 150] Action stats: mean=0.0503±0.5490 [-0.6854-0.7465]
  [Iter 150/600] Best: 1648.4270 | Alpha: 0.1986
      [Iter 200] Action stats: mean=0.1388±0.7131 [-0.7553-0.7809]
      [Iter 200] Fitness: current=1616.4812, best=1616.4812, diversity=3.157101
      [Iter 200] Reward: -1.0000
  [Iter 200/600] Best: 1616.4812 | Alpha: 0.1957
      [Iter 250] Action stats: mean=-0.3202±0.5478 [-0.8876-0.7927]
  [Iter 250/600] Best: 1599.5067 | Alpha: 0.1928
      [Iter 300] Action stats: mean=0.2809±0.7643 [-0.8671-0.9846]
      [Iter 300] Fitness: current=1595.4564, best=1595.4564, diversity=1.054827
      [Iter 300] Reward: -1.0000
  [Iter 300/600] Best: 1595.4564 | Alpha: 0.1899
      [Iter 350] Action stats: mean=0.0430±0.5697 [-0.9564-0.8405]
  [Iter 350/600] Best: 1590.7250 | Alpha: 0.1871
      [Iter 400] Action stats: mean=0.0414±0.4381 [-0.4456-0.8491]
      [Iter 400] Fitness: current=1590.4210, best=1590.4210, diversity=0.270938
      [Iter 400] Reward: 1.0000
  [Iter 400/600] Best: 1590.4210 | Alpha: 0.1843
      [Iter 450] Action stats: mean=0.0699±0.7698 [-0.9355-0.9697]
  [Iter 450/600] Best: 1590.3379 | Alpha: 0.1815
      [Iter 500] Action stats: mean=0.0348±0.6611 [-0.9303-0.9737]
      [Iter 500] Fitness: current=1590.3322, best=1590.3322, diversity=0.461392
      [Iter 500] Reward: 1.0000
  [Iter 500/600] Best: 1590.3322 | Alpha: 0.1788
      [Iter 550] Action stats: mean=-0.1404±0.5563 [-0.9393-0.5288]
  [Iter 550/600] Best: 1590.3310 | Alpha: 0.1762
      [Iter 600] Action stats: mean=-0.1930±0.4022 [-0.6861-0.4514]
      [Iter 600] Fitness: current=1590.3308, best=1590.3308, diversity=0.000009
      [Iter 600] Reward: -1.0000
  [Iter 600/600] Best: 1590.3308 | Alpha: 0.1735

╔════════════════════════════════════════════════════════════╗
║              RRSACPSO TRAINING COMPLETE                   ║
╚════════════════════════════════════════════════════════════╝
  Mode:              online
  Episodes:          1
  Iterations/Ep:     600
  Population Size:   40
  Best Fitness:      1590.3308
  Path Length:       5 waypoints


========== Planning Complete ==========
Algorithm: RRSACPSO
Execution time: 32.7377 seconds
Path length: 197.2905 units
Waypoints: 7
Best fitness: 1590.3308
========================================


========== Direct Global Planning ==========
Algorithm: RRSACPSO
Start: [10.0, 95.0, 10.0]
Goal:  [97.0, 2.0, 10.0]
============================================


╔══════════════════════════════════════════════════════════╗
║      RRSACPSO Configuration (SAC Critic Research)        ║
╚══════════════════════════════════════════════════════════╝

Mode: online
Algorithm: RRSACPSO v4.6-tqc-rank2

--- Core Features ---
  SAC Framework:        ON (automatic entropy tuning)
  CrossQ Critic:        OFF
  REDQ Critic:          OFF (N=2, M=2, mode=min, delay=1)
  AQE Critic:           OFF (3 heads/critic, keep=2)
  DroQ Critic:          OFF
  SimBa Backbone:       OFF
  PiLaR Returns:        OFF (eff=3, long=6, c=0.406)
  TQC Critic:           ON (25 quantiles, drop=2/critic)
  D2RL Backbone:        OFF
  ERE Replay:           OFF (eta 0.996 -> 1.000, cmin=128)
  Delayed Actor:        OFF (interval=1)
  Obs Normalization:    OFF (clip=5.0)
  Critic BatchNorm:     OFF (legacy ablation)
  Target Networks:      ON (train-mode targets)
  Critic Ensemble:      2 critics
  Cross-Scale State:    OFF (15D, window=8)
  Rank-Residual Ctrl:   ON (9D latent)
  Per-Particle Actions: OFF
  Reward Signal:        Fitness-improvement binary reward

--- Training Parameters ---
  Episodes:             1
  Population:           40 particles
  Max Iterations:       600
  Batch Size:           128
  Learning Rates:       Actor=0.00030, Critic=0.00030, Alpha=0.00030
  Adam Betas:           Actor=(0.90, 0.999), Critic=(0.90, 0.999)
  UTD Ratio:            1
  Train Frequency:      Every 1 iterations
  Actor Backbone:       width=128, blocks=3
  Critic Backbone:      width=192, blocks=3

--- Compute ---
  GPU:                  OFF (CPU mode)

══════════════════════════════════════════════════════════


╔══════════════════════════════════════════════════════════╗
║              RRSACPSO Global Path Planning              ║
╚══════════════════════════════════════════════════════════╝


[Episode 1/1] Starting training...
  Config: mode=online, episodes=1, iterations=600, popSize=40
      [Iter  50] Action stats: mean=0.3268±0.5605 [-0.7611-0.8939]
  [Iter  50/600] Best: 1957.1093 | Alpha: 0.2000
      [Iter 100] Action stats: mean=0.2670±0.5923 [-0.6002-0.8377]
      [Iter 100] Fitness: current=1774.2098, best=1774.2098, diversity=6.440906
      [Iter 100] Reward: -1.0000
  [Iter 100/600] Best: 1774.2098 | Alpha: 0.2000
      [Iter 150] Action stats: mean=-0.0687±0.5980 [-0.9094-0.6890]
  [Iter 150/600] Best: 1704.9095 | Alpha: 0.1986
      [Iter 200] Action stats: mean=-0.0444±0.5783 [-0.9482-0.8516]
      [Iter 200] Fitness: current=1635.7606, best=1635.7606, diversity=3.268759
      [Iter 200] Reward: 1.0000
  [Iter 200/600] Best: 1635.7606 | Alpha: 0.1957
      [Iter 250] Action stats: mean=0.1471±0.6879 [-0.9720-0.8606]
  [Iter 250/600] Best: 1606.8047 | Alpha: 0.1928
      [Iter 300] Action stats: mean=0.4204±0.6077 [-0.4649-0.9918]
      [Iter 300] Fitness: current=1603.4801, best=1603.4801, diversity=1.580493
      [Iter 300] Reward: -1.0000
  [Iter 300/600] Best: 1603.4801 | Alpha: 0.1899
      [Iter 350] Action stats: mean=-0.0818±0.7706 [-0.8043-0.9877]
  [Iter 350/600] Best: 1598.5429 | Alpha: 0.1871
      [Iter 400] Action stats: mean=-0.2974±0.7407 [-0.9851-0.9971]
      [Iter 400] Fitness: current=1594.4673, best=1594.4673, diversity=0.361980
      [Iter 400] Reward: 1.0000
  [Iter 400/600] Best: 1594.4673 | Alpha: 0.1843
      [Iter 450] Action stats: mean=-0.0627±0.8189 [-0.9881-0.9564]
  [Iter 450/600] Best: 1593.2790 | Alpha: 0.1815
      [Iter 500] Action stats: mean=-0.0908±0.6497 [-0.9796-0.9399]
      [Iter 500] Fitness: current=1592.9611, best=1592.9611, diversity=0.112407
      [Iter 500] Reward: 1.0000
  [Iter 500/600] Best: 1592.9611 | Alpha: 0.1788
      [Iter 550] Action stats: mean=-0.2789±0.5685 [-0.8493-0.6934]
  [Iter 550/600] Best: 1592.9037 | Alpha: 0.1762
      [Iter 600] Action stats: mean=-0.1236±0.7185 [-0.9500-0.9690]
      [Iter 600] Fitness: current=1592.8450, best=1592.8450, diversity=0.023461
      [Iter 600] Reward: 1.0000
  [Iter 600/600] Best: 1592.8450 | Alpha: 0.1735

╔════════════════════════════════════════════════════════════╗
║              RRSACPSO TRAINING COMPLETE                   ║
╚════════════════════════════════════════════════════════════╝
  Mode:              online
  Episodes:          1
  Iterations/Ep:     600
  Population Size:   40
  Best Fitness:      1592.8450
  Path Length:       5 waypoints


========== Planning Complete ==========
Algorithm: RRSACPSO
Execution time: 27.6507 seconds
Path length: 149.6551 units
Waypoints: 7
Best fitness: 1592.8450
========================================


========== Direct Global Planning ==========
Algorithm: RRSACPSO
Start: [10.0, 95.0, 10.0]
Goal:  [97.0, 2.0, 10.0]
============================================


╔══════════════════════════════════════════════════════════╗
║      RRSACPSO Configuration (SAC Critic Research)        ║
╚══════════════════════════════════════════════════════════╝

Mode: online
Algorithm: RRSACPSO v4.6-tqc-rank2

--- Core Features ---
  SAC Framework:        ON (automatic entropy tuning)
  CrossQ Critic:        OFF
  REDQ Critic:          OFF (N=2, M=2, mode=min, delay=1)
  AQE Critic:           OFF (3 heads/critic, keep=2)
  DroQ Critic:          OFF
  SimBa Backbone:       OFF
  PiLaR Returns:        OFF (eff=3, long=6, c=0.406)
  TQC Critic:           ON (25 quantiles, drop=2/critic)
  D2RL Backbone:        OFF
  ERE Replay:           OFF (eta 0.996 -> 1.000, cmin=128)
  Delayed Actor:        OFF (interval=1)
  Obs Normalization:    OFF (clip=5.0)
  Critic BatchNorm:     OFF (legacy ablation)
  Target Networks:      ON (train-mode targets)
  Critic Ensemble:      2 critics
  Cross-Scale State:    OFF (15D, window=8)
  Rank-Residual Ctrl:   ON (9D latent)
  Per-Particle Actions: OFF
  Reward Signal:        Fitness-improvement binary reward

--- Training Parameters ---
  Episodes:             1
  Population:           40 particles
  Max Iterations:       600
  Batch Size:           128
  Learning Rates:       Actor=0.00030, Critic=0.00030, Alpha=0.00030
  Adam Betas:           Actor=(0.90, 0.999), Critic=(0.90, 0.999)
  UTD Ratio:            1
  Train Frequency:      Every 1 iterations
  Actor Backbone:       width=128, blocks=3
  Critic Backbone:      width=192, blocks=3

--- Compute ---
  GPU:                  OFF (CPU mode)

══════════════════════════════════════════════════════════


╔══════════════════════════════════════════════════════════╗
║              RRSACPSO Global Path Planning              ║
╚══════════════════════════════════════════════════════════╝


[Episode 1/1] Starting training...
  Config: mode=online, episodes=1, iterations=600, popSize=40
      [Iter  50] Action stats: mean=-0.2257±0.5628 [-0.7701-0.9168]
  [Iter  50/600] Best: 1829.9890 | Alpha: 0.2000
      [Iter 100] Action stats: mean=-0.0675±0.6424 [-0.6789-0.9723]
      [Iter 100] Fitness: current=1792.3408, best=1792.3408, diversity=2.549696
      [Iter 100] Reward: -1.0000
  [Iter 100/600] Best: 1792.3408 | Alpha: 0.2000
      [Iter 150] Action stats: mean=-0.0819±0.6323 [-0.9841-0.8609]
  [Iter 150/600] Best: 1718.9249 | Alpha: 0.1986
      [Iter 200] Action stats: mean=0.3720±0.5499 [-0.5449-0.9658]
      [Iter 200] Fitness: current=1700.9096, best=1700.9096, diversity=1.991808
      [Iter 200] Reward: 1.0000
  [Iter 200/600] Best: 1700.9096 | Alpha: 0.1957
      [Iter 250] Action stats: mean=-0.0819±0.5427 [-0.8463-0.9671]
  [Iter 250/600] Best: 1690.3151 | Alpha: 0.1928
      [Iter 300] Action stats: mean=-0.0475±0.7309 [-0.9246-0.9531]
      [Iter 300] Fitness: current=1680.2001, best=1680.2001, diversity=1.059303
      [Iter 300] Reward: 1.0000
  [Iter 300/600] Best: 1680.2001 | Alpha: 0.1899
      [Iter 350] Action stats: mean=0.1594±0.6648 [-0.9027-0.9680]
  [Iter 350/600] Best: 1678.2131 | Alpha: 0.1871
      [Iter 400] Action stats: mean=-0.1235±0.7501 [-0.9142-0.9700]
      [Iter 400] Fitness: current=1669.1310, best=1669.1310, diversity=0.501648
      [Iter 400] Reward: -1.0000
  [Iter 400/600] Best: 1669.1310 | Alpha: 0.1843
      [Iter 450] Action stats: mean=-0.0065±0.5677 [-0.6729-0.9321]
  [Iter 450/600] Best: 1665.3906 | Alpha: 0.1815
      [Iter 500] Action stats: mean=-0.1312±0.5036 [-0.8683-0.5173]
      [Iter 500] Fitness: current=1664.9645, best=1664.9645, diversity=0.004180
      [Iter 500] Reward: -1.0000
  [Iter 500/600] Best: 1664.9645 | Alpha: 0.1788
      [Iter 550] Action stats: mean=0.0411±0.5859 [-0.7110-0.9380]
  [Iter 550/600] Best: 1664.4220 | Alpha: 0.1762
      [Iter 600] Action stats: mean=0.2096±0.6113 [-0.5758-0.9905]
      [Iter 600] Fitness: current=1662.7508, best=1662.7508, diversity=0.033022
      [Iter 600] Reward: 1.0000
  [Iter 600/600] Best: 1662.7508 | Alpha: 0.1735

╔════════════════════════════════════════════════════════════╗
║              RRSACPSO TRAINING COMPLETE                   ║
╚════════════════════════════════════════════════════════════╝
  Mode:              online
  Episodes:          1
  Iterations/Ep:     600
  Population Size:   40
  Best Fitness:      1662.7508
  Path Length:       5 waypoints


========== Planning Complete ==========
Algorithm: RRSACPSO
Execution time: 26.3506 seconds
Path length: 149.5311 units
Waypoints: 7
Best fitness: 1662.7508
========================================


========== Direct Global Planning ==========
Algorithm: RRSACPSO
Start: [10.0, 95.0, 10.0]
Goal:  [97.0, 2.0, 10.0]
============================================


╔══════════════════════════════════════════════════════════╗
║      RRSACPSO Configuration (SAC Critic Research)        ║
╚══════════════════════════════════════════════════════════╝

Mode: online
Algorithm: RRSACPSO v4.6-tqc-rank2

--- Core Features ---
  SAC Framework:        ON (automatic entropy tuning)
  CrossQ Critic:        OFF
  REDQ Critic:          OFF (N=2, M=2, mode=min, delay=1)
  AQE Critic:           OFF (3 heads/critic, keep=2)
  DroQ Critic:          OFF
  SimBa Backbone:       OFF
  PiLaR Returns:        OFF (eff=3, long=6, c=0.406)
  TQC Critic:           ON (25 quantiles, drop=2/critic)
  D2RL Backbone:        OFF
  ERE Replay:           OFF (eta 0.996 -> 1.000, cmin=128)
  Delayed Actor:        OFF (interval=1)
  Obs Normalization:    OFF (clip=5.0)
  Critic BatchNorm:     OFF (legacy ablation)
  Target Networks:      ON (train-mode targets)
  Critic Ensemble:      2 critics
  Cross-Scale State:    OFF (15D, window=8)
  Rank-Residual Ctrl:   ON (9D latent)
  Per-Particle Actions: OFF
  Reward Signal:        Fitness-improvement binary reward

--- Training Parameters ---
  Episodes:             1
  Population:           40 particles
  Max Iterations:       600
  Batch Size:           128
  Learning Rates:       Actor=0.00030, Critic=0.00030, Alpha=0.00030
  Adam Betas:           Actor=(0.90, 0.999), Critic=(0.90, 0.999)
  UTD Ratio:            1
  Train Frequency:      Every 1 iterations
  Actor Backbone:       width=128, blocks=3
  Critic Backbone:      width=192, blocks=3

--- Compute ---
  GPU:                  OFF (CPU mode)

══════════════════════════════════════════════════════════


╔══════════════════════════════════════════════════════════╗
║              RRSACPSO Global Path Planning              ║
╚══════════════════════════════════════════════════════════╝


[Episode 1/1] Starting training...
  Config: mode=online, episodes=1, iterations=600, popSize=40
      [Iter  50] Action stats: mean=0.0220±0.7182 [-0.8761-0.9879]
  [Iter  50/600] Best: 1733.2498 | Alpha: 0.2000
      [Iter 100] Action stats: mean=-0.1123±0.6395 [-0.9503-0.9348]
      [Iter 100] Fitness: current=1708.5704, best=1708.5704, diversity=5.045266
      [Iter 100] Reward: -1.0000
  [Iter 100/600] Best: 1708.5704 | Alpha: 0.2000
      [Iter 150] Action stats: mean=0.0464±0.5668 [-0.9111-0.7860]
  [Iter 150/600] Best: 1653.0335 | Alpha: 0.1986
      [Iter 200] Action stats: mean=0.1930±0.7129 [-0.9143-0.9439]
      [Iter 200] Fitness: current=1594.3917, best=1594.3917, diversity=2.964026
      [Iter 200] Reward: -1.0000
  [Iter 200/600] Best: 1594.3917 | Alpha: 0.1957
      [Iter 250] Action stats: mean=-0.2169±0.7624 [-0.9371-0.9743]
  [Iter 250/600] Best: 1560.5195 | Alpha: 0.1928
      [Iter 300] Action stats: mean=-0.0567±0.4900 [-0.9442-0.8250]
      [Iter 300] Fitness: current=1528.0169, best=1528.0169, diversity=0.567601
      [Iter 300] Reward: 1.0000
  [Iter 300/600] Best: 1528.0169 | Alpha: 0.1899
      [Iter 350] Action stats: mean=0.3996±0.3971 [-0.3639-0.7756]
  [Iter 350/600] Best: 1523.9192 | Alpha: 0.1871
      [Iter 400] Action stats: mean=0.1815±0.8304 [-0.9681-0.9303]
      [Iter 400] Fitness: current=1523.3250, best=1523.3250, diversity=0.172088
      [Iter 400] Reward: -1.0000
  [Iter 400/600] Best: 1523.3250 | Alpha: 0.1843
      [Iter 450] Action stats: mean=-0.2146±0.6677 [-0.9605-0.5848]
  [Iter 450/600] Best: 1522.5103 | Alpha: 0.1815
      [Iter 500] Action stats: mean=-0.1607±0.5398 [-0.9838-0.5453]
      [Iter 500] Fitness: current=1522.4225, best=1522.4225, diversity=0.003302
      [Iter 500] Reward: 1.0000
  [Iter 500/600] Best: 1522.4225 | Alpha: 0.1788
      [Iter 550] Action stats: mean=-0.0838±0.6360 [-0.9009-0.9341]
  [Iter 550/600] Best: 1522.3311 | Alpha: 0.1762
      [Iter 600] Action stats: mean=0.2871±0.5171 [-0.5921-0.9565]
      [Iter 600] Fitness: current=1522.3211, best=1522.3211, diversity=0.000457
      [Iter 600] Reward: 1.0000
  [Iter 600/600] Best: 1522.3211 | Alpha: 0.1735

╔════════════════════════════════════════════════════════════╗
║              RRSACPSO TRAINING COMPLETE                   ║
╚════════════════════════════════════════════════════════════╝
  Mode:              online
  Episodes:          1
  Iterations/Ep:     600
  Population Size:   40
  Best Fitness:      1522.3211
  Path Length:       5 waypoints


========== Planning Complete ==========
Algorithm: RRSACPSO
Execution time: 27.5378 seconds
Path length: 150.9368 units
Waypoints: 7
Best fitness: 1522.3211
========================================


========== Direct Global Planning ==========
Algorithm: RRSACPSO
Start: [10.0, 95.0, 10.0]
Goal:  [97.0, 2.0, 10.0]
============================================


╔══════════════════════════════════════════════════════════╗
║      RRSACPSO Configuration (SAC Critic Research)        ║
╚══════════════════════════════════════════════════════════╝

Mode: online
Algorithm: RRSACPSO v4.6-tqc-rank2

--- Core Features ---
  SAC Framework:        ON (automatic entropy tuning)
  CrossQ Critic:        OFF
  REDQ Critic:          OFF (N=2, M=2, mode=min, delay=1)
  AQE Critic:           OFF (3 heads/critic, keep=2)
  DroQ Critic:          OFF
  SimBa Backbone:       OFF
  PiLaR Returns:        OFF (eff=3, long=6, c=0.406)
  TQC Critic:           ON (25 quantiles, drop=2/critic)
  D2RL Backbone:        OFF
  ERE Replay:           OFF (eta 0.996 -> 1.000, cmin=128)
  Delayed Actor:        OFF (interval=1)
  Obs Normalization:    OFF (clip=5.0)
  Critic BatchNorm:     OFF (legacy ablation)
  Target Networks:      ON (train-mode targets)
  Critic Ensemble:      2 critics
  Cross-Scale State:    OFF (15D, window=8)
  Rank-Residual Ctrl:   ON (9D latent)
  Per-Particle Actions: OFF
  Reward Signal:        Fitness-improvement binary reward

--- Training Parameters ---
  Episodes:             1
  Population:           40 particles
  Max Iterations:       600
  Batch Size:           128
  Learning Rates:       Actor=0.00030, Critic=0.00030, Alpha=0.00030
  Adam Betas:           Actor=(0.90, 0.999), Critic=(0.90, 0.999)
  UTD Ratio:            1
  Train Frequency:      Every 1 iterations
  Actor Backbone:       width=128, blocks=3
  Critic Backbone:      width=192, blocks=3

--- Compute ---
  GPU:                  OFF (CPU mode)

══════════════════════════════════════════════════════════


╔══════════════════════════════════════════════════════════╗
║              RRSACPSO Global Path Planning              ║
╚══════════════════════════════════════════════════════════╝


[Episode 1/1] Starting training...
  Config: mode=online, episodes=1, iterations=600, popSize=40
      [Iter  50] Action stats: mean=-0.1886±0.5260 [-0.9051-0.8898]
  [Iter  50/600] Best: 1747.9847 | Alpha: 0.2000
      [Iter 100] Action stats: mean=0.0708±0.6846 [-0.9590-0.9906]
      [Iter 100] Fitness: current=1697.4163, best=1697.4163, diversity=2.953355
      [Iter 100] Reward: -1.0000
  [Iter 100/600] Best: 1697.4163 | Alpha: 0.2000
      [Iter 150] Action stats: mean=0.1783±0.6302 [-0.9043-0.9449]
  [Iter 150/600] Best: 1675.2177 | Alpha: 0.1986
      [Iter 200] Action stats: mean=0.1862±0.7230 [-0.9810-0.9870]
      [Iter 200] Fitness: current=1660.3713, best=1660.3713, diversity=2.147992
      [Iter 200] Reward: -1.0000
  [Iter 200/600] Best: 1660.3713 | Alpha: 0.1957
      [Iter 250] Action stats: mean=0.1012±0.6248 [-0.7017-0.8722]
  [Iter 250/600] Best: 1655.7238 | Alpha: 0.1928
      [Iter 300] Action stats: mean=-0.1545±0.7449 [-0.8940-0.8993]
      [Iter 300] Fitness: current=1650.3935, best=1650.3935, diversity=1.139992
      [Iter 300] Reward: 1.0000
  [Iter 300/600] Best: 1650.3935 | Alpha: 0.1899
      [Iter 350] Action stats: mean=0.0840±0.5849 [-0.8646-0.9135]
  [Iter 350/600] Best: 1645.1850 | Alpha: 0.1871
      [Iter 400] Action stats: mean=0.2166±0.6604 [-0.9819-0.8840]
      [Iter 400] Fitness: current=1641.9006, best=1641.9006, diversity=0.348408
      [Iter 400] Reward: 1.0000
  [Iter 400/600] Best: 1641.9006 | Alpha: 0.1843
      [Iter 450] Action stats: mean=-0.0385±0.6888 [-0.8067-0.9652]
  [Iter 450/600] Best: 1637.7393 | Alpha: 0.1815
      [Iter 500] Action stats: mean=-0.4373±0.6511 [-0.9587-0.9787]
      [Iter 500] Fitness: current=1636.4285, best=1636.4285, diversity=0.019986
      [Iter 500] Reward: -1.0000
  [Iter 500/600] Best: 1636.4285 | Alpha: 0.1788
      [Iter 550] Action stats: mean=0.2164±0.6584 [-0.8708-0.9634]
  [Iter 550/600] Best: 1636.1158 | Alpha: 0.1762
      [Iter 600] Action stats: mean=0.3178±0.5876 [-0.5560-0.9518]
      [Iter 600] Fitness: current=1631.7439, best=1631.7439, diversity=0.016303
      [Iter 600] Reward: 1.0000
  [Iter 600/600] Best: 1631.7439 | Alpha: 0.1735

╔════════════════════════════════════════════════════════════╗
║              RRSACPSO TRAINING COMPLETE                   ║
╚════════════════════════════════════════════════════════════╝
  Mode:              online
  Episodes:          1
  Iterations/Ep:     600
  Population Size:   40
  Best Fitness:      1631.7439
  Path Length:       5 waypoints


========== Planning Complete ==========
Algorithm: RRSACPSO
Execution time: 27.8642 seconds
Path length: 148.1527 units
Waypoints: 7
Best fitness: 1631.7439
========================================


========== Direct Global Planning ==========
Algorithm: RRSACPSO
Start: [10.0, 95.0, 10.0]
Goal:  [97.0, 2.0, 10.0]
============================================


╔══════════════════════════════════════════════════════════╗
║      RRSACPSO Configuration (SAC Critic Research)        ║
╚══════════════════════════════════════════════════════════╝

Mode: online
Algorithm: RRSACPSO v4.6-tqc-rank2

--- Core Features ---
  SAC Framework:        ON (automatic entropy tuning)
  CrossQ Critic:        OFF
  REDQ Critic:          OFF (N=2, M=2, mode=min, delay=1)
  AQE Critic:           OFF (3 heads/critic, keep=2)
  DroQ Critic:          OFF
  SimBa Backbone:       OFF
  PiLaR Returns:        OFF (eff=3, long=6, c=0.406)
  TQC Critic:           ON (25 quantiles, drop=2/critic)
  D2RL Backbone:        OFF
  ERE Replay:           OFF (eta 0.996 -> 1.000, cmin=128)
  Delayed Actor:        OFF (interval=1)
  Obs Normalization:    OFF (clip=5.0)
  Critic BatchNorm:     OFF (legacy ablation)
  Target Networks:      ON (train-mode targets)
  Critic Ensemble:      2 critics
  Cross-Scale State:    OFF (15D, window=8)
  Rank-Residual Ctrl:   ON (9D latent)
  Per-Particle Actions: OFF
  Reward Signal:        Fitness-improvement binary reward

--- Training Parameters ---
  Episodes:             1
  Population:           40 particles
  Max Iterations:       600
  Batch Size:           128
  Learning Rates:       Actor=0.00030, Critic=0.00030, Alpha=0.00030
  Adam Betas:           Actor=(0.90, 0.999), Critic=(0.90, 0.999)
  UTD Ratio:            1
  Train Frequency:      Every 1 iterations
  Actor Backbone:       width=128, blocks=3
  Critic Backbone:      width=192, blocks=3

--- Compute ---
  GPU:                  OFF (CPU mode)

══════════════════════════════════════════════════════════


╔══════════════════════════════════════════════════════════╗
║              RRSACPSO Global Path Planning              ║
╚══════════════════════════════════════════════════════════╝


[Episode 1/1] Starting training...
  Config: mode=online, episodes=1, iterations=600, popSize=40
      [Iter  50] Action stats: mean=0.3509±0.6990 [-0.9922-0.9919]
  [Iter  50/600] Best: 1854.0046 | Alpha: 0.2000
      [Iter 100] Action stats: mean=0.0455±0.7019 [-0.7118-0.9916]
      [Iter 100] Fitness: current=1795.1834, best=1795.1834, diversity=5.028507
      [Iter 100] Reward: -1.0000
  [Iter 100/600] Best: 1795.1834 | Alpha: 0.2000
      [Iter 150] Action stats: mean=0.0621±0.6967 [-0.9779-0.8065]
  [Iter 150/600] Best: 1691.7759 | Alpha: 0.1986
      [Iter 200] Action stats: mean=0.2237±0.5217 [-0.8092-0.9589]
      [Iter 200] Fitness: current=1626.1061, best=1626.1061, diversity=3.912620
      [Iter 200] Reward: -1.0000
  [Iter 200/600] Best: 1626.1061 | Alpha: 0.1957
      [Iter 250] Action stats: mean=0.1454±0.6032 [-0.9454-0.7932]
  [Iter 250/600] Best: 1592.5788 | Alpha: 0.1928
      [Iter 300] Action stats: mean=0.1963±0.5801 [-0.7218-0.9057]
      [Iter 300] Fitness: current=1580.2806, best=1580.2806, diversity=2.413989
      [Iter 300] Reward: -1.0000
  [Iter 300/600] Best: 1580.2806 | Alpha: 0.1899
      [Iter 350] Action stats: mean=0.2118±0.7244 [-0.9104-0.9966]
  [Iter 350/600] Best: 1558.6298 | Alpha: 0.1871
      [Iter 400] Action stats: mean=-0.1163±0.4833 [-0.8574-0.5850]
      [Iter 400] Fitness: current=1552.3726, best=1552.3726, diversity=0.640118
      [Iter 400] Reward: -1.0000
  [Iter 400/600] Best: 1552.3726 | Alpha: 0.1843
      [Iter 450] Action stats: mean=0.3709±0.6685 [-0.9281-0.9789]
  [Iter 450/600] Best: 1551.7634 | Alpha: 0.1815
      [Iter 500] Action stats: mean=0.2703±0.6025 [-0.7671-0.8991]
      [Iter 500] Fitness: current=1548.9418, best=1548.9418, diversity=0.060043
      [Iter 500] Reward: 1.0000
  [Iter 500/600] Best: 1548.9418 | Alpha: 0.1788
      [Iter 550] Action stats: mean=0.0968±0.8145 [-0.9397-0.9498]
  [Iter 550/600] Best: 1548.3140 | Alpha: 0.1762
      [Iter 600] Action stats: mean=0.0436±0.6217 [-0.7762-0.8805]
      [Iter 600] Fitness: current=1548.2138, best=1548.2138, diversity=0.018151
      [Iter 600] Reward: 1.0000
  [Iter 600/600] Best: 1548.2138 | Alpha: 0.1735

╔════════════════════════════════════════════════════════════╗
║              RRSACPSO TRAINING COMPLETE                   ║
╚════════════════════════════════════════════════════════════╝
  Mode:              online
  Episodes:          1
  Iterations/Ep:     600
  Population Size:   40
  Best Fitness:      1548.2138
  Path Length:       5 waypoints


========== Planning Complete ==========
Algorithm: RRSACPSO
Execution time: 24.9651 seconds
Path length: 147.4211 units
Waypoints: 7
Best fitness: 1548.2138
========================================


========== Direct Global Planning ==========
Algorithm: RRSACPSO
Start: [10.0, 95.0, 10.0]
Goal:  [97.0, 2.0, 10.0]
============================================


╔══════════════════════════════════════════════════════════╗
║      RRSACPSO Configuration (SAC Critic Research)        ║
╚══════════════════════════════════════════════════════════╝

Mode: online
Algorithm: RRSACPSO v4.6-tqc-rank2

--- Core Features ---
  SAC Framework:        ON (automatic entropy tuning)
  CrossQ Critic:        OFF
  REDQ Critic:          OFF (N=2, M=2, mode=min, delay=1)
  AQE Critic:           OFF (3 heads/critic, keep=2)
  DroQ Critic:          OFF
  SimBa Backbone:       OFF
  PiLaR Returns:        OFF (eff=3, long=6, c=0.406)
  TQC Critic:           ON (25 quantiles, drop=2/critic)
  D2RL Backbone:        OFF
  ERE Replay:           OFF (eta 0.996 -> 1.000, cmin=128)
  Delayed Actor:        OFF (interval=1)
  Obs Normalization:    OFF (clip=5.0)
  Critic BatchNorm:     OFF (legacy ablation)
  Target Networks:      ON (train-mode targets)
  Critic Ensemble:      2 critics
  Cross-Scale State:    OFF (15D, window=8)
  Rank-Residual Ctrl:   ON (9D latent)
  Per-Particle Actions: OFF
  Reward Signal:        Fitness-improvement binary reward

--- Training Parameters ---
  Episodes:             1
  Population:           40 particles
  Max Iterations:       600
  Batch Size:           128
  Learning Rates:       Actor=0.00030, Critic=0.00030, Alpha=0.00030
  Adam Betas:           Actor=(0.90, 0.999), Critic=(0.90, 0.999)
  UTD Ratio:            1
  Train Frequency:      Every 1 iterations
  Actor Backbone:       width=128, blocks=3
  Critic Backbone:      width=192, blocks=3

--- Compute ---
  GPU:                  OFF (CPU mode)

══════════════════════════════════════════════════════════


╔══════════════════════════════════════════════════════════╗
║              RRSACPSO Global Path Planning              ║
╚══════════════════════════════════════════════════════════╝


[Episode 1/1] Starting training...
  Config: mode=online, episodes=1, iterations=600, popSize=40
      [Iter  50] Action stats: mean=0.0442±0.7746 [-0.9965-0.9393]
  [Iter  50/600] Best: 1691.4311 | Alpha: 0.2000
      [Iter 100] Action stats: mean=-0.2622±0.6434 [-0.9391-0.9301]
      [Iter 100] Fitness: current=1644.9808, best=1644.9808, diversity=4.228441
      [Iter 100] Reward: -1.0000
  [Iter 100/600] Best: 1644.9808 | Alpha: 0.2000
      [Iter 150] Action stats: mean=0.2889±0.5871 [-0.8363-0.9293]
  [Iter 150/600] Best: 1598.4657 | Alpha: 0.1986
      [Iter 200] Action stats: mean=0.0331±0.5923 [-0.7507-0.8918]
      [Iter 200] Fitness: current=1566.8504, best=1566.8504, diversity=2.624147
      [Iter 200] Reward: -1.0000
  [Iter 200/600] Best: 1566.8504 | Alpha: 0.1957
      [Iter 250] Action stats: mean=-0.3145±0.6219 [-0.9735-0.8360]
  [Iter 250/600] Best: 1544.8490 | Alpha: 0.1928
      [Iter 300] Action stats: mean=0.0826±0.7040 [-0.9502-0.9834]
      [Iter 300] Fitness: current=1535.7005, best=1535.7005, diversity=1.515368
      [Iter 300] Reward: 1.0000
  [Iter 300/600] Best: 1535.7005 | Alpha: 0.1899
      [Iter 350] Action stats: mean=-0.0697±0.6887 [-0.9262-0.9021]
  [Iter 350/600] Best: 1532.3219 | Alpha: 0.1871
      [Iter 400] Action stats: mean=0.4652±0.3905 [-0.3001-0.9819]
      [Iter 400] Fitness: current=1531.3724, best=1531.3724, diversity=0.263565
      [Iter 400] Reward: 1.0000
  [Iter 400/600] Best: 1531.3724 | Alpha: 0.1843
      [Iter 450] Action stats: mean=0.0316±0.5988 [-0.8167-0.9872]
  [Iter 450/600] Best: 1530.6710 | Alpha: 0.1815
      [Iter 500] Action stats: mean=-0.4205±0.7038 [-0.9472-0.9537]
      [Iter 500] Fitness: current=1530.2433, best=1530.2433, diversity=0.034821
      [Iter 500] Reward: 1.0000
  [Iter 500/600] Best: 1530.2433 | Alpha: 0.1788
      [Iter 550] Action stats: mean=0.2454±0.6230 [-0.9911-0.8682]
  [Iter 550/600] Best: 1530.2281 | Alpha: 0.1762
      [Iter 600] Action stats: mean=0.0382±0.6542 [-0.8944-0.9447]
      [Iter 600] Fitness: current=1530.2226, best=1530.2226, diversity=0.020301
      [Iter 600] Reward: 1.0000
  [Iter 600/600] Best: 1530.2226 | Alpha: 0.1735

╔════════════════════════════════════════════════════════════╗
║              RRSACPSO TRAINING COMPLETE                   ║
╚════════════════════════════════════════════════════════════╝
  Mode:              online
  Episodes:          1
  Iterations/Ep:     600
  Population Size:   40
  Best Fitness:      1530.2226
  Path Length:       5 waypoints


========== Planning Complete ==========
Algorithm: RRSACPSO
Execution time: 28.1056 seconds
Path length: 165.5693 units
Waypoints: 7
Best fitness: 1530.2226
========================================


========== Direct Global Planning ==========
Algorithm: RRSACPSO
Start: [10.0, 95.0, 10.0]
Goal:  [97.0, 2.0, 10.0]
============================================


╔══════════════════════════════════════════════════════════╗
║      RRSACPSO Configuration (SAC Critic Research)        ║
╚══════════════════════════════════════════════════════════╝

Mode: online
Algorithm: RRSACPSO v4.6-tqc-rank2

--- Core Features ---
  SAC Framework:        ON (automatic entropy tuning)
  CrossQ Critic:        OFF
  REDQ Critic:          OFF (N=2, M=2, mode=min, delay=1)
  AQE Critic:           OFF (3 heads/critic, keep=2)
  DroQ Critic:          OFF
  SimBa Backbone:       OFF
  PiLaR Returns:        OFF (eff=3, long=6, c=0.406)
  TQC Critic:           ON (25 quantiles, drop=2/critic)
  D2RL Backbone:        OFF
  ERE Replay:           OFF (eta 0.996 -> 1.000, cmin=128)
  Delayed Actor:        OFF (interval=1)
  Obs Normalization:    OFF (clip=5.0)
  Critic BatchNorm:     OFF (legacy ablation)
  Target Networks:      ON (train-mode targets)
  Critic Ensemble:      2 critics
  Cross-Scale State:    OFF (15D, window=8)
  Rank-Residual Ctrl:   ON (9D latent)
  Per-Particle Actions: OFF
  Reward Signal:        Fitness-improvement binary reward

--- Training Parameters ---
  Episodes:             1
  Population:           40 particles
  Max Iterations:       600
  Batch Size:           128
  Learning Rates:       Actor=0.00030, Critic=0.00030, Alpha=0.00030
  Adam Betas:           Actor=(0.90, 0.999), Critic=(0.90, 0.999)
  UTD Ratio:            1
  Train Frequency:      Every 1 iterations
  Actor Backbone:       width=128, blocks=3
  Critic Backbone:      width=192, blocks=3

--- Compute ---
  GPU:                  OFF (CPU mode)

══════════════════════════════════════════════════════════


╔══════════════════════════════════════════════════════════╗
║              RRSACPSO Global Path Planning              ║
╚══════════════════════════════════════════════════════════╝


[Episode 1/1] Starting training...
  Config: mode=online, episodes=1, iterations=600, popSize=40
      [Iter  50] Action stats: mean=-0.1745±0.6460 [-0.9900-0.8749]
  [Iter  50/600] Best: 1892.7966 | Alpha: 0.2000
      [Iter 100] Action stats: mean=-0.0899±0.7063 [-0.8298-0.8825]
      [Iter 100] Fitness: current=1813.6419, best=1813.6419, diversity=3.607694
      [Iter 100] Reward: -1.0000
  [Iter 100/600] Best: 1813.6419 | Alpha: 0.2000
      [Iter 150] Action stats: mean=-0.3032±0.4866 [-0.9419-0.3713]
  [Iter 150/600] Best: 1774.5429 | Alpha: 0.1986
      [Iter 200] Action stats: mean=-0.0883±0.6021 [-0.9595-0.6777]
      [Iter 200] Fitness: current=1732.4280, best=1732.4280, diversity=2.825156
      [Iter 200] Reward: 1.0000
  [Iter 200/600] Best: 1732.4280 | Alpha: 0.1957
      [Iter 250] Action stats: mean=0.0866±0.6563 [-0.8423-0.8904]
  [Iter 250/600] Best: 1694.8013 | Alpha: 0.1928
      [Iter 300] Action stats: mean=-0.0021±0.7188 [-0.9593-0.8643]
      [Iter 300] Fitness: current=1681.1304, best=1681.1304, diversity=1.062737
      [Iter 300] Reward: 1.0000
  [Iter 300/600] Best: 1681.1304 | Alpha: 0.1899
      [Iter 350] Action stats: mean=-0.2320±0.5849 [-0.9119-0.8073]
  [Iter 350/600] Best: 1654.8718 | Alpha: 0.1871
      [Iter 400] Action stats: mean=0.1315±0.8311 [-0.9774-0.9666]
      [Iter 400] Fitness: current=1654.4854, best=1654.4854, diversity=0.534721
      [Iter 400] Reward: 1.0000
  [Iter 400/600] Best: 1654.4854 | Alpha: 0.1843
      [Iter 450] Action stats: mean=-0.1408±0.7011 [-0.8175-0.7315]
  [Iter 450/600] Best: 1654.4769 | Alpha: 0.1815
      [Iter 500] Action stats: mean=0.1456±0.5878 [-0.8324-0.8245]
      [Iter 500] Fitness: current=1654.4765, best=1654.4765, diversity=0.009731
      [Iter 500] Reward: 1.0000
  [Iter 500/600] Best: 1654.4765 | Alpha: 0.1788
      [Iter 550] Action stats: mean=0.1932±0.6186 [-0.9382-0.9993]
  [Iter 550/600] Best: 1654.4764 | Alpha: 0.1762
      [Iter 600] Action stats: mean=-0.0268±0.7911 [-0.9647-0.9817]
      [Iter 600] Fitness: current=1654.4764, best=1654.4764, diversity=0.007151
      [Iter 600] Reward: -1.0000
  [Iter 600/600] Best: 1654.4764 | Alpha: 0.1735

╔════════════════════════════════════════════════════════════╗
║              RRSACPSO TRAINING COMPLETE                   ║
╚════════════════════════════════════════════════════════════╝
  Mode:              online
  Episodes:          1
  Iterations/Ep:     600
  Population Size:   40
  Best Fitness:      1654.4764
  Path Length:       5 waypoints


========== Planning Complete ==========
Algorithm: RRSACPSO
Execution time: 24.0771 seconds
Path length: 169.3230 units
Waypoints: 7
Best fitness: 1654.4764
========================================


========== Direct Global Planning ==========
Algorithm: RRSACPSO
Start: [10.0, 95.0, 10.0]
Goal:  [97.0, 2.0, 10.0]
============================================


╔══════════════════════════════════════════════════════════╗
║      RRSACPSO Configuration (SAC Critic Research)        ║
╚══════════════════════════════════════════════════════════╝

Mode: online
Algorithm: RRSACPSO v4.6-tqc-rank2

--- Core Features ---
  SAC Framework:        ON (automatic entropy tuning)
  CrossQ Critic:        OFF
  REDQ Critic:          OFF (N=2, M=2, mode=min, delay=1)
  AQE Critic:           OFF (3 heads/critic, keep=2)
  DroQ Critic:          OFF
  SimBa Backbone:       OFF
  PiLaR Returns:        OFF (eff=3, long=6, c=0.406)
  TQC Critic:           ON (25 quantiles, drop=2/critic)
  D2RL Backbone:        OFF
  ERE Replay:           OFF (eta 0.996 -> 1.000, cmin=128)
  Delayed Actor:        OFF (interval=1)
  Obs Normalization:    OFF (clip=5.0)
  Critic BatchNorm:     OFF (legacy ablation)
  Target Networks:      ON (train-mode targets)
  Critic Ensemble:      2 critics
  Cross-Scale State:    OFF (15D, window=8)
  Rank-Residual Ctrl:   ON (9D latent)
  Per-Particle Actions: OFF
  Reward Signal:        Fitness-improvement binary reward

--- Training Parameters ---
  Episodes:             1
  Population:           40 particles
  Max Iterations:       600
  Batch Size:           128
  Learning Rates:       Actor=0.00030, Critic=0.00030, Alpha=0.00030
  Adam Betas:           Actor=(0.90, 0.999), Critic=(0.90, 0.999)
  UTD Ratio:            1
  Train Frequency:      Every 1 iterations
  Actor Backbone:       width=128, blocks=3
  Critic Backbone:      width=192, blocks=3

--- Compute ---
  GPU:                  OFF (CPU mode)

══════════════════════════════════════════════════════════


╔══════════════════════════════════════════════════════════╗
║              RRSACPSO Global Path Planning              ║
╚══════════════════════════════════════════════════════════╝


[Episode 1/1] Starting training...
  Config: mode=online, episodes=1, iterations=600, popSize=40
      [Iter  50] Action stats: mean=0.2637±0.6676 [-0.9435-0.9293]
  [Iter  50/600] Best: 1839.2093 | Alpha: 0.2000
      [Iter 100] Action stats: mean=0.2896±0.8122 [-0.9978-0.9365]
      [Iter 100] Fitness: current=1729.9620, best=1729.9620, diversity=4.824795
      [Iter 100] Reward: -1.0000
  [Iter 100/600] Best: 1729.9620 | Alpha: 0.2000
      [Iter 150] Action stats: mean=0.0068±0.7701 [-0.8398-0.9791]
  [Iter 150/600] Best: 1657.4991 | Alpha: 0.1986
      [Iter 200] Action stats: mean=-0.2191±0.5215 [-0.9691-0.5957]
      [Iter 200] Fitness: current=1621.5960, best=1621.5960, diversity=2.561746
      [Iter 200] Reward: -1.0000
  [Iter 200/600] Best: 1621.5960 | Alpha: 0.1957
      [Iter 250] Action stats: mean=0.3072±0.7344 [-0.9065-0.9155]
  [Iter 250/600] Best: 1604.2365 | Alpha: 0.1928
      [Iter 300] Action stats: mean=0.0780±0.6273 [-0.9492-0.8221]
      [Iter 300] Fitness: current=1598.0928, best=1598.0928, diversity=0.559262
      [Iter 300] Reward: -1.0000
  [Iter 300/600] Best: 1598.0928 | Alpha: 0.1899
      [Iter 350] Action stats: mean=-0.1245±0.4661 [-0.7842-0.7887]
  [Iter 350/600] Best: 1596.4802 | Alpha: 0.1871
      [Iter 400] Action stats: mean=0.0742±0.6792 [-0.9107-0.7533]
      [Iter 400] Fitness: current=1588.3472, best=1588.3472, diversity=0.363556
      [Iter 400] Reward: -1.0000
  [Iter 400/600] Best: 1588.3472 | Alpha: 0.1843
      [Iter 450] Action stats: mean=0.1066±0.7004 [-0.8217-0.8285]
  [Iter 450/600] Best: 1586.1113 | Alpha: 0.1815
      [Iter 500] Action stats: mean=-0.0064±0.6766 [-0.9860-0.7491]
      [Iter 500] Fitness: current=1585.6404, best=1585.6404, diversity=0.014489
      [Iter 500] Reward: -1.0000
  [Iter 500/600] Best: 1585.6404 | Alpha: 0.1788
      [Iter 550] Action stats: mean=-0.3099±0.4171 [-0.9120-0.3202]
  [Iter 550/600] Best: 1584.6263 | Alpha: 0.1762
      [Iter 600] Action stats: mean=-0.0353±0.7283 [-0.9110-0.9359]
      [Iter 600] Fitness: current=1584.4601, best=1584.4601, diversity=0.000491
      [Iter 600] Reward: 1.0000
  [Iter 600/600] Best: 1584.4601 | Alpha: 0.1735

╔════════════════════════════════════════════════════════════╗
║              RRSACPSO TRAINING COMPLETE                   ║
╚════════════════════════════════════════════════════════════╝
  Mode:              online
  Episodes:          1
  Iterations/Ep:     600
  Population Size:   40
  Best Fitness:      1584.4601
  Path Length:       5 waypoints


========== Planning Complete ==========
Algorithm: RRSACPSO
Execution time: 34.2948 seconds
Path length: 162.9551 units
Waypoints: 7
Best fitness: 1584.4601
========================================


========== Direct Global Planning ==========
Algorithm: RRSACPSO
Start: [10.0, 95.0, 10.0]
Goal:  [97.0, 2.0, 10.0]
============================================


╔══════════════════════════════════════════════════════════╗
║      RRSACPSO Configuration (SAC Critic Research)        ║
╚══════════════════════════════════════════════════════════╝

Mode: online
Algorithm: RRSACPSO v4.6-tqc-rank2

--- Core Features ---
  SAC Framework:        ON (automatic entropy tuning)
  CrossQ Critic:        OFF
  REDQ Critic:          OFF (N=2, M=2, mode=min, delay=1)
  AQE Critic:           OFF (3 heads/critic, keep=2)
  DroQ Critic:          OFF
  SimBa Backbone:       OFF
  PiLaR Returns:        OFF (eff=3, long=6, c=0.406)
  TQC Critic:           ON (25 quantiles, drop=2/critic)
  D2RL Backbone:        OFF
  ERE Replay:           OFF (eta 0.996 -> 1.000, cmin=128)
  Delayed Actor:        OFF (interval=1)
  Obs Normalization:    OFF (clip=5.0)
  Critic BatchNorm:     OFF (legacy ablation)
  Target Networks:      ON (train-mode targets)
  Critic Ensemble:      2 critics
  Cross-Scale State:    OFF (15D, window=8)
  Rank-Residual Ctrl:   ON (9D latent)
  Per-Particle Actions: OFF
  Reward Signal:        Fitness-improvement binary reward

--- Training Parameters ---
  Episodes:             1
  Population:           40 particles
  Max Iterations:       600
  Batch Size:           128
  Learning Rates:       Actor=0.00030, Critic=0.00030, Alpha=0.00030
  Adam Betas:           Actor=(0.90, 0.999), Critic=(0.90, 0.999)
  UTD Ratio:            1
  Train Frequency:      Every 1 iterations
  Actor Backbone:       width=128, blocks=3
  Critic Backbone:      width=192, blocks=3

--- Compute ---
  GPU:                  OFF (CPU mode)

══════════════════════════════════════════════════════════


╔══════════════════════════════════════════════════════════╗
║              RRSACPSO Global Path Planning              ║
╚══════════════════════════════════════════════════════════╝


[Episode 1/1] Starting training...
  Config: mode=online, episodes=1, iterations=600, popSize=40
      [Iter  50] Action stats: mean=-0.0681±0.6865 [-0.9298-0.7900]
  [Iter  50/600] Best: 1672.5706 | Alpha: 0.2000
      [Iter 100] Action stats: mean=-0.4149±0.4640 [-0.9363-0.4265]
      [Iter 100] Fitness: current=1621.3812, best=1621.3812, diversity=2.501497
      [Iter 100] Reward: -1.0000
  [Iter 100/600] Best: 1621.3812 | Alpha: 0.2000
      [Iter 150] Action stats: mean=0.2131±0.6021 [-0.8407-0.8657]
  [Iter 150/600] Best: 1616.5956 | Alpha: 0.1986
      [Iter 200] Action stats: mean=-0.0225±0.6213 [-0.8322-0.8528]
      [Iter 200] Fitness: current=1613.0716, best=1613.0716, diversity=1.230887
      [Iter 200] Reward: -1.0000
  [Iter 200/600] Best: 1613.0716 | Alpha: 0.1957
      [Iter 250] Action stats: mean=0.0942±0.4473 [-0.6234-0.8704]
  [Iter 250/600] Best: 1612.1660 | Alpha: 0.1928
      [Iter 300] Action stats: mean=-0.1005±0.7254 [-0.8532-0.9868]
      [Iter 300] Fitness: current=1611.0914, best=1611.0914, diversity=0.467486
      [Iter 300] Reward: 1.0000
  [Iter 300/600] Best: 1611.0914 | Alpha: 0.1899
      [Iter 350] Action stats: mean=-0.1343±0.6612 [-0.8291-0.8384]
  [Iter 350/600] Best: 1610.9732 | Alpha: 0.1871
      [Iter 400] Action stats: mean=-0.2390±0.7355 [-0.9432-0.9434]
      [Iter 400] Fitness: current=1610.6197, best=1610.6197, diversity=0.391224
      [Iter 400] Reward: 1.0000
  [Iter 400/600] Best: 1610.6197 | Alpha: 0.1843
      [Iter 450] Action stats: mean=0.0520±0.5840 [-0.8085-0.8711]
  [Iter 450/600] Best: 1609.5804 | Alpha: 0.1815
      [Iter 500] Action stats: mean=0.1992±0.6705 [-0.8967-0.8636]
      [Iter 500] Fitness: current=1609.4713, best=1609.4713, diversity=0.187503
      [Iter 500] Reward: 1.0000
  [Iter 500/600] Best: 1609.4713 | Alpha: 0.1788
      [Iter 550] Action stats: mean=0.2368±0.6796 [-0.9600-0.8010]
  [Iter 550/600] Best: 1609.3500 | Alpha: 0.1762
      [Iter 600] Action stats: mean=0.2508±0.3460 [-0.2027-0.9033]
      [Iter 600] Fitness: current=1609.3449, best=1609.3449, diversity=0.064463
      [Iter 600] Reward: 1.0000
  [Iter 600/600] Best: 1609.3449 | Alpha: 0.1735

╔════════════════════════════════════════════════════════════╗
║              RRSACPSO TRAINING COMPLETE                   ║
╚════════════════════════════════════════════════════════════╝
  Mode:              online
  Episodes:          1
  Iterations/Ep:     600
  Population Size:   40
  Best Fitness:      1609.3449
  Path Length:       5 waypoints


========== Planning Complete ==========
Algorithm: RRSACPSO
Execution time: 98.5761 seconds
Path length: 156.1963 units
Waypoints: 7
Best fitness: 1609.3449
========================================


========== Direct Global Planning ==========
Algorithm: RRSACPSO
Start: [10.0, 95.0, 10.0]
Goal:  [97.0, 2.0, 10.0]
============================================


╔══════════════════════════════════════════════════════════╗
║      RRSACPSO Configuration (SAC Critic Research)        ║
╚══════════════════════════════════════════════════════════╝

Mode: online
Algorithm: RRSACPSO v4.6-tqc-rank2

--- Core Features ---
  SAC Framework:        ON (automatic entropy tuning)
  CrossQ Critic:        OFF
  REDQ Critic:          OFF (N=2, M=2, mode=min, delay=1)
  AQE Critic:           OFF (3 heads/critic, keep=2)
  DroQ Critic:          OFF
  SimBa Backbone:       OFF
  PiLaR Returns:        OFF (eff=3, long=6, c=0.406)
  TQC Critic:           ON (25 quantiles, drop=2/critic)
  D2RL Backbone:        OFF
  ERE Replay:           OFF (eta 0.996 -> 1.000, cmin=128)
  Delayed Actor:        OFF (interval=1)
  Obs Normalization:    OFF (clip=5.0)
  Critic BatchNorm:     OFF (legacy ablation)
  Target Networks:      ON (train-mode targets)
  Critic Ensemble:      2 critics
  Cross-Scale State:    OFF (15D, window=8)
  Rank-Residual Ctrl:   ON (9D latent)
  Per-Particle Actions: OFF
  Reward Signal:        Fitness-improvement binary reward

--- Training Parameters ---
  Episodes:             1
  Population:           40 particles
  Max Iterations:       600
  Batch Size:           128
  Learning Rates:       Actor=0.00030, Critic=0.00030, Alpha=0.00030
  Adam Betas:           Actor=(0.90, 0.999), Critic=(0.90, 0.999)
  UTD Ratio:            1
  Train Frequency:      Every 1 iterations
  Actor Backbone:       width=128, blocks=3
  Critic Backbone:      width=192, blocks=3

--- Compute ---
  GPU:                  OFF (CPU mode)

══════════════════════════════════════════════════════════


╔══════════════════════════════════════════════════════════╗
║              RRSACPSO Global Path Planning              ║
╚══════════════════════════════════════════════════════════╝


[Episode 1/1] Starting training...
  Config: mode=online, episodes=1, iterations=600, popSize=40
      [Iter  50] Action stats: mean=0.0700±0.6576 [-0.9868-0.8769]
  [Iter  50/600] Best: 1735.5923 | Alpha: 0.2000
      [Iter 100] Action stats: mean=-0.3422±0.6949 [-0.9758-0.7859]
      [Iter 100] Fitness: current=1720.1012, best=1720.1012, diversity=3.469067
      [Iter 100] Reward: -1.0000
  [Iter 100/600] Best: 1720.1012 | Alpha: 0.2000
      [Iter 150] Action stats: mean=-0.2434±0.5294 [-0.7821-0.9811]
  [Iter 150/600] Best: 1674.6969 | Alpha: 0.1986
      [Iter 200] Action stats: mean=-0.1101±0.8482 [-0.9703-0.9088]
      [Iter 200] Fitness: current=1650.4586, best=1650.4586, diversity=3.276403
      [Iter 200] Reward: -1.0000
  [Iter 200/600] Best: 1650.4586 | Alpha: 0.1957
      [Iter 250] Action stats: mean=-0.2846±0.5087 [-0.8075-0.6721]
  [Iter 250/600] Best: 1649.2808 | Alpha: 0.1928
      [Iter 300] Action stats: mean=0.0745±0.4522 [-0.5112-0.8260]
      [Iter 300] Fitness: current=1634.9206, best=1634.9206, diversity=2.233716
      [Iter 300] Reward: 1.0000
  [Iter 300/600] Best: 1634.9206 | Alpha: 0.1899
      [Iter 350] Action stats: mean=-0.2477±0.4758 [-0.8220-0.8121]
  [Iter 350/600] Best: 1628.3223 | Alpha: 0.1871
      [Iter 400] Action stats: mean=0.1125±0.6405 [-0.8294-0.8630]
      [Iter 400] Fitness: current=1624.1623, best=1624.1623, diversity=0.725230
      [Iter 400] Reward: 1.0000
  [Iter 400/600] Best: 1624.1623 | Alpha: 0.1843
      [Iter 450] Action stats: mean=0.2085±0.6161 [-0.9452-0.8770]
  [Iter 450/600] Best: 1622.0764 | Alpha: 0.1815
      [Iter 500] Action stats: mean=-0.6220±0.2958 [-0.9168--0.1196]
      [Iter 500] Fitness: current=1621.9957, best=1621.9957, diversity=0.023792
      [Iter 500] Reward: 1.0000
  [Iter 500/600] Best: 1621.9957 | Alpha: 0.1788
      [Iter 550] Action stats: mean=0.0068±0.5044 [-0.5770-0.8076]
  [Iter 550/600] Best: 1621.9855 | Alpha: 0.1762
      [Iter 600] Action stats: mean=0.1449±0.5419 [-0.9784-0.8358]
      [Iter 600] Fitness: current=1621.9854, best=1621.9854, diversity=0.000017
      [Iter 600] Reward: -1.0000
  [Iter 600/600] Best: 1621.9854 | Alpha: 0.1735

╔════════════════════════════════════════════════════════════╗
║              RRSACPSO TRAINING COMPLETE                   ║
╚════════════════════════════════════════════════════════════╝
  Mode:              online
  Episodes:          1
  Iterations/Ep:     600
  Population Size:   40
  Best Fitness:      1621.9854
  Path Length:       5 waypoints


========== Planning Complete ==========
Algorithm: RRSACPSO
Execution time: 69.3492 seconds
Path length: 158.2046 units
Waypoints: 7
Best fitness: 1621.9854
========================================


========== Direct Global Planning ==========
Algorithm: RRSACPSO
Start: [10.0, 95.0, 10.0]
Goal:  [97.0, 2.0, 10.0]
============================================


╔══════════════════════════════════════════════════════════╗
║      RRSACPSO Configuration (SAC Critic Research)        ║
╚══════════════════════════════════════════════════════════╝

Mode: online
Algorithm: RRSACPSO v4.6-tqc-rank2

--- Core Features ---
  SAC Framework:        ON (automatic entropy tuning)
  CrossQ Critic:        OFF
  REDQ Critic:          OFF (N=2, M=2, mode=min, delay=1)
  AQE Critic:           OFF (3 heads/critic, keep=2)
  DroQ Critic:          OFF
  SimBa Backbone:       OFF
  PiLaR Returns:        OFF (eff=3, long=6, c=0.406)
  TQC Critic:           ON (25 quantiles, drop=2/critic)
  D2RL Backbone:        OFF
  ERE Replay:           OFF (eta 0.996 -> 1.000, cmin=128)
  Delayed Actor:        OFF (interval=1)
  Obs Normalization:    OFF (clip=5.0)
  Critic BatchNorm:     OFF (legacy ablation)
  Target Networks:      ON (train-mode targets)
  Critic Ensemble:      2 critics
  Cross-Scale State:    OFF (15D, window=8)
  Rank-Residual Ctrl:   ON (9D latent)
  Per-Particle Actions: OFF
  Reward Signal:        Fitness-improvement binary reward

--- Training Parameters ---
  Episodes:             1
  Population:           40 particles
  Max Iterations:       600
  Batch Size:           128
  Learning Rates:       Actor=0.00030, Critic=0.00030, Alpha=0.00030
  Adam Betas:           Actor=(0.90, 0.999), Critic=(0.90, 0.999)
  UTD Ratio:            1
  Train Frequency:      Every 1 iterations
  Actor Backbone:       width=128, blocks=3
  Critic Backbone:      width=192, blocks=3

--- Compute ---
  GPU:                  OFF (CPU mode)

══════════════════════════════════════════════════════════


╔══════════════════════════════════════════════════════════╗
║              RRSACPSO Global Path Planning              ║
╚══════════════════════════════════════════════════════════╝


[Episode 1/1] Starting training...
  Config: mode=online, episodes=1, iterations=600, popSize=40
      [Iter  50] Action stats: mean=0.0953±0.8159 [-0.9746-0.8433]
  [Iter  50/600] Best: 1717.7501 | Alpha: 0.2000
      [Iter 100] Action stats: mean=-0.2661±0.7212 [-0.9816-0.9905]
      [Iter 100] Fitness: current=1648.8509, best=1648.8509, diversity=4.414649
      [Iter 100] Reward: -1.0000
  [Iter 100/600] Best: 1648.8509 | Alpha: 0.2000
      [Iter 150] Action stats: mean=0.0271±0.7637 [-0.9945-0.9702]
  [Iter 150/600] Best: 1648.8509 | Alpha: 0.1986
      [Iter 200] Action stats: mean=-0.1273±0.6041 [-0.7966-0.7952]
      [Iter 200] Fitness: current=1611.6048, best=1611.6048, diversity=3.478740
      [Iter 200] Reward: -1.0000
  [Iter 200/600] Best: 1611.6048 | Alpha: 0.1957
      [Iter 250] Action stats: mean=0.1904±0.5527 [-0.7127-0.8152]
  [Iter 250/600] Best: 1584.5514 | Alpha: 0.1928
      [Iter 300] Action stats: mean=0.3413±0.4214 [-0.1894-0.7887]
      [Iter 300] Fitness: current=1573.2264, best=1573.2264, diversity=1.664238
      [Iter 300] Reward: 1.0000
  [Iter 300/600] Best: 1573.2264 | Alpha: 0.1899
      [Iter 350] Action stats: mean=0.4284±0.4054 [-0.3467-0.9782]
  [Iter 350/600] Best: 1566.0902 | Alpha: 0.1871
      [Iter 400] Action stats: mean=-0.1940±0.6324 [-0.9195-0.8127]
      [Iter 400] Fitness: current=1565.6854, best=1565.6854, diversity=0.259796
      [Iter 400] Reward: 1.0000
  [Iter 400/600] Best: 1565.6854 | Alpha: 0.1843
      [Iter 450] Action stats: mean=-0.1031±0.6407 [-0.9632-0.6017]
  [Iter 450/600] Best: 1565.6054 | Alpha: 0.1815
      [Iter 500] Action stats: mean=-0.0007±0.7108 [-0.8631-0.8435]
      [Iter 500] Fitness: current=1565.5918, best=1565.5918, diversity=0.008274
      [Iter 500] Reward: 1.0000
  [Iter 500/600] Best: 1565.5918 | Alpha: 0.1788
      [Iter 550] Action stats: mean=0.1771±0.6041 [-0.9774-0.9723]
  [Iter 550/600] Best: 1565.5911 | Alpha: 0.1762
      [Iter 600] Action stats: mean=-0.0776±0.4932 [-0.8306-0.5218]
      [Iter 600] Fitness: current=1565.5909, best=1565.5909, diversity=0.000000
      [Iter 600] Reward: 1.0000
  [Iter 600/600] Best: 1565.5909 | Alpha: 0.1735

╔════════════════════════════════════════════════════════════╗
║              RRSACPSO TRAINING COMPLETE                   ║
╚════════════════════════════════════════════════════════════╝
  Mode:              online
  Episodes:          1
  Iterations/Ep:     600
  Population Size:   40
  Best Fitness:      1565.5909
  Path Length:       5 waypoints


========== Planning Complete ==========
Algorithm: RRSACPSO
Execution time: 28.2935 seconds
Path length: 183.6174 units
Waypoints: 7
Best fitness: 1565.5909
========================================


========== Direct Global Planning ==========
Algorithm: RRSACPSO
Start: [10.0, 95.0, 10.0]
Goal:  [97.0, 2.0, 10.0]
============================================


╔══════════════════════════════════════════════════════════╗
║      RRSACPSO Configuration (SAC Critic Research)        ║
╚══════════════════════════════════════════════════════════╝

Mode: online
Algorithm: RRSACPSO v4.6-tqc-rank2

--- Core Features ---
  SAC Framework:        ON (automatic entropy tuning)
  CrossQ Critic:        OFF
  REDQ Critic:          OFF (N=2, M=2, mode=min, delay=1)
  AQE Critic:           OFF (3 heads/critic, keep=2)
  DroQ Critic:          OFF
  SimBa Backbone:       OFF
  PiLaR Returns:        OFF (eff=3, long=6, c=0.406)
  TQC Critic:           ON (25 quantiles, drop=2/critic)
  D2RL Backbone:        OFF
  ERE Replay:           OFF (eta 0.996 -> 1.000, cmin=128)
  Delayed Actor:        OFF (interval=1)
  Obs Normalization:    OFF (clip=5.0)
  Critic BatchNorm:     OFF (legacy ablation)
  Target Networks:      ON (train-mode targets)
  Critic Ensemble:      2 critics
  Cross-Scale State:    OFF (15D, window=8)
  Rank-Residual Ctrl:   ON (9D latent)
  Per-Particle Actions: OFF
  Reward Signal:        Fitness-improvement binary reward

--- Training Parameters ---
  Episodes:             1
  Population:           40 particles
  Max Iterations:       600
  Batch Size:           128
  Learning Rates:       Actor=0.00030, Critic=0.00030, Alpha=0.00030
  Adam Betas:           Actor=(0.90, 0.999), Critic=(0.90, 0.999)
  UTD Ratio:            1
  Train Frequency:      Every 1 iterations
  Actor Backbone:       width=128, blocks=3
  Critic Backbone:      width=192, blocks=3

--- Compute ---
  GPU:                  OFF (CPU mode)

══════════════════════════════════════════════════════════


╔══════════════════════════════════════════════════════════╗
║              RRSACPSO Global Path Planning              ║
╚══════════════════════════════════════════════════════════╝


[Episode 1/1] Starting training...
  Config: mode=online, episodes=1, iterations=600, popSize=40
      [Iter  50] Action stats: mean=0.0253±0.4810 [-0.9451-0.6326]
  [Iter  50/600] Best: 1773.2104 | Alpha: 0.2000
      [Iter 100] Action stats: mean=-0.0435±0.5067 [-0.7731-0.6629]
      [Iter 100] Fitness: current=1710.5326, best=1710.5326, diversity=4.867642
      [Iter 100] Reward: -1.0000
  [Iter 100/600] Best: 1710.5326 | Alpha: 0.2000
      [Iter 150] Action stats: mean=-0.0027±0.7055 [-0.9686-0.8280]
  [Iter 150/600] Best: 1686.1483 | Alpha: 0.1986
      [Iter 200] Action stats: mean=0.2147±0.5626 [-0.7159-0.9399]
      [Iter 200] Fitness: current=1670.0393, best=1670.0393, diversity=2.917122
      [Iter 200] Reward: -1.0000
  [Iter 200/600] Best: 1670.0393 | Alpha: 0.1957
      [Iter 250] Action stats: mean=-0.0675±0.5974 [-0.8679-0.8129]
  [Iter 250/600] Best: 1618.5084 | Alpha: 0.1928
      [Iter 300] Action stats: mean=0.1003±0.5334 [-0.5587-0.9179]
      [Iter 300] Fitness: current=1605.2682, best=1605.2682, diversity=1.240519
      [Iter 300] Reward: 1.0000
  [Iter 300/600] Best: 1605.2682 | Alpha: 0.1899
      [Iter 350] Action stats: mean=-0.0046±0.7377 [-0.9415-0.9646]
  [Iter 350/600] Best: 1584.6955 | Alpha: 0.1871
      [Iter 400] Action stats: mean=0.1683±0.7355 [-0.8521-0.9712]
      [Iter 400] Fitness: current=1578.6583, best=1578.6583, diversity=0.208127
      [Iter 400] Reward: 1.0000
  [Iter 400/600] Best: 1578.6583 | Alpha: 0.1843
      [Iter 450] Action stats: mean=-0.3343±0.5379 [-0.8889-0.4210]
  [Iter 450/600] Best: 1576.5417 | Alpha: 0.1815
      [Iter 500] Action stats: mean=-0.2241±0.6166 [-0.9452-0.8974]
      [Iter 500] Fitness: current=1575.5060, best=1575.5060, diversity=0.019964
      [Iter 500] Reward: -1.0000
  [Iter 500/600] Best: 1575.5060 | Alpha: 0.1788
      [Iter 550] Action stats: mean=0.2293±0.5722 [-0.5803-0.9340]
  [Iter 550/600] Best: 1575.4281 | Alpha: 0.1762
      [Iter 600] Action stats: mean=-0.0285±0.4785 [-0.9890-0.5236]
      [Iter 600] Fitness: current=1575.4269, best=1575.4269, diversity=0.016447
      [Iter 600] Reward: 1.0000
  [Iter 600/600] Best: 1575.4269 | Alpha: 0.1735

╔════════════════════════════════════════════════════════════╗
║              RRSACPSO TRAINING COMPLETE                   ║
╚════════════════════════════════════════════════════════════╝
  Mode:              online
  Episodes:          1
  Iterations/Ep:     600
  Population Size:   40
  Best Fitness:      1575.4269
  Path Length:       5 waypoints


========== Planning Complete ==========
Algorithm: RRSACPSO
Execution time: 29.3861 seconds
Path length: 148.1387 units
Waypoints: 7
Best fitness: 1575.4269
========================================


========== Direct Global Planning ==========
Algorithm: RRSACPSO
Start: [10.0, 95.0, 10.0]
Goal:  [97.0, 2.0, 10.0]
============================================


╔══════════════════════════════════════════════════════════╗
║      RRSACPSO Configuration (SAC Critic Research)        ║
╚══════════════════════════════════════════════════════════╝

Mode: online
Algorithm: RRSACPSO v4.6-tqc-rank2

--- Core Features ---
  SAC Framework:        ON (automatic entropy tuning)
  CrossQ Critic:        OFF
  REDQ Critic:          OFF (N=2, M=2, mode=min, delay=1)
  AQE Critic:           OFF (3 heads/critic, keep=2)
  DroQ Critic:          OFF
  SimBa Backbone:       OFF
  PiLaR Returns:        OFF (eff=3, long=6, c=0.406)
  TQC Critic:           ON (25 quantiles, drop=2/critic)
  D2RL Backbone:        OFF
  ERE Replay:           OFF (eta 0.996 -> 1.000, cmin=128)
  Delayed Actor:        OFF (interval=1)
  Obs Normalization:    OFF (clip=5.0)
  Critic BatchNorm:     OFF (legacy ablation)
  Target Networks:      ON (train-mode targets)
  Critic Ensemble:      2 critics
  Cross-Scale State:    OFF (15D, window=8)
  Rank-Residual Ctrl:   ON (9D latent)
  Per-Particle Actions: OFF
  Reward Signal:        Fitness-improvement binary reward

--- Training Parameters ---
  Episodes:             1
  Population:           40 particles
  Max Iterations:       600
  Batch Size:           128
  Learning Rates:       Actor=0.00030, Critic=0.00030, Alpha=0.00030
  Adam Betas:           Actor=(0.90, 0.999), Critic=(0.90, 0.999)
  UTD Ratio:            1
  Train Frequency:      Every 1 iterations
  Actor Backbone:       width=128, blocks=3
  Critic Backbone:      width=192, blocks=3

--- Compute ---
  GPU:                  OFF (CPU mode)

══════════════════════════════════════════════════════════


╔══════════════════════════════════════════════════════════╗
║              RRSACPSO Global Path Planning              ║
╚══════════════════════════════════════════════════════════╝


[Episode 1/1] Starting training...
  Config: mode=online, episodes=1, iterations=600, popSize=40
      [Iter  50] Action stats: mean=0.1803±0.5046 [-0.6000-0.7170]
  [Iter  50/600] Best: 1770.6699 | Alpha: 0.2000
      [Iter 100] Action stats: mean=0.3388±0.6955 [-0.9969-0.9548]
      [Iter 100] Fitness: current=1726.2781, best=1726.2781, diversity=2.555624
      [Iter 100] Reward: 1.0000
  [Iter 100/600] Best: 1726.2781 | Alpha: 0.2000
      [Iter 150] Action stats: mean=-0.2902±0.5684 [-0.9754-0.5560]
  [Iter 150/600] Best: 1722.8317 | Alpha: 0.1986
      [Iter 200] Action stats: mean=-0.0681±0.6679 [-0.9783-0.8473]
      [Iter 200] Fitness: current=1722.3235, best=1722.3235, diversity=1.878196
      [Iter 200] Reward: -1.0000
  [Iter 200/600] Best: 1722.3235 | Alpha: 0.1957
      [Iter 250] Action stats: mean=0.1408±0.7240 [-0.8639-0.8839]
  [Iter 250/600] Best: 1705.0243 | Alpha: 0.1928
      [Iter 300] Action stats: mean=0.2269±0.5217 [-0.4969-0.9686]
      [Iter 300] Fitness: current=1686.0336, best=1686.0336, diversity=1.454196
      [Iter 300] Reward: -1.0000
  [Iter 300/600] Best: 1686.0336 | Alpha: 0.1899
      [Iter 350] Action stats: mean=0.1134±0.8006 [-0.9967-0.9940]
  [Iter 350/600] Best: 1679.7396 | Alpha: 0.1871
      [Iter 400] Action stats: mean=0.1406±0.6201 [-0.8110-0.9249]
      [Iter 400] Fitness: current=1674.0240, best=1674.0240, diversity=0.878598
      [Iter 400] Reward: 1.0000
  [Iter 400/600] Best: 1674.0240 | Alpha: 0.1843
      [Iter 450] Action stats: mean=0.2081±0.7376 [-0.8854-0.9774]
  [Iter 450/600] Best: 1673.2592 | Alpha: 0.1815
      [Iter 500] Action stats: mean=-0.2991±0.3857 [-0.8451-0.1807]
      [Iter 500] Fitness: current=1671.2454, best=1671.2454, diversity=0.171622
      [Iter 500] Reward: 1.0000
  [Iter 500/600] Best: 1671.2454 | Alpha: 0.1788
      [Iter 550] Action stats: mean=-0.3227±0.7368 [-0.9741-0.9436]
  [Iter 550/600] Best: 1671.1674 | Alpha: 0.1762
      [Iter 600] Action stats: mean=-0.0885±0.7045 [-0.9741-0.9834]
      [Iter 600] Fitness: current=1670.8997, best=1670.8997, diversity=0.000031
      [Iter 600] Reward: -1.0000
  [Iter 600/600] Best: 1670.8997 | Alpha: 0.1735

╔════════════════════════════════════════════════════════════╗
║              RRSACPSO TRAINING COMPLETE                   ║
╚════════════════════════════════════════════════════════════╝
  Mode:              online
  Episodes:          1
  Iterations/Ep:     600
  Population Size:   40
  Best Fitness:      1670.8997
  Path Length:       5 waypoints


========== Planning Complete ==========
Algorithm: RRSACPSO
Execution time: 28.7635 seconds
Path length: 164.8849 units
Waypoints: 7
Best fitness: 1670.8997
========================================


========== Direct Global Planning ==========
Algorithm: RRSACPSO
Start: [10.0, 95.0, 10.0]
Goal:  [97.0, 2.0, 10.0]
============================================


╔══════════════════════════════════════════════════════════╗
║      RRSACPSO Configuration (SAC Critic Research)        ║
╚══════════════════════════════════════════════════════════╝

Mode: online
Algorithm: RRSACPSO v4.6-tqc-rank2

--- Core Features ---
  SAC Framework:        ON (automatic entropy tuning)
  CrossQ Critic:        OFF
  REDQ Critic:          OFF (N=2, M=2, mode=min, delay=1)
  AQE Critic:           OFF (3 heads/critic, keep=2)
  DroQ Critic:          OFF
  SimBa Backbone:       OFF
  PiLaR Returns:        OFF (eff=3, long=6, c=0.406)
  TQC Critic:           ON (25 quantiles, drop=2/critic)
  D2RL Backbone:        OFF
  ERE Replay:           OFF (eta 0.996 -> 1.000, cmin=128)
  Delayed Actor:        OFF (interval=1)
  Obs Normalization:    OFF (clip=5.0)
  Critic BatchNorm:     OFF (legacy ablation)
  Target Networks:      ON (train-mode targets)
  Critic Ensemble:      2 critics
  Cross-Scale State:    OFF (15D, window=8)
  Rank-Residual Ctrl:   ON (9D latent)
  Per-Particle Actions: OFF
  Reward Signal:        Fitness-improvement binary reward

--- Training Parameters ---
  Episodes:             1
  Population:           40 particles
  Max Iterations:       600
  Batch Size:           128
  Learning Rates:       Actor=0.00030, Critic=0.00030, Alpha=0.00030
  Adam Betas:           Actor=(0.90, 0.999), Critic=(0.90, 0.999)
  UTD Ratio:            1
  Train Frequency:      Every 1 iterations
  Actor Backbone:       width=128, blocks=3
  Critic Backbone:      width=192, blocks=3

--- Compute ---
  GPU:                  OFF (CPU mode)

══════════════════════════════════════════════════════════


╔══════════════════════════════════════════════════════════╗
║              RRSACPSO Global Path Planning              ║
╚══════════════════════════════════════════════════════════╝


[Episode 1/1] Starting training...
  Config: mode=online, episodes=1, iterations=600, popSize=40
      [Iter  50] Action stats: mean=0.1932±0.5558 [-0.7144-0.8684]
  [Iter  50/600] Best: 1858.2663 | Alpha: 0.2000
      [Iter 100] Action stats: mean=0.4030±0.4992 [-0.4875-0.9593]
      [Iter 100] Fitness: current=1730.3647, best=1730.3647, diversity=5.133906
      [Iter 100] Reward: -1.0000
  [Iter 100/600] Best: 1730.3647 | Alpha: 0.2000
      [Iter 150] Action stats: mean=0.1723±0.5239 [-0.6957-0.9105]
  [Iter 150/600] Best: 1724.9345 | Alpha: 0.1986
      [Iter 200] Action stats: mean=0.0616±0.3726 [-0.4067-0.5538]
      [Iter 200] Fitness: current=1683.2061, best=1683.2061, diversity=3.626636
      [Iter 200] Reward: -1.0000
  [Iter 200/600] Best: 1683.2061 | Alpha: 0.1957
      [Iter 250] Action stats: mean=0.1207±0.6312 [-0.8877-0.8139]
  [Iter 250/600] Best: 1627.7862 | Alpha: 0.1928
      [Iter 300] Action stats: mean=-0.0437±0.7274 [-0.9068-0.9777]
      [Iter 300] Fitness: current=1615.6748, best=1615.6748, diversity=2.087249
      [Iter 300] Reward: -1.0000
  [Iter 300/600] Best: 1615.6748 | Alpha: 0.1899
      [Iter 350] Action stats: mean=0.0511±0.6318 [-0.8564-0.9130]
  [Iter 350/600] Best: 1593.1328 | Alpha: 0.1871
      [Iter 400] Action stats: mean=-0.0015±0.5579 [-0.8014-0.8439]
      [Iter 400] Fitness: current=1588.4136, best=1588.4136, diversity=0.762817
      [Iter 400] Reward: -1.0000
  [Iter 400/600] Best: 1588.4136 | Alpha: 0.1843
      [Iter 450] Action stats: mean=-0.2367±0.7246 [-0.9757-0.9627]
  [Iter 450/600] Best: 1586.1624 | Alpha: 0.1815
      [Iter 500] Action stats: mean=-0.0470±0.5133 [-0.8258-0.7312]
      [Iter 500] Fitness: current=1585.8291, best=1585.8291, diversity=0.295817
      [Iter 500] Reward: 1.0000
  [Iter 500/600] Best: 1585.8291 | Alpha: 0.1788
      [Iter 550] Action stats: mean=-0.1662±0.5238 [-0.8088-0.8591]
  [Iter 550/600] Best: 1585.7978 | Alpha: 0.1762
      [Iter 600] Action stats: mean=-0.1946±0.4104 [-0.7676-0.4747]
      [Iter 600] Fitness: current=1585.7942, best=1585.7942, diversity=0.217213
      [Iter 600] Reward: 1.0000
  [Iter 600/600] Best: 1585.7942 | Alpha: 0.1735

╔════════════════════════════════════════════════════════════╗
║              RRSACPSO TRAINING COMPLETE                   ║
╚════════════════════════════════════════════════════════════╝
  Mode:              online
  Episodes:          1
  Iterations/Ep:     600
  Population Size:   40
  Best Fitness:      1585.7942
  Path Length:       5 waypoints


========== Planning Complete ==========
Algorithm: RRSACPSO
Execution time: 30.0077 seconds
Path length: 152.5223 units
Waypoints: 7
Best fitness: 1585.7942
========================================


========== Direct Global Planning ==========
Algorithm: RRSACPSO
Start: [10.0, 95.0, 10.0]
Goal:  [97.0, 2.0, 10.0]
============================================


╔══════════════════════════════════════════════════════════╗
║      RRSACPSO Configuration (SAC Critic Research)        ║
╚══════════════════════════════════════════════════════════╝

Mode: online
Algorithm: RRSACPSO v4.6-tqc-rank2

--- Core Features ---
  SAC Framework:        ON (automatic entropy tuning)
  CrossQ Critic:        OFF
  REDQ Critic:          OFF (N=2, M=2, mode=min, delay=1)
  AQE Critic:           OFF (3 heads/critic, keep=2)
  DroQ Critic:          OFF
  SimBa Backbone:       OFF
  PiLaR Returns:        OFF (eff=3, long=6, c=0.406)
  TQC Critic:           ON (25 quantiles, drop=2/critic)
  D2RL Backbone:        OFF
  ERE Replay:           OFF (eta 0.996 -> 1.000, cmin=128)
  Delayed Actor:        OFF (interval=1)
  Obs Normalization:    OFF (clip=5.0)
  Critic BatchNorm:     OFF (legacy ablation)
  Target Networks:      ON (train-mode targets)
  Critic Ensemble:      2 critics
  Cross-Scale State:    OFF (15D, window=8)
  Rank-Residual Ctrl:   ON (9D latent)
  Per-Particle Actions: OFF
  Reward Signal:        Fitness-improvement binary reward

--- Training Parameters ---
  Episodes:             1
  Population:           40 particles
  Max Iterations:       600
  Batch Size:           128
  Learning Rates:       Actor=0.00030, Critic=0.00030, Alpha=0.00030
  Adam Betas:           Actor=(0.90, 0.999), Critic=(0.90, 0.999)
  UTD Ratio:            1
  Train Frequency:      Every 1 iterations
  Actor Backbone:       width=128, blocks=3
  Critic Backbone:      width=192, blocks=3

--- Compute ---
  GPU:                  OFF (CPU mode)

══════════════════════════════════════════════════════════


╔══════════════════════════════════════════════════════════╗
║              RRSACPSO Global Path Planning              ║
╚══════════════════════════════════════════════════════════╝


[Episode 1/1] Starting training...
  Config: mode=online, episodes=1, iterations=600, popSize=40
      [Iter  50] Action stats: mean=-0.2043±0.7466 [-0.8611-0.9873]
  [Iter  50/600] Best: 1738.0173 | Alpha: 0.2000
      [Iter 100] Action stats: mean=0.2833±0.6484 [-0.9622-0.9161]
      [Iter 100] Fitness: current=1713.0410, best=1713.0410, diversity=5.560537
      [Iter 100] Reward: -1.0000
  [Iter 100/600] Best: 1713.0410 | Alpha: 0.2000
      [Iter 150] Action stats: mean=0.1592±0.7795 [-0.8795-0.9275]
  [Iter 150/600] Best: 1663.9959 | Alpha: 0.1986
      [Iter 200] Action stats: mean=0.1160±0.5234 [-0.6431-0.7553]
      [Iter 200] Fitness: current=1643.1300, best=1643.1300, diversity=3.723517
      [Iter 200] Reward: 1.0000
  [Iter 200/600] Best: 1643.1300 | Alpha: 0.1957
      [Iter 250] Action stats: mean=-0.1668±0.6810 [-0.9645-0.6680]
  [Iter 250/600] Best: 1590.5808 | Alpha: 0.1928
      [Iter 300] Action stats: mean=-0.1965±0.5574 [-0.9108-0.7834]
      [Iter 300] Fitness: current=1546.9978, best=1546.9978, diversity=1.320964
      [Iter 300] Reward: 1.0000
  [Iter 300/600] Best: 1546.9978 | Alpha: 0.1899
      [Iter 350] Action stats: mean=-0.1798±0.5477 [-0.9369-0.5909]
  [Iter 350/600] Best: 1544.0488 | Alpha: 0.1871
      [Iter 400] Action stats: mean=0.0058±0.7394 [-0.8077-0.9901]
      [Iter 400] Fitness: current=1543.6680, best=1543.6680, diversity=0.489678
      [Iter 400] Reward: -1.0000
  [Iter 400/600] Best: 1543.6680 | Alpha: 0.1843
      [Iter 450] Action stats: mean=0.0199±0.6437 [-0.7955-0.9948]
  [Iter 450/600] Best: 1543.6284 | Alpha: 0.1815
      [Iter 500] Action stats: mean=-0.3442±0.3477 [-0.9936-0.0356]
      [Iter 500] Fitness: current=1543.6035, best=1543.6035, diversity=0.009023
      [Iter 500] Reward: 1.0000
  [Iter 500/600] Best: 1543.6035 | Alpha: 0.1788
      [Iter 550] Action stats: mean=-0.1558±0.6315 [-0.8914-0.7925]
  [Iter 550/600] Best: 1543.5818 | Alpha: 0.1762
      [Iter 600] Action stats: mean=-0.0568±0.7276 [-0.8632-0.9635]
      [Iter 600] Fitness: current=1543.5815, best=1543.5815, diversity=0.011019
      [Iter 600] Reward: -1.0000
  [Iter 600/600] Best: 1543.5815 | Alpha: 0.1735

╔════════════════════════════════════════════════════════════╗
║              RRSACPSO TRAINING COMPLETE                   ║
╚════════════════════════════════════════════════════════════╝
  Mode:              online
  Episodes:          1
  Iterations/Ep:     600
  Population Size:   40
  Best Fitness:      1543.5815
  Path Length:       5 waypoints


========== Planning Complete ==========
Algorithm: RRSACPSO
Execution time: 28.7398 seconds
Path length: 146.8882 units
Waypoints: 7
Best fitness: 1543.5815
========================================


========== Direct Global Planning ==========
Algorithm: RRSACPSO
Start: [10.0, 95.0, 10.0]
Goal:  [97.0, 2.0, 10.0]
============================================


╔══════════════════════════════════════════════════════════╗
║      RRSACPSO Configuration (SAC Critic Research)        ║
╚══════════════════════════════════════════════════════════╝

Mode: online
Algorithm: RRSACPSO v4.6-tqc-rank2

--- Core Features ---
  SAC Framework:        ON (automatic entropy tuning)
  CrossQ Critic:        OFF
  REDQ Critic:          OFF (N=2, M=2, mode=min, delay=1)
  AQE Critic:           OFF (3 heads/critic, keep=2)
  DroQ Critic:          OFF
  SimBa Backbone:       OFF
  PiLaR Returns:        OFF (eff=3, long=6, c=0.406)
  TQC Critic:           ON (25 quantiles, drop=2/critic)
  D2RL Backbone:        OFF
  ERE Replay:           OFF (eta 0.996 -> 1.000, cmin=128)
  Delayed Actor:        OFF (interval=1)
  Obs Normalization:    OFF (clip=5.0)
  Critic BatchNorm:     OFF (legacy ablation)
  Target Networks:      ON (train-mode targets)
  Critic Ensemble:      2 critics
  Cross-Scale State:    OFF (15D, window=8)
  Rank-Residual Ctrl:   ON (9D latent)
  Per-Particle Actions: OFF
  Reward Signal:        Fitness-improvement binary reward

--- Training Parameters ---
  Episodes:             1
  Population:           40 particles
  Max Iterations:       600
  Batch Size:           128
  Learning Rates:       Actor=0.00030, Critic=0.00030, Alpha=0.00030
  Adam Betas:           Actor=(0.90, 0.999), Critic=(0.90, 0.999)
  UTD Ratio:            1
  Train Frequency:      Every 1 iterations
  Actor Backbone:       width=128, blocks=3
  Critic Backbone:      width=192, blocks=3

--- Compute ---
  GPU:                  OFF (CPU mode)

══════════════════════════════════════════════════════════


╔══════════════════════════════════════════════════════════╗
║              RRSACPSO Global Path Planning              ║
╚══════════════════════════════════════════════════════════╝


[Episode 1/1] Starting training...
  Config: mode=online, episodes=1, iterations=600, popSize=40
      [Iter  50] Action stats: mean=0.2777±0.4084 [-0.3214-0.9129]
  [Iter  50/600] Best: 1786.5125 | Alpha: 0.2000
      [Iter 100] Action stats: mean=0.2373±0.5502 [-0.5779-0.9925]
      [Iter 100] Fitness: current=1747.9383, best=1747.9383, diversity=4.706672
      [Iter 100] Reward: -1.0000
  [Iter 100/600] Best: 1747.9383 | Alpha: 0.2000
      [Iter 150] Action stats: mean=-0.3211±0.5825 [-0.9468-0.7578]
  [Iter 150/600] Best: 1706.8158 | Alpha: 0.1986
      [Iter 200] Action stats: mean=0.1168±0.4609 [-0.6209-0.8298]
      [Iter 200] Fitness: current=1688.0650, best=1688.0650, diversity=3.494429
      [Iter 200] Reward: -1.0000
  [Iter 200/600] Best: 1688.0650 | Alpha: 0.1957
      [Iter 250] Action stats: mean=0.0847±0.5096 [-0.5425-0.7151]
  [Iter 250/600] Best: 1640.0034 | Alpha: 0.1928
      [Iter 300] Action stats: mean=0.2378±0.5686 [-0.8965-0.8959]
      [Iter 300] Fitness: current=1633.7978, best=1633.7978, diversity=2.275783
      [Iter 300] Reward: -1.0000
  [Iter 300/600] Best: 1633.7978 | Alpha: 0.1899
      [Iter 350] Action stats: mean=0.0538±0.6178 [-0.7851-0.8049]
  [Iter 350/600] Best: 1628.1054 | Alpha: 0.1871
      [Iter 400] Action stats: mean=0.0199±0.7053 [-0.8344-0.9770]
      [Iter 400] Fitness: current=1614.0939, best=1614.0939, diversity=0.812267
      [Iter 400] Reward: 1.0000
  [Iter 400/600] Best: 1614.0939 | Alpha: 0.1843
      [Iter 450] Action stats: mean=-0.0527±0.5903 [-0.9394-0.7305]
  [Iter 450/600] Best: 1591.9787 | Alpha: 0.1815
      [Iter 500] Action stats: mean=-0.3996±0.4889 [-0.9842-0.4415]
      [Iter 500] Fitness: current=1586.2326, best=1586.2326, diversity=0.322443
      [Iter 500] Reward: -1.0000
  [Iter 500/600] Best: 1586.2326 | Alpha: 0.1788
      [Iter 550] Action stats: mean=0.2260±0.5717 [-0.6742-0.9852]
  [Iter 550/600] Best: 1584.1944 | Alpha: 0.1762
      [Iter 600] Action stats: mean=-0.0636±0.5785 [-0.7305-0.8227]
      [Iter 600] Fitness: current=1584.1905, best=1584.1905, diversity=0.287443
      [Iter 600] Reward: 1.0000
  [Iter 600/600] Best: 1584.1905 | Alpha: 0.1735

╔════════════════════════════════════════════════════════════╗
║              RRSACPSO TRAINING COMPLETE                   ║
╚════════════════════════════════════════════════════════════╝
  Mode:              online
  Episodes:          1
  Iterations/Ep:     600
  Population Size:   40
  Best Fitness:      1584.1905
  Path Length:       5 waypoints


========== Planning Complete ==========
Algorithm: RRSACPSO
Execution time: 34.9873 seconds
Path length: 148.9402 units
Waypoints: 7
Best fitness: 1584.1905
========================================


========== Direct Global Planning ==========
Algorithm: RRSACPSO
Start: [10.0, 95.0, 10.0]
Goal:  [97.0, 2.0, 10.0]
============================================


╔══════════════════════════════════════════════════════════╗
║      RRSACPSO Configuration (SAC Critic Research)        ║
╚══════════════════════════════════════════════════════════╝

Mode: online
Algorithm: RRSACPSO v4.6-tqc-rank2

--- Core Features ---
  SAC Framework:        ON (automatic entropy tuning)
  CrossQ Critic:        OFF
  REDQ Critic:          OFF (N=2, M=2, mode=min, delay=1)
  AQE Critic:           OFF (3 heads/critic, keep=2)
  DroQ Critic:          OFF
  SimBa Backbone:       OFF
  PiLaR Returns:        OFF (eff=3, long=6, c=0.406)
  TQC Critic:           ON (25 quantiles, drop=2/critic)
  D2RL Backbone:        OFF
  ERE Replay:           OFF (eta 0.996 -> 1.000, cmin=128)
  Delayed Actor:        OFF (interval=1)
  Obs Normalization:    OFF (clip=5.0)
  Critic BatchNorm:     OFF (legacy ablation)
  Target Networks:      ON (train-mode targets)
  Critic Ensemble:      2 critics
  Cross-Scale State:    OFF (15D, window=8)
  Rank-Residual Ctrl:   ON (9D latent)
  Per-Particle Actions: OFF
  Reward Signal:        Fitness-improvement binary reward

--- Training Parameters ---
  Episodes:             1
  Population:           40 particles
  Max Iterations:       600
  Batch Size:           128
  Learning Rates:       Actor=0.00030, Critic=0.00030, Alpha=0.00030
  Adam Betas:           Actor=(0.90, 0.999), Critic=(0.90, 0.999)
  UTD Ratio:            1
  Train Frequency:      Every 1 iterations
  Actor Backbone:       width=128, blocks=3
  Critic Backbone:      width=192, blocks=3

--- Compute ---
  GPU:                  OFF (CPU mode)

══════════════════════════════════════════════════════════


╔══════════════════════════════════════════════════════════╗
║              RRSACPSO Global Path Planning              ║
╚══════════════════════════════════════════════════════════╝


[Episode 1/1] Starting training...
  Config: mode=online, episodes=1, iterations=600, popSize=40
      [Iter  50] Action stats: mean=0.0087±0.5755 [-0.6875-0.7872]
  [Iter  50/600] Best: 1795.4540 | Alpha: 0.2000
      [Iter 100] Action stats: mean=-0.0794±0.6908 [-0.9497-0.9172]
      [Iter 100] Fitness: current=1724.2297, best=1724.2297, diversity=3.226129
      [Iter 100] Reward: -1.0000
  [Iter 100/600] Best: 1724.2297 | Alpha: 0.2000
      [Iter 150] Action stats: mean=0.2869±0.5553 [-0.9654-0.7705]
  [Iter 150/600] Best: 1637.0869 | Alpha: 0.1986
      [Iter 200] Action stats: mean=0.0967±0.7242 [-0.9276-0.9706]
      [Iter 200] Fitness: current=1625.4053, best=1625.4053, diversity=2.457882
      [Iter 200] Reward: -1.0000
  [Iter 200/600] Best: 1625.4053 | Alpha: 0.1957
      [Iter 250] Action stats: mean=-0.0800±0.4581 [-0.8181-0.5504]
  [Iter 250/600] Best: 1615.7041 | Alpha: 0.1928
      [Iter 300] Action stats: mean=-0.2681±0.4428 [-0.9155-0.1904]
      [Iter 300] Fitness: current=1597.6407, best=1597.6407, diversity=1.237160
      [Iter 300] Reward: -1.0000
  [Iter 300/600] Best: 1597.6407 | Alpha: 0.1899
      [Iter 350] Action stats: mean=0.2228±0.7136 [-0.9727-0.8846]
  [Iter 350/600] Best: 1588.1322 | Alpha: 0.1871
      [Iter 400] Action stats: mean=0.1326±0.5130 [-0.7690-0.9044]
      [Iter 400] Fitness: current=1586.1883, best=1586.1883, diversity=0.031270
      [Iter 400] Reward: 1.0000
  [Iter 400/600] Best: 1586.1883 | Alpha: 0.1843
      [Iter 450] Action stats: mean=0.1423±0.7279 [-0.9432-0.8896]
  [Iter 450/600] Best: 1585.9090 | Alpha: 0.1815
      [Iter 500] Action stats: mean=-0.3909±0.4426 [-0.9768-0.4505]
      [Iter 500] Fitness: current=1585.2047, best=1585.2047, diversity=0.008781
      [Iter 500] Reward: 1.0000
  [Iter 500/600] Best: 1585.2047 | Alpha: 0.1788
      [Iter 550] Action stats: mean=-0.3600±0.4518 [-0.8400-0.6756]
  [Iter 550/600] Best: 1584.8558 | Alpha: 0.1762
      [Iter 600] Action stats: mean=-0.0103±0.6791 [-0.9599-0.8772]
      [Iter 600] Fitness: current=1584.7646, best=1584.7646, diversity=0.000883
      [Iter 600] Reward: 1.0000
  [Iter 600/600] Best: 1584.7646 | Alpha: 0.1736

╔════════════════════════════════════════════════════════════╗
║              RRSACPSO TRAINING COMPLETE                   ║
╚════════════════════════════════════════════════════════════╝
  Mode:              online
  Episodes:          1
  Iterations/Ep:     600
  Population Size:   40
  Best Fitness:      1584.7646
  Path Length:       5 waypoints


========== Planning Complete ==========
Algorithm: RRSACPSO
Execution time: 35.2416 seconds
Path length: 146.2396 units
Waypoints: 7
Best fitness: 1584.7646
========================================


========== Direct Global Planning ==========
Algorithm: RRSACPSO
Start: [10.0, 95.0, 10.0]
Goal:  [97.0, 2.0, 10.0]
============================================


╔══════════════════════════════════════════════════════════╗
║      RRSACPSO Configuration (SAC Critic Research)        ║
╚══════════════════════════════════════════════════════════╝

Mode: online
Algorithm: RRSACPSO v4.6-tqc-rank2

--- Core Features ---
  SAC Framework:        ON (automatic entropy tuning)
  CrossQ Critic:        OFF
  REDQ Critic:          OFF (N=2, M=2, mode=min, delay=1)
  AQE Critic:           OFF (3 heads/critic, keep=2)
  DroQ Critic:          OFF
  SimBa Backbone:       OFF
  PiLaR Returns:        OFF (eff=3, long=6, c=0.406)
  TQC Critic:           ON (25 quantiles, drop=2/critic)
  D2RL Backbone:        OFF
  ERE Replay:           OFF (eta 0.996 -> 1.000, cmin=128)
  Delayed Actor:        OFF (interval=1)
  Obs Normalization:    OFF (clip=5.0)
  Critic BatchNorm:     OFF (legacy ablation)
  Target Networks:      ON (train-mode targets)
  Critic Ensemble:      2 critics
  Cross-Scale State:    OFF (15D, window=8)
  Rank-Residual Ctrl:   ON (9D latent)
  Per-Particle Actions: OFF
  Reward Signal:        Fitness-improvement binary reward

--- Training Parameters ---
  Episodes:             1
  Population:           40 particles
  Max Iterations:       600
  Batch Size:           128
  Learning Rates:       Actor=0.00030, Critic=0.00030, Alpha=0.00030
  Adam Betas:           Actor=(0.90, 0.999), Critic=(0.90, 0.999)
  UTD Ratio:            1
  Train Frequency:      Every 1 iterations
  Actor Backbone:       width=128, blocks=3
  Critic Backbone:      width=192, blocks=3

--- Compute ---
  GPU:                  OFF (CPU mode)

══════════════════════════════════════════════════════════


╔══════════════════════════════════════════════════════════╗
║              RRSACPSO Global Path Planning              ║
╚══════════════════════════════════════════════════════════╝


[Episode 1/1] Starting training...
  Config: mode=online, episodes=1, iterations=600, popSize=40
      [Iter  50] Action stats: mean=-0.0484±0.5105 [-0.8629-0.9058]
  [Iter  50/600] Best: 1711.5355 | Alpha: 0.2000
      [Iter 100] Action stats: mean=-0.3293±0.5346 [-0.7950-0.6750]
      [Iter 100] Fitness: current=1672.1542, best=1672.1542, diversity=2.711089
      [Iter 100] Reward: -1.0000
  [Iter 100/600] Best: 1672.1542 | Alpha: 0.2000
      [Iter 150] Action stats: mean=0.2376±0.5718 [-0.8981-0.8813]
  [Iter 150/600] Best: 1655.3463 | Alpha: 0.1986
      [Iter 200] Action stats: mean=0.0325±0.3867 [-0.4381-0.5102]
      [Iter 200] Fitness: current=1647.8953, best=1647.8953, diversity=1.869892
      [Iter 200] Reward: -1.0000
  [Iter 200/600] Best: 1647.8953 | Alpha: 0.1957
      [Iter 250] Action stats: mean=-0.1116±0.5773 [-0.8073-0.8031]
  [Iter 250/600] Best: 1632.4055 | Alpha: 0.1928
      [Iter 300] Action stats: mean=-0.4015±0.5173 [-0.9866-0.5150]
      [Iter 300] Fitness: current=1627.2135, best=1627.2135, diversity=0.549740
      [Iter 300] Reward: -1.0000
  [Iter 300/600] Best: 1627.2135 | Alpha: 0.1899
      [Iter 350] Action stats: mean=-0.0586±0.5908 [-0.9561-0.8102]
  [Iter 350/600] Best: 1625.5998 | Alpha: 0.1871
      [Iter 400] Action stats: mean=-0.3161±0.5468 [-0.9396-0.8510]
      [Iter 400] Fitness: current=1625.3443, best=1625.3443, diversity=0.270375
      [Iter 400] Reward: -1.0000
  [Iter 400/600] Best: 1625.3443 | Alpha: 0.1843
      [Iter 450] Action stats: mean=-0.1567±0.4839 [-0.7701-0.4105]
  [Iter 450/600] Best: 1625.3408 | Alpha: 0.1815
      [Iter 500] Action stats: mean=0.1933±0.6606 [-0.8724-0.9646]
      [Iter 500] Fitness: current=1625.3406, best=1625.3406, diversity=0.143707
      [Iter 500] Reward: 1.0000
  [Iter 500/600] Best: 1625.3406 | Alpha: 0.1788
      [Iter 550] Action stats: mean=-0.2327±0.7155 [-0.9342-0.8767]
  [Iter 550/600] Best: 1625.3406 | Alpha: 0.1762
      [Iter 600] Action stats: mean=-0.2997±0.5752 [-0.9777-0.8284]
      [Iter 600] Fitness: current=1625.3406, best=1625.3406, diversity=0.024637
      [Iter 600] Reward: -1.0000
  [Iter 600/600] Best: 1625.3406 | Alpha: 0.1735

╔════════════════════════════════════════════════════════════╗
║              RRSACPSO TRAINING COMPLETE                   ║
╚════════════════════════════════════════════════════════════╝
  Mode:              online
  Episodes:          1
  Iterations/Ep:     600
  Population Size:   40
  Best Fitness:      1625.3406
  Path Length:       5 waypoints


========== Planning Complete ==========
Algorithm: RRSACPSO
Execution time: 26.7986 seconds
Path length: 155.3627 units
Waypoints: 7
Best fitness: 1625.3406
========================================

All runs completed. Performing statistical analysis...

=== STATISTICAL ANALYSIS FOR SCENARIO 1 ===
Metric tested: global_fitness_total
Runs available: 30

=== DESCRIPTIVE STATISTICS (global_fitness_total) ===
Algorithm                 | N       | Mean       | Std        | Median    
------------------------------------------------------------------------
RLAMPSO (Global)          |      30 |  1649.7962 |    72.3320 |  1642.1856
RLAMPSO (5 Subgroup)      |      30 |  1666.7929 |   109.1499 |  1638.8790
RLAMPSO (Per-Particle)    |      30 |  1664.3517 |    84.8468 |  1651.5057
DQN-PSO (Global)          |      30 |  1868.3637 |   257.3507 |  1810.3873
DQN-PSO (5-Subgroup)      |      30 |  1904.7649 |   250.0978 |  1822.2831
DQN-PSO (Per-Particle)    |      30 |  1898.6376 |   173.4858 |  1919.3438
RRSACPSO                  |      30 |  1592.7025 |    49.4505 |  1585.2794

=== PAIRWISE INFERENCE (PAIRED T + WILCOXON) ===
Algorithm 1               vs Algorithm 2               | N | meanDiff | p_t(raw) | p_w(raw)
-------------------------------------------------------------------------------------------
RLAMPSO (Global)          vs RLAMPSO (5 Subgroup)      | 30 | -16.9967 | 0.527235 | 0.983590
RLAMPSO (Global)          vs RLAMPSO (Per-Particle)    | 30 | -14.5555 | 0.447091 | 0.537202
RLAMPSO (Global)          vs DQN-PSO (Global)          | 30 | -218.5675 | 0.000104 | 0.000214
RLAMPSO (Global)          vs DQN-PSO (5-Subgroup)      | 30 | -254.9687 | 0.000013 | 0.000030
RLAMPSO (Global)          vs DQN-PSO (Per-Particle)    | 30 | -248.8414 | 0.000000 | 0.000005
RLAMPSO (Global)          vs RRSACPSO                  | 30 |  57.0937 | 0.002185 | 0.005848
RLAMPSO (5 Subgroup)      vs RLAMPSO (Per-Particle)    | 30 |   2.4412 | 0.921174 | 0.853139
RLAMPSO (5 Subgroup)      vs DQN-PSO (Global)          | 30 | -201.5709 | 0.000440 | 0.000593
RLAMPSO (5 Subgroup)      vs DQN-PSO (5-Subgroup)      | 30 | -237.9721 | 0.000006 | 0.000012
RLAMPSO (5 Subgroup)      vs DQN-PSO (Per-Particle)    | 30 | -231.8448 | 0.000001 | 0.000009
RLAMPSO (5 Subgroup)      vs RRSACPSO                  | 30 |  74.0903 | 0.000768 | 0.000689
RLAMPSO (Per-Particle)    vs DQN-PSO (Global)          | 30 | -204.0120 | 0.000342 | 0.000928
RLAMPSO (Per-Particle)    vs DQN-PSO (5-Subgroup)      | 30 | -240.4132 | 0.000004 | 0.000039
RLAMPSO (Per-Particle)    vs DQN-PSO (Per-Particle)    | 30 | -234.2859 | 0.000000 | 0.000006
RLAMPSO (Per-Particle)    vs RRSACPSO                  | 30 |  71.6492 | 0.000892 | 0.003730
DQN-PSO (Global)          vs DQN-PSO (5-Subgroup)      | 30 | -36.4012 | 0.615498 | 0.607106
DQN-PSO (Global)          vs DQN-PSO (Per-Particle)    | 30 | -30.2739 | 0.585803 | 0.333688
DQN-PSO (Global)          vs RRSACPSO                  | 30 | 275.6612 | 0.000004 | 0.000012
DQN-PSO (5-Subgroup)      vs DQN-PSO (Per-Particle)    | 30 |   6.1273 | 0.911537 | 0.967187
DQN-PSO (5-Subgroup)      vs RRSACPSO                  | 30 | 312.0624 | 0.000000 | 0.000005
DQN-PSO (Per-Particle)    vs RRSACPSO                  | 30 | 305.9351 | 0.000000 | 0.000003

=== HOLM-CORRECTED SIGNIFICANCE SUMMARY ===
Significant pairs (Holm-corrected, paired t-test): 15/21
Significant pairs (Holm-corrected, Wilcoxon):      15/21

=== OVERALL RANKING (MEAN METRIC + HOLM T-TEST WINS) ===
Rank | Algorithm                 | Mean | Holm Wins
---------------------------------------------------------------
1    | RRSACPSO                  |  1592.7025 |         6
2    | RLAMPSO (Global)          |  1649.7962 |         3
3    | RLAMPSO (Per-Particle)    |  1664.3517 |         3
4    | RLAMPSO (5 Subgroup)      |  1666.7929 |         3
5    | DQN-PSO (Global)          |  1868.3637 |         0
6    | DQN-PSO (Per-Particle)    |  1898.6376 |         0
7    | DQN-PSO (5-Subgroup)      |  1904.7649 |         0

Friedman omnibus (run-level blocks): chi2(6)=79.7714, p=0.000000 (N=30 runs)

Statistical artifacts saved for Scenario 1:
  Pairwise CSV: /Users/hust-hwashin621m/Desktop/vietanhpaper-2/outputs/results/TTest_Pairwise_Scenario1.csv
  Summary CSV:  /Users/hust-hwashin621m/Desktop/vietanhpaper-2/outputs/results/TTest_Summary_Scenario1.csv
  MAT file:     /Users/hust-hwashin621m/Desktop/vietanhpaper-2/outputs/results/TTest_Results_Scenario1.mat
Generating diagnostic visualisations...
==== PSO Debug Information ====
Algorithm RLAMPSO (Global) is present
  globalPlanTimes: 1 data points
    Range: 0 to 0
  globalPlanDurations: 1 data points
    Range: 58.1364 to 58.1364
  pathLengths: 1 data points
    Range: 148.873 to 148.873
  pathWaypoints: 1 data points
    Range: 7 to 7
  ERROR: obstacleDistances is missing for RLAMPSO (Global)
-------------------
Algorithm RLAMPSO (5 Subgroup) is present
  globalPlanTimes: 1 data points
    Range: 0 to 0
  globalPlanDurations: 1 data points
    Range: 30.3323 to 30.3323
  pathLengths: 1 data points
    Range: 157.7706 to 157.7706
  pathWaypoints: 1 data points
    Range: 7 to 7
  ERROR: obstacleDistances is missing for RLAMPSO (5 Subgroup)
-------------------
Algorithm RLAMPSO (Per-Particle) is present
  globalPlanTimes: 1 data points
    Range: 0 to 0
  globalPlanDurations: 1 data points
    Range: 22.3569 to 22.3569
  pathLengths: 1 data points
    Range: 168.6014 to 168.6014
  pathWaypoints: 1 data points
    Range: 7 to 7
  ERROR: obstacleDistances is missing for RLAMPSO (Per-Particle)
-------------------
Algorithm DQN-PSO (Global) is present
  globalPlanTimes: 1 data points
    Range: 0 to 0
  globalPlanDurations: 1 data points
    Range: 71.2782 to 71.2782
  pathLengths: 1 data points
    Range: 169.8238 to 169.8238
  pathWaypoints: 1 data points
    Range: 7 to 7
  ERROR: obstacleDistances is missing for DQN-PSO (Global)
-------------------
Algorithm DQN-PSO (5-Subgroup) is present
  globalPlanTimes: 1 data points
    Range: 0 to 0
  globalPlanDurations: 1 data points
    Range: 69.6315 to 69.6315
  pathLengths: 1 data points
    Range: 149.1054 to 149.1054
  pathWaypoints: 1 data points
    Range: 7 to 7
  ERROR: obstacleDistances is missing for DQN-PSO (5-Subgroup)
-------------------
Algorithm DQN-PSO (Per-Particle) is present
  globalPlanTimes: 1 data points
    Range: 0 to 0
  globalPlanDurations: 1 data points
    Range: 69.617 to 69.617
  pathLengths: 1 data points
    Range: 153.1019 to 153.1019
  pathWaypoints: 1 data points
    Range: 7 to 7
  ERROR: obstacleDistances is missing for DQN-PSO (Per-Particle)
-------------------
Algorithm RRSACPSO is present
  globalPlanTimes: 1 data points
    Range: 0 to 0
  globalPlanDurations: 1 data points
    Range: 27.8223 to 27.8223
  pathLengths: 1 data points
    Range: 148.2479 to 148.2479
  pathWaypoints: 1 data points
    Range: 7 to 7
  ERROR: obstacleDistances is missing for RRSACPSO
-------------------

=== ALGORITHM COMPARISON SUMMARY ===
RLAMPSO (Global): Path=148.87, Time=58.1364s, Safety=N/A (direct planning)
RLAMPSO (5 Subgroup): Path=157.77, Time=30.3323s, Safety=N/A (direct planning)
RLAMPSO (Per-Particle): Path=168.60, Time=22.3569s, Safety=N/A (direct planning)
DQN-PSO (Global): Path=169.82, Time=71.2782s, Safety=N/A (direct planning)
DQN-PSO (5-Subgroup): Path=149.11, Time=69.6315s, Safety=N/A (direct planning)
DQN-PSO (Per-Particle): Path=153.10, Time=69.6170s, Safety=N/A (direct planning)
RRSACPSO: Path=148.25, Time=27.8223s, Safety=N/A (direct planning)
PSO comparison figures saved successfully!
Generating trajectory and convergence figures...

=== Algorithm Comparison Complete for Scenario 1 ===
3D view saved as: /Users/hust-hwashin621m/Desktop/vietanhpaper-2/outputs/results/plot_Algorithm_Comparison_Scenario1_3D.pdf
Top view saved as: /Users/hust-hwashin621m/Desktop/vietanhpaper-2/outputs/results/plot_Algorithm_Comparison_Scenario1_TopView.pdf

=== Path Length Comparison ===
RLAMPSO (Global): 148.87 units
RLAMPSO (5 Subgroup): 157.77 units
RLAMPSO (Per-Particle): 168.60 units
DQN-PSO (Global): 169.82 units
DQN-PSO (5-Subgroup): 149.11 units
DQN-PSO (Per-Particle): 153.10 units
RRSACPSO: 148.25 units
Convergence plot saved as: /Users/hust-hwashin621m/Desktop/vietanhpaper-2/outputs/results/Convergence_Comparison_Scenario1.pdf
Parameter tracking plot saved as: /Users/hust-hwashin621m/Desktop/vietanhpaper-2/outputs/results/Parameter_Tracking_Scenario1.pdf
Reward plot saved as: /Users/hust-hwashin621m/Desktop/vietanhpaper-2/outputs/results/Reward_Comparison_Scenario1.pdf
Critic loss plot saved as: /Users/hust-hwashin621m/Desktop/vietanhpaper-2/outputs/results/Critic_Loss_Scenario1.pdf
All runs data written to: /Users/hust-hwashin621m/Desktop/vietanhpaper-2/outputs/results/TTest_AllRuns_Scenario1_2026-03-10_21-23-59.csv
Summary statistics written to: /Users/hust-hwashin621m/Desktop/vietanhpaper-2/outputs/results/TTest_AlgorithmSummary_Scenario1_2026-03-10_21-23-59.csv
Reports generated:
  All runs data: /Users/hust-hwashin621m/Desktop/vietanhpaper-2/outputs/results/TTest_AllRuns_Scenario1_2026-03-10_21-23-59.csv
  Algorithm summary: /Users/hust-hwashin621m/Desktop/vietanhpaper-2/outputs/results/TTest_AlgorithmSummary_Scenario1_2026-03-10_21-23-59.csv
Scenario 1 complete.

==========================================================
Scenario 2: ChrismasTerrain2 - Medium
Terrain: /Users/hust-hwashin621m/Desktop/vietanhpaper-2/data/ChrismasTerrain2.tif
Danger Zones: 5
==========================================================
Executing 30 runs for 6 parallel-safe algorithms...

========== Direct Global Planning ==========
Algorithm: RLAMPSO
Start: [10.0, 95.0, 10.0]
Goal:  [97.0, 2.0, 10.0]
============================================


╔════════════════════════════════════════════════════════╗
║     RLAM-PSO Configuration (GPU-Optimized)            ║
╚════════════════════════════════════════════════════════╝

Mode: baseline

--- Features Enabled ---
  Transformer State: OFF (state: 15D)
  TD3:               OFF
  PER:               OFF
  Curriculum:        OFF

--- Compute Configuration ---
  Mode:              GPU-Optimized Sequential
  GPU:               OFF (CPU fallback)
  Parallel:          OFF (disabled for dlnetwork compatibility)

--- Training Parameters ---
  Episodes:          100
  Population:        40
  Max Iterations:    600
  Batch Size:        256 (GPU-optimized)
  Actor LR:          0.00010
  Critic LR:         0.00100

--- GPU Optimization (2025) ---
  Gradient Steps/Call:  1
  Train Every:          1 iterations
  Mid-Episode Training: ON
  Estimated UTD Ratio:  ~600.0

════════════════════════════════════════════════════════


╔════════════════════════════════════════════════════════╗
║     RLAM-PSO Configuration (GPU-Optimized)            ║
╚════════════════════════════════════════════════════════╝

Mode: baseline

--- Features Enabled ---
  Transformer State: OFF (state: 15D)
  TD3:               OFF
  PER:               OFF
  Curriculum:        OFF

--- Compute Configuration ---
  Mode:              GPU-Optimized Sequential
  GPU:               OFF (CPU fallback)
  Parallel:          OFF (disabled for dlnetwork compatibility)

--- Training Parameters ---
  Episodes:          100
  Population:        40
  Max Iterations:    600
  Batch Size:        256 (GPU-optimized)
  Actor LR:          0.00010
  Critic LR:         0.00100

--- GPU Optimization (2025) ---
  Gradient Steps/Call:  1
  Train Every:          1 iterations
  Mid-Episode Training: ON
  Estimated UTD Ratio:  ~600.0

════════════════════════════════════════════════════════


========== Direct Global Planning ==========
Algorithm: RLAMPSO
Start: [10.0, 95.0, 10.0]
Goal:  [97.0, 2.0, 10.0]
============================================


╔════════════════════════════════════════════════════════╗
║     RLAM-PSO Configuration (GPU-Optimized)            ║
╚════════════════════════════════════════════════════════╝

Mode: baseline

--- Features Enabled ---
  Transformer State: OFF (state: 15D)
  TD3:               OFF
  PER:               OFF
  Curriculum:        OFF

--- Compute Configuration ---
  Mode:              GPU-Optimized Sequential
  GPU:               OFF (CPU fallback)
  Parallel:          OFF (disabled for dlnetwork compatibility)

--- Training Parameters ---
  Episodes:          100
  Population:        40
  Max Iterations:    600
  Batch Size:        256 (GPU-optimized)
  Actor LR:          0.00010
  Critic LR:         0.00100

--- GPU Optimization (2025) ---
  Gradient Steps/Call:  1
  Train Every:          1 iterations
  Mid-Episode Training: ON
  Estimated UTD Ratio:  ~600.0

════════════════════════════════════════════════════════


╔════════════════════════════════════════════════════════╗
║     RLAM-PSO Configuration (GPU-Optimized)            ║
╚════════════════════════════════════════════════════════╝

Mode: baseline

--- Features Enabled ---
  Transformer State: OFF (state: 15D)
  TD3:               OFF
  PER:               OFF
  Curriculum:        OFF

--- Compute Configuration ---
  Mode:              GPU-Optimized Sequential
  GPU:               OFF (CPU fallback)
  Parallel:          OFF (disabled for dlnetwork compatibility)

--- Training Parameters ---
  Episodes:          100
  Population:        40
  Max Iterations:    600
  Batch Size:        256 (GPU-optimized)
  Actor LR:          0.00010
  Critic LR:         0.00100

--- GPU Optimization (2025) ---
  Gradient Steps/Call:  1
  Train Every:          1 iterations
  Mid-Episode Training: ON
  Estimated UTD Ratio:  ~600.0

════════════════════════════════════════════════════════


========== Direct Global Planning ==========
Algorithm: RLAMPSO
Start: [10.0, 95.0, 10.0]
Goal:  [97.0, 2.0, 10.0]
============================================


╔════════════════════════════════════════════════════════╗
║     RLAM-PSO Configuration (GPU-Optimized)            ║
╚════════════════════════════════════════════════════════╝

Mode: baseline

--- Features Enabled ---
  Transformer State: OFF (state: 15D)
  TD3:               OFF
  PER:               OFF
  Curriculum:        OFF

--- Compute Configuration ---
  Mode:              GPU-Optimized Sequential
  GPU:               OFF (CPU fallback)
  Parallel:          OFF (disabled for dlnetwork compatibility)

--- Training Parameters ---
  Episodes:          100
  Population:        40
  Max Iterations:    600
  Batch Size:        256 (GPU-optimized)
  Actor LR:          0.00010
  Critic LR:         0.00100

--- GPU Optimization (2025) ---
  Gradient Steps/Call:  1
  Train Every:          1 iterations
  Mid-Episode Training: ON
  Estimated UTD Ratio:  ~600.0

════════════════════════════════════════════════════════


╔════════════════════════════════════════════════════════╗
║     RLAM-PSO Configuration (GPU-Optimized)            ║
╚════════════════════════════════════════════════════════╝

Mode: baseline

--- Features Enabled ---
  Transformer State: OFF (state: 15D)
  TD3:               OFF
  PER:               OFF
  Curriculum:        OFF

--- Compute Configuration ---
  Mode:              GPU-Optimized Sequential
  GPU:               OFF (CPU fallback)
  Parallel:          OFF (disabled for dlnetwork compatibility)

--- Training Parameters ---
  Episodes:          100
  Population:        40
  Max Iterations:    600
  Batch Size:        256 (GPU-optimized)
  Actor LR:          0.00010
  Critic LR:         0.00100

--- GPU Optimization (2025) ---
  Gradient Steps/Call:  1
  Train Every:          1 iterations
  Mid-Episode Training: ON
  Estimated UTD Ratio:  ~600.0

════════════════════════════════════════════════════════


========== Direct Global Planning ==========
Algorithm: RLAMPSO
Start: [10.0, 95.0, 10.0]
Goal:  [97.0, 2.0, 10.0]
============================================


╔════════════════════════════════════════════════════════╗
║     RLAM-PSO Configuration (GPU-Optimized)            ║
╚════════════════════════════════════════════════════════╝

Mode: baseline

--- Features Enabled ---
  Transformer State: OFF (state: 15D)
  TD3:               OFF
  PER:               OFF
  Curriculum:        OFF

--- Compute Configuration ---
  Mode:              GPU-Optimized Sequential
  GPU:               OFF (CPU fallback)
  Parallel:          OFF (disabled for dlnetwork compatibility)

--- Training Parameters ---
  Episodes:          100
  Population:        40
  Max Iterations:    600
  Batch Size:        256 (GPU-optimized)
  Actor LR:          0.00010
  Critic LR:         0.00100

--- GPU Optimization (2025) ---
  Gradient Steps/Call:  1
  Train Every:          1 iterations
  Mid-Episode Training: ON
  Estimated UTD Ratio:  ~600.0

════════════════════════════════════════════════════════


╔════════════════════════════════════════════════════════╗
║     RLAM-PSO Configuration (GPU-Optimized)            ║
╚════════════════════════════════════════════════════════╝

Mode: baseline

--- Features Enabled ---
  Transformer State: OFF (state: 15D)
  TD3:               OFF
  PER:               OFF
  Curriculum:        OFF

--- Compute Configuration ---
  Mode:              GPU-Optimized Sequential
  GPU:               OFF (CPU fallback)
  Parallel:          OFF (disabled for dlnetwork compatibility)

--- Training Parameters ---
  Episodes:          100
  Population:        40
  Max Iterations:    600
  Batch Size:        256 (GPU-optimized)
  Actor LR:          0.00010
  Critic LR:         0.00100

--- GPU Optimization (2025) ---
  Gradient Steps/Call:  1
  Train Every:          1 iterations
  Mid-Episode Training: ON
  Estimated UTD Ratio:  ~600.0

════════════════════════════════════════════════════════


========== Direct Global Planning ==========
Algorithm: RLAMPSO
Start: [10.0, 95.0, 10.0]
Goal:  [97.0, 2.0, 10.0]
============================================


╔════════════════════════════════════════════════════════╗
║     RLAM-PSO Configuration (GPU-Optimized)            ║
╚════════════════════════════════════════════════════════╝

Mode: baseline

--- Features Enabled ---
  Transformer State: OFF (state: 15D)
  TD3:               OFF
  PER:               OFF
  Curriculum:        OFF

--- Compute Configuration ---
  Mode:              GPU-Optimized Sequential
  GPU:               OFF (CPU fallback)
  Parallel:          OFF (disabled for dlnetwork compatibility)

--- Training Parameters ---
  Episodes:          100
  Population:        40
  Max Iterations:    600
  Batch Size:        256 (GPU-optimized)
  Actor LR:          0.00010
  Critic LR:         0.00100

--- GPU Optimization (2025) ---
  Gradient Steps/Call:  1
  Train Every:          1 iterations
  Mid-Episode Training: ON
  Estimated UTD Ratio:  ~600.0

════════════════════════════════════════════════════════


╔════════════════════════════════════════════════════════╗
║     RLAM-PSO Configuration (GPU-Optimized)            ║
╚════════════════════════════════════════════════════════╝

Mode: baseline

--- Features Enabled ---
  Transformer State: OFF (state: 15D)
  TD3:               OFF
  PER:               OFF
  Curriculum:        OFF

--- Compute Configuration ---
  Mode:              GPU-Optimized Sequential
  GPU:               OFF (CPU fallback)
  Parallel:          OFF (disabled for dlnetwork compatibility)

--- Training Parameters ---
  Episodes:          100
  Population:        40
  Max Iterations:    600
  Batch Size:        256 (GPU-optimized)
  Actor LR:          0.00010
  Critic LR:         0.00100

--- GPU Optimization (2025) ---
  Gradient Steps/Call:  1
  Train Every:          1 iterations
  Mid-Episode Training: ON
  Estimated UTD Ratio:  ~600.0

════════════════════════════════════════════════════════


========== Direct Global Planning ==========
Algorithm: RLAMPSO
Start: [10.0, 95.0, 10.0]
Goal:  [97.0, 2.0, 10.0]
============================================


╔════════════════════════════════════════════════════════╗
║     RLAM-PSO Configuration (GPU-Optimized)            ║
╚════════════════════════════════════════════════════════╝

Mode: baseline

--- Features Enabled ---
  Transformer State: OFF (state: 15D)
  TD3:               OFF
  PER:               OFF
  Curriculum:        OFF

--- Compute Configuration ---
  Mode:              GPU-Optimized Sequential
  GPU:               OFF (CPU fallback)
  Parallel:          OFF (disabled for dlnetwork compatibility)

--- Training Parameters ---
  Episodes:          100
  Population:        40
  Max Iterations:    600
  Batch Size:        256 (GPU-optimized)
  Actor LR:          0.00010
  Critic LR:         0.00100

--- GPU Optimization (2025) ---
  Gradient Steps/Call:  1
  Train Every:          1 iterations
  Mid-Episode Training: ON
  Estimated UTD Ratio:  ~600.0

════════════════════════════════════════════════════════


╔════════════════════════════════════════════════════════╗
║     RLAM-PSO Configuration (GPU-Optimized)            ║
╚════════════════════════════════════════════════════════╝

Mode: baseline

--- Features Enabled ---
  Transformer State: OFF (state: 15D)
  TD3:               OFF
  PER:               OFF
  Curriculum:        OFF

--- Compute Configuration ---
  Mode:              GPU-Optimized Sequential
  GPU:               OFF (CPU fallback)
  Parallel:          OFF (disabled for dlnetwork compatibility)

--- Training Parameters ---
  Episodes:          100
  Population:        40
  Max Iterations:    600
  Batch Size:        256 (GPU-optimized)
  Actor LR:          0.00010
  Critic LR:         0.00100

--- GPU Optimization (2025) ---
  Gradient Steps/Call:  1
  Train Every:          1 iterations
  Mid-Episode Training: ON
  Estimated UTD Ratio:  ~600.0

════════════════════════════════════════════════════════


========== Direct Global Planning ==========
Algorithm: RLAMPSO
Start: [10.0, 95.0, 10.0]
Goal:  [97.0, 2.0, 10.0]
============================================


╔════════════════════════════════════════════════════════╗
║     RLAM-PSO Configuration (GPU-Optimized)            ║
╚════════════════════════════════════════════════════════╝

Mode: baseline

--- Features Enabled ---
  Transformer State: OFF (state: 15D)
  TD3:               OFF
  PER:               OFF
  Curriculum:        OFF

--- Compute Configuration ---
  Mode:              GPU-Optimized Sequential
  GPU:               OFF (CPU fallback)
  Parallel:          OFF (disabled for dlnetwork compatibility)

--- Training Parameters ---
  Episodes:          100
  Population:        40
  Max Iterations:    600
  Batch Size:        256 (GPU-optimized)
  Actor LR:          0.00010
  Critic LR:         0.00100

--- GPU Optimization (2025) ---
  Gradient Steps/Call:  1
  Train Every:          1 iterations
  Mid-Episode Training: ON
  Estimated UTD Ratio:  ~600.0

════════════════════════════════════════════════════════


╔════════════════════════════════════════════════════════╗
║     RLAM-PSO Configuration (GPU-Optimized)            ║
╚════════════════════════════════════════════════════════╝

Mode: baseline

--- Features Enabled ---
  Transformer State: OFF (state: 15D)
  TD3:               OFF
  PER:               OFF
  Curriculum:        OFF

--- Compute Configuration ---
  Mode:              GPU-Optimized Sequential
  GPU:               OFF (CPU fallback)
  Parallel:          OFF (disabled for dlnetwork compatibility)

--- Training Parameters ---
  Episodes:          100
  Population:        40
  Max Iterations:    600
  Batch Size:        256 (GPU-optimized)
  Actor LR:          0.00010
  Critic LR:         0.00100

--- GPU Optimization (2025) ---
  Gradient Steps/Call:  1
  Train Every:          1 iterations
  Mid-Episode Training: ON
  Estimated UTD Ratio:  ~600.0

════════════════════════════════════════════════════════


========== Direct Global Planning ==========
Algorithm: RLAMPSO
Start: [10.0, 95.0, 10.0]
Goal:  [97.0, 2.0, 10.0]
============================================


╔════════════════════════════════════════════════════════╗
║     RLAM-PSO Configuration (GPU-Optimized)            ║
╚════════════════════════════════════════════════════════╝

Mode: baseline

--- Features Enabled ---
  Transformer State: OFF (state: 15D)
  TD3:               OFF
  PER:               OFF
  Curriculum:        OFF

--- Compute Configuration ---
  Mode:              GPU-Optimized Sequential
  GPU:               OFF (CPU fallback)
  Parallel:          OFF (disabled for dlnetwork compatibility)

--- Training Parameters ---
  Episodes:          100
  Population:        40
  Max Iterations:    600
  Batch Size:        256 (GPU-optimized)
  Actor LR:          0.00010
  Critic LR:         0.00100

--- GPU Optimization (2025) ---
  Gradient Steps/Call:  1
  Train Every:          1 iterations
  Mid-Episode Training: ON
  Estimated UTD Ratio:  ~600.0

════════════════════════════════════════════════════════


╔════════════════════════════════════════════════════════╗
║     RLAM-PSO Configuration (GPU-Optimized)            ║
╚════════════════════════════════════════════════════════╝

Mode: baseline

--- Features Enabled ---
  Transformer State: OFF (state: 15D)
  TD3:               OFF
  PER:               OFF
  Curriculum:        OFF

--- Compute Configuration ---
  Mode:              GPU-Optimized Sequential
  GPU:               OFF (CPU fallback)
  Parallel:          OFF (disabled for dlnetwork compatibility)

--- Training Parameters ---
  Episodes:          100
  Population:        40
  Max Iterations:    600
  Batch Size:        256 (GPU-optimized)
  Actor LR:          0.00010
  Critic LR:         0.00100

--- GPU Optimization (2025) ---
  Gradient Steps/Call:  1
  Train Every:          1 iterations
  Mid-Episode Training: ON
  Estimated UTD Ratio:  ~600.0

════════════════════════════════════════════════════════


========== Direct Global Planning ==========
Algorithm: RLAMPSO
Start: [10.0, 95.0, 10.0]
Goal:  [97.0, 2.0, 10.0]
============================================


╔════════════════════════════════════════════════════════╗
║     RLAM-PSO Configuration (GPU-Optimized)            ║
╚════════════════════════════════════════════════════════╝

Mode: baseline

--- Features Enabled ---
  Transformer State: OFF (state: 15D)
  TD3:               OFF
  PER:               OFF
  Curriculum:        OFF

--- Compute Configuration ---
  Mode:              GPU-Optimized Sequential
  GPU:               OFF (CPU fallback)
  Parallel:          OFF (disabled for dlnetwork compatibility)

--- Training Parameters ---
  Episodes:          100
  Population:        40
  Max Iterations:    600
  Batch Size:        256 (GPU-optimized)
  Actor LR:          0.00010
  Critic LR:         0.00100

--- GPU Optimization (2025) ---
  Gradient Steps/Call:  1
  Train Every:          1 iterations
  Mid-Episode Training: ON
  Estimated UTD Ratio:  ~600.0

════════════════════════════════════════════════════════


╔════════════════════════════════════════════════════════╗
║     RLAM-PSO Configuration (GPU-Optimized)            ║
╚════════════════════════════════════════════════════════╝

Mode: baseline

--- Features Enabled ---
  Transformer State: OFF (state: 15D)
  TD3:               OFF
  PER:               OFF
  Curriculum:        OFF

--- Compute Configuration ---
  Mode:              GPU-Optimized Sequential
  GPU:               OFF (CPU fallback)
  Parallel:          OFF (disabled for dlnetwork compatibility)

--- Training Parameters ---
  Episodes:          100
  Population:        40
  Max Iterations:    600
  Batch Size:        256 (GPU-optimized)
  Actor LR:          0.00010
  Critic LR:         0.00100

--- GPU Optimization (2025) ---
  Gradient Steps/Call:  1
  Train Every:          1 iterations
  Mid-Episode Training: ON
  Estimated UTD Ratio:  ~600.0

════════════════════════════════════════════════════════


========== Direct Global Planning ==========
Algorithm: RLAMPSO
Start: [10.0, 95.0, 10.0]
Goal:  [97.0, 2.0, 10.0]
============================================


╔════════════════════════════════════════════════════════╗
║     RLAM-PSO Configuration (GPU-Optimized)            ║
╚════════════════════════════════════════════════════════╝

Mode: baseline

--- Features Enabled ---
  Transformer State: OFF (state: 15D)
  TD3:               OFF
  PER:               OFF
  Curriculum:        OFF

--- Compute Configuration ---
  Mode:              GPU-Optimized Sequential
  GPU:               OFF (CPU fallback)
  Parallel:          OFF (disabled for dlnetwork compatibility)

--- Training Parameters ---
  Episodes:          100
  Population:        40
  Max Iterations:    600
  Batch Size:        256 (GPU-optimized)
  Actor LR:          0.00010
  Critic LR:         0.00100

--- GPU Optimization (2025) ---
  Gradient Steps/Call:  1
  Train Every:          1 iterations
  Mid-Episode Training: ON
  Estimated UTD Ratio:  ~600.0

════════════════════════════════════════════════════════


╔════════════════════════════════════════════════════════╗
║     RLAM-PSO Configuration (GPU-Optimized)            ║
╚════════════════════════════════════════════════════════╝

Mode: baseline

--- Features Enabled ---
  Transformer State: OFF (state: 15D)
  TD3:               OFF
  PER:               OFF
  Curriculum:        OFF

--- Compute Configuration ---
  Mode:              GPU-Optimized Sequential
  GPU:               OFF (CPU fallback)
  Parallel:          OFF (disabled for dlnetwork compatibility)

--- Training Parameters ---
  Episodes:          100
  Population:        40
  Max Iterations:    600
  Batch Size:        256 (GPU-optimized)
  Actor LR:          0.00010
  Critic LR:         0.00100

--- GPU Optimization (2025) ---
  Gradient Steps/Call:  1
  Train Every:          1 iterations
  Mid-Episode Training: ON
  Estimated UTD Ratio:  ~600.0

════════════════════════════════════════════════════════


========== Direct Global Planning ==========
Algorithm: RLAMPSO
Start: [10.0, 95.0, 10.0]
Goal:  [97.0, 2.0, 10.0]
============================================


╔════════════════════════════════════════════════════════╗
║     RLAM-PSO Configuration (GPU-Optimized)            ║
╚════════════════════════════════════════════════════════╝

Mode: baseline

--- Features Enabled ---
  Transformer State: OFF (state: 15D)
  TD3:               OFF
  PER:               OFF
  Curriculum:        OFF

--- Compute Configuration ---
  Mode:              GPU-Optimized Sequential
  GPU:               OFF (CPU fallback)
  Parallel:          OFF (disabled for dlnetwork compatibility)

--- Training Parameters ---
  Episodes:          100
  Population:        40
  Max Iterations:    600
  Batch Size:        256 (GPU-optimized)
  Actor LR:          0.00010
  Critic LR:         0.00100

--- GPU Optimization (2025) ---
  Gradient Steps/Call:  1
  Train Every:          1 iterations
  Mid-Episode Training: ON
  Estimated UTD Ratio:  ~600.0

════════════════════════════════════════════════════════


╔════════════════════════════════════════════════════════╗
║     RLAM-PSO Configuration (GPU-Optimized)            ║
╚════════════════════════════════════════════════════════╝

Mode: baseline

--- Features Enabled ---
  Transformer State: OFF (state: 15D)
  TD3:               OFF
  PER:               OFF
  Curriculum:        OFF

--- Compute Configuration ---
  Mode:              GPU-Optimized Sequential
  GPU:               OFF (CPU fallback)
  Parallel:          OFF (disabled for dlnetwork compatibility)

--- Training Parameters ---
  Episodes:          100
  Population:        40
  Max Iterations:    600
  Batch Size:        256 (GPU-optimized)
  Actor LR:          0.00010
  Critic LR:         0.00100

--- GPU Optimization (2025) ---
  Gradient Steps/Call:  1
  Train Every:          1 iterations
  Mid-Episode Training: ON
  Estimated UTD Ratio:  ~600.0

════════════════════════════════════════════════════════


========== Direct Global Planning ==========
Algorithm: RLAMPSO
Start: [10.0, 95.0, 10.0]
Goal:  [97.0, 2.0, 10.0]
============================================


╔════════════════════════════════════════════════════════╗
║     RLAM-PSO Configuration (GPU-Optimized)            ║
╚════════════════════════════════════════════════════════╝

Mode: baseline

--- Features Enabled ---
  Transformer State: OFF (state: 15D)
  TD3:               OFF
  PER:               OFF
  Curriculum:        OFF

--- Compute Configuration ---
  Mode:              GPU-Optimized Sequential
  GPU:               OFF (CPU fallback)
  Parallel:          OFF (disabled for dlnetwork compatibility)

--- Training Parameters ---
  Episodes:          100
  Population:        40
  Max Iterations:    600
  Batch Size:        256 (GPU-optimized)
  Actor LR:          0.00010
  Critic LR:         0.00100

--- GPU Optimization (2025) ---
  Gradient Steps/Call:  1
  Train Every:          1 iterations
  Mid-Episode Training: ON
  Estimated UTD Ratio:  ~600.0

════════════════════════════════════════════════════════


╔════════════════════════════════════════════════════════╗
║     RLAM-PSO Configuration (GPU-Optimized)            ║
╚════════════════════════════════════════════════════════╝

Mode: baseline

--- Features Enabled ---
  Transformer State: OFF (state: 15D)
  TD3:               OFF
  PER:               OFF
  Curriculum:        OFF

--- Compute Configuration ---
  Mode:              GPU-Optimized Sequential
  GPU:               OFF (CPU fallback)
  Parallel:          OFF (disabled for dlnetwork compatibility)

--- Training Parameters ---
  Episodes:          100
  Population:        40
  Max Iterations:    600
  Batch Size:        256 (GPU-optimized)
  Actor LR:          0.00010
  Critic LR:         0.00100

--- GPU Optimization (2025) ---
  Gradient Steps/Call:  1
  Train Every:          1 iterations
  Mid-Episode Training: ON
  Estimated UTD Ratio:  ~600.0

════════════════════════════════════════════════════════


========== Direct Global Planning ==========
Algorithm: RLAMPSO
Start: [10.0, 95.0, 10.0]
Goal:  [97.0, 2.0, 10.0]
============================================


╔════════════════════════════════════════════════════════╗
║     RLAM-PSO Configuration (GPU-Optimized)            ║
╚════════════════════════════════════════════════════════╝

Mode: baseline

--- Features Enabled ---
  Transformer State: OFF (state: 15D)
  TD3:               OFF
  PER:               OFF
  Curriculum:        OFF

--- Compute Configuration ---
  Mode:              GPU-Optimized Sequential
  GPU:               OFF (CPU fallback)
  Parallel:          OFF (disabled for dlnetwork compatibility)

--- Training Parameters ---
  Episodes:          100
  Population:        40
  Max Iterations:    600
  Batch Size:        256 (GPU-optimized)
  Actor LR:          0.00010
  Critic LR:         0.00100

--- GPU Optimization (2025) ---
  Gradient Steps/Call:  1
  Train Every:          1 iterations
  Mid-Episode Training: ON
  Estimated UTD Ratio:  ~600.0

════════════════════════════════════════════════════════


╔════════════════════════════════════════════════════════╗
║     RLAM-PSO Configuration (GPU-Optimized)            ║
╚════════════════════════════════════════════════════════╝

Mode: baseline

--- Features Enabled ---
  Transformer State: OFF (state: 15D)
  TD3:               OFF
  PER:               OFF
  Curriculum:        OFF

--- Compute Configuration ---
  Mode:              GPU-Optimized Sequential
  GPU:               OFF (CPU fallback)
  Parallel:          OFF (disabled for dlnetwork compatibility)

--- Training Parameters ---
  Episodes:          100
  Population:        40
  Max Iterations:    600
  Batch Size:        256 (GPU-optimized)
  Actor LR:          0.00010
  Critic LR:         0.00100

--- GPU Optimization (2025) ---
  Gradient Steps/Call:  1
  Train Every:          1 iterations
  Mid-Episode Training: ON
  Estimated UTD Ratio:  ~600.0

════════════════════════════════════════════════════════


========== Direct Global Planning ==========
Algorithm: RLAMPSO
Start: [10.0, 95.0, 10.0]
Goal:  [97.0, 2.0, 10.0]
============================================


╔════════════════════════════════════════════════════════╗
║     RLAM-PSO Configuration (GPU-Optimized)            ║
╚════════════════════════════════════════════════════════╝

Mode: baseline

--- Features Enabled ---
  Transformer State: OFF (state: 15D)
  TD3:               OFF
  PER:               OFF
  Curriculum:        OFF

--- Compute Configuration ---
  Mode:              GPU-Optimized Sequential
  GPU:               OFF (CPU fallback)
  Parallel:          OFF (disabled for dlnetwork compatibility)

--- Training Parameters ---
  Episodes:          100
  Population:        40
  Max Iterations:    600
  Batch Size:        256 (GPU-optimized)
  Actor LR:          0.00010
  Critic LR:         0.00100

--- GPU Optimization (2025) ---
  Gradient Steps/Call:  1
  Train Every:          1 iterations
  Mid-Episode Training: ON
  Estimated UTD Ratio:  ~600.0

════════════════════════════════════════════════════════


╔════════════════════════════════════════════════════════╗
║     RLAM-PSO Configuration (GPU-Optimized)            ║
╚════════════════════════════════════════════════════════╝

Mode: baseline

--- Features Enabled ---
  Transformer State: OFF (state: 15D)
  TD3:               OFF
  PER:               OFF
  Curriculum:        OFF

--- Compute Configuration ---
  Mode:              GPU-Optimized Sequential
  GPU:               OFF (CPU fallback)
  Parallel:          OFF (disabled for dlnetwork compatibility)

--- Training Parameters ---
  Episodes:          100
  Population:        40
  Max Iterations:    600
  Batch Size:        256 (GPU-optimized)
  Actor LR:          0.00010
  Critic LR:         0.00100

--- GPU Optimization (2025) ---
  Gradient Steps/Call:  1
  Train Every:          1 iterations
  Mid-Episode Training: ON
  Estimated UTD Ratio:  ~600.0

════════════════════════════════════════════════════════

[ACTION DEBUG iter 100] Raw action[1:3]: [-0.0882, 0.8995, 0.4334], noise: 0.0500
[RLAMPSO DEBUG iter 100] w=0.4909, c1=2.0904, c2=1.8902 | fitness=1847.20
[REWARD DEBUG iter 100] FitnessImprovement: 0.6955 → Reward: +1.0000 (prevFit=1847.20, currFit=1846.51)
[ACTION DEBUG iter 100] Raw action[1:3]: [-0.3333, 0.1842, -0.5219], noise: 0.0500
[RLAMPSO DEBUG iter 100] w=0.3614, c1=1.8617, c2=1.3566 | fitness=2311.42
[REWARD DEBUG iter 100] FitnessImprovement: 0.0903 → Reward: +1.0000 (prevFit=2311.42, currFit=2311.33)
[ACTION DEBUG iter 100] Raw action[1:3]: [-0.1051, -0.3653, 0.1608], noise: 0.0500
[RLAMPSO DEBUG iter 100] w=0.4531, c1=1.7531, c2=1.8956 | fitness=1818.41
[REWARD DEBUG iter 100] FitnessImprovement: 0.0000 → Reward: -1.0000 (prevFit=1818.41, currFit=1818.41)
[ACTION DEBUG iter 100] Raw action[1:3]: [0.3837, -0.1287, 0.2495], noise: 0.0500
[RLAMPSO DEBUG iter 100] w=0.5337, c1=1.7401, c2=1.9130 | fitness=1709.75
[ACTION DEBUG iter 100] Raw action[1:3]: [0.1739, -0.1115, 0.6846], noise: 0.0500
[RLAMPSO DEBUG iter 100] w=0.5654, c1=2.3660, c2=2.3729 | fitness=1662.11
[REWARD DEBUG iter 100] FitnessImprovement: 0.4678 → Reward: +1.0000 (prevFit=1662.11, currFit=1661.64)
[ACTION DEBUG iter 100] Raw action[1:3]: [0.2790, 0.4670, 0.4838], noise: 0.0500
[RLAMPSO DEBUG iter 100] w=0.4434, c1=1.6757, c2=1.7836 | fitness=2237.92
[REWARD DEBUG iter 100] FitnessImprovement: 2.2560 → Reward: +1.0000 (prevFit=2237.92, currFit=2235.66)
[ACTION DEBUG iter 100] Raw action[1:3]: [0.0838, -0.1271, 0.0478], noise: 0.0500
[RLAMPSO DEBUG iter 100] w=0.4310, c1=1.9230, c2=2.4553 | fitness=1705.33
[REWARD DEBUG iter 100] FitnessImprovement: 0.4852 → Reward: +1.0000 (prevFit=1705.33, currFit=1704.84)
[ACTION DEBUG iter 100] Raw action[1:3]: [-0.6565, 0.0045, -0.6035], noise: 0.0500
[RLAMPSO DEBUG iter 100] w=0.4232, c1=1.7426, c2=1.9313 | fitness=1700.14
[REWARD DEBUG iter 100] FitnessImprovement: 0.0000 → Reward: -1.0000 (prevFit=1700.14, currFit=1700.14)
[ACTION DEBUG iter 100] Raw action[1:3]: [-0.3154, 0.0435, 0.6436], noise: 0.0500
[RLAMPSO DEBUG iter 100] w=0.3809, c1=1.6692, c2=1.6048 | fitness=1700.20
[REWARD DEBUG iter 100] FitnessImprovement: 0.0008 → Reward: +1.0000 (prevFit=1700.20, currFit=1700.20)
[ACTION DEBUG iter 100] Raw action[1:3]: [0.9536, 0.0259, -0.1310], noise: 0.0500
[RLAMPSO DEBUG iter 100] w=0.7132, c1=1.8925, c2=1.8494 | fitness=1670.01
[REWARD DEBUG iter 100] FitnessImprovement: 2.0997 → Reward: +1.0000 (prevFit=1670.01, currFit=1667.91)
[ACTION DEBUG iter 100] Raw action[1:3]: [-0.3740, -0.4533, -0.1894], noise: 0.0500
[RLAMPSO DEBUG iter 100] w=0.4508, c1=1.8924, c2=2.0069 | fitness=1649.74
[REWARD DEBUG iter 100] FitnessImprovement: 0.4076 → Reward: +1.0000 (prevFit=1709.75, currFit=1709.34)
[ACTION DEBUG iter 100] Raw action[1:3]: [0.0833, -0.0362, 0.4241], noise: 0.0500
[RLAMPSO DEBUG iter 100] w=0.4507, c1=2.3132, c2=2.2536 | fitness=1761.82
[REWARD DEBUG iter 100] FitnessImprovement: 0.0000 → Reward: -1.0000 (prevFit=1761.82, currFit=1761.82)
[ACTION DEBUG iter 100] Raw action[1:3]: [-0.2520, -0.0470, 0.2187], noise: 0.0500
[RLAMPSO DEBUG iter 100] w=0.5903, c1=2.4700, c2=1.8145 | fitness=1789.15
[REWARD DEBUG iter 100] FitnessImprovement: 0.0380 → Reward: +1.0000 (prevFit=1789.15, currFit=1789.11)
[REWARD DEBUG iter 100] FitnessImprovement: 0.0045 → Reward: +1.0000 (prevFit=1649.74, currFit=1649.73)
[ACTION DEBUG iter 100] Raw action[1:3]: [-0.4189, 0.0481, -0.2179], noise: 0.0500
[RLAMPSO DEBUG iter 100] w=0.3950, c1=2.0640, c2=1.6085 | fitness=1840.56
[REWARD DEBUG iter 100] FitnessImprovement: 9.3599 → Reward: +1.0000 (prevFit=1840.56, currFit=1831.20)
[ACTION DEBUG iter 200] Raw action[1:3]: [0.4285, 0.7059, -0.1794], noise: 0.0500
[RLAMPSO DEBUG iter 200] w=0.5109, c1=1.9321, c2=1.9497 | fitness=1730.69
[ACTION DEBUG iter 200] Raw action[1:3]: [-0.4267, -0.3373, -0.4149], noise: 0.0500
[RLAMPSO DEBUG iter 200] w=0.4674, c1=1.9842, c2=1.8161 | fitness=1611.84
[REWARD DEBUG iter 200] FitnessImprovement: 0.0103 → Reward: +1.0000 (prevFit=1611.84, currFit=1611.83)
[ACTION DEBUG iter 200] Raw action[1:3]: [-0.1486, -0.1077, -0.4417], noise: 0.0500
[RLAMPSO DEBUG iter 200] w=0.4903, c1=1.8002, c2=1.6177 | fitness=2240.92
[REWARD DEBUG iter 200] FitnessImprovement: 0.0117 → Reward: +1.0000 (prevFit=2240.92, currFit=2240.91)
[ACTION DEBUG iter 200] Raw action[1:3]: [-0.0776, -0.2900, 0.1638], noise: 0.0500
[RLAMPSO DEBUG iter 200] w=0.4508, c1=1.3805, c2=1.8895 | fitness=1797.88
[REWARD DEBUG iter 200] FitnessImprovement: 0.0956 → Reward: +1.0000 (prevFit=1797.88, currFit=1797.79)
[ACTION DEBUG iter 200] Raw action[1:3]: [0.4723, 0.1150, 0.4608], noise: 0.0500
[RLAMPSO DEBUG iter 200] w=0.5888, c1=1.9225, c2=1.8919 | fitness=1704.08
[REWARD DEBUG iter 200] FitnessImprovement: 0.0035 → Reward: +1.0000 (prevFit=1704.08, currFit=1704.08)
[ACTION DEBUG iter 200] Raw action[1:3]: [-0.2452, 0.2965, 0.3876], noise: 0.0500
[RLAMPSO DEBUG iter 200] w=0.3605, c1=1.8302, c2=2.0810 | fitness=2212.64
[REWARD DEBUG iter 200] FitnessImprovement: 0.0000 → Reward: -1.0000 (prevFit=2212.64, currFit=2212.64)
[ACTION DEBUG iter 200] Raw action[1:3]: [0.4637, -0.2995, 0.0993], noise: 0.0500
[RLAMPSO DEBUG iter 200] w=0.4128, c1=1.9533, c2=2.2538 | fitness=1640.54
[REWARD DEBUG iter 200] FitnessImprovement: 0.0000 → Reward: -1.0000 (prevFit=1640.54, currFit=1640.54)
[ACTION DEBUG iter 200] Raw action[1:3]: [-0.2740, -0.3499, 0.5342], noise: 0.0500
[RLAMPSO DEBUG iter 200] w=0.4272, c1=1.4730, c2=1.8331 | fitness=1727.69
[ACTION DEBUG iter 200] Raw action[1:3]: [-0.5117, -0.4045, -0.0141], noise: 0.0500
[RLAMPSO DEBUG iter 200] w=0.4411, c1=1.7870, c2=2.1361 | fitness=1649.86
[REWARD DEBUG iter 200] FitnessImprovement: 0.0000 → Reward: -1.0000 (prevFit=1649.86, currFit=1649.86)
[ACTION DEBUG iter 200] Raw action[1:3]: [-0.2210, 0.0053, 0.4816], noise: 0.0500
[RLAMPSO DEBUG iter 200] w=0.3938, c1=1.6318, c2=1.8329 | fitness=1669.96
[REWARD DEBUG iter 200] FitnessImprovement: 0.1753 → Reward: +1.0000 (prevFit=1669.96, currFit=1669.78)
[REWARD DEBUG iter 200] FitnessImprovement: 0.0000 → Reward: -1.0000 (prevFit=1730.69, currFit=1730.69)
[ACTION DEBUG iter 200] Raw action[1:3]: [0.4522, 0.1284, 0.7471], noise: 0.0500
[RLAMPSO DEBUG iter 200] w=0.5644, c1=1.9144, c2=2.2398 | fitness=1648.39
[REWARD DEBUG iter 200] FitnessImprovement: 0.0478 → Reward: +1.0000 (prevFit=1648.39, currFit=1648.34)
[ACTION DEBUG iter 200] Raw action[1:3]: [0.0743, 0.3934, -0.3443], noise: 0.0500
[ACTION DEBUG iter 200] WARNING: 2/20 actions clipped (network saturating)
[RLAMPSO DEBUG iter 200] w=0.4851, c1=2.1887, c2=1.9839 | fitness=1748.95
[REWARD DEBUG iter 200] FitnessImprovement: 1.9255 → Reward: +1.0000 (prevFit=1748.95, currFit=1747.03)
[ACTION DEBUG iter 200] Raw action[1:3]: [0.3513, -0.6615, 0.1814], noise: 0.0500
[RLAMPSO DEBUG iter 200] w=0.5555, c1=2.0032, c2=1.6312 | fitness=1745.45
[REWARD DEBUG iter 200] FitnessImprovement: 0.0709 → Reward: +1.0000 (prevFit=1745.45, currFit=1745.38)
[REWARD DEBUG iter 200] FitnessImprovement: 0.1776 → Reward: +1.0000 (prevFit=1727.69, currFit=1727.52)
[ACTION DEBUG iter 200] Raw action[1:3]: [0.8807, 0.6944, -0.6634], noise: 0.0500
[RLAMPSO DEBUG iter 200] w=0.6839, c1=1.8884, c2=1.6067 | fitness=1651.00
[REWARD DEBUG iter 200] FitnessImprovement: 0.4997 → Reward: +1.0000 (prevFit=1651.00, currFit=1650.50)
[ACTION DEBUG iter 300] Raw action[1:3]: [-0.3419, -0.3213, 0.2936], noise: 0.0500
[RLAMPSO DEBUG iter 300] w=0.4553, c1=1.6344, c2=1.6429 | fitness=1792.27
[REWARD DEBUG iter 300] FitnessImprovement: 0.0000 → Reward: -1.0000 (prevFit=1792.27, currFit=1792.27)
[ACTION DEBUG iter 300] Raw action[1:3]: [-0.4995, 0.0198, 0.7010], noise: 0.0500
[RLAMPSO DEBUG iter 300] w=0.4805, c1=1.6947, c2=1.8829 | fitness=1629.76
[REWARD DEBUG iter 300] FitnessImprovement: 0.0000 → Reward: -1.0000 (prevFit=1629.76, currFit=1629.76)
[ACTION DEBUG iter 300] Raw action[1:3]: [0.3422, 0.6283, 0.7403], noise: 0.0500
[RLAMPSO DEBUG iter 300] w=0.4649, c1=1.6352, c2=1.8366 | fitness=1916.76
[ACTION DEBUG iter 300] Raw action[1:3]: [-0.4088, -0.0371, 0.2504], noise: 0.0500
[RLAMPSO DEBUG iter 300] w=0.4014, c1=1.6417, c2=1.5934 | fitness=1720.42
[REWARD DEBUG iter 300] FitnessImprovement: 0.0009 → Reward: +1.0000 (prevFit=1720.42, currFit=1720.42)
[ACTION DEBUG iter 300] Raw action[1:3]: [-0.8660, 0.0813, -0.3390], noise: 0.0500
[ACTION DEBUG iter 300] WARNING: 2/20 actions clipped (network saturating)
[RLAMPSO DEBUG iter 300] w=0.4059, c1=2.0201, c2=2.4844 | fitness=1640.41
[REWARD DEBUG iter 300] FitnessImprovement: 0.0000 → Reward: -1.0000 (prevFit=1640.41, currFit=1640.41)
[ACTION DEBUG iter 300] Raw action[1:3]: [-0.0831, 0.8272, -0.3772], noise: 0.0500
[RLAMPSO DEBUG iter 300] w=0.4976, c1=1.9361, c2=1.5069 | fitness=1716.29
[REWARD DEBUG iter 300] FitnessImprovement: 0.0074 → Reward: +1.0000 (prevFit=1716.29, currFit=1716.28)
[ACTION DEBUG iter 300] Raw action[1:3]: [-0.5508, 0.2921, -0.4032], noise: 0.0500
[RLAMPSO DEBUG iter 300] w=0.3048, c1=1.6613, c2=0.9658 | fitness=1962.10
[ACTION DEBUG iter 300] Raw action[1:3]: [0.0446, 0.1959, 0.3928], noise: 0.0500
[RLAMPSO DEBUG iter 300] w=0.4718, c1=1.9686, c2=1.8512 | fitness=1730.86
[ACTION DEBUG iter 300] Raw action[1:3]: [0.2845, -0.5724, 0.7702], noise: 0.0500
[RLAMPSO DEBUG iter 300] w=0.6856, c1=2.2268, c2=1.8501 | fitness=1744.14
[REWARD DEBUG iter 300] FitnessImprovement: 0.0000 → Reward: -1.0000 (prevFit=1744.14, currFit=1744.14)
[ACTION DEBUG iter 300] Raw action[1:3]: [-0.0367, -0.1759, 0.1754], noise: 0.0500
[RLAMPSO DEBUG iter 300] w=0.4953, c1=1.7776, c2=1.4215 | fitness=1657.49
[REWARD DEBUG iter 300] FitnessImprovement: 0.0000 → Reward: -1.0000 (prevFit=1657.49, currFit=1657.49)
[ACTION DEBUG iter 300] Raw action[1:3]: [-0.7817, -0.0236, -0.0588], noise: 0.0500
[RLAMPSO DEBUG iter 300] w=0.5040, c1=1.7631, c2=1.7324 | fitness=1609.44
[REWARD DEBUG iter 300] FitnessImprovement: 0.0000 → Reward: +1.0000 (prevFit=1609.44, currFit=1609.44)
[REWARD DEBUG iter 300] FitnessImprovement: 0.1624 → Reward: +1.0000 (prevFit=1962.10, currFit=1961.94)
[ACTION DEBUG iter 300] Raw action[1:3]: [0.5774, -0.6065, 0.6579], noise: 0.0500
[RLAMPSO DEBUG iter 300] w=0.6269, c1=1.4213, c2=1.7000 | fitness=1703.99
[REWARD DEBUG iter 300] FitnessImprovement: 0.0000 → Reward: -1.0000 (prevFit=1703.99, currFit=1703.99)
[REWARD DEBUG iter 300] FitnessImprovement: 8.9856 → Reward: +1.0000 (prevFit=1916.76, currFit=1907.77)
[REWARD DEBUG iter 300] FitnessImprovement: 0.0748 → Reward: +1.0000 (prevFit=1730.86, currFit=1730.78)
[ACTION DEBUG iter 300] Raw action[1:3]: [0.2646, -0.0691, -0.2489], noise: 0.0500
[RLAMPSO DEBUG iter 300] w=0.3106, c1=1.8765, c2=2.3924 | fitness=1623.84
[REWARD DEBUG iter 300] FitnessImprovement: 0.1851 → Reward: +1.0000 (prevFit=1623.84, currFit=1623.66)
[ACTION DEBUG iter 300] Raw action[1:3]: [0.9847, 0.5553, -0.7160], noise: 0.0500
[ACTION DEBUG iter 300] WARNING: 2/20 actions clipped (network saturating)
[RLAMPSO DEBUG iter 300] w=0.8409, c1=1.4509, c2=1.1094 | fitness=1644.00
[REWARD DEBUG iter 300] FitnessImprovement: 0.0000 → Reward: -1.0000 (prevFit=1644.00, currFit=1644.00)
