========================================
  PSO Algorithm Comparison Launcher
========================================

Execution mode: parallel
Independent runs: 30
Logging to: /Users/hust-hwashin621m/Desktop/vietanhpaper-2/outputs/logs/run_comparison_2026-03-11_09-52-56.log

Initialising parallel pool (parallel mode)...
Running in PARALLEL mode
========================================
  PSO Algorithm Comparison Launcher
========================================

Execution mode: parallel
Independent runs: 30
Logging to: /Users/hust-hwashin621m/Desktop/vietanhpaper-2/outputs/logs/run_comparison_2026-03-11_09-52-56.log

Initialising parallel pool (parallel mode)...
Running in PARALLEL mode
Cleaning up 1 stale local cluster job(s) before parpool.
Cleaning up 1 stale local cluster job(s) before parpool.
Initializing parallel pool with 14 workers (from VIETANH_PARPOOL_WORKERS)...
Initializing parallel pool with 14 workers (from VIETANH_PARPOOL_WORKERS)...
Starting parallel pool (parpool) using the 'Processes' profile ...
Starting parallel pool (parpool) using the 'Processes' profile ...
Connected to parallel pool with 14 workers.
Connected to parallel pool with 14 workers.
Parallel pool initialized successfully with 14 workers.

==========================================================
Scenario 1: terrainStruct_c_100 - Simple
Terrain: /Users/hust-hwashin621m/Desktop/vietanhpaper-2/data/terrainStruct_c_100.mat
Danger Zones: 0
==========================================================
Executing 30 runs for 8 parallel-safe algorithms...

========== Direct Global Planning ==========
Algorithm: RRSACPSO
Start: [0.0, 0.0, 10.0]
Goal:  [200.0, 200.0, 10.0]
============================================


========== Direct Global Planning ==========
Algorithm: RRSACPSO
Start: [0.0, 0.0, 10.0]
Goal:  [200.0, 200.0, 10.0]
============================================


========== Direct Global Planning ==========
Algorithm: RRSACPSO
Start: [0.0, 0.0, 10.0]
Goal:  [200.0, 200.0, 10.0]
============================================


╔══════════════════════════════════════════════════════════╗
║              RRSACPSO Global Path Planning              ║
╚══════════════════════════════════════════════════════════╝


========== Direct Global Planning ==========
Algorithm: RRSACPSO
Start: [0.0, 0.0, 10.0]
Goal:  [200.0, 200.0, 10.0]
============================================


╔══════════════════════════════════════════════════════════╗
║              RRSACPSO Global Path Planning              ║
╚══════════════════════════════════════════════════════════╝


========== Direct Global Planning ==========
Algorithm: RRSACPSO
Start: [0.0, 0.0, 10.0]
Goal:  [200.0, 200.0, 10.0]
============================================


========== Direct Global Planning ==========
Algorithm: RRSACPSO
Start: [0.0, 0.0, 10.0]
Goal:  [200.0, 200.0, 10.0]
============================================


╔══════════════════════════════════════════════════════════╗
║              RRSACPSO Global Path Planning              ║
╚══════════════════════════════════════════════════════════╝


========== Direct Global Planning ==========
Algorithm: RRSACPSO
Start: [0.0, 0.0, 10.0]
Goal:  [200.0, 200.0, 10.0]
============================================


╔══════════════════════════════════════════════════════════╗
║              RRSACPSO Global Path Planning              ║
╚══════════════════════════════════════════════════════════╝


========== Direct Global Planning ==========
Algorithm: RRSACPSO
Start: [0.0, 0.0, 10.0]
Goal:  [200.0, 200.0, 10.0]
============================================


========== Direct Global Planning ==========
Algorithm: RRSACPSO
Start: [0.0, 0.0, 10.0]
Goal:  [200.0, 200.0, 10.0]
============================================


╔══════════════════════════════════════════════════════════╗
║              RRSACPSO Global Path Planning              ║
╚══════════════════════════════════════════════════════════╝


========== Direct Global Planning ==========
Algorithm: RRSACPSO
Start: [0.0, 0.0, 10.0]
Goal:  [200.0, 200.0, 10.0]
============================================


╔══════════════════════════════════════════════════════════╗
║              RRSACPSO Global Path Planning              ║
╚══════════════════════════════════════════════════════════╝


========== Direct Global Planning ==========
Algorithm: RRSACPSO
Start: [0.0, 0.0, 10.0]
Goal:  [200.0, 200.0, 10.0]
============================================


╔══════════════════════════════════════════════════════════╗
║              RRSACPSO Global Path Planning              ║
╚══════════════════════════════════════════════════════════╝


========== Direct Global Planning ==========
Algorithm: RRSACPSO
Start: [0.0, 0.0, 10.0]
Goal:  [200.0, 200.0, 10.0]
============================================


========== Direct Global Planning ==========
Algorithm: RRSACPSO
Start: [0.0, 0.0, 10.0]
Goal:  [200.0, 200.0, 10.0]
============================================


╔══════════════════════════════════════════════════════════╗
║              RRSACPSO Global Path Planning              ║
╚══════════════════════════════════════════════════════════╝


========== Direct Global Planning ==========
Algorithm: RRSACPSO
Start: [0.0, 0.0, 10.0]
Goal:  [200.0, 200.0, 10.0]
============================================


╔══════════════════════════════════════════════════════════╗
║              RRSACPSO Global Path Planning              ║
╚══════════════════════════════════════════════════════════╝

Parallel pool initialized successfully with 14 workers.

==========================================================
Scenario 1: terrainStruct_c_100 - Simple
Terrain: /Users/hust-hwashin621m/Desktop/vietanhpaper-2/data/terrainStruct_c_100.mat
Danger Zones: 0
==========================================================
Executing 30 runs for 6 parallel-safe algorithms...

╔══════════════════════════════════════════════════════════╗
║              RRSACPSO Global Path Planning              ║
╚══════════════════════════════════════════════════════════╝


╔══════════════════════════════════════════════════════════╗
║              RRSACPSO Global Path Planning              ║
╚══════════════════════════════════════════════════════════╝


╔══════════════════════════════════════════════════════════╗
║              RRSACPSO Global Path Planning              ║
╚══════════════════════════════════════════════════════════╝


╔══════════════════════════════════════════════════════════╗
║              RRSACPSO Global Path Planning              ║
╚══════════════════════════════════════════════════════════╝


╔══════════════════════════════════════════════════════════╗
║              RRSACPSO Global Path Planning              ║
╚══════════════════════════════════════════════════════════╝


========== Direct Global Planning ==========
Algorithm: RLAMPSO
Start: [0.0, 0.0, 10.0]
Goal:  [200.0, 200.0, 10.0]
============================================


========== Direct Global Planning ==========
Algorithm: RLAMPSO
Start: [0.0, 0.0, 10.0]
Goal:  [200.0, 200.0, 10.0]
============================================


╔════════════════════════════════════════════════════════╗
║     RLAM-PSO Configuration (GPU-Optimized)            ║
╚════════════════════════════════════════════════════════╝

Mode: baseline

--- Features Enabled ---
  Transformer State: OFF (state: 15D)
  TD3:               OFF
  PER:               OFF
  Curriculum:        OFF

--- Compute Configuration ---
  Mode:              GPU-Optimized Sequential
  GPU:               OFF (CPU fallback)
  Parallel:          OFF (disabled for dlnetwork compatibility)

--- Training Parameters ---
  Episodes:          100
  Population:        40
  Max Iterations:    600
  Batch Size:        256 (GPU-optimized)
  Actor LR:          0.00010
  Critic LR:         0.00100

--- GPU Optimization (2025) ---
  Gradient Steps/Call:  1
  Train Every:          1 iterations
  Mid-Episode Training: ON
  Estimated UTD Ratio:  ~600.0

════════════════════════════════════════════════════════


╔════════════════════════════════════════════════════════╗
║     RLAM-PSO Configuration (GPU-Optimized)            ║
╚════════════════════════════════════════════════════════╝

Mode: baseline

--- Features Enabled ---
  Transformer State: OFF (state: 15D)
  TD3:               OFF
  PER:               OFF
  Curriculum:        OFF

--- Compute Configuration ---
  Mode:              GPU-Optimized Sequential
  GPU:               OFF (CPU fallback)
  Parallel:          OFF (disabled for dlnetwork compatibility)

--- Training Parameters ---
  Episodes:          100
  Population:        40
  Max Iterations:    600
  Batch Size:        256 (GPU-optimized)
  Actor LR:          0.00010
  Critic LR:         0.00100

--- GPU Optimization (2025) ---
  Gradient Steps/Call:  1
  Train Every:          1 iterations
  Mid-Episode Training: ON
  Estimated UTD Ratio:  ~600.0

════════════════════════════════════════════════════════


========== Direct Global Planning ==========
Algorithm: RLAMPSO
Start: [0.0, 0.0, 10.0]
Goal:  [200.0, 200.0, 10.0]
============================================


========== Direct Global Planning ==========
Algorithm: RLAMPSO
Start: [0.0, 0.0, 10.0]
Goal:  [200.0, 200.0, 10.0]
============================================


========== Direct Global Planning ==========
Algorithm: RLAMPSO
Start: [0.0, 0.0, 10.0]
Goal:  [200.0, 200.0, 10.0]
============================================


========== Direct Global Planning ==========
Algorithm: RLAMPSO
Start: [0.0, 0.0, 10.0]
Goal:  [200.0, 200.0, 10.0]
============================================


========== Direct Global Planning ==========
Algorithm: RLAMPSO
Start: [0.0, 0.0, 10.0]
Goal:  [200.0, 200.0, 10.0]
============================================


========== Direct Global Planning ==========
Algorithm: RLAMPSO
Start: [0.0, 0.0, 10.0]
Goal:  [200.0, 200.0, 10.0]
============================================


========== Direct Global Planning ==========
Algorithm: RLAMPSO
Start: [0.0, 0.0, 10.0]
Goal:  [200.0, 200.0, 10.0]
============================================


========== Direct Global Planning ==========
Algorithm: RLAMPSO
Start: [0.0, 0.0, 10.0]
Goal:  [200.0, 200.0, 10.0]
============================================


╔════════════════════════════════════════════════════════╗
║     RLAM-PSO Configuration (GPU-Optimized)            ║
╚════════════════════════════════════════════════════════╝

Mode: baseline

--- Features Enabled ---
  Transformer State: OFF (state: 15D)
  TD3:               OFF
  PER:               OFF
  Curriculum:        OFF

--- Compute Configuration ---
  Mode:              GPU-Optimized Sequential
  GPU:               OFF (CPU fallback)
  Parallel:          OFF (disabled for dlnetwork compatibility)

--- Training Parameters ---
  Episodes:          100
  Population:        40
  Max Iterations:    600
  Batch Size:        256 (GPU-optimized)
  Actor LR:          0.00010
  Critic LR:         0.00100

--- GPU Optimization (2025) ---
  Gradient Steps/Call:  1
  Train Every:          1 iterations
  Mid-Episode Training: ON
  Estimated UTD Ratio:  ~600.0

════════════════════════════════════════════════════════


========== Direct Global Planning ==========
Algorithm: RLAMPSO
Start: [0.0, 0.0, 10.0]
Goal:  [200.0, 200.0, 10.0]
============================================


========== Direct Global Planning ==========
Algorithm: RLAMPSO
Start: [0.0, 0.0, 10.0]
Goal:  [200.0, 200.0, 10.0]
============================================


╔════════════════════════════════════════════════════════╗
║     RLAM-PSO Configuration (GPU-Optimized)            ║
╚════════════════════════════════════════════════════════╝

Mode: baseline

--- Features Enabled ---
  Transformer State: OFF (state: 15D)
  TD3:               OFF
  PER:               OFF
  Curriculum:        OFF

--- Compute Configuration ---
  Mode:              GPU-Optimized Sequential
  GPU:               OFF (CPU fallback)
  Parallel:          OFF (disabled for dlnetwork compatibility)

--- Training Parameters ---
  Episodes:          100
  Population:        40
  Max Iterations:    600
  Batch Size:        256 (GPU-optimized)
  Actor LR:          0.00010
  Critic LR:         0.00100

--- GPU Optimization (2025) ---
  Gradient Steps/Call:  1
  Train Every:          1 iterations
  Mid-Episode Training: ON
  Estimated UTD Ratio:  ~600.0

════════════════════════════════════════════════════════


╔════════════════════════════════════════════════════════╗
║     RLAM-PSO Configuration (GPU-Optimized)            ║
╚════════════════════════════════════════════════════════╝

Mode: baseline

--- Features Enabled ---
  Transformer State: OFF (state: 15D)
  TD3:               OFF
  PER:               OFF
  Curriculum:        OFF

--- Compute Configuration ---
  Mode:              GPU-Optimized Sequential
  GPU:               OFF (CPU fallback)
  Parallel:          OFF (disabled for dlnetwork compatibility)

--- Training Parameters ---
  Episodes:          100
  Population:        40
  Max Iterations:    600
  Batch Size:        256 (GPU-optimized)
  Actor LR:          0.00010
  Critic LR:         0.00100

--- GPU Optimization (2025) ---
  Gradient Steps/Call:  1
  Train Every:          1 iterations
  Mid-Episode Training: ON
  Estimated UTD Ratio:  ~600.0

════════════════════════════════════════════════════════


╔════════════════════════════════════════════════════════╗
║     RLAM-PSO Configuration (GPU-Optimized)            ║
╚════════════════════════════════════════════════════════╝

Mode: baseline

--- Features Enabled ---
  Transformer State: OFF (state: 15D)
  TD3:               OFF
  PER:               OFF
  Curriculum:        OFF

--- Compute Configuration ---
  Mode:              GPU-Optimized Sequential
  GPU:               OFF (CPU fallback)
  Parallel:          OFF (disabled for dlnetwork compatibility)

--- Training Parameters ---
  Episodes:          100
  Population:        40
  Max Iterations:    600
  Batch Size:        256 (GPU-optimized)
  Actor LR:          0.00010
  Critic LR:         0.00100

--- GPU Optimization (2025) ---
  Gradient Steps/Call:  1
  Train Every:          1 iterations
  Mid-Episode Training: ON
  Estimated UTD Ratio:  ~600.0

════════════════════════════════════════════════════════


========== Direct Global Planning ==========
Algorithm: RLAMPSO
Start: [0.0, 0.0, 10.0]
Goal:  [200.0, 200.0, 10.0]
============================================


╔════════════════════════════════════════════════════════╗
║     RLAM-PSO Configuration (GPU-Optimized)            ║
╚════════════════════════════════════════════════════════╝

Mode: baseline

--- Features Enabled ---
  Transformer State: OFF (state: 15D)
  TD3:               OFF
  PER:               OFF
  Curriculum:        OFF

--- Compute Configuration ---
  Mode:              GPU-Optimized Sequential
  GPU:               OFF (CPU fallback)
  Parallel:          OFF (disabled for dlnetwork compatibility)

--- Training Parameters ---
  Episodes:          100
  Population:        40
  Max Iterations:    600
  Batch Size:        256 (GPU-optimized)
  Actor LR:          0.00010
  Critic LR:         0.00100

--- GPU Optimization (2025) ---
  Gradient Steps/Call:  1
  Train Every:          1 iterations
  Mid-Episode Training: ON
  Estimated UTD Ratio:  ~600.0

════════════════════════════════════════════════════════


╔════════════════════════════════════════════════════════╗
║     RLAM-PSO Configuration (GPU-Optimized)            ║
╚════════════════════════════════════════════════════════╝

Mode: baseline

--- Features Enabled ---
  Transformer State: OFF (state: 15D)
  TD3:               OFF
  PER:               OFF
  Curriculum:        OFF

--- Compute Configuration ---
  Mode:              GPU-Optimized Sequential
  GPU:               OFF (CPU fallback)
  Parallel:          OFF (disabled for dlnetwork compatibility)

--- Training Parameters ---
  Episodes:          100
  Population:        40
  Max Iterations:    600
  Batch Size:        256 (GPU-optimized)
  Actor LR:          0.00010
  Critic LR:         0.00100

--- GPU Optimization (2025) ---
  Gradient Steps/Call:  1
  Train Every:          1 iterations
  Mid-Episode Training: ON
  Estimated UTD Ratio:  ~600.0

════════════════════════════════════════════════════════


╔════════════════════════════════════════════════════════╗
║     RLAM-PSO Configuration (GPU-Optimized)            ║
╚════════════════════════════════════════════════════════╝

Mode: baseline

--- Features Enabled ---
  Transformer State: OFF (state: 15D)
  TD3:               OFF
  PER:               OFF
  Curriculum:        OFF

--- Compute Configuration ---
  Mode:              GPU-Optimized Sequential
  GPU:               OFF (CPU fallback)
  Parallel:          OFF (disabled for dlnetwork compatibility)

--- Training Parameters ---
  Episodes:          100
  Population:        40
  Max Iterations:    600
  Batch Size:        256 (GPU-optimized)
  Actor LR:          0.00010
  Critic LR:         0.00100

--- GPU Optimization (2025) ---
  Gradient Steps/Call:  1
  Train Every:          1 iterations
  Mid-Episode Training: ON
  Estimated UTD Ratio:  ~600.0

════════════════════════════════════════════════════════


╔════════════════════════════════════════════════════════╗
║     RLAM-PSO Configuration (GPU-Optimized)            ║
╚════════════════════════════════════════════════════════╝

Mode: baseline

--- Features Enabled ---
  Transformer State: OFF (state: 15D)
  TD3:               OFF
  PER:               OFF
  Curriculum:        OFF

--- Compute Configuration ---
  Mode:              GPU-Optimized Sequential
  GPU:               OFF (CPU fallback)
  Parallel:          OFF (disabled for dlnetwork compatibility)

--- Training Parameters ---
  Episodes:          100
  Population:        40
  Max Iterations:    600
  Batch Size:        256 (GPU-optimized)
  Actor LR:          0.00010
  Critic LR:         0.00100

--- GPU Optimization (2025) ---
  Gradient Steps/Call:  1
  Train Every:          1 iterations
  Mid-Episode Training: ON
  Estimated UTD Ratio:  ~600.0

════════════════════════════════════════════════════════


╔════════════════════════════════════════════════════════╗
║     RLAM-PSO Configuration (GPU-Optimized)            ║
╚════════════════════════════════════════════════════════╝

Mode: baseline

--- Features Enabled ---
  Transformer State: OFF (state: 15D)
  TD3:               OFF
  PER:               OFF
  Curriculum:        OFF

--- Compute Configuration ---
  Mode:              GPU-Optimized Sequential
  GPU:               OFF (CPU fallback)
  Parallel:          OFF (disabled for dlnetwork compatibility)

--- Training Parameters ---
  Episodes:          100
  Population:        40
  Max Iterations:    600
  Batch Size:        256 (GPU-optimized)
  Actor LR:          0.00010
  Critic LR:         0.00100

--- GPU Optimization (2025) ---
  Gradient Steps/Call:  1
  Train Every:          1 iterations
  Mid-Episode Training: ON
  Estimated UTD Ratio:  ~600.0

════════════════════════════════════════════════════════


╔════════════════════════════════════════════════════════╗
║     RLAM-PSO Configuration (GPU-Optimized)            ║
╚════════════════════════════════════════════════════════╝

Mode: baseline

--- Features Enabled ---
  Transformer State: OFF (state: 15D)
  TD3:               OFF
  PER:               OFF
  Curriculum:        OFF

--- Compute Configuration ---
  Mode:              GPU-Optimized Sequential
  GPU:               OFF (CPU fallback)
  Parallel:          OFF (disabled for dlnetwork compatibility)

--- Training Parameters ---
  Episodes:          100
  Population:        40
  Max Iterations:    600
  Batch Size:        256 (GPU-optimized)
  Actor LR:          0.00010
  Critic LR:         0.00100

--- GPU Optimization (2025) ---
  Gradient Steps/Call:  1
  Train Every:          1 iterations
  Mid-Episode Training: ON
  Estimated UTD Ratio:  ~600.0

════════════════════════════════════════════════════════


╔════════════════════════════════════════════════════════╗
║     RLAM-PSO Configuration (GPU-Optimized)            ║
╚════════════════════════════════════════════════════════╝

Mode: baseline

--- Features Enabled ---
  Transformer State: OFF (state: 15D)
  TD3:               OFF
  PER:               OFF
  Curriculum:        OFF

--- Compute Configuration ---
  Mode:              GPU-Optimized Sequential
  GPU:               OFF (CPU fallback)
  Parallel:          OFF (disabled for dlnetwork compatibility)

--- Training Parameters ---
  Episodes:          100
  Population:        40
  Max Iterations:    600
  Batch Size:        256 (GPU-optimized)
  Actor LR:          0.00010
  Critic LR:         0.00100

--- GPU Optimization (2025) ---
  Gradient Steps/Call:  1
  Train Every:          1 iterations
  Mid-Episode Training: ON
  Estimated UTD Ratio:  ~600.0

════════════════════════════════════════════════════════


╔════════════════════════════════════════════════════════╗
║     RLAM-PSO Configuration (GPU-Optimized)            ║
╚════════════════════════════════════════════════════════╝

Mode: baseline

--- Features Enabled ---
  Transformer State: OFF (state: 15D)
  TD3:               OFF
  PER:               OFF
  Curriculum:        OFF

--- Compute Configuration ---
  Mode:              GPU-Optimized Sequential
  GPU:               OFF (CPU fallback)
  Parallel:          OFF (disabled for dlnetwork compatibility)

--- Training Parameters ---
  Episodes:          100
  Population:        40
  Max Iterations:    600
  Batch Size:        256 (GPU-optimized)
  Actor LR:          0.00010
  Critic LR:         0.00100

--- GPU Optimization (2025) ---
  Gradient Steps/Call:  1
  Train Every:          1 iterations
  Mid-Episode Training: ON
  Estimated UTD Ratio:  ~600.0

════════════════════════════════════════════════════════


╔════════════════════════════════════════════════════════╗
║     RLAM-PSO Configuration (GPU-Optimized)            ║
╚════════════════════════════════════════════════════════╝

Mode: baseline

--- Features Enabled ---
  Transformer State: OFF (state: 15D)
  TD3:               OFF
  PER:               OFF
  Curriculum:        OFF

--- Compute Configuration ---
  Mode:              GPU-Optimized Sequential
  GPU:               OFF (CPU fallback)
  Parallel:          OFF (disabled for dlnetwork compatibility)

--- Training Parameters ---
  Episodes:          100
  Population:        40
  Max Iterations:    600
  Batch Size:        256 (GPU-optimized)
  Actor LR:          0.00010
  Critic LR:         0.00100

--- GPU Optimization (2025) ---
  Gradient Steps/Call:  1
  Train Every:          1 iterations
  Mid-Episode Training: ON
  Estimated UTD Ratio:  ~600.0

════════════════════════════════════════════════════════


╔════════════════════════════════════════════════════════╗
║     RLAM-PSO Configuration (GPU-Optimized)            ║
╚════════════════════════════════════════════════════════╝

Mode: baseline

--- Features Enabled ---
  Transformer State: OFF (state: 15D)
  TD3:               OFF
  PER:               OFF
  Curriculum:        OFF

--- Compute Configuration ---
  Mode:              GPU-Optimized Sequential
  GPU:               OFF (CPU fallback)
  Parallel:          OFF (disabled for dlnetwork compatibility)

--- Training Parameters ---
  Episodes:          100
  Population:        40
  Max Iterations:    600
  Batch Size:        256 (GPU-optimized)
  Actor LR:          0.00010
  Critic LR:         0.00100

--- GPU Optimization (2025) ---
  Gradient Steps/Call:  1
  Train Every:          1 iterations
  Mid-Episode Training: ON
  Estimated UTD Ratio:  ~600.0

════════════════════════════════════════════════════════


╔════════════════════════════════════════════════════════╗
║     RLAM-PSO Configuration (GPU-Optimized)            ║
╚════════════════════════════════════════════════════════╝

Mode: baseline

--- Features Enabled ---
  Transformer State: OFF (state: 15D)
  TD3:               OFF
  PER:               OFF
  Curriculum:        OFF

--- Compute Configuration ---
  Mode:              GPU-Optimized Sequential
  GPU:               OFF (CPU fallback)
  Parallel:          OFF (disabled for dlnetwork compatibility)

--- Training Parameters ---
  Episodes:          100
  Population:        40
  Max Iterations:    600
  Batch Size:        256 (GPU-optimized)
  Actor LR:          0.00010
  Critic LR:         0.00100

--- GPU Optimization (2025) ---
  Gradient Steps/Call:  1
  Train Every:          1 iterations
  Mid-Episode Training: ON
  Estimated UTD Ratio:  ~600.0

════════════════════════════════════════════════════════


╔════════════════════════════════════════════════════════╗
║     RLAM-PSO Configuration (GPU-Optimized)            ║
╚════════════════════════════════════════════════════════╝

Mode: baseline

--- Features Enabled ---
  Transformer State: OFF (state: 15D)
  TD3:               OFF
  PER:               OFF
  Curriculum:        OFF

--- Compute Configuration ---
  Mode:              GPU-Optimized Sequential
  GPU:               OFF (CPU fallback)
  Parallel:          OFF (disabled for dlnetwork compatibility)

--- Training Parameters ---
  Episodes:          100
  Population:        40
  Max Iterations:    600
  Batch Size:        256 (GPU-optimized)
  Actor LR:          0.00010
  Critic LR:         0.00100

--- GPU Optimization (2025) ---
  Gradient Steps/Call:  1
  Train Every:          1 iterations
  Mid-Episode Training: ON
  Estimated UTD Ratio:  ~600.0

════════════════════════════════════════════════════════


╔════════════════════════════════════════════════════════╗
║     RLAM-PSO Configuration (GPU-Optimized)            ║
╚════════════════════════════════════════════════════════╝

Mode: baseline

--- Features Enabled ---
  Transformer State: OFF (state: 15D)
  TD3:               OFF
  PER:               OFF
  Curriculum:        OFF

--- Compute Configuration ---
  Mode:              GPU-Optimized Sequential
  GPU:               OFF (CPU fallback)
  Parallel:          OFF (disabled for dlnetwork compatibility)

--- Training Parameters ---
  Episodes:          100
  Population:        40
  Max Iterations:    600
  Batch Size:        256 (GPU-optimized)
  Actor LR:          0.00010
  Critic LR:         0.00100

--- GPU Optimization (2025) ---
  Gradient Steps/Call:  1
  Train Every:          1 iterations
  Mid-Episode Training: ON
  Estimated UTD Ratio:  ~600.0

════════════════════════════════════════════════════════


========== Direct Global Planning ==========
Algorithm: RLAMPSO
Start: [0.0, 0.0, 10.0]
Goal:  [200.0, 200.0, 10.0]
============================================


╔════════════════════════════════════════════════════════╗
║     RLAM-PSO Configuration (GPU-Optimized)            ║
╚════════════════════════════════════════════════════════╝

Mode: baseline

--- Features Enabled ---
  Transformer State: OFF (state: 15D)
  TD3:               OFF
  PER:               OFF
  Curriculum:        OFF

--- Compute Configuration ---
  Mode:              GPU-Optimized Sequential
  GPU:               OFF (CPU fallback)
  Parallel:          OFF (disabled for dlnetwork compatibility)

--- Training Parameters ---
  Episodes:          100
  Population:        40
  Max Iterations:    600
  Batch Size:        256 (GPU-optimized)
  Actor LR:          0.00010
  Critic LR:         0.00100

--- GPU Optimization (2025) ---
  Gradient Steps/Call:  1
  Train Every:          1 iterations
  Mid-Episode Training: ON
  Estimated UTD Ratio:  ~600.0

════════════════════════════════════════════════════════


╔════════════════════════════════════════════════════════╗
║     RLAM-PSO Configuration (GPU-Optimized)            ║
╚════════════════════════════════════════════════════════╝

Mode: baseline

--- Features Enabled ---
  Transformer State: OFF (state: 15D)
  TD3:               OFF
  PER:               OFF
  Curriculum:        OFF

--- Compute Configuration ---
  Mode:              GPU-Optimized Sequential
  GPU:               OFF (CPU fallback)
  Parallel:          OFF (disabled for dlnetwork compatibility)

--- Training Parameters ---
  Episodes:          100
  Population:        40
  Max Iterations:    600
  Batch Size:        256 (GPU-optimized)
  Actor LR:          0.00010
  Critic LR:         0.00100

--- GPU Optimization (2025) ---
  Gradient Steps/Call:  1
  Train Every:          1 iterations
  Mid-Episode Training: ON
  Estimated UTD Ratio:  ~600.0

════════════════════════════════════════════════════════


╔════════════════════════════════════════════════════════╗
║     RLAM-PSO Configuration (GPU-Optimized)            ║
╚════════════════════════════════════════════════════════╝

Mode: baseline

--- Features Enabled ---
  Transformer State: OFF (state: 15D)
  TD3:               OFF
  PER:               OFF
  Curriculum:        OFF

--- Compute Configuration ---
  Mode:              GPU-Optimized Sequential
  GPU:               OFF (CPU fallback)
  Parallel:          OFF (disabled for dlnetwork compatibility)

--- Training Parameters ---
  Episodes:          100
  Population:        40
  Max Iterations:    600
  Batch Size:        256 (GPU-optimized)
  Actor LR:          0.00010
  Critic LR:         0.00100

--- GPU Optimization (2025) ---
  Gradient Steps/Call:  1
  Train Every:          1 iterations
  Mid-Episode Training: ON
  Estimated UTD Ratio:  ~600.0

════════════════════════════════════════════════════════


╔════════════════════════════════════════════════════════╗
║     RLAM-PSO Configuration (GPU-Optimized)            ║
╚════════════════════════════════════════════════════════╝

Mode: baseline

--- Features Enabled ---
  Transformer State: OFF (state: 15D)
  TD3:               OFF
  PER:               OFF
  Curriculum:        OFF

--- Compute Configuration ---
  Mode:              GPU-Optimized Sequential
  GPU:               OFF (CPU fallback)
  Parallel:          OFF (disabled for dlnetwork compatibility)

--- Training Parameters ---
  Episodes:          100
  Population:        40
  Max Iterations:    600
  Batch Size:        256 (GPU-optimized)
  Actor LR:          0.00010
  Critic LR:         0.00100

--- GPU Optimization (2025) ---
  Gradient Steps/Call:  1
  Train Every:          1 iterations
  Mid-Episode Training: ON
  Estimated UTD Ratio:  ~600.0

════════════════════════════════════════════════════════


╔════════════════════════════════════════════════════════╗
║     RLAM-PSO Configuration (GPU-Optimized)            ║
╚════════════════════════════════════════════════════════╝

Mode: baseline

--- Features Enabled ---
  Transformer State: OFF (state: 15D)
  TD3:               OFF
  PER:               OFF
  Curriculum:        OFF

--- Compute Configuration ---
  Mode:              GPU-Optimized Sequential
  GPU:               OFF (CPU fallback)
  Parallel:          OFF (disabled for dlnetwork compatibility)

--- Training Parameters ---
  Episodes:          100
  Population:        40
  Max Iterations:    600
  Batch Size:        256 (GPU-optimized)
  Actor LR:          0.00010
  Critic LR:         0.00100

--- GPU Optimization (2025) ---
  Gradient Steps/Call:  1
  Train Every:          1 iterations
  Mid-Episode Training: ON
  Estimated UTD Ratio:  ~600.0

════════════════════════════════════════════════════════


╔════════════════════════════════════════════════════════╗
║     RLAM-PSO Configuration (GPU-Optimized)            ║
╚════════════════════════════════════════════════════════╝

Mode: baseline

--- Features Enabled ---
  Transformer State: OFF (state: 15D)
  TD3:               OFF
  PER:               OFF
  Curriculum:        OFF

--- Compute Configuration ---
  Mode:              GPU-Optimized Sequential
  GPU:               OFF (CPU fallback)
  Parallel:          OFF (disabled for dlnetwork compatibility)

--- Training Parameters ---
  Episodes:          100
  Population:        40
  Max Iterations:    600
  Batch Size:        256 (GPU-optimized)
  Actor LR:          0.00010
  Critic LR:         0.00100

--- GPU Optimization (2025) ---
  Gradient Steps/Call:  1
  Train Every:          1 iterations
  Mid-Episode Training: ON
  Estimated UTD Ratio:  ~600.0

════════════════════════════════════════════════════════


╔════════════════════════════════════════════════════════╗
║     RLAM-PSO Configuration (GPU-Optimized)            ║
╚════════════════════════════════════════════════════════╝

Mode: baseline

--- Features Enabled ---
  Transformer State: OFF (state: 15D)
  TD3:               OFF
  PER:               OFF
  Curriculum:        OFF

--- Compute Configuration ---
  Mode:              GPU-Optimized Sequential
  GPU:               OFF (CPU fallback)
  Parallel:          OFF (disabled for dlnetwork compatibility)

--- Training Parameters ---
  Episodes:          100
  Population:        40
  Max Iterations:    600
  Batch Size:        256 (GPU-optimized)
  Actor LR:          0.00010
  Critic LR:         0.00100

--- GPU Optimization (2025) ---
  Gradient Steps/Call:  1
  Train Every:          1 iterations
  Mid-Episode Training: ON
  Estimated UTD Ratio:  ~600.0

════════════════════════════════════════════════════════


╔════════════════════════════════════════════════════════╗
║     RLAM-PSO Configuration (GPU-Optimized)            ║
╚════════════════════════════════════════════════════════╝

Mode: baseline

--- Features Enabled ---
  Transformer State: OFF (state: 15D)
  TD3:               OFF
  PER:               OFF
  Curriculum:        OFF

--- Compute Configuration ---
  Mode:              GPU-Optimized Sequential
  GPU:               OFF (CPU fallback)
  Parallel:          OFF (disabled for dlnetwork compatibility)

--- Training Parameters ---
  Episodes:          100
  Population:        40
  Max Iterations:    600
  Batch Size:        256 (GPU-optimized)
  Actor LR:          0.00010
  Critic LR:         0.00100

--- GPU Optimization (2025) ---
  Gradient Steps/Call:  1
  Train Every:          1 iterations
  Mid-Episode Training: ON
  Estimated UTD Ratio:  ~600.0

════════════════════════════════════════════════════════


╔════════════════════════════════════════════════════════╗
║     RLAM-PSO Configuration (GPU-Optimized)            ║
╚════════════════════════════════════════════════════════╝

Mode: baseline

--- Features Enabled ---
  Transformer State: OFF (state: 15D)
  TD3:               OFF
  PER:               OFF
  Curriculum:        OFF

--- Compute Configuration ---
  Mode:              GPU-Optimized Sequential
  GPU:               OFF (CPU fallback)
  Parallel:          OFF (disabled for dlnetwork compatibility)

--- Training Parameters ---
  Episodes:          100
  Population:        40
  Max Iterations:    600
  Batch Size:        256 (GPU-optimized)
  Actor LR:          0.00010
  Critic LR:         0.00100

--- GPU Optimization (2025) ---
  Gradient Steps/Call:  1
  Train Every:          1 iterations
  Mid-Episode Training: ON
  Estimated UTD Ratio:  ~600.0

════════════════════════════════════════════════════════


[Episode 1/1] Starting training...
  Config: mode=online, episodes=1, iterations=1000, popSize=100

[Episode 1/1] Starting training...
  Config: mode=online, episodes=1, iterations=1000, popSize=100

[Episode 1/1] Starting training...
  Config: mode=online, episodes=1, iterations=1000, popSize=100

[Episode 1/1] Starting training...
  Config: mode=online, episodes=1, iterations=1000, popSize=100

[Episode 1/1] Starting training...
  Config: mode=online, episodes=1, iterations=1000, popSize=100

[Episode 1/1] Starting training...
  Config: mode=online, episodes=1, iterations=1000, popSize=100

[Episode 1/1] Starting training...
  Config: mode=online, episodes=1, iterations=1000, popSize=100

[Episode 1/1] Starting training...
  Config: mode=online, episodes=1, iterations=1000, popSize=100

[Episode 1/1] Starting training...
  Config: mode=online, episodes=1, iterations=1000, popSize=100

[Episode 1/1] Starting training...
  Config: mode=online, episodes=1, iterations=1000, popSize=100

[Episode 1/1] Starting training...
  Config: mode=online, episodes=1, iterations=1000, popSize=100

[Episode 1/1] Starting training...
  Config: mode=online, episodes=1, iterations=1000, popSize=100

[Episode 1/1] Starting training...
  Config: mode=online, episodes=1, iterations=1000, popSize=100

[Episode 1/1] Starting training...
  Config: mode=online, episodes=1, iterations=1000, popSize=100
      [Iter  50] Action stats: mean=-0.1920±0.6457 [-0.8755-0.9382]
      [Iter  50] Action stats: mean=-0.0671±0.7726 [-0.9614-0.7484]
      [Iter  50] Action stats: mean=-0.0716±0.7564 [-0.9880-0.9431]
      [Iter  50] Action stats: mean=0.0935±0.7056 [-0.9132-0.9880]
      [Iter  50] Action stats: mean=0.0773±0.6734 [-0.8886-0.9822]
  [Iter  50/1000] Best: 12783.7925 | Alpha: 0.2000
  [Iter  50/1000] Best: 12958.6329 | Alpha: 0.2000
  [Iter  50/1000] Best: 12807.6705 | Alpha: 0.2000
      [Iter  50] Action stats: mean=0.0887±0.7908 [-0.9536-0.9886]
  [Iter  50/1000] Best: 12896.5013 | Alpha: 0.2000
      [Iter  50] Action stats: mean=-0.2148±0.6099 [-0.8277-0.7990]
  [Iter  50/1000] Best: 13491.0996 | Alpha: 0.2000
  [Iter  50/1000] Best: 12933.8750 | Alpha: 0.2000
      [Iter  50] Action stats: mean=-0.1489±0.6841 [-0.9848-0.5739]
      [Iter  50] Action stats: mean=0.1406±0.5755 [-0.8214-0.9808]
  [Iter  50/1000] Best: 12665.9026 | Alpha: 0.2000
  [Iter  50/1000] Best: 12683.7635 | Alpha: 0.2000
      [Iter  50] Action stats: mean=0.0616±0.7101 [-0.9945-0.8734]
      [Iter  50] Action stats: mean=-0.0871±0.6913 [-0.9619-0.9896]
      [Iter  50] Action stats: mean=0.3880±0.5838 [-0.6973-0.9973]
      [Iter  50] Action stats: mean=-0.0979±0.6648 [-0.9748-0.7571]
  [Iter  50/1000] Best: 12728.9326 | Alpha: 0.2000
  [Iter  50/1000] Best: 12750.6741 | Alpha: 0.2000
      [Iter  50] Action stats: mean=0.3772±0.6112 [-0.9268-0.9508]
  [Iter  50/1000] Best: 12801.9432 | Alpha: 0.2000
  [Iter  50/1000] Best: 12932.1955 | Alpha: 0.2000
  [Iter  50/1000] Best: 12811.8475 | Alpha: 0.2000
  [Iter  50/1000] Best: 12755.2662 | Alpha: 0.2000
[ACTION DEBUG iter 100] Raw action[1:3]: [-0.5928, 0.2477, 0.2195], noise: 0.0500
[RLAMPSO DEBUG iter 100] w=0.3920, c1=1.8568, c2=2.1045 | fitness=12911.00
[REWARD DEBUG iter 100] FitnessImprovement: 0.7723 → Reward: +1.0000 (prevFit=12911.00, currFit=12910.22)
[ACTION DEBUG iter 100] Raw action[1:3]: [-0.7196, -0.2332, 0.0110], noise: 0.0500
[ACTION DEBUG iter 100] WARNING: 1/20 actions clipped (network saturating)
[RLAMPSO DEBUG iter 100] w=0.4010, c1=1.3514, c2=1.6287 | fitness=12677.78
[REWARD DEBUG iter 100] FitnessImprovement: 3.8826 → Reward: +1.0000 (prevFit=12677.78, currFit=12673.90)
[ACTION DEBUG iter 100] Raw action[1:3]: [0.0423, 0.2409, -0.5542], noise: 0.0500
[RLAMPSO DEBUG iter 100] w=0.4785, c1=2.3060, c2=1.7049 | fitness=13062.46
[REWARD DEBUG iter 100] FitnessImprovement: 2.7918 → Reward: +1.0000 (prevFit=13062.46, currFit=13059.67)
[ACTION DEBUG iter 100] Raw action[1:3]: [-0.1802, 0.2698, -0.2236], noise: 0.0500
[RLAMPSO DEBUG iter 100] w=0.5146, c1=2.1493, c2=1.4315 | fitness=12628.74
[REWARD DEBUG iter 100] FitnessImprovement: 0.0162 → Reward: +1.0000 (prevFit=12628.74, currFit=12628.72)
[ACTION DEBUG iter 100] Raw action[1:3]: [-0.2338, 0.1687, 0.2958], noise: 0.0500
[RLAMPSO DEBUG iter 100] w=0.5001, c1=1.9452, c2=1.7515 | fitness=12732.95
[REWARD DEBUG iter 100] FitnessImprovement: 0.3280 → Reward: +1.0000 (prevFit=12732.95, currFit=12732.62)
[ACTION DEBUG iter 100] Raw action[1:3]: [-0.3995, 0.7989, -0.4532], noise: 0.0500
[RLAMPSO DEBUG iter 100] w=0.6019, c1=1.3708, c2=1.4200 | fitness=12650.79
[ACTION DEBUG iter 100] Raw action[1:3]: [0.1653, -0.3517, -0.5141], noise: 0.0500
[RLAMPSO DEBUG iter 100] w=0.5676, c1=1.6872, c2=2.1855 | fitness=12630.18
      [Iter 100] Action stats: mean=0.2841±0.5754 [-0.9600-0.8297]
      [Iter 100] Action stats: mean=-0.2073±0.5589 [-0.7540-0.7676]
[REWARD DEBUG iter 100] FitnessImprovement: 22.6432 → Reward: +1.0000 (prevFit=12630.18, currFit=12607.54)
[ACTION DEBUG iter 100] Raw action[1:3]: [-0.4007, 0.1208, -0.1922], noise: 0.0500
[RLAMPSO DEBUG iter 100] w=0.4744, c1=1.7435, c2=1.6227 | fitness=12517.06
[ACTION DEBUG iter 100] Raw action[1:3]: [-0.2755, 0.2520, -0.7662], noise: 0.0500
[RLAMPSO DEBUG iter 100] w=0.4208, c1=2.0174, c2=1.8081 | fitness=12589.27
[ACTION DEBUG iter 100] Raw action[1:3]: [-0.2766, -0.2035, -0.3138], noise: 0.0500
[RLAMPSO DEBUG iter 100] w=0.4618, c1=1.8230, c2=1.6850 | fitness=12476.65
[ACTION DEBUG iter 100] Raw action[1:3]: [0.7210, -0.1580, -0.0150], noise: 0.0500
[RLAMPSO DEBUG iter 100] w=0.5720, c1=1.5779, c2=1.2815 | fitness=12376.80
[REWARD DEBUG iter 100] FitnessImprovement: 0.0000 → Reward: -1.0000 (prevFit=12650.79, currFit=12650.79)
[ACTION DEBUG iter 100] Raw action[1:3]: [-0.0941, 0.6924, -0.3208], noise: 0.0500
[RLAMPSO DEBUG iter 100] w=0.5113, c1=1.1734, c2=1.4085 | fitness=12510.41
[REWARD DEBUG iter 100] FitnessImprovement: 0.1708 → Reward: +1.0000 (prevFit=12510.41, currFit=12510.24)
[ACTION DEBUG iter 100] Raw action[1:3]: [0.3006, 0.3785, 0.4549], noise: 0.0500
[RLAMPSO DEBUG iter 100] w=0.5797, c1=1.6494, c2=1.9361 | fitness=12626.96
[REWARD DEBUG iter 100] FitnessImprovement: 1.1166 → Reward: +1.0000 (prevFit=12589.27, currFit=12588.15)
[REWARD DEBUG iter 100] FitnessImprovement: 0.0000 → Reward: -1.0000 (prevFit=12376.80, currFit=12376.80)
      [Iter 100] Fitness: current=13303.4437, best=13303.4437, diversity=11.362958
      [Iter 100] Reward: -1.0000
  [Iter 100/1000] Best: 13303.4437 | Alpha: 0.2000
      [Iter 100] Action stats: mean=-0.0259±0.8118 [-0.9448-0.9684]
      [Iter 100] Fitness: current=12642.8940, best=12642.8940, diversity=13.782659
      [Iter 100] Reward: -1.0000
  [Iter 100/1000] Best: 12642.8940 | Alpha: 0.2000
      [Iter 100] Action stats: mean=-0.0556±0.6795 [-0.9425-0.9613]
[REWARD DEBUG iter 100] FitnessImprovement: 2.1259 → Reward: +1.0000 (prevFit=12626.96, currFit=12624.84)
[REWARD DEBUG iter 100] FitnessImprovement: 0.0371 → Reward: +1.0000 (prevFit=12517.06, currFit=12517.02)
[REWARD DEBUG iter 100] FitnessImprovement: 0.4483 → Reward: +1.0000 (prevFit=12476.65, currFit=12476.20)
      [Iter 100] Fitness: current=12700.8495, best=12700.8495, diversity=8.672426
      [Iter 100] Reward: 1.0000
  [Iter 100/1000] Best: 12700.8495 | Alpha: 0.2000
      [Iter 100] Action stats: mean=-0.0386±0.7490 [-0.8991-0.9878]
      [Iter 100] Action stats: mean=-0.0958±0.8388 [-0.9784-0.9883]
      [Iter 100] Fitness: current=12786.7528, best=12786.7528, diversity=10.497284
      [Iter 100] Reward: -1.0000
  [Iter 100/1000] Best: 12786.7528 | Alpha: 0.2000
      [Iter 100] Action stats: mean=-0.1360±0.5940 [-0.8603-0.6519]
[ACTION DEBUG iter 100] Raw action[1:3]: [0.5214, 0.1584, -0.4224], noise: 0.0500
[RLAMPSO DEBUG iter 100] w=0.5513, c1=2.2103, c2=1.7190 | fitness=12526.18
[REWARD DEBUG iter 100] FitnessImprovement: 0.0043 → Reward: +1.0000 (prevFit=12526.18, currFit=12526.18)
      [Iter 100] Action stats: mean=-0.1636±0.8332 [-0.8644-0.9485]
      [Iter 100] Fitness: current=12493.8217, best=12493.8217, diversity=10.060647
      [Iter 100] Reward: -1.0000
  [Iter 100/1000] Best: 12493.8217 | Alpha: 0.2000
      [Iter 100] Action stats: mean=-0.3008±0.6309 [-0.9744-0.9261]
      [Iter 100] Fitness: current=12514.3209, best=12514.3209, diversity=9.719022
      [Iter 100] Reward: -1.0000
  [Iter 100/1000] Best: 12514.3209 | Alpha: 0.2000
      [Iter 100] Fitness: current=12837.5149, best=12837.5149, diversity=11.546292
      [Iter 100] Reward: -1.0000
  [Iter 100/1000] Best: 12837.5149 | Alpha: 0.2000
      [Iter 100] Action stats: mean=0.0130±0.6492 [-0.9397-0.8301]
      [Iter 100] Fitness: current=12633.7104, best=12633.7104, diversity=6.896834
      [Iter 100] Reward: 1.0000
  [Iter 100/1000] Best: 12633.7104 | Alpha: 0.2000
      [Iter 100] Fitness: current=12631.4617, best=12631.4617, diversity=12.314188
      [Iter 100] Reward: -1.0000
  [Iter 100/1000] Best: 12631.4617 | Alpha: 0.2000
      [Iter 100] Fitness: current=12676.5525, best=12676.5525, diversity=16.347851
      [Iter 100] Reward: -1.0000
  [Iter 100/1000] Best: 12676.5525 | Alpha: 0.2000
      [Iter 100] Action stats: mean=0.1333±0.4340 [-0.5085-0.7404]
      [Iter 100] Fitness: current=12739.7242, best=12739.7242, diversity=9.960601
      [Iter 100] Reward: -1.0000
  [Iter 100/1000] Best: 12739.7242 | Alpha: 0.2000
      [Iter 100] Action stats: mean=-0.1785±0.6619 [-0.9712-0.9521]
      [Iter 100] Action stats: mean=-0.0238±0.4433 [-0.8626-0.4940]
      [Iter 100] Action stats: mean=0.1786±0.5418 [-0.5130-0.9203]
      [Iter 100] Fitness: current=12686.0494, best=12686.0494, diversity=10.976826
      [Iter 100] Reward: -1.0000
  [Iter 100/1000] Best: 12686.0494 | Alpha: 0.2000
      [Iter 100] Fitness: current=12811.8475, best=12811.8475, diversity=12.155560
      [Iter 100] Reward: -1.0000
  [Iter 100/1000] Best: 12811.8475 | Alpha: 0.2000
      [Iter 100] Fitness: current=12597.0609, best=12597.0609, diversity=10.334611
      [Iter 100] Reward: -1.0000
  [Iter 100/1000] Best: 12597.0609 | Alpha: 0.2000
[ACTION DEBUG iter 200] Raw action[1:3]: [0.0145, -0.1504, -0.5909], noise: 0.0500
[ACTION DEBUG iter 200] WARNING: 1/20 actions clipped (network saturating)
[RLAMPSO DEBUG iter 200] w=0.4711, c1=2.1353, c2=1.9292 | fitness=12817.17
[ACTION DEBUG iter 200] Raw action[1:3]: [-0.0926, 0.0646, 0.1795], noise: 0.0500
[ACTION DEBUG iter 200] WARNING: 1/20 actions clipped (network saturating)
[RLAMPSO DEBUG iter 200] w=0.3923, c1=1.4223, c2=1.9191 | fitness=12648.40
[REWARD DEBUG iter 200] FitnessImprovement: 0.1117 → Reward: +1.0000 (prevFit=12817.17, currFit=12817.06)
[ACTION DEBUG iter 200] Raw action[1:3]: [-0.3191, -0.5153, -0.3376], noise: 0.0500
[RLAMPSO DEBUG iter 200] w=0.4910, c1=1.9619, c2=1.6074 | fitness=12625.70
[REWARD DEBUG iter 200] FitnessImprovement: 0.0038 → Reward: +1.0000 (prevFit=12648.40, currFit=12648.39)
[ACTION DEBUG iter 200] Raw action[1:3]: [-0.2976, 0.1101, 0.2451], noise: 0.0500
[REWARD DEBUG iter 200] FitnessImprovement: 0.0000 → Reward: -1.0000 (prevFit=12625.70, currFit=12625.70)
[RLAMPSO DEBUG iter 200] w=0.4112, c1=1.9949, c2=2.1841 | fitness=12888.44
[ACTION DEBUG iter 200] Raw action[1:3]: [-0.2608, -0.1132, -0.0295], noise: 0.0500
[RLAMPSO DEBUG iter 200] w=0.5255, c1=2.0980, c2=1.9155 | fitness=12731.78
[REWARD DEBUG iter 200] FitnessImprovement: 0.0762 → Reward: +1.0000 (prevFit=12888.44, currFit=12888.37)
[ACTION DEBUG iter 200] Raw action[1:3]: [0.2549, 0.5953, 0.7143], noise: 0.0500
[ACTION DEBUG iter 200] Raw action[1:3]: [-0.3530, 0.1525, -0.1388], noise: 0.0500
[RLAMPSO DEBUG iter 200] w=0.4972, c1=1.7911, c2=1.8364 | fitness=12512.52
[RLAMPSO DEBUG iter 200] w=0.6090, c1=1.7794, c2=2.1828 | fitness=12586.78
[REWARD DEBUG iter 200] FitnessImprovement: 0.0010 → Reward: +1.0000 (prevFit=12512.52, currFit=12512.52)
[REWARD DEBUG iter 200] FitnessImprovement: 0.0035 → Reward: +1.0000 (prevFit=12731.78, currFit=12731.78)
[ACTION DEBUG iter 200] Raw action[1:3]: [-0.1943, 0.6944, 0.1625], noise: 0.0500
[RLAMPSO DEBUG iter 200] w=0.5917, c1=1.4941, c2=1.5049 | fitness=12640.41
[ACTION DEBUG iter 200] Raw action[1:3]: [-0.3880, 0.5944, 0.1135], noise: 0.0500
[RLAMPSO DEBUG iter 200] w=0.4830, c1=1.4485, c2=1.5409 | fitness=12482.08
[REWARD DEBUG iter 200] FitnessImprovement: 0.0000 → Reward: -1.0000 (prevFit=12586.78, currFit=12586.78)
[ACTION DEBUG iter 200] Raw action[1:3]: [-0.2908, -0.2142, -0.0872], noise: 0.0500
[RLAMPSO DEBUG iter 200] w=0.4734, c1=1.9129, c2=1.8555 | fitness=12282.27
[ACTION DEBUG iter 200] Raw action[1:3]: [0.2472, -0.2452, -0.5950], noise: 0.0500
[RLAMPSO DEBUG iter 200] w=0.5675, c1=1.6869, c2=2.1945 | fitness=12410.29
[REWARD DEBUG iter 200] FitnessImprovement: 0.0119 → Reward: +1.0000 (prevFit=12482.08, currFit=12482.06)
[REWARD DEBUG iter 200] FitnessImprovement: 0.2797 → Reward: +1.0000 (prevFit=12640.41, currFit=12640.13)
[ACTION DEBUG iter 200] Raw action[1:3]: [-0.1161, 0.1546, -0.8132], noise: 0.0500
[RLAMPSO DEBUG iter 200] w=0.4194, c1=2.0848, c2=1.7124 | fitness=12515.85
[REWARD DEBUG iter 200] FitnessImprovement: 1.9835 → Reward: +1.0000 (prevFit=12282.27, currFit=12280.28)
[ACTION DEBUG iter 200] Raw action[1:3]: [0.4542, 0.2479, -0.0125], noise: 0.0500
[RLAMPSO DEBUG iter 200] w=0.5807, c1=1.8242, c2=1.6908 | fitness=12364.46
[REWARD DEBUG iter 200] FitnessImprovement: 1.5521 → Reward: +1.0000 (prevFit=12410.29, currFit=12408.73)
[ACTION DEBUG iter 200] Raw action[1:3]: [0.1939, 0.2759, -0.5778], noise: 0.0500
[RLAMPSO DEBUG iter 200] w=0.5274, c1=2.2142, c2=1.7538 | fitness=12230.74
[REWARD DEBUG iter 200] FitnessImprovement: 0.1089 → Reward: +1.0000 (prevFit=12515.85, currFit=12515.74)
[REWARD DEBUG iter 200] FitnessImprovement: 0.0932 → Reward: +1.0000 (prevFit=12364.46, currFit=12364.37)
[REWARD DEBUG iter 200] FitnessImprovement: 0.0648 → Reward: +1.0000 (prevFit=12230.74, currFit=12230.68)
      [Iter 150] Action stats: mean=-0.3697±0.5746 [-0.9001-0.6506]
      [Iter 150] Action stats: mean=-0.1546±0.5510 [-0.9731-0.7904]
      [Iter 150] Action stats: mean=-0.1084±0.7532 [-0.9206-0.9269]
  [Iter 150/1000] Best: 12624.5784 | Alpha: 0.1986
  [Iter 150/1000] Best: 12676.5017 | Alpha: 0.1986
  [Iter 150/1000] Best: 13131.2697 | Alpha: 0.1986
      [Iter 150] Action stats: mean=0.1482±0.7035 [-0.9597-0.9385]
      [Iter 150] Action stats: mean=0.0682±0.5754 [-0.7594-0.8772]
      [Iter 150] Action stats: mean=-0.1617±0.5919 [-0.9827-0.8463]
      [Iter 150] Action stats: mean=-0.0431±0.5841 [-0.8224-0.8763]
  [Iter 150/1000] Best: 12414.7246 | Alpha: 0.1986
  [Iter 150/1000] Best: 12453.5659 | Alpha: 0.1986
      [Iter 150] Action stats: mean=0.2328±0.5716 [-0.7339-0.9915]
  [Iter 150/1000] Best: 12516.9631 | Alpha: 0.1986
      [Iter 150] Action stats: mean=0.3474±0.5379 [-0.6010-0.9308]
  [Iter 150/1000] Best: 12622.7401 | Alpha: 0.1986
      [Iter 150] Action stats: mean=0.1902±0.6002 [-0.8870-0.9567]
      [Iter 150] Action stats: mean=0.1942±0.6660 [-0.8570-0.9470]
  [Iter 150/1000] Best: 12738.4585 | Alpha: 0.1986
      [Iter 150] Action stats: mean=-0.0621±0.6151 [-0.8489-0.9831]
      [Iter 150] Action stats: mean=0.0149±0.7698 [-0.9560-0.9352]
  [Iter 150/1000] Best: 12631.9497 | Alpha: 0.1986
  [Iter 150/1000] Best: 12782.6871 | Alpha: 0.1986
      [Iter 150] Action stats: mean=0.0937±0.7389 [-0.9913-0.9973]
  [Iter 150/1000] Best: 12643.5892 | Alpha: 0.1986
  [Iter 150/1000] Best: 12455.9285 | Alpha: 0.1986
  [Iter 150/1000] Best: 12585.8037 | Alpha: 0.1986
  [Iter 150/1000] Best: 12745.0724 | Alpha: 0.1986
[ACTION DEBUG iter 300] Raw action[1:3]: [-0.2310, -0.3220, -0.3959], noise: 0.0500
[RLAMPSO DEBUG iter 300] w=0.4433, c1=1.8190, c2=2.0042 | fitness=12674.49
[REWARD DEBUG iter 300] FitnessImprovement: 1.5725 → Reward: +1.0000 (prevFit=12674.49, currFit=12672.92)
[ACTION DEBUG iter 300] Raw action[1:3]: [-0.6027, -0.8510, -0.4248], noise: 0.0500
[RLAMPSO DEBUG iter 300] w=0.4952, c1=1.8303, c2=1.2874 | fitness=12625.69
[REWARD DEBUG iter 300] FitnessImprovement: 0.0000 → Reward: -1.0000 (prevFit=12625.69, currFit=12625.69)
[ACTION DEBUG iter 300] Raw action[1:3]: [-0.3004, 0.0310, -0.3993], noise: 0.0500
[RLAMPSO DEBUG iter 300] w=0.3849, c1=1.3840, c2=1.5743 | fitness=12648.38
[REWARD DEBUG iter 300] FitnessImprovement: 0.0000 → Reward: -1.0000 (prevFit=12648.38, currFit=12648.38)
[ACTION DEBUG iter 300] Raw action[1:3]: [-0.1744, -0.0675, -0.0426], noise: 0.0500
[RLAMPSO DEBUG iter 300] w=0.4655, c1=1.9444, c2=1.9716 | fitness=12723.92
[REWARD DEBUG iter 300] FitnessImprovement: 0.0070 → Reward: +1.0000 (prevFit=12723.92, currFit=12723.92)
[ACTION DEBUG iter 300] Raw action[1:3]: [-0.6220, -0.4168, 0.2235], noise: 0.0500
[RLAMPSO DEBUG iter 300] w=0.4262, c1=2.0787, c2=1.9858 | fitness=12239.53
[ACTION DEBUG iter 300] Raw action[1:3]: [-0.4473, 0.0411, 0.2680], noise: 0.0500
[RLAMPSO DEBUG iter 300] w=0.4687, c1=2.0905, c2=1.7367 | fitness=12730.87
[ACTION DEBUG iter 300] Raw action[1:3]: [-0.0581, 0.0391, -0.7472], noise: 0.0500
[RLAMPSO DEBUG iter 300] w=0.5396, c1=2.1589, c2=1.4807 | fitness=12203.68
[REWARD DEBUG iter 300] FitnessImprovement: 0.0191 → Reward: +1.0000 (prevFit=12730.87, currFit=12730.85)
[ACTION DEBUG iter 300] Raw action[1:3]: [-0.0296, -0.0449, -0.3025], noise: 0.0500
[RLAMPSO DEBUG iter 300] w=0.5394, c1=1.8023, c2=1.6044 | fitness=12496.70
[ACTION DEBUG iter 300] Raw action[1:3]: [0.3850, 0.7332, 0.7827], noise: 0.0500
[RLAMPSO DEBUG iter 300] w=0.6104, c1=1.6450, c2=2.1390 | fitness=12582.04
[REWARD DEBUG iter 300] FitnessImprovement: 0.9451 → Reward: +1.0000 (prevFit=12203.68, currFit=12202.74)
[REWARD DEBUG iter 300] FitnessImprovement: 0.0163 → Reward: +1.0000 (prevFit=12239.53, currFit=12239.51)
[ACTION DEBUG iter 300] Raw action[1:3]: [0.2591, -0.3551, -0.7611], noise: 0.0500
[ACTION DEBUG iter 300] WARNING: 1/20 actions clipped (network saturating)
[RLAMPSO DEBUG iter 300] w=0.5979, c1=1.6991, c2=2.1744 | fitness=12386.94
[REWARD DEBUG iter 300] FitnessImprovement: 0.0739 → Reward: +1.0000 (prevFit=12582.04, currFit=12581.96)
[REWARD DEBUG iter 300] FitnessImprovement: 0.0488 → Reward: +1.0000 (prevFit=12496.70, currFit=12496.65)
[ACTION DEBUG iter 300] Raw action[1:3]: [0.3091, 0.6084, 0.4665], noise: 0.0500
[RLAMPSO DEBUG iter 300] w=0.6865, c1=1.4618, c2=1.5662 | fitness=12614.69
[REWARD DEBUG iter 300] FitnessImprovement: 0.0000 → Reward: -1.0000 (prevFit=12386.94, currFit=12386.94)
[ACTION DEBUG iter 300] Raw action[1:3]: [-0.6108, 0.8751, -0.1909], noise: 0.0500
[RLAMPSO DEBUG iter 300] w=0.4914, c1=1.0160, c2=1.4398 | fitness=12480.63
[REWARD DEBUG iter 300] FitnessImprovement: 0.0014 → Reward: +1.0000 (prevFit=12480.63, currFit=12480.63)
[REWARD DEBUG iter 300] FitnessImprovement: 0.0028 → Reward: +1.0000 (prevFit=12614.69, currFit=12614.69)
[ACTION DEBUG iter 300] Raw action[1:3]: [0.0738, -0.6109, -0.7975], noise: 0.0500
[RLAMPSO DEBUG iter 300] w=0.3916, c1=2.0618, c2=1.9905 | fitness=12458.30
[ACTION DEBUG iter 300] Raw action[1:3]: [0.3132, 0.2413, 0.4895], noise: 0.0500
[RLAMPSO DEBUG iter 300] w=0.5776, c1=1.7570, c2=1.7416 | fitness=12361.33
[REWARD DEBUG iter 300] FitnessImprovement: 0.0001 → Reward: +1.0000 (prevFit=12361.33, currFit=12361.33)
[REWARD DEBUG iter 300] FitnessImprovement: 0.0000 → Reward: +1.0000 (prevFit=12458.30, currFit=12458.30)
      [Iter 200] Action stats: mean=-0.2058±0.5010 [-0.9316-0.5266]
      [Iter 200] Fitness: current=12672.4220, best=12672.4220, diversity=7.220570
      [Iter 200] Reward: 1.0000
      [Iter 200] Action stats: mean=0.1409±0.5269 [-0.7975-0.8119]
  [Iter 200/1000] Best: 12672.4220 | Alpha: 0.1957
      [Iter 200] Fitness: current=12309.8388, best=12309.8388, diversity=9.947168
      [Iter 200] Reward: -1.0000
      [Iter 200] Action stats: mean=0.0672±0.5910 [-0.7343-0.8741]
      [Iter 200] Action stats: mean=0.1448±0.5611 [-0.4893-0.9580]
      [Iter 200] Fitness: current=12403.0600, best=12403.0600, diversity=8.309762
      [Iter 200] Reward: -1.0000
  [Iter 200/1000] Best: 12309.8388 | Alpha: 0.1957
  [Iter 200/1000] Best: 12403.0600 | Alpha: 0.1957
      [Iter 200] Fitness: current=12710.7142, best=12710.7142, diversity=9.948676
      [Iter 200] Reward: -1.0000
      [Iter 200] Action stats: mean=-0.0481±0.7416 [-0.9963-0.8793]
  [Iter 200/1000] Best: 12710.7142 | Alpha: 0.1957
      [Iter 200] Fitness: current=12516.9631, best=12516.9631, diversity=9.308725
      [Iter 200] Reward: -1.0000
      [Iter 200] Action stats: mean=-0.0619±0.6601 [-0.8139-0.8936]
      [Iter 200] Fitness: current=12763.4179, best=12763.4179, diversity=7.606008
      [Iter 200] Reward: -1.0000
      [Iter 200] Action stats: mean=-0.2599±0.6153 [-0.9831-0.9110]
      [Iter 200] Action stats: mean=0.5551±0.5450 [-0.8281-0.9801]
  [Iter 200/1000] Best: 12516.9631 | Alpha: 0.1957
      [Iter 200] Action stats: mean=-0.3194±0.4434 [-0.6836-0.6535]
  [Iter 200/1000] Best: 12763.4179 | Alpha: 0.1957
      [Iter 200] Fitness: current=12372.5390, best=12372.5390, diversity=10.557668
      [Iter 200] Reward: -1.0000
      [Iter 200] Fitness: current=12536.0650, best=12536.0650, diversity=7.910215
      [Iter 200] Reward: -1.0000
      [Iter 200] Fitness: current=12631.9497, best=12631.9497, diversity=8.026719
      [Iter 200] Reward: -1.0000
      [Iter 200] Action stats: mean=0.0167±0.8100 [-0.9546-0.9855]
  [Iter 200/1000] Best: 12372.5390 | Alpha: 0.1957
  [Iter 200/1000] Best: 12631.9497 | Alpha: 0.1957
      [Iter 200] Action stats: mean=-0.0326±0.5479 [-0.9937-0.6019]
      [Iter 200] Action stats: mean=0.4649±0.3951 [-0.2654-0.9763]
  [Iter 200/1000] Best: 12536.0650 | Alpha: 0.1957
      [Iter 200] Fitness: current=12700.8764, best=12700.8764, diversity=9.783980
      [Iter 200] Reward: 1.0000
      [Iter 200] Fitness: current=12331.1461, best=12331.1461, diversity=8.157126
      [Iter 200] Reward: -1.0000
      [Iter 200] Fitness: current=12620.1904, best=12620.1904, diversity=5.587235
      [Iter 200] Reward: -1.0000
      [Iter 200] Action stats: mean=0.1324±0.6043 [-0.9771-0.6939]
      [Iter 200] Fitness: current=12745.0724, best=12745.0724, diversity=10.357755
      [Iter 200] Reward: -1.0000
  [Iter 200/1000] Best: 12700.8764 | Alpha: 0.1957
  [Iter 200/1000] Best: 12331.1461 | Alpha: 0.1957
  [Iter 200/1000] Best: 12620.1904 | Alpha: 0.1957
  [Iter 200/1000] Best: 12745.0724 | Alpha: 0.1957
      [Iter 200] Action stats: mean=0.2289±0.6496 [-0.7389-0.9716]
      [Iter 200] Fitness: current=12566.2925, best=12566.2925, diversity=6.390304
      [Iter 200] Reward: -1.0000
  [Iter 200/1000] Best: 12566.2925 | Alpha: 0.1957
      [Iter 250] Action stats: mean=0.4443±0.8069 [-0.9391-0.9890]
  [Iter 250/1000] Best: 12672.2798 | Alpha: 0.1928
      [Iter 250] Action stats: mean=0.1102±0.5860 [-0.6997-0.7898]
      [Iter 250] Action stats: mean=-0.0594±0.6892 [-0.9499-0.8947]
      [Iter 250] Action stats: mean=-0.1891±0.7867 [-0.9443-0.9119]
  [Iter 250/1000] Best: 12269.2187 | Alpha: 0.1928
  [Iter 250/1000] Best: 12313.4383 | Alpha: 0.1928
      [Iter 250] Action stats: mean=-0.1029±0.7478 [-0.9978-0.9447]
  [Iter 250/1000] Best: 12664.6696 | Alpha: 0.1928
  [Iter 250/1000] Best: 12350.2223 | Alpha: 0.1928
      [Iter 250] Action stats: mean=0.3223±0.5508 [-0.7927-0.8878]
      [Iter 250] Action stats: mean=-0.2906±0.5626 [-0.9617-0.7850]
      [Iter 250] Action stats: mean=0.1464±0.6977 [-0.6726-0.9976]
  [Iter 250/1000] Best: 12707.7765 | Alpha: 0.1928
      [Iter 250] Action stats: mean=0.0498±0.5531 [-0.8750-0.6224]
  [Iter 250/1000] Best: 12545.4898 | Alpha: 0.1928
      [Iter 250] Action stats: mean=0.1696±0.6870 [-0.7494-0.9555]
      [Iter 250] Action stats: mean=0.2322±0.8119 [-0.9532-0.9908]
  [Iter 250/1000] Best: 12493.6074 | Alpha: 0.1928
  [Iter 250/1000] Best: 12503.7304 | Alpha: 0.1928
      [Iter 250] Action stats: mean=0.1585±0.7748 [-0.9637-0.9713]
      [Iter 250] Action stats: mean=-0.1991±0.7377 [-0.9308-0.9631]
      [Iter 250] Action stats: mean=-0.2986±0.5788 [-0.9647-0.7920]
  [Iter 250/1000] Best: 12596.9181 | Alpha: 0.1928
  [Iter 250/1000] Best: 12550.0185 | Alpha: 0.1928
  [Iter 250/1000] Best: 12619.1476 | Alpha: 0.1928
  [Iter 250/1000] Best: 12688.8179 | Alpha: 0.1928
  [Iter 250/1000] Best: 12325.6116 | Alpha: 0.1928
[ACTION DEBUG iter 400] Raw action[1:3]: [0.5507, 0.3661, -0.7644], noise: 0.0500
[RLAMPSO DEBUG iter 400] w=0.5204, c1=2.1000, c2=1.4813 | fitness=12632.91
[REWARD DEBUG iter 400] FitnessImprovement: 0.0000 → Reward: -1.0000 (prevFit=12632.91, currFit=12632.91)
[ACTION DEBUG iter 400] Raw action[1:3]: [-0.4981, 0.0462, -0.1844], noise: 0.0500
[RLAMPSO DEBUG iter 400] w=0.5358, c1=1.8285, c2=1.6308 | fitness=12625.69
[REWARD DEBUG iter 400] FitnessImprovement: 0.0000 → Reward: -1.0000 (prevFit=12625.69, currFit=12625.69)
[ACTION DEBUG iter 400] Raw action[1:3]: [-0.8274, -0.4579, 0.6872], noise: 0.0500
[RLAMPSO DEBUG iter 400] w=0.3442, c1=1.4613, c2=2.1659 | fitness=12646.51
[ACTION DEBUG iter 400] Raw action[1:3]: [-0.7257, -0.6934, 0.1977], noise: 0.0500
[RLAMPSO DEBUG iter 400] w=0.4575, c1=1.9206, c2=1.5475 | fitness=12234.56
[REWARD DEBUG iter 400] FitnessImprovement: 0.0555 → Reward: +1.0000 (prevFit=12646.51, currFit=12646.45)
[ACTION DEBUG iter 400] Raw action[1:3]: [0.6061, 0.4519, 0.1833], noise: 0.0500
[ACTION DEBUG iter 400] WARNING: 1/20 actions clipped (network saturating)
[RLAMPSO DEBUG iter 400] w=0.5520, c1=1.8320, c2=2.0055 | fitness=12578.15
[REWARD DEBUG iter 400] FitnessImprovement: 0.0078 → Reward: +1.0000 (prevFit=12234.56, currFit=12234.55)
[ACTION DEBUG iter 400] Raw action[1:3]: [-0.7050, 0.0824, 0.6038], noise: 0.0500
[RLAMPSO DEBUG iter 400] w=0.4671, c1=1.8324, c2=1.6391 | fitness=12730.26
[REWARD DEBUG iter 400] FitnessImprovement: 0.0001 → Reward: +1.0000 (prevFit=12578.15, currFit=12578.15)
[ACTION DEBUG iter 400] Raw action[1:3]: [-0.9090, 0.1892, 0.5671], noise: 0.0500
[RLAMPSO DEBUG iter 400] w=0.2990, c1=1.6679, c2=2.0910 | fitness=12699.94
[ACTION DEBUG iter 400] Raw action[1:3]: [-0.3109, 0.0738, -0.6956], noise: 0.0500
[RLAMPSO DEBUG iter 400] w=0.4797, c1=1.7476, c2=1.1371 | fitness=12487.13
[REWARD DEBUG iter 400] FitnessImprovement: 0.0000 → Reward: +1.0000 (prevFit=12730.26, currFit=12730.26)
[REWARD DEBUG iter 400] FitnessImprovement: 0.1006 → Reward: +1.0000 (prevFit=12699.94, currFit=12699.84)
[REWARD DEBUG iter 400] FitnessImprovement: 0.0010 → Reward: +1.0000 (prevFit=12487.13, currFit=12487.13)
[ACTION DEBUG iter 400] Raw action[1:3]: [-0.6982, 0.8880, -0.7120], noise: 0.0500
[RLAMPSO DEBUG iter 400] w=0.6609, c1=1.2171, c2=1.3939 | fitness=12608.75
[ACTION DEBUG iter 400] Raw action[1:3]: [-0.0392, 0.1643, -0.6635], noise: 0.0500
[ACTION DEBUG iter 400] WARNING: 1/20 actions clipped (network saturating)
[RLAMPSO DEBUG iter 400] w=0.5657, c1=1.5564, c2=1.8644 | fitness=12382.01
[ACTION DEBUG iter 400] Raw action[1:3]: [-0.6497, 0.8842, -0.2640], noise: 0.0500
[ACTION DEBUG iter 400] WARNING: 1/20 actions clipped (network saturating)
[RLAMPSO DEBUG iter 400] w=0.4977, c1=1.0559, c2=1.3000 | fitness=12480.58
[ACTION DEBUG iter 400] Raw action[1:3]: [0.1687, 0.2618, -0.8533], noise: 0.0500
[RLAMPSO DEBUG iter 400] w=0.3722, c1=1.9200, c2=1.6755 | fitness=12434.18
[REWARD DEBUG iter 400] FitnessImprovement: 0.6876 → Reward: +1.0000 (prevFit=12608.75, currFit=12608.06)
[REWARD DEBUG iter 400] FitnessImprovement: 0.2287 → Reward: +1.0000 (prevFit=12382.01, currFit=12381.78)
[REWARD DEBUG iter 400] FitnessImprovement: 0.0029 → Reward: +1.0000 (prevFit=12480.58, currFit=12480.58)
[REWARD DEBUG iter 400] FitnessImprovement: 0.0000 → Reward: -1.0000 (prevFit=12434.18, currFit=12434.18)
[ACTION DEBUG iter 400] Raw action[1:3]: [0.9401, -0.7807, -0.8443], noise: 0.0500
[RLAMPSO DEBUG iter 400] w=0.6639, c1=1.8799, c2=1.7309 | fitness=12188.57
[REWARD DEBUG iter 400] FitnessImprovement: 0.0000 → Reward: -1.0000 (prevFit=12188.57, currFit=12188.57)
[ACTION DEBUG iter 400] Raw action[1:3]: [0.9846, 0.7993, 0.3397], noise: 0.0500
[ACTION DEBUG iter 400] WARNING: 2/20 actions clipped (network saturating)
[RLAMPSO DEBUG iter 400] w=0.7022, c1=2.1235, c2=1.6070 | fitness=12361.32
[REWARD DEBUG iter 400] FitnessImprovement: 0.0000 → Reward: -1.0000 (prevFit=12361.32, currFit=12361.32)
      [Iter 300] Action stats: mean=-0.2416±0.7636 [-0.9535-0.9993]
      [Iter 300] Fitness: current=12672.2798, best=12672.2798, diversity=4.867183
      [Iter 300] Reward: 1.0000
      [Iter 300] Action stats: mean=-0.1394±0.4708 [-0.6372-0.9484]
      [Iter 300] Action stats: mean=-0.2103±0.6951 [-0.9149-0.8151]
  [Iter 300/1000] Best: 12672.2798 | Alpha: 0.1899
      [Iter 300] Fitness: current=12197.6242, best=12197.6242, diversity=5.991488
      [Iter 300] Reward: 1.0000
  [Iter 300/1000] Best: 12197.6242 | Alpha: 0.1899
      [Iter 300] Fitness: current=12254.3272, best=12254.3272, diversity=8.947899
      [Iter 300] Reward: -1.0000
  [Iter 300/1000] Best: 12254.3272 | Alpha: 0.1899
      [Iter 300] Action stats: mean=-0.2673±0.4360 [-0.9750-0.3583]
      [Iter 300] Action stats: mean=0.0236±0.6500 [-0.8198-0.8976]
      [Iter 300] Fitness: current=12647.4811, best=12647.4811, diversity=7.845983
      [Iter 300] Reward: -1.0000
  [Iter 300/1000] Best: 12647.4811 | Alpha: 0.1899
      [Iter 300] Fitness: current=12347.8726, best=12347.8726, diversity=7.400910
      [Iter 300] Reward: -1.0000
  [Iter 300/1000] Best: 12347.8726 | Alpha: 0.1899
      [Iter 300] Action stats: mean=-0.2593±0.3715 [-0.7176-0.2342]
      [Iter 300] Action stats: mean=0.1724±0.5157 [-0.5980-0.8233]
      [Iter 300] Action stats: mean=-0.0365±0.7047 [-0.9502-0.7661]
      [Iter 300] Fitness: current=12514.7115, best=12514.7115, diversity=5.747467
      [Iter 300] Reward: 1.0000
  [Iter 300/1000] Best: 12514.7115 | Alpha: 0.1899
      [Iter 300] Fitness: current=12675.6857, best=12675.6857, diversity=3.817011
      [Iter 300] Reward: -1.0000
  [Iter 300/1000] Best: 12675.6857 | Alpha: 0.1899
      [Iter 300] Fitness: current=12554.0391, best=12554.0391, diversity=7.011124
      [Iter 300] Reward: 1.0000
      [Iter 300] Action stats: mean=0.3249±0.5918 [-0.8656-0.8608]
      [Iter 300] Action stats: mean=-0.4581±0.6235 [-0.9464-0.9850]
      [Iter 300] Action stats: mean=0.3804±0.7451 [-0.9234-0.9626]
  [Iter 300/1000] Best: 12554.0391 | Alpha: 0.1899
      [Iter 300] Fitness: current=12442.8283, best=12442.8283, diversity=8.215044
      [Iter 300] Reward: -1.0000
      [Iter 300] Fitness: current=12622.8611, best=12622.8611, diversity=6.628379
      [Iter 300] Reward: 1.0000
      [Iter 300] Fitness: current=12487.0764, best=12487.0764, diversity=7.379648
      [Iter 300] Reward: -1.0000
      [Iter 300] Action stats: mean=0.3151±0.6761 [-0.8892-0.9782]
  [Iter 300/1000] Best: 12442.8283 | Alpha: 0.1899
  [Iter 300/1000] Best: 12487.0764 | Alpha: 0.1899
      [Iter 300] Fitness: current=12318.5174, best=12318.5174, diversity=6.668677
      [Iter 300] Reward: -1.0000
  [Iter 300/1000] Best: 12318.5174 | Alpha: 0.1899
      [Iter 300] Action stats: mean=-0.5684±0.6361 [-0.9916-0.9363]
  [Iter 300/1000] Best: 12622.8611 | Alpha: 0.1899
      [Iter 300] Fitness: current=12546.3669, best=12546.3669, diversity=3.694725
      [Iter 300] Reward: -1.0000
  [Iter 300/1000] Best: 12546.3669 | Alpha: 0.1899
      [Iter 300] Action stats: mean=-0.2016±0.6134 [-0.9728-0.7005]
      [Iter 300] Fitness: current=12615.5017, best=12615.5017, diversity=3.544893
      [Iter 300] Reward: 1.0000
  [Iter 300/1000] Best: 12615.5017 | Alpha: 0.1899
      [Iter 350] Action stats: mean=0.1696±0.6133 [-0.8382-0.8122]
      [Iter 350] Action stats: mean=-0.0196±0.5171 [-0.8641-0.8864]
  [Iter 350/1000] Best: 12246.7920 | Alpha: 0.1871
  [Iter 350/1000] Best: 12671.9881 | Alpha: 0.1871
      [Iter 350] Action stats: mean=-0.2938±0.5876 [-0.9909-0.5804]
  [Iter 350/1000] Best: 12183.9605 | Alpha: 0.1871
      [Iter 350] Action stats: mean=-0.3851±0.7475 [-0.9504-0.9264]
  [Iter 350/1000] Best: 12588.7856 | Alpha: 0.1871
      [Iter 350] Action stats: mean=-0.1912±0.4648 [-0.8617-0.5687]
  [Iter 350/1000] Best: 12326.6461 | Alpha: 0.1871
      [Iter 350] Action stats: mean=0.1227±0.7532 [-0.9455-0.9915]
      [Iter 350] Action stats: mean=0.1227±0.7305 [-0.9602-0.9784]
      [Iter 350] Action stats: mean=-0.0544±0.6774 [-0.8782-0.9769]
      [Iter 350] Action stats: mean=-0.1108±0.5365 [-0.9139-0.9573]
      [Iter 350] Action stats: mean=0.1504±0.5673 [-0.7318-0.9204]
  [Iter 350/1000] Best: 12485.5597 | Alpha: 0.1871
  [Iter 350/1000] Best: 12408.0662 | Alpha: 0.1871
  [Iter 350/1000] Best: 12671.2896 | Alpha: 0.1871
  [Iter 350/1000] Best: 12571.8732 | Alpha: 0.1871
      [Iter 350] Action stats: mean=0.1235±0.6172 [-0.7600-0.8862]
  [Iter 350/1000] Best: 12523.7569 | Alpha: 0.1871
      [Iter 350] Action stats: mean=0.0736±0.6713 [-0.6647-0.9787]
      [Iter 350] Action stats: mean=0.1209±0.7349 [-0.8795-0.9567]
  [Iter 350/1000] Best: 12459.1820 | Alpha: 0.1871
  [Iter 350/1000] Best: 12314.2978 | Alpha: 0.1871
  [Iter 350/1000] Best: 12545.9374 | Alpha: 0.1871
[ACTION DEBUG iter 500] Raw action[1:3]: [-0.2032, 0.5284, 0.3323], noise: 0.0500
[RLAMPSO DEBUG iter 500] w=0.4442, c1=1.4245, c2=1.6695 | fitness=12534.24
[REWARD DEBUG iter 500] FitnessImprovement: 0.0835 → Reward: +1.0000 (prevFit=12534.24, currFit=12534.16)
      [Iter 350] Action stats: mean=0.0370±0.6678 [-0.6808-0.8666]
  [Iter 350/1000] Best: 12610.3114 | Alpha: 0.1871
[ACTION DEBUG iter 500] Raw action[1:3]: [-0.8809, 0.9790, -0.3080], noise: 0.0500
[RLAMPSO DEBUG iter 500] w=0.6141, c1=1.4829, c2=0.9181 | fitness=12625.69
[ACTION DEBUG iter 500] Raw action[1:3]: [-0.8653, -0.6879, 0.0962], noise: 0.0500
[RLAMPSO DEBUG iter 500] w=0.3854, c1=1.2627, c2=1.8005 | fitness=12234.21
[REWARD DEBUG iter 500] FitnessImprovement: 0.0000 → Reward: -1.0000 (prevFit=12625.69, currFit=12625.69)
[REWARD DEBUG iter 500] FitnessImprovement: 0.0000 → Reward: +1.0000 (prevFit=12234.21, currFit=12234.21)
[ACTION DEBUG iter 500] Raw action[1:3]: [-0.9784, 0.6965, 0.9284], noise: 0.0500
[ACTION DEBUG iter 500] WARNING: 3/20 actions clipped (network saturating)
[RLAMPSO DEBUG iter 500] w=0.2844, c1=1.3000, c2=1.3499 | fitness=12643.58
[REWARD DEBUG iter 500] FitnessImprovement: 0.0068 → Reward: +1.0000 (prevFit=12643.58, currFit=12643.57)
[ACTION DEBUG iter 500] Raw action[1:3]: [-0.9042, 0.0193, -0.9630], noise: 0.0500
[ACTION DEBUG iter 500] WARNING: 2/20 actions clipped (network saturating)
[RLAMPSO DEBUG iter 500] w=0.4174, c1=1.5728, c2=0.5000 | fitness=12486.61
[ACTION DEBUG iter 500] Raw action[1:3]: [-0.6531, -0.1868, 0.9428], noise: 0.0500
[ACTION DEBUG iter 500] WARNING: 1/20 actions clipped (network saturating)
[RLAMPSO DEBUG iter 500] w=0.4996, c1=1.3575, c2=1.1018 | fitness=12730.24
[ACTION DEBUG iter 500] Raw action[1:3]: [0.0229, -0.6050, 0.6277], noise: 0.0500
[ACTION DEBUG iter 500] WARNING: 5/20 actions clipped (network saturating)
[RLAMPSO DEBUG iter 500] w=0.5448, c1=1.1903, c2=1.4664 | fitness=12578.14
[REWARD DEBUG iter 500] FitnessImprovement: 0.0007 → Reward: +1.0000 (prevFit=12486.61, currFit=12486.61)
[REWARD DEBUG iter 500] FitnessImprovement: 0.0000 → Reward: -1.0000 (prevFit=12730.24, currFit=12730.24)
[REWARD DEBUG iter 500] FitnessImprovement: 0.0000 → Reward: -1.0000 (prevFit=12578.14, currFit=12578.14)
[ACTION DEBUG iter 500] Raw action[1:3]: [-0.9487, 0.0810, 0.9301], noise: 0.0500
[ACTION DEBUG iter 500] WARNING: 1/20 actions clipped (network saturating)
[RLAMPSO DEBUG iter 500] w=0.3594, c1=1.0228, c2=2.0522 | fitness=12698.54
[REWARD DEBUG iter 500] FitnessImprovement: 0.0000 → Reward: -1.0000 (prevFit=12698.54, currFit=12698.54)
[ACTION DEBUG iter 500] Raw action[1:3]: [0.9871, -0.8530, -0.9611], noise: 0.0500
[ACTION DEBUG iter 500] WARNING: 4/20 actions clipped (network saturating)
[RLAMPSO DEBUG iter 500] w=0.5938, c1=2.1000, c2=1.3753 | fitness=12187.92
[REWARD DEBUG iter 500] FitnessImprovement: 0.1122 → Reward: +1.0000 (prevFit=12187.92, currFit=12187.81)
[ACTION DEBUG iter 500] Raw action[1:3]: [-0.6008, 0.8155, -0.9329], noise: 0.0500
[RLAMPSO DEBUG iter 500] w=0.2663, c1=0.9668, c2=1.1445 | fitness=12420.16
[ACTION DEBUG iter 500] Raw action[1:3]: [-0.6885, 0.9913, -0.9921], noise: 0.0500
[ACTION DEBUG iter 500] WARNING: 6/20 actions clipped (network saturating)
[RLAMPSO DEBUG iter 500] w=0.5965, c1=1.2567, c2=1.3441 | fitness=12605.67
[REWARD DEBUG iter 500] FitnessImprovement: 0.1487 → Reward: +1.0000 (prevFit=12605.67, currFit=12605.53)
[ACTION DEBUG iter 500] Raw action[1:3]: [0.1996, -0.6740, -0.8651], noise: 0.0500
[ACTION DEBUG iter 500] WARNING: 1/20 actions clipped (network saturating)
[RLAMPSO DEBUG iter 500] w=0.6019, c1=1.4985, c2=2.0307 | fitness=12275.06
[REWARD DEBUG iter 500] FitnessImprovement: 0.0322 → Reward: +1.0000 (prevFit=12420.16, currFit=12420.13)
[REWARD DEBUG iter 500] FitnessImprovement: 0.0000 → Reward: -1.0000 (prevFit=12275.06, currFit=12275.06)
[ACTION DEBUG iter 500] Raw action[1:3]: [0.7643, 0.7244, -0.5877], noise: 0.0500
[ACTION DEBUG iter 500] WARNING: 4/20 actions clipped (network saturating)
[RLAMPSO DEBUG iter 500] w=0.6216, c1=0.9157, c2=1.3000 | fitness=12480.56
[REWARD DEBUG iter 500] FitnessImprovement: 0.0000 → Reward: -1.0000 (prevFit=12480.56, currFit=12480.56)
[ACTION DEBUG iter 500] Raw action[1:3]: [0.9952, 0.8506, -0.9402], noise: 0.0500
[ACTION DEBUG iter 500] WARNING: 1/20 actions clipped (network saturating)
[RLAMPSO DEBUG iter 500] w=0.7015, c1=1.7646, c2=0.9000 | fitness=12361.31
[REWARD DEBUG iter 500] FitnessImprovement: 0.0000 → Reward: +1.0000 (prevFit=12361.31, currFit=12361.31)
      [Iter 400] Action stats: mean=-0.2931±0.6657 [-0.9319-0.8769]
      [Iter 400] Action stats: mean=0.6015±0.2705 [0.1985-0.9455]
      [Iter 400] Action stats: mean=-0.0119±0.4913 [-0.8506-0.6662]
      [Iter 400] Fitness: current=12666.3091, best=12666.3091, diversity=4.534649
      [Iter 400] Reward: -1.0000
      [Iter 400] Fitness: current=12234.9900, best=12234.9900, diversity=6.005236
      [Iter 400] Reward: 1.0000
  [Iter 400/1000] Best: 12234.9900 | Alpha: 0.1843
  [Iter 400/1000] Best: 12666.3091 | Alpha: 0.1843
      [Iter 400] Fitness: current=12183.1475, best=12183.1475, diversity=5.179610
      [Iter 400] Reward: -1.0000
  [Iter 400/1000] Best: 12183.1475 | Alpha: 0.1843
      [Iter 400] Action stats: mean=0.1160±0.5536 [-0.8976-0.8426]
      [Iter 400] Fitness: current=12540.7032, best=12540.7032, diversity=7.344362
      [Iter 400] Reward: 1.0000
      [Iter 400] Action stats: mean=-0.0908±0.5936 [-0.9287-0.7710]
  [Iter 400/1000] Best: 12540.7032 | Alpha: 0.1843
      [Iter 400] Fitness: current=12316.5576, best=12316.5576, diversity=5.042932
      [Iter 400] Reward: -1.0000
  [Iter 400/1000] Best: 12316.5576 | Alpha: 0.1843
      [Iter 400] Action stats: mean=0.3574±0.4342 [-0.2717-0.8283]
      [Iter 400] Action stats: mean=-0.1582±0.6566 [-0.9361-0.8734]
      [Iter 400] Fitness: current=12404.6783, best=12404.6783, diversity=6.892353
      [Iter 400] Reward: -1.0000
      [Iter 400] Fitness: current=12418.0586, best=12418.0586, diversity=3.606520
      [Iter 400] Reward: -1.0000
  [Iter 400/1000] Best: 12418.0586 | Alpha: 0.1843
      [Iter 400] Action stats: mean=0.0275±0.5509 [-0.7332-0.9652]
  [Iter 400/1000] Best: 12404.6783 | Alpha: 0.1843
      [Iter 400] Action stats: mean=0.0506±0.4438 [-0.4449-0.7457]
      [Iter 400] Action stats: mean=-0.0573±0.5693 [-0.8534-0.8103]
      [Iter 400] Action stats: mean=0.0580±0.6772 [-0.9810-0.9877]
      [Iter 400] Fitness: current=12427.3845, best=12427.3845, diversity=6.405449
      [Iter 400] Reward: -1.0000
  [Iter 400/1000] Best: 12427.3845 | Alpha: 0.1843
      [Iter 400] Fitness: current=12372.5396, best=12372.5396, diversity=7.978125
      [Iter 400] Reward: 1.0000
  [Iter 400/1000] Best: 12372.5396 | Alpha: 0.1843
      [Iter 400] Fitness: current=12657.8988, best=12657.8988, diversity=4.254442
      [Iter 400] Reward: -1.0000
      [Iter 400] Fitness: current=12566.7160, best=12566.7160, diversity=3.159866
      [Iter 400] Reward: 1.0000
  [Iter 400/1000] Best: 12566.7160 | Alpha: 0.1843
  [Iter 400/1000] Best: 12657.8988 | Alpha: 0.1843
      [Iter 400] Action stats: mean=-0.1000±0.7625 [-0.9199-0.9033]
      [Iter 400] Fitness: current=12311.0349, best=12311.0349, diversity=4.251836
      [Iter 400] Reward: 1.0000
  [Iter 400/1000] Best: 12311.0349 | Alpha: 0.1843
      [Iter 400] Action stats: mean=0.2432±0.6556 [-0.7715-0.9335]
      [Iter 400] Fitness: current=12544.8217, best=12544.8217, diversity=3.925414
      [Iter 400] Reward: -1.0000
  [Iter 400/1000] Best: 12544.8217 | Alpha: 0.1843
      [Iter 400] Action stats: mean=-0.1461±0.6776 [-0.9299-0.9727]
      [Iter 400] Fitness: current=12601.5861, best=12601.5861, diversity=2.631841
      [Iter 400] Reward: -1.0000
  [Iter 400/1000] Best: 12601.5861 | Alpha: 0.1843

========== Planning Complete ==========
Algorithm: RLAMPSO
Execution time: 219.1499 seconds
Path length: 297.4311 units
Waypoints: 7
Best fitness: 12625.6923
========================================


========== Direct Global Planning ==========
Algorithm: DQN_PSO
Start: [0.0, 0.0, 10.0]
Goal:  [200.0, 200.0, 10.0]
============================================

Warning: DQN-PSO (paper) is homogeneous; forcing paramMode to global.
> In <a href="matlab:matlab.lang.internal.introspective.errorDocCallback('globalPathPlanningDQNPSO', '/Users/hust-hwashin621m/Desktop/vietanhpaper-2/algorithms/dqn_pso/globalPathPlanningDQNPSO.m', 15)" style="font-weight:bold">globalPathPlanningDQNPSO</a> (<a href="matlab: opentoline('/Users/hust-hwashin621m/Desktop/vietanhpaper-2/algorithms/dqn_pso/globalPathPlanningDQNPSO.m',15,0)">line 15</a>)
In <a href="matlab:matlab.lang.internal.introspective.errorDocCallback('callGlobalPlanningAlgorithm', '/Users/hust-hwashin621m/Desktop/vietanhpaper-2/algorithms/callGlobalPlanningAlgorithm.m', 230)" style="font-weight:bold">callGlobalPlanningAlgorithm</a> (<a href="matlab: opentoline('/Users/hust-hwashin621m/Desktop/vietanhpaper-2/algorithms/callGlobalPlanningAlgorithm.m',230,0)">line 230</a>)
In <a href="matlab:matlab.lang.internal.introspective.errorDocCallback('directGlobalPlanning', '/Users/hust-hwashin621m/Desktop/vietanhpaper-2/shared/path_planning/directGlobalPlanning.m', 59)" style="font-weight:bold">directGlobalPlanning</a> (<a href="matlab: opentoline('/Users/hust-hwashin621m/Desktop/vietanhpaper-2/shared/path_planning/directGlobalPlanning.m',59,0)">line 59</a>)
In <a href="matlab:matlab.lang.internal.introspective.errorDocCallback('run_comparison>@(varargin)directGlobalPlanning(varargin{:})', '/Users/hust-hwashin621m/Desktop/vietanhpaper-2/run_comparison.m', 274)" style="font-weight:bold">run_comparison>@(varargin)directGlobalPlanning(varargin{:})</a> (<a href="matlab: opentoline('/Users/hust-hwashin621m/Desktop/vietanhpaper-2/run_comparison.m',274,0)">line 274</a>)
In <a href="matlab:matlab.lang.internal.introspective.errorDocCallback('compare_algorithms>runAlgorithmBatch', '/Users/hust-hwashin621m/Desktop/vietanhpaper-2/scripts/compare_algorithms.m', 139)" style="font-weight:bold">compare_algorithms>runAlgorithmBatch</a> (<a href="matlab: opentoline('/Users/hust-hwashin621m/Desktop/vietanhpaper-2/scripts/compare_algorithms.m',139,0)">line 139</a>)
Starting DQN-PSO (HMM + DQN) - Mode: global
[ACTION DEBUG iter 600] Raw action[1:3]: [-0.6528, 0.5401, -0.0610], noise: 0.0500
[RLAMPSO DEBUG iter 600] w=0.2951, c1=1.5844, c2=1.7363 | fitness=12502.47
[REWARD DEBUG iter 600] FitnessImprovement: 0.0001 → Reward: +1.0000 (prevFit=12502.47, currFit=12502.47)
[ACTION DEBUG iter 600] Raw action[1:3]: [-0.8784, -0.6670, -0.2923], noise: 0.0500
[RLAMPSO DEBUG iter 600] w=0.4164, c1=1.4963, c2=1.7334 | fitness=12234.20
[REWARD DEBUG iter 600] FitnessImprovement: 0.0000 → Reward: -1.0000 (prevFit=12234.20, currFit=12234.20)
[ACTION DEBUG iter 600] Raw action[1:3]: [-0.9203, 0.0513, 0.8969], noise: 0.0500
[ACTION DEBUG iter 600] WARNING: 2/20 actions clipped (network saturating)
[RLAMPSO DEBUG iter 600] w=0.2754, c1=1.1714, c2=1.6595 | fitness=12642.52
[ACTION DEBUG iter 600] Raw action[1:3]: [0.9785, -0.9423, 0.7537], noise: 0.0500
[ACTION DEBUG iter 600] WARNING: 4/20 actions clipped (network saturating)
[RLAMPSO DEBUG iter 600] w=0.6918, c1=1.3000, c2=2.0390 | fitness=12578.09
[REWARD DEBUG iter 600] FitnessImprovement: 0.0001 → Reward: +1.0000 (prevFit=12642.52, currFit=12642.52)
[ACTION DEBUG iter 600] Raw action[1:3]: [-0.3189, 0.7324, 0.9690], noise: 0.0500
[ACTION DEBUG iter 600] WARNING: 2/20 actions clipped (network saturating)
[RLAMPSO DEBUG iter 600] w=0.4312, c1=2.1000, c2=1.6092 | fitness=12730.17
[REWARD DEBUG iter 600] FitnessImprovement: 0.0000 → Reward: -1.0000 (prevFit=12730.17, currFit=12730.17)
[REWARD DEBUG iter 600] FitnessImprovement: 0.0000 → Reward: +1.0000 (prevFit=12578.09, currFit=12578.09)
[ACTION DEBUG iter 600] Raw action[1:3]: [0.7958, -0.8699, -0.9592], noise: 0.0500
[ACTION DEBUG iter 600] WARNING: 4/20 actions clipped (network saturating)
[RLAMPSO DEBUG iter 600] w=0.6184, c1=2.1000, c2=1.0233 | fitness=12403.46
[REWARD DEBUG iter 600] FitnessImprovement: 0.0017 → Reward: +1.0000 (prevFit=12403.46, currFit=12403.46)
[ACTION DEBUG iter 600] Raw action[1:3]: [-0.8402, 0.3988, -0.9547], noise: 0.0500
[ACTION DEBUG iter 600] WARNING: 1/20 actions clipped (network saturating)
[RLAMPSO DEBUG iter 600] w=0.2857, c1=0.9697, c2=1.3484 | fitness=12419.63
[REWARD DEBUG iter 600] FitnessImprovement: 0.0006 → Reward: +1.0000 (prevFit=12419.63, currFit=12419.62)
[ACTION DEBUG iter 600] Raw action[1:3]: [0.9059, 0.9597, -0.9952], noise: 0.0500
[ACTION DEBUG iter 600] WARNING: 5/20 actions clipped (network saturating)
[RLAMPSO DEBUG iter 600] w=0.7424, c1=1.6203, c2=1.2391 | fitness=12603.66
[ACTION DEBUG iter 600] Raw action[1:3]: [-0.5040, -0.1286, -0.9561], noise: 0.0500
[ACTION DEBUG iter 600] WARNING: 2/20 actions clipped (network saturating)
[RLAMPSO DEBUG iter 600] w=0.5075, c1=1.5204, c2=1.7326 | fitness=12251.47
[ACTION DEBUG iter 600] Raw action[1:3]: [0.9885, -0.9578, -0.9827], noise: 0.0500
[ACTION DEBUG iter 600] WARNING: 3/20 actions clipped (network saturating)
[RLAMPSO DEBUG iter 600] w=0.5681, c1=2.0239, c2=1.9841 | fitness=12187.23
[REWARD DEBUG iter 600] FitnessImprovement: 0.0487 → Reward: +1.0000 (prevFit=12251.47, currFit=12251.42)
[REWARD DEBUG iter 600] FitnessImprovement: 0.0011 → Reward: +1.0000 (prevFit=12187.23, currFit=12187.23)
[ACTION DEBUG iter 600] Raw action[1:3]: [-0.9742, 0.6128, 0.8210], noise: 0.0500
[ACTION DEBUG iter 600] WARNING: 1/20 actions clipped (network saturating)
[RLAMPSO DEBUG iter 600] w=0.3948, c1=1.6887, c2=1.9842 | fitness=12698.23
[REWARD DEBUG iter 600] FitnessImprovement: 0.0002 → Reward: +1.0000 (prevFit=12603.66, currFit=12603.66)
[ACTION DEBUG iter 600] Raw action[1:3]: [-0.8533, 0.4989, 0.8839], noise: 0.0500
[ACTION DEBUG iter 600] WARNING: 3/20 actions clipped (network saturating)
[RLAMPSO DEBUG iter 600] w=0.3938, c1=0.9000, c2=1.3000 | fitness=12480.55
[REWARD DEBUG iter 600] FitnessImprovement: 0.0000 → Reward: -1.0000 (prevFit=12480.55, currFit=12480.55)
[REWARD DEBUG iter 600] FitnessImprovement: 0.0019 → Reward: +1.0000 (prevFit=12698.23, currFit=12698.23)
      [Iter 450] Action stats: mean=0.3505±0.7478 [-0.8632-0.9632]
      [Iter 450] Action stats: mean=-0.2199±0.5146 [-0.9634-0.7575]
  [Iter 450/1000] Best: 12664.7660 | Alpha: 0.1815
[ACTION DEBUG iter 600] Raw action[1:3]: [0.9947, 0.9849, -0.9845], noise: 0.0500
[ACTION DEBUG iter 600] WARNING: 6/20 actions clipped (network saturating)
[RLAMPSO DEBUG iter 600] w=0.7269, c1=1.7000, c2=0.9000 | fitness=12361.29
[REWARD DEBUG iter 600] FitnessImprovement: 0.0000 → Reward: +1.0000 (prevFit=12361.29, currFit=12361.29)
  [Iter 450/1000] Best: 12178.5459 | Alpha: 0.1815
      [Iter 450] Action stats: mean=-0.0601±0.5693 [-0.9774-0.6488]
  [Iter 450/1000] Best: 12224.7808 | Alpha: 0.1815
      [Iter 450] Action stats: mean=0.2873±0.6453 [-0.9550-0.9439]
  [Iter 450/1000] Best: 12517.8584 | Alpha: 0.1815
      [Iter 450] Action stats: mean=-0.0513±0.4456 [-0.8254-0.6364]
      [Iter 450] Action stats: mean=0.0131±0.7407 [-0.9856-0.9289]
  [Iter 450/1000] Best: 12316.2343 | Alpha: 0.1815
      [Iter 450] Action stats: mean=0.0908±0.5729 [-0.9119-0.8207]
  [Iter 450/1000] Best: 12381.8826 | Alpha: 0.1815
      [Iter 450] Action stats: mean=0.1619±0.4410 [-0.3914-0.9927]
  [Iter 450/1000] Best: 12565.3627 | Alpha: 0.1815
  [Iter 450/1000] Best: 12397.9704 | Alpha: 0.1815
      [Iter 450] Action stats: mean=0.0942±0.7893 [-0.9143-0.9742]
      [Iter 450] Action stats: mean=-0.1360±0.4285 [-0.7227-0.5287]
  [Iter 450/1000] Best: 12616.7132 | Alpha: 0.1815
      [Iter 450] Action stats: mean=0.3217±0.4858 [-0.4679-0.8143]
  [Iter 450/1000] Best: 12363.7611 | Alpha: 0.1815
  [Iter 450/1000] Best: 12337.7115 | Alpha: 0.1815
      [Iter 450] Action stats: mean=-0.1338±0.5319 [-0.9684-0.7816]
      [Iter 450] Action stats: mean=0.0337±0.4583 [-0.6500-0.7895]
  [Iter 450/1000] Best: 12306.7870 | Alpha: 0.1815
  [Iter 450/1000] Best: 12541.5155 | Alpha: 0.1815
      [Iter 450] Action stats: mean=-0.2044±0.7277 [-0.9714-0.7995]
  [Iter 450/1000] Best: 12599.4667 | Alpha: 0.1815
DQN-PSO iter 50/1000 | Fitness: 13064.24 | w=0.900 c1=1.200 c2=1.450
      [Iter 500] Action stats: mean=-0.2469±0.6241 [-0.9788-0.9166]
      [Iter 500] Fitness: current=12662.6024, best=12662.6024, diversity=2.905361
      [Iter 500] Reward: -1.0000
  [Iter 500/1000] Best: 12662.6024 | Alpha: 0.1788
      [Iter 500] Action stats: mean=0.0889±0.6561 [-0.9164-0.8754]
      [Iter 500] Action stats: mean=-0.1261±0.5233 [-0.7133-0.8325]
      [Iter 500] Fitness: current=12224.5709, best=12224.5709, diversity=3.960960
      [Iter 500] Reward: 1.0000
      [Iter 500] Fitness: current=12177.5274, best=12177.5274, diversity=4.574156
      [Iter 500] Reward: -1.0000
  [Iter 500/1000] Best: 12177.5274 | Alpha: 0.1789
  [Iter 500/1000] Best: 12224.5709 | Alpha: 0.1788
      [Iter 500] Action stats: mean=-0.3179±0.4258 [-0.8916-0.1789]
      [Iter 500] Fitness: current=12307.2830, best=12307.2830, diversity=2.131977
      [Iter 500] Reward: -1.0000
      [Iter 500] Action stats: mean=-0.0908±0.5956 [-0.9682-0.5272]
  [Iter 500/1000] Best: 12307.2830 | Alpha: 0.1788
      [Iter 500] Fitness: current=12516.4540, best=12516.4540, diversity=4.474302
      [Iter 500] Reward: -1.0000
  [Iter 500/1000] Best: 12516.4540 | Alpha: 0.1788
      [Iter 500] Action stats: mean=0.0674±0.6142 [-0.8099-0.9297]
      [Iter 500] Action stats: mean=0.1019±0.6151 [-0.6463-0.9580]
      [Iter 500] Action stats: mean=0.2520±0.5500 [-0.3697-0.8891]
      [Iter 500] Fitness: current=12373.0580, best=12373.0580, diversity=3.761860
      [Iter 500] Reward: -1.0000
  [Iter 500/1000] Best: 12373.0580 | Alpha: 0.1788
      [Iter 500] Fitness: current=12593.5254, best=12593.5254, diversity=4.353387
      [Iter 500] Reward: 1.0000
      [Iter 500] Action stats: mean=0.1505±0.8167 [-0.9341-0.9916]
      [Iter 500] Fitness: current=12388.3862, best=12388.3862, diversity=2.867902
      [Iter 500] Reward: -1.0000
  [Iter 500/1000] Best: 12388.3862 | Alpha: 0.1788
      [Iter 500] Action stats: mean=0.3141±0.6047 [-0.9525-0.9909]
      [Iter 500] Action stats: mean=0.1736±0.5172 [-0.6554-0.9620]
      [Iter 500] Fitness: current=12564.9291, best=12564.9291, diversity=2.173475
      [Iter 500] Reward: -1.0000
  [Iter 500/1000] Best: 12564.9291 | Alpha: 0.1788
      [Iter 500] Fitness: current=12331.0369, best=12331.0369, diversity=6.172911
      [Iter 500] Reward: -1.0000
      [Iter 500] Fitness: current=12354.6173, best=12354.6173, diversity=6.085692
      [Iter 500] Reward: -1.0000
  [Iter 500/1000] Best: 12593.5254 | Alpha: 0.1788
  [Iter 500/1000] Best: 12331.0369 | Alpha: 0.1788
  [Iter 500/1000] Best: 12354.6173 | Alpha: 0.1788
      [Iter 500] Action stats: mean=-0.2527±0.7014 [-0.9415-0.9658]
      [Iter 500] Fitness: current=12306.0891, best=12306.0891, diversity=2.763734
      [Iter 500] Reward: -1.0000
      [Iter 500] Action stats: mean=0.0498±0.7113 [-0.8314-0.9733]
  [Iter 500/1000] Best: 12306.0891 | Alpha: 0.1788
      [Iter 500] Fitness: current=12386.6587, best=12386.6587, diversity=3.730715
      [Iter 500] Reward: -1.0000
      [Iter 500] Action stats: mean=-0.0997±0.4135 [-0.6359-0.5031]
  [Iter 500/1000] Best: 12386.6587 | Alpha: 0.1788
      [Iter 500] Fitness: current=12594.8556, best=12594.8556, diversity=1.860105
      [Iter 500] Reward: -1.0000
[ACTION DEBUG iter 700] Raw action[1:3]: [-0.8573, 0.6789, -0.6488], noise: 0.0500
[RLAMPSO DEBUG iter 700] w=0.2458, c1=1.4308, c2=1.2615 | fitness=12502.42
[REWARD DEBUG iter 700] FitnessImprovement: 0.0000 → Reward: +1.0000 (prevFit=12502.42, currFit=12502.42)
  [Iter 500/1000] Best: 12594.8556 | Alpha: 0.1788
[ACTION DEBUG iter 700] Raw action[1:3]: [-0.9786, -0.7544, 0.1543], noise: 0.0500
[ACTION DEBUG iter 700] WARNING: 1/20 actions clipped (network saturating)
[RLAMPSO DEBUG iter 700] w=0.4083, c1=1.2744, c2=1.3895 | fitness=12234.02
[REWARD DEBUG iter 700] FitnessImprovement: 0.0102 → Reward: +1.0000 (prevFit=12234.02, currFit=12234.01)
[ACTION DEBUG iter 700] Raw action[1:3]: [-0.4262, 0.5484, 0.7856], noise: 0.0500
[ACTION DEBUG iter 700] WARNING: 1/20 actions clipped (network saturating)
[RLAMPSO DEBUG iter 700] w=0.5451, c1=1.7924, c2=2.1237 | fitness=12730.17
[ACTION DEBUG iter 700] Raw action[1:3]: [0.9797, -0.8109, 0.9471], noise: 0.0500
[ACTION DEBUG iter 700] WARNING: 3/20 actions clipped (network saturating)
[RLAMPSO DEBUG iter 700] w=0.6571, c1=1.3159, c2=1.9972 | fitness=12578.07
[REWARD DEBUG iter 700] FitnessImprovement: 0.0000 → Reward: -1.0000 (prevFit=12730.17, currFit=12730.17)
[REWARD DEBUG iter 700] FitnessImprovement: 0.0000 → Reward: +1.0000 (prevFit=12578.07, currFit=12578.07)
[ACTION DEBUG iter 700] Raw action[1:3]: [-0.9488, 0.6369, 0.9725], noise: 0.0500
[ACTION DEBUG iter 700] WARNING: 4/20 actions clipped (network saturating)
[RLAMPSO DEBUG iter 700] w=0.2621, c1=1.5386, c2=1.7449 | fitness=12642.48
[ACTION DEBUG iter 700] Raw action[1:3]: [0.7877, -0.7233, -0.9418], noise: 0.0500
[ACTION DEBUG iter 700] WARNING: 3/20 actions clipped (network saturating)
[RLAMPSO DEBUG iter 700] w=0.7014, c1=1.3320, c2=0.6869 | fitness=12346.73
[REWARD DEBUG iter 700] FitnessImprovement: 0.5923 → Reward: +1.0000 (prevFit=12346.73, currFit=12346.14)
[REWARD DEBUG iter 700] FitnessImprovement: 0.0000 → Reward: +1.0000 (prevFit=12642.48, currFit=12642.48)
[ACTION DEBUG iter 700] Raw action[1:3]: [0.9435, -0.9786, -0.9934], noise: 0.0500
[ACTION DEBUG iter 700] WARNING: 4/20 actions clipped (network saturating)
[RLAMPSO DEBUG iter 700] w=0.5662, c1=1.7000, c2=1.5489 | fitness=12187.16
[REWARD DEBUG iter 700] FitnessImprovement: 0.0000 → Reward: -1.0000 (prevFit=12187.16, currFit=12187.16)
[ACTION DEBUG iter 700] Raw action[1:3]: [-0.4095, -0.6249, -0.9388], noise: 0.0500
[ACTION DEBUG iter 700] WARNING: 3/20 actions clipped (network saturating)
[RLAMPSO DEBUG iter 700] w=0.4806, c1=1.3737, c2=1.7788 | fitness=12251.13
[ACTION DEBUG iter 700] Raw action[1:3]: [-0.9060, 0.7056, 0.8435], noise: 0.0500
[ACTION DEBUG iter 700] WARNING: 2/20 actions clipped (network saturating)
[RLAMPSO DEBUG iter 700] w=0.3214, c1=1.8778, c2=2.0483 | fitness=12698.04
[ACTION DEBUG iter 700] Raw action[1:3]: [0.9355, 0.9895, -0.9943], noise: 0.0500
[ACTION DEBUG iter 700] WARNING: 4/20 actions clipped (network saturating)
[RLAMPSO DEBUG iter 700] w=0.7364, c1=1.1083, c2=1.1611 | fitness=12603.64
[REWARD DEBUG iter 700] FitnessImprovement: 0.0001 → Reward: +1.0000 (prevFit=12251.13, currFit=12251.13)
[REWARD DEBUG iter 700] FitnessImprovement: 0.0000 → Reward: -1.0000 (prevFit=12698.04, currFit=12698.04)
[REWARD DEBUG iter 700] FitnessImprovement: 0.0000 → Reward: +1.0000 (prevFit=12603.64, currFit=12603.64)
[ACTION DEBUG iter 700] Raw action[1:3]: [-0.9719, 0.8806, -0.7981], noise: 0.0500
[ACTION DEBUG iter 700] WARNING: 5/20 actions clipped (network saturating)
[RLAMPSO DEBUG iter 700] w=0.1945, c1=1.2994, c2=0.9000 | fitness=12419.59
[REWARD DEBUG iter 700] FitnessImprovement: 0.0000 → Reward: +1.0000 (prevFit=12419.59, currFit=12419.59)
[ACTION DEBUG iter 700] Raw action[1:3]: [0.6778, -0.9285, 0.0727], noise: 0.0500
[ACTION DEBUG iter 700] WARNING: 4/20 actions clipped (network saturating)
[RLAMPSO DEBUG iter 700] w=0.5287, c1=0.9000, c2=1.2422 | fitness=12480.55
[REWARD DEBUG iter 700] FitnessImprovement: 0.0000 → Reward: -1.0000 (prevFit=12480.55, currFit=12480.55)
[ACTION DEBUG iter 700] Raw action[1:3]: [0.9996, 0.9999, -0.9581], noise: 0.0500
[ACTION DEBUG iter 700] WARNING: 8/20 actions clipped (network saturating)
[RLAMPSO DEBUG iter 700] w=0.7317, c1=1.6341, c2=0.9000 | fitness=12361.29
[REWARD DEBUG iter 700] FitnessImprovement: 0.0000 → Reward: -1.0000 (prevFit=12361.29, currFit=12361.29)
      [Iter 550] Action stats: mean=-0.1557±0.5020 [-0.8390-0.6410]
  [Iter 550/1000] Best: 12661.9756 | Alpha: 0.1762
      [Iter 550] Action stats: mean=-0.1167±0.5330 [-0.8278-0.6808]
  [Iter 550/1000] Best: 12177.3985 | Alpha: 0.1762
      [Iter 550] Action stats: mean=-0.0391±0.4206 [-0.8406-0.4887]
  [Iter 550/1000] Best: 12224.2269 | Alpha: 0.1762
      [Iter 550] Action stats: mean=-0.0818±0.6469 [-0.8437-0.9238]
  [Iter 550/1000] Best: 12299.1554 | Alpha: 0.1762
      [Iter 550] Action stats: mean=0.1364±0.5455 [-0.9716-0.6627]
DQN-PSO iter 100/1000 | Fitness: 12982.50 | w=0.900 c1=0.700 c2=2.250
      [Iter 550] Action stats: mean=-0.3889±0.5690 [-0.9685-0.9011]
  [Iter 550/1000] Best: 12515.5525 | Alpha: 0.1762
      [Iter 550] Action stats: mean=0.3637±0.4835 [-0.4969-0.9478]
      [Iter 550] Action stats: mean=0.0002±0.5741 [-0.8711-0.7251]
      [Iter 550] Action stats: mean=0.3429±0.5363 [-0.5466-0.9221]
      [Iter 550] Action stats: mean=0.0535±0.7512 [-0.9520-0.9038]
  [Iter 550/1000] Best: 12385.0354 | Alpha: 0.1762
  [Iter 550/1000] Best: 12347.1409 | Alpha: 0.1762
  [Iter 550/1000] Best: 12564.7653 | Alpha: 0.1762
  [Iter 550/1000] Best: 12364.2450 | Alpha: 0.1762
      [Iter 550] Action stats: mean=-0.2917±0.6828 [-0.9668-0.7962]
  [Iter 550/1000] Best: 12592.1727 | Alpha: 0.1762
  [Iter 550/1000] Best: 12323.2276 | Alpha: 0.1763
      [Iter 550] Action stats: mean=-0.0293±0.4144 [-0.6514-0.5875]
  [Iter 550/1000] Best: 12305.9688 | Alpha: 0.1762
      [Iter 550] Action stats: mean=-0.1627±0.7987 [-0.8760-0.9341]
      [Iter 550] Action stats: mean=0.1219±0.6807 [-0.7259-0.9503]
  [Iter 550/1000] Best: 12277.9419 | Alpha: 0.1762
  [Iter 550/1000] Best: 12593.3543 | Alpha: 0.1762

========== Planning Complete ==========
Algorithm: RLAMPSO
Execution time: 270.3077 seconds
Path length: 292.5465 units
Waypoints: 7
Best fitness: 12361.2915
========================================


========== Direct Global Planning ==========
Algorithm: DQN_PSO
Start: [0.0, 0.0, 10.0]
Goal:  [200.0, 200.0, 10.0]
============================================

Warning: DQN-PSO (paper) is homogeneous; forcing paramMode to global.
> In <a href="matlab:matlab.lang.internal.introspective.errorDocCallback('globalPathPlanningDQNPSO', '/Users/hust-hwashin621m/Desktop/vietanhpaper-2/algorithms/dqn_pso/globalPathPlanningDQNPSO.m', 15)" style="font-weight:bold">globalPathPlanningDQNPSO</a> (<a href="matlab: opentoline('/Users/hust-hwashin621m/Desktop/vietanhpaper-2/algorithms/dqn_pso/globalPathPlanningDQNPSO.m',15,0)">line 15</a>)
In <a href="matlab:matlab.lang.internal.introspective.errorDocCallback('callGlobalPlanningAlgorithm', '/Users/hust-hwashin621m/Desktop/vietanhpaper-2/algorithms/callGlobalPlanningAlgorithm.m', 230)" style="font-weight:bold">callGlobalPlanningAlgorithm</a> (<a href="matlab: opentoline('/Users/hust-hwashin621m/Desktop/vietanhpaper-2/algorithms/callGlobalPlanningAlgorithm.m',230,0)">line 230</a>)
In <a href="matlab:matlab.lang.internal.introspective.errorDocCallback('directGlobalPlanning', '/Users/hust-hwashin621m/Desktop/vietanhpaper-2/shared/path_planning/directGlobalPlanning.m', 59)" style="font-weight:bold">directGlobalPlanning</a> (<a href="matlab: opentoline('/Users/hust-hwashin621m/Desktop/vietanhpaper-2/shared/path_planning/directGlobalPlanning.m',59,0)">line 59</a>)
In <a href="matlab:matlab.lang.internal.introspective.errorDocCallback('run_comparison>@(varargin)directGlobalPlanning(varargin{:})', '/Users/hust-hwashin621m/Desktop/vietanhpaper-2/run_comparison.m', 274)" style="font-weight:bold">run_comparison>@(varargin)directGlobalPlanning(varargin{:})</a> (<a href="matlab: opentoline('/Users/hust-hwashin621m/Desktop/vietanhpaper-2/run_comparison.m',274,0)">line 274</a>)
In <a href="matlab:matlab.lang.internal.introspective.errorDocCallback('compare_algorithms>runAlgorithmBatch', '/Users/hust-hwashin621m/Desktop/vietanhpaper-2/scripts/compare_algorithms.m', 139)" style="font-weight:bold">compare_algorithms>runAlgorithmBatch</a> (<a href="matlab: opentoline('/Users/hust-hwashin621m/Desktop/vietanhpaper-2/scripts/compare_algorithms.m',139,0)">line 139</a>)
Starting DQN-PSO (HMM + DQN) - Mode: global
[ACTION DEBUG iter 800] Raw action[1:3]: [-0.8990, 0.7286, -0.3493], noise: 0.0500
[ACTION DEBUG iter 800] WARNING: 1/20 actions clipped (network saturating)
[RLAMPSO DEBUG iter 800] w=0.2464, c1=1.3475, c2=1.6594 | fitness=12501.61
[ACTION DEBUG iter 800] Raw action[1:3]: [-0.9651, -0.0306, -0.7947], noise: 0.0500
[RLAMPSO DEBUG iter 800] w=0.3264, c1=1.4748, c2=0.9743 | fitness=12232.06
[REWARD DEBUG iter 800] FitnessImprovement: 0.2704 → Reward: +1.0000 (prevFit=12501.61, currFit=12501.34)
[REWARD DEBUG iter 800] FitnessImprovement: 0.0028 → Reward: +1.0000 (prevFit=12232.06, currFit=12232.05)
[ACTION DEBUG iter 800] Raw action[1:3]: [-0.7770, 0.3094, 0.6972], noise: 0.0500
[ACTION DEBUG iter 800] WARNING: 2/20 actions clipped (network saturating)
[RLAMPSO DEBUG iter 800] w=0.5290, c1=1.9186, c2=1.7150 | fitness=12711.85
      [Iter 600] Action stats: mean=-0.2291±0.6780 [-0.9845-0.9828]
      [Iter 600] Fitness: current=12661.4176, best=12661.4176, diversity=0.757294
      [Iter 600] Reward: -1.0000
[ACTION DEBUG iter 800] Raw action[1:3]: [0.9922, -0.1596, 0.8300], noise: 0.0500
[ACTION DEBUG iter 800] WARNING: 5/20 actions clipped (network saturating)
[RLAMPSO DEBUG iter 800] w=0.8168, c1=1.5426, c2=2.0709 | fitness=12578.00
[ACTION DEBUG iter 800] Raw action[1:3]: [-0.9813, -0.2565, 0.9744], noise: 0.0500
[ACTION DEBUG iter 800] WARNING: 6/20 actions clipped (network saturating)
[RLAMPSO DEBUG iter 800] w=0.2692, c1=1.3126, c2=1.8803 | fitness=12642.31
[REWARD DEBUG iter 800] FitnessImprovement: 0.0066 → Reward: +1.0000 (prevFit=12711.85, currFit=12711.85)
  [Iter 600/1000] Best: 12661.4176 | Alpha: 0.1735
[ACTION DEBUG iter 800] Raw action[1:3]: [0.0097, -0.5177, -0.8888], noise: 0.0500
[ACTION DEBUG iter 800] WARNING: 1/20 actions clipped (network saturating)
[RLAMPSO DEBUG iter 800] w=0.4905, c1=1.4466, c2=1.7000 | fitness=12251.11
[REWARD DEBUG iter 800] FitnessImprovement: 0.0000 → Reward: -1.0000 (prevFit=12578.00, currFit=12578.00)
[REWARD DEBUG iter 800] FitnessImprovement: 0.0015 → Reward: +1.0000 (prevFit=12642.31, currFit=12642.31)
      [Iter 600] Action stats: mean=0.1300±0.6578 [-0.9982-0.7661]
      [Iter 600] Fitness: current=12223.5940, best=12223.5940, diversity=2.806789
      [Iter 600] Reward: -1.0000
[REWARD DEBUG iter 800] FitnessImprovement: 0.0000 → Reward: +1.0000 (prevFit=12251.11, currFit=12251.11)
[ACTION DEBUG iter 800] Raw action[1:3]: [-0.9276, 0.9807, -0.9766], noise: 0.0500
[ACTION DEBUG iter 800] WARNING: 5/20 actions clipped (network saturating)
[RLAMPSO DEBUG iter 800] w=0.5721, c1=1.4441, c2=1.2135 | fitness=12332.48
      [Iter 600] Action stats: mean=0.0983±0.4268 [-0.4484-0.6596]
      [Iter 600] Fitness: current=12177.2949, best=12177.2949, diversity=3.021539
      [Iter 600] Reward: 1.0000
  [Iter 600/1000] Best: 12223.5940 | Alpha: 0.1735
[REWARD DEBUG iter 800] FitnessImprovement: 0.0000 → Reward: -1.0000 (prevFit=12332.48, currFit=12332.48)
[ACTION DEBUG iter 800] Raw action[1:3]: [0.4031, -0.9553, -0.9918], noise: 0.0500
[ACTION DEBUG iter 800] WARNING: 5/20 actions clipped (network saturating)
[RLAMPSO DEBUG iter 800] w=0.5293, c1=1.9390, c2=1.7000 | fitness=12186.67
[ACTION DEBUG iter 800] Raw action[1:3]: [-0.9883, 0.9793, 0.7998], noise: 0.0500
[ACTION DEBUG iter 800] WARNING: 3/20 actions clipped (network saturating)
[RLAMPSO DEBUG iter 800] w=0.1853, c1=1.0676, c2=1.7000 | fitness=12416.91
[ACTION DEBUG iter 800] Raw action[1:3]: [-0.4601, -0.0986, 0.2648], noise: 0.0500
[ACTION DEBUG iter 800] WARNING: 3/20 actions clipped (network saturating)
[RLAMPSO DEBUG iter 800] w=0.3958, c1=0.7069, c2=1.3840 | fitness=12698.04
  [Iter 600/1000] Best: 12177.2949 | Alpha: 0.1736
[ACTION DEBUG iter 800] Raw action[1:3]: [0.9878, 0.9984, -0.9991], noise: 0.0500
[ACTION DEBUG iter 800] WARNING: 3/20 actions clipped (network saturating)
[RLAMPSO DEBUG iter 800] w=0.6712, c1=1.0482, c2=1.2551 | fitness=12603.61
[REWARD DEBUG iter 800] FitnessImprovement: 0.0248 → Reward: +1.0000 (prevFit=12186.67, currFit=12186.64)
[REWARD DEBUG iter 800] FitnessImprovement: 0.0207 → Reward: +1.0000 (prevFit=12416.91, currFit=12416.89)
[REWARD DEBUG iter 800] FitnessImprovement: 0.0000 → Reward: +1.0000 (prevFit=12698.04, currFit=12698.04)
[REWARD DEBUG iter 800] FitnessImprovement: 0.0016 → Reward: +1.0000 (prevFit=12603.61, currFit=12603.61)
      [Iter 600] Action stats: mean=-0.0269±0.7214 [-0.9567-0.8787]
[ACTION DEBUG iter 800] Raw action[1:3]: [0.8847, -0.9249, -0.9045], noise: 0.0500
[ACTION DEBUG iter 800] WARNING: 1/20 actions clipped (network saturating)
[RLAMPSO DEBUG iter 800] w=0.4826, c1=0.8935, c2=1.0024 | fitness=12480.55
      [Iter 600] Fitness: current=12505.6249, best=12505.6249, diversity=3.638959
      [Iter 600] Reward: -1.0000
  [Iter 600/1000] Best: 12505.6249 | Alpha: 0.1735
      [Iter 600] Action stats: mean=0.1150±0.7049 [-0.9797-0.9771]
      [Iter 600] Fitness: current=12296.5713, best=12296.5713, diversity=2.715429
      [Iter 600] Reward: -1.0000
  [Iter 600/1000] Best: 12296.5713 | Alpha: 0.1736
[REWARD DEBUG iter 800] FitnessImprovement: 0.0000 → Reward: -1.0000 (prevFit=12480.55, currFit=12480.55)
      [Iter 600] Action stats: mean=0.1015±0.7135 [-0.8771-0.9509]
      [Iter 600] Action stats: mean=-0.0969±0.5932 [-0.9516-0.8259]
      [Iter 600] Action stats: mean=0.1320±0.5605 [-0.4873-0.9110]
      [Iter 600] Fitness: current=12591.7029, best=12591.7029, diversity=3.459372
      [Iter 600] Reward: -1.0000
      [Iter 600] Action stats: mean=-0.0978±0.6893 [-0.9573-0.9900]
      [Iter 600] Action stats: mean=0.0222±0.8863 [-0.9187-0.9769]
      [Iter 600] Fitness: current=12384.3943, best=12384.3943, diversity=1.637896
      [Iter 600] Reward: -1.0000
      [Iter 600] Action stats: mean=0.2568±0.4731 [-0.7392-0.9705]
      [Iter 600] Fitness: current=12329.2733, best=12329.2733, diversity=4.896573
      [Iter 600] Reward: 1.0000
  [Iter 600/1000] Best: 12329.2733 | Alpha: 0.1735
  [Iter 600/1000] Best: 12591.7029 | Alpha: 0.1735
      [Iter 600] Fitness: current=12564.7183, best=12564.7183, diversity=0.950869
      [Iter 600] Reward: -1.0000
  [Iter 600/1000] Best: 12564.7183 | Alpha: 0.1735
      [Iter 600] Fitness: current=12355.8238, best=12355.8238, diversity=2.171737
      [Iter 600] Reward: -1.0000
  [Iter 600/1000] Best: 12384.3943 | Alpha: 0.1735
  [Iter 600/1000] Best: 12355.8238 | Alpha: 0.1735
      [Iter 600] Fitness: current=12318.7559, best=12318.7559, diversity=5.038997
      [Iter 600] Reward: 1.0000
      [Iter 600] Action stats: mean=-0.3373±0.4498 [-0.9610-0.3646]
  [Iter 600/1000] Best: 12318.7559 | Alpha: 0.1736
      [Iter 600] Fitness: current=12305.5092, best=12305.5092, diversity=1.783279
      [Iter 600] Reward: -1.0000
  [Iter 600/1000] Best: 12305.5092 | Alpha: 0.1735
      [Iter 600] Action stats: mean=-0.2649±0.6234 [-0.8930-0.6536]
      [Iter 600] Fitness: current=12246.3006, best=12246.3006, diversity=2.136532
      [Iter 600] Reward: -1.0000
  [Iter 600/1000] Best: 12246.3006 | Alpha: 0.1735
      [Iter 600] Action stats: mean=-0.1310±0.6256 [-0.9261-0.8756]
      [Iter 600] Fitness: current=12592.4313, best=12592.4313, diversity=0.984011
      [Iter 600] Reward: 1.0000
  [Iter 600/1000] Best: 12592.4313 | Alpha: 0.1735
DQN-PSO iter 150/1000 | Fitness: 12972.11 | w=0.100 c1=0.500 c2=2.500
DQN-PSO iter 50/1000 | Fitness: 13276.82 | w=0.900 c1=2.500 c2=0.500
      [Iter 650] Action stats: mean=-0.2197±0.6381 [-0.9885-0.6910]
  [Iter 650/1000] Best: 12656.9751 | Alpha: 0.1709
      [Iter 650] Action stats: mean=0.0392±0.6338 [-0.9141-0.9275]
  [Iter 650/1000] Best: 12223.5631 | Alpha: 0.1710
      [Iter 650] Action stats: mean=-0.1886±0.4419 [-0.9480-0.3340]
  [Iter 650/1000] Best: 12176.6629 | Alpha: 0.1710
      [Iter 650] Action stats: mean=-0.1443±0.5941 [-0.7507-0.9817]
  [Iter 650/1000] Best: 12505.0962 | Alpha: 0.1710
      [Iter 650] Action stats: mean=0.2228±0.6384 [-0.9655-0.8618]
  [Iter 650/1000] Best: 12296.5271 | Alpha: 0.1710
      [Iter 650] Action stats: mean=-0.0069±0.6614 [-0.7652-0.8483]
      [Iter 650] Action stats: mean=-0.0333±0.7321 [-0.9606-0.8477]
      [Iter 650] Action stats: mean=0.1706±0.6909 [-0.9264-0.8989]
  [Iter 650/1000] Best: 12564.7004 | Alpha: 0.1710
      [Iter 650] Action stats: mean=0.2074±0.5937 [-0.9344-0.9091]
  [Iter 650/1000] Best: 12324.9023 | Alpha: 0.1710
  [Iter 650/1000] Best: 12590.8317 | Alpha: 0.1710
      [Iter 650] Action stats: mean=0.0987±0.6674 [-0.9164-0.9639]
      [Iter 650] Action stats: mean=-0.1245±0.5631 [-0.7928-0.7727]
  [Iter 650/1000] Best: 12317.7062 | Alpha: 0.1710
  [Iter 650/1000] Best: 12354.0746 | Alpha: 0.1710
  [Iter 650/1000] Best: 12384.0459 | Alpha: 0.1710
      [Iter 650] Action stats: mean=-0.1071±0.6860 [-0.9375-0.7198]
  [Iter 650/1000] Best: 12305.4315 | Alpha: 0.1710
      [Iter 650] Action stats: mean=0.0031±0.7017 [-0.9235-0.8084]
      [Iter 650] Action stats: mean=-0.3848±0.5733 [-0.9594-0.7315]
  [Iter 650/1000] Best: 12239.6421 | Alpha: 0.1710
  [Iter 650/1000] Best: 12592.3437 | Alpha: 0.1710
[ACTION DEBUG iter 900] Raw action[1:3]: [-0.9879, -0.0066, 0.5802], noise: 0.0500
[ACTION DEBUG iter 900] WARNING: 5/20 actions clipped (network saturating)
[RLAMPSO DEBUG iter 900] w=0.1834, c1=1.4530, c2=1.6684 | fitness=12496.08
[REWARD DEBUG iter 900] FitnessImprovement: 0.0009 → Reward: +1.0000 (prevFit=12496.08, currFit=12496.07)
[ACTION DEBUG iter 900] Raw action[1:3]: [-0.9951, -0.3419, -0.8665], noise: 0.0500
[ACTION DEBUG iter 900] WARNING: 5/20 actions clipped (network saturating)
[RLAMPSO DEBUG iter 900] w=0.3640, c1=1.0739, c2=0.7082 | fitness=12232.04
[REWARD DEBUG iter 900] FitnessImprovement: 0.0000 → Reward: +1.0000 (prevFit=12232.04, currFit=12232.04)
[ACTION DEBUG iter 900] Raw action[1:3]: [-0.4122, 0.6591, 0.9679], noise: 0.0500
[ACTION DEBUG iter 900] WARNING: 4/20 actions clipped (network saturating)
[RLAMPSO DEBUG iter 900] w=0.5145, c1=1.9509, c2=1.0870 | fitness=12709.67
[REWARD DEBUG iter 900] FitnessImprovement: 0.0000 → Reward: -1.0000 (prevFit=12709.67, currFit=12709.67)
[ACTION DEBUG iter 900] Raw action[1:3]: [0.4249, -0.2819, -0.6734], noise: 0.0500
[ACTION DEBUG iter 900] WARNING: 1/20 actions clipped (network saturating)
[RLAMPSO DEBUG iter 900] w=0.4526, c1=1.4016, c2=2.1000 | fitness=12249.99
[ACTION DEBUG iter 900] Raw action[1:3]: [-0.9674, -0.9367, 0.9971], noise: 0.0500
[ACTION DEBUG iter 900] WARNING: 4/20 actions clipped (network saturating)
[RLAMPSO DEBUG iter 900] w=0.2664, c1=1.3000, c2=1.7060 | fitness=12641.79
[REWARD DEBUG iter 900] FitnessImprovement: 0.0000 → Reward: -1.0000 (prevFit=12641.79, currFit=12641.79)
[REWARD DEBUG iter 900] FitnessImprovement: 0.0024 → Reward: +1.0000 (prevFit=12249.99, currFit=12249.98)
[ACTION DEBUG iter 900] Raw action[1:3]: [0.9730, -0.9743, -0.3042], noise: 0.0500
[ACTION DEBUG iter 900] WARNING: 5/20 actions clipped (network saturating)
[RLAMPSO DEBUG iter 900] w=0.6351, c1=0.5115, c2=1.7046 | fitness=12577.80
[REWARD DEBUG iter 900] FitnessImprovement: 0.0000 → Reward: +1.0000 (prevFit=12577.80, currFit=12577.80)
[ACTION DEBUG iter 900] Raw action[1:3]: [-0.9799, -0.8244, 0.8600], noise: 0.0500
[ACTION DEBUG iter 900] WARNING: 4/20 actions clipped (network saturating)
[RLAMPSO DEBUG iter 900] w=0.5309, c1=1.3524, c2=2.1000 | fitness=12698.03
[ACTION DEBUG iter 900] Raw action[1:3]: [-0.9964, 0.9983, -0.9926], noise: 0.0500
[ACTION DEBUG iter 900] WARNING: 7/20 actions clipped (network saturating)
[RLAMPSO DEBUG iter 900] w=0.4558, c1=1.7000, c2=1.7000 | fitness=12331.60
[ACTION DEBUG iter 900] Raw action[1:3]: [-0.9990, 0.9939, -0.0225], noise: 0.0500
[ACTION DEBUG iter 900] WARNING: 6/20 actions clipped (network saturating)
[RLAMPSO DEBUG iter 900] w=0.1652, c1=1.1796, c2=1.3010 | fitness=12408.18
[REWARD DEBUG iter 900] FitnessImprovement: 0.0000 → Reward: -1.0000 (prevFit=12698.03, currFit=12698.03)
[ACTION DEBUG iter 900] Raw action[1:3]: [0.9972, 0.9999, -0.9997], noise: 0.0500
[ACTION DEBUG iter 900] WARNING: 5/20 actions clipped (network saturating)
[RLAMPSO DEBUG iter 900] w=0.7273, c1=1.2398, c2=1.3000 | fitness=12599.41
[REWARD DEBUG iter 900] FitnessImprovement: 0.0000 → Reward: -1.0000 (prevFit=12599.41, currFit=12599.41)
[REWARD DEBUG iter 900] FitnessImprovement: 0.1576 → Reward: +1.0000 (prevFit=12408.18, currFit=12408.02)
[ACTION DEBUG iter 900] Raw action[1:3]: [0.6069, -0.4041, -0.9843], noise: 0.0500
[RLAMPSO DEBUG iter 900] w=0.7028, c1=0.8481, c2=1.3000 | fitness=12480.55
[REWARD DEBUG iter 900] FitnessImprovement: 0.0000 → Reward: -1.0000 (prevFit=12480.55, currFit=12480.55)
[REWARD DEBUG iter 900] FitnessImprovement: 0.0000 → Reward: -1.0000 (prevFit=12331.60, currFit=12331.60)
[ACTION DEBUG iter 900] Raw action[1:3]: [0.9023, -0.9121, -0.9959], noise: 0.0500
[ACTION DEBUG iter 900] WARNING: 6/20 actions clipped (network saturating)
[RLAMPSO DEBUG iter 900] w=0.5887, c1=2.1000, c2=1.7040 | fitness=12185.35
[REWARD DEBUG iter 900] FitnessImprovement: 0.0009 → Reward: +1.0000 (prevFit=12185.35, currFit=12185.34)
DQN-PSO iter 200/1000 | Fitness: 12935.99 | w=0.100 c1=0.600 c2=2.450
      [Iter 700] Action stats: mean=-0.3703±0.5831 [-0.9403-0.7678]
      [Iter 700] Fitness: current=12656.2795, best=12656.2795, diversity=0.109614
      [Iter 700] Reward: -1.0000
      [Iter 700] Action stats: mean=-0.3596±0.5048 [-0.9032-0.3653]
  [Iter 700/1000] Best: 12656.2795 | Alpha: 0.1684
      [Iter 700] Fitness: current=12223.5581, best=12223.5581, diversity=1.879544
      [Iter 700] Reward: 1.0000
  [Iter 700/1000] Best: 12223.5581 | Alpha: 0.1684
DQN-PSO iter 100/1000 | Fitness: 12972.11 | w=0.100 c1=2.350 c2=0.600
      [Iter 700] Action stats: mean=0.0063±0.4731 [-0.6612-0.9001]
      [Iter 700] Action stats: mean=-0.0547±0.6128 [-0.7503-0.7579]
      [Iter 700] Fitness: current=12176.6471, best=12176.6471, diversity=1.687907
      [Iter 700] Reward: 1.0000
  [Iter 700/1000] Best: 12176.6471 | Alpha: 0.1684
      [Iter 700] Fitness: current=12504.7046, best=12504.7046, diversity=2.983429
      [Iter 700] Reward: 1.0000
  [Iter 700/1000] Best: 12504.7046 | Alpha: 0.1684
      [Iter 700] Action stats: mean=0.1309±0.7909 [-0.9701-0.8985]
      [Iter 700] Fitness: current=12296.5212, best=12296.5212, diversity=2.128354
      [Iter 700] Reward: -1.0000
  [Iter 700/1000] Best: 12296.5212 | Alpha: 0.1684
      [Iter 700] Action stats: mean=-0.0631±0.5228 [-0.5575-0.9531]
      [Iter 700] Action stats: mean=-0.1904±0.4154 [-0.9525-0.2409]
      [Iter 700] Fitness: current=12564.6738, best=12564.6738, diversity=0.615627
      [Iter 700] Reward: -1.0000
      [Iter 700] Fitness: current=12310.4747, best=12310.4747, diversity=3.596788
      [Iter 700] Reward: 1.0000
      [Iter 700] Action stats: mean=0.1671±0.6383 [-0.9404-0.9845]
  [Iter 700/1000] Best: 12564.6738 | Alpha: 0.1684
      [Iter 700] Action stats: mean=0.1549±0.8496 [-0.9377-0.9747]
  [Iter 700/1000] Best: 12310.4747 | Alpha: 0.1685
      [Iter 700] Action stats: mean=-0.0536±0.5282 [-0.8462-0.8598]
      [Iter 700] Fitness: current=12321.9169, best=12321.9169, diversity=3.458663
      [Iter 700] Reward: 1.0000
      [Iter 700] Fitness: current=12585.6635, best=12585.6635, diversity=3.036785
      [Iter 700] Reward: -1.0000
  [Iter 700/1000] Best: 12321.9169 | Alpha: 0.1684
  [Iter 700/1000] Best: 12585.6635 | Alpha: 0.1684
      [Iter 700] Fitness: current=12353.9358, best=12353.9358, diversity=1.500637
      [Iter 700] Reward: 1.0000
      [Iter 700] Action stats: mean=0.0699±0.5313 [-0.5436-0.9136]
      [Iter 700] Fitness: current=12382.2773, best=12382.2773, diversity=0.994443
      [Iter 700] Reward: -1.0000
  [Iter 700/1000] Best: 12382.2773 | Alpha: 0.1684
  [Iter 700/1000] Best: 12353.9358 | Alpha: 0.1684
      [Iter 700] Action stats: mean=-0.0420±0.6460 [-0.9523-0.9231]
      [Iter 700] Fitness: current=12305.4274, best=12305.4274, diversity=1.491145
      [Iter 700] Reward: 1.0000
  [Iter 700/1000] Best: 12305.4274 | Alpha: 0.1685
      [Iter 700] Action stats: mean=-0.2030±0.6523 [-0.9664-0.8006]
      [Iter 700] Action stats: mean=-0.1487±0.6774 [-0.9310-0.8555]
      [Iter 700] Fitness: current=12239.3370, best=12239.3370, diversity=1.751768
      [Iter 700] Reward: 1.0000
      [Iter 700] Fitness: current=12592.3422, best=12592.3422, diversity=0.667689
      [Iter 700] Reward: 1.0000
  [Iter 700/1000] Best: 12592.3422 | Alpha: 0.1684
  [Iter 700/1000] Best: 12239.3370 | Alpha: 0.1684
      [Iter 750] Action stats: mean=-0.0210±0.6857 [-0.9388-0.9356]
  [Iter 750/1000] Best: 12656.0062 | Alpha: 0.1659
[ACTION DEBUG iter 1000] Raw action[1:3]: [-0.9543, -0.8211, 0.4111], noise: 0.0500
[ACTION DEBUG iter 1000] WARNING: 1/20 actions clipped (network saturating)
[RLAMPSO DEBUG iter 1000] w=0.1681, c1=0.9530, c2=1.6999 | fitness=12495.90
[ACTION DEBUG iter 1000] Raw action[1:3]: [-0.9909, -0.6591, -0.0697], noise: 0.0500
[ACTION DEBUG iter 1000] WARNING: 2/20 actions clipped (network saturating)
[RLAMPSO DEBUG iter 1000] w=0.5484, c1=0.9876, c2=1.2463 | fitness=12232.04
[REWARD DEBUG iter 1000] FitnessImprovement: 0.0000 → Reward: +1.0000 (prevFit=12495.90, currFit=12495.90)
[REWARD DEBUG iter 1000] FitnessImprovement: 0.0000 → Reward: -1.0000 (prevFit=12232.04, currFit=12232.04)

========== Planning Complete ==========
Algorithm: RLAMPSO
Execution time: 328.4293 seconds
Path length: 287.8153 units
Waypoints: 7
Best fitness: 12232.0407
========================================


========== Direct Global Planning ==========
Algorithm: DQN_PSO
Start: [0.0, 0.0, 10.0]
Goal:  [200.0, 200.0, 10.0]
============================================

Warning: DQN-PSO (paper) is homogeneous; forcing paramMode to global.
> In <a href="matlab:matlab.lang.internal.introspective.errorDocCallback('globalPathPlanningDQNPSO', '/Users/hust-hwashin621m/Desktop/vietanhpaper-2/algorithms/dqn_pso/globalPathPlanningDQNPSO.m', 15)" style="font-weight:bold">globalPathPlanningDQNPSO</a> (<a href="matlab: opentoline('/Users/hust-hwashin621m/Desktop/vietanhpaper-2/algorithms/dqn_pso/globalPathPlanningDQNPSO.m',15,0)">line 15</a>)
In <a href="matlab:matlab.lang.internal.introspective.errorDocCallback('callGlobalPlanningAlgorithm', '/Users/hust-hwashin621m/Desktop/vietanhpaper-2/algorithms/callGlobalPlanningAlgorithm.m', 230)" style="font-weight:bold">callGlobalPlanningAlgorithm</a> (<a href="matlab: opentoline('/Users/hust-hwashin621m/Desktop/vietanhpaper-2/algorithms/callGlobalPlanningAlgorithm.m',230,0)">line 230</a>)
In <a href="matlab:matlab.lang.internal.introspective.errorDocCallback('directGlobalPlanning', '/Users/hust-hwashin621m/Desktop/vietanhpaper-2/shared/path_planning/directGlobalPlanning.m', 59)" style="font-weight:bold">directGlobalPlanning</a> (<a href="matlab: opentoline('/Users/hust-hwashin621m/Desktop/vietanhpaper-2/shared/path_planning/directGlobalPlanning.m',59,0)">line 59</a>)
In <a href="matlab:matlab.lang.internal.introspective.errorDocCallback('run_comparison>@(varargin)directGlobalPlanning(varargin{:})', '/Users/hust-hwashin621m/Desktop/vietanhpaper-2/run_comparison.m', 274)" style="font-weight:bold">run_comparison>@(varargin)directGlobalPlanning(varargin{:})</a> (<a href="matlab: opentoline('/Users/hust-hwashin621m/Desktop/vietanhpaper-2/run_comparison.m',274,0)">line 274</a>)
In <a href="matlab:matlab.lang.internal.introspective.errorDocCallback('compare_algorithms>runAlgorithmBatch', '/Users/hust-hwashin621m/Desktop/vietanhpaper-2/scripts/compare_algorithms.m', 139)" style="font-weight:bold">compare_algorithms>runAlgorithmBatch</a> (<a href="matlab: opentoline('/Users/hust-hwashin621m/Desktop/vietanhpaper-2/scripts/compare_algorithms.m',139,0)">line 139</a>)
Starting DQN-PSO (HMM + DQN) - Mode: global

========== Planning Complete ==========
Algorithm: RLAMPSO
Execution time: 328.4416 seconds
Path length: 296.1255 units
Waypoints: 7
Best fitness: 12495.9032
========================================


========== Direct Global Planning ==========
Algorithm: DQN_PSO
Start: [0.0, 0.0, 10.0]
Goal:  [200.0, 200.0, 10.0]
============================================

Warning: DQN-PSO (paper) is homogeneous; forcing paramMode to global.
> In <a href="matlab:matlab.lang.internal.introspective.errorDocCallback('globalPathPlanningDQNPSO', '/Users/hust-hwashin621m/Desktop/vietanhpaper-2/algorithms/dqn_pso/globalPathPlanningDQNPSO.m', 15)" style="font-weight:bold">globalPathPlanningDQNPSO</a> (<a href="matlab: opentoline('/Users/hust-hwashin621m/Desktop/vietanhpaper-2/algorithms/dqn_pso/globalPathPlanningDQNPSO.m',15,0)">line 15</a>)
In <a href="matlab:matlab.lang.internal.introspective.errorDocCallback('callGlobalPlanningAlgorithm', '/Users/hust-hwashin621m/Desktop/vietanhpaper-2/algorithms/callGlobalPlanningAlgorithm.m', 230)" style="font-weight:bold">callGlobalPlanningAlgorithm</a> (<a href="matlab: opentoline('/Users/hust-hwashin621m/Desktop/vietanhpaper-2/algorithms/callGlobalPlanningAlgorithm.m',230,0)">line 230</a>)
In <a href="matlab:matlab.lang.internal.introspective.errorDocCallback('directGlobalPlanning', '/Users/hust-hwashin621m/Desktop/vietanhpaper-2/shared/path_planning/directGlobalPlanning.m', 59)" style="font-weight:bold">directGlobalPlanning</a> (<a href="matlab: opentoline('/Users/hust-hwashin621m/Desktop/vietanhpaper-2/shared/path_planning/directGlobalPlanning.m',59,0)">line 59</a>)
In <a href="matlab:matlab.lang.internal.introspective.errorDocCallback('run_comparison>@(varargin)directGlobalPlanning(varargin{:})', '/Users/hust-hwashin621m/Desktop/vietanhpaper-2/run_comparison.m', 274)" style="font-weight:bold">run_comparison>@(varargin)directGlobalPlanning(varargin{:})</a> (<a href="matlab: opentoline('/Users/hust-hwashin621m/Desktop/vietanhpaper-2/run_comparison.m',274,0)">line 274</a>)
In <a href="matlab:matlab.lang.internal.introspective.errorDocCallback('compare_algorithms>runAlgorithmBatch', '/Users/hust-hwashin621m/Desktop/vietanhpaper-2/scripts/compare_algorithms.m', 139)" style="font-weight:bold">compare_algorithms>runAlgorithmBatch</a> (<a href="matlab: opentoline('/Users/hust-hwashin621m/Desktop/vietanhpaper-2/scripts/compare_algorithms.m',139,0)">line 139</a>)
Starting DQN-PSO (HMM + DQN) - Mode: global
[ACTION DEBUG iter 1000] Raw action[1:3]: [-0.5842, -0.9739, 0.9969], noise: 0.0500
[ACTION DEBUG iter 1000] WARNING: 4/20 actions clipped (network saturating)
[RLAMPSO DEBUG iter 1000] w=0.3534, c1=1.3000, c2=1.5271 | fitness=12641.25
[REWARD DEBUG iter 1000] FitnessImprovement: 0.0109 → Reward: +1.0000 (prevFit=12641.25, currFit=12641.24)

========== Planning Complete ==========
Algorithm: RLAMPSO
Execution time: 328.8906 seconds
Path length: 305.7129 units
Waypoints: 7
Best fitness: 12641.2439
========================================


========== Direct Global Planning ==========
Algorithm: DQN_PSO
Start: [0.0, 0.0, 10.0]
Goal:  [200.0, 200.0, 10.0]
============================================

      [Iter 750] Action stats: mean=-0.4658±0.6607 [-0.9421-0.7245]
Warning: DQN-PSO (paper) is homogeneous; forcing paramMode to global.
> In <a href="matlab:matlab.lang.internal.introspective.errorDocCallback('globalPathPlanningDQNPSO', '/Users/hust-hwashin621m/Desktop/vietanhpaper-2/algorithms/dqn_pso/globalPathPlanningDQNPSO.m', 15)" style="font-weight:bold">globalPathPlanningDQNPSO</a> (<a href="matlab: opentoline('/Users/hust-hwashin621m/Desktop/vietanhpaper-2/algorithms/dqn_pso/globalPathPlanningDQNPSO.m',15,0)">line 15</a>)
In <a href="matlab:matlab.lang.internal.introspective.errorDocCallback('callGlobalPlanningAlgorithm', '/Users/hust-hwashin621m/Desktop/vietanhpaper-2/algorithms/callGlobalPlanningAlgorithm.m', 230)" style="font-weight:bold">callGlobalPlanningAlgorithm</a> (<a href="matlab: opentoline('/Users/hust-hwashin621m/Desktop/vietanhpaper-2/algorithms/callGlobalPlanningAlgorithm.m',230,0)">line 230</a>)
In <a href="matlab:matlab.lang.internal.introspective.errorDocCallback('directGlobalPlanning', '/Users/hust-hwashin621m/Desktop/vietanhpaper-2/shared/path_planning/directGlobalPlanning.m', 59)" style="font-weight:bold">directGlobalPlanning</a> (<a href="matlab: opentoline('/Users/hust-hwashin621m/Desktop/vietanhpaper-2/shared/path_planning/directGlobalPlanning.m',59,0)">line 59</a>)
In <a href="matlab:matlab.lang.internal.introspective.errorDocCallback('run_comparison>@(varargin)directGlobalPlanning(varargin{:})', '/Users/hust-hwashin621m/Desktop/vietanhpaper-2/run_comparison.m', 274)" style="font-weight:bold">run_comparison>@(varargin)directGlobalPlanning(varargin{:})</a> (<a href="matlab: opentoline('/Users/hust-hwashin621m/Desktop/vietanhpaper-2/run_comparison.m',274,0)">line 274</a>)
In <a href="matlab:matlab.lang.internal.introspective.errorDocCallback('compare_algorithms>runAlgorithmBatch', '/Users/hust-hwashin621m/Desktop/vietanhpaper-2/scripts/compare_algorithms.m', 139)" style="font-weight:bold">compare_algorithms>runAlgorithmBatch</a> (<a href="matlab: opentoline('/Users/hust-hwashin621m/Desktop/vietanhpaper-2/scripts/compare_algorithms.m',139,0)">line 139</a>)
Starting DQN-PSO (HMM + DQN) - Mode: global
  [Iter 750/1000] Best: 12223.5488 | Alpha: 0.1659
      [Iter 750] Action stats: mean=-0.0063±0.6507 [-0.9776-0.8324]
  [Iter 750/1000] Best: 12504.2695 | Alpha: 0.1659
[ACTION DEBUG iter 1000] Raw action[1:3]: [0.8127, 0.1384, 0.9420], noise: 0.0500
[ACTION DEBUG iter 1000] WARNING: 5/20 actions clipped (network saturating)
[RLAMPSO DEBUG iter 1000] w=0.6279, c1=1.7000, c2=0.9130 | fitness=12709.39
[REWARD DEBUG iter 1000] FitnessImprovement: 0.0047 → Reward: +1.0000 (prevFit=12709.39, currFit=12709.38)
DQN-PSO iter 250/1000 | Fitness: 12933.41 | w=0.100 c1=0.500 c2=2.500
[ACTION DEBUG iter 1000] Raw action[1:3]: [0.9948, -0.9998, -0.4697], noise: 0.0500
[ACTION DEBUG iter 1000] WARNING: 6/20 actions clipped (network saturating)
[RLAMPSO DEBUG iter 1000] w=0.6407, c1=0.5000, c2=1.7000 | fitness=12577.80

========== Planning Complete ==========
Algorithm: RLAMPSO
Execution time: 329.6184 seconds
Path length: 340.5452 units
Waypoints: 7
Best fitness: 12709.3823
========================================

[REWARD DEBUG iter 1000] FitnessImprovement: 0.0000 → Reward: -1.0000 (prevFit=12577.80, currFit=12577.80)

========== Planning Complete ==========
Algorithm: RLAMPSO
Execution time: 329.8857 seconds
Path length: 292.4847 units
Waypoints: 7
Best fitness: 12577.7965
========================================


========== Direct Global Planning ==========
Algorithm: DQN_PSO
Start: [0.0, 0.0, 10.0]
Goal:  [200.0, 200.0, 10.0]
============================================

Warning: DQN-PSO (paper) is homogeneous; forcing paramMode to global.
> In <a href="matlab:matlab.lang.internal.introspective.errorDocCallback('globalPathPlanningDQNPSO', '/Users/hust-hwashin621m/Desktop/vietanhpaper-2/algorithms/dqn_pso/globalPathPlanningDQNPSO.m', 15)" style="font-weight:bold">globalPathPlanningDQNPSO</a> (<a href="matlab: opentoline('/Users/hust-hwashin621m/Desktop/vietanhpaper-2/algorithms/dqn_pso/globalPathPlanningDQNPSO.m',15,0)">line 15</a>)
In <a href="matlab:matlab.lang.internal.introspective.errorDocCallback('callGlobalPlanningAlgorithm', '/Users/hust-hwashin621m/Desktop/vietanhpaper-2/algorithms/callGlobalPlanningAlgorithm.m', 230)" style="font-weight:bold">callGlobalPlanningAlgorithm</a> (<a href="matlab: opentoline('/Users/hust-hwashin621m/Desktop/vietanhpaper-2/algorithms/callGlobalPlanningAlgorithm.m',230,0)">line 230</a>)
In <a href="matlab:matlab.lang.internal.introspective.errorDocCallback('directGlobalPlanning', '/Users/hust-hwashin621m/Desktop/vietanhpaper-2/shared/path_planning/directGlobalPlanning.m', 59)" style="font-weight:bold">directGlobalPlanning</a> (<a href="matlab: opentoline('/Users/hust-hwashin621m/Desktop/vietanhpaper-2/shared/path_planning/directGlobalPlanning.m',59,0)">line 59</a>)
In <a href="matlab:matlab.lang.internal.introspective.errorDocCallback('run_comparison>@(varargin)directGlobalPlanning(varargin{:})', '/Users/hust-hwashin621m/Desktop/vietanhpaper-2/run_comparison.m', 274)" style="font-weight:bold">run_comparison>@(varargin)directGlobalPlanning(varargin{:})</a> (<a href="matlab: opentoline('/Users/hust-hwashin621m/Desktop/vietanhpaper-2/run_comparison.m',274,0)">line 274</a>)
In <a href="matlab:matlab.lang.internal.introspective.errorDocCallback('compare_algorithms>runAlgorithmBatch', '/Users/hust-hwashin621m/Desktop/vietanhpaper-2/scripts/compare_algorithms.m', 139)" style="font-weight:bold">compare_algorithms>runAlgorithmBatch</a> (<a href="matlab: opentoline('/Users/hust-hwashin621m/Desktop/vietanhpaper-2/scripts/compare_algorithms.m',139,0)">line 139</a>)
Starting DQN-PSO (HMM + DQN) - Mode: global
      [Iter 750] Action stats: mean=-0.1718±0.5744 [-0.8018-0.7287]
      [Iter 750] Action stats: mean=-0.0082±0.6365 [-0.8690-0.8687]

========== Direct Global Planning ==========
Algorithm: DQN_PSO
Start: [0.0, 0.0, 10.0]
Goal:  [200.0, 200.0, 10.0]
============================================

Warning: DQN-PSO (paper) is homogeneous; forcing paramMode to global.
> In <a href="matlab:matlab.lang.internal.introspective.errorDocCallback('globalPathPlanningDQNPSO', '/Users/hust-hwashin621m/Desktop/vietanhpaper-2/algorithms/dqn_pso/globalPathPlanningDQNPSO.m', 15)" style="font-weight:bold">globalPathPlanningDQNPSO</a> (<a href="matlab: opentoline('/Users/hust-hwashin621m/Desktop/vietanhpaper-2/algorithms/dqn_pso/globalPathPlanningDQNPSO.m',15,0)">line 15</a>)
In <a href="matlab:matlab.lang.internal.introspective.errorDocCallback('callGlobalPlanningAlgorithm', '/Users/hust-hwashin621m/Desktop/vietanhpaper-2/algorithms/callGlobalPlanningAlgorithm.m', 230)" style="font-weight:bold">callGlobalPlanningAlgorithm</a> (<a href="matlab: opentoline('/Users/hust-hwashin621m/Desktop/vietanhpaper-2/algorithms/callGlobalPlanningAlgorithm.m',230,0)">line 230</a>)
In <a href="matlab:matlab.lang.internal.introspective.errorDocCallback('directGlobalPlanning', '/Users/hust-hwashin621m/Desktop/vietanhpaper-2/shared/path_planning/directGlobalPlanning.m', 59)" style="font-weight:bold">directGlobalPlanning</a> (<a href="matlab: opentoline('/Users/hust-hwashin621m/Desktop/vietanhpaper-2/shared/path_planning/directGlobalPlanning.m',59,0)">line 59</a>)
In <a href="matlab:matlab.lang.internal.introspective.errorDocCallback('run_comparison>@(varargin)directGlobalPlanning(varargin{:})', '/Users/hust-hwashin621m/Desktop/vietanhpaper-2/run_comparison.m', 274)" style="font-weight:bold">run_comparison>@(varargin)directGlobalPlanning(varargin{:})</a> (<a href="matlab: opentoline('/Users/hust-hwashin621m/Desktop/vietanhpaper-2/run_comparison.m',274,0)">line 274</a>)
In <a href="matlab:matlab.lang.internal.introspective.errorDocCallback('compare_algorithms>runAlgorithmBatch', '/Users/hust-hwashin621m/Desktop/vietanhpaper-2/scripts/compare_algorithms.m', 139)" style="font-weight:bold">compare_algorithms>runAlgorithmBatch</a> (<a href="matlab: opentoline('/Users/hust-hwashin621m/Desktop/vietanhpaper-2/scripts/compare_algorithms.m',139,0)">line 139</a>)
Starting DQN-PSO (HMM + DQN) - Mode: global
[ACTION DEBUG iter 1000] Raw action[1:3]: [-0.9980, 0.9987, -0.7309], noise: 0.0500
[ACTION DEBUG iter 1000] WARNING: 8/20 actions clipped (network saturating)
[RLAMPSO DEBUG iter 1000] w=0.1733, c1=1.3000, c2=1.3000 | fitness=12405.99
[ACTION DEBUG iter 1000] Raw action[1:3]: [0.7865, -0.7627, -0.9607], noise: 0.0500
[ACTION DEBUG iter 1000] WARNING: 3/20 actions clipped (network saturating)
[RLAMPSO DEBUG iter 1000] w=0.4405, c1=1.5088, c2=2.0272 | fitness=12249.96
[REWARD DEBUG iter 1000] FitnessImprovement: 0.0005 → Reward: +1.0000 (prevFit=12405.99, currFit=12405.98)

========== Planning Complete ==========
Algorithm: RLAMPSO
Execution time: 330.4834 seconds
Path length: 293.0318 units
Waypoints: 7
Best fitness: 12405.9850
========================================


========== Direct Global Planning ==========
Algorithm: DQN_PSO
Start: [0.0, 0.0, 10.0]
Goal:  [200.0, 200.0, 10.0]
============================================

Warning: DQN-PSO (paper) is homogeneous; forcing paramMode to global.
> In <a href="matlab:matlab.lang.internal.introspective.errorDocCallback('globalPathPlanningDQNPSO', '/Users/hust-hwashin621m/Desktop/vietanhpaper-2/algorithms/dqn_pso/globalPathPlanningDQNPSO.m', 15)" style="font-weight:bold">globalPathPlanningDQNPSO</a> (<a href="matlab: opentoline('/Users/hust-hwashin621m/Desktop/vietanhpaper-2/algorithms/dqn_pso/globalPathPlanningDQNPSO.m',15,0)">line 15</a>)
In <a href="matlab:matlab.lang.internal.introspective.errorDocCallback('callGlobalPlanningAlgorithm', '/Users/hust-hwashin621m/Desktop/vietanhpaper-2/algorithms/callGlobalPlanningAlgorithm.m', 230)" style="font-weight:bold">callGlobalPlanningAlgorithm</a> (<a href="matlab: opentoline('/Users/hust-hwashin621m/Desktop/vietanhpaper-2/algorithms/callGlobalPlanningAlgorithm.m',230,0)">line 230</a>)
In <a href="matlab:matlab.lang.internal.introspective.errorDocCallback('directGlobalPlanning', '/Users/hust-hwashin621m/Desktop/vietanhpaper-2/shared/path_planning/directGlobalPlanning.m', 59)" style="font-weight:bold">directGlobalPlanning</a> (<a href="matlab: opentoline('/Users/hust-hwashin621m/Desktop/vietanhpaper-2/shared/path_planning/directGlobalPlanning.m',59,0)">line 59</a>)
In <a href="matlab:matlab.lang.internal.introspective.errorDocCallback('run_comparison>@(varargin)directGlobalPlanning(varargin{:})', '/Users/hust-hwashin621m/Desktop/vietanhpaper-2/run_comparison.m', 274)" style="font-weight:bold">run_comparison>@(varargin)directGlobalPlanning(varargin{:})</a> (<a href="matlab: opentoline('/Users/hust-hwashin621m/Desktop/vietanhpaper-2/run_comparison.m',274,0)">line 274</a>)
In <a href="matlab:matlab.lang.internal.introspective.errorDocCallback('compare_algorithms>runAlgorithmBatch', '/Users/hust-hwashin621m/Desktop/vietanhpaper-2/scripts/compare_algorithms.m', 139)" style="font-weight:bold">compare_algorithms>runAlgorithmBatch</a> (<a href="matlab: opentoline('/Users/hust-hwashin621m/Desktop/vietanhpaper-2/scripts/compare_algorithms.m',139,0)">line 139</a>)
Starting DQN-PSO (HMM + DQN) - Mode: global
[ACTION DEBUG iter 1000] Raw action[1:3]: [-0.9628, -0.6189, -0.3272], noise: 0.0500
[ACTION DEBUG iter 1000] WARNING: 2/20 actions clipped (network saturating)
[RLAMPSO DEBUG iter 1000] w=0.5601, c1=1.6307, c2=1.3209 | fitness=12630.64
[REWARD DEBUG iter 1000] FitnessImprovement: 0.0000 → Reward: +1.0000 (prevFit=12249.96, currFit=12249.96)

========== Planning Complete ==========
Algorithm: RLAMPSO
Execution time: 330.7328 seconds
Path length: 308.2166 units
Waypoints: 7
Best fitness: 12249.9624
========================================

  [Iter 750/1000] Best: 12176.6448 | Alpha: 0.1659
  [Iter 750/1000] Best: 12296.4655 | Alpha: 0.1659

========== Direct Global Planning ==========
Algorithm: DQN_PSO
Start: [0.0, 0.0, 10.0]
Goal:  [200.0, 200.0, 10.0]
============================================

Warning: DQN-PSO (paper) is homogeneous; forcing paramMode to global.
> In <a href="matlab:matlab.lang.internal.introspective.errorDocCallback('globalPathPlanningDQNPSO', '/Users/hust-hwashin621m/Desktop/vietanhpaper-2/algorithms/dqn_pso/globalPathPlanningDQNPSO.m', 15)" style="font-weight:bold">globalPathPlanningDQNPSO</a> (<a href="matlab: opentoline('/Users/hust-hwashin621m/Desktop/vietanhpaper-2/algorithms/dqn_pso/globalPathPlanningDQNPSO.m',15,0)">line 15</a>)
In <a href="matlab:matlab.lang.internal.introspective.errorDocCallback('callGlobalPlanningAlgorithm', '/Users/hust-hwashin621m/Desktop/vietanhpaper-2/algorithms/callGlobalPlanningAlgorithm.m', 230)" style="font-weight:bold">callGlobalPlanningAlgorithm</a> (<a href="matlab: opentoline('/Users/hust-hwashin621m/Desktop/vietanhpaper-2/algorithms/callGlobalPlanningAlgorithm.m',230,0)">line 230</a>)
In <a href="matlab:matlab.lang.internal.introspective.errorDocCallback('directGlobalPlanning', '/Users/hust-hwashin621m/Desktop/vietanhpaper-2/shared/path_planning/directGlobalPlanning.m', 59)" style="font-weight:bold">directGlobalPlanning</a> (<a href="matlab: opentoline('/Users/hust-hwashin621m/Desktop/vietanhpaper-2/shared/path_planning/directGlobalPlanning.m',59,0)">line 59</a>)
In <a href="matlab:matlab.lang.internal.introspective.errorDocCallback('run_comparison>@(varargin)directGlobalPlanning(varargin{:})', '/Users/hust-hwashin621m/Desktop/vietanhpaper-2/run_comparison.m', 274)" style="font-weight:bold">run_comparison>@(varargin)directGlobalPlanning(varargin{:})</a> (<a href="matlab: opentoline('/Users/hust-hwashin621m/Desktop/vietanhpaper-2/run_comparison.m',274,0)">line 274</a>)
In <a href="matlab:matlab.lang.internal.introspective.errorDocCallback('compare_algorithms>runAlgorithmBatch', '/Users/hust-hwashin621m/Desktop/vietanhpaper-2/scripts/compare_algorithms.m', 139)" style="font-weight:bold">compare_algorithms>runAlgorithmBatch</a> (<a href="matlab: opentoline('/Users/hust-hwashin621m/Desktop/vietanhpaper-2/scripts/compare_algorithms.m',139,0)">line 139</a>)
Starting DQN-PSO (HMM + DQN) - Mode: global
[REWARD DEBUG iter 1000] FitnessImprovement: 0.1403 → Reward: +1.0000 (prevFit=12630.64, currFit=12630.50)

========== Planning Complete ==========
Algorithm: RLAMPSO
Execution time: 330.8598 seconds
Path length: 310.1829 units
Waypoints: 7
Best fitness: 12630.4956
========================================


========== Direct Global Planning ==========
Algorithm: DQN_PSO
Start: [0.0, 0.0, 10.0]
Goal:  [200.0, 200.0, 10.0]
============================================

Warning: DQN-PSO (paper) is homogeneous; forcing paramMode to global.
> In <a href="matlab:matlab.lang.internal.introspective.errorDocCallback('globalPathPlanningDQNPSO', '/Users/hust-hwashin621m/Desktop/vietanhpaper-2/algorithms/dqn_pso/globalPathPlanningDQNPSO.m', 15)" style="font-weight:bold">globalPathPlanningDQNPSO</a> (<a href="matlab: opentoline('/Users/hust-hwashin621m/Desktop/vietanhpaper-2/algorithms/dqn_pso/globalPathPlanningDQNPSO.m',15,0)">line 15</a>)
In <a href="matlab:matlab.lang.internal.introspective.errorDocCallback('callGlobalPlanningAlgorithm', '/Users/hust-hwashin621m/Desktop/vietanhpaper-2/algorithms/callGlobalPlanningAlgorithm.m', 230)" style="font-weight:bold">callGlobalPlanningAlgorithm</a> (<a href="matlab: opentoline('/Users/hust-hwashin621m/Desktop/vietanhpaper-2/algorithms/callGlobalPlanningAlgorithm.m',230,0)">line 230</a>)
In <a href="matlab:matlab.lang.internal.introspective.errorDocCallback('directGlobalPlanning', '/Users/hust-hwashin621m/Desktop/vietanhpaper-2/shared/path_planning/directGlobalPlanning.m', 59)" style="font-weight:bold">directGlobalPlanning</a> (<a href="matlab: opentoline('/Users/hust-hwashin621m/Desktop/vietanhpaper-2/shared/path_planning/directGlobalPlanning.m',59,0)">line 59</a>)
In <a href="matlab:matlab.lang.internal.introspective.errorDocCallback('run_comparison>@(varargin)directGlobalPlanning(varargin{:})', '/Users/hust-hwashin621m/Desktop/vietanhpaper-2/run_comparison.m', 274)" style="font-weight:bold">run_comparison>@(varargin)directGlobalPlanning(varargin{:})</a> (<a href="matlab: opentoline('/Users/hust-hwashin621m/Desktop/vietanhpaper-2/run_comparison.m',274,0)">line 274</a>)
In <a href="matlab:matlab.lang.internal.introspective.errorDocCallback('compare_algorithms>runAlgorithmBatch', '/Users/hust-hwashin621m/Desktop/vietanhpaper-2/scripts/compare_algorithms.m', 139)" style="font-weight:bold">compare_algorithms>runAlgorithmBatch</a> (<a href="matlab: opentoline('/Users/hust-hwashin621m/Desktop/vietanhpaper-2/scripts/compare_algorithms.m',139,0)">line 139</a>)
Starting DQN-PSO (HMM + DQN) - Mode: global
[ACTION DEBUG iter 1000] Raw action[1:3]: [-0.9979, 0.8519, -0.9980], noise: 0.0500
[ACTION DEBUG iter 1000] WARNING: 2/20 actions clipped (network saturating)
[RLAMPSO DEBUG iter 1000] w=0.4877, c1=1.3192, c2=1.5155 | fitness=12330.53
[ACTION DEBUG iter 1000] Raw action[1:3]: [0.9027, 0.1076, -0.9885], noise: 0.0500
[ACTION DEBUG iter 1000] WARNING: 2/20 actions clipped (network saturating)
[RLAMPSO DEBUG iter 1000] w=0.6400, c1=1.8962, c2=1.0814 | fitness=12185.10
[ACTION DEBUG iter 1000] Raw action[1:3]: [-0.9351, 0.9787, -0.8569], noise: 0.0500
[ACTION DEBUG iter 1000] WARNING: 2/20 actions clipped (network saturating)
[RLAMPSO DEBUG iter 1000] w=0.5781, c1=1.3000, c2=0.9863 | fitness=12480.55
[REWARD DEBUG iter 1000] FitnessImprovement: 0.0088 → Reward: +1.0000 (prevFit=12330.53, currFit=12330.52)

========== Planning Complete ==========
Algorithm: RLAMPSO
Execution time: 331.8983 seconds
Path length: 288.5668 units
Waypoints: 7
Best fitness: 12330.5193
========================================

[REWARD DEBUG iter 1000] FitnessImprovement: 0.0000 → Reward: +1.0000 (prevFit=12480.55, currFit=12480.55)

========== Planning Complete ==========
Algorithm: RLAMPSO
Execution time: 332.1007 seconds
Path length: 311.7701 units
Waypoints: 7
Best fitness: 12480.5529
========================================


========== Direct Global Planning ==========
Algorithm: DQN_PSO
Start: [0.0, 0.0, 10.0]
Goal:  [200.0, 200.0, 10.0]
============================================

Warning: DQN-PSO (paper) is homogeneous; forcing paramMode to global.
> In <a href="matlab:matlab.lang.internal.introspective.errorDocCallback('globalPathPlanningDQNPSO', '/Users/hust-hwashin621m/Desktop/vietanhpaper-2/algorithms/dqn_pso/globalPathPlanningDQNPSO.m', 15)" style="font-weight:bold">globalPathPlanningDQNPSO</a> (<a href="matlab: opentoline('/Users/hust-hwashin621m/Desktop/vietanhpaper-2/algorithms/dqn_pso/globalPathPlanningDQNPSO.m',15,0)">line 15</a>)
In <a href="matlab:matlab.lang.internal.introspective.errorDocCallback('callGlobalPlanningAlgorithm', '/Users/hust-hwashin621m/Desktop/vietanhpaper-2/algorithms/callGlobalPlanningAlgorithm.m', 230)" style="font-weight:bold">callGlobalPlanningAlgorithm</a> (<a href="matlab: opentoline('/Users/hust-hwashin621m/Desktop/vietanhpaper-2/algorithms/callGlobalPlanningAlgorithm.m',230,0)">line 230</a>)
In <a href="matlab:matlab.lang.internal.introspective.errorDocCallback('directGlobalPlanning', '/Users/hust-hwashin621m/Desktop/vietanhpaper-2/shared/path_planning/directGlobalPlanning.m', 59)" style="font-weight:bold">directGlobalPlanning</a> (<a href="matlab: opentoline('/Users/hust-hwashin621m/Desktop/vietanhpaper-2/shared/path_planning/directGlobalPlanning.m',59,0)">line 59</a>)
In <a href="matlab:matlab.lang.internal.introspective.errorDocCallback('run_comparison>@(varargin)directGlobalPlanning(varargin{:})', '/Users/hust-hwashin621m/Desktop/vietanhpaper-2/run_comparison.m', 274)" style="font-weight:bold">run_comparison>@(varargin)directGlobalPlanning(varargin{:})</a> (<a href="matlab: opentoline('/Users/hust-hwashin621m/Desktop/vietanhpaper-2/run_comparison.m',274,0)">line 274</a>)
In <a href="matlab:matlab.lang.internal.introspective.errorDocCallback('compare_algorithms>runAlgorithmBatch', '/Users/hust-hwashin621m/Desktop/vietanhpaper-2/scripts/compare_algorithms.m', 139)" style="font-weight:bold">compare_algorithms>runAlgorithmBatch</a> (<a href="matlab: opentoline('/Users/hust-hwashin621m/Desktop/vietanhpaper-2/scripts/compare_algorithms.m',139,0)">line 139</a>)
Starting DQN-PSO (HMM + DQN) - Mode: global
[REWARD DEBUG iter 1000] FitnessImprovement: 0.0228 → Reward: +1.0000 (prevFit=12185.10, currFit=12185.08)

========== Direct Global Planning ==========
Algorithm: DQN_PSO
Start: [0.0, 0.0, 10.0]
Goal:  [200.0, 200.0, 10.0]
============================================

Warning: DQN-PSO (paper) is homogeneous; forcing paramMode to global.
> In <a href="matlab:matlab.lang.internal.introspective.errorDocCallback('globalPathPlanningDQNPSO', '/Users/hust-hwashin621m/Desktop/vietanhpaper-2/algorithms/dqn_pso/globalPathPlanningDQNPSO.m', 15)" style="font-weight:bold">globalPathPlanningDQNPSO</a> (<a href="matlab: opentoline('/Users/hust-hwashin621m/Desktop/vietanhpaper-2/algorithms/dqn_pso/globalPathPlanningDQNPSO.m',15,0)">line 15</a>)
In <a href="matlab:matlab.lang.internal.introspective.errorDocCallback('callGlobalPlanningAlgorithm', '/Users/hust-hwashin621m/Desktop/vietanhpaper-2/algorithms/callGlobalPlanningAlgorithm.m', 230)" style="font-weight:bold">callGlobalPlanningAlgorithm</a> (<a href="matlab: opentoline('/Users/hust-hwashin621m/Desktop/vietanhpaper-2/algorithms/callGlobalPlanningAlgorithm.m',230,0)">line 230</a>)
In <a href="matlab:matlab.lang.internal.introspective.errorDocCallback('directGlobalPlanning', '/Users/hust-hwashin621m/Desktop/vietanhpaper-2/shared/path_planning/directGlobalPlanning.m', 59)" style="font-weight:bold">directGlobalPlanning</a> (<a href="matlab: opentoline('/Users/hust-hwashin621m/Desktop/vietanhpaper-2/shared/path_planning/directGlobalPlanning.m',59,0)">line 59</a>)
In <a href="matlab:matlab.lang.internal.introspective.errorDocCallback('run_comparison>@(varargin)directGlobalPlanning(varargin{:})', '/Users/hust-hwashin621m/Desktop/vietanhpaper-2/run_comparison.m', 274)" style="font-weight:bold">run_comparison>@(varargin)directGlobalPlanning(varargin{:})</a> (<a href="matlab: opentoline('/Users/hust-hwashin621m/Desktop/vietanhpaper-2/run_comparison.m',274,0)">line 274</a>)
In <a href="matlab:matlab.lang.internal.introspective.errorDocCallback('compare_algorithms>runAlgorithmBatch', '/Users/hust-hwashin621m/Desktop/vietanhpaper-2/scripts/compare_algorithms.m', 139)" style="font-weight:bold">compare_algorithms>runAlgorithmBatch</a> (<a href="matlab: opentoline('/Users/hust-hwashin621m/Desktop/vietanhpaper-2/scripts/compare_algorithms.m',139,0)">line 139</a>)
Starting DQN-PSO (HMM + DQN) - Mode: global

========== Planning Complete ==========
Algorithm: RLAMPSO
Execution time: 332.1358 seconds
Path length: 287.6953 units
Waypoints: 7
Best fitness: 12185.0784
========================================

[ACTION DEBUG iter 1000] Raw action[1:3]: [0.9984, 0.9997, -0.9998], noise: 0.0500
[ACTION DEBUG iter 1000] WARNING: 4/20 actions clipped (network saturating)
[RLAMPSO DEBUG iter 1000] w=0.6323, c1=1.1826, c2=1.1665 | fitness=12597.26

========== Direct Global Planning ==========
Algorithm: DQN_PSO
Start: [0.0, 0.0, 10.0]
Goal:  [200.0, 200.0, 10.0]
============================================

Warning: DQN-PSO (paper) is homogeneous; forcing paramMode to global.
> In <a href="matlab:matlab.lang.internal.introspective.errorDocCallback('globalPathPlanningDQNPSO', '/Users/hust-hwashin621m/Desktop/vietanhpaper-2/algorithms/dqn_pso/globalPathPlanningDQNPSO.m', 15)" style="font-weight:bold">globalPathPlanningDQNPSO</a> (<a href="matlab: opentoline('/Users/hust-hwashin621m/Desktop/vietanhpaper-2/algorithms/dqn_pso/globalPathPlanningDQNPSO.m',15,0)">line 15</a>)
In <a href="matlab:matlab.lang.internal.introspective.errorDocCallback('callGlobalPlanningAlgorithm', '/Users/hust-hwashin621m/Desktop/vietanhpaper-2/algorithms/callGlobalPlanningAlgorithm.m', 230)" style="font-weight:bold">callGlobalPlanningAlgorithm</a> (<a href="matlab: opentoline('/Users/hust-hwashin621m/Desktop/vietanhpaper-2/algorithms/callGlobalPlanningAlgorithm.m',230,0)">line 230</a>)
In <a href="matlab:matlab.lang.internal.introspective.errorDocCallback('directGlobalPlanning', '/Users/hust-hwashin621m/Desktop/vietanhpaper-2/shared/path_planning/directGlobalPlanning.m', 59)" style="font-weight:bold">directGlobalPlanning</a> (<a href="matlab: opentoline('/Users/hust-hwashin621m/Desktop/vietanhpaper-2/shared/path_planning/directGlobalPlanning.m',59,0)">line 59</a>)
In <a href="matlab:matlab.lang.internal.introspective.errorDocCallback('run_comparison>@(varargin)directGlobalPlanning(varargin{:})', '/Users/hust-hwashin621m/Desktop/vietanhpaper-2/run_comparison.m', 274)" style="font-weight:bold">run_comparison>@(varargin)directGlobalPlanning(varargin{:})</a> (<a href="matlab: opentoline('/Users/hust-hwashin621m/Desktop/vietanhpaper-2/run_comparison.m',274,0)">line 274</a>)
In <a href="matlab:matlab.lang.internal.introspective.errorDocCallback('compare_algorithms>runAlgorithmBatch', '/Users/hust-hwashin621m/Desktop/vietanhpaper-2/scripts/compare_algorithms.m', 139)" style="font-weight:bold">compare_algorithms>runAlgorithmBatch</a> (<a href="matlab: opentoline('/Users/hust-hwashin621m/Desktop/vietanhpaper-2/scripts/compare_algorithms.m',139,0)">line 139</a>)
Starting DQN-PSO (HMM + DQN) - Mode: global
[REWARD DEBUG iter 1000] FitnessImprovement: 0.0227 → Reward: +1.0000 (prevFit=12597.26, currFit=12597.24)

========== Planning Complete ==========
Algorithm: RLAMPSO
Execution time: 332.8155 seconds
Path length: 292.0565 units
Waypoints: 7
Best fitness: 12597.2381
========================================


========== Direct Global Planning ==========
Algorithm: DQN_PSO
Start: [0.0, 0.0, 10.0]
Goal:  [200.0, 200.0, 10.0]
============================================

Warning: DQN-PSO (paper) is homogeneous; forcing paramMode to global.
> In <a href="matlab:matlab.lang.internal.introspective.errorDocCallback('globalPathPlanningDQNPSO', '/Users/hust-hwashin621m/Desktop/vietanhpaper-2/algorithms/dqn_pso/globalPathPlanningDQNPSO.m', 15)" style="font-weight:bold">globalPathPlanningDQNPSO</a> (<a href="matlab: opentoline('/Users/hust-hwashin621m/Desktop/vietanhpaper-2/algorithms/dqn_pso/globalPathPlanningDQNPSO.m',15,0)">line 15</a>)
In <a href="matlab:matlab.lang.internal.introspective.errorDocCallback('callGlobalPlanningAlgorithm', '/Users/hust-hwashin621m/Desktop/vietanhpaper-2/algorithms/callGlobalPlanningAlgorithm.m', 230)" style="font-weight:bold">callGlobalPlanningAlgorithm</a> (<a href="matlab: opentoline('/Users/hust-hwashin621m/Desktop/vietanhpaper-2/algorithms/callGlobalPlanningAlgorithm.m',230,0)">line 230</a>)
In <a href="matlab:matlab.lang.internal.introspective.errorDocCallback('directGlobalPlanning', '/Users/hust-hwashin621m/Desktop/vietanhpaper-2/shared/path_planning/directGlobalPlanning.m', 59)" style="font-weight:bold">directGlobalPlanning</a> (<a href="matlab: opentoline('/Users/hust-hwashin621m/Desktop/vietanhpaper-2/shared/path_planning/directGlobalPlanning.m',59,0)">line 59</a>)
In <a href="matlab:matlab.lang.internal.introspective.errorDocCallback('run_comparison>@(varargin)directGlobalPlanning(varargin{:})', '/Users/hust-hwashin621m/Desktop/vietanhpaper-2/run_comparison.m', 274)" style="font-weight:bold">run_comparison>@(varargin)directGlobalPlanning(varargin{:})</a> (<a href="matlab: opentoline('/Users/hust-hwashin621m/Desktop/vietanhpaper-2/run_comparison.m',274,0)">line 274</a>)
In <a href="matlab:matlab.lang.internal.introspective.errorDocCallback('compare_algorithms>runAlgorithmBatch', '/Users/hust-hwashin621m/Desktop/vietanhpaper-2/scripts/compare_algorithms.m', 139)" style="font-weight:bold">compare_algorithms>runAlgorithmBatch</a> (<a href="matlab: opentoline('/Users/hust-hwashin621m/Desktop/vietanhpaper-2/scripts/compare_algorithms.m',139,0)">line 139</a>)
Starting DQN-PSO (HMM + DQN) - Mode: global
      [Iter 750] Action stats: mean=-0.0214±0.6435 [-0.8162-0.9216]
      [Iter 750] Action stats: mean=0.1293±0.5111 [-0.9411-0.7581]
  [Iter 750/1000] Best: 12304.5406 | Alpha: 0.1660
      [Iter 750] Action stats: mean=-0.3056±0.5872 [-0.9769-0.7772]
      [Iter 750] Action stats: mean=0.3200±0.6710 [-0.8831-0.9250]
      [Iter 750] Action stats: mean=-0.1043±0.5398 [-0.7739-0.6837]
  [Iter 750/1000] Best: 12353.2029 | Alpha: 0.1659
  [Iter 750/1000] Best: 12319.5890 | Alpha: 0.1659
      [Iter 750] Action stats: mean=-0.0857±0.8033 [-0.9057-0.8786]
  [Iter 750/1000] Best: 12581.2569 | Alpha: 0.1659
  [Iter 750/1000] Best: 12564.6680 | Alpha: 0.1659
      [Iter 750] Action stats: mean=-0.1699±0.6697 [-0.9370-0.8521]
  [Iter 750/1000] Best: 12305.4164 | Alpha: 0.1661
      [Iter 750] Action stats: mean=-0.2301±0.6769 [-0.9423-0.9754]
  [Iter 750/1000] Best: 12381.9734 | Alpha: 0.1659
  [Iter 750/1000] Best: 12239.0806 | Alpha: 0.1659
      [Iter 750] Action stats: mean=-0.1406±0.7825 [-0.9668-0.8952]
DQN-PSO iter 150/1000 | Fitness: 12948.53 | w=0.100 c1=2.400 c2=0.600
  [Iter 750/1000] Best: 12592.3422 | Alpha: 0.1659
      [Iter 800] Action stats: mean=0.2030±0.8506 [-0.9723-0.9858]
      [Iter 800] Fitness: current=12654.7448, best=12654.7448, diversity=0.137412
      [Iter 800] Reward: -1.0000
  [Iter 800/1000] Best: 12654.7448 | Alpha: 0.1634
      [Iter 800] Action stats: mean=-0.0983±0.6124 [-0.9286-0.8034]
      [Iter 800] Fitness: current=12223.5487, best=12223.5487, diversity=0.562330
      [Iter 800] Reward: -1.0000
  [Iter 800/1000] Best: 12223.5487 | Alpha: 0.1635
      [Iter 800] Action stats: mean=0.1586±0.6111 [-0.7834-0.9278]
      [Iter 800] Action stats: mean=0.3109±0.5807 [-0.6197-0.8772]
      [Iter 800] Fitness: current=12296.3877, best=12296.3877, diversity=1.548872
      [Iter 800] Reward: -1.0000
      [Iter 800] Fitness: current=12504.1515, best=12504.1515, diversity=3.550966
      [Iter 800] Reward: -1.0000
      [Iter 800] Action stats: mean=-0.1781±0.5079 [-0.8927-0.4925]
  [Iter 800/1000] Best: 12296.3877 | Alpha: 0.1635
  [Iter 800/1000] Best: 12504.1515 | Alpha: 0.1634
      [Iter 800] Fitness: current=12176.6448, best=12176.6448, diversity=1.419500
      [Iter 800] Reward: 1.0000
  [Iter 800/1000] Best: 12176.6448 | Alpha: 0.1634
DQN-PSO iter 50/1000 | Fitness: 12763.83 | w=0.855 c1=2.200 c2=0.850
DQN-PSO iter 50/1000 | Fitness: 13078.33 | w=0.900 c1=2.500 c2=0.500
DQN-PSO iter 50/1000 | Fitness: 12422.60 | w=0.900 c1=1.850 c2=1.000
      [Iter 800] Action stats: mean=0.0050±0.5135 [-0.6041-0.9090]
      [Iter 800] Action stats: mean=0.2257±0.6002 [-0.7805-0.8328]
      [Iter 800] Action stats: mean=-0.2808±0.6350 [-0.9514-0.8031]
      [Iter 800] Fitness: current=12352.8420, best=12352.8420, diversity=0.897742
      [Iter 800] Reward: -1.0000
      [Iter 800] Action stats: mean=0.2215±0.6275 [-0.9062-0.9796]
      [Iter 800] Fitness: current=12303.5554, best=12303.5554, diversity=3.259163
      [Iter 800] Reward: 1.0000
DQN-PSO iter 50/1000 | Fitness: 12627.88 | w=0.100 c1=0.500 c2=2.500
DQN-PSO iter 50/1000 | Fitness: 13245.58 | w=0.100 c1=1.550 c2=1.400
      [Iter 800] Fitness: current=12317.5362, best=12317.5362, diversity=2.537986
      [Iter 800] Reward: -1.0000
      [Iter 800] Action stats: mean=-0.2318±0.5770 [-0.7070-0.7392]
  [Iter 800/1000] Best: 12352.8420 | Alpha: 0.1634
  [Iter 800/1000] Best: 12303.5554 | Alpha: 0.1635
DQN-PSO iter 50/1000 | Fitness: 13004.39 | w=0.421 c1=2.250 c2=0.750
DQN-PSO iter 50/1000 | Fitness: 12573.79 | w=0.100 c1=0.500 c2=2.500
  [Iter 800/1000] Best: 12317.5362 | Alpha: 0.1634
      [Iter 800] Fitness: current=12564.6232, best=12564.6232, diversity=0.544418
      [Iter 800] Reward: 1.0000
  [Iter 800/1000] Best: 12564.6232 | Alpha: 0.1634
      [Iter 800] Fitness: current=12381.9519, best=12381.9519, diversity=1.201756
      [Iter 800] Reward: 1.0000
      [Iter 800] Action stats: mean=-0.0168±0.6090 [-0.8720-0.8889]
  [Iter 800/1000] Best: 12381.9519 | Alpha: 0.1634
      [Iter 800] Fitness: current=12578.0275, best=12578.0275, diversity=1.891067
      [Iter 800] Reward: 1.0000
      [Iter 800] Action stats: mean=0.0311±0.5270 [-0.8487-0.6421]
      [Iter 800] Action stats: mean=-0.4149±0.4778 [-0.9949-0.2103]
DQN-PSO iter 50/1000 | Fitness: 12968.33 | w=0.900 c1=2.500 c2=0.500
DQN-PSO iter 50/1000 | Fitness: 13096.64 | w=0.100 c1=2.150 c2=0.850
DQN-PSO iter 50/1000 | Fitness: 13505.48 | w=0.100 c1=1.850 c2=1.150
  [Iter 800/1000] Best: 12578.0275 | Alpha: 0.1634
      [Iter 800] Fitness: current=12305.4162, best=12305.4162, diversity=1.114321
      [Iter 800] Reward: -1.0000
      [Iter 800] Fitness: current=12233.2710, best=12233.2710, diversity=0.770866
      [Iter 800] Reward: 1.0000
  [Iter 800/1000] Best: 12233.2710 | Alpha: 0.1634
  [Iter 800/1000] Best: 12305.4162 | Alpha: 0.1637
DQN-PSO iter 50/1000 | Fitness: 13054.13 | w=0.100 c1=0.500 c2=2.400
      [Iter 800] Action stats: mean=-0.3199±0.5377 [-0.8797-0.5880]
      [Iter 800] Fitness: current=12592.3420, best=12592.3420, diversity=0.109066
      [Iter 800] Reward: 1.0000
DQN-PSO iter 50/1000 | Fitness: 14010.50 | w=0.100 c1=1.900 c2=1.100
DQN-PSO iter 300/1000 | Fitness: 12932.61 | w=0.900 c1=0.950 c2=2.100
  [Iter 800/1000] Best: 12592.3420 | Alpha: 0.1634
DQN-PSO iter 200/1000 | Fitness: 12910.84 | w=0.900 c1=2.500 c2=0.500
      [Iter 850] Action stats: mean=0.0832±0.6581 [-0.9247-0.9572]
  [Iter 850/1000] Best: 12653.9171 | Alpha: 0.1611
      [Iter 850] Action stats: mean=-0.0883±0.5710 [-0.9254-0.5278]
  [Iter 850/1000] Best: 12223.5487 | Alpha: 0.1610
      [Iter 850] Action stats: mean=0.3517±0.4543 [-0.3028-0.9500]
  [Iter 850/1000] Best: 12296.3773 | Alpha: 0.1610
      [Iter 850] Action stats: mean=0.1515±0.6217 [-0.8094-0.9545]
  [Iter 850/1000] Best: 12504.1425 | Alpha: 0.1610
      [Iter 850] Action stats: mean=-0.0878±0.3447 [-0.6416-0.3555]
  [Iter 850/1000] Best: 12176.6448 | Alpha: 0.1610
      [Iter 850] Action stats: mean=0.4298±0.3456 [-0.0843-0.8183]
      [Iter 850] Action stats: mean=-0.3077±0.7622 [-0.9869-0.8952]
      [Iter 850] Action stats: mean=0.2478±0.6373 [-0.4687-0.9978]
  [Iter 850/1000] Best: 12352.1237 | Alpha: 0.1610
  [Iter 850/1000] Best: 12317.2151 | Alpha: 0.1610
      [Iter 850] Action stats: mean=-0.2412±0.6484 [-0.9249-0.6059]
      [Iter 850] Action stats: mean=0.4518±0.3105 [0.0271-0.8654]
  [Iter 850/1000] Best: 12564.5704 | Alpha: 0.1610
  [Iter 850/1000] Best: 12303.4170 | Alpha: 0.1612
      [Iter 850] Action stats: mean=0.0356±0.4999 [-0.9035-0.6255]
  [Iter 850/1000] Best: 12381.9074 | Alpha: 0.1610
      [Iter 850] Action stats: mean=-0.3311±0.5054 [-0.9424-0.4931]
      [Iter 850] Action stats: mean=-0.2927±0.5424 [-0.9589-0.5184]
  [Iter 850/1000] Best: 12233.0235 | Alpha: 0.1610
  [Iter 850/1000] Best: 12576.7416 | Alpha: 0.1610
  [Iter 850/1000] Best: 12305.4162 | Alpha: 0.1612
      [Iter 850] Action stats: mean=0.0307±0.7939 [-0.9412-0.8980]
  [Iter 850/1000] Best: 12592.3420 | Alpha: 0.1610
DQN-PSO iter 100/1000 | Fitness: 12969.29 | w=0.584 c1=2.500 c2=0.500
DQN-PSO iter 100/1000 | Fitness: 12357.27 | w=0.404 c1=2.500 c2=0.500
DQN-PSO iter 100/1000 | Fitness: 12619.58 | w=0.100 c1=2.400 c2=0.650
DQN-PSO iter 100/1000 | Fitness: 12590.46 | w=0.100 c1=0.600 c2=2.450
DQN-PSO iter 100/1000 | Fitness: 12791.44 | w=0.100 c1=2.300 c2=0.700
DQN-PSO iter 100/1000 | Fitness: 12842.57 | w=0.900 c1=2.500 c2=0.500
DQN-PSO iter 100/1000 | Fitness: 12987.57 | w=0.820 c1=2.500 c2=0.500
DQN-PSO iter 100/1000 | Fitness: 12548.27 | w=0.100 c1=0.500 c2=2.500
DQN-PSO iter 100/1000 | Fitness: 12769.55 | w=0.100 c1=0.500 c2=2.500
DQN-PSO iter 100/1000 | Fitness: 13936.68 | w=0.164 c1=2.500 c2=0.500
DQN-PSO iter 100/1000 | Fitness: 12981.81 | w=0.413 c1=2.500 c2=0.500
DQN-PSO iter 100/1000 | Fitness: 13230.11 | w=0.900 c1=2.450 c2=0.500
DQN-PSO iter 350/1000 | Fitness: 12931.75 | w=0.100 c1=0.850 c2=2.400
      [Iter 900] Action stats: mean=-0.0369±0.7000 [-0.9325-0.9647]
      [Iter 900] Fitness: current=12652.9355, best=12652.9355, diversity=0.274751
      [Iter 900] Reward: 1.0000
  [Iter 900/1000] Best: 12652.9355 | Alpha: 0.1590
DQN-PSO iter 250/1000 | Fitness: 12909.08 | w=0.558 c1=2.500 c2=0.500
      [Iter 900] Action stats: mean=-0.1403±0.4288 [-0.6460-0.7282]
      [Iter 900] Fitness: current=12223.5487, best=12223.5487, diversity=0.301053
      [Iter 900] Reward: 1.0000
      [Iter 900] Action stats: mean=-0.0410±0.5254 [-0.9145-0.8734]
  [Iter 900/1000] Best: 12223.5487 | Alpha: 0.1587
      [Iter 900] Fitness: current=12296.3090, best=12296.3090, diversity=1.142841
      [Iter 900] Reward: 1.0000
  [Iter 900/1000] Best: 12296.3090 | Alpha: 0.1586
      [Iter 900] Action stats: mean=-0.0399±0.5142 [-0.5408-0.9845]
      [Iter 900] Action stats: mean=0.2292±0.5036 [-0.5538-0.9179]
      [Iter 900] Fitness: current=12504.1408, best=12504.1408, diversity=1.787590
      [Iter 900] Reward: 1.0000
  [Iter 900/1000] Best: 12504.1408 | Alpha: 0.1586
      [Iter 900] Fitness: current=12176.6418, best=12176.6418, diversity=0.593598
      [Iter 900] Reward: -1.0000
  [Iter 900/1000] Best: 12176.6418 | Alpha: 0.1586
      [Iter 900] Action stats: mean=0.0197±0.6421 [-0.9790-0.9711]
      [Iter 900] Fitness: current=12352.0045, best=12352.0045, diversity=0.928266
      [Iter 900] Reward: -1.0000
      [Iter 900] Action stats: mean=0.0689±0.7836 [-0.9364-0.9764]
  [Iter 900/1000] Best: 12352.0045 | Alpha: 0.1586
      [Iter 900] Fitness: current=12317.1879, best=12317.1879, diversity=1.980651
      [Iter 900] Reward: 1.0000
  [Iter 900/1000] Best: 12317.1879 | Alpha: 0.1586
      [Iter 900] Action stats: mean=-0.2754±0.5800 [-0.9165-0.5655]
      [Iter 900] Action stats: mean=0.0243±0.5629 [-0.8826-0.8365]
      [Iter 900] Fitness: current=12564.5688, best=12564.5688, diversity=0.015914
      [Iter 900] Reward: 1.0000
  [Iter 900/1000] Best: 12564.5688 | Alpha: 0.1586
      [Iter 900] Action stats: mean=-0.1698±0.5265 [-0.7509-0.8296]
      [Iter 900] Fitness: current=12359.1717, best=12359.1717, diversity=1.255026
      [Iter 900] Reward: 1.0000
      [Iter 900] Fitness: current=12303.2031, best=12303.2031, diversity=2.251839
      [Iter 900] Reward: 1.0000
  [Iter 900/1000] Best: 12303.2031 | Alpha: 0.1592
  [Iter 900/1000] Best: 12359.1717 | Alpha: 0.1586
      [Iter 900] Action stats: mean=-0.3435±0.5993 [-0.9100-0.6823]
      [Iter 900] Fitness: current=12232.6986, best=12232.6986, diversity=1.160367
      [Iter 900] Reward: 1.0000
  [Iter 900/1000] Best: 12232.6986 | Alpha: 0.1586
      [Iter 900] Action stats: mean=0.2469±0.5751 [-0.7786-0.8458]
      [Iter 900] Fitness: current=12576.4407, best=12576.4407, diversity=1.386411
      [Iter 900] Reward: -1.0000
      [Iter 900] Action stats: mean=-0.1306±0.5680 [-0.8267-0.7440]
  [Iter 900/1000] Best: 12576.4407 | Alpha: 0.1586
      [Iter 900] Fitness: current=12305.4162, best=12305.4162, diversity=0.619322
      [Iter 900] Reward: -1.0000
  [Iter 900/1000] Best: 12305.4162 | Alpha: 0.1590
      [Iter 900] Action stats: mean=-0.3485±0.6356 [-0.9697-0.8924]
      [Iter 900] Fitness: current=12592.3420, best=12592.3420, diversity=0.075313
      [Iter 900] Reward: 1.0000
  [Iter 900/1000] Best: 12592.3420 | Alpha: 0.1588
DQN-PSO iter 150/1000 | Fitness: 12959.60 | w=0.100 c1=2.400 c2=0.600
DQN-PSO iter 150/1000 | Fitness: 12338.54 | w=0.667 c1=2.500 c2=0.500
DQN-PSO iter 150/1000 | Fitness: 12599.89 | w=0.400 c1=2.400 c2=0.650
DQN-PSO iter 150/1000 | Fitness: 12735.38 | w=0.404 c1=2.500 c2=0.500
DQN-PSO iter 150/1000 | Fitness: 12547.13 | w=0.100 c1=0.500 c2=2.500
      [Iter 950] Action stats: mean=-0.2731±0.6685 [-0.9571-0.7786]
DQN-PSO iter 150/1000 | Fitness: 12584.42 | w=0.400 c1=0.700 c2=2.400
DQN-PSO iter 150/1000 | Fitness: 12865.50 | w=0.400 c1=2.500 c2=0.500
  [Iter 950/1000] Best: 12652.8639 | Alpha: 0.1568
DQN-PSO iter 150/1000 | Fitness: 12774.43 | w=0.173 c1=2.500 c2=0.500
DQN-PSO iter 150/1000 | Fitness: 12723.73 | w=0.900 c1=0.650 c2=2.350
DQN-PSO iter 150/1000 | Fitness: 12978.48 | w=0.135 c1=2.500 c2=0.500
DQN-PSO iter 150/1000 | Fitness: 13930.02 | w=0.236 c1=2.500 c2=0.500
DQN-PSO iter 150/1000 | Fitness: 13144.82 | w=0.100 c1=2.400 c2=0.600
      [Iter 950] Action stats: mean=-0.2169±0.7214 [-0.8547-0.9892]
  [Iter 950/1000] Best: 12223.5487 | Alpha: 0.1564
DQN-PSO iter 400/1000 | Fitness: 12930.66 | w=0.432 c1=1.600 c2=1.300
      [Iter 950] Action stats: mean=0.3156±0.6348 [-0.9402-0.9487]
  [Iter 950/1000] Best: 12295.8655 | Alpha: 0.1563
      [Iter 950] Action stats: mean=0.0637±0.5332 [-0.7050-0.7481]
  [Iter 950/1000] Best: 12504.1407 | Alpha: 0.1562
      [Iter 950] Action stats: mean=0.0492±0.6244 [-0.6981-0.8472]
  [Iter 950/1000] Best: 12176.6418 | Alpha: 0.1562
      [Iter 950] Action stats: mean=0.2328±0.7078 [-0.7985-0.9679]
      [Iter 950] Action stats: mean=-0.0088±0.6332 [-0.8225-0.9233]
  [Iter 950/1000] Best: 12351.6501 | Alpha: 0.1562
      [Iter 950] Action stats: mean=-0.2880±0.6809 [-0.8813-0.8601]
DQN-PSO iter 300/1000 | Fitness: 12908.52 | w=0.100 c1=2.400 c2=0.600
  [Iter 950/1000] Best: 12317.1862 | Alpha: 0.1565
      [Iter 950] Action stats: mean=-0.0454±0.7167 [-0.9385-0.9760]
  [Iter 950/1000] Best: 12303.1713 | Alpha: 0.1574
  [Iter 950/1000] Best: 12564.5683 | Alpha: 0.1562
      [Iter 950] Action stats: mean=-0.2620±0.8018 [-0.9976-0.9901]
      [Iter 950] Action stats: mean=-0.2309±0.5201 [-0.8212-0.8057]
  [Iter 950/1000] Best: 12232.6829 | Alpha: 0.1562
  [Iter 950/1000] Best: 12358.1789 | Alpha: 0.1563
      [Iter 950] Action stats: mean=0.0918±0.6667 [-0.6926-0.9079]
      [Iter 950] Action stats: mean=-0.0061±0.5849 [-0.9465-0.8601]
      [Iter 950] Action stats: mean=-0.1285±0.7033 [-0.9631-0.9026]
  [Iter 950/1000] Best: 12305.4162 | Alpha: 0.1568
  [Iter 950/1000] Best: 12592.3420 | Alpha: 0.1567
  [Iter 950/1000] Best: 12575.8088 | Alpha: 0.1564
      [Iter 1000] Action stats: mean=-0.0826±0.7711 [-0.9493-0.9021]
      [Iter 1000] Fitness: current=12652.8581, best=12652.8581, diversity=0.117462
      [Iter 1000] Reward: 1.0000
  [Iter 1000/1000] Best: 12652.8581 | Alpha: 0.1546

╔════════════════════════════════════════════════════════════╗
║              RRSACPSO TRAINING COMPLETE                   ║
╚════════════════════════════════════════════════════════════╝
  Mode:              online
  Episodes:          1
  Iterations/Ep:     1000
  Population Size:   100
  Best Fitness:      12652.8581
  Path Length:       5 waypoints


========== Planning Complete ==========
Algorithm: RRSACPSO
Execution time: 410.7912 seconds
Path length: 290.2098 units
Waypoints: 7
Best fitness: 12652.8581
========================================


========== Direct Global Planning ==========
Algorithm: PSO
Start: [0.0, 0.0, 10.0]
Goal:  [200.0, 200.0, 10.0]
============================================

Starting Traditional PSO path planning with tracking...
      [Iter 1000] Action stats: mean=-0.1701±0.5747 [-0.8191-0.8826]
Number of Initial feasible particles: 0/100
      [Iter 1000] Fitness: current=12223.5487, best=12223.5487, diversity=0.108542
      [Iter 1000] Reward: -1.0000
  [Iter 1000/1000] Best: 12223.5487 | Alpha: 0.1541
      [Iter 1000] Action stats: mean=-0.0021±0.6999 [-0.8328-0.8772]

╔════════════════════════════════════════════════════════════╗
║              RRSACPSO TRAINING COMPLETE                   ║
╚════════════════════════════════════════════════════════════╝
  Mode:              online
  Episodes:          1
  Iterations/Ep:     1000
  Population Size:   100
  Best Fitness:      12223.5487
  Path Length:       5 waypoints


========== Planning Complete ==========
Algorithm: RRSACPSO
Execution time: 412.4581 seconds
Path length: 303.8187 units
Waypoints: 7
Best fitness: 12223.5487
========================================


========== Direct Global Planning ==========
Algorithm: PSO
Start: [0.0, 0.0, 10.0]
Goal:  [200.0, 200.0, 10.0]
============================================

Starting Traditional PSO path planning with tracking...
      [Iter 1000] Fitness: current=12295.3793, best=12295.3793, diversity=0.654751
      [Iter 1000] Reward: 1.0000
  [Iter 1000/1000] Best: 12295.3793 | Alpha: 0.1540

╔════════════════════════════════════════════════════════════╗
║              RRSACPSO TRAINING COMPLETE                   ║
╚════════════════════════════════════════════════════════════╝
  Mode:              online
  Episodes:          1
  Iterations/Ep:     1000
  Population Size:   100
  Best Fitness:      12295.3793
  Path Length:       5 waypoints


========== Planning Complete ==========
Algorithm: RRSACPSO
Execution time: 413.0423 seconds
Path length: 294.4573 units
Waypoints: 7
Best fitness: 12295.3793
========================================


========== Direct Global Planning ==========
Algorithm: PSO
Start: [0.0, 0.0, 10.0]
Goal:  [200.0, 200.0, 10.0]
============================================

Starting Traditional PSO path planning with tracking...
DQN-PSO iter 200/1000 | Fitness: 12596.59 | w=0.335 c1=2.500 c2=0.500
DQN-PSO iter 200/1000 | Fitness: 12337.43 | w=0.100 c1=2.400 c2=0.700
      [Iter 1000] Action stats: mean=-0.0240±0.5291 [-0.9466-0.7357]
      [Iter 1000] Fitness: current=12504.1407, best=12504.1407, diversity=1.323041
      [Iter 1000] Reward: 1.0000
  [Iter 1000/1000] Best: 12504.1407 | Alpha: 0.1539

╔════════════════════════════════════════════════════════════╗
║              RRSACPSO TRAINING COMPLETE                   ║
╚════════════════════════════════════════════════════════════╝
  Mode:              online
  Episodes:          1
  Iterations/Ep:     1000
  Population Size:   100
  Best Fitness:      12504.1407
  Path Length:       5 waypoints


========== Planning Complete ==========
Algorithm: RRSACPSO
Execution time: 413.7079 seconds
Path length: 305.3116 units
Waypoints: 7
Best fitness: 12504.1407
========================================

Number of Initial feasible particles: 0/100

========== Direct Global Planning ==========
Algorithm: PSO
Start: [0.0, 0.0, 10.0]
Goal:  [200.0, 200.0, 10.0]
============================================

Starting Traditional PSO path planning with tracking...
      [Iter 1000] Action stats: mean=0.1854±0.7716 [-0.8921-0.9750]
      [Iter 1000] Fitness: current=12175.3766, best=12175.3766, diversity=0.637327
      [Iter 1000] Reward: 1.0000
  [Iter 1000/1000] Best: 12175.3766 | Alpha: 0.1540

╔════════════════════════════════════════════════════════════╗
║              RRSACPSO TRAINING COMPLETE                   ║
╚════════════════════════════════════════════════════════════╝
  Mode:              online
  Episodes:          1
  Iterations/Ep:     1000
  Population Size:   100
  Best Fitness:      12175.3766
  Path Length:       5 waypoints


========== Planning Complete ==========
Algorithm: RRSACPSO
Execution time: 414.5209 seconds
Path length: 296.3353 units
Waypoints: 7
Best fitness: 12175.3766
========================================

Number of Initial feasible particles: 0/100
DQN-PSO iter 200/1000 | Fitness: 12945.84 | w=0.900 c1=2.500 c2=0.500

========== Direct Global Planning ==========
Algorithm: PSO
Start: [0.0, 0.0, 10.0]
Goal:  [200.0, 200.0, 10.0]
============================================

Starting Traditional PSO path planning with tracking...
Number of Initial feasible particles: 0/100
DQN-PSO iter 200/1000 | Fitness: 12583.63 | w=0.100 c1=0.850 c2=2.250
DQN-PSO iter 200/1000 | Fitness: 12544.60 | w=0.100 c1=0.500 c2=2.500
DQN-PSO iter 200/1000 | Fitness: 12725.79 | w=0.401 c1=2.500 c2=0.500
      [Iter 1000] Action stats: mean=-0.0304±0.5814 [-0.7475-0.7905]
Number of Initial feasible particles: 0/100
      [Iter 1000] Action stats: mean=-0.1290±0.6478 [-0.8967-0.9305]
      [Iter 1000] Action stats: mean=-0.0859±0.6659 [-0.9966-0.9127]
      [Iter 1000] Fitness: current=12302.8229, best=12302.8229, diversity=1.978573
      [Iter 1000] Reward: 1.0000
  [Iter 1000/1000] Best: 12302.8229 | Alpha: 0.1556

╔════════════════════════════════════════════════════════════╗
║              RRSACPSO TRAINING COMPLETE                   ║
╚════════════════════════════════════════════════════════════╝
  Mode:              online
  Episodes:          1
  Iterations/Ep:     1000
  Population Size:   100
  Best Fitness:      12302.8229
  Path Length:       5 waypoints


========== Planning Complete ==========
Algorithm: RRSACPSO
Execution time: 416.4167 seconds
Path length: 289.3573 units
Waypoints: 7
Best fitness: 12302.8229
========================================

      [Iter 1000] Fitness: current=12317.1726, best=12317.1726, diversity=1.051526
      [Iter 1000] Reward: -1.0000
      [Iter 1000] Fitness: current=12351.6436, best=12351.6436, diversity=0.813856
      [Iter 1000] Reward: 1.0000
  [Iter 1000/1000] Best: 12351.6436 | Alpha: 0.1542

╔════════════════════════════════════════════════════════════╗
║              RRSACPSO TRAINING COMPLETE                   ║
╚════════════════════════════════════════════════════════════╝
  Mode:              online
  Episodes:          1
  Iterations/Ep:     1000
  Population Size:   100
  Best Fitness:      12351.6436
  Path Length:       5 waypoints


========== Planning Complete ==========
Algorithm: RRSACPSO
Execution time: 416.4837 seconds
Path length: 308.2722 units
Waypoints: 7
Best fitness: 12351.6436
========================================


========== Direct Global Planning ==========
Algorithm: PSO
Start: [0.0, 0.0, 10.0]
Goal:  [200.0, 200.0, 10.0]
============================================

Starting Traditional PSO path planning with tracking...
DQN-PSO iter 200/1000 | Fitness: 12722.39 | w=0.116 c1=1.000 c2=2.200
DQN-PSO iter 200/1000 | Fitness: 12865.39 | w=0.100 c1=2.400 c2=0.600
  [Iter 1000/1000] Best: 12317.1726 | Alpha: 0.1547

╔════════════════════════════════════════════════════════════╗
║              RRSACPSO TRAINING COMPLETE                   ║
╚════════════════════════════════════════════════════════════╝
  Mode:              online
  Episodes:          1
  Iterations/Ep:     1000
  Population Size:   100
  Best Fitness:      12317.1726
  Path Length:       5 waypoints


========== Planning Complete ==========
Algorithm: RRSACPSO
Execution time: 416.4700 seconds
Path length: 292.7382 units
Waypoints: 7
Best fitness: 12317.1726
========================================


========== Direct Global Planning ==========
Algorithm: PSO
Start: [0.0, 0.0, 10.0]
Goal:  [200.0, 200.0, 10.0]
============================================

Starting Traditional PSO path planning with tracking...

========== Direct Global Planning ==========
Algorithm: PSO
Start: [0.0, 0.0, 10.0]
Goal:  [200.0, 200.0, 10.0]
============================================

Starting Traditional PSO path planning with tracking...
      [Iter 1000] Action stats: mean=-0.2941±0.5944 [-0.9702-0.6751]
      [Iter 1000] Action stats: mean=0.0164±0.6610 [-0.9197-0.9472]
      [Iter 1000] Fitness: current=12232.6829, best=12232.6829, diversity=0.641743
      [Iter 1000] Reward: 1.0000
DQN-PSO iter 200/1000 | Fitness: 12717.34 | w=0.100 c1=2.400 c2=0.600
DQN-PSO iter 200/1000 | Fitness: 12976.92 | w=0.497 c1=2.500 c2=0.500
DQN-PSO iter 200/1000 | Fitness: 12993.67 | w=0.575 c1=2.500 c2=0.500
      [Iter 1000] Action stats: mean=-0.6039±0.4219 [-0.9900-0.2863]
      [Iter 1000] Fitness: current=12358.1678, best=12358.1678, diversity=0.497880
      [Iter 1000] Reward: -1.0000
DQN-PSO iter 200/1000 | Fitness: 13928.86 | w=0.809 c1=2.500 c2=0.500
DQN-PSO iter 450/1000 | Fitness: 12928.97 | w=0.408 c1=1.450 c2=1.750
  [Iter 1000/1000] Best: 12358.1678 | Alpha: 0.1540

╔════════════════════════════════════════════════════════════╗
║              RRSACPSO TRAINING COMPLETE                   ║
╚════════════════════════════════════════════════════════════╝
  Mode:              online
  Episodes:          1
  Iterations/Ep:     1000
  Population Size:   100
  Best Fitness:      12358.1678
  Path Length:       5 waypoints


========== Planning Complete ==========
Algorithm: RRSACPSO
Execution time: 417.5653 seconds
Path length: 294.1041 units
Waypoints: 7
Best fitness: 12358.1678
========================================


========== Direct Global Planning ==========
Algorithm: PSO
Start: [0.0, 0.0, 10.0]
Goal:  [200.0, 200.0, 10.0]
============================================

Starting Traditional PSO path planning with tracking...
Number of Initial feasible particles: 0/100
  [Iter 1000/1000] Best: 12232.6829 | Alpha: 0.1539

╔════════════════════════════════════════════════════════════╗
║              RRSACPSO TRAINING COMPLETE                   ║
╚════════════════════════════════════════════════════════════╝
  Mode:              online
  Episodes:          1
  Iterations/Ep:     1000
  Population Size:   100
  Best Fitness:      12232.6829
  Path Length:       5 waypoints


========== Planning Complete ==========
Algorithm: RRSACPSO
Execution time: 417.4867 seconds
Path length: 301.4325 units
Waypoints: 7
Best fitness: 12232.6829
========================================


========== Direct Global Planning ==========
Algorithm: PSO
Start: [0.0, 0.0, 10.0]
Goal:  [200.0, 200.0, 10.0]
============================================

Starting Traditional PSO path planning with tracking...
      [Iter 1000] Fitness: current=12564.5683, best=12564.5683, diversity=0.013211
      [Iter 1000] Reward: 1.0000
  [Iter 1000/1000] Best: 12564.5683 | Alpha: 0.1539

╔════════════════════════════════════════════════════════════╗
║              RRSACPSO TRAINING COMPLETE                   ║
╚════════════════════════════════════════════════════════════╝
  Mode:              online
  Episodes:          1
  Iterations/Ep:     1000
  Population Size:   100
  Best Fitness:      12564.5683
  Path Length:       5 waypoints


========== Planning Complete ==========
Algorithm: RRSACPSO
Execution time: 417.7166 seconds
Path length: 294.3178 units
Waypoints: 7
Best fitness: 12564.5683
========================================


========== Direct Global Planning ==========
Algorithm: PSO
Start: [0.0, 0.0, 10.0]
Goal:  [200.0, 200.0, 10.0]
============================================

Starting Traditional PSO path planning with tracking...
Number of Initial feasible particles: 0/100
Number of Initial feasible particles: 0/100
      [Iter 1000] Action stats: mean=0.2549±0.6963 [-0.8651-0.9826]
      [Iter 1000] Fitness: current=12305.4162, best=12305.4162, diversity=1.309995
      [Iter 1000] Reward: -1.0000
  [Iter 1000/1000] Best: 12305.4162 | Alpha: 0.1552
      [Iter 1000] Action stats: mean=-0.3806±0.6254 [-0.9258-0.9908]

╔════════════════════════════════════════════════════════════╗
║              RRSACPSO TRAINING COMPLETE                   ║
╚════════════════════════════════════════════════════════════╝
  Mode:              online
  Episodes:          1
  Iterations/Ep:     1000
  Population Size:   100
  Best Fitness:      12305.4162
  Path Length:       5 waypoints


========== Planning Complete ==========
Algorithm: RRSACPSO
Execution time: 418.4329 seconds
Path length: 295.1284 units
Waypoints: 7
Best fitness: 12305.4162
========================================


========== Direct Global Planning ==========
Algorithm: PSO
Start: [0.0, 0.0, 10.0]
Goal:  [200.0, 200.0, 10.0]
============================================

Starting Traditional PSO path planning with tracking...
      [Iter 1000] Action stats: mean=-0.0547±0.6248 [-0.8628-0.6249]
      [Iter 1000] Fitness: current=12575.4667, best=12575.4667, diversity=0.618795
      [Iter 1000] Reward: 1.0000
  [Iter 1000/1000] Best: 12575.4667 | Alpha: 0.1545

╔════════════════════════════════════════════════════════════╗
║              RRSACPSO TRAINING COMPLETE                   ║
╚════════════════════════════════════════════════════════════╝
  Mode:              online
  Episodes:          1
  Iterations/Ep:     1000
  Population Size:   100
  Best Fitness:      12575.4667
  Path Length:       5 waypoints


========== Planning Complete ==========
Algorithm: RRSACPSO
Execution time: 418.7135 seconds
Path length: 292.1604 units
Waypoints: 7
Best fitness: 12575.4667
========================================


========== Direct Global Planning ==========
Algorithm: PSO
Start: [0.0, 0.0, 10.0]
Goal:  [200.0, 200.0, 10.0]
============================================

Starting Traditional PSO path planning with tracking...
      [Iter 1000] Fitness: current=12592.3420, best=12592.3420, diversity=0.151000
      [Iter 1000] Reward: -1.0000
  [Iter 1000/1000] Best: 12592.3420 | Alpha: 0.1545

╔════════════════════════════════════════════════════════════╗
║              RRSACPSO TRAINING COMPLETE                   ║
╚════════════════════════════════════════════════════════════╝
  Mode:              online
  Episodes:          1
  Iterations/Ep:     1000
  Population Size:   100
  Best Fitness:      12592.3420
  Path Length:       5 waypoints


========== Planning Complete ==========
Algorithm: RRSACPSO
Execution time: 418.7601 seconds
Path length: 293.7444 units
Waypoints: 7
Best fitness: 12592.3420
========================================


========== Direct Global Planning ==========
Algorithm: PSO
Start: [0.0, 0.0, 10.0]
Goal:  [200.0, 200.0, 10.0]
============================================

Number of Initial feasible particles: 0/100
Starting Traditional PSO path planning with tracking...
Number of Initial feasible particles: 0/100
Number of Initial feasible particles: 0/100
Number of Initial feasible particles: 0/100
Number of Initial feasible particles: 0/100
Number of Initial feasible particles: 0/100
DQN-PSO iter 350/1000 | Fitness: 12907.53 | w=0.639 c1=2.500 c2=0.500
DQN-PSO iter 250/1000 | Fitness: 12593.35 | w=0.100 c1=2.400 c2=0.600
DQN-PSO iter 250/1000 | Fitness: 12337.20 | w=0.229 c1=2.500 c2=0.500
DQN-PSO iter 250/1000 | Fitness: 12943.22 | w=0.747 c1=2.500 c2=0.500
DQN-PSO iter 250/1000 | Fitness: 12542.69 | w=0.100 c1=0.600 c2=2.450
DQN-PSO iter 250/1000 | Fitness: 12583.55 | w=0.400 c1=1.500 c2=2.000
DQN-PSO iter 250/1000 | Fitness: 12710.90 | w=0.468 c1=2.500 c2=0.500
DQN-PSO iter 250/1000 | Fitness: 12721.57 | w=0.900 c1=1.050 c2=2.050
DQN-PSO iter 250/1000 | Fitness: 12863.43 | w=0.177 c1=2.500 c2=0.500
DQN-PSO iter 250/1000 | Fitness: 12976.40 | w=0.149 c1=2.500 c2=0.500
DQN-PSO iter 250/1000 | Fitness: 12961.34 | w=0.900 c1=2.500 c2=0.500
DQN-PSO iter 500/1000 | Fitness: 12928.80 | w=0.860 c1=2.500 c2=0.850
DQN-PSO iter 250/1000 | Fitness: 12665.34 | w=0.900 c1=2.500 c2=0.500
DQN-PSO iter 250/1000 | Fitness: 13632.15 | w=0.547 c1=2.500 c2=0.500
DQN-PSO iter 400/1000 | Fitness: 12907.35 | w=0.100 c1=2.400 c2=0.600
DQN-PSO iter 300/1000 | Fitness: 12592.89 | w=0.900 c1=2.500 c2=0.500
DQN-PSO iter 300/1000 | Fitness: 12336.94 | w=0.100 c1=2.400 c2=0.600
DQN-PSO iter 300/1000 | Fitness: 12935.54 | w=0.290 c1=2.500 c2=0.500
DQN-PSO iter 300/1000 | Fitness: 12540.30 | w=0.649 c1=0.700 c2=2.250
DQN-PSO iter 300/1000 | Fitness: 12709.21 | w=0.900 c1=2.500 c2=0.500
DQN-PSO iter 300/1000 | Fitness: 12583.54 | w=0.100 c1=1.300 c2=2.250
DQN-PSO iter 300/1000 | Fitness: 12721.55 | w=0.900 c1=2.450 c2=0.550
DQN-PSO iter 300/1000 | Fitness: 12829.11 | w=0.100 c1=2.200 c2=0.800
DQN-PSO iter 550/1000 | Fitness: 12928.63 | w=0.236 c1=2.500 c2=0.500
DQN-PSO iter 300/1000 | Fitness: 12915.61 | w=0.900 c1=2.450 c2=0.500
DQN-PSO iter 300/1000 | Fitness: 12641.32 | w=0.900 c1=2.300 c2=0.600
DQN-PSO iter 300/1000 | Fitness: 12974.65 | w=0.237 c1=2.500 c2=0.500
DQN-PSO iter 300/1000 | Fitness: 13583.09 | w=0.476 c1=2.500 c2=0.500
DQN-PSO iter 450/1000 | Fitness: 12907.34 | w=0.900 c1=2.500 c2=0.500
DQN-PSO iter 350/1000 | Fitness: 12590.62 | w=0.900 c1=2.500 c2=0.500
DQN-PSO iter 350/1000 | Fitness: 12336.94 | w=0.900 c1=2.450 c2=0.500
DQN-PSO iter 350/1000 | Fitness: 12890.06 | w=0.900 c1=2.500 c2=0.500
DQN-PSO iter 350/1000 | Fitness: 12539.57 | w=0.532 c1=1.350 c2=1.500
DQN-PSO iter 350/1000 | Fitness: 12708.36 | w=0.400 c1=2.500 c2=0.550
DQN-PSO iter 350/1000 | Fitness: 12583.54 | w=0.400 c1=1.750 c2=1.850
DQN-PSO iter 350/1000 | Fitness: 12721.54 | w=0.100 c1=2.200 c2=0.750
DQN-PSO iter 350/1000 | Fitness: 12827.69 | w=0.100 c1=2.400 c2=0.600
DQN-PSO iter 350/1000 | Fitness: 12970.97 | w=0.900 c1=2.450 c2=0.500
DQN-PSO iter 350/1000 | Fitness: 12802.05 | w=0.100 c1=2.400 c2=0.600
DQN-PSO iter 600/1000 | Fitness: 12928.09 | w=0.900 c1=2.000 c2=0.950
DQN-PSO iter 350/1000 | Fitness: 12600.90 | w=0.165 c1=2.500 c2=0.500
DQN-PSO iter 350/1000 | Fitness: 13532.15 | w=0.861 c1=2.500 c2=0.500
Traditional PSO iteration: 50/1000 - Best fitness: 12796.7561
Traditional PSO iteration: 50/1000 - Best fitness: 12780.6596
DQN-PSO iter 500/1000 | Fitness: 12907.34 | w=0.291 c1=2.500 c2=0.500
Traditional PSO iteration: 50/1000 - Best fitness: 12442.0739
Traditional PSO iteration: 50/1000 - Best fitness: 12741.8069
Traditional PSO iteration: 50/1000 - Best fitness: 13016.8831
Traditional PSO iteration: 50/1000 - Best fitness: 13368.0357
Traditional PSO iteration: 50/1000 - Best fitness: 12799.3962
Traditional PSO iteration: 50/1000 - Best fitness: 12764.5532
Traditional PSO iteration: 50/1000 - Best fitness: 13121.9205
Traditional PSO iteration: 50/1000 - Best fitness: 13163.8032
DQN-PSO iter 400/1000 | Fitness: 12578.61 | w=0.100 c1=2.300 c2=0.700
DQN-PSO iter 400/1000 | Fitness: 12336.93 | w=0.900 c1=2.500 c2=0.500
Traditional PSO iteration: 50/1000 - Best fitness: 13179.6394
Traditional PSO iteration: 50/1000 - Best fitness: 12634.7962
DQN-PSO iter 400/1000 | Fitness: 12886.67 | w=0.100 c1=2.400 c2=0.600
DQN-PSO iter 400/1000 | Fitness: 12539.33 | w=0.100 c1=1.800 c2=1.200
DQN-PSO iter 400/1000 | Fitness: 12583.50 | w=0.100 c1=1.900 c2=1.850
DQN-PSO iter 400/1000 | Fitness: 12690.45 | w=0.244 c1=2.500 c2=0.500
DQN-PSO iter 400/1000 | Fitness: 12721.34 | w=0.100 c1=1.250 c2=1.500
DQN-PSO iter 400/1000 | Fitness: 12967.50 | w=0.900 c1=2.500 c2=0.500
DQN-PSO iter 400/1000 | Fitness: 12827.69 | w=0.344 c1=2.500 c2=0.500
DQN-PSO iter 400/1000 | Fitness: 12702.66 | w=0.100 c1=2.400 c2=0.600
DQN-PSO iter 400/1000 | Fitness: 13514.94 | w=0.438 c1=2.500 c2=0.500
DQN-PSO iter 650/1000 | Fitness: 12927.67 | w=0.100 c1=2.400 c2=0.600
DQN-PSO iter 400/1000 | Fitness: 12593.86 | w=0.404 c1=2.500 c2=0.500
Traditional PSO iteration: 50/1000 - Best fitness: 12659.8742
Traditional PSO iteration: 50/1000 - Best fitness: 13289.7985
DQN-PSO iter 550/1000 | Fitness: 12907.34 | w=0.400 c1=2.500 c2=0.500
DQN-PSO iter 450/1000 | Fitness: 12567.39 | w=0.534 c1=2.500 c2=0.500
DQN-PSO iter 450/1000 | Fitness: 12336.16 | w=0.882 c1=2.500 c2=0.500
DQN-PSO iter 450/1000 | Fitness: 12886.66 | w=0.721 c1=2.500 c2=0.500
DQN-PSO iter 450/1000 | Fitness: 12539.12 | w=0.400 c1=1.650 c2=1.550
DQN-PSO iter 450/1000 | Fitness: 12676.44 | w=0.363 c1=2.500 c2=0.500
DQN-PSO iter 450/1000 | Fitness: 12583.50 | w=0.312 c1=2.050 c2=1.450
DQN-PSO iter 450/1000 | Fitness: 12966.86 | w=0.517 c1=2.500 c2=0.500
DQN-PSO iter 450/1000 | Fitness: 12827.69 | w=0.900 c1=2.500 c2=0.500
DQN-PSO iter 450/1000 | Fitness: 12720.09 | w=0.100 c1=1.100 c2=1.950
DQN-PSO iter 450/1000 | Fitness: 12691.31 | w=0.400 c1=2.500 c2=0.550
DQN-PSO iter 450/1000 | Fitness: 13508.90 | w=0.100 c1=2.350 c2=0.600
DQN-PSO iter 450/1000 | Fitness: 12585.86 | w=0.193 c1=2.500 c2=0.500
DQN-PSO iter 700/1000 | Fitness: 12927.39 | w=0.406 c1=2.200 c2=0.950
DQN-PSO iter 600/1000 | Fitness: 12907.34 | w=0.100 c1=2.150 c2=0.800
DQN-PSO iter 500/1000 | Fitness: 12533.84 | w=0.900 c1=2.500 c2=0.500
DQN-PSO iter 500/1000 | Fitness: 12335.69 | w=0.400 c1=2.500 c2=0.500
DQN-PSO iter 500/1000 | Fitness: 12886.66 | w=0.458 c1=2.500 c2=0.500
DQN-PSO iter 500/1000 | Fitness: 12538.87 | w=0.100 c1=1.600 c2=1.550
DQN-PSO iter 500/1000 | Fitness: 12583.49 | w=0.900 c1=1.400 c2=1.900
DQN-PSO iter 500/1000 | Fitness: 12673.40 | w=0.900 c1=2.500 c2=0.500
DQN-PSO iter 500/1000 | Fitness: 12718.91 | w=0.100 c1=1.100 c2=1.650
DQN-PSO iter 500/1000 | Fitness: 12960.99 | w=0.577 c1=2.500 c2=0.500
DQN-PSO iter 500/1000 | Fitness: 12816.73 | w=0.781 c1=2.500 c2=0.500
DQN-PSO iter 500/1000 | Fitness: 13477.60 | w=0.427 c1=2.500 c2=0.500
DQN-PSO iter 500/1000 | Fitness: 12679.34 | w=0.900 c1=2.400 c2=0.500
DQN-PSO iter 750/1000 | Fitness: 12927.10 | w=0.400 c1=2.200 c2=0.850
DQN-PSO iter 500/1000 | Fitness: 12582.66 | w=0.795 c1=2.500 c2=0.500
Traditional PSO iteration: 100/1000 - Best fitness: 12685.0152
DQN-PSO iter 650/1000 | Fitness: 12907.34 | w=0.400 c1=2.500 c2=0.500
Traditional PSO iteration: 100/1000 - Best fitness: 12547.4433
Traditional PSO iteration: 100/1000 - Best fitness: 12362.9865
Traditional PSO iteration: 100/1000 - Best fitness: 12340.4309
Traditional PSO iteration: 100/1000 - Best fitness: 12487.5109
DQN-PSO iter 550/1000 | Fitness: 12502.61 | w=0.900 c1=2.450 c2=0.500
DQN-PSO iter 550/1000 | Fitness: 12335.68 | w=0.900 c1=2.500 c2=0.500
Traditional PSO iteration: 100/1000 - Best fitness: 12329.1447
DQN-PSO iter 550/1000 | Fitness: 12882.65 | w=0.350 c1=2.500 c2=0.500
DQN-PSO iter 550/1000 | Fitness: 12538.63 | w=0.900 c1=2.500 c2=0.500
Traditional PSO iteration: 100/1000 - Best fitness: 12703.8462
Traditional PSO iteration: 100/1000 - Best fitness: 12557.6766
DQN-PSO iter 550/1000 | Fitness: 12672.99 | w=0.900 c1=2.500 c2=0.500
DQN-PSO iter 550/1000 | Fitness: 12583.49 | w=0.100 c1=1.450 c2=1.750
DQN-PSO iter 550/1000 | Fitness: 12813.21 | w=0.100 c1=2.400 c2=0.600
DQN-PSO iter 550/1000 | Fitness: 12934.88 | w=0.397 c1=2.500 c2=0.500
DQN-PSO iter 550/1000 | Fitness: 13450.56 | w=0.546 c1=2.500 c2=0.500
DQN-PSO iter 550/1000 | Fitness: 12716.44 | w=0.427 c1=0.650 c2=2.000
DQN-PSO iter 550/1000 | Fitness: 12669.25 | w=0.900 c1=2.500 c2=0.500
Traditional PSO iteration: 100/1000 - Best fitness: 12854.4954
DQN-PSO iter 550/1000 | Fitness: 12581.70 | w=0.400 c1=2.500 c2=0.500
DQN-PSO iter 800/1000 | Fitness: 12927.04 | w=0.900 c1=2.500 c2=0.500
Traditional PSO iteration: 100/1000 - Best fitness: 13006.4168
DQN-PSO iter 700/1000 | Fitness: 12907.29 | w=0.100 c1=2.350 c2=0.700
Traditional PSO iteration: 100/1000 - Best fitness: 12444.3072
Traditional PSO iteration: 100/1000 - Best fitness: 12698.5895
DQN-PSO iter 600/1000 | Fitness: 12500.18 | w=0.100 c1=2.400 c2=0.600
DQN-PSO iter 600/1000 | Fitness: 12335.68 | w=0.900 c1=2.450 c2=0.500
Traditional PSO iteration: 100/1000 - Best fitness: 12405.0376
DQN-PSO iter 600/1000 | Fitness: 12882.27 | w=0.849 c1=2.500 c2=0.500
DQN-PSO iter 600/1000 | Fitness: 12538.60 | w=0.128 c1=2.500 c2=0.500
DQN-PSO iter 600/1000 | Fitness: 12672.85 | w=0.900 c1=2.350 c2=0.600
DQN-PSO iter 600/1000 | Fitness: 12583.49 | w=0.400 c1=2.400 c2=0.650
DQN-PSO iter 600/1000 | Fitness: 12932.84 | w=0.405 c1=2.500 c2=0.550
DQN-PSO iter 600/1000 | Fitness: 12666.91 | w=0.306 c1=2.500 c2=0.500
DQN-PSO iter 600/1000 | Fitness: 13447.85 | w=0.900 c1=2.500 c2=0.500
DQN-PSO iter 600/1000 | Fitness: 12812.72 | w=0.550 c1=2.350 c2=0.650
DQN-PSO iter 600/1000 | Fitness: 12716.03 | w=0.100 c1=1.450 c2=1.900
DQN-PSO iter 600/1000 | Fitness: 12580.22 | w=0.401 c1=2.500 c2=0.500
DQN-PSO iter 850/1000 | Fitness: 12926.95 | w=0.900 c1=2.500 c2=0.500
DQN-PSO iter 750/1000 | Fitness: 12907.29 | w=0.400 c1=2.500 c2=0.500
Traditional PSO iteration: 150/1000 - Best fitness: 12574.0837
Traditional PSO iteration: 100/1000 - Best fitness: 12725.4224
DQN-PSO iter 650/1000 | Fitness: 12499.97 | w=0.543 c1=2.500 c2=0.500
DQN-PSO iter 650/1000 | Fitness: 12335.68 | w=0.100 c1=2.300 c2=0.700
DQN-PSO iter 650/1000 | Fitness: 12882.26 | w=0.535 c1=2.500 c2=0.500
DQN-PSO iter 650/1000 | Fitness: 12538.60 | w=0.100 c1=2.400 c2=0.650
DQN-PSO iter 650/1000 | Fitness: 12672.84 | w=0.100 c1=2.350 c2=0.600
DQN-PSO iter 650/1000 | Fitness: 12583.49 | w=0.894 c1=2.500 c2=0.500
DQN-PSO iter 650/1000 | Fitness: 12927.37 | w=0.400 c1=2.500 c2=0.500
Traditional PSO iteration: 150/1000 - Best fitness: 12497.1541
DQN-PSO iter 650/1000 | Fitness: 13445.12 | w=0.900 c1=2.500 c2=0.500
DQN-PSO iter 650/1000 | Fitness: 12665.84 | w=0.100 c1=2.400 c2=0.600
DQN-PSO iter 650/1000 | Fitness: 12793.60 | w=0.900 c1=2.500 c2=0.500
DQN-PSO iter 650/1000 | Fitness: 12578.48 | w=0.100 c1=2.400 c2=0.600
DQN-PSO iter 650/1000 | Fitness: 12715.90 | w=0.100 c1=1.350 c2=2.300
DQN-PSO iter 900/1000 | Fitness: 12926.75 | w=0.403 c1=2.500 c2=0.500
DQN-PSO iter 800/1000 | Fitness: 12907.28 | w=0.100 c1=2.400 c2=0.650
Traditional PSO iteration: 150/1000 - Best fitness: 12291.874
DQN-PSO iter 700/1000 | Fitness: 12499.89 | w=0.400 c1=2.500 c2=0.500
DQN-PSO iter 700/1000 | Fitness: 12335.60 | w=0.900 c1=2.500 c2=0.500
DQN-PSO iter 700/1000 | Fitness: 12882.26 | w=0.900 c1=2.500 c2=0.500
DQN-PSO iter 700/1000 | Fitness: 12537.87 | w=0.100 c1=2.300 c2=0.700
DQN-PSO iter 700/1000 | Fitness: 12672.35 | w=0.444 c1=2.500 c2=0.550
DQN-PSO iter 700/1000 | Fitness: 12583.49 | w=0.100 c1=2.200 c2=0.950
DQN-PSO iter 700/1000 | Fitness: 12926.17 | w=0.831 c1=2.500 c2=0.500
DQN-PSO iter 700/1000 | Fitness: 13444.08 | w=0.400 c1=2.500 c2=0.500
DQN-PSO iter 700/1000 | Fitness: 12663.27 | w=0.680 c1=2.500 c2=0.500
DQN-PSO iter 700/1000 | Fitness: 12774.42 | w=0.100 c1=1.950 c2=1.000
DQN-PSO iter 700/1000 | Fitness: 12577.97 | w=0.272 c1=2.500 c2=0.500
DQN-PSO iter 700/1000 | Fitness: 12715.89 | w=0.400 c1=1.600 c2=1.750
Traditional PSO iteration: 150/1000 - Best fitness: 12426.4236
Traditional PSO iteration: 150/1000 - Best fitness: 12376.4145
DQN-PSO iter 950/1000 | Fitness: 12926.14 | w=0.415 c1=2.400 c2=0.700
Traditional PSO iteration: 150/1000 - Best fitness: 12263.181
DQN-PSO iter 850/1000 | Fitness: 12907.28 | w=0.900 c1=2.500 c2=0.500
Traditional PSO iteration: 200/1000 - Best fitness: 12552.0025
Traditional PSO iteration: 150/1000 - Best fitness: 12323.9068
Traditional PSO iteration: 150/1000 - Best fitness: 12547.4146
DQN-PSO iter 750/1000 | Fitness: 12335.59 | w=0.100 c1=2.400 c2=0.600
Traditional PSO iteration: 150/1000 - Best fitness: 12297.309
DQN-PSO iter 750/1000 | Fitness: 12499.83 | w=0.458 c1=2.450 c2=0.550
DQN-PSO iter 750/1000 | Fitness: 12873.16 | w=0.100 c1=2.250 c2=0.700
DQN-PSO iter 750/1000 | Fitness: 12536.82 | w=0.438 c1=2.200 c2=0.750
DQN-PSO iter 750/1000 | Fitness: 12672.29 | w=0.900 c1=2.500 c2=0.500
DQN-PSO iter 750/1000 | Fitness: 12583.49 | w=0.400 c1=2.400 c2=0.550
DQN-PSO iter 750/1000 | Fitness: 12925.29 | w=0.400 c1=2.500 c2=0.500
DQN-PSO iter 750/1000 | Fitness: 13442.86 | w=0.600 c1=2.500 c2=0.500
DQN-PSO iter 750/1000 | Fitness: 12650.13 | w=0.900 c1=2.350 c2=0.600
DQN-PSO iter 750/1000 | Fitness: 12577.52 | w=0.900 c1=2.500 c2=0.500
DQN-PSO iter 750/1000 | Fitness: 12761.85 | w=0.405 c1=2.500 c2=0.500
DQN-PSO iter 1000/1000 | Fitness: 12925.68 | w=0.100 c1=2.200 c2=0.800
DQN-PSO completed with final fitness: 12925.6823

========== Planning Complete ==========
Algorithm: DQN_PSO
Execution time: 406.7362 seconds
Path length: 299.6431 units
Waypoints: 7
Best fitness: 12925.6823
========================================


========== Direct Global Planning ==========
Algorithm: SAC-SAPSO (Paper)
Start: [0.0, 0.0, 10.0]
Goal:  [200.0, 200.0, 10.0]
============================================


============================================
SAC-SAPSO (Paper) Global Path Planning
============================================

DQN-PSO iter 750/1000 | Fitness: 12715.89 | w=0.100 c1=2.400 c2=0.600
Traditional PSO iteration: 150/1000 - Best fitness: 12281.9979
Traditional PSO iteration: 150/1000 - Best fitness: 12384.2598
DQN-PSO iter 900/1000 | Fitness: 12907.28 | w=0.219 c1=2.500 c2=0.500
Traditional PSO iteration: 150/1000 - Best fitness: 12993.451
  [Iter  50/1000] Best: 12652.8079
DQN-PSO iter 800/1000 | Fitness: 12335.59 | w=0.900 c1=2.450 c2=0.500
DQN-PSO iter 800/1000 | Fitness: 12499.41 | w=0.100 c1=2.400 c2=0.600
DQN-PSO iter 800/1000 | Fitness: 12858.46 | w=0.100 c1=2.300 c2=0.700
DQN-PSO iter 800/1000 | Fitness: 12536.57 | w=0.100 c1=2.050 c2=0.800
DQN-PSO iter 800/1000 | Fitness: 12672.29 | w=0.900 c1=2.500 c2=0.500
DQN-PSO iter 800/1000 | Fitness: 12924.36 | w=0.100 c1=2.400 c2=0.600
DQN-PSO iter 800/1000 | Fitness: 13442.70 | w=0.401 c1=2.500 c2=0.500
DQN-PSO iter 800/1000 | Fitness: 12583.49 | w=0.100 c1=2.200 c2=0.700
DQN-PSO iter 800/1000 | Fitness: 12646.13 | w=0.100 c1=2.400 c2=0.600
DQN-PSO iter 800/1000 | Fitness: 12571.79 | w=0.100 c1=2.400 c2=0.600
DQN-PSO iter 800/1000 | Fitness: 12756.80 | w=0.100 c1=2.200 c2=0.800
DQN-PSO iter 800/1000 | Fitness: 12715.89 | w=0.372 c1=2.150 c2=0.950
  [Iter 100/1000] Best: 12625.6579
DQN-PSO iter 950/1000 | Fitness: 12907.28 | w=0.590 c1=2.300 c2=0.700
Traditional PSO iteration: 150/1000 - Best fitness: 12655.971
Traditional PSO iteration: 200/1000 - Best fitness: 12451.4716
Traditional PSO iteration: 250/1000 - Best fitness: 12549.5135
DQN-PSO iter 850/1000 | Fitness: 12495.12 | w=0.100 c1=2.400 c2=0.600
DQN-PSO iter 850/1000 | Fitness: 12335.59 | w=0.400 c1=2.400 c2=0.650
  [Iter 150/1000] Best: 12625.6418
DQN-PSO iter 850/1000 | Fitness: 12858.28 | w=0.722 c1=2.500 c2=0.500
DQN-PSO iter 850/1000 | Fitness: 12536.56 | w=0.402 c1=2.500 c2=0.500
Traditional PSO iteration: 150/1000 - Best fitness: 12675.4313
DQN-PSO iter 850/1000 | Fitness: 12671.77 | w=0.100 c1=2.400 c2=0.600
DQN-PSO iter 850/1000 | Fitness: 12924.08 | w=0.400 c1=2.500 c2=0.600
DQN-PSO iter 850/1000 | Fitness: 12583.49 | w=0.400 c1=2.450 c2=0.500
DQN-PSO iter 850/1000 | Fitness: 12547.90 | w=0.526 c1=2.500 c2=0.550
DQN-PSO iter 850/1000 | Fitness: 13442.57 | w=0.744 c1=2.500 c2=0.550
DQN-PSO iter 850/1000 | Fitness: 12636.16 | w=0.427 c1=2.500 c2=0.550
DQN-PSO iter 850/1000 | Fitness: 12756.35 | w=0.122 c1=2.400 c2=0.600
DQN-PSO iter 850/1000 | Fitness: 12715.89 | w=0.100 c1=2.250 c2=0.750
DQN-PSO iter 1000/1000 | Fitness: 12907.28 | w=0.400 c1=2.500 c2=0.500
DQN-PSO completed with final fitness: 12907.2813

========== Planning Complete ==========
Algorithm: DQN_PSO
Execution time: 391.1297 seconds
Path length: 309.5921 units
Waypoints: 7
Best fitness: 12907.2813
========================================


========== Direct Global Planning ==========
Algorithm: SAC-SAPSO (Paper)
Start: [0.0, 0.0, 10.0]
Goal:  [200.0, 200.0, 10.0]
============================================


============================================
SAC-SAPSO (Paper) Global Path Planning
============================================

Traditional PSO iteration: 200/1000 - Best fitness: 12250.2922
  [Iter 200/1000] Best: 12625.6418
Traditional PSO iteration: 200/1000 - Best fitness: 12270.31
Traditional PSO iteration: 200/1000 - Best fitness: 12400.5897
Traditional PSO iteration: 200/1000 - Best fitness: 12322.6034
DQN-PSO iter 900/1000 | Fitness: 12494.63 | w=0.518 c1=2.500 c2=0.500
DQN-PSO iter 900/1000 | Fitness: 12335.59 | w=0.900 c1=2.500 c2=0.500
  [Iter 250/1000] Best: 12625.6418
DQN-PSO iter 900/1000 | Fitness: 12858.02 | w=0.483 c1=2.400 c2=0.650
DQN-PSO iter 900/1000 | Fitness: 12536.56 | w=0.400 c1=2.500 c2=0.550
  [Iter  50/1000] Best: 12718.6185
DQN-PSO iter 900/1000 | Fitness: 12671.37 | w=0.900 c1=2.500 c2=0.500
DQN-PSO iter 900/1000 | Fitness: 12543.93 | w=0.900 c1=2.200 c2=0.700
DQN-PSO iter 900/1000 | Fitness: 12923.56 | w=0.104 c1=2.500 c2=0.500
DQN-PSO iter 900/1000 | Fitness: 12583.49 | w=0.100 c1=1.600 c2=1.450
DQN-PSO iter 900/1000 | Fitness: 12633.10 | w=0.401 c1=2.200 c2=0.650
DQN-PSO iter 900/1000 | Fitness: 13442.50 | w=0.400 c1=2.500 c2=0.550
DQN-PSO iter 900/1000 | Fitness: 12756.35 | w=0.100 c1=2.300 c2=0.700
DQN-PSO iter 900/1000 | Fitness: 12715.89 | w=0.900 c1=2.350 c2=0.600
  [Iter 300/1000] Best: 12625.6418
  [Iter 100/1000] Best: 12591.6948
Traditional PSO iteration: 300/1000 - Best fitness: 12548.9373
Traditional PSO iteration: 200/1000 - Best fitness: 12321.1677
Traditional PSO iteration: 200/1000 - Best fitness: 12372.7125
DQN-PSO iter 950/1000 | Fitness: 12494.61 | w=0.402 c1=2.500 c2=0.550
DQN-PSO iter 950/1000 | Fitness: 12335.59 | w=0.900 c1=2.500 c2=0.500
  [Iter 350/1000] Best: 12625.6418
Traditional PSO iteration: 200/1000 - Best fitness: 12545.9355
DQN-PSO iter 950/1000 | Fitness: 12856.96 | w=0.900 c1=2.500 c2=0.500
  [Iter 150/1000] Best: 12496.5545
DQN-PSO iter 950/1000 | Fitness: 12536.56 | w=0.518 c1=2.500 c2=0.500
Traditional PSO iteration: 200/1000 - Best fitness: 12271.3588
DQN-PSO iter 950/1000 | Fitness: 12670.96 | w=0.900 c1=2.500 c2=0.500
Traditional PSO iteration: 200/1000 - Best fitness: 12281.7002
DQN-PSO iter 950/1000 | Fitness: 12923.23 | w=0.900 c1=2.450 c2=0.500
DQN-PSO iter 950/1000 | Fitness: 12583.49 | w=0.900 c1=2.500 c2=0.500
DQN-PSO iter 950/1000 | Fitness: 12542.60 | w=0.778 c1=2.500 c2=0.500
DQN-PSO iter 950/1000 | Fitness: 12631.08 | w=0.100 c1=2.300 c2=0.700
DQN-PSO iter 950/1000 | Fitness: 13442.50 | w=0.900 c1=2.450 c2=0.500
DQN-PSO iter 950/1000 | Fitness: 12715.89 | w=0.763 c1=2.500 c2=0.500
DQN-PSO iter 950/1000 | Fitness: 12756.35 | w=0.900 c1=2.500 c2=0.500
  [Iter 400/1000] Best: 12625.6418
  [Iter 200/1000] Best: 12483.3290
DQN-PSO iter 1000/1000 | Fitness: 12335.59 | w=0.100 c1=1.650 c2=1.300
DQN-PSO completed with final fitness: 12335.5946

========== Planning Complete ==========
Algorithm: DQN_PSO
Execution time: 379.5560 seconds
Path length: 292.8555 units
Waypoints: 7
Best fitness: 12335.5946
========================================


========== Direct Global Planning ==========
Algorithm: SAC-SAPSO (Paper)
Start: [0.0, 0.0, 10.0]
Goal:  [200.0, 200.0, 10.0]
============================================


============================================
SAC-SAPSO (Paper) Global Path Planning
============================================

DQN-PSO iter 1000/1000 | Fitness: 12494.61 | w=0.178 c1=2.500 c2=0.500
DQN-PSO completed with final fitness: 12494.6123

========== Planning Complete ==========
Algorithm: DQN_PSO
Execution time: 380.2994 seconds
Path length: 301.2633 units
Waypoints: 7
Best fitness: 12494.6123
========================================


========== Direct Global Planning ==========
Algorithm: SAC-SAPSO (Paper)
Start: [0.0, 0.0, 10.0]
Goal:  [200.0, 200.0, 10.0]
============================================


============================================
SAC-SAPSO (Paper) Global Path Planning
============================================

  [Iter 450/1000] Best: 12625.6418
  [Iter 250/1000] Best: 12436.4863
Traditional PSO iteration: 200/1000 - Best fitness: 12986.4284
DQN-PSO iter 1000/1000 | Fitness: 12817.21 | w=0.797 c1=2.500 c2=0.500
DQN-PSO completed with final fitness: 12817.2055

========== Planning Complete ==========
Algorithm: DQN_PSO
Execution time: 383.0243 seconds
Path length: 312.5832 units
Waypoints: 7
Best fitness: 12817.2055
========================================


========== Direct Global Planning ==========
Algorithm: SAC-SAPSO (Paper)
Start: [0.0, 0.0, 10.0]
Goal:  [200.0, 200.0, 10.0]
============================================


============================================
SAC-SAPSO (Paper) Global Path Planning
============================================

Traditional PSO iteration: 200/1000 - Best fitness: 12666.567
DQN-PSO iter 1000/1000 | Fitness: 12536.56 | w=0.100 c1=2.050 c2=1.000
DQN-PSO completed with final fitness: 12536.5612

========== Planning Complete ==========
Algorithm: DQN_PSO
Execution time: 380.9761 seconds
Path length: 286.9944 units
Waypoints: 7
Best fitness: 12536.5612
========================================


========== Direct Global Planning ==========
Algorithm: SAC-SAPSO (Paper)
Start: [0.0, 0.0, 10.0]
Goal:  [200.0, 200.0, 10.0]
============================================


============================================
SAC-SAPSO (Paper) Global Path Planning
============================================

DQN-PSO iter 1000/1000 | Fitness: 12670.96 | w=0.420 c1=2.500 c2=0.500
DQN-PSO completed with final fitness: 12670.9573

========== Planning Complete ==========
Algorithm: DQN_PSO
Execution time: 381.5144 seconds
Path length: 304.4123 units
Waypoints: 7
Best fitness: 12670.9573
========================================


========== Direct Global Planning ==========
Algorithm: SAC-SAPSO (Paper)
Start: [0.0, 0.0, 10.0]
Goal:  [200.0, 200.0, 10.0]
============================================


============================================
SAC-SAPSO (Paper) Global Path Planning
============================================

DQN-PSO iter 1000/1000 | Fitness: 12922.98 | w=0.400 c1=2.500 c2=0.500
DQN-PSO completed with final fitness: 12922.9847

========== Planning Complete ==========
Algorithm: DQN_PSO
Execution time: 383.1189 seconds
Path length: 300.8300 units
Waypoints: 7
Best fitness: 12922.9847
========================================


========== Direct Global Planning ==========
Algorithm: SAC-SAPSO (Paper)
Start: [0.0, 0.0, 10.0]
Goal:  [200.0, 200.0, 10.0]
============================================


============================================
SAC-SAPSO (Paper) Global Path Planning
============================================

Traditional PSO iteration: 250/1000 - Best fitness: 12244.3015
Traditional PSO iteration: 250/1000 - Best fitness: 12442.1363
DQN-PSO iter 1000/1000 | Fitness: 12583.49 | w=0.426 c1=2.500 c2=0.500
DQN-PSO completed with final fitness: 12583.4915

========== Planning Complete ==========
Algorithm: DQN_PSO
Execution time: 385.4500 seconds
Path length: 315.2790 units
Waypoints: 7
Best fitness: 12583.4915
========================================


========== Direct Global Planning ==========
Algorithm: SAC-SAPSO (Paper)
Start: [0.0, 0.0, 10.0]
Goal:  [200.0, 200.0, 10.0]
============================================


============================================
SAC-SAPSO (Paper) Global Path Planning
============================================

DQN-PSO iter 1000/1000 | Fitness: 12510.29 | w=0.100 c1=2.300 c2=0.700
DQN-PSO completed with final fitness: 12510.2895

========== Planning Complete ==========
Algorithm: DQN_PSO
Execution time: 386.7555 seconds
Path length: 293.5777 units
Waypoints: 7
Best fitness: 12510.2895
========================================


========== Direct Global Planning ==========
Algorithm: SAC-SAPSO (Paper)
Start: [0.0, 0.0, 10.0]
Goal:  [200.0, 200.0, 10.0]
============================================


============================================
SAC-SAPSO (Paper) Global Path Planning
============================================

DQN-PSO iter 1000/1000 | Fitness: 12628.15 | w=0.411 c1=2.500 c2=0.500
DQN-PSO completed with final fitness: 12628.1452

========== Planning Complete ==========
Algorithm: DQN_PSO
Execution time: 386.1128 seconds
Path length: 290.3019 units
Waypoints: 7
Best fitness: 12628.1452
========================================


========== Direct Global Planning ==========
Algorithm: SAC-SAPSO (Paper)
Start: [0.0, 0.0, 10.0]
Goal:  [200.0, 200.0, 10.0]
============================================


============================================
SAC-SAPSO (Paper) Global Path Planning
============================================

DQN-PSO iter 1000/1000 | Fitness: 13442.49 | w=0.479 c1=2.500 c2=0.500
DQN-PSO completed with final fitness: 13442.4872

========== Planning Complete ==========
Algorithm: DQN_PSO
Execution time: 385.1649 seconds
Path length: 322.8419 units
Waypoints: 7
Best fitness: 13442.4872
========================================


========== Direct Global Planning ==========
Algorithm: SAC-SAPSO (Paper)
Start: [0.0, 0.0, 10.0]
Goal:  [200.0, 200.0, 10.0]
============================================


============================================
SAC-SAPSO (Paper) Global Path Planning
============================================

DQN-PSO iter 1000/1000 | Fitness: 12715.89 | w=0.400 c1=2.500 c2=0.500
DQN-PSO completed with final fitness: 12715.8923

========== Planning Complete ==========
Algorithm: DQN_PSO
Execution time: 386.2486 seconds
Path length: 311.0242 units
Waypoints: 7
Best fitness: 12715.8923
========================================


========== Direct Global Planning ==========
Algorithm: SAC-SAPSO (Paper)
Start: [0.0, 0.0, 10.0]
Goal:  [200.0, 200.0, 10.0]
============================================


============================================
SAC-SAPSO (Paper) Global Path Planning
============================================

DQN-PSO iter 1000/1000 | Fitness: 12755.96 | w=0.400 c1=2.500 c2=0.550
DQN-PSO completed with final fitness: 12755.958

========== Planning Complete ==========
Algorithm: DQN_PSO
Execution time: 389.0673 seconds
Path length: 297.3762 units
Waypoints: 7
Best fitness: 12755.9580
========================================


========== Direct Global Planning ==========
Algorithm: SAC-SAPSO (Paper)
Start: [0.0, 0.0, 10.0]
Goal:  [200.0, 200.0, 10.0]
============================================


============================================
SAC-SAPSO (Paper) Global Path Planning
============================================

  [Iter 300/1000] Best: 12236.2034
  [Iter 500/1000] Best: 12625.6418
Traditional PSO iteration: 350/1000 - Best fitness: 12548.8362
  [Iter  50/1000] Best: 13267.5611
  [Iter  50/1000] Best: 12700.8022
  [Iter  50/1000] Best: 12695.4014
  [Iter  50/1000] Best: 13145.3951
Traditional PSO iteration: 250/1000 - Best fitness: 12394.2326
  [Iter  50/1000] Best: 12588.7030
  [Iter  50/1000] Best: 12681.4015
  [Iter  50/1000] Best: 13154.7425
  [Iter  50/1000] Best: 12659.7694
  [Iter 350/1000] Best: 12193.1999
  [Iter  50/1000] Best: 12961.2398
  [Iter  50/1000] Best: 12905.6937
  [Iter  50/1000] Best: 13645.0526
  [Iter 550/1000] Best: 12625.6418
  [Iter  50/1000] Best: 12669.6980
  [Iter 100/1000] Best: 12589.0808
  [Iter 100/1000] Best: 13260.8678
  [Iter 100/1000] Best: 12649.6097
  [Iter 100/1000] Best: 12555.4823
  [Iter 100/1000] Best: 12658.9065
  [Iter 100/1000] Best: 12922.7116
  [Iter 100/1000] Best: 12642.2018
  [Iter 100/1000] Best: 12913.8650
  [Iter 100/1000] Best: 12639.9850
  [Iter 400/1000] Best: 12172.2445
Traditional PSO iteration: 200/1000 - Best fitness: 12624.8371
  [Iter 100/1000] Best: 12782.0798
  [Iter 600/1000] Best: 12625.6418
  [Iter 100/1000] Best: 13394.4993
  [Iter 100/1000] Best: 12667.4961
Traditional PSO iteration: 250/1000 - Best fitness: 12258.7561
Traditional PSO iteration: 250/1000 - Best fitness: 12306.9294
  [Iter 150/1000] Best: 12543.0811
  [Iter 150/1000] Best: 13062.3764
  [Iter 150/1000] Best: 12587.3194
  [Iter 150/1000] Best: 12632.2430
Traditional PSO iteration: 250/1000 - Best fitness: 12665.4931
  [Iter 150/1000] Best: 12550.6596
  [Iter 150/1000] Best: 12837.3358
  [Iter 150/1000] Best: 12633.9113
  [Iter 150/1000] Best: 12895.3543
  [Iter 450/1000] Best: 12164.9753
Traditional PSO iteration: 250/1000 - Best fitness: 12368.034
  [Iter 150/1000] Best: 12589.6108
  [Iter 150/1000] Best: 12736.7463
  [Iter 650/1000] Best: 12625.6418
  [Iter 150/1000] Best: 13392.5958
  [Iter 150/1000] Best: 12642.7592
  [Iter 200/1000] Best: 12530.7005
  [Iter 200/1000] Best: 13054.5446
  [Iter 200/1000] Best: 12622.0656
  [Iter 200/1000] Best: 12474.5824
  [Iter 200/1000] Best: 12549.1213
  [Iter 200/1000] Best: 12836.5710
  [Iter 200/1000] Best: 12625.9255
  [Iter 200/1000] Best: 12770.8992
  [Iter 200/1000] Best: 12531.0727
  [Iter 500/1000] Best: 12164.0030
Traditional PSO iteration: 400/1000 - Best fitness: 12548.8176
Traditional PSO iteration: 250/1000 - Best fitness: 12320.9983
  [Iter 200/1000] Best: 12679.9221
  [Iter 200/1000] Best: 13392.5958
  [Iter 200/1000] Best: 12633.2553
  [Iter 700/1000] Best: 12625.6418
  [Iter 250/1000] Best: 13032.0591
  [Iter 250/1000] Best: 12530.7005
  [Iter 250/1000] Best: 12472.3031
  [Iter 250/1000] Best: 12619.0864
  [Iter 250/1000] Best: 12548.5628
  [Iter 250/1000] Best: 12836.5709
  [Iter 250/1000] Best: 12770.8992
  [Iter 250/1000] Best: 12607.7250
  [Iter 550/1000] Best: 12158.6656
  [Iter 250/1000] Best: 12656.3845
  [Iter 250/1000] Best: 12531.0727
Traditional PSO iteration: 300/1000 - Best fitness: 12243.8907
  [Iter 300/1000] Best: 13032.0573
  [Iter 750/1000] Best: 12625.6418
  [Iter 250/1000] Best: 12633.0536
Traditional PSO iteration: 250/1000 - Best fitness: 12268.7945
  [Iter 300/1000] Best: 12484.6548
  [Iter 250/1000] Best: 13392.5958
Traditional PSO iteration: 300/1000 - Best fitness: 12665.1815
  [Iter 300/1000] Best: 12472.2555
  [Iter 300/1000] Best: 12615.4631
  [Iter 300/1000] Best: 12541.4878
Traditional PSO iteration: 250/1000 - Best fitness: 12545.6249
  [Iter 300/1000] Best: 12656.5385
  [Iter 300/1000] Best: 12836.4884
  [Iter 300/1000] Best: 12607.3008
  [Iter 600/1000] Best: 12158.2604
  [Iter 300/1000] Best: 12656.3845
  [Iter 300/1000] Best: 12493.5992
  [Iter 800/1000] Best: 12625.6418
  [Iter 350/1000] Best: 13032.0573
  [Iter 300/1000] Best: 12630.9652
  [Iter 350/1000] Best: 12484.6548
  [Iter 300/1000] Best: 13392.5958
Traditional PSO iteration: 300/1000 - Best fitness: 12256.119
Traditional PSO iteration: 250/1000 - Best fitness: 12279.316
  [Iter 350/1000] Best: 12469.9627
  [Iter 350/1000] Best: 12614.8790
  [Iter 350/1000] Best: 12539.8576
  [Iter 350/1000] Best: 12556.0917
  [Iter 350/1000] Best: 12835.7530
  [Iter 350/1000] Best: 12607.3008
  [Iter 350/1000] Best: 12543.1661
  [Iter 350/1000] Best: 12493.5992
  [Iter 650/1000] Best: 12158.0905
  [Iter 850/1000] Best: 12625.6418
  [Iter 400/1000] Best: 13032.0573
  [Iter 350/1000] Best: 12630.9545
Traditional PSO iteration: 250/1000 - Best fitness: 12981.3349
  [Iter 350/1000] Best: 13392.5958
  [Iter 400/1000] Best: 12361.3573
Traditional PSO iteration: 300/1000 - Best fitness: 12392.5823
Traditional PSO iteration: 300/1000 - Best fitness: 12438.0624
  [Iter 400/1000] Best: 12468.0988
  [Iter 400/1000] Best: 12539.7396
  [Iter 400/1000] Best: 12614.5472
Traditional PSO iteration: 450/1000 - Best fitness: 12548.8144
  [Iter 400/1000] Best: 12451.4687
  [Iter 700/1000] Best: 12157.8610
  [Iter 400/1000] Best: 12535.8791
  [Iter 400/1000] Best: 12835.7530
  [Iter 400/1000] Best: 12607.3008
  [Iter 450/1000] Best: 13032.0573
Traditional PSO iteration: 350/1000 - Best fitness: 12664.9808
  [Iter 400/1000] Best: 12493.5992
  [Iter 900/1000] Best: 12625.6418
  [Iter 400/1000] Best: 12630.9490
  [Iter 450/1000] Best: 12289.3067
  [Iter 400/1000] Best: 13392.5958
  [Iter 450/1000] Best: 12467.1368
  [Iter 450/1000] Best: 12539.7395
  [Iter 450/1000] Best: 12614.4015
Traditional PSO iteration: 300/1000 - Best fitness: 12365.8282
  [Iter 450/1000] Best: 12436.8504
  [Iter 450/1000] Best: 12434.4300
  [Iter 450/1000] Best: 12607.3008
  [Iter 450/1000] Best: 12835.7530
  [Iter 450/1000] Best: 12490.1292
  [Iter 750/1000] Best: 12157.8190
  [Iter 500/1000] Best: 13032.0573
  [Iter 950/1000] Best: 12625.6418
  [Iter 450/1000] Best: 12630.9488
  [Iter 450/1000] Best: 13392.5958
  [Iter 500/1000] Best: 12253.6254
Traditional PSO iteration: 350/1000 - Best fitness: 12255.1427
  [Iter 500/1000] Best: 12467.1253
  [Iter 500/1000] Best: 12539.7395
  [Iter 500/1000] Best: 12422.3685
  [Iter 500/1000] Best: 12614.3293
  [Iter 500/1000] Best: 12350.0247
  [Iter 800/1000] Best: 12157.8008
  [Iter 500/1000] Best: 12607.3008
  [Iter 550/1000] Best: 13032.0573
  [Iter 500/1000] Best: 12835.7530
  [Iter 500/1000] Best: 12484.1634
  [Iter 1000/1000] Best: 12625.6418

========== Planning Complete ==========
Algorithm: SAC-SAPSO (Paper)
Execution time: 194.9976 seconds
Path length: 292.8975 units
Waypoints: 7
Best fitness: 12625.6418
========================================


========== Direct Global Planning ==========
Algorithm: PPO-PSO
Start: [0.0, 0.0, 10.0]
Goal:  [200.0, 200.0, 10.0]
============================================


============================================
PPO-PSO Global Path Planning
============================================

  [Iter 550/1000] Best: 12251.0140
  [Iter 500/1000] Best: 12630.9488
Traditional PSO iteration: 300/1000 - Best fitness: 12302.1114
Traditional PSO iteration: 350/1000 - Best fitness: 12243.7284
  [Iter 500/1000] Best: 13392.5958
  [Iter 550/1000] Best: 12467.1132
Traditional PSO iteration: 400/1000 - Best fitness: 12664.6948
  [Iter 550/1000] Best: 12538.2357
  [Iter 550/1000] Best: 12422.0877
  [Iter 550/1000] Best: 12611.3948
  [Iter 550/1000] Best: 12316.1339
  [Iter 850/1000] Best: 12157.7604
  [Iter 550/1000] Best: 12607.3008
  [Iter 600/1000] Best: 13032.0573
  [Iter 550/1000] Best: 12835.7530
  [Iter 550/1000] Best: 12484.1634
  [Iter 600/1000] Best: 12247.8450
  [Iter 550/1000] Best: 12630.9488
  [Iter 550/1000] Best: 13392.5958
  [Iter 600/1000] Best: 12466.2425
  [Iter 600/1000] Best: 12536.8550
  [Iter 600/1000] Best: 12422.0877
  [Iter  50/1000] Best: 12481.2666
Traditional PSO iteration: 500/1000 - Best fitness: 12548.8105
Traditional PSO iteration: 300/1000 - Best fitness: 12320.6769
  [Iter 600/1000] Best: 12610.8204
  [Iter 600/1000] Best: 12316.1339
  [Iter 650/1000] Best: 13032.0573
  [Iter 600/1000] Best: 12835.7530
  [Iter 600/1000] Best: 12607.3008
  [Iter 600/1000] Best: 12484.1634
  [Iter 900/1000] Best: 12157.7275
Traditional PSO iteration: 250/1000 - Best fitness: 12620.4803
Traditional PSO iteration: 400/1000 - Best fitness: 12254.6011
  [Iter 600/1000] Best: 12630.9488
  [Iter 650/1000] Best: 12247.8232
  [Iter 600/1000] Best: 13392.5958
  [Iter 650/1000] Best: 12464.3055
  [Iter 650/1000] Best: 12422.0877
  [Iter 650/1000] Best: 12536.4687
  [Iter 650/1000] Best: 12610.8203
  [Iter 700/1000] Best: 13030.8878
  [Iter 650/1000] Best: 12316.1339
  [Iter 950/1000] Best: 12157.6124
  [Iter 650/1000] Best: 12835.7530
  [Iter 650/1000] Best: 12607.3008
  [Iter 650/1000] Best: 12461.9556
Traditional PSO iteration: 450/1000 - Best fitness: 12664.5316
  [Iter 700/1000] Best: 12247.8232
  [Iter 100/1000] Best: 12220.3270
  [Iter 650/1000] Best: 12630.9488
Traditional PSO iteration: 300/1000 - Best fitness: 12267.5396
  [Iter 700/1000] Best: 12464.2820
  [Iter 700/1000] Best: 12422.0877
  [Iter 650/1000] Best: 13392.5958
  [Iter 700/1000] Best: 12536.4681
  [Iter 700/1000] Best: 12610.7573
  [Iter 700/1000] Best: 12316.1339
  [Iter 750/1000] Best: 13030.8872
  [Iter 700/1000] Best: 12607.3008
  [Iter 700/1000] Best: 12432.1618
  [Iter 1000/1000] Best: 12157.5796

========== Planning Complete ==========
Algorithm: SAC-SAPSO (Paper)
Execution time: 191.0605 seconds
Path length: 319.9903 units
Waypoints: 7
Best fitness: 12157.5796
========================================


========== Direct Global Planning ==========
Algorithm: PPO-PSO
Start: [0.0, 0.0, 10.0]
Goal:  [200.0, 200.0, 10.0]
============================================


============================================
PPO-PSO Global Path Planning
============================================

Traditional PSO iteration: 350/1000 - Best fitness: 12391.0461
  [Iter 700/1000] Best: 12835.7530
  [Iter 750/1000] Best: 12247.8232
  [Iter 700/1000] Best: 12630.9488
  [Iter 750/1000] Best: 12464.2694
  [Iter 750/1000] Best: 12422.0877
  [Iter 700/1000] Best: 13392.5958
Traditional PSO iteration: 450/1000 - Best fitness: 12254.4187
  [Iter 750/1000] Best: 12536.4678
  [Iter 150/1000] Best: 12214.0197
  [Iter 800/1000] Best: 13022.4578
  [Iter 750/1000] Best: 12316.1339
Traditional PSO iteration: 300/1000 - Best fitness: 12545.5585
  [Iter 750/1000] Best: 12610.7393
  [Iter 800/1000] Best: 12247.8232
  [Iter 750/1000] Best: 12427.2696
  [Iter 750/1000] Best: 12835.7530
  [Iter 750/1000] Best: 12607.3008
Traditional PSO iteration: 350/1000 - Best fitness: 12437.7234
  [Iter  50/1000] Best: 12822.1164
  [Iter 750/1000] Best: 12630.9488
  [Iter 800/1000] Best: 12464.1797
Traditional PSO iteration: 300/1000 - Best fitness: 12980.8397
Traditional PSO iteration: 350/1000 - Best fitness: 12365.0694
Traditional PSO iteration: 500/1000 - Best fitness: 12664.3199
  [Iter 800/1000] Best: 12405.2740
Traditional PSO iteration: 550/1000 - Best fitness: 12548.8103
  [Iter 750/1000] Best: 13392.5958
Traditional PSO iteration: 300/1000 - Best fitness: 12278.4689
  [Iter 800/1000] Best: 12536.4659
  [Iter 850/1000] Best: 13022.3808
  [Iter 800/1000] Best: 12291.4638
  [Iter 800/1000] Best: 12610.7393
Traditional PSO iteration: 400/1000 - Best fitness: 12243.608
  [Iter 850/1000] Best: 12247.8232
  [Iter 200/1000] Best: 12213.5928
  [Iter 800/1000] Best: 12427.2260
  [Iter 800/1000] Best: 12835.7530
  [Iter 800/1000] Best: 12607.3008
  [Iter 800/1000] Best: 12630.9488
  [Iter 850/1000] Best: 12464.1793
  [Iter 850/1000] Best: 12394.0980
  [Iter 800/1000] Best: 13392.5958
  [Iter 850/1000] Best: 12536.4659
  [Iter 900/1000] Best: 13022.0138
  [Iter 850/1000] Best: 12200.0160
  [Iter 850/1000] Best: 12610.7393
  [Iter 850/1000] Best: 12427.2260
  [Iter 100/1000] Best: 12613.9005
  [Iter 850/1000] Best: 12835.7530
  [Iter 250/1000] Best: 12213.5644
  [Iter 850/1000] Best: 12607.3008
  [Iter 900/1000] Best: 12247.2495
  [Iter 850/1000] Best: 12630.9488
Traditional PSO iteration: 500/1000 - Best fitness: 12254.3752
  [Iter 900/1000] Best: 12464.1786
  [Iter 900/1000] Best: 12383.3833
  [Iter 850/1000] Best: 13392.5958
  [Iter 950/1000] Best: 13022.0041
  [Iter 900/1000] Best: 12200.0160
  [Iter 900/1000] Best: 12536.4659
  [Iter 900/1000] Best: 12610.7393
  [Iter 950/1000] Best: 12247.2495
  [Iter 900/1000] Best: 12427.2260
Traditional PSO iteration: 550/1000 - Best fitness: 12664.1535
  [Iter 900/1000] Best: 12835.7530
  [Iter 900/1000] Best: 12607.3008
  [Iter 950/1000] Best: 12464.1782
  [Iter 900/1000] Best: 12630.9477
  [Iter 300/1000] Best: 12213.3344
  [Iter 950/1000] Best: 12383.3832
  [Iter 150/1000] Best: 12586.6529
  [Iter 900/1000] Best: 13392.5958
  [Iter 1000/1000] Best: 13022.0041

========== Planning Complete ==========
Algorithm: SAC-SAPSO (Paper)
Execution time: 181.2524 seconds
Path length: 332.3548 units
Waypoints: 7
Best fitness: 13022.0041
========================================


========== Direct Global Planning ==========
Algorithm: PPO-PSO
Start: [0.0, 0.0, 10.0]
Goal:  [200.0, 200.0, 10.0]
============================================


============================================
PPO-PSO Global Path Planning
============================================

  [Iter 950/1000] Best: 12200.0160
  [Iter 950/1000] Best: 12536.4659
  [Iter 950/1000] Best: 12610.7389
  [Iter 1000/1000] Best: 12247.2495

========== Planning Complete ==========
Algorithm: SAC-SAPSO (Paper)
Execution time: 185.0532 seconds
Path length: 312.2218 units
Waypoints: 7
Best fitness: 12247.2495
========================================


========== Direct Global Planning ==========
Algorithm: PPO-PSO
Start: [0.0, 0.0, 10.0]
Goal:  [200.0, 200.0, 10.0]
============================================


============================================
PPO-PSO Global Path Planning
============================================

  [Iter 950/1000] Best: 12418.8441
  [Iter 950/1000] Best: 12835.7530
  [Iter 1000/1000] Best: 12464.1757

========== Planning Complete ==========
Algorithm: SAC-SAPSO (Paper)
Execution time: 182.7430 seconds
Path length: 290.5813 units
Waypoints: 7
Best fitness: 12464.1757
========================================


========== Direct Global Planning ==========
Algorithm: PPO-PSO
Start: [0.0, 0.0, 10.0]
Goal:  [200.0, 200.0, 10.0]
============================================


============================================
PPO-PSO Global Path Planning
============================================

  [Iter 950/1000] Best: 12607.2974
  [Iter 950/1000] Best: 12630.9477
Traditional PSO iteration: 350/1000 - Best fitness: 12299.4699
  [Iter 1000/1000] Best: 12383.3832

========== Planning Complete ==========
Algorithm: SAC-SAPSO (Paper)
Execution time: 180.1567 seconds
Path length: 293.4049 units
Waypoints: 7
Best fitness: 12383.3832
========================================


========== Direct Global Planning ==========
Algorithm: PPO-PSO
Start: [0.0, 0.0, 10.0]
Goal:  [200.0, 200.0, 10.0]
============================================


============================================
PPO-PSO Global Path Planning
============================================

Traditional PSO iteration: 600/1000 - Best fitness: 12548.5052
Traditional PSO iteration: 350/1000 - Best fitness: 12320.6085
  [Iter 950/1000] Best: 13392.5958
Traditional PSO iteration: 550/1000 - Best fitness: 12254.3531
  [Iter 350/1000] Best: 12213.0949
  [Iter 200/1000] Best: 12583.7694
  [Iter 1000/1000] Best: 12200.0160

========== Planning Complete ==========
Algorithm: SAC-SAPSO (Paper)
Execution time: 182.5818 seconds
Path length: 302.7445 units
Waypoints: 7
Best fitness: 12200.0160
========================================


========== Direct Global Planning ==========
Algorithm: PPO-PSO
Start: [0.0, 0.0, 10.0]
Goal:  [200.0, 200.0, 10.0]
============================================


============================================
PPO-PSO Global Path Planning
============================================

  [Iter 1000/1000] Best: 12536.4659

========== Planning Complete ==========
Algorithm: SAC-SAPSO (Paper)
Execution time: 187.0018 seconds
Path length: 287.5555 units
Waypoints: 7
Best fitness: 12536.4659
========================================


========== Direct Global Planning ==========
Algorithm: PPO-PSO
Start: [0.0, 0.0, 10.0]
Goal:  [200.0, 200.0, 10.0]
============================================


============================================
PPO-PSO Global Path Planning
============================================

  [Iter  50/1000] Best: 12320.5834
  [Iter 1000/1000] Best: 12610.7344

========== Planning Complete ==========
Algorithm: SAC-SAPSO (Paper)
Execution time: 190.3444 seconds
Path length: 310.7511 units
Waypoints: 7
Best fitness: 12610.7344
========================================


========== Direct Global Planning ==========
Algorithm: PPO-PSO
Start: [0.0, 0.0, 10.0]
Goal:  [200.0, 200.0, 10.0]
============================================


============================================
PPO-PSO Global Path Planning
============================================

  [Iter 1000/1000] Best: 12417.1537

========== Planning Complete ==========
Algorithm: SAC-SAPSO (Paper)
Execution time: 186.6131 seconds
Path length: 304.9753 units
Waypoints: 7
Best fitness: 12417.1537
========================================


========== Direct Global Planning ==========
Algorithm: PPO-PSO
Start: [0.0, 0.0, 10.0]
Goal:  [200.0, 200.0, 10.0]
============================================


============================================
PPO-PSO Global Path Planning
============================================

  [Iter 1000/1000] Best: 12835.7530

========== Planning Complete ==========
Algorithm: SAC-SAPSO (Paper)
Execution time: 188.2595 seconds
Path length: 296.7765 units
Waypoints: 7
Best fitness: 12835.7530
========================================


========== Direct Global Planning ==========
Algorithm: PPO-PSO
Start: [0.0, 0.0, 10.0]
Goal:  [200.0, 200.0, 10.0]
============================================


============================================
PPO-PSO Global Path Planning
============================================

  [Iter 1000/1000] Best: 12607.2974

========== Planning Complete ==========
Algorithm: SAC-SAPSO (Paper)
Execution time: 189.8800 seconds
Path length: 289.2348 units
Waypoints: 7
Best fitness: 12607.2974
========================================


========== Direct Global Planning ==========
Algorithm: PPO-PSO
Start: [0.0, 0.0, 10.0]
Goal:  [200.0, 200.0, 10.0]
============================================


============================================
PPO-PSO Global Path Planning
============================================

Traditional PSO iteration: 400/1000 - Best fitness: 12390.738
  [Iter  50/1000] Best: 12618.4002
  [Iter 1000/1000] Best: 12630.9477

========== Planning Complete ==========
Algorithm: SAC-SAPSO (Paper)
Execution time: 187.4370 seconds
Path length: 288.7595 units
Waypoints: 7
Best fitness: 12630.9477
========================================


========== Direct Global Planning ==========
Algorithm: PPO-PSO
Start: [0.0, 0.0, 10.0]
Goal:  [200.0, 200.0, 10.0]
============================================


============================================
PPO-PSO Global Path Planning
============================================

  [Iter  50/1000] Best: 12280.1381
Traditional PSO iteration: 600/1000 - Best fitness: 12663.9028
  [Iter  50/1000] Best: 12293.7641
  [Iter 1000/1000] Best: 13392.5958

========== Planning Complete ==========
Algorithm: SAC-SAPSO (Paper)
Execution time: 191.1388 seconds
Path length: 395.0730 units
Waypoints: 7
Best fitness: 13392.5958
========================================


========== Direct Global Planning ==========
Algorithm: PPO-PSO
Start: [0.0, 0.0, 10.0]
Goal:  [200.0, 200.0, 10.0]
============================================


============================================
PPO-PSO Global Path Planning
============================================

  [Iter 250/1000] Best: 12569.6960
Traditional PSO iteration: 400/1000 - Best fitness: 12364.7969
  [Iter  50/1000] Best: 12595.6283
  [Iter  50/1000] Best: 12414.4016
  [Iter 400/1000] Best: 12213.0022
  [Iter  50/1000] Best: 12409.6422
  [Iter  50/1000] Best: 12656.7307
  [Iter  50/1000] Best: 12834.8511
  [Iter  50/1000] Best: 13054.0251
  [Iter 100/1000] Best: 12130.6216
Traditional PSO iteration: 450/1000 - Best fitness: 12243.5927
Traditional PSO iteration: 350/1000 - Best fitness: 12267.4235
  [Iter  50/1000] Best: 12843.7664
Traditional PSO iteration: 300/1000 - Best fitness: 12619.7108
  [Iter 100/1000] Best: 12227.4832
  [Iter  50/1000] Best: 12229.7171
  [Iter 300/1000] Best: 12561.5135
  [Iter 100/1000] Best: 12272.3706
Traditional PSO iteration: 600/1000 - Best fitness: 12254.2826
  [Iter 100/1000] Best: 12273.1679
  [Iter 450/1000] Best: 12212.9566
  [Iter 100/1000] Best: 12180.8369
  [Iter 100/1000] Best: 12176.0174
  [Iter 100/1000] Best: 12304.6255
  [Iter 150/1000] Best: 12093.1545
Traditional PSO iteration: 650/1000 - Best fitness: 12663.5089
  [Iter 100/1000] Best: 12645.4107
  [Iter 100/1000] Best: 12442.8612
Traditional PSO iteration: 650/1000 - Best fitness: 12548.5001
  [Iter 100/1000] Best: 12360.2596
  [Iter 150/1000] Best: 12191.1214
  [Iter 100/1000] Best: 12489.6509
Traditional PSO iteration: 350/1000 - Best fitness: 12822.9736
Traditional PSO iteration: 400/1000 - Best fitness: 12437.5498
  [Iter 350/1000] Best: 12559.2782
  [Iter 150/1000] Best: 12265.2826
  [Iter 500/1000] Best: 12212.9427
  [Iter 100/1000] Best: 12185.9129
  [Iter 150/1000] Best: 12271.8036
Traditional PSO iteration: 350/1000 - Best fitness: 12545.5492
  [Iter 150/1000] Best: 12148.4151
  [Iter 150/1000] Best: 12173.6831
  [Iter 200/1000] Best: 12090.2068
  [Iter 150/1000] Best: 12295.1737
  [Iter 150/1000] Best: 12629.5086
  [Iter 150/1000] Best: 12398.5385
Traditional PSO iteration: 650/1000 - Best fitness: 12250.3852
  [Iter 150/1000] Best: 12305.3146
  [Iter 200/1000] Best: 12164.3819
  [Iter 150/1000] Best: 12314.3509
  [Iter 400/1000] Best: 12552.2151
  [Iter 200/1000] Best: 12264.8457
  [Iter 550/1000] Best: 12212.9418
  [Iter 200/1000] Best: 12271.7340
  [Iter 150/1000] Best: 12181.8092
Traditional PSO iteration: 350/1000 - Best fitness: 12278.3483
  [Iter 250/1000] Best: 12088.9274
Traditional PSO iteration: 700/1000 - Best fitness: 12662.8447
  [Iter 200/1000] Best: 12144.2873
  [Iter 200/1000] Best: 12173.2168
  [Iter 200/1000] Best: 12293.9359
  [Iter 250/1000] Best: 12163.3009
  [Iter 200/1000] Best: 12395.5206
  [Iter 200/1000] Best: 12593.7730
  [Iter 250/1000] Best: 12264.0825
  [Iter 200/1000] Best: 12303.0174
  [Iter 450/1000] Best: 12551.9411
  [Iter 200/1000] Best: 12208.6592
  [Iter 250/1000] Best: 12271.7275
  [Iter 600/1000] Best: 12212.9293
Traditional PSO iteration: 450/1000 - Best fitness: 12364.7379
Traditional PSO iteration: 450/1000 - Best fitness: 12390.4835
  [Iter 250/1000] Best: 12142.6549
  [Iter 200/1000] Best: 12181.1969
  [Iter 250/1000] Best: 12172.8942
  [Iter 250/1000] Best: 12293.3376
  [Iter 300/1000] Best: 12088.7243
  [Iter 250/1000] Best: 12529.1022
  [Iter 250/1000] Best: 12391.3674
  [Iter 250/1000] Best: 12302.7722
  [Iter 250/1000] Best: 12202.8952
Traditional PSO iteration: 500/1000 - Best fitness: 12243.5853
Traditional PSO iteration: 700/1000 - Best fitness: 12548.4995
  [Iter 300/1000] Best: 12163.1603
  [Iter 500/1000] Best: 12551.5504
Traditional PSO iteration: 700/1000 - Best fitness: 12249.3626
Traditional PSO iteration: 400/1000 - Best fitness: 12320.5968
  [Iter 300/1000] Best: 12263.6099
  [Iter 250/1000] Best: 12180.8554
  [Iter 650/1000] Best: 12212.9287
  [Iter 300/1000] Best: 12271.7173
Traditional PSO iteration: 750/1000 - Best fitness: 12661.9523
  [Iter 300/1000] Best: 12141.9656
  [Iter 300/1000] Best: 12172.7405
  [Iter 300/1000] Best: 12293.3224
  [Iter 350/1000] Best: 12088.6943
  [Iter 300/1000] Best: 12510.6670
  [Iter 300/1000] Best: 12360.0027
  [Iter 300/1000] Best: 12302.4583
  [Iter 300/1000] Best: 12201.2715
  [Iter 350/1000] Best: 12163.0932
  [Iter 550/1000] Best: 12551.5378
  [Iter 700/1000] Best: 12212.9255
  [Iter 350/1000] Best: 12263.5306
Traditional PSO iteration: 400/1000 - Best fitness: 12298.6145
  [Iter 350/1000] Best: 12271.7148
  [Iter 300/1000] Best: 12180.7256
  [Iter 350/1000] Best: 12141.7639
  [Iter 350/1000] Best: 12172.7160
  [Iter 350/1000] Best: 12280.1927
  [Iter 400/1000] Best: 12088.6894
  [Iter 350/1000] Best: 12504.8959
  [Iter 350/1000] Best: 12358.1482
Traditional PSO iteration: 750/1000 - Best fitness: 12249.2125
  [Iter 350/1000] Best: 12302.4278
  [Iter 600/1000] Best: 12551.5329
  [Iter 350/1000] Best: 12201.0556
  [Iter 400/1000] Best: 12163.0164
  [Iter 750/1000] Best: 12212.9246
Traditional PSO iteration: 800/1000 - Best fitness: 12661.5172
  [Iter 400/1000] Best: 12263.5003
Traditional PSO iteration: 400/1000 - Best fitness: 12267.1707
  [Iter 350/1000] Best: 12180.6870
  [Iter 400/1000] Best: 12271.6425
  [Iter 400/1000] Best: 12141.6990
  [Iter 400/1000] Best: 12172.7154
  [Iter 450/1000] Best: 12088.6884
  [Iter 400/1000] Best: 12503.3182
  [Iter 400/1000] Best: 12260.7247
Traditional PSO iteration: 750/1000 - Best fitness: 12548.4993
  [Iter 400/1000] Best: 12357.5923
  [Iter 400/1000] Best: 12298.5452
  [Iter 650/1000] Best: 12551.5326
  [Iter 400/1000] Best: 12201.0165
  [Iter 450/1000] Best: 12163.0123
  [Iter 800/1000] Best: 12212.9241
  [Iter 450/1000] Best: 12263.4415
Traditional PSO iteration: 500/1000 - Best fitness: 12364.6297
  [Iter 450/1000] Best: 12271.6269
  [Iter 400/1000] Best: 12180.6803
  [Iter 450/1000] Best: 12141.6686
  [Iter 500/1000] Best: 12088.6883
Traditional PSO iteration: 500/1000 - Best fitness: 12390.433
Traditional PSO iteration: 450/1000 - Best fitness: 12437.5356
Traditional PSO iteration: 800/1000 - Best fitness: 12249.1569
  [Iter 450/1000] Best: 12172.7153
Traditional PSO iteration: 350/1000 - Best fitness: 12619.177
  [Iter 450/1000] Best: 12503.1509
  [Iter 700/1000] Best: 12551.5326
  [Iter 500/1000] Best: 12163.0121
  [Iter 450/1000] Best: 12253.9160
  [Iter 450/1000] Best: 12297.5815
  [Iter 450/1000] Best: 12357.1778
  [Iter 500/1000] Best: 12263.4279
Traditional PSO iteration: 850/1000 - Best fitness: 12661.2906
  [Iter 450/1000] Best: 12201.0119
Traditional PSO iteration: 550/1000 - Best fitness: 12242.7095
  [Iter 500/1000] Best: 12271.6199
  [Iter 850/1000] Best: 12212.9230
  [Iter 500/1000] Best: 12141.6612
  [Iter 450/1000] Best: 12180.6791
  [Iter 500/1000] Best: 12172.7153
Traditional PSO iteration: 400/1000 - Best fitness: 12668.4401
  [Iter 550/1000] Best: 12088.6883
  [Iter 500/1000] Best: 12503.1257
  [Iter 500/1000] Best: 12253.6634
  [Iter 500/1000] Best: 12357.0554
  [Iter 500/1000] Best: 12297.3514
  [Iter 750/1000] Best: 12551.5323
Traditional PSO iteration: 400/1000 - Best fitness: 12545.545
  [Iter 550/1000] Best: 12163.0119
  [Iter 500/1000] Best: 12201.0012
  [Iter 550/1000] Best: 12263.4229
  [Iter 900/1000] Best: 12212.9229
  [Iter 500/1000] Best: 12180.6791
  [Iter 550/1000] Best: 12271.6198
  [Iter 550/1000] Best: 12141.6579
Traditional PSO iteration: 850/1000 - Best fitness: 12249.1022
  [Iter 550/1000] Best: 12172.7147
  [Iter 600/1000] Best: 12088.6883
  [Iter 550/1000] Best: 12503.0571
  [Iter 550/1000] Best: 12253.6404
  [Iter 550/1000] Best: 12289.7162
  [Iter 550/1000] Best: 12356.0594
Traditional PSO iteration: 400/1000 - Best fitness: 12278.3081
  [Iter 800/1000] Best: 12551.5323
Traditional PSO iteration: 800/1000 - Best fitness: 12548.4993
Traditional PSO iteration: 900/1000 - Best fitness: 12660.965
  [Iter 600/1000] Best: 12163.0041
  [Iter 550/1000] Best: 12200.9986
  [Iter 950/1000] Best: 12212.9229
Traditional PSO iteration: 450/1000 - Best fitness: 12320.593
  [Iter 600/1000] Best: 12263.4199
  [Iter 600/1000] Best: 12271.6175
  [Iter 550/1000] Best: 12180.6789
  [Iter 600/1000] Best: 12141.6473
  [Iter 600/1000] Best: 12172.7146
  [Iter 650/1000] Best: 12088.6883
  [Iter 600/1000] Best: 12501.0905
  [Iter 600/1000] Best: 12253.6371
  [Iter 600/1000] Best: 12355.9592
  [Iter 600/1000] Best: 12288.2312
  [Iter 850/1000] Best: 12551.5323
  [Iter 650/1000] Best: 12163.0039
  [Iter 600/1000] Best: 12200.9926
Traditional PSO iteration: 550/1000 - Best fitness: 12364.6153
  [Iter 650/1000] Best: 12263.4162
  [Iter 1000/1000] Best: 12212.9227

========== Planning Complete ==========
Algorithm: PPO-PSO
Execution time: 229.1444 seconds
Path length: 398.0189 units
Waypoints: 7
Best fitness: 12212.9227
========================================


========== Direct Global Planning ==========
Algorithm: MPSORL
Start: [0.0, 0.0, 10.0]
Goal:  [200.0, 200.0, 10.0]
============================================

Starting MPSORL (Multi-Strategy Self-Learning PSO) path planning...
  [Iter 600/1000] Best: 12180.6789
  [Iter 650/1000] Best: 12271.6152
  [Iter 700/1000] Best: 12088.6883
Traditional PSO iteration: 900/1000 - Best fitness: 12249.0328
  [Iter 650/1000] Best: 12141.6424
  [Iter 650/1000] Best: 12162.5293
  [Iter 650/1000] Best: 12497.3603
  [Iter 700/1000] Best: 12163.0038
Traditional PSO iteration: 950/1000 - Best fitness: 12660.9247
  [Iter 650/1000] Best: 12355.9453
  [Iter 650/1000] Best: 12253.6370
  [Iter 650/1000] Best: 12287.9834
  [Iter 900/1000] Best: 12551.5323
Traditional PSO iteration: 550/1000 - Best fitness: 12390.3344
  [Iter 650/1000] Best: 12200.9923
  [Iter 700/1000] Best: 12263.4152
MPSORL iteration: 50/1000 - Best fitness: 13261.6939
Traditional PSO iteration: 450/1000 - Best fitness: 12298.3712
  [Iter 700/1000] Best: 12271.6110
  [Iter 700/1000] Best: 12141.6422
  [Iter 650/1000] Best: 12180.6789
  [Iter 700/1000] Best: 12152.7086
  [Iter 750/1000] Best: 12088.6883
Traditional PSO iteration: 600/1000 - Best fitness: 12241.6876
  [Iter 700/1000] Best: 12497.0193
  [Iter 700/1000] Best: 12253.6367
  [Iter 700/1000] Best: 12355.9430
  [Iter 700/1000] Best: 12287.9376
  [Iter 950/1000] Best: 12551.5323
  [Iter 700/1000] Best: 12200.9923
  [Iter 750/1000] Best: 12163.0038
MPSORL iteration: 100/1000 - Best fitness: 12979.8605
Traditional PSO iteration: 850/1000 - Best fitness: 12548.4993
Traditional PSO iteration: 450/1000 - Best fitness: 12266.6734
  [Iter 750/1000] Best: 12263.4150
  [Iter 750/1000] Best: 12271.6095
  [Iter 700/1000] Best: 12180.6789
  [Iter 750/1000] Best: 12141.6422
Traditional PSO iteration: 950/1000 - Best fitness: 12249.0265
  [Iter 800/1000] Best: 12088.6883
  [Iter 750/1000] Best: 12152.4380
MPSORL iteration: 150/1000 - Best fitness: 12805.9113
  [Iter 750/1000] Best: 12496.1878
  [Iter 750/1000] Best: 12253.6365
Traditional PSO iteration: 1000/1000 - Best fitness: 12660.9121
Traditional PSO completed with final fitness: 12660.9121

========== Planning Complete ==========
Algorithm: PSO
Execution time: 662.6785 seconds
Path length: 291.7891 units
Waypoints: 7
Best fitness: 12660.9121
========================================


========== Direct Global Planning ==========
Algorithm: PSO_LDIW
Start: [0.0, 0.0, 10.0]
Goal:  [200.0, 200.0, 10.0]
============================================

Starting PSO-LDIW (linearly decreasing inertia weight)...
Number of Initial feasible particles: 0/100
  [Iter 750/1000] Best: 12355.9422
  [Iter 750/1000] Best: 12200.9923
PSO-LDIW iteration: 1/1000 - Best fitness: 39036.1221 - w=0.8995, c1=1.5, c2=1.5
  [Iter 750/1000] Best: 12287.9319
  [Iter 800/1000] Best: 12163.0038
  [Iter 1000/1000] Best: 12551.5323

========== Planning Complete ==========
Algorithm: PPO-PSO
Execution time: 232.4539 seconds
Path length: 355.9516 units
Waypoints: 7
Best fitness: 12551.5323
========================================


========== Direct Global Planning ==========
Algorithm: MPSORL
Start: [0.0, 0.0, 10.0]
Goal:  [200.0, 200.0, 10.0]
============================================

Starting MPSORL (Multi-Strategy Self-Learning PSO) path planning...
Traditional PSO iteration: 500/1000 - Best fitness: 12437.5294
  [Iter 800/1000] Best: 12263.4141
  [Iter 750/1000] Best: 12180.6789
  [Iter 800/1000] Best: 12141.6419
  [Iter 800/1000] Best: 12271.6077
MPSORL iteration: 200/1000 - Best fitness: 12556.4048
  [Iter 800/1000] Best: 12152.1425
  [Iter 850/1000] Best: 12088.6883
  [Iter 800/1000] Best: 12495.7767
  [Iter 800/1000] Best: 12253.6364
MPSORL iteration: 50/1000 - Best fitness: 13744.5881
  [Iter 800/1000] Best: 12355.9421
  [Iter 800/1000] Best: 12200.9920
  [Iter 850/1000] Best: 12163.0038
  [Iter 800/1000] Best: 12287.9311
MPSORL iteration: 250/1000 - Best fitness: 12496.9922
  [Iter 850/1000] Best: 12263.4136
Traditional PSO iteration: 1000/1000 - Best fitness: 12249.0245
Traditional PSO completed with final fitness: 12249.0245

========== Planning Complete ==========
Algorithm: PSO
Execution time: 682.4260 seconds
Path length: 299.1765 units
Waypoints: 7
Best fitness: 12249.0245
========================================


========== Direct Global Planning ==========
Algorithm: PSO_LDIW
Start: [0.0, 0.0, 10.0]
Goal:  [200.0, 200.0, 10.0]
============================================

Starting PSO-LDIW (linearly decreasing inertia weight)...
Number of Initial feasible particles: 0/100
  [Iter 800/1000] Best: 12180.6789
  [Iter 850/1000] Best: 12141.6386
  [Iter 850/1000] Best: 12271.6058
PSO-LDIW iteration: 1/1000 - Best fitness: 35504.6174 - w=0.8995, c1=1.5, c2=1.5
Traditional PSO iteration: 600/1000 - Best fitness: 12334.2206
MPSORL iteration: 100/1000 - Best fitness: 13402.3306
  [Iter 900/1000] Best: 12088.6883
Traditional PSO iteration: 400/1000 - Best fitness: 12618.7043
  [Iter 850/1000] Best: 12152.1278
  [Iter 850/1000] Best: 12494.9071
MPSORL iteration: 300/1000 - Best fitness: 12354.0982
  [Iter 850/1000] Best: 12253.6364
  [Iter 850/1000] Best: 12355.9420
  [Iter 850/1000] Best: 12200.9895
Traditional PSO iteration: 900/1000 - Best fitness: 12548.4991
  [Iter 900/1000] Best: 12163.0038
  [Iter 850/1000] Best: 12287.9306
Traditional PSO iteration: 450/1000 - Best fitness: 12654.6799
Traditional PSO iteration: 450/1000 - Best fitness: 12545.5428
MPSORL iteration: 150/1000 - Best fitness: 13204.1141
  [Iter 900/1000] Best: 12263.4126
Traditional PSO iteration: 500/1000 - Best fitness: 12320.5889
Traditional PSO iteration: 600/1000 - Best fitness: 12389.4861
  [Iter 900/1000] Best: 12271.5984
  [Iter 850/1000] Best: 12180.6789
  [Iter 950/1000] Best: 12088.6883
  [Iter 900/1000] Best: 12141.6385
MPSORL iteration: 350/1000 - Best fitness: 12257.0163
  [Iter 900/1000] Best: 12152.1269
  [Iter 900/1000] Best: 12494.8994
  [Iter 950/1000] Best: 12163.0038
  [Iter 900/1000] Best: 12200.9617
Traditional PSO iteration: 650/1000 - Best fitness: 12241.6065
  [Iter 900/1000] Best: 12253.6364
  [Iter 900/1000] Best: 12287.9299
  [Iter 900/1000] Best: 12355.9420
MPSORL iteration: 200/1000 - Best fitness: 13041.3185
  [Iter 950/1000] Best: 12263.4126
  [Iter 950/1000] Best: 12271.5824
  [Iter 950/1000] Best: 12141.6385
MPSORL iteration: 400/1000 - Best fitness: 12236.4415
  [Iter 900/1000] Best: 12180.6789
Traditional PSO iteration: 450/1000 - Best fitness: 12278.3022
  [Iter 950/1000] Best: 12152.1218
  [Iter 1000/1000] Best: 12088.6883

========== Planning Complete ==========
Algorithm: PPO-PSO
Execution time: 234.9531 seconds
Path length: 297.4804 units
Waypoints: 7
Best fitness: 12088.6883
========================================


========== Direct Global Planning ==========
Algorithm: MPSORL
Start: [0.0, 0.0, 10.0]
Goal:  [200.0, 200.0, 10.0]
============================================

Starting MPSORL (Multi-Strategy Self-Learning PSO) path planning...
  [Iter 950/1000] Best: 12494.8979
  [Iter 950/1000] Best: 12200.9612
  [Iter 950/1000] Best: 12253.6364
MPSORL iteration: 250/1000 - Best fitness: 12719.3045
  [Iter 950/1000] Best: 12287.9299
  [Iter 950/1000] Best: 12355.9420
MPSORL iteration: 450/1000 - Best fitness: 12234.761
  [Iter 1000/1000] Best: 12163.0038

========== Planning Complete ==========
Algorithm: PPO-PSO
Execution time: 237.1325 seconds
Path length: 365.2363 units
Waypoints: 7
Best fitness: 12163.0038
========================================


========== Direct Global Planning ==========
Algorithm: MPSORL
Start: [0.0, 0.0, 10.0]
Goal:  [200.0, 200.0, 10.0]
============================================

Starting MPSORL (Multi-Strategy Self-Learning PSO) path planning...
  [Iter 950/1000] Best: 12180.6789
  [Iter 1000/1000] Best: 12263.4126

========== Planning Complete ==========
Algorithm: PPO-PSO
Execution time: 238.8639 seconds
Path length: 398.2382 units
Waypoints: 7
Best fitness: 12263.4126
========================================


========== Direct Global Planning ==========
Algorithm: MPSORL
Start: [0.0, 0.0, 10.0]
Goal:  [200.0, 200.0, 10.0]
============================================

Starting MPSORL (Multi-Strategy Self-Learning PSO) path planning...
  [Iter 1000/1000] Best: 12271.5581

========== Planning Complete ==========
Algorithm: PPO-PSO
Execution time: 237.3399 seconds
Path length: 398.2266 units
Waypoints: 7
Best fitness: 12271.5581
========================================


========== Direct Global Planning ==========
Algorithm: MPSORL
Start: [0.0, 0.0, 10.0]
Goal:  [200.0, 200.0, 10.0]
============================================

Starting MPSORL (Multi-Strategy Self-Learning PSO) path planning...
MPSORL iteration: 50/1000 - Best fitness: 13893.1514
PSO-LDIW iteration: 50/1000 - Best fitness: 13322.7674 - w=0.875, c1=1.5, c2=1.5
  [Iter 1000/1000] Best: 12141.6385

========== Planning Complete ==========
Algorithm: PPO-PSO
Execution time: 235.2603 seconds
Path length: 342.2733 units
Waypoints: 7
Best fitness: 12141.6385
========================================


========== Direct Global Planning ==========
Algorithm: MPSORL
Start: [0.0, 0.0, 10.0]
Goal:  [200.0, 200.0, 10.0]
============================================

Starting MPSORL (Multi-Strategy Self-Learning PSO) path planning...
MPSORL iteration: 300/1000 - Best fitness: 12656.2668
  [Iter 1000/1000] Best: 12152.1162

========== Planning Complete ==========
Algorithm: PPO-PSO
Execution time: 237.9825 seconds
Path length: 363.3756 units
Waypoints: 7
Best fitness: 12152.1162
========================================


========== Direct Global Planning ==========
Algorithm: MPSORL
Start: [0.0, 0.0, 10.0]
Goal:  [200.0, 200.0, 10.0]
============================================

Starting MPSORL (Multi-Strategy Self-Learning PSO) path planning...
MPSORL iteration: 500/1000 - Best fitness: 12230.1405
  [Iter 1000/1000] Best: 12494.8963

========== Planning Complete ==========
Algorithm: PPO-PSO
Execution time: 235.8291 seconds
Path length: 364.9167 units
Waypoints: 7
Best fitness: 12494.8963
========================================


========== Direct Global Planning ==========
Algorithm: MPSORL
Start: [0.0, 0.0, 10.0]
Goal:  [200.0, 200.0, 10.0]
============================================

Starting MPSORL (Multi-Strategy Self-Learning PSO) path planning...
MPSORL iteration: 50/1000 - Best fitness: 13851.3257
  [Iter 1000/1000] Best: 12200.9612

========== Planning Complete ==========
Algorithm: PPO-PSO
Execution time: 234.3723 seconds
Path length: 299.9076 units
Waypoints: 7
Best fitness: 12200.9612
========================================

Traditional PSO iteration: 950/1000 - Best fitness: 12548.4991
  [Iter 1000/1000] Best: 12253.6364

========== Planning Complete ==========
Algorithm: PPO-PSO
Execution time: 239.1078 seconds
Path length: 354.7269 units
Waypoints: 7
Best fitness: 12253.6364
========================================


========== Direct Global Planning ==========
Algorithm: MPSORL
Start: [0.0, 0.0, 10.0]
Goal:  [200.0, 200.0, 10.0]
============================================

Starting MPSORL (Multi-Strategy Self-Learning PSO) path planning...
  [Iter 1000/1000] Best: 12287.9299

========== Planning Complete ==========
Algorithm: PPO-PSO
Execution time: 236.6269 seconds
Path length: 348.8613 units
Waypoints: 7
Best fitness: 12287.9299
========================================


========== Direct Global Planning ==========
Algorithm: MPSORL
Start: [0.0, 0.0, 10.0]
Goal:  [200.0, 200.0, 10.0]
============================================


========== Direct Global Planning ==========
Algorithm: MPSORL
Start: [0.0, 0.0, 10.0]
Goal:  [200.0, 200.0, 10.0]
============================================

Starting MPSORL (Multi-Strategy Self-Learning PSO) path planning...
Starting MPSORL (Multi-Strategy Self-Learning PSO) path planning...
  [Iter 1000/1000] Best: 12355.9420

========== Planning Complete ==========
Algorithm: PPO-PSO
Execution time: 238.7659 seconds
Path length: 390.6214 units
Waypoints: 7
Best fitness: 12355.9420
========================================


========== Direct Global Planning ==========
Algorithm: MPSORL
Start: [0.0, 0.0, 10.0]
Goal:  [200.0, 200.0, 10.0]
============================================

Starting MPSORL (Multi-Strategy Self-Learning PSO) path planning...
MPSORL iteration: 50/1000 - Best fitness: 13668.4625
MPSORL iteration: 100/1000 - Best fitness: 13297.9209
MPSORL iteration: 50/1000 - Best fitness: 13235.8742
PSO-LDIW iteration: 50/1000 - Best fitness: 12701.5816 - w=0.875, c1=1.5, c2=1.5
MPSORL iteration: 350/1000 - Best fitness: 12595.7887
Traditional PSO iteration: 500/1000 - Best fitness: 12298.3164
MPSORL iteration: 50/1000 - Best fitness: 13318.0249
  [Iter 1000/1000] Best: 12180.6789

========== Planning Complete ==========
Algorithm: PPO-PSO
Execution time: 236.6853 seconds
Path length: 373.6346 units
Waypoints: 7
Best fitness: 12180.6789
========================================


========== Direct Global Planning ==========
Algorithm: MPSORL
Start: [0.0, 0.0, 10.0]
Goal:  [200.0, 200.0, 10.0]
============================================

Starting MPSORL (Multi-Strategy Self-Learning PSO) path planning...
MPSORL iteration: 550/1000 - Best fitness: 12229.8983
MPSORL iteration: 50/1000 - Best fitness: 13480.8436
MPSORL iteration: 100/1000 - Best fitness: 13225.1064
MPSORL iteration: 50/1000 - Best fitness: 13405.3714
MPSORL iteration: 50/1000 - Best fitness: 13557.2585
MPSORL iteration: 50/1000 - Best fitness: 13230.7882
MPSORL iteration: 50/1000 - Best fitness: 13088.7884
Traditional PSO iteration: 500/1000 - Best fitness: 12266.5792
MPSORL iteration: 50/1000 - Best fitness: 13406.5766
MPSORL iteration: 150/1000 - Best fitness: 12906.1295
MPSORL iteration: 100/1000 - Best fitness: 12995.4086
MPSORL iteration: 100/1000 - Best fitness: 12991.2105
MPSORL iteration: 400/1000 - Best fitness: 12586.0969
MPSORL iteration: 100/1000 - Best fitness: 12957.6737
MPSORL iteration: 600/1000 - Best fitness: 12229.8663
MPSORL iteration: 50/1000 - Best fitness: 13153.7994
Traditional PSO iteration: 650/1000 - Best fitness: 12389.4486
MPSORL iteration: 100/1000 - Best fitness: 13029.4469
MPSORL iteration: 100/1000 - Best fitness: 12973.59
MPSORL iteration: 150/1000 - Best fitness: 12723.348
Traditional PSO iteration: 650/1000 - Best fitness: 12273.7639
MPSORL iteration: 100/1000 - Best fitness: 12836.8751
MPSORL iteration: 100/1000 - Best fitness: 13195.445
MPSORL iteration: 100/1000 - Best fitness: 13072.9433
MPSORL iteration: 100/1000 - Best fitness: 13050.4988
MPSORL iteration: 200/1000 - Best fitness: 12669.2366
MPSORL iteration: 150/1000 - Best fitness: 12813.0642
MPSORL iteration: 150/1000 - Best fitness: 12845.598
MPSORL iteration: 450/1000 - Best fitness: 12581.9954
Traditional PSO iteration: 550/1000 - Best fitness: 12437.5185
MPSORL iteration: 150/1000 - Best fitness: 12921.4362
MPSORL iteration: 650/1000 - Best fitness: 12229.8384
MPSORL iteration: 150/1000 - Best fitness: 12808.5668
MPSORL iteration: 100/1000 - Best fitness: 12941.7588
MPSORL iteration: 200/1000 - Best fitness: 12460.8967
Traditional PSO iteration: 700/1000 - Best fitness: 12241.5935
MPSORL iteration: 150/1000 - Best fitness: 12449.2085
MPSORL iteration: 150/1000 - Best fitness: 12841.0508
MPSORL iteration: 150/1000 - Best fitness: 12803.282
MPSORL iteration: 150/1000 - Best fitness: 12751.359
MPSORL iteration: 150/1000 - Best fitness: 12858.3529
MPSORL iteration: 250/1000 - Best fitness: 12653.4317
MPSORL iteration: 200/1000 - Best fitness: 12469.3057
MPSORL iteration: 200/1000 - Best fitness: 12604.5781
MPSORL iteration: 500/1000 - Best fitness: 12581.4397
MPSORL iteration: 200/1000 - Best fitness: 12911.4341
MPSORL iteration: 700/1000 - Best fitness: 12229.8273
MPSORL iteration: 200/1000 - Best fitness: 12727.3033
MPSORL iteration: 150/1000 - Best fitness: 12819.5093
Traditional PSO iteration: 1000/1000 - Best fitness: 12548.4991
Traditional PSO completed with final fitness: 12548.4991

========== Planning Complete ==========
Algorithm: PSO
Execution time: 761.1292 seconds
Path length: 420.3548 units
Waypoints: 7
Best fitness: 12548.4991
========================================


========== Direct Global Planning ==========
Algorithm: PSO_LDIW
Start: [0.0, 0.0, 10.0]
Goal:  [200.0, 200.0, 10.0]
============================================

Starting PSO-LDIW (linearly decreasing inertia weight)...
MPSORL iteration: 250/1000 - Best fitness: 12423.731
Number of Initial feasible particles: 0/100
PSO-LDIW iteration: 1/1000 - Best fitness: 44772.8624 - w=0.8995, c1=1.5, c2=1.5
MPSORL iteration: 200/1000 - Best fitness: 12407.037
MPSORL iteration: 200/1000 - Best fitness: 12563.2891
MPSORL iteration: 200/1000 - Best fitness: 12730.9967
MPSORL iteration: 200/1000 - Best fitness: 12710.4207
Traditional PSO iteration: 500/1000 - Best fitness: 12651.2303
MPSORL iteration: 250/1000 - Best fitness: 12505.7547
MPSORL iteration: 250/1000 - Best fitness: 12370.8109
MPSORL iteration: 200/1000 - Best fitness: 12710.6371
MPSORL iteration: 300/1000 - Best fitness: 12430.9932
MPSORL iteration: 550/1000 - Best fitness: 12580.5627
MPSORL iteration: 250/1000 - Best fitness: 12861.1147
MPSORL iteration: 750/1000 - Best fitness: 12229.7899
MPSORL iteration: 250/1000 - Best fitness: 12661.5673
MPSORL iteration: 200/1000 - Best fitness: 12775.9721
MPSORL iteration: 300/1000 - Best fitness: 12371.7039
MPSORL iteration: 250/1000 - Best fitness: 12353.7308
MPSORL iteration: 250/1000 - Best fitness: 12362.341
Traditional PSO iteration: 550/1000 - Best fitness: 12320.587
MPSORL iteration: 250/1000 - Best fitness: 12434.8598
MPSORL iteration: 300/1000 - Best fitness: 12481.4271
MPSORL iteration: 250/1000 - Best fitness: 12673.5467
MPSORL iteration: 300/1000 - Best fitness: 12324.2218
MPSORL iteration: 250/1000 - Best fitness: 12636.1585
MPSORL iteration: 350/1000 - Best fitness: 12399.9235
PSO-LDIW iteration: 100/1000 - Best fitness: 12554.1373 - w=0.85, c1=1.5, c2=1.5
MPSORL iteration: 300/1000 - Best fitness: 12825.9402
MPSORL iteration: 600/1000 - Best fitness: 12580.4924
MPSORL iteration: 800/1000 - Best fitness: 12229.7809
MPSORL iteration: 300/1000 - Best fitness: 12622.8827
MPSORL iteration: 250/1000 - Best fitness: 12674.5573
Traditional PSO iteration: 450/1000 - Best fitness: 12617.8067
PSO-LDIW iteration: 100/1000 - Best fitness: 13083.883 - w=0.85, c1=1.5, c2=1.5
MPSORL iteration: 350/1000 - Best fitness: 12344.2162
MPSORL iteration: 300/1000 - Best fitness: 12336.6073
MPSORL iteration: 300/1000 - Best fitness: 12352.5246
MPSORL iteration: 300/1000 - Best fitness: 12579.2427
MPSORL iteration: 300/1000 - Best fitness: 12330.6432
Traditional PSO iteration: 500/1000 - Best fitness: 12545.5421
MPSORL iteration: 350/1000 - Best fitness: 12304.3286
MPSORL iteration: 350/1000 - Best fitness: 12401.1324
MPSORL iteration: 400/1000 - Best fitness: 12393.856
MPSORL iteration: 300/1000 - Best fitness: 12566.5149
MPSORL iteration: 650/1000 - Best fitness: 12580.4819
MPSORL iteration: 350/1000 - Best fitness: 12795.5664
MPSORL iteration: 850/1000 - Best fitness: 12229.7807
MPSORL iteration: 350/1000 - Best fitness: 12578.2772
MPSORL iteration: 300/1000 - Best fitness: 12603.1905
MPSORL iteration: 350/1000 - Best fitness: 12316.4066
MPSORL iteration: 400/1000 - Best fitness: 12337.2561
MPSORL iteration: 350/1000 - Best fitness: 12317.66
MPSORL iteration: 350/1000 - Best fitness: 12348.3535
Traditional PSO iteration: 700/1000 - Best fitness: 12389.4404
MPSORL iteration: 350/1000 - Best fitness: 12554.9824
MPSORL iteration: 400/1000 - Best fitness: 12356.1823
MPSORL iteration: 400/1000 - Best fitness: 12285.2343
MPSORL iteration: 350/1000 - Best fitness: 12345.4952
MPSORL iteration: 450/1000 - Best fitness: 12379.1123
MPSORL iteration: 400/1000 - Best fitness: 12768.9798
MPSORL iteration: 700/1000 - Best fitness: 12580.4399
MPSORL iteration: 900/1000 - Best fitness: 12229.7556
MPSORL iteration: 400/1000 - Best fitness: 12572.6343
MPSORL iteration: 350/1000 - Best fitness: 12593.1468
MPSORL iteration: 400/1000 - Best fitness: 12296.5246
MPSORL iteration: 450/1000 - Best fitness: 12336.9272
MPSORL iteration: 400/1000 - Best fitness: 12476.8608
MPSORL iteration: 400/1000 - Best fitness: 12310.4514
MPSORL iteration: 400/1000 - Best fitness: 12345.8051
MPSORL iteration: 450/1000 - Best fitness: 12284.6416
MPSORL iteration: 450/1000 - Best fitness: 12347.5499
MPSORL iteration: 400/1000 - Best fitness: 12278.6954
Traditional PSO iteration: 500/1000 - Best fitness: 12278.3018
MPSORL iteration: 500/1000 - Best fitness: 12375.9902
MPSORL iteration: 750/1000 - Best fitness: 12580.4378
MPSORL iteration: 450/1000 - Best fitness: 12761.0798
MPSORL iteration: 950/1000 - Best fitness: 12229.7501
MPSORL iteration: 450/1000 - Best fitness: 12571.9432
MPSORL iteration: 400/1000 - Best fitness: 12590.5549
Traditional PSO iteration: 750/1000 - Best fitness: 12241.5645
Traditional PSO iteration: 700/1000 - Best fitness: 12260.1702
MPSORL iteration: 500/1000 - Best fitness: 12336.6272
MPSORL iteration: 450/1000 - Best fitness: 12295.4493
MPSORL iteration: 450/1000 - Best fitness: 12306.2323
MPSORL iteration: 450/1000 - Best fitness: 12341.7324
MPSORL iteration: 450/1000 - Best fitness: 12388.8584
MPSORL iteration: 500/1000 - Best fitness: 12284.2872
MPSORL iteration: 500/1000 - Best fitness: 12331.1032
MPSORL iteration: 550/1000 - Best fitness: 12375.4012
MPSORL iteration: 450/1000 - Best fitness: 12276.5094
MPSORL iteration: 500/1000 - Best fitness: 12749.1634
MPSORL iteration: 800/1000 - Best fitness: 12580.4377
PSO-LDIW iteration: 50/1000 - Best fitness: 13369.2108 - w=0.875, c1=1.5, c2=1.5
Traditional PSO iteration: 550/1000 - Best fitness: 12298.3051
MPSORL iteration: 1000/1000 - Best fitness: 12229.7479
MPSORL completed with final fitness: 12229.7479

========== Planning Complete ==========
Algorithm: MPSORL
Execution time: 166.9251 seconds
Path length: 339.5694 units
Waypoints: 7
Best fitness: 12229.7479
========================================


========== Direct Global Planning ==========
Algorithm: RRSACPSO
Start: [0.0, 0.0, 10.0]
Goal:  [200.0, 200.0, 10.0]
============================================


╔══════════════════════════════════════════════════════════╗
║              RRSACPSO Global Path Planning              ║
╚══════════════════════════════════════════════════════════╝

MPSORL iteration: 500/1000 - Best fitness: 12562.6885
MPSORL iteration: 450/1000 - Best fitness: 12581.4564

[Episode 1/1] Starting training...
  Config: mode=online, episodes=1, iterations=1000, popSize=100
MPSORL iteration: 500/1000 - Best fitness: 12295.1131
MPSORL iteration: 550/1000 - Best fitness: 12336.1362
MPSORL iteration: 500/1000 - Best fitness: 12305.7676
MPSORL iteration: 500/1000 - Best fitness: 12340.271
MPSORL iteration: 550/1000 - Best fitness: 12284.2732
MPSORL iteration: 550/1000 - Best fitness: 12327.7704
MPSORL iteration: 500/1000 - Best fitness: 12385.6635
MPSORL iteration: 500/1000 - Best fitness: 12240.1078
MPSORL iteration: 600/1000 - Best fitness: 12372.9687
PSO-LDIW iteration: 150/1000 - Best fitness: 12475.799 - w=0.825, c1=1.5, c2=1.5
MPSORL iteration: 550/1000 - Best fitness: 12747.151
MPSORL iteration: 850/1000 - Best fitness: 12580.4377
Traditional PSO iteration: 550/1000 - Best fitness: 12266.5429
Traditional PSO iteration: 550/1000 - Best fitness: 12650.916
MPSORL iteration: 550/1000 - Best fitness: 12549.231
MPSORL iteration: 500/1000 - Best fitness: 12553.4771
MPSORL iteration: 550/1000 - Best fitness: 12295.0715
MPSORL iteration: 600/1000 - Best fitness: 12334.5595
      [Iter  50] Action stats: mean=-0.2987±0.5297 [-0.9911-0.6393]
  [Iter  50/1000] Best: 12748.5095 | Alpha: 0.2000
MPSORL iteration: 550/1000 - Best fitness: 12385.3238
MPSORL iteration: 550/1000 - Best fitness: 12305.6634
MPSORL iteration: 550/1000 - Best fitness: 12340.024
MPSORL iteration: 600/1000 - Best fitness: 12284.249
MPSORL iteration: 600/1000 - Best fitness: 12327.4588
MPSORL iteration: 550/1000 - Best fitness: 12236.0034
MPSORL iteration: 650/1000 - Best fitness: 12372.6024
MPSORL iteration: 900/1000 - Best fitness: 12580.4376
MPSORL iteration: 600/1000 - Best fitness: 12744.546
Traditional PSO iteration: 600/1000 - Best fitness: 12437.5171
PSO-LDIW iteration: 150/1000 - Best fitness: 12866.6571 - w=0.825, c1=1.5, c2=1.5
MPSORL iteration: 600/1000 - Best fitness: 12548.9589
MPSORL iteration: 550/1000 - Best fitness: 12526.969
MPSORL iteration: 650/1000 - Best fitness: 12334.2647
MPSORL iteration: 600/1000 - Best fitness: 12294.9837
      [Iter 100] Action stats: mean=-0.1808±0.5948 [-0.8439-0.6432]
      [Iter 100] Fitness: current=12657.4507, best=12657.4507, diversity=10.422926
      [Iter 100] Reward: -1.0000
  [Iter 100/1000] Best: 12657.4507 | Alpha: 0.2000
MPSORL iteration: 600/1000 - Best fitness: 12380.4371
MPSORL iteration: 600/1000 - Best fitness: 12305.661
MPSORL iteration: 600/1000 - Best fitness: 12339.9367
MPSORL iteration: 650/1000 - Best fitness: 12282.3089
MPSORL iteration: 650/1000 - Best fitness: 12309.9087
MPSORL iteration: 600/1000 - Best fitness: 12235.3923
MPSORL iteration: 700/1000 - Best fitness: 12372.3001
MPSORL iteration: 650/1000 - Best fitness: 12743.2135
MPSORL iteration: 950/1000 - Best fitness: 12580.4376
MPSORL iteration: 650/1000 - Best fitness: 12490.8528
MPSORL iteration: 600/1000 - Best fitness: 12525.3459
Traditional PSO iteration: 750/1000 - Best fitness: 12389.4323
MPSORL iteration: 700/1000 - Best fitness: 12334.0169
MPSORL iteration: 650/1000 - Best fitness: 12294.8525
MPSORL iteration: 650/1000 - Best fitness: 12378.5901
MPSORL iteration: 650/1000 - Best fitness: 12305.6608
MPSORL iteration: 650/1000 - Best fitness: 12339.9251
MPSORL iteration: 700/1000 - Best fitness: 12308.969
MPSORL iteration: 700/1000 - Best fitness: 12275.1076
Traditional PSO iteration: 600/1000 - Best fitness: 12320.5869
MPSORL iteration: 650/1000 - Best fitness: 12220.3021
MPSORL iteration: 750/1000 - Best fitness: 12372.0626
MPSORL iteration: 1000/1000 - Best fitness: 12580.4376
MPSORL completed with final fitness: 12580.4376

========== Planning Complete ==========
Algorithm: MPSORL
Execution time: 162.6001 seconds
Path length: 298.0079 units
Waypoints: 7
Best fitness: 12580.4376
========================================


========== Direct Global Planning ==========
Algorithm: RRSACPSO
Start: [0.0, 0.0, 10.0]
Goal:  [200.0, 200.0, 10.0]
============================================


╔══════════════════════════════════════════════════════════╗
║              RRSACPSO Global Path Planning              ║
╚══════════════════════════════════════════════════════════╝

MPSORL iteration: 700/1000 - Best fitness: 12693.4173

[Episode 1/1] Starting training...
  Config: mode=online, episodes=1, iterations=1000, popSize=100
MPSORL iteration: 700/1000 - Best fitness: 12461.9035
MPSORL iteration: 650/1000 - Best fitness: 12524.666
MPSORL iteration: 750/1000 - Best fitness: 12333.9695
      [Iter 150] Action stats: mean=0.2634±0.7460 [-0.9160-0.9529]
MPSORL iteration: 700/1000 - Best fitness: 12294.7126
  [Iter 150/1000] Best: 12592.8119 | Alpha: 0.1986
MPSORL iteration: 700/1000 - Best fitness: 12378.1021
MPSORL iteration: 700/1000 - Best fitness: 12339.9188
MPSORL iteration: 700/1000 - Best fitness: 12305.6584
MPSORL iteration: 750/1000 - Best fitness: 12304.7417
MPSORL iteration: 750/1000 - Best fitness: 12274.8654
MPSORL iteration: 700/1000 - Best fitness: 12219.1178
MPSORL iteration: 800/1000 - Best fitness: 12371.9847
MPSORL iteration: 750/1000 - Best fitness: 12692.5995
MPSORL iteration: 750/1000 - Best fitness: 12407.4097
      [Iter  50] Action stats: mean=0.1127±0.5350 [-0.6061-0.9445]
  [Iter  50/1000] Best: 13437.3365 | Alpha: 0.2000
PSO-LDIW iteration: 200/1000 - Best fitness: 12456.1222 - w=0.8, c1=1.5, c2=1.5
Traditional PSO iteration: 800/1000 - Best fitness: 12241.5139
MPSORL iteration: 700/1000 - Best fitness: 12524.3521
MPSORL iteration: 750/1000 - Best fitness: 12288.2307
MPSORL iteration: 800/1000 - Best fitness: 12333.9383
MPSORL iteration: 750/1000 - Best fitness: 12378.0841
MPSORL iteration: 750/1000 - Best fitness: 12339.9182
MPSORL iteration: 800/1000 - Best fitness: 12274.614
MPSORL iteration: 800/1000 - Best fitness: 12303.988
MPSORL iteration: 750/1000 - Best fitness: 12305.6583
MPSORL iteration: 750/1000 - Best fitness: 12219.0957
MPSORL iteration: 850/1000 - Best fitness: 12371.9811
Traditional PSO iteration: 600/1000 - Best fitness: 12629.3642
PSO-LDIW iteration: 100/1000 - Best fitness: 13292.9386 - w=0.85, c1=1.5, c2=1.5
MPSORL iteration: 800/1000 - Best fitness: 12692.5581
MPSORL iteration: 800/1000 - Best fitness: 12404.131
MPSORL iteration: 750/1000 - Best fitness: 12523.1717
      [Iter 100] Action stats: mean=0.3613±0.5777 [-0.6816-0.9891]
      [Iter 100] Fitness: current=12970.2430, best=12970.2430, diversity=11.553116
      [Iter 100] Reward: -1.0000
  [Iter 100/1000] Best: 12970.2430 | Alpha: 0.2000
MPSORL iteration: 800/1000 - Best fitness: 12281.6031
MPSORL iteration: 850/1000 - Best fitness: 12333.9378
      [Iter 200] Action stats: mean=-0.0066±0.7390 [-0.9670-0.9122]
      [Iter 200] Fitness: current=12577.7547, best=12577.7547, diversity=7.163277
      [Iter 200] Reward: -1.0000
  [Iter 200/1000] Best: 12577.7547 | Alpha: 0.1957
MPSORL iteration: 800/1000 - Best fitness: 12378.0669
MPSORL iteration: 800/1000 - Best fitness: 12339.9182
MPSORL iteration: 850/1000 - Best fitness: 12303.0608
MPSORL iteration: 850/1000 - Best fitness: 12274.2739
Traditional PSO iteration: 750/1000 - Best fitness: 12236.5946
MPSORL iteration: 800/1000 - Best fitness: 12305.6583
MPSORL iteration: 800/1000 - Best fitness: 12219.0914
MPSORL iteration: 900/1000 - Best fitness: 12371.9802
Traditional PSO iteration: 500/1000 - Best fitness: 12617.7489
Traditional PSO iteration: 550/1000 - Best fitness: 12545.542
MPSORL iteration: 850/1000 - Best fitness: 12691.9511
MPSORL iteration: 850/1000 - Best fitness: 12403.9077
MPSORL iteration: 800/1000 - Best fitness: 12521.3633
MPSORL iteration: 850/1000 - Best fitness: 12281.4107
MPSORL iteration: 900/1000 - Best fitness: 12333.9376
MPSORL iteration: 850/1000 - Best fitness: 12378.0609
MPSORL iteration: 900/1000 - Best fitness: 12262.104
MPSORL iteration: 850/1000 - Best fitness: 12339.8068
MPSORL iteration: 900/1000 - Best fitness: 12303.0448
MPSORL iteration: 850/1000 - Best fitness: 12305.6583
MPSORL iteration: 850/1000 - Best fitness: 12219.0914
MPSORL iteration: 950/1000 - Best fitness: 12371.9778
MPSORL iteration: 900/1000 - Best fitness: 12691.8913
      [Iter 250] Action stats: mean=-0.3711±0.5260 [-0.9737-0.3175]
MPSORL iteration: 900/1000 - Best fitness: 12403.9052
  [Iter 250/1000] Best: 12539.7886 | Alpha: 0.1928
      [Iter 150] Action stats: mean=0.0591±0.6881 [-0.9360-0.8998]
MPSORL iteration: 850/1000 - Best fitness: 12521.3083
  [Iter 150/1000] Best: 12780.0230 | Alpha: 0.1986
MPSORL iteration: 900/1000 - Best fitness: 12280.6002
MPSORL iteration: 950/1000 - Best fitness: 12333.932
MPSORL iteration: 900/1000 - Best fitness: 12377.9612
MPSORL iteration: 900/1000 - Best fitness: 12305.6583
MPSORL iteration: 900/1000 - Best fitness: 12339.8039
MPSORL iteration: 950/1000 - Best fitness: 12257.8241
MPSORL iteration: 950/1000 - Best fitness: 12303.0357
MPSORL iteration: 900/1000 - Best fitness: 12219.0755
MPSORL iteration: 1000/1000 - Best fitness: 12371.9767
MPSORL completed with final fitness: 12371.9767

========== Planning Complete ==========
Algorithm: MPSORL
Execution time: 161.8487 seconds
Path length: 328.5022 units
Waypoints: 7
Best fitness: 12371.9767
========================================


========== Direct Global Planning ==========
Algorithm: RRSACPSO
Start: [0.0, 0.0, 10.0]
Goal:  [200.0, 200.0, 10.0]
============================================


╔══════════════════════════════════════════════════════════╗
║              RRSACPSO Global Path Planning              ║
╚══════════════════════════════════════════════════════════╝

PSO-LDIW iteration: 200/1000 - Best fitness: 12627.8215 - w=0.8, c1=1.5, c2=1.5
MPSORL iteration: 950/1000 - Best fitness: 12691.8808

[Episode 1/1] Starting training...
  Config: mode=online, episodes=1, iterations=1000, popSize=100
MPSORL iteration: 950/1000 - Best fitness: 12403.7445
Traditional PSO iteration: 800/1000 - Best fitness: 12389.4148
MPSORL iteration: 900/1000 - Best fitness: 12521.2938
Traditional PSO iteration: 550/1000 - Best fitness: 12278.3012
MPSORL iteration: 950/1000 - Best fitness: 12262.6708
MPSORL iteration: 1000/1000 - Best fitness: 12333.9317
MPSORL completed with final fitness: 12333.9317

========== Planning Complete ==========
Algorithm: MPSORL
Execution time: 161.4593 seconds
Path length: 323.7649 units
Waypoints: 7
Best fitness: 12333.9317
========================================


========== Direct Global Planning ==========
Algorithm: RRSACPSO
Start: [0.0, 0.0, 10.0]
Goal:  [200.0, 200.0, 10.0]
============================================


╔══════════════════════════════════════════════════════════╗
║              RRSACPSO Global Path Planning              ║
╚══════════════════════════════════════════════════════════╝

MPSORL iteration: 950/1000 - Best fitness: 12377.9195
Traditional PSO iteration: 600/1000 - Best fitness: 12298.3023

[Episode 1/1] Starting training...
  Config: mode=online, episodes=1, iterations=1000, popSize=100
MPSORL iteration: 950/1000 - Best fitness: 12339.8038
MPSORL iteration: 950/1000 - Best fitness: 12305.6583
MPSORL iteration: 1000/1000 - Best fitness: 12257.0523
MPSORL completed with final fitness: 12257.0523

========== Planning Complete ==========
Algorithm: MPSORL
Execution time: 161.0350 seconds
Path length: 322.1789 units
Waypoints: 7
Best fitness: 12257.0523
========================================


========== Direct Global Planning ==========
Algorithm: RRSACPSO
Start: [0.0, 0.0, 10.0]
Goal:  [200.0, 200.0, 10.0]
============================================


╔══════════════════════════════════════════════════════════╗
║              RRSACPSO Global Path Planning              ║
╚══════════════════════════════════════════════════════════╝

MPSORL iteration: 1000/1000 - Best fitness: 12303.0248
MPSORL completed with final fitness: 12303.0248

========== Planning Complete ==========
Algorithm: MPSORL
Execution time: 161.0864 seconds
Path length: 293.6539 units
Waypoints: 7
Best fitness: 12303.0248
========================================


========== Direct Global Planning ==========
Algorithm: RRSACPSO
Start: [0.0, 0.0, 10.0]
Goal:  [200.0, 200.0, 10.0]
============================================


╔══════════════════════════════════════════════════════════╗
║              RRSACPSO Global Path Planning              ║
╚══════════════════════════════════════════════════════════╝

MPSORL iteration: 950/1000 - Best fitness: 12219.0755
      [Iter 300] Action stats: mean=-0.4078±0.6743 [-0.9970-0.9873]

[Episode 1/1] Starting training...
  Config: mode=online, episodes=1, iterations=1000, popSize=100
Traditional PSO iteration: 650/1000 - Best fitness: 12595.7512
MPSORL iteration: 1000/1000 - Best fitness: 12691.6587
MPSORL completed with final fitness: 12691.6587

========== Planning Complete ==========
Algorithm: MPSORL
Execution time: 161.3268 seconds
Path length: 300.6753 units
Waypoints: 7
Best fitness: 12691.6587
========================================


========== Direct Global Planning ==========
Algorithm: RRSACPSO
Start: [0.0, 0.0, 10.0]
Goal:  [200.0, 200.0, 10.0]
============================================


╔══════════════════════════════════════════════════════════╗
║              RRSACPSO Global Path Planning              ║
╚══════════════════════════════════════════════════════════╝

      [Iter 300] Fitness: current=12523.9037, best=12523.9037, diversity=5.883259
      [Iter 300] Reward: -1.0000
  [Iter 300/1000] Best: 12523.9037 | Alpha: 0.1899

[Episode 1/1] Starting training...
  Config: mode=online, episodes=1, iterations=1000, popSize=100
Traditional PSO iteration: 600/1000 - Best fitness: 12266.4985

[Episode 1/1] Starting training...
  Config: mode=online, episodes=1, iterations=1000, popSize=100
MPSORL iteration: 1000/1000 - Best fitness: 12403.7348
MPSORL completed with final fitness: 12403.7348

========== Planning Complete ==========
Algorithm: MPSORL
Execution time: 160.8898 seconds
Path length: 303.2851 units
Waypoints: 7
Best fitness: 12403.7348
========================================


========== Direct Global Planning ==========
Algorithm: RRSACPSO
Start: [0.0, 0.0, 10.0]
Goal:  [200.0, 200.0, 10.0]
============================================


╔══════════════════════════════════════════════════════════╗
║              RRSACPSO Global Path Planning              ║
╚══════════════════════════════════════════════════════════╝

      [Iter  50] Action stats: mean=-0.1361±0.6654 [-0.9942-0.7215]
      [Iter 200] Action stats: mean=-0.0995±0.7232 [-0.8322-0.9153]
  [Iter  50/1000] Best: 12655.8764 | Alpha: 0.2000
      [Iter 200] Fitness: current=12673.3979, best=12673.3979, diversity=8.245055
      [Iter 200] Reward: 1.0000
  [Iter 200/1000] Best: 12673.3979 | Alpha: 0.1957
PSO-LDIW iteration: 250/1000 - Best fitness: 12357.057 - w=0.775, c1=1.5, c2=1.5

[Episode 1/1] Starting training...
  Config: mode=online, episodes=1, iterations=1000, popSize=100
MPSORL iteration: 950/1000 - Best fitness: 12521.0881
MPSORL iteration: 1000/1000 - Best fitness: 12261.9164
MPSORL completed with final fitness: 12261.9164

========== Planning Complete ==========
Algorithm: MPSORL
Execution time: 161.2531 seconds
Path length: 316.2137 units
Waypoints: 7
Best fitness: 12261.9164
========================================


========== Direct Global Planning ==========
Algorithm: RRSACPSO
Start: [0.0, 0.0, 10.0]
Goal:  [200.0, 200.0, 10.0]
============================================


╔══════════════════════════════════════════════════════════╗
║              RRSACPSO Global Path Planning              ║
╚══════════════════════════════════════════════════════════╝

MPSORL iteration: 1000/1000 - Best fitness: 12377.8102
MPSORL completed with final fitness: 12377.8102

========== Planning Complete ==========
Algorithm: MPSORL
Execution time: 160.7610 seconds
Path length: 352.9017 units
Waypoints: 7
Best fitness: 12377.8102
========================================


========== Direct Global Planning ==========
Algorithm: RRSACPSO
Start: [0.0, 0.0, 10.0]
Goal:  [200.0, 200.0, 10.0]
============================================


╔══════════════════════════════════════════════════════════╗
║              RRSACPSO Global Path Planning              ║
╚══════════════════════════════════════════════════════════╝

MPSORL iteration: 1000/1000 - Best fitness: 12339.8037
MPSORL completed with final fitness: 12339.8037

========== Planning Complete ==========
Algorithm: MPSORL
Execution time: 162.7001 seconds
Path length: 327.2774 units
Waypoints: 7
Best fitness: 12339.8037
========================================


[Episode 1/1] Starting training...
  Config: mode=online, episodes=1, iterations=1000, popSize=100

========== Direct Global Planning ==========
Algorithm: RRSACPSO
Start: [0.0, 0.0, 10.0]
Goal:  [200.0, 200.0, 10.0]
============================================


╔══════════════════════════════════════════════════════════╗
║              RRSACPSO Global Path Planning              ║
╚══════════════════════════════════════════════════════════╝

MPSORL iteration: 1000/1000 - Best fitness: 12305.6583
MPSORL completed with final fitness: 12305.6583

========== Planning Complete ==========
Algorithm: MPSORL
Execution time: 163.1587 seconds
Path length: 294.6759 units
Waypoints: 7
Best fitness: 12305.6583
========================================


========== Direct Global Planning ==========
Algorithm: RRSACPSO
Start: [0.0, 0.0, 10.0]
Goal:  [200.0, 200.0, 10.0]
============================================


╔══════════════════════════════════════════════════════════╗
║              RRSACPSO Global Path Planning              ║
╚══════════════════════════════════════════════════════════╝


[Episode 1/1] Starting training...
  Config: mode=online, episodes=1, iterations=1000, popSize=100
MPSORL iteration: 1000/1000 - Best fitness: 12219.0754
MPSORL completed with final fitness: 12219.0754

========== Planning Complete ==========
Algorithm: MPSORL
Execution time: 163.8116 seconds
Path length: 293.5956 units
Waypoints: 7
Best fitness: 12219.0754
========================================


========== Direct Global Planning ==========
Algorithm: RRSACPSO
Start: [0.0, 0.0, 10.0]
Goal:  [200.0, 200.0, 10.0]
============================================


[Episode 1/1] Starting training...
  Config: mode=online, episodes=1, iterations=1000, popSize=100
      [Iter  50] Action stats: mean=-0.1972±0.6741 [-0.9633-0.8183]
  [Iter  50/1000] Best: 13038.5719 | Alpha: 0.2000

╔══════════════════════════════════════════════════════════╗
║              RRSACPSO Global Path Planning              ║
╚══════════════════════════════════════════════════════════╝


[Episode 1/1] Starting training...
  Config: mode=online, episodes=1, iterations=1000, popSize=100

[Episode 1/1] Starting training...
  Config: mode=online, episodes=1, iterations=1000, popSize=100
      [Iter  50] Action stats: mean=-0.2530±0.7119 [-0.9508-0.9619]
  [Iter  50/1000] Best: 13025.5990 | Alpha: 0.2000
      [Iter  50] Action stats: mean=-0.1035±0.7926 [-0.9627-0.9932]
  [Iter  50/1000] Best: 13332.4514 | Alpha: 0.2000
      [Iter 100] Action stats: mean=-0.2803±0.5771 [-0.9633-0.7211]
      [Iter 100] Fitness: current=12601.0274, best=12601.0274, diversity=9.347409
      [Iter 100] Reward: -1.0000
  [Iter 100/1000] Best: 12601.0274 | Alpha: 0.2000
Traditional PSO iteration: 850/1000 - Best fitness: 12241.499
      [Iter  50] Action stats: mean=-0.1552±0.7775 [-0.8888-0.9588]
  [Iter  50/1000] Best: 12919.0654 | Alpha: 0.2000
MPSORL iteration: 1000/1000 - Best fitness: 12521.0764
MPSORL completed with final fitness: 12521.0764

========== Planning Complete ==========
Algorithm: MPSORL
Execution time: 165.2684 seconds
Path length: 303.0484 units
Waypoints: 7
Best fitness: 12521.0764
========================================


========== Direct Global Planning ==========
Algorithm: RRSACPSO
Start: [0.0, 0.0, 10.0]
Goal:  [200.0, 200.0, 10.0]
============================================


╔══════════════════════════════════════════════════════════╗
║              RRSACPSO Global Path Planning              ║
╚══════════════════════════════════════════════════════════╝

Traditional PSO iteration: 650/1000 - Best fitness: 12437.5168
      [Iter  50] Action stats: mean=0.2561±0.7382 [-0.7123-0.9919]

[Episode 1/1] Starting training...
  Config: mode=online, episodes=1, iterations=1000, popSize=100
  [Iter  50/1000] Best: 13393.8208 | Alpha: 0.2000
      [Iter 350] Action stats: mean=-0.3597±0.5194 [-0.9684-0.7913]
  [Iter 350/1000] Best: 12464.8377 | Alpha: 0.1871
      [Iter  50] Action stats: mean=0.1874±0.6260 [-0.5842-0.9888]
Traditional PSO iteration: 650/1000 - Best fitness: 12320.5868
  [Iter  50/1000] Best: 12655.9589 | Alpha: 0.2000
      [Iter 100] Action stats: mean=0.0897±0.7399 [-0.9390-0.9982]
      [Iter 100] Fitness: current=12636.5877, best=12636.5877, diversity=11.325055
      [Iter 100] Reward: 1.0000
  [Iter 100/1000] Best: 12636.5877 | Alpha: 0.2000
      [Iter  50] Action stats: mean=0.2651±0.7093 [-0.8342-0.8982]
      [Iter 250] Action stats: mean=-0.0695±0.5103 [-0.9649-0.7240]
  [Iter  50/1000] Best: 12869.1277 | Alpha: 0.2000
  [Iter 250/1000] Best: 12613.1970 | Alpha: 0.1928
      [Iter  50] Action stats: mean=0.1019±0.5045 [-0.8349-0.6800]
  [Iter  50/1000] Best: 13053.8383 | Alpha: 0.2000
      [Iter  50] Action stats: mean=-0.1491±0.5768 [-0.9888-0.5365]
      [Iter 100] Action stats: mean=-0.0975±0.4753 [-0.7622-0.6395]
  [Iter  50/1000] Best: 13494.2554 | Alpha: 0.2000
      [Iter 100] Fitness: current=12715.2597, best=12715.2597, diversity=9.545321
      [Iter 100] Reward: -1.0000
  [Iter 100/1000] Best: 12715.2597 | Alpha: 0.2000
      [Iter 100] Action stats: mean=0.1767±0.5315 [-0.5895-0.9363]
      [Iter 100] Fitness: current=12955.5734, best=12955.5734, diversity=10.668429
      [Iter 100] Reward: -1.0000
  [Iter 100/1000] Best: 12955.5734 | Alpha: 0.2000
      [Iter  50] Action stats: mean=0.3206±0.5001 [-0.4739-0.8307]
  [Iter  50/1000] Best: 12881.7232 | Alpha: 0.2000
      [Iter 100] Action stats: mean=-0.1556±0.7932 [-0.8972-0.9609]
      [Iter 100] Fitness: current=12819.7518, best=12819.7518, diversity=11.509158
      [Iter 100] Reward: -1.0000
  [Iter 100/1000] Best: 12819.7518 | Alpha: 0.2000
PSO-LDIW iteration: 150/1000 - Best fitness: 13256.6539 - w=0.825, c1=1.5, c2=1.5
      [Iter 100] Action stats: mean=-0.0504±0.6554 [-0.9861-0.9076]
      [Iter 100] Fitness: current=13236.5569, best=13236.5569, diversity=12.159047
      [Iter 100] Reward: -1.0000
  [Iter 100/1000] Best: 13236.5569 | Alpha: 0.2000
      [Iter  50] Action stats: mean=0.1182±0.6976 [-0.7028-0.9812]
  [Iter  50/1000] Best: 12868.8227 | Alpha: 0.2000
      [Iter 100] Action stats: mean=-0.0676±0.6184 [-0.9685-0.8888]
      [Iter 100] Fitness: current=12417.2078, best=12417.2078, diversity=10.363173
      [Iter 100] Reward: 1.0000
  [Iter 100/1000] Best: 12417.2078 | Alpha: 0.2000
      [Iter 100] Action stats: mean=0.0023±0.6399 [-0.9856-0.9075]
      [Iter 100] Fitness: current=12623.9508, best=12623.9508, diversity=7.940052
      [Iter 100] Reward: 1.0000
  [Iter 100/1000] Best: 12623.9508 | Alpha: 0.2000
      [Iter 150] Action stats: mean=0.1593±0.7142 [-0.8157-0.9007]
  [Iter 150/1000] Best: 12512.2327 | Alpha: 0.1986
      [Iter 100] Action stats: mean=0.0956±0.7101 [-0.9397-0.9279]
      [Iter 100] Action stats: mean=0.0055±0.5582 [-0.8251-0.7207]
      [Iter 100] Fitness: current=12934.7901, best=12934.7901, diversity=12.400615
      [Iter 100] Reward: -1.0000
  [Iter 100/1000] Best: 12934.7901 | Alpha: 0.2000
      [Iter 100] Fitness: current=13159.3764, best=13159.3764, diversity=13.848758
      [Iter 100] Reward: -1.0000
  [Iter 100/1000] Best: 13159.3764 | Alpha: 0.2000
      [Iter 100] Action stats: mean=0.1098±0.5778 [-0.9807-0.6737]
      [Iter 100] Fitness: current=12833.5110, best=12833.5110, diversity=10.144161
      [Iter 100] Reward: -1.0000
  [Iter 100/1000] Best: 12833.5110 | Alpha: 0.2000
      [Iter 400] Action stats: mean=-0.3108±0.6715 [-0.9853-0.7775]
      [Iter 400] Fitness: current=12464.4531, best=12464.4531, diversity=4.454452
      [Iter 400] Reward: -1.0000
  [Iter 400/1000] Best: 12464.4531 | Alpha: 0.1843
Traditional PSO iteration: 700/1000 - Best fitness: 12590.5762
      [Iter 300] Action stats: mean=-0.1274±0.7013 [-0.9545-0.6801]
      [Iter 300] Fitness: current=12599.0245, best=12599.0245, diversity=5.892316
      [Iter 300] Reward: -1.0000
      [Iter 150] Action stats: mean=0.0348±0.7157 [-0.9615-0.9214]
  [Iter 300/1000] Best: 12599.0245 | Alpha: 0.1899
  [Iter 150/1000] Best: 12598.0110 | Alpha: 0.1986
      [Iter 100] Action stats: mean=-0.0897±0.6264 [-0.9305-0.8997]
      [Iter 100] Fitness: current=12695.9941, best=12695.9941, diversity=6.796203
      [Iter 100] Reward: -1.0000
  [Iter 100/1000] Best: 12695.9941 | Alpha: 0.2000
      [Iter 150] Action stats: mean=-0.3884±0.5158 [-0.9356-0.4944]
  [Iter 150/1000] Best: 12637.6223 | Alpha: 0.1986
Traditional PSO iteration: 800/1000 - Best fitness: 12233.0821
      [Iter 150] Action stats: mean=-0.0103±0.6178 [-0.8156-0.9290]
  [Iter 150/1000] Best: 12783.1454 | Alpha: 0.1986
      [Iter 150] Action stats: mean=0.0584±0.7707 [-0.9872-0.9775]
  [Iter 150/1000] Best: 12800.6789 | Alpha: 0.1986
      [Iter 150] Action stats: mean=-0.1813±0.5898 [-0.8876-0.6880]
  [Iter 150/1000] Best: 13106.0374 | Alpha: 0.1986
      [Iter 150] Action stats: mean=0.1591±0.5428 [-0.7275-0.8888]
  [Iter 150/1000] Best: 12389.8338 | Alpha: 0.1986
      [Iter 150] Action stats: mean=-0.3006±0.7430 [-0.9783-0.9884]
  [Iter 150/1000] Best: 12623.9508 | Alpha: 0.1986
      [Iter 150] Action stats: mean=-0.2079±0.6812 [-0.8585-0.8451]
      [Iter 150] Action stats: mean=0.0147±0.6869 [-0.9439-0.9783]
  [Iter 150/1000] Best: 12755.3833 | Alpha: 0.1986
      [Iter 150] Action stats: mean=-0.3270±0.3532 [-0.9469-0.2390]
  [Iter 150/1000] Best: 12831.2180 | Alpha: 0.1986
      [Iter 200] Action stats: mean=0.3807±0.5442 [-0.7811-0.9695]
      [Iter 450] Action stats: mean=-0.0202±0.7913 [-0.9773-0.9853]
      [Iter 200] Fitness: current=12506.4151, best=12506.4151, diversity=8.347892
      [Iter 200] Reward: -1.0000
  [Iter 200/1000] Best: 12506.4151 | Alpha: 0.1957
Traditional PSO iteration: 850/1000 - Best fitness: 12389.398
  [Iter 450/1000] Best: 12437.4083 | Alpha: 0.1815
  [Iter 150/1000] Best: 12760.7385 | Alpha: 0.1986
      [Iter 350] Action stats: mean=0.0719±0.5712 [-0.7313-0.9754]
  [Iter 350/1000] Best: 12584.4595 | Alpha: 0.1871
      [Iter 150] Action stats: mean=0.2760±0.5516 [-0.8328-0.8075]
  [Iter 150/1000] Best: 12660.8278 | Alpha: 0.1986
      [Iter 200] Action stats: mean=0.2067±0.6942 [-0.9588-0.9978]
      [Iter 200] Fitness: current=12589.2688, best=12589.2688, diversity=7.083919
      [Iter 200] Reward: -1.0000
PSO-LDIW iteration: 250/1000 - Best fitness: 12550.932 - w=0.775, c1=1.5, c2=1.5
  [Iter 200/1000] Best: 12589.2688 | Alpha: 0.1957
      [Iter 200] Action stats: mean=-0.0554±0.4950 [-0.6813-0.7007]
      [Iter 200] Fitness: current=12633.0598, best=12633.0598, diversity=8.290784
      [Iter 200] Reward: 1.0000
  [Iter 200/1000] Best: 12633.0598 | Alpha: 0.1957
      [Iter 200] Action stats: mean=-0.1238±0.7684 [-0.9841-0.9072]
      [Iter 200] Fitness: current=12608.8453, best=12608.8453, diversity=9.294740
      [Iter 200] Reward: -1.0000
  [Iter 200/1000] Best: 12608.8453 | Alpha: 0.1957
PSO-LDIW iteration: 300/1000 - Best fitness: 12289.4002 - w=0.75, c1=1.5, c2=1.5
      [Iter 200] Action stats: mean=0.0917±0.6139 [-0.9605-0.9949]
      [Iter 200] Fitness: current=12787.8510, best=12787.8510, diversity=9.717394
      [Iter 200] Reward: -1.0000
  [Iter 200/1000] Best: 12787.8510 | Alpha: 0.1957
      [Iter 200] Action stats: mean=0.1924±0.6485 [-0.7673-0.9210]
      [Iter 200] Fitness: current=12746.5591, best=12746.5591, diversity=8.928028
      [Iter 200] Reward: 1.0000
  [Iter 200/1000] Best: 12746.5591 | Alpha: 0.1957
      [Iter 200] Action stats: mean=0.3380±0.5514 [-0.8216-0.8243]
      [Iter 200] Fitness: current=12387.4455, best=12387.4455, diversity=6.863398
      [Iter 200] Reward: -1.0000
  [Iter 200/1000] Best: 12387.4455 | Alpha: 0.1957
      [Iter 500] Action stats: mean=0.2834±0.4974 [-0.6068-0.9669]
      [Iter 500] Fitness: current=12399.5419, best=12399.5419, diversity=6.240867
      [Iter 500] Reward: -1.0000
      [Iter 200] Action stats: mean=-0.1934±0.7700 [-0.9503-0.8435]
  [Iter 500/1000] Best: 12399.5419 | Alpha: 0.1788
      [Iter 200] Fitness: current=12623.9508, best=12623.9508, diversity=8.511487
      [Iter 200] Reward: -1.0000
  [Iter 200/1000] Best: 12623.9508 | Alpha: 0.1957
      [Iter 250] Action stats: mean=-0.1520±0.6633 [-0.9084-0.9341]
      [Iter 200] Action stats: mean=0.1162±0.6918 [-0.8722-0.9681]
      [Iter 200] Fitness: current=12659.7030, best=12659.7030, diversity=8.479728
      [Iter 200] Reward: -1.0000
  [Iter 250/1000] Best: 12506.4151 | Alpha: 0.1928
  [Iter 200/1000] Best: 12659.7030 | Alpha: 0.1957
      [Iter 400] Action stats: mean=-0.1542±0.8252 [-0.9912-0.9563]
      [Iter 400] Fitness: current=12528.6479, best=12528.6479, diversity=3.704985
      [Iter 400] Reward: 1.0000
      [Iter 200] Action stats: mean=0.1354±0.7208 [-0.9672-0.9015]
  [Iter 400/1000] Best: 12528.6479 | Alpha: 0.1843
Traditional PSO iteration: 600/1000 - Best fitness: 12545.542
      [Iter 200] Fitness: current=12748.5018, best=12748.5018, diversity=13.370364
      [Iter 200] Reward: -1.0000
  [Iter 200/1000] Best: 12748.5018 | Alpha: 0.1957
      [Iter 200] Action stats: mean=0.0535±0.6443 [-0.9680-0.9655]
      [Iter 200] Fitness: current=12721.1183, best=12721.1183, diversity=7.440362
      [Iter 200] Reward: -1.0000
  [Iter 200/1000] Best: 12721.1183 | Alpha: 0.1957
Traditional PSO iteration: 900/1000 - Best fitness: 12241.464
      [Iter 250] Action stats: mean=0.0762±0.6842 [-0.9392-0.9741]
  [Iter 250/1000] Best: 12588.0283 | Alpha: 0.1928
Traditional PSO iteration: 550/1000 - Best fitness: 12617.6815
      [Iter 200] Action stats: mean=0.1254±0.5563 [-0.7555-0.7401]
      [Iter 250] Action stats: mean=-0.2379±0.7700 [-0.9743-0.9897]
      [Iter 200] Fitness: current=12636.4787, best=12636.4787, diversity=7.125523
      [Iter 200] Reward: -1.0000
  [Iter 200/1000] Best: 12636.4787 | Alpha: 0.1957
  [Iter 250/1000] Best: 12631.0192 | Alpha: 0.1927
      [Iter 250] Action stats: mean=0.2341±0.7248 [-0.8221-0.9808]
  [Iter 250/1000] Best: 12546.4159 | Alpha: 0.1928
Traditional PSO iteration: 750/1000 - Best fitness: 12589.8454
      [Iter 250] Action stats: mean=-0.3894±0.5465 [-0.9622-0.3797]
  [Iter 250/1000] Best: 12784.4036 | Alpha: 0.1928
      [Iter 250] Action stats: mean=0.1254±0.6083 [-0.9263-0.8958]
  [Iter 250/1000] Best: 12727.0254 | Alpha: 0.1928
      [Iter 250] Action stats: mean=-0.0879±0.7367 [-0.9258-0.9144]
  [Iter 250/1000] Best: 12384.9490 | Alpha: 0.1928
      [Iter 550] Action stats: mean=0.0934±0.7430 [-0.9594-0.9917]
  [Iter 550/1000] Best: 12358.7548 | Alpha: 0.1762
      [Iter 250] Action stats: mean=0.0328±0.6101 [-0.7623-0.8037]
      [Iter 300] Action stats: mean=-0.2014±0.5125 [-0.9140-0.7332]
      [Iter 300] Fitness: current=12506.4151, best=12506.4151, diversity=6.659120
      [Iter 300] Reward: -1.0000
  [Iter 300/1000] Best: 12506.4151 | Alpha: 0.1899
  [Iter 250/1000] Best: 12623.9508 | Alpha: 0.1928
      [Iter 450] Action stats: mean=0.3092±0.6735 [-0.8463-0.9330]
  [Iter 450/1000] Best: 12372.9475 | Alpha: 0.1815
      [Iter 250] Action stats: mean=-0.2414±0.6382 [-0.8631-0.8015]
  [Iter 250/1000] Best: 12608.6925 | Alpha: 0.1928
Traditional PSO iteration: 650/1000 - Best fitness: 12264.5485
      [Iter 250] Action stats: mean=0.0221±0.7030 [-0.8275-0.7806]
      [Iter 250] Action stats: mean=0.0094±0.7283 [-0.9576-0.8852]
  [Iter 250/1000] Best: 12687.8007 | Alpha: 0.1928
Traditional PSO iteration: 650/1000 - Best fitness: 12298.3016
  [Iter 250/1000] Best: 12658.7047 | Alpha: 0.1928
      [Iter 300] Action stats: mean=0.2686±0.6511 [-0.9428-0.9353]
      [Iter 300] Fitness: current=12574.4648, best=12574.4648, diversity=5.954891
      [Iter 300] Reward: -1.0000
  [Iter 300/1000] Best: 12574.4648 | Alpha: 0.1899
      [Iter 300] Action stats: mean=-0.0596±0.7342 [-0.9836-0.9938]
      [Iter 250] Action stats: mean=-0.0737±0.7448 [-0.9257-0.9337]
      [Iter 300] Fitness: current=12629.0049, best=12629.0049, diversity=7.960312
      [Iter 300] Reward: -1.0000
  [Iter 250/1000] Best: 12614.8027 | Alpha: 0.1928
  [Iter 300/1000] Best: 12629.0049 | Alpha: 0.1899
      [Iter 300] Action stats: mean=-0.0558±0.7266 [-0.9491-0.9173]
      [Iter 300] Fitness: current=12546.3836, best=12546.3836, diversity=7.937945
      [Iter 300] Reward: -1.0000
  [Iter 300/1000] Best: 12546.3836 | Alpha: 0.1899
      [Iter 300] Action stats: mean=0.0510±0.7390 [-0.9360-0.8795]
      [Iter 300] Fitness: current=12783.0688, best=12783.0688, diversity=7.892204
      [Iter 300] Reward: 1.0000
  [Iter 300/1000] Best: 12783.0688 | Alpha: 0.1899
Traditional PSO iteration: 600/1000 - Best fitness: 12278.3012
      [Iter 300] Action stats: mean=-0.0153±0.7663 [-0.9764-0.9929]
      [Iter 300] Fitness: current=12717.9087, best=12717.9087, diversity=5.848775
      [Iter 300] Reward: 1.0000
  [Iter 300/1000] Best: 12717.9087 | Alpha: 0.1899
Traditional PSO iteration: 700/1000 - Best fitness: 12320.5868
PSO-LDIW iteration: 200/1000 - Best fitness: 13195.1533 - w=0.8, c1=1.5, c2=1.5
      [Iter 300] Action stats: mean=-0.0728±0.7086 [-0.8960-0.9779]
      [Iter 600] Action stats: mean=-0.0396±0.7068 [-0.8625-0.9217]
      [Iter 600] Fitness: current=12294.2550, best=12294.2550, diversity=3.824668
      [Iter 600] Reward: 1.0000
      [Iter 300] Fitness: current=12368.5317, best=12368.5317, diversity=5.320612
      [Iter 300] Reward: 1.0000
  [Iter 300/1000] Best: 12368.5317 | Alpha: 0.1899
  [Iter 600/1000] Best: 12294.2550 | Alpha: 0.1735
      [Iter 300] Action stats: mean=-0.1017±0.4778 [-0.8667-0.7225]
      [Iter 500] Action stats: mean=-0.0833±0.6738 [-0.9525-0.8953]
      [Iter 350] Action stats: mean=-0.2943±0.5483 [-0.8923-0.7579]
      [Iter 500] Fitness: current=12366.9493, best=12366.9493, diversity=3.983550
      [Iter 500] Reward: 1.0000
  [Iter 500/1000] Best: 12366.9493 | Alpha: 0.1788
      [Iter 300] Fitness: current=12577.8203, best=12577.8203, diversity=5.468836
      [Iter 300] Reward: -1.0000
  [Iter 300/1000] Best: 12577.8203 | Alpha: 0.1899
  [Iter 350/1000] Best: 12455.0224 | Alpha: 0.1871
      [Iter 300] Action stats: mean=-0.2117±0.5650 [-0.9249-0.8728]
      [Iter 300] Fitness: current=12570.9865, best=12570.9865, diversity=6.712399
      [Iter 300] Reward: 1.0000
  [Iter 300/1000] Best: 12570.9865 | Alpha: 0.1899
      [Iter 300] Action stats: mean=0.0053±0.8164 [-0.9956-0.8886]
      [Iter 300] Action stats: mean=-0.1308±0.7085 [-0.9943-0.8582]
      [Iter 300] Fitness: current=12664.7280, best=12664.7280, diversity=13.634293
      [Iter 300] Reward: -1.0000
      [Iter 300] Fitness: current=12629.9023, best=12629.9023, diversity=5.113666
      [Iter 300] Reward: -1.0000
  [Iter 300/1000] Best: 12629.9023 | Alpha: 0.1899
  [Iter 300/1000] Best: 12664.7280 | Alpha: 0.1899
Traditional PSO iteration: 900/1000 - Best fitness: 12389.3966
      [Iter 350] Action stats: mean=0.0870±0.7062 [-0.7993-0.9414]
      [Iter 350] Action stats: mean=-0.0456±0.6610 [-0.6482-0.8112]
  [Iter 350/1000] Best: 12624.1702 | Alpha: 0.1870
Traditional PSO iteration: 700/1000 - Best fitness: 12437.5167
  [Iter 350/1000] Best: 12465.3141 | Alpha: 0.1871
      [Iter 300] Action stats: mean=0.2047±0.3810 [-0.3677-0.7491]
      [Iter 300] Fitness: current=12602.8506, best=12602.8506, diversity=8.263006
      [Iter 300] Reward: -1.0000
Traditional PSO iteration: 850/1000 - Best fitness: 12227.3652
      [Iter 350] Action stats: mean=-0.3299±0.6770 [-0.9899-0.9111]
  [Iter 300/1000] Best: 12602.8506 | Alpha: 0.1899
  [Iter 350/1000] Best: 12436.8488 | Alpha: 0.1871
      [Iter 350] Action stats: mean=0.2348±0.6647 [-0.7940-0.9860]
  [Iter 350/1000] Best: 12782.0522 | Alpha: 0.1871
      [Iter 350] Action stats: mean=0.3451±0.5430 [-0.6547-0.8750]
  [Iter 350/1000] Best: 12695.2943 | Alpha: 0.1871
      [Iter 650] Action stats: mean=-0.1277±0.7587 [-0.9637-0.9984]
  [Iter 650/1000] Best: 12242.5459 | Alpha: 0.1710
      [Iter 350] Action stats: mean=-0.0627±0.5414 [-0.6743-0.9491]
  [Iter 350/1000] Best: 12357.3927 | Alpha: 0.1871
      [Iter 550] Action stats: mean=0.2255±0.5092 [-0.6633-0.8283]
  [Iter 550/1000] Best: 12360.9236 | Alpha: 0.1762
      [Iter 400] Action stats: mean=-0.2767±0.5186 [-0.9565-0.4623]
      [Iter 400] Fitness: current=12438.2196, best=12438.2196, diversity=5.277815
      [Iter 400] Reward: -1.0000
      [Iter 350] Action stats: mean=0.0115±0.8644 [-0.9716-0.9892]
  [Iter 350/1000] Best: 12552.2554 | Alpha: 0.1871
  [Iter 400/1000] Best: 12438.2196 | Alpha: 0.1843
      [Iter 350] Action stats: mean=0.1992±0.6178 [-0.6585-0.9045]
      [Iter 350] Action stats: mean=0.3252±0.5707 [-0.6751-0.9796]
  [Iter 350/1000] Best: 12545.5619 | Alpha: 0.1871
      [Iter 350] Action stats: mean=0.1011±0.6348 [-0.9597-0.9139]
  [Iter 350/1000] Best: 12612.0998 | Alpha: 0.1871
  [Iter 350/1000] Best: 12652.0423 | Alpha: 0.1871
      [Iter 400] Action stats: mean=-0.0703±0.6717 [-0.9712-0.9417]
      [Iter 400] Fitness: current=12370.3792, best=12370.3792, diversity=4.979591
      [Iter 400] Reward: -1.0000
  [Iter 400/1000] Best: 12370.3792 | Alpha: 0.1843
      [Iter 400] Action stats: mean=0.1744±0.8288 [-0.9838-0.9946]
      [Iter 400] Fitness: current=12620.8204, best=12620.8204, diversity=3.310578
      [Iter 400] Reward: 1.0000
  [Iter 400/1000] Best: 12620.8204 | Alpha: 0.1842
PSO-LDIW iteration: 300/1000 - Best fitness: 12436.5297 - w=0.75, c1=1.5, c2=1.5
      [Iter 400] Action stats: mean=-0.0907±0.4986 [-0.8229-0.7692]
      [Iter 400] Fitness: current=12408.6459, best=12408.6459, diversity=3.317080
      [Iter 400] Reward: -1.0000
      [Iter 350] Action stats: mean=0.2346±0.7779 [-0.9929-0.9912]
  [Iter 400/1000] Best: 12408.6459 | Alpha: 0.1843
  [Iter 350/1000] Best: 12598.1706 | Alpha: 0.1871
PSO-LDIW iteration: 350/1000 - Best fitness: 12266.105 - w=0.725, c1=1.5, c2=1.5
Traditional PSO iteration: 800/1000 - Best fitness: 12589.5982
      [Iter 400] Action stats: mean=0.1016±0.6119 [-0.7113-0.9109]
      [Iter 400] Fitness: current=12477.4147, best=12477.4147, diversity=7.490674
      [Iter 400] Reward: -1.0000
Traditional PSO iteration: 950/1000 - Best fitness: 12241.4228
  [Iter 400/1000] Best: 12477.4147 | Alpha: 0.1843
      [Iter 400] Action stats: mean=0.0821±0.4881 [-0.6146-0.6835]
      [Iter 400] Fitness: current=12678.6263, best=12678.6263, diversity=4.758731
      [Iter 400] Reward: 1.0000
  [Iter 400/1000] Best: 12678.6263 | Alpha: 0.1843
      [Iter 700] Action stats: mean=-0.1838±0.6067 [-0.8738-0.6502]
      [Iter 700] Fitness: current=12224.4740, best=12224.4740, diversity=2.517636
      [Iter 700] Reward: 1.0000
  [Iter 700/1000] Best: 12224.4740 | Alpha: 0.1684
      [Iter 600] Action stats: mean=-0.0331±0.7356 [-0.9022-0.8751]
      [Iter 600] Fitness: current=12341.9305, best=12341.9305, diversity=3.492871
      [Iter 600] Reward: -1.0000
  [Iter 600/1000] Best: 12341.9305 | Alpha: 0.1735
      [Iter 400] Action stats: mean=0.0308±0.5761 [-0.9674-0.6913]
      [Iter 400] Fitness: current=12354.0783, best=12354.0783, diversity=4.394614
      [Iter 400] Reward: 1.0000
  [Iter 400/1000] Best: 12354.0783 | Alpha: 0.1843
      [Iter 450] Action stats: mean=-0.0294±0.5729 [-0.7828-0.6542]
  [Iter 450/1000] Best: 12364.3778 | Alpha: 0.1815
      [Iter 400] Action stats: mean=0.1202±0.8472 [-0.9843-0.9914]
      [Iter 400] Fitness: current=12423.2903, best=12423.2903, diversity=5.595674
      [Iter 400] Reward: -1.0000
  [Iter 400/1000] Best: 12423.2903 | Alpha: 0.1843
      [Iter 400] Action stats: mean=-0.1154±0.5351 [-0.9649-0.8069]
      [Iter 400] Action stats: mean=-0.1711±0.7578 [-0.9879-0.9731]
      [Iter 400] Fitness: current=12543.0871, best=12543.0871, diversity=4.681222
      [Iter 400] Reward: -1.0000
      [Iter 400] Fitness: current=12551.3548, best=12551.3548, diversity=9.935800
      [Iter 400] Reward: -1.0000
  [Iter 400/1000] Best: 12543.0871 | Alpha: 0.1843
      [Iter 400] Action stats: mean=0.1172±0.5904 [-0.8134-0.8528]
  [Iter 400/1000] Best: 12551.3548 | Alpha: 0.1843
      [Iter 400] Fitness: current=12611.2620, best=12611.2620, diversity=5.055929
      [Iter 400] Reward: -1.0000
  [Iter 400/1000] Best: 12611.2620 | Alpha: 0.1843
      [Iter 450] Action stats: mean=-0.1288±0.6332 [-0.9805-0.6627]
      [Iter 450] Action stats: mean=0.1311±0.5894 [-0.7323-0.8883]
  [Iter 450/1000] Best: 12322.3826 | Alpha: 0.1815
  [Iter 450/1000] Best: 12611.1633 | Alpha: 0.1815
      [Iter 450] Action stats: mean=-0.1335±0.5890 [-0.7781-0.8548]
      [Iter 400] Action stats: mean=-0.1485±0.7045 [-0.9519-0.9318]
      [Iter 400] Fitness: current=12590.5133, best=12590.5133, diversity=4.490256
      [Iter 400] Reward: -1.0000
  [Iter 450/1000] Best: 12404.7127 | Alpha: 0.1816
  [Iter 400/1000] Best: 12590.5133 | Alpha: 0.1843
      [Iter 450] Action stats: mean=-0.0456±0.4607 [-0.6194-0.8197]
  [Iter 450/1000] Best: 12339.3911 | Alpha: 0.1815
      [Iter 450] Action stats: mean=0.0902±0.5411 [-0.9021-0.7681]
  [Iter 450/1000] Best: 12673.0018 | Alpha: 0.1815
      [Iter 750] Action stats: mean=0.2816±0.6964 [-0.9922-0.9776]
  [Iter 750/1000] Best: 12213.7037 | Alpha: 0.1659
      [Iter 650] Action stats: mean=0.1442±0.7111 [-0.8796-0.8181]
      [Iter 450] Action stats: mean=0.1721±0.6113 [-0.9615-0.9241]
  [Iter 650/1000] Best: 12329.5590 | Alpha: 0.1710
  [Iter 450/1000] Best: 12352.6272 | Alpha: 0.1815
      [Iter 500] Action stats: mean=0.0744±0.5481 [-0.9251-0.7599]
      [Iter 500] Fitness: current=12236.5248, best=12236.5248, diversity=5.063484
      [Iter 500] Reward: 1.0000
  [Iter 500/1000] Best: 12236.5248 | Alpha: 0.1788
      [Iter 450] Action stats: mean=-0.0035±0.6568 [-0.9217-0.9435]
  [Iter 450/1000] Best: 12346.2413 | Alpha: 0.1815
      [Iter 450] Action stats: mean=-0.0293±0.5524 [-0.8843-0.9574]
      [Iter 450] Action stats: mean=0.0574±0.7105 [-0.9654-0.9537]
  [Iter 450/1000] Best: 12516.3554 | Alpha: 0.1815
  [Iter 450/1000] Best: 12539.4027 | Alpha: 0.1815
      [Iter 450] Action stats: mean=-0.0754±0.6213 [-0.9305-0.9304]
  [Iter 450/1000] Best: 12603.0680 | Alpha: 0.1815
      [Iter 500] Action stats: mean=0.1519±0.6909 [-0.8813-0.9779]
      [Iter 500] Action stats: mean=0.3562±0.6130 [-0.7865-0.9756]
      [Iter 500] Fitness: current=12281.9676, best=12281.9676, diversity=5.045470
      [Iter 500] Reward: 1.0000
      [Iter 500] Fitness: current=12608.6851, best=12608.6851, diversity=2.531929
      [Iter 500] Reward: -1.0000
  [Iter 500/1000] Best: 12281.9676 | Alpha: 0.1788
  [Iter 500/1000] Best: 12608.6851 | Alpha: 0.1788
      [Iter 450] Action stats: mean=-0.5734±0.5106 [-0.9961-0.6164]
  [Iter 450/1000] Best: 12578.8650 | Alpha: 0.1815
      [Iter 500] Action stats: mean=-0.3615±0.6638 [-0.9700-0.9110]
      [Iter 500] Fitness: current=12354.7272, best=12354.7272, diversity=1.913458
      [Iter 500] Reward: 1.0000
Traditional PSO iteration: 950/1000 - Best fitness: 12389.3964
  [Iter 500/1000] Best: 12354.7272 | Alpha: 0.1789
      [Iter 500] Action stats: mean=-0.1745±0.6112 [-0.8920-0.6110]
      [Iter 500] Action stats: mean=-0.1938±0.7847 [-0.9915-0.9620]
      [Iter 500] Fitness: current=12313.6397, best=12313.6397, diversity=7.673827
      [Iter 500] Reward: -1.0000
  [Iter 500/1000] Best: 12313.6397 | Alpha: 0.1790
      [Iter 500] Fitness: current=12666.9112, best=12666.9112, diversity=3.107650
      [Iter 500] Reward: 1.0000
  [Iter 500/1000] Best: 12666.9112 | Alpha: 0.1788
      [Iter 800] Action stats: mean=0.2203±0.7033 [-0.8654-0.9952]
      [Iter 800] Fitness: current=12213.0509, best=12213.0509, diversity=4.051410
      [Iter 800] Reward: -1.0000
Traditional PSO iteration: 700/1000 - Best fitness: 12264.5273
  [Iter 800/1000] Best: 12213.0509 | Alpha: 0.1634
      [Iter 700] Action stats: mean=-0.1410±0.6607 [-0.8711-0.9571]
Traditional PSO iteration: 650/1000 - Best fitness: 12545.542
      [Iter 700] Fitness: current=12327.3545, best=12327.3545, diversity=2.568709
      [Iter 700] Reward: -1.0000
  [Iter 700/1000] Best: 12327.3545 | Alpha: 0.1684
      [Iter 500] Action stats: mean=0.0207±0.6280 [-0.8306-0.7321]
      [Iter 500] Fitness: current=12350.7416, best=12350.7416, diversity=3.376660
      [Iter 500] Reward: -1.0000
  [Iter 500/1000] Best: 12350.7416 | Alpha: 0.1788
      [Iter 550] Action stats: mean=0.2016±0.5391 [-0.6661-0.9720]
  [Iter 550/1000] Best: 12200.1485 | Alpha: 0.1762
      [Iter 500] Action stats: mean=-0.1689±0.5304 [-0.8642-0.8627]
      [Iter 500] Fitness: current=12298.5516, best=12298.5516, diversity=3.890915
      [Iter 500] Reward: 1.0000
  [Iter 500/1000] Best: 12298.5516 | Alpha: 0.1788
      [Iter 500] Action stats: mean=-0.0239±0.6582 [-0.8769-0.9612]
      [Iter 500] Fitness: current=12531.4409, best=12531.4409, diversity=2.610458
      [Iter 500] Reward: 1.0000
Traditional PSO iteration: 700/1000 - Best fitness: 12298.3015
      [Iter 500] Action stats: mean=0.0572±0.6670 [-0.9319-0.9773]
  [Iter 500/1000] Best: 12531.4409 | Alpha: 0.1788
      [Iter 500] Fitness: current=12508.7154, best=12508.7154, diversity=7.130291
      [Iter 500] Reward: 1.0000
  [Iter 500/1000] Best: 12508.7154 | Alpha: 0.1788
      [Iter 500] Action stats: mean=-0.1278±0.7103 [-0.9150-0.9846]
      [Iter 500] Fitness: current=12597.1022, best=12597.1022, diversity=2.510362
      [Iter 500] Reward: -1.0000
  [Iter 500/1000] Best: 12597.1022 | Alpha: 0.1788
      [Iter 550] Action stats: mean=0.0890±0.7434 [-0.7407-0.9697]
      [Iter 550] Action stats: mean=0.0955±0.6862 [-0.9838-0.7976]
  [Iter 550/1000] Best: 12608.4214 | Alpha: 0.1761
PSO-LDIW iteration: 250/1000 - Best fitness: 13108.0271 - w=0.775, c1=1.5, c2=1.5
  [Iter 550/1000] Best: 12275.1543 | Alpha: 0.1762
Traditional PSO iteration: 850/1000 - Best fitness: 12589.1522
      [Iter 550] Action stats: mean=-0.1696±0.6992 [-0.9710-0.9086]
      [Iter 500] Action stats: mean=0.1225±0.6468 [-0.8894-0.9232]
      [Iter 500] Fitness: current=12547.8106, best=12547.8106, diversity=2.941707
      [Iter 500] Reward: 1.0000
  [Iter 500/1000] Best: 12547.8106 | Alpha: 0.1788
  [Iter 550/1000] Best: 12349.4245 | Alpha: 0.1762
Traditional PSO iteration: 600/1000 - Best fitness: 12617.6627
Traditional PSO iteration: 900/1000 - Best fitness: 12212.7845
      [Iter 550] Action stats: mean=0.0287±0.6469 [-0.8070-0.9138]
      [Iter 550] Action stats: mean=0.0810±0.6797 [-0.9511-0.9636]
  [Iter 550/1000] Best: 12665.9035 | Alpha: 0.1762
  [Iter 550/1000] Best: 12307.7201 | Alpha: 0.1763
Traditional PSO iteration: 750/1000 - Best fitness: 12320.5868
      [Iter 850] Action stats: mean=0.3119±0.6697 [-0.8048-0.9828]
  [Iter 850/1000] Best: 12212.7939 | Alpha: 0.1610
      [Iter 750] Action stats: mean=-0.1185±0.6349 [-0.8621-0.8844]
      [Iter 550] Action stats: mean=0.0602±0.6543 [-0.9981-0.9555]
  [Iter 750/1000] Best: 12327.3297 | Alpha: 0.1659
Traditional PSO iteration: 1000/1000 - Best fitness: 12241.2708
Traditional PSO completed with final fitness: 12241.2708

========== Planning Complete ==========
Algorithm: PSO
Execution time: 1066.1358 seconds
Path length: 288.7961 units
Waypoints: 7
Best fitness: 12241.2708
========================================


========== Direct Global Planning ==========
Algorithm: PSO_LDIW
Start: [0.0, 0.0, 10.0]
Goal:  [200.0, 200.0, 10.0]
============================================

Starting PSO-LDIW (linearly decreasing inertia weight)...
  [Iter 550/1000] Best: 12350.2999 | Alpha: 0.1762
Number of Initial feasible particles: 0/100
      [Iter 600] Action stats: mean=-0.0277±0.4970 [-0.7146-0.9638]
      [Iter 600] Fitness: current=12191.2843, best=12191.2843, diversity=3.998816
      [Iter 600] Reward: 1.0000
      [Iter 550] Action stats: mean=0.0311±0.5092 [-0.6031-0.9322]
  [Iter 600/1000] Best: 12191.2843 | Alpha: 0.1735
PSO-LDIW iteration: 1/1000 - Best fitness: 31299.6211 - w=0.8995, c1=1.5, c2=1.5
  [Iter 550/1000] Best: 12266.6793 | Alpha: 0.1762
      [Iter 550] Action stats: mean=-0.0545±0.6890 [-0.9894-0.9907]
  [Iter 550/1000] Best: 12524.6416 | Alpha: 0.1762
      [Iter 550] Action stats: mean=0.1641±0.8106 [-0.8696-0.9859]
      [Iter 550] Action stats: mean=-0.1112±0.6481 [-0.9392-0.9661]
  [Iter 550/1000] Best: 12506.8067 | Alpha: 0.1762
  [Iter 550/1000] Best: 12595.5869 | Alpha: 0.1762
      [Iter 600] Action stats: mean=0.0594±0.6421 [-0.7875-0.9574]
      [Iter 600] Action stats: mean=-0.3426±0.6502 [-0.8893-0.9878]
      [Iter 600] Fitness: current=12608.1195, best=12608.1195, diversity=1.801925
      [Iter 600] Reward: 1.0000
      [Iter 600] Fitness: current=12274.5342, best=12274.5342, diversity=4.506458
      [Iter 600] Reward: 1.0000
  [Iter 600/1000] Best: 12274.5342 | Alpha: 0.1736
  [Iter 600/1000] Best: 12608.1195 | Alpha: 0.1735
      [Iter 600] Action stats: mean=-0.1650±0.4907 [-0.7931-0.6921]
      [Iter 600] Fitness: current=12348.3961, best=12348.3961, diversity=1.200413
      [Iter 600] Reward: -1.0000
      [Iter 550] Action stats: mean=-0.0019±0.6295 [-0.8538-0.7950]
  [Iter 600/1000] Best: 12348.3961 | Alpha: 0.1736
  [Iter 550/1000] Best: 12418.3322 | Alpha: 0.1762
      [Iter 600] Action stats: mean=0.1532±0.6619 [-0.9932-0.9721]
      [Iter 600] Action stats: mean=-0.0319±0.5915 [-0.8857-0.9665]
      [Iter 600] Fitness: current=12663.9568, best=12663.9568, diversity=2.073890
      [Iter 600] Reward: -1.0000
      [Iter 600] Fitness: current=12305.9886, best=12305.9886, diversity=4.170033
      [Iter 600] Reward: -1.0000
  [Iter 600/1000] Best: 12305.9886 | Alpha: 0.1737
PSO-LDIW iteration: 350/1000 - Best fitness: 12409.2482 - w=0.725, c1=1.5, c2=1.5
  [Iter 600/1000] Best: 12663.9568 | Alpha: 0.1735
Traditional PSO iteration: 650/1000 - Best fitness: 12278.3012
Traditional PSO iteration: 750/1000 - Best fitness: 12423.7393
PSO-LDIW iteration: 400/1000 - Best fitness: 12257.4504 - w=0.7, c1=1.5, c2=1.5
      [Iter 900] Action stats: mean=-0.0673±0.4354 [-0.7749-0.4024]
      [Iter 900] Fitness: current=12212.7870, best=12212.7870, diversity=2.319084
      [Iter 900] Reward: -1.0000
  [Iter 900/1000] Best: 12212.7870 | Alpha: 0.1586
      [Iter 800] Action stats: mean=0.1101±0.6718 [-0.9116-0.8788]
      [Iter 800] Fitness: current=12327.3257, best=12327.3257, diversity=2.376944
      [Iter 800] Reward: 1.0000
  [Iter 800/1000] Best: 12327.3257 | Alpha: 0.1634
      [Iter 600] Action stats: mean=-0.0341±0.6587 [-0.9170-0.8656]
      [Iter 600] Fitness: current=12350.1504, best=12350.1504, diversity=2.333756
      [Iter 600] Reward: -1.0000
  [Iter 600/1000] Best: 12350.1504 | Alpha: 0.1735
      [Iter 650] Action stats: mean=0.1073±0.6981 [-0.9769-0.9313]
  [Iter 650/1000] Best: 12188.0777 | Alpha: 0.1710
      [Iter 600] Action stats: mean=0.0568±0.5170 [-0.8996-0.8818]
      [Iter 600] Fitness: current=12251.1003, best=12251.1003, diversity=4.218157
      [Iter 600] Reward: 1.0000
  [Iter 600/1000] Best: 12251.1003 | Alpha: 0.1735
      [Iter 600] Action stats: mean=-0.1328±0.6311 [-0.9153-0.6998]
      [Iter 600] Action stats: mean=-0.4624±0.6006 [-0.9723-0.6912]
      [Iter 600] Fitness: current=12490.5751, best=12490.5751, diversity=1.035112
      [Iter 600] Reward: 1.0000
  [Iter 600/1000] Best: 12490.5751 | Alpha: 0.1735
      [Iter 600] Fitness: current=12594.8164, best=12594.8164, diversity=0.677295
      [Iter 600] Reward: 1.0000
  [Iter 600/1000] Best: 12594.8164 | Alpha: 0.1735
      [Iter 650] Action stats: mean=0.3475±0.6734 [-0.8497-0.9825]
      [Iter 600] Action stats: mean=-0.3344±0.4744 [-0.9138-0.5413]
  [Iter 650/1000] Best: 12606.7718 | Alpha: 0.1709
      [Iter 600] Fitness: current=12506.4464, best=12506.4464, diversity=5.407278
      [Iter 600] Reward: -1.0000
  [Iter 600/1000] Best: 12506.4464 | Alpha: 0.1735
      [Iter 650] Action stats: mean=0.2991±0.4999 [-0.4563-0.9737]
  [Iter 650/1000] Best: 12273.6631 | Alpha: 0.1710
      [Iter 650] Action stats: mean=-0.0340±0.5770 [-0.9540-0.6893]
  [Iter 650/1000] Best: 12348.1428 | Alpha: 0.1710
      [Iter 600] Action stats: mean=-0.1056±0.6567 [-0.9907-0.6921]
      [Iter 600] Fitness: current=12331.5708, best=12331.5708, diversity=1.929563
      [Iter 600] Reward: -1.0000
  [Iter 600/1000] Best: 12331.5708 | Alpha: 0.1736
      [Iter 650] Action stats: mean=0.3507±0.6175 [-0.6802-0.9882]
  [Iter 650/1000] Best: 12662.3249 | Alpha: 0.1710
      [Iter 650] Action stats: mean=0.0058±0.6560 [-0.9136-0.9172]
Traditional PSO iteration: 1000/1000 - Best fitness: 12389.3963
Traditional PSO completed with final fitness: 12389.3963

========== Planning Complete ==========
Algorithm: PSO
Execution time: 1101.9217 seconds
Path length: 308.7503 units
Waypoints: 7
Best fitness: 12389.3963
========================================


========== Direct Global Planning ==========
Algorithm: PSO_LDIW
Start: [0.0, 0.0, 10.0]
Goal:  [200.0, 200.0, 10.0]
============================================

Starting PSO-LDIW (linearly decreasing inertia weight)...
  [Iter 650/1000] Best: 12305.5834 | Alpha: 0.1711
Number of Initial feasible particles: 0/100
PSO-LDIW iteration: 1/1000 - Best fitness: 24906.8244 - w=0.8995, c1=1.5, c2=1.5
      [Iter 950] Action stats: mean=0.4173±0.5652 [-0.7671-0.9439]
  [Iter 950/1000] Best: 12212.7869 | Alpha: 0.1563
      [Iter 850] Action stats: mean=0.2922±0.6648 [-0.8825-0.9272]
      [Iter 650] Action stats: mean=0.1683±0.5290 [-0.7165-0.8997]
  [Iter 650/1000] Best: 12350.0980 | Alpha: 0.1710
  [Iter 850/1000] Best: 12327.3255 | Alpha: 0.1610
      [Iter 700] Action stats: mean=-0.1363±0.6559 [-0.9003-0.8972]
      [Iter 700] Fitness: current=12187.6419, best=12187.6419, diversity=3.008883
      [Iter 700] Reward: -1.0000
  [Iter 700/1000] Best: 12187.6419 | Alpha: 0.1684
      [Iter 700] Action stats: mean=0.0648±0.6696 [-0.7595-0.9062]
      [Iter 650] Action stats: mean=-0.1947±0.6232 [-0.8349-0.9711]
      [Iter 700] Fitness: current=12605.6637, best=12605.6637, diversity=1.619074
      [Iter 700] Reward: -1.0000
  [Iter 700/1000] Best: 12605.6637 | Alpha: 0.1684
      [Iter 650] Action stats: mean=0.0281±0.4439 [-0.7614-0.5999]
  [Iter 650/1000] Best: 12247.9831 | Alpha: 0.1710
      [Iter 650] Action stats: mean=-0.4967±0.3643 [-0.9940-0.0352]
  [Iter 650/1000] Best: 12485.5461 | Alpha: 0.1710
  [Iter 650/1000] Best: 12592.8224 | Alpha: 0.1710
      [Iter 650] Action stats: mean=-0.0139±0.6267 [-0.9855-0.9958]
      [Iter 700] Action stats: mean=-0.2313±0.6424 [-0.9873-0.8506]
      [Iter 700] Fitness: current=12273.4792, best=12273.4792, diversity=2.539955
      [Iter 700] Reward: 1.0000
  [Iter 650/1000] Best: 12506.4122 | Alpha: 0.1710
  [Iter 700/1000] Best: 12273.4792 | Alpha: 0.1684
Traditional PSO iteration: 900/1000 - Best fitness: 12588.6456
      [Iter 700] Action stats: mean=-0.0616±0.7581 [-0.9510-0.9730]
      [Iter 700] Fitness: current=12348.0674, best=12348.0674, diversity=0.674813
      [Iter 700] Reward: 1.0000
  [Iter 700/1000] Best: 12348.0674 | Alpha: 0.1684
      [Iter 650] Action stats: mean=-0.3715±0.5890 [-0.9730-0.8306]
  [Iter 650/1000] Best: 12308.4186 | Alpha: 0.1710
      [Iter 700] Action stats: mean=0.2078±0.7362 [-0.9190-0.9731]
      [Iter 700] Fitness: current=12661.1901, best=12661.1901, diversity=1.692096
      [Iter 700] Reward: -1.0000
  [Iter 700/1000] Best: 12661.1901 | Alpha: 0.1684
      [Iter 700] Action stats: mean=-0.0791±0.7903 [-0.9880-0.9286]
      [Iter 700] Fitness: current=12304.1192, best=12304.1192, diversity=2.296757
      [Iter 700] Reward: 1.0000
  [Iter 700/1000] Best: 12304.1192 | Alpha: 0.1685
      [Iter 1000] Action stats: mean=0.3350±0.6444 [-0.7728-0.9507]
      [Iter 1000] Fitness: current=12212.6390, best=12212.6390, diversity=2.862477
      [Iter 1000] Reward: 1.0000
  [Iter 1000/1000] Best: 12212.6390 | Alpha: 0.1540

╔════════════════════════════════════════════════════════════╗
║              RRSACPSO TRAINING COMPLETE                   ║
╚════════════════════════════════════════════════════════════╝
  Mode:              online
  Episodes:          1
  Iterations/Ep:     1000
  Population Size:   100
  Best Fitness:      12212.6390
  Path Length:       5 waypoints


========== Planning Complete ==========
Algorithm: RRSACPSO
Execution time: 314.8419 seconds
Path length: 287.8540 units
Waypoints: 7
Best fitness: 12212.6390
========================================


========== Direct Global Planning ==========
Algorithm: RLAMPSO
Start: [0.0, 0.0, 10.0]
Goal:  [200.0, 200.0, 10.0]
============================================


╔════════════════════════════════════════════════════════╗
║     RLAM-PSO Configuration (GPU-Optimized)            ║
╚════════════════════════════════════════════════════════╝

Mode: baseline

--- Features Enabled ---
  Transformer State: OFF (state: 15D)
  TD3:               OFF
  PER:               OFF
  Curriculum:        OFF

--- Compute Configuration ---
  Mode:              GPU-Optimized Sequential
  GPU:               OFF (CPU fallback)
  Parallel:          OFF (disabled for dlnetwork compatibility)

--- Training Parameters ---
  Episodes:          100
  Population:        40
  Max Iterations:    600
  Batch Size:        256 (GPU-optimized)
  Actor LR:          0.00010
  Critic LR:         0.00100

--- GPU Optimization (2025) ---
  Gradient Steps/Call:  1
  Train Every:          1 iterations
  Mid-Episode Training: ON
  Estimated UTD Ratio:  ~600.0

════════════════════════════════════════════════════════


╔════════════════════════════════════════════════════════╗
║     RLAM-PSO Configuration (GPU-Optimized)            ║
╚════════════════════════════════════════════════════════╝

Mode: baseline

--- Features Enabled ---
  Transformer State: OFF (state: 15D)
  TD3:               OFF
  PER:               OFF
  Curriculum:        OFF

--- Compute Configuration ---
  Mode:              GPU-Optimized Sequential
  GPU:               OFF (CPU fallback)
  Parallel:          OFF (disabled for dlnetwork compatibility)

--- Training Parameters ---
  Episodes:          100
  Population:        40
  Max Iterations:    600
  Batch Size:        256 (GPU-optimized)
  Actor LR:          0.00010
  Critic LR:         0.00100

--- GPU Optimization (2025) ---
  Gradient Steps/Call:  1
  Train Every:          1 iterations
  Mid-Episode Training: ON
  Estimated UTD Ratio:  ~600.0

════════════════════════════════════════════════════════

      [Iter 700] Action stats: mean=0.1388±0.4812 [-0.5551-0.8751]
      [Iter 700] Fitness: current=12350.0004, best=12350.0004, diversity=2.020979
      [Iter 700] Reward: -1.0000
  [Iter 700/1000] Best: 12350.0004 | Alpha: 0.1684
      [Iter 900] Action stats: mean=0.1707±0.6399 [-0.6778-0.9320]
      [Iter 900] Fitness: current=12327.2491, best=12327.2491, diversity=1.942003
      [Iter 900] Reward: 1.0000
  [Iter 900/1000] Best: 12327.2491 | Alpha: 0.1588
      [Iter 750] Action stats: mean=0.1989±0.6268 [-0.7445-0.9709]
  [Iter 750/1000] Best: 12165.4142 | Alpha: 0.1659
      [Iter 750] Action stats: mean=0.1114±0.5413 [-0.9258-0.9228]
      [Iter 700] Action stats: mean=-0.4827±0.2852 [-0.8528-0.0836]
      [Iter 700] Fitness: current=12531.2058, best=12531.2058, diversity=0.160369
      [Iter 700] Reward: 1.0000
  [Iter 700/1000] Best: 12531.2058 | Alpha: 0.1684
  [Iter 750/1000] Best: 12605.5064 | Alpha: 0.1659
      [Iter 700] Action stats: mean=0.3145±0.3587 [-0.1542-0.8625]
      [Iter 700] Action stats: mean=-0.1659±0.5282 [-0.9235-0.5805]
      [Iter 700] Fitness: current=12484.5820, best=12484.5820, diversity=0.773136
      [Iter 700] Reward: 1.0000
      [Iter 700] Fitness: current=12247.4126, best=12247.4126, diversity=3.628922
      [Iter 700] Reward: -1.0000
  [Iter 700/1000] Best: 12247.4126 | Alpha: 0.1684
      [Iter 700] Action stats: mean=-0.2536±0.6228 [-0.9630-0.9924]
  [Iter 700/1000] Best: 12484.5820 | Alpha: 0.1686
      [Iter 700] Fitness: current=12506.4116, best=12506.4116, diversity=3.962440
      [Iter 700] Reward: -1.0000
  [Iter 700/1000] Best: 12506.4116 | Alpha: 0.1684
      [Iter 750] Action stats: mean=-0.1770±0.6988 [-0.9868-0.9451]
  [Iter 750/1000] Best: 12249.8937 | Alpha: 0.1659
      [Iter 750] Action stats: mean=-0.0378±0.6755 [-0.9492-0.9680]
  [Iter 750/1000] Best: 12348.0210 | Alpha: 0.1659
Traditional PSO iteration: 750/1000 - Best fitness: 12298.3015
      [Iter 700] Action stats: mean=-0.2876±0.6200 [-0.9124-0.6787]
      [Iter 700] Fitness: current=12269.9986, best=12269.9986, diversity=1.744624
      [Iter 700] Reward: 1.0000
  [Iter 700/1000] Best: 12269.9986 | Alpha: 0.1684
      [Iter 750] Action stats: mean=0.0410±0.4604 [-0.5702-0.8721]
  [Iter 750/1000] Best: 12660.9605 | Alpha: 0.1659
PSO-LDIW iteration: 50/1000 - Best fitness: 13319.7186 - w=0.875, c1=1.5, c2=1.5
      [Iter 750] Action stats: mean=-0.1701±0.4425 [-0.7717-0.5090]
  [Iter 750/1000] Best: 12303.6587 | Alpha: 0.1660
Traditional PSO iteration: 750/1000 - Best fitness: 12264.525
Traditional PSO iteration: 950/1000 - Best fitness: 12205.8338
PSO-LDIW iteration: 300/1000 - Best fitness: 12985.7764 - w=0.75, c1=1.5, c2=1.5
      [Iter 950] Action stats: mean=-0.2197±0.6707 [-0.9924-0.8865]
      [Iter 750] Action stats: mean=0.1430±0.6649 [-0.9295-0.8750]
  [Iter 750/1000] Best: 12349.9894 | Alpha: 0.1659
  [Iter 950/1000] Best: 12327.2262 | Alpha: 0.1567
      [Iter 800] Action stats: mean=-0.0258±0.7880 [-0.9811-0.9717]
      [Iter 800] Fitness: current=12605.4210, best=12605.4210, diversity=1.159003
      [Iter 800] Reward: 1.0000
      [Iter 800] Action stats: mean=-0.2132±0.8038 [-0.9972-0.9500]
      [Iter 800] Fitness: current=12165.2788, best=12165.2788, diversity=1.891315
      [Iter 800] Reward: 1.0000
  [Iter 800/1000] Best: 12605.4210 | Alpha: 0.1634
  [Iter 800/1000] Best: 12165.2788 | Alpha: 0.1634
      [Iter 750] Action stats: mean=0.0569±0.5478 [-0.6465-0.8460]
      [Iter 750] Action stats: mean=-0.1346±0.7589 [-0.9932-0.9680]
  [Iter 750/1000] Best: 12525.7169 | Alpha: 0.1659
  [Iter 750/1000] Best: 12247.3790 | Alpha: 0.1659
      [Iter 750] Action stats: mean=-0.0545±0.6024 [-0.7789-0.9294]
  [Iter 750/1000] Best: 12484.4144 | Alpha: 0.1663
[ACTION DEBUG iter 100] Raw action[1:3]: [0.2003, 0.2112, -0.7976], noise: 0.0500
[RLAMPSO DEBUG iter 100] w=0.5198, c1=2.2975, c2=1.9370 | fitness=12674.62
[REWARD DEBUG iter 100] FitnessImprovement: 0.0000 → Reward: -1.0000 (prevFit=12674.62, currFit=12674.62)
      [Iter 800] Action stats: mean=0.0951±0.4675 [-0.4675-0.6673]
      [Iter 800] Fitness: current=12249.5023, best=12249.5023, diversity=3.139483
      [Iter 800] Reward: -1.0000
      [Iter 750] Action stats: mean=-0.0523±0.5231 [-0.9917-0.3955]
  [Iter 800/1000] Best: 12249.5023 | Alpha: 0.1634
  [Iter 750/1000] Best: 12506.4115 | Alpha: 0.1659
      [Iter 800] Action stats: mean=-0.2629±0.6097 [-0.9797-0.8338]
      [Iter 800] Fitness: current=12348.0179, best=12348.0179, diversity=0.346980
      [Iter 800] Reward: 1.0000
  [Iter 800/1000] Best: 12348.0179 | Alpha: 0.1635
      [Iter 750] Action stats: mean=0.1145±0.7113 [-0.8654-0.9925]
  [Iter 750/1000] Best: 12232.8949 | Alpha: 0.1659
Traditional PSO iteration: 800/1000 - Best fitness: 12420.1805
      [Iter 800] Action stats: mean=0.1673±0.4687 [-0.5107-0.6574]
      [Iter 800] Fitness: current=12660.8243, best=12660.8243, diversity=0.729434
      [Iter 800] Reward: -1.0000
  [Iter 800/1000] Best: 12660.8243 | Alpha: 0.1634
      [Iter 800] Action stats: mean=-0.1945±0.7641 [-0.9865-0.9077]
      [Iter 800] Fitness: current=12303.6437, best=12303.6437, diversity=2.151954
      [Iter 800] Reward: 1.0000
  [Iter 800/1000] Best: 12303.6437 | Alpha: 0.1635
Traditional PSO iteration: 800/1000 - Best fitness: 12320.5868
Traditional PSO iteration: 700/1000 - Best fitness: 12545.542
      [Iter 800] Action stats: mean=-0.1682±0.5673 [-0.9262-0.4945]
      [Iter 1000] Action stats: mean=0.1167±0.4723 [-0.3638-0.8632]
      [Iter 1000] Fitness: current=12327.2262, best=12327.2262, diversity=0.963272
      [Iter 1000] Reward: -1.0000
      [Iter 800] Fitness: current=12349.9878, best=12349.9878, diversity=1.064731
      [Iter 800] Reward: 1.0000
  [Iter 800/1000] Best: 12349.9878 | Alpha: 0.1635
  [Iter 1000/1000] Best: 12327.2262 | Alpha: 0.1545

╔════════════════════════════════════════════════════════════╗
║              RRSACPSO TRAINING COMPLETE                   ║
╚════════════════════════════════════════════════════════════╝
  Mode:              online
  Episodes:          1
  Iterations/Ep:     1000
  Population Size:   100
  Best Fitness:      12327.2262
  Path Length:       5 waypoints


========== Planning Complete ==========
Algorithm: RRSACPSO
Execution time: 312.8774 seconds
Path length: 289.3949 units
Waypoints: 7
Best fitness: 12327.2262
========================================

PSO-LDIW iteration: 50/1000 - Best fitness: 13264.6212 - w=0.875, c1=1.5, c2=1.5

========== Direct Global Planning ==========
Algorithm: RLAMPSO
Start: [0.0, 0.0, 10.0]
Goal:  [200.0, 200.0, 10.0]
============================================


╔════════════════════════════════════════════════════════╗
║     RLAM-PSO Configuration (GPU-Optimized)            ║
╚════════════════════════════════════════════════════════╝

Mode: baseline

--- Features Enabled ---
  Transformer State: OFF (state: 15D)
  TD3:               OFF
  PER:               OFF
  Curriculum:        OFF

--- Compute Configuration ---
  Mode:              GPU-Optimized Sequential
  GPU:               OFF (CPU fallback)
  Parallel:          OFF (disabled for dlnetwork compatibility)

--- Training Parameters ---
  Episodes:          100
  Population:        40
  Max Iterations:    600
  Batch Size:        256 (GPU-optimized)
  Actor LR:          0.00010
  Critic LR:         0.00100

--- GPU Optimization (2025) ---
  Gradient Steps/Call:  1
  Train Every:          1 iterations
  Mid-Episode Training: ON
  Estimated UTD Ratio:  ~600.0

════════════════════════════════════════════════════════


╔════════════════════════════════════════════════════════╗
║     RLAM-PSO Configuration (GPU-Optimized)            ║
╚════════════════════════════════════════════════════════╝

Mode: baseline

--- Features Enabled ---
  Transformer State: OFF (state: 15D)
  TD3:               OFF
  PER:               OFF
  Curriculum:        OFF

--- Compute Configuration ---
  Mode:              GPU-Optimized Sequential
  GPU:               OFF (CPU fallback)
  Parallel:          OFF (disabled for dlnetwork compatibility)

--- Training Parameters ---
  Episodes:          100
  Population:        40
  Max Iterations:    600
  Batch Size:        256 (GPU-optimized)
  Actor LR:          0.00010
  Critic LR:         0.00100

--- GPU Optimization (2025) ---
  Gradient Steps/Call:  1
  Train Every:          1 iterations
  Mid-Episode Training: ON
  Estimated UTD Ratio:  ~600.0

════════════════════════════════════════════════════════

      [Iter 850] Action stats: mean=0.0315±0.6850 [-0.9243-0.9806]
  [Iter 850/1000] Best: 12605.3599 | Alpha: 0.1610
      [Iter 850] Action stats: mean=0.1570±0.6823 [-0.8890-0.9463]
      [Iter 800] Action stats: mean=-0.2086±0.7642 [-0.9747-0.9276]
  [Iter 850/1000] Best: 12165.0674 | Alpha: 0.1610
      [Iter 800] Action stats: mean=0.0743±0.4989 [-0.8402-0.5850]
      [Iter 800] Fitness: current=12525.4838, best=12525.4838, diversity=0.080727
      [Iter 800] Reward: 1.0000
  [Iter 800/1000] Best: 12525.4838 | Alpha: 0.1634
      [Iter 800] Fitness: current=12247.3583, best=12247.3583, diversity=2.379531
      [Iter 800] Reward: 1.0000
  [Iter 800/1000] Best: 12247.3583 | Alpha: 0.1634
      [Iter 850] Action stats: mean=0.0582±0.6840 [-0.8332-0.8741]
  [Iter 850/1000] Best: 12249.1753 | Alpha: 0.1610
      [Iter 800] Action stats: mean=-0.1508±0.6027 [-0.9708-0.6227]
      [Iter 800] Fitness: current=12484.1299, best=12484.1299, diversity=0.377321
      [Iter 800] Reward: 1.0000
  [Iter 800/1000] Best: 12484.1299 | Alpha: 0.1642
      [Iter 800] Action stats: mean=0.5695±0.3720 [-0.0102-0.9763]
      [Iter 800] Fitness: current=12506.4114, best=12506.4114, diversity=4.271544
      [Iter 800] Reward: 1.0000
  [Iter 800/1000] Best: 12506.4114 | Alpha: 0.1634
      [Iter 850] Action stats: mean=-0.1737±0.5260 [-0.9560-0.8001]
  [Iter 850/1000] Best: 12348.0172 | Alpha: 0.1611
[ACTION DEBUG iter 200] Raw action[1:3]: [0.3876, 0.0712, -0.8135], noise: 0.0500
[RLAMPSO DEBUG iter 200] w=0.5362, c1=2.3426, c2=1.9650 | fitness=12625.46
[REWARD DEBUG iter 200] FitnessImprovement: 0.2423 → Reward: +1.0000 (prevFit=12625.46, currFit=12625.22)
PSO-LDIW iteration: 400/1000 - Best fitness: 12329.9181 - w=0.7, c1=1.5, c2=1.5
      [Iter 800] Action stats: mean=-0.0422±0.6883 [-0.9868-0.7725]
      [Iter 800] Fitness: current=12214.2413, best=12214.2413, diversity=1.865506
      [Iter 800] Reward: -1.0000
Traditional PSO iteration: 950/1000 - Best fitness: 12588.0856
  [Iter 800/1000] Best: 12214.2413 | Alpha: 0.1635
      [Iter 850] Action stats: mean=0.0134±0.4833 [-0.5812-0.7883]
  [Iter 850/1000] Best: 12660.7878 | Alpha: 0.1610
      [Iter 850] Action stats: mean=0.0054±0.7509 [-0.9797-0.8915]
  [Iter 850/1000] Best: 12303.6429 | Alpha: 0.1610
PSO-LDIW iteration: 450/1000 - Best fitness: 12251.9767 - w=0.675, c1=1.5, c2=1.5
Traditional PSO iteration: 650/1000 - Best fitness: 12617.6178
      [Iter 850] Action stats: mean=-0.1795±0.6001 [-0.9271-0.4706]
  [Iter 850/1000] Best: 12349.9863 | Alpha: 0.1612
      [Iter 900] Action stats: mean=0.2295±0.7637 [-0.8917-0.8863]
      [Iter 900] Fitness: current=12603.9970, best=12603.9970, diversity=0.251051
      [Iter 900] Reward: 1.0000
  [Iter 900/1000] Best: 12603.9970 | Alpha: 0.1586
      [Iter 850] Action stats: mean=-0.2118±0.5206 [-0.8033-0.9410]
  [Iter 850/1000] Best: 12525.1487 | Alpha: 0.1610
      [Iter 900] Action stats: mean=0.0268±0.5319 [-0.9182-0.6446]
      [Iter 900] Fitness: current=12164.4991, best=12164.4991, diversity=1.607796
      [Iter 900] Reward: 1.0000
      [Iter 850] Action stats: mean=0.0594±0.6798 [-0.9466-0.8175]
  [Iter 850/1000] Best: 12247.3485 | Alpha: 0.1610
  [Iter 900/1000] Best: 12164.4991 | Alpha: 0.1586
      [Iter 900] Action stats: mean=0.0110±0.6311 [-0.8258-0.9652]
      [Iter 900] Fitness: current=12249.1578, best=12249.1578, diversity=3.152957
      [Iter 900] Reward: 1.0000
  [Iter 900/1000] Best: 12249.1578 | Alpha: 0.1586
      [Iter 850] Action stats: mean=0.1511±0.7417 [-0.9702-0.9440]
      [Iter 850] Action stats: mean=-0.1155±0.5001 [-0.8243-0.4634]
  [Iter 850/1000] Best: 12506.4112 | Alpha: 0.1610
[ACTION DEBUG iter 100] Raw action[1:3]: [-0.5953, 0.8415, 0.1444], noise: 0.0500
[RLAMPSO DEBUG iter 100] w=0.3627, c1=2.1403, c2=1.9171 | fitness=12765.74
  [Iter 850/1000] Best: 12484.1290 | Alpha: 0.1621
[REWARD DEBUG iter 100] FitnessImprovement: 1.6332 → Reward: +1.0000 (prevFit=12765.74, currFit=12764.11)
      [Iter 900] Action stats: mean=-0.6228±0.4694 [-0.9972-0.4780]
      [Iter 900] Fitness: current=12348.0162, best=12348.0162, diversity=0.076545
      [Iter 900] Reward: 1.0000
  [Iter 900/1000] Best: 12348.0162 | Alpha: 0.1590
      [Iter 850] Action stats: mean=-0.1799±0.6161 [-0.9152-0.6109]
  [Iter 850/1000] Best: 12209.2289 | Alpha: 0.1612
      [Iter 900] Action stats: mean=0.2784±0.5482 [-0.6359-0.9619]
      [Iter 900] Fitness: current=12660.7685, best=12660.7685, diversity=0.248360
      [Iter 900] Reward: 1.0000
  [Iter 900/1000] Best: 12660.7685 | Alpha: 0.1586
[ACTION DEBUG iter 300] Raw action[1:3]: [0.5603, 0.1673, -0.6225], noise: 0.0500
[RLAMPSO DEBUG iter 300] w=0.5717, c1=2.4272, c2=1.9722 | fitness=12621.44
      [Iter 900] Action stats: mean=-0.1375±0.6420 [-0.9697-0.7718]
      [Iter 900] Fitness: current=12303.6428, best=12303.6428, diversity=1.576444
      [Iter 900] Reward: 1.0000
[REWARD DEBUG iter 300] FitnessImprovement: 0.0000 → Reward: -1.0000 (prevFit=12621.44, currFit=12621.44)
  [Iter 900/1000] Best: 12303.6428 | Alpha: 0.1586
Traditional PSO iteration: 700/1000 - Best fitness: 12278.3012
      [Iter 900] Action stats: mean=-0.1015±0.6238 [-0.8090-0.7649]
      [Iter 900] Fitness: current=12349.9862, best=12349.9862, diversity=1.238163
      [Iter 900] Reward: 1.0000
  [Iter 900/1000] Best: 12349.9862 | Alpha: 0.1591
      [Iter 950] Action stats: mean=-0.0120±0.7236 [-0.9811-0.9982]
  [Iter 950/1000] Best: 12601.9334 | Alpha: 0.1563
      [Iter 900] Action stats: mean=-0.2569±0.5673 [-0.9081-0.7928]
      [Iter 900] Fitness: current=12525.1284, best=12525.1284, diversity=0.035509
      [Iter 900] Reward: -1.0000
  [Iter 900/1000] Best: 12525.1284 | Alpha: 0.1586
      [Iter 950] Action stats: mean=-0.1796±0.6621 [-0.7169-0.9303]
  [Iter 950/1000] Best: 12163.7241 | Alpha: 0.1562
      [Iter 950] Action stats: mean=-0.0655±0.6093 [-0.8779-0.7804]
      [Iter 900] Action stats: mean=-0.3236±0.5937 [-0.8899-0.8229]
  [Iter 950/1000] Best: 12249.1561 | Alpha: 0.1563
      [Iter 900] Fitness: current=12247.3422, best=12247.3422, diversity=1.898324
      [Iter 900] Reward: 1.0000
  [Iter 900/1000] Best: 12247.3422 | Alpha: 0.1586
      [Iter 900] Action stats: mean=0.0883±0.5619 [-0.9264-0.8121]
      [Iter 900] Action stats: mean=-0.0440±0.5076 [-0.7721-0.7282]
      [Iter 900] Fitness: current=12484.1259, best=12484.1259, diversity=0.456390
      [Iter 900] Reward: 1.0000
      [Iter 900] Fitness: current=12506.4112, best=12506.4112, diversity=1.891838
      [Iter 900] Reward: -1.0000
  [Iter 900/1000] Best: 12506.4112 | Alpha: 0.1586
  [Iter 900/1000] Best: 12484.1259 | Alpha: 0.1600
      [Iter 950] Action stats: mean=-0.3101±0.5823 [-0.8730-0.9301]
  [Iter 950/1000] Best: 12348.0136 | Alpha: 0.1570
      [Iter 900] Action stats: mean=0.4872±0.5226 [-0.5386-0.9631]
      [Iter 900] Fitness: current=12203.5879, best=12203.5879, diversity=1.610390
      [Iter 900] Reward: 1.0000
  [Iter 900/1000] Best: 12203.5879 | Alpha: 0.1589
Traditional PSO iteration: 800/1000 - Best fitness: 12298.3015
[ACTION DEBUG iter 200] Raw action[1:3]: [-0.8031, 0.7195, 0.1310], noise: 0.0500
[RLAMPSO DEBUG iter 200] w=0.4098, c1=1.7720, c2=1.7170 | fitness=12678.83
[REWARD DEBUG iter 200] FitnessImprovement: 0.0001 → Reward: +1.0000 (prevFit=12678.83, currFit=12678.83)
      [Iter 950] Action stats: mean=0.1700±0.6030 [-0.9516-0.8017]
      [Iter 950] Action stats: mean=-0.1578±0.6850 [-0.9799-0.9833]
  [Iter 950/1000] Best: 12660.7529 | Alpha: 0.1563
PSO-LDIW iteration: 100/1000 - Best fitness: 12883.6835 - w=0.85, c1=1.5, c2=1.5
  [Iter 950/1000] Best: 12303.6428 | Alpha: 0.1563
Traditional PSO iteration: 1000/1000 - Best fitness: 12196.5924
Traditional PSO completed with final fitness: 12196.5924

========== Planning Complete ==========
Algorithm: PSO
Execution time: 1180.2546 seconds
Path length: 295.1252 units
Waypoints: 7
Best fitness: 12196.5924
========================================


========== Direct Global Planning ==========
Algorithm: PSO_LDIW
Start: [0.0, 0.0, 10.0]
Goal:  [200.0, 200.0, 10.0]
============================================

Starting PSO-LDIW (linearly decreasing inertia weight)...
Number of Initial feasible particles: 0/100
PSO-LDIW iteration: 1/1000 - Best fitness: 21577.8221 - w=0.8995, c1=1.5, c2=1.5
      [Iter 950] Action stats: mean=-0.4350±0.3383 [-0.9546-0.0567]
  [Iter 950/1000] Best: 12349.9862 | Alpha: 0.1570
      [Iter 1000] Action stats: mean=0.0530±0.7996 [-0.9718-0.9790]
      [Iter 1000] Fitness: current=12601.7420, best=12601.7420, diversity=0.122813
      [Iter 1000] Reward: 1.0000
  [Iter 1000/1000] Best: 12601.7420 | Alpha: 0.1540

╔════════════════════════════════════════════════════════════╗
║              RRSACPSO TRAINING COMPLETE                   ║
╚════════════════════════════════════════════════════════════╝
  Mode:              online
  Episodes:          1
  Iterations/Ep:     1000
  Population Size:   100
  Best Fitness:      12601.7420
  Path Length:       5 waypoints


========== Planning Complete ==========
Algorithm: RRSACPSO
Execution time: 306.5974 seconds
Path length: 289.3785 units
Waypoints: 7
Best fitness: 12601.7420
========================================

      [Iter 950] Action stats: mean=0.0093±0.7615 [-0.9654-0.8372]

========== Direct Global Planning ==========
Algorithm: RLAMPSO
Start: [0.0, 0.0, 10.0]
Goal:  [200.0, 200.0, 10.0]
============================================


╔════════════════════════════════════════════════════════╗
║     RLAM-PSO Configuration (GPU-Optimized)            ║
╚════════════════════════════════════════════════════════╝

Mode: baseline

--- Features Enabled ---
  Transformer State: OFF (state: 15D)
  TD3:               OFF
  PER:               OFF
  Curriculum:        OFF

--- Compute Configuration ---
  Mode:              GPU-Optimized Sequential
  GPU:               OFF (CPU fallback)
  Parallel:          OFF (disabled for dlnetwork compatibility)

--- Training Parameters ---
  Episodes:          100
  Population:        40
  Max Iterations:    600
  Batch Size:        256 (GPU-optimized)
  Actor LR:          0.00010
  Critic LR:         0.00100

--- GPU Optimization (2025) ---
  Gradient Steps/Call:  1
  Train Every:          1 iterations
  Mid-Episode Training: ON
  Estimated UTD Ratio:  ~600.0

════════════════════════════════════════════════════════


╔════════════════════════════════════════════════════════╗
║     RLAM-PSO Configuration (GPU-Optimized)            ║
╚════════════════════════════════════════════════════════╝

Mode: baseline

--- Features Enabled ---
  Transformer State: OFF (state: 15D)
  TD3:               OFF
  PER:               OFF
  Curriculum:        OFF

--- Compute Configuration ---
  Mode:              GPU-Optimized Sequential
  GPU:               OFF (CPU fallback)
  Parallel:          OFF (disabled for dlnetwork compatibility)

--- Training Parameters ---
  Episodes:          100
  Population:        40
  Max Iterations:    600
  Batch Size:        256 (GPU-optimized)
  Actor LR:          0.00010
  Critic LR:         0.00100

--- GPU Optimization (2025) ---
  Gradient Steps/Call:  1
  Train Every:          1 iterations
  Mid-Episode Training: ON
  Estimated UTD Ratio:  ~600.0

════════════════════════════════════════════════════════

  [Iter 950/1000] Best: 12525.1269 | Alpha: 0.1562
      [Iter 1000] Action stats: mean=-0.0156±0.5476 [-0.8922-0.8356]
      [Iter 1000] Action stats: mean=-0.1241±0.5190 [-0.8953-0.5744]
      [Iter 1000] Fitness: current=12163.6337, best=12163.6337, diversity=0.784382
      [Iter 1000] Reward: 1.0000
  [Iter 1000/1000] Best: 12163.6337 | Alpha: 0.1539

╔════════════════════════════════════════════════════════════╗
║              RRSACPSO TRAINING COMPLETE                   ║
╚════════════════════════════════════════════════════════════╝
  Mode:              online
  Episodes:          1
  Iterations/Ep:     1000
  Population Size:   100
  Best Fitness:      12163.6337
  Path Length:       5 waypoints


========== Planning Complete ==========
Algorithm: RRSACPSO
Execution time: 316.0817 seconds
Path length: 287.1025 units
Waypoints: 7
Best fitness: 12163.6337
========================================

      [Iter 1000] Fitness: current=12249.1487, best=12249.1487, diversity=2.413105
      [Iter 1000] Reward: 1.0000
  [Iter 1000/1000] Best: 12249.1487 | Alpha: 0.1540

╔════════════════════════════════════════════════════════════╗
║              RRSACPSO TRAINING COMPLETE                   ║
╚════════════════════════════════════════════════════════════╝
  Mode:              online
  Episodes:          1
  Iterations/Ep:     1000
  Population Size:   100
  Best Fitness:      12249.1487
  Path Length:       5 waypoints


========== Direct Global Planning ==========
Algorithm: RLAMPSO
Start: [0.0, 0.0, 10.0]
Goal:  [200.0, 200.0, 10.0]
============================================


╔════════════════════════════════════════════════════════╗
║     RLAM-PSO Configuration (GPU-Optimized)            ║
╚════════════════════════════════════════════════════════╝

Mode: baseline

--- Features Enabled ---
  Transformer State: OFF (state: 15D)
  TD3:               OFF
  PER:               OFF
  Curriculum:        OFF

--- Compute Configuration ---
  Mode:              GPU-Optimized Sequential
  GPU:               OFF (CPU fallback)
  Parallel:          OFF (disabled for dlnetwork compatibility)

--- Training Parameters ---
  Episodes:          100
  Population:        40
  Max Iterations:    600
  Batch Size:        256 (GPU-optimized)
  Actor LR:          0.00010
  Critic LR:         0.00100

--- GPU Optimization (2025) ---
  Gradient Steps/Call:  1
  Train Every:          1 iterations
  Mid-Episode Training: ON
  Estimated UTD Ratio:  ~600.0

════════════════════════════════════════════════════════


╔════════════════════════════════════════════════════════╗
║     RLAM-PSO Configuration (GPU-Optimized)            ║
╚════════════════════════════════════════════════════════╝

Mode: baseline

--- Features Enabled ---
  Transformer State: OFF (state: 15D)
  TD3:               OFF
  PER:               OFF
  Curriculum:        OFF

--- Compute Configuration ---
  Mode:              GPU-Optimized Sequential
  GPU:               OFF (CPU fallback)
  Parallel:          OFF (disabled for dlnetwork compatibility)

--- Training Parameters ---
  Episodes:          100
  Population:        40
  Max Iterations:    600
  Batch Size:        256 (GPU-optimized)
  Actor LR:          0.00010
  Critic LR:         0.00100

--- GPU Optimization (2025) ---
  Gradient Steps/Call:  1
  Train Every:          1 iterations
  Mid-Episode Training: ON
  Estimated UTD Ratio:  ~600.0

════════════════════════════════════════════════════════


========== Planning Complete ==========
Algorithm: RRSACPSO
Execution time: 310.3810 seconds
Path length: 287.6291 units
Waypoints: 7
Best fitness: 12249.1487
========================================

      [Iter 950] Action stats: mean=-0.2665±0.5921 [-0.9599-0.6007]
PSO-LDIW iteration: 100/1000 - Best fitness: 12969.3501 - w=0.85, c1=1.5, c2=1.5

========== Direct Global Planning ==========
Algorithm: RLAMPSO
Start: [0.0, 0.0, 10.0]
Goal:  [200.0, 200.0, 10.0]
============================================


╔════════════════════════════════════════════════════════╗
║     RLAM-PSO Configuration (GPU-Optimized)            ║
╚════════════════════════════════════════════════════════╝

Mode: baseline

--- Features Enabled ---
  Transformer State: OFF (state: 15D)
  TD3:               OFF
  PER:               OFF
  Curriculum:        OFF

--- Compute Configuration ---
  Mode:              GPU-Optimized Sequential
  GPU:               OFF (CPU fallback)
  Parallel:          OFF (disabled for dlnetwork compatibility)

--- Training Parameters ---
  Episodes:          100
  Population:        40
  Max Iterations:    600
  Batch Size:        256 (GPU-optimized)
  Actor LR:          0.00010
  Critic LR:         0.00100

--- GPU Optimization (2025) ---
  Gradient Steps/Call:  1
  Train Every:          1 iterations
  Mid-Episode Training: ON
  Estimated UTD Ratio:  ~600.0

════════════════════════════════════════════════════════


╔════════════════════════════════════════════════════════╗
║     RLAM-PSO Configuration (GPU-Optimized)            ║
╚════════════════════════════════════════════════════════╝

Mode: baseline

--- Features Enabled ---
  Transformer State: OFF (state: 15D)
  TD3:               OFF
  PER:               OFF
  Curriculum:        OFF

--- Compute Configuration ---
  Mode:              GPU-Optimized Sequential
  GPU:               OFF (CPU fallback)
  Parallel:          OFF (disabled for dlnetwork compatibility)

--- Training Parameters ---
  Episodes:          100
  Population:        40
  Max Iterations:    600
  Batch Size:        256 (GPU-optimized)
  Actor LR:          0.00010
  Critic LR:         0.00100

--- GPU Optimization (2025) ---
  Gradient Steps/Call:  1
  Train Every:          1 iterations
  Mid-Episode Training: ON
  Estimated UTD Ratio:  ~600.0

════════════════════════════════════════════════════════

  [Iter 950/1000] Best: 12247.3363 | Alpha: 0.1563
[ACTION DEBUG iter 400] Raw action[1:3]: [-0.1469, 0.1583, -0.6774], noise: 0.0500
[RLAMPSO DEBUG iter 400] w=0.4698, c1=2.2194, c2=1.9153 | fitness=12619.78
      [Iter 950] Action stats: mean=-0.0255±0.4706 [-0.7414-0.9750]
[REWARD DEBUG iter 400] FitnessImprovement: 0.1250 → Reward: +1.0000 (prevFit=12619.78, currFit=12619.66)
  [Iter 950/1000] Best: 12506.4112 | Alpha: 0.1562
      [Iter 950] Action stats: mean=-0.4998±0.4025 [-0.9623-0.2266]
      [Iter 1000] Action stats: mean=0.0779±0.6295 [-0.8929-0.9273]
  [Iter 950/1000] Best: 12484.0850 | Alpha: 0.1578
      [Iter 1000] Fitness: current=12348.0134, best=12348.0134, diversity=0.101070
      [Iter 1000] Reward: -1.0000
  [Iter 1000/1000] Best: 12348.0134 | Alpha: 0.1550

╔════════════════════════════════════════════════════════════╗
║              RRSACPSO TRAINING COMPLETE                   ║
╚════════════════════════════════════════════════════════════╝
  Mode:              online
  Episodes:          1
  Iterations/Ep:     1000
  Population Size:   100
  Best Fitness:      12348.0134
  Path Length:       5 waypoints


========== Planning Complete ==========
Algorithm: RRSACPSO
Execution time: 310.7365 seconds
Path length: 316.0146 units
Waypoints: 7
Best fitness: 12348.0134
========================================

      [Iter 950] Action stats: mean=0.1052±0.3521 [-0.3934-0.6882]

========== Direct Global Planning ==========
Algorithm: RLAMPSO
Start: [0.0, 0.0, 10.0]
Goal:  [200.0, 200.0, 10.0]
============================================


╔════════════════════════════════════════════════════════╗
║     RLAM-PSO Configuration (GPU-Optimized)            ║
╚════════════════════════════════════════════════════════╝

Mode: baseline

--- Features Enabled ---
  Transformer State: OFF (state: 15D)
  TD3:               OFF
  PER:               OFF
  Curriculum:        OFF

--- Compute Configuration ---
  Mode:              GPU-Optimized Sequential
  GPU:               OFF (CPU fallback)
  Parallel:          OFF (disabled for dlnetwork compatibility)

--- Training Parameters ---
  Episodes:          100
  Population:        40
  Max Iterations:    600
  Batch Size:        256 (GPU-optimized)
  Actor LR:          0.00010
  Critic LR:         0.00100

--- GPU Optimization (2025) ---
  Gradient Steps/Call:  1
  Train Every:          1 iterations
  Mid-Episode Training: ON
  Estimated UTD Ratio:  ~600.0

════════════════════════════════════════════════════════


╔════════════════════════════════════════════════════════╗
║     RLAM-PSO Configuration (GPU-Optimized)            ║
╚════════════════════════════════════════════════════════╝

Mode: baseline

--- Features Enabled ---
  Transformer State: OFF (state: 15D)
  TD3:               OFF
  PER:               OFF
  Curriculum:        OFF

--- Compute Configuration ---
  Mode:              GPU-Optimized Sequential
  GPU:               OFF (CPU fallback)
  Parallel:          OFF (disabled for dlnetwork compatibility)

--- Training Parameters ---
  Episodes:          100
  Population:        40
  Max Iterations:    600
  Batch Size:        256 (GPU-optimized)
  Actor LR:          0.00010
  Critic LR:         0.00100

--- GPU Optimization (2025) ---
  Gradient Steps/Call:  1
  Train Every:          1 iterations
  Mid-Episode Training: ON
  Estimated UTD Ratio:  ~600.0

════════════════════════════════════════════════════════

  [Iter 950/1000] Best: 12202.2135 | Alpha: 0.1565
      [Iter 1000] Action stats: mean=0.1261±0.5877 [-0.4541-0.9283]
      [Iter 1000] Fitness: current=12660.7401, best=12660.7401, diversity=0.002817
      [Iter 1000] Reward: -1.0000
Traditional PSO iteration: 1000/1000 - Best fitness: 12586.234
Traditional PSO completed with final fitness: 12586.234

========== Planning Complete ==========
Algorithm: PSO
Execution time: 1192.4347 seconds
Path length: 292.5761 units
Waypoints: 7
Best fitness: 12586.2340
========================================


========== Direct Global Planning ==========
Algorithm: PSO_LDIW
Start: [0.0, 0.0, 10.0]
Goal:  [200.0, 200.0, 10.0]
============================================

Starting PSO-LDIW (linearly decreasing inertia weight)...
  [Iter 1000/1000] Best: 12660.7401 | Alpha: 0.1539

╔════════════════════════════════════════════════════════════╗
║              RRSACPSO TRAINING COMPLETE                   ║
╚════════════════════════════════════════════════════════════╝
  Mode:              online
  Episodes:          1
  Iterations/Ep:     1000
  Population Size:   100
  Best Fitness:      12660.7401
  Path Length:       5 waypoints


========== Planning Complete ==========
Algorithm: RRSACPSO
Execution time: 308.7030 seconds
Path length: 294.5700 units
Waypoints: 7
Best fitness: 12660.7401
========================================

Number of Initial feasible particles: 0/100
PSO-LDIW iteration: 1/1000 - Best fitness: 34133.0906 - w=0.8995, c1=1.5, c2=1.5
      [Iter 1000] Action stats: mean=-0.1135±0.5765 [-0.8400-0.8112]

========== Direct Global Planning ==========
Algorithm: RLAMPSO
Start: [0.0, 0.0, 10.0]
Goal:  [200.0, 200.0, 10.0]
============================================


╔════════════════════════════════════════════════════════╗
║     RLAM-PSO Configuration (GPU-Optimized)            ║
╚════════════════════════════════════════════════════════╝

Mode: baseline

--- Features Enabled ---
  Transformer State: OFF (state: 15D)
  TD3:               OFF
  PER:               OFF
  Curriculum:        OFF

--- Compute Configuration ---
  Mode:              GPU-Optimized Sequential
  GPU:               OFF (CPU fallback)
  Parallel:          OFF (disabled for dlnetwork compatibility)

--- Training Parameters ---
  Episodes:          100
  Population:        40
  Max Iterations:    600
  Batch Size:        256 (GPU-optimized)
  Actor LR:          0.00010
  Critic LR:         0.00100

--- GPU Optimization (2025) ---
  Gradient Steps/Call:  1
  Train Every:          1 iterations
  Mid-Episode Training: ON
  Estimated UTD Ratio:  ~600.0

════════════════════════════════════════════════════════


╔════════════════════════════════════════════════════════╗
║     RLAM-PSO Configuration (GPU-Optimized)            ║
╚════════════════════════════════════════════════════════╝

Mode: baseline

--- Features Enabled ---
  Transformer State: OFF (state: 15D)
  TD3:               OFF
  PER:               OFF
  Curriculum:        OFF

--- Compute Configuration ---
  Mode:              GPU-Optimized Sequential
  GPU:               OFF (CPU fallback)
  Parallel:          OFF (disabled for dlnetwork compatibility)

--- Training Parameters ---
  Episodes:          100
  Population:        40
  Max Iterations:    600
  Batch Size:        256 (GPU-optimized)
  Actor LR:          0.00010
  Critic LR:         0.00100

--- GPU Optimization (2025) ---
  Gradient Steps/Call:  1
  Train Every:          1 iterations
  Mid-Episode Training: ON
  Estimated UTD Ratio:  ~600.0

════════════════════════════════════════════════════════

      [Iter 1000] Fitness: current=12303.6428, best=12303.6428, diversity=0.811464
      [Iter 1000] Reward: 1.0000
  [Iter 1000/1000] Best: 12303.6428 | Alpha: 0.1540

╔════════════════════════════════════════════════════════════╗
║              RRSACPSO TRAINING COMPLETE                   ║
╚════════════════════════════════════════════════════════════╝
  Mode:              online
  Episodes:          1
  Iterations/Ep:     1000
  Population Size:   100
  Best Fitness:      12303.6428
  Path Length:       5 waypoints


========== Planning Complete ==========
Algorithm: RRSACPSO
Execution time: 311.9812 seconds
Path length: 320.8526 units
Waypoints: 7
Best fitness: 12303.6428
========================================


========== Direct Global Planning ==========
Algorithm: RLAMPSO
Start: [0.0, 0.0, 10.0]
Goal:  [200.0, 200.0, 10.0]
============================================


╔════════════════════════════════════════════════════════╗
║     RLAM-PSO Configuration (GPU-Optimized)            ║
╚════════════════════════════════════════════════════════╝

Mode: baseline

--- Features Enabled ---
  Transformer State: OFF (state: 15D)
  TD3:               OFF
  PER:               OFF
  Curriculum:        OFF

--- Compute Configuration ---
  Mode:              GPU-Optimized Sequential
  GPU:               OFF (CPU fallback)
  Parallel:          OFF (disabled for dlnetwork compatibility)

--- Training Parameters ---
  Episodes:          100
  Population:        40
  Max Iterations:    600
  Batch Size:        256 (GPU-optimized)
  Actor LR:          0.00010
  Critic LR:         0.00100

--- GPU Optimization (2025) ---
  Gradient Steps/Call:  1
  Train Every:          1 iterations
  Mid-Episode Training: ON
  Estimated UTD Ratio:  ~600.0

════════════════════════════════════════════════════════


╔════════════════════════════════════════════════════════╗
║     RLAM-PSO Configuration (GPU-Optimized)            ║
╚════════════════════════════════════════════════════════╝

Mode: baseline

--- Features Enabled ---
  Transformer State: OFF (state: 15D)
  TD3:               OFF
  PER:               OFF
  Curriculum:        OFF

--- Compute Configuration ---
  Mode:              GPU-Optimized Sequential
  GPU:               OFF (CPU fallback)
  Parallel:          OFF (disabled for dlnetwork compatibility)

--- Training Parameters ---
  Episodes:          100
  Population:        40
  Max Iterations:    600
  Batch Size:        256 (GPU-optimized)
  Actor LR:          0.00010
  Critic LR:         0.00100

--- GPU Optimization (2025) ---
  Gradient Steps/Call:  1
  Train Every:          1 iterations
  Mid-Episode Training: ON
  Estimated UTD Ratio:  ~600.0

════════════════════════════════════════════════════════

[ACTION DEBUG iter 300] Raw action[1:3]: [-0.9344, 0.5692, -0.1318], noise: 0.0500
[ACTION DEBUG iter 300] WARNING: 1/20 actions clipped (network saturating)
[RLAMPSO DEBUG iter 300] w=0.4175, c1=1.6950, c2=1.7025 | fitness=12596.32
[REWARD DEBUG iter 300] FitnessImprovement: 0.2156 → Reward: +1.0000 (prevFit=12596.32, currFit=12596.10)
Traditional PSO iteration: 800/1000 - Best fitness: 12264.5247
Traditional PSO iteration: 850/1000 - Best fitness: 12407.6035
      [Iter 1000] Action stats: mean=-0.1241±0.4131 [-0.6342-0.5291]
      [Iter 1000] Fitness: current=12349.9862, best=12349.9862, diversity=0.525359
      [Iter 1000] Reward: 1.0000
  [Iter 1000/1000] Best: 12349.9862 | Alpha: 0.1550

╔════════════════════════════════════════════════════════════╗
║              RRSACPSO TRAINING COMPLETE                   ║
╚════════════════════════════════════════════════════════════╝
  Mode:              online
  Episodes:          1
  Iterations/Ep:     1000
  Population Size:   100
  Best Fitness:      12349.9862
  Path Length:       5 waypoints


========== Planning Complete ==========
Algorithm: RRSACPSO
Execution time: 313.0014 seconds
Path length: 296.3112 units
Waypoints: 7
Best fitness: 12349.9862
========================================

PSO-LDIW iteration: 350/1000 - Best fitness: 12896.4879 - w=0.725, c1=1.5, c2=1.5

========== Direct Global Planning ==========
Algorithm: RLAMPSO
Start: [0.0, 0.0, 10.0]
Goal:  [200.0, 200.0, 10.0]
============================================


╔════════════════════════════════════════════════════════╗
║     RLAM-PSO Configuration (GPU-Optimized)            ║
╚════════════════════════════════════════════════════════╝

Mode: baseline

--- Features Enabled ---
  Transformer State: OFF (state: 15D)
  TD3:               OFF
  PER:               OFF
  Curriculum:        OFF

--- Compute Configuration ---
  Mode:              GPU-Optimized Sequential
  GPU:               OFF (CPU fallback)
  Parallel:          OFF (disabled for dlnetwork compatibility)

--- Training Parameters ---
  Episodes:          100
  Population:        40
  Max Iterations:    600
  Batch Size:        256 (GPU-optimized)
  Actor LR:          0.00010
  Critic LR:         0.00100

--- GPU Optimization (2025) ---
  Gradient Steps/Call:  1
  Train Every:          1 iterations
  Mid-Episode Training: ON
  Estimated UTD Ratio:  ~600.0

════════════════════════════════════════════════════════


╔════════════════════════════════════════════════════════╗
║     RLAM-PSO Configuration (GPU-Optimized)            ║
╚════════════════════════════════════════════════════════╝

Mode: baseline

--- Features Enabled ---
  Transformer State: OFF (state: 15D)
  TD3:               OFF
  PER:               OFF
  Curriculum:        OFF

--- Compute Configuration ---
  Mode:              GPU-Optimized Sequential
  GPU:               OFF (CPU fallback)
  Parallel:          OFF (disabled for dlnetwork compatibility)

--- Training Parameters ---
  Episodes:          100
  Population:        40
  Max Iterations:    600
  Batch Size:        256 (GPU-optimized)
  Actor LR:          0.00010
  Critic LR:         0.00100

--- GPU Optimization (2025) ---
  Gradient Steps/Call:  1
  Train Every:          1 iterations
  Mid-Episode Training: ON
  Estimated UTD Ratio:  ~600.0

════════════════════════════════════════════════════════

      [Iter 1000] Action stats: mean=0.0614±0.6521 [-0.7845-0.9528]
      [Iter 1000] Fitness: current=12525.1268, best=12525.1268, diversity=0.000000
      [Iter 1000] Reward: 1.0000
  [Iter 1000/1000] Best: 12525.1268 | Alpha: 0.1539

╔════════════════════════════════════════════════════════════╗
║              RRSACPSO TRAINING COMPLETE                   ║
╚════════════════════════════════════════════════════════════╝
  Mode:              online
  Episodes:          1
  Iterations/Ep:     1000
  Population Size:   100
  Best Fitness:      12525.1268
  Path Length:       5 waypoints


========== Planning Complete ==========
Algorithm: RRSACPSO
Execution time: 310.1688 seconds
Path length: 287.9177 units
Waypoints: 7
Best fitness: 12525.1268
========================================


========== Direct Global Planning ==========
Algorithm: RLAMPSO
Start: [0.0, 0.0, 10.0]
Goal:  [200.0, 200.0, 10.0]
============================================


╔════════════════════════════════════════════════════════╗
║     RLAM-PSO Configuration (GPU-Optimized)            ║
╚════════════════════════════════════════════════════════╝

Mode: baseline

--- Features Enabled ---
  Transformer State: OFF (state: 15D)
  TD3:               OFF
  PER:               OFF
  Curriculum:        OFF

--- Compute Configuration ---
  Mode:              GPU-Optimized Sequential
  GPU:               OFF (CPU fallback)
  Parallel:          OFF (disabled for dlnetwork compatibility)

--- Training Parameters ---
  Episodes:          100
  Population:        40
  Max Iterations:    600
  Batch Size:        256 (GPU-optimized)
  Actor LR:          0.00010
  Critic LR:         0.00100

--- GPU Optimization (2025) ---
  Gradient Steps/Call:  1
  Train Every:          1 iterations
  Mid-Episode Training: ON
  Estimated UTD Ratio:  ~600.0

════════════════════════════════════════════════════════


╔════════════════════════════════════════════════════════╗
║     RLAM-PSO Configuration (GPU-Optimized)            ║
╚════════════════════════════════════════════════════════╝

Mode: baseline

--- Features Enabled ---
  Transformer State: OFF (state: 15D)
  TD3:               OFF
  PER:               OFF
  Curriculum:        OFF

--- Compute Configuration ---
  Mode:              GPU-Optimized Sequential
  GPU:               OFF (CPU fallback)
  Parallel:          OFF (disabled for dlnetwork compatibility)

--- Training Parameters ---
  Episodes:          100
  Population:        40
  Max Iterations:    600
  Batch Size:        256 (GPU-optimized)
  Actor LR:          0.00010
  Critic LR:         0.00100

--- GPU Optimization (2025) ---
  Gradient Steps/Call:  1
  Train Every:          1 iterations
  Mid-Episode Training: ON
  Estimated UTD Ratio:  ~600.0

════════════════════════════════════════════════════════

      [Iter 1000] Action stats: mean=0.0601±0.7984 [-0.9230-0.9129]
      [Iter 1000] Fitness: current=12247.3362, best=12247.3362, diversity=1.136989
      [Iter 1000] Reward: -1.0000
  [Iter 1000/1000] Best: 12247.3362 | Alpha: 0.1543

╔════════════════════════════════════════════════════════════╗
║              RRSACPSO TRAINING COMPLETE                   ║
╚════════════════════════════════════════════════════════════╝
  Mode:              online
  Episodes:          1
  Iterations/Ep:     1000
  Population Size:   100
  Best Fitness:      12247.3362
  Path Length:       5 waypoints


========== Planning Complete ==========
Algorithm: RRSACPSO
Execution time: 314.9502 seconds
Path length: 287.6955 units
Waypoints: 7
Best fitness: 12247.3362
========================================


========== Direct Global Planning ==========
Algorithm: RLAMPSO
Start: [0.0, 0.0, 10.0]
Goal:  [200.0, 200.0, 10.0]
============================================


╔════════════════════════════════════════════════════════╗
║     RLAM-PSO Configuration (GPU-Optimized)            ║
╚════════════════════════════════════════════════════════╝

Mode: baseline

--- Features Enabled ---
  Transformer State: OFF (state: 15D)
  TD3:               OFF
  PER:               OFF
  Curriculum:        OFF

--- Compute Configuration ---
  Mode:              GPU-Optimized Sequential
  GPU:               OFF (CPU fallback)
  Parallel:          OFF (disabled for dlnetwork compatibility)

--- Training Parameters ---
  Episodes:          100
  Population:        40
  Max Iterations:    600
  Batch Size:        256 (GPU-optimized)
  Actor LR:          0.00010
  Critic LR:         0.00100

--- GPU Optimization (2025) ---
  Gradient Steps/Call:  1
  Train Every:          1 iterations
  Mid-Episode Training: ON
  Estimated UTD Ratio:  ~600.0

════════════════════════════════════════════════════════


╔════════════════════════════════════════════════════════╗
║     RLAM-PSO Configuration (GPU-Optimized)            ║
╚════════════════════════════════════════════════════════╝

Mode: baseline

--- Features Enabled ---
  Transformer State: OFF (state: 15D)
  TD3:               OFF
  PER:               OFF
  Curriculum:        OFF

--- Compute Configuration ---
  Mode:              GPU-Optimized Sequential
  GPU:               OFF (CPU fallback)
  Parallel:          OFF (disabled for dlnetwork compatibility)

--- Training Parameters ---
  Episodes:          100
  Population:        40
  Max Iterations:    600
  Batch Size:        256 (GPU-optimized)
  Actor LR:          0.00010
  Critic LR:         0.00100

--- GPU Optimization (2025) ---
  Gradient Steps/Call:  1
  Train Every:          1 iterations
  Mid-Episode Training: ON
  Estimated UTD Ratio:  ~600.0

════════════════════════════════════════════════════════

      [Iter 1000] Action stats: mean=-0.5363±0.4648 [-0.9253-0.4190]
      [Iter 1000] Action stats: mean=-0.0202±0.6272 [-0.8260-0.7804]
      [Iter 1000] Fitness: current=12484.0646, best=12484.0646, diversity=0.135208
      [Iter 1000] Reward: 1.0000
  [Iter 1000/1000] Best: 12484.0646 | Alpha: 0.1557

╔════════════════════════════════════════════════════════════╗
║              RRSACPSO TRAINING COMPLETE                   ║
╚════════════════════════════════════════════════════════════╝
  Mode:              online
  Episodes:          1
  Iterations/Ep:     1000
  Population Size:   100
  Best Fitness:      12484.0646
  Path Length:       5 waypoints


========== Planning Complete ==========
Algorithm: RRSACPSO
Execution time: 315.4233 seconds
Path length: 290.4547 units
Waypoints: 7
Best fitness: 12484.0646
========================================

      [Iter 1000] Fitness: current=12506.4091, best=12506.4091, diversity=2.065774
      [Iter 1000] Reward: 1.0000
  [Iter 1000/1000] Best: 12506.4091 | Alpha: 0.1540

╔════════════════════════════════════════════════════════════╗
║              RRSACPSO TRAINING COMPLETE                   ║
╚════════════════════════════════════════════════════════════╝
  Mode:              online
  Episodes:          1
  Iterations/Ep:     1000
  Population Size:   100
  Best Fitness:      12506.4091
  Path Length:       5 waypoints


========== Planning Complete ==========
Algorithm: RRSACPSO
Execution time: 314.9567 seconds
Path length: 323.7638 units
Waypoints: 7
Best fitness: 12506.4091
========================================


========== Direct Global Planning ==========
Algorithm: RLAMPSO
Start: [0.0, 0.0, 10.0]
Goal:  [200.0, 200.0, 10.0]
============================================


╔════════════════════════════════════════════════════════╗
║     RLAM-PSO Configuration (GPU-Optimized)            ║
╚════════════════════════════════════════════════════════╝

Mode: baseline

--- Features Enabled ---
  Transformer State: OFF (state: 15D)
  TD3:               OFF
  PER:               OFF
  Curriculum:        OFF

--- Compute Configuration ---
  Mode:              GPU-Optimized Sequential
  GPU:               OFF (CPU fallback)
  Parallel:          OFF (disabled for dlnetwork compatibility)

--- Training Parameters ---
  Episodes:          100
  Population:        40
  Max Iterations:    600
  Batch Size:        256 (GPU-optimized)
  Actor LR:          0.00010
  Critic LR:         0.00100

--- GPU Optimization (2025) ---
  Gradient Steps/Call:  1
  Train Every:          1 iterations
  Mid-Episode Training: ON
  Estimated UTD Ratio:  ~600.0

════════════════════════════════════════════════════════


╔════════════════════════════════════════════════════════╗
║     RLAM-PSO Configuration (GPU-Optimized)            ║
╚════════════════════════════════════════════════════════╝

Mode: baseline

--- Features Enabled ---
  Transformer State: OFF (state: 15D)
  TD3:               OFF
  PER:               OFF
  Curriculum:        OFF

--- Compute Configuration ---
  Mode:              GPU-Optimized Sequential
  GPU:               OFF (CPU fallback)
  Parallel:          OFF (disabled for dlnetwork compatibility)

--- Training Parameters ---
  Episodes:          100
  Population:        40
  Max Iterations:    600
  Batch Size:        256 (GPU-optimized)
  Actor LR:          0.00010
  Critic LR:         0.00100

--- GPU Optimization (2025) ---
  Gradient Steps/Call:  1
  Train Every:          1 iterations
  Mid-Episode Training: ON
  Estimated UTD Ratio:  ~600.0

════════════════════════════════════════════════════════


========== Direct Global Planning ==========
Algorithm: RLAMPSO
Start: [0.0, 0.0, 10.0]
Goal:  [200.0, 200.0, 10.0]
============================================


╔════════════════════════════════════════════════════════╗
║     RLAM-PSO Configuration (GPU-Optimized)            ║
╚════════════════════════════════════════════════════════╝

Mode: baseline

--- Features Enabled ---
  Transformer State: OFF (state: 15D)
  TD3:               OFF
  PER:               OFF
  Curriculum:        OFF

--- Compute Configuration ---
  Mode:              GPU-Optimized Sequential
  GPU:               OFF (CPU fallback)
  Parallel:          OFF (disabled for dlnetwork compatibility)

--- Training Parameters ---
  Episodes:          100
  Population:        40
  Max Iterations:    600
  Batch Size:        256 (GPU-optimized)
  Actor LR:          0.00010
  Critic LR:         0.00100

--- GPU Optimization (2025) ---
  Gradient Steps/Call:  1
  Train Every:          1 iterations
  Mid-Episode Training: ON
  Estimated UTD Ratio:  ~600.0

════════════════════════════════════════════════════════


╔════════════════════════════════════════════════════════╗
║     RLAM-PSO Configuration (GPU-Optimized)            ║
╚════════════════════════════════════════════════════════╝

Mode: baseline

--- Features Enabled ---
  Transformer State: OFF (state: 15D)
  TD3:               OFF
  PER:               OFF
  Curriculum:        OFF

--- Compute Configuration ---
  Mode:              GPU-Optimized Sequential
  GPU:               OFF (CPU fallback)
  Parallel:          OFF (disabled for dlnetwork compatibility)

--- Training Parameters ---
  Episodes:          100
  Population:        40
  Max Iterations:    600
  Batch Size:        256 (GPU-optimized)
  Actor LR:          0.00010
  Critic LR:         0.00100

--- GPU Optimization (2025) ---
  Gradient Steps/Call:  1
  Train Every:          1 iterations
  Mid-Episode Training: ON
  Estimated UTD Ratio:  ~600.0

════════════════════════════════════════════════════════

[ACTION DEBUG iter 100] Raw action[1:3]: [0.0570, -0.5974, 0.4302], noise: 0.0500
[RLAMPSO DEBUG iter 100] w=0.5138, c1=1.4874, c2=1.7704 | fitness=12705.15
[REWARD DEBUG iter 100] FitnessImprovement: 0.4251 → Reward: +1.0000 (prevFit=12705.15, currFit=12704.73)
      [Iter 1000] Action stats: mean=0.0721±0.6050 [-0.9401-0.9699]
      [Iter 1000] Fitness: current=12202.1676, best=12202.1676, diversity=1.659147
      [Iter 1000] Reward: 1.0000
  [Iter 1000/1000] Best: 12202.1676 | Alpha: 0.1543

╔════════════════════════════════════════════════════════════╗
║              RRSACPSO TRAINING COMPLETE                   ║
╚════════════════════════════════════════════════════════════╝
  Mode:              online
  Episodes:          1
  Iterations/Ep:     1000
  Population Size:   100
  Best Fitness:      12202.1676
  Path Length:       5 waypoints


========== Planning Complete ==========
Algorithm: RRSACPSO
Execution time: 309.2887 seconds
Path length: 287.7974 units
Waypoints: 7
Best fitness: 12202.1676
========================================


========== Direct Global Planning ==========
Algorithm: RLAMPSO
Start: [0.0, 0.0, 10.0]
Goal:  [200.0, 200.0, 10.0]
============================================


╔════════════════════════════════════════════════════════╗
║     RLAM-PSO Configuration (GPU-Optimized)            ║
╚════════════════════════════════════════════════════════╝

Mode: baseline

--- Features Enabled ---
  Transformer State: OFF (state: 15D)
  TD3:               OFF
  PER:               OFF
  Curriculum:        OFF

--- Compute Configuration ---
  Mode:              GPU-Optimized Sequential
  GPU:               OFF (CPU fallback)
  Parallel:          OFF (disabled for dlnetwork compatibility)

--- Training Parameters ---
  Episodes:          100
  Population:        40
  Max Iterations:    600
  Batch Size:        256 (GPU-optimized)
  Actor LR:          0.00010
  Critic LR:         0.00100

--- GPU Optimization (2025) ---
  Gradient Steps/Call:  1
  Train Every:          1 iterations
  Mid-Episode Training: ON
  Estimated UTD Ratio:  ~600.0

════════════════════════════════════════════════════════


╔════════════════════════════════════════════════════════╗
║     RLAM-PSO Configuration (GPU-Optimized)            ║
╚════════════════════════════════════════════════════════╝

Mode: baseline

--- Features Enabled ---
  Transformer State: OFF (state: 15D)
  TD3:               OFF
  PER:               OFF
  Curriculum:        OFF

--- Compute Configuration ---
  Mode:              GPU-Optimized Sequential
  GPU:               OFF (CPU fallback)
  Parallel:          OFF (disabled for dlnetwork compatibility)

--- Training Parameters ---
  Episodes:          100
  Population:        40
  Max Iterations:    600
  Batch Size:        256 (GPU-optimized)
  Actor LR:          0.00010
  Critic LR:         0.00100

--- GPU Optimization (2025) ---
  Gradient Steps/Call:  1
  Train Every:          1 iterations
  Mid-Episode Training: ON
  Estimated UTD Ratio:  ~600.0

════════════════════════════════════════════════════════

[ACTION DEBUG iter 100] Raw action[1:3]: [0.0575, 0.2293, -0.0249], noise: 0.0500
[RLAMPSO DEBUG iter 100] w=0.5004, c1=1.9967, c2=1.6829 | fitness=12534.11
[ACTION DEBUG iter 100] Raw action[1:3]: [0.8038, -0.5207, 0.3053], noise: 0.0500
[RLAMPSO DEBUG iter 100] w=0.5621, c1=1.4608, c2=1.4926 | fitness=12671.68
[REWARD DEBUG iter 100] FitnessImprovement: 0.5240 → Reward: +1.0000 (prevFit=12671.68, currFit=12671.15)
[REWARD DEBUG iter 100] FitnessImprovement: 0.0283 → Reward: +1.0000 (prevFit=12534.11, currFit=12534.08)
Traditional PSO iteration: 850/1000 - Best fitness: 12320.5868
[ACTION DEBUG iter 100] Raw action[1:3]: [-0.1558, 0.8397, -0.1010], noise: 0.0500
[RLAMPSO DEBUG iter 100] w=0.5137, c1=2.3028, c2=1.4025 | fitness=12711.07
[ACTION DEBUG iter 500] Raw action[1:3]: [0.1188, -0.7922, -0.9461], noise: 0.0500
[RLAMPSO DEBUG iter 500] w=0.3983, c1=2.1000, c2=1.5213 | fitness=12619.16
[REWARD DEBUG iter 100] FitnessImprovement: 0.4475 → Reward: +1.0000 (prevFit=12711.07, currFit=12710.62)
[ACTION DEBUG iter 100] Raw action[1:3]: [0.0163, -0.1762, 0.3988], noise: 0.0500
[RLAMPSO DEBUG iter 100] w=0.4192, c1=1.6164, c2=2.0881 | fitness=12648.03
[REWARD DEBUG iter 500] FitnessImprovement: 0.0004 → Reward: +1.0000 (prevFit=12619.16, currFit=12619.16)
[REWARD DEBUG iter 100] FitnessImprovement: 0.0045 → Reward: +1.0000 (prevFit=12648.03, currFit=12648.03)
[ACTION DEBUG iter 100] Raw action[1:3]: [-0.0143, 0.1071, -0.1574], noise: 0.0500
[RLAMPSO DEBUG iter 100] w=0.5656, c1=2.1388, c2=1.7575 | fitness=12616.96
[REWARD DEBUG iter 100] FitnessImprovement: 0.2031 → Reward: +1.0000 (prevFit=12616.96, currFit=12616.76)
PSO-LDIW iteration: 450/1000 - Best fitness: 12307.4975 - w=0.675, c1=1.5, c2=1.5
[ACTION DEBUG iter 100] Raw action[1:3]: [-0.5746, -0.1589, -0.0722], noise: 0.0500
[RLAMPSO DEBUG iter 100] w=0.4370, c1=1.4645, c2=2.1612 | fitness=12379.85
[REWARD DEBUG iter 100] FitnessImprovement: 1.6832 → Reward: +1.0000 (prevFit=12379.85, currFit=12378.17)
[ACTION DEBUG iter 400] Raw action[1:3]: [-0.2949, 0.9186, 0.3506], noise: 0.0500
[RLAMPSO DEBUG iter 400] w=0.5293, c1=1.6118, c2=1.3412 | fitness=12575.81
[REWARD DEBUG iter 400] FitnessImprovement: 0.0000 → Reward: -1.0000 (prevFit=12575.81, currFit=12575.81)
[ACTION DEBUG iter 100] Raw action[1:3]: [0.1161, -0.5434, 0.0114], noise: 0.0500
[RLAMPSO DEBUG iter 100] w=0.4699, c1=1.5466, c2=1.8290 | fitness=12598.20
[REWARD DEBUG iter 100] FitnessImprovement: 0.0052 → Reward: +1.0000 (prevFit=12598.20, currFit=12598.19)
[ACTION DEBUG iter 100] Raw action[1:3]: [0.0028, -0.6684, 0.4957], noise: 0.0500
[RLAMPSO DEBUG iter 100] w=0.5258, c1=1.2201, c2=2.1280 | fitness=12587.87
[REWARD DEBUG iter 100] FitnessImprovement: 0.0615 → Reward: +1.0000 (prevFit=12587.87, currFit=12587.81)
[ACTION DEBUG iter 200] Raw action[1:3]: [-0.0571, -0.1847, 0.6631], noise: 0.0500
[RLAMPSO DEBUG iter 200] w=0.4575, c1=1.5663, c2=1.7264 | fitness=12658.88
[REWARD DEBUG iter 200] FitnessImprovement: 0.0000 → Reward: -1.0000 (prevFit=12658.88, currFit=12658.88)
[ACTION DEBUG iter 100] Raw action[1:3]: [0.1311, 0.3462, 0.1844], noise: 0.0500
[RLAMPSO DEBUG iter 100] w=0.5242, c1=1.6798, c2=1.5465 | fitness=12751.35
[ACTION DEBUG iter 100] Raw action[1:3]: [-0.1831, -0.3891, 0.6576], noise: 0.0500
[RLAMPSO DEBUG iter 100] w=0.4148, c1=1.6851, c2=2.3580 | fitness=13265.13
[REWARD DEBUG iter 100] FitnessImprovement: 0.6185 → Reward: +1.0000 (prevFit=12751.35, currFit=12750.73)
[REWARD DEBUG iter 100] FitnessImprovement: 2.2742 → Reward: +1.0000 (prevFit=13265.13, currFit=13262.86)
[ACTION DEBUG iter 200] Raw action[1:3]: [0.8155, -0.0674, 0.5563], noise: 0.0500
[RLAMPSO DEBUG iter 200] w=0.5648, c1=1.6608, c2=1.6919 | fitness=12642.40
[REWARD DEBUG iter 200] FitnessImprovement: 0.0002 → Reward: +1.0000 (prevFit=12642.40, currFit=12642.40)
[ACTION DEBUG iter 200] Raw action[1:3]: [0.3757, 0.3684, 0.2370], noise: 0.0500
[RLAMPSO DEBUG iter 200] w=0.4766, c1=1.9973, c2=1.7275 | fitness=12532.43
[REWARD DEBUG iter 200] FitnessImprovement: 0.0011 → Reward: +1.0000 (prevFit=12532.43, currFit=12532.43)
Traditional PSO iteration: 750/1000 - Best fitness: 12545.542
[ACTION DEBUG iter 100] Raw action[1:3]: [-0.0594, 0.1457, -0.2211], noise: 0.0500
[RLAMPSO DEBUG iter 100] w=0.5746, c1=1.7871, c2=1.7209 | fitness=12276.19
PSO-LDIW iteration: 500/1000 - Best fitness: 12245.9875 - w=0.65, c1=1.5, c2=1.5
[REWARD DEBUG iter 100] FitnessImprovement: 0.0000 → Reward: -1.0000 (prevFit=12276.19, currFit=12276.19)
[ACTION DEBUG iter 200] Raw action[1:3]: [-0.0639, 0.8631, 0.0371], noise: 0.0500
[RLAMPSO DEBUG iter 200] w=0.4441, c1=2.2471, c2=1.3836 | fitness=12701.32
[REWARD DEBUG iter 200] FitnessImprovement: 0.1301 → Reward: +1.0000 (prevFit=12701.32, currFit=12701.19)
PSO-LDIW iteration: 150/1000 - Best fitness: 12778.7815 - w=0.825, c1=1.5, c2=1.5
[ACTION DEBUG iter 200] Raw action[1:3]: [-0.2258, -0.0418, 0.2735], noise: 0.0500
[RLAMPSO DEBUG iter 200] w=0.4689, c1=1.6213, c2=1.8127 | fitness=12644.17
[REWARD DEBUG iter 200] FitnessImprovement: 0.1597 → Reward: +1.0000 (prevFit=12644.17, currFit=12644.01)
[ACTION DEBUG iter 200] Raw action[1:3]: [-0.0853, 0.4203, 0.0901], noise: 0.0500
[RLAMPSO DEBUG iter 200] w=0.6025, c1=2.1573, c2=1.8642 | fitness=12578.77
[REWARD DEBUG iter 200] FitnessImprovement: 0.0000 → Reward: -1.0000 (prevFit=12578.77, currFit=12578.77)
[ACTION DEBUG iter 600] Raw action[1:3]: [0.2740, -0.5270, -0.8716], noise: 0.0500
[ACTION DEBUG iter 600] WARNING: 2/20 actions clipped (network saturating)
[RLAMPSO DEBUG iter 600] w=0.3097, c1=2.5000, c2=1.9330 | fitness=12619.14
[REWARD DEBUG iter 600] FitnessImprovement: 0.0000 → Reward: +1.0000 (prevFit=12619.14, currFit=12619.14)
[ACTION DEBUG iter 200] Raw action[1:3]: [-0.5740, 0.0498, -0.1573], noise: 0.0500
[RLAMPSO DEBUG iter 200] w=0.4689, c1=1.3996, c2=1.9024 | fitness=12369.91
[REWARD DEBUG iter 200] FitnessImprovement: 0.0003 → Reward: +1.0000 (prevFit=12369.91, currFit=12369.91)
Traditional PSO iteration: 850/1000 - Best fitness: 12298.3015
[ACTION DEBUG iter 200] Raw action[1:3]: [-0.4223, -0.0922, 0.6138], noise: 0.0500
[RLAMPSO DEBUG iter 200] w=0.4811, c1=1.3423, c2=1.4401 | fitness=12597.49
[REWARD DEBUG iter 200] FitnessImprovement: 0.0311 → Reward: +1.0000 (prevFit=12597.49, currFit=12597.46)
[ACTION DEBUG iter 200] Raw action[1:3]: [0.6196, -0.5440, 0.4525], noise: 0.0500
[RLAMPSO DEBUG iter 200] w=0.5727, c1=1.2245, c2=1.9321 | fitness=12583.10
[ACTION DEBUG iter 300] Raw action[1:3]: [-0.2070, -0.2240, 0.6764], noise: 0.0500
[RLAMPSO DEBUG iter 300] w=0.4784, c1=1.4386, c2=1.7793 | fitness=12658.66
[REWARD DEBUG iter 200] FitnessImprovement: 0.2775 → Reward: +1.0000 (prevFit=12583.10, currFit=12582.82)
[REWARD DEBUG iter 300] FitnessImprovement: 0.0000 → Reward: +1.0000 (prevFit=12658.66, currFit=12658.66)
[ACTION DEBUG iter 200] Raw action[1:3]: [0.1250, 0.2516, 0.2197], noise: 0.0500
[RLAMPSO DEBUG iter 200] w=0.5042, c1=1.5740, c2=1.6773 | fitness=12727.88
[ACTION DEBUG iter 200] Raw action[1:3]: [-0.2663, -0.2832, 0.4327], noise: 0.0500
[RLAMPSO DEBUG iter 200] w=0.4418, c1=1.6211, c2=2.1728 | fitness=12974.51
[REWARD DEBUG iter 200] FitnessImprovement: 0.0016 → Reward: +1.0000 (prevFit=12727.88, currFit=12727.88)
[REWARD DEBUG iter 200] FitnessImprovement: 0.0000 → Reward: -1.0000 (prevFit=12974.51, currFit=12974.51)
[ACTION DEBUG iter 300] Raw action[1:3]: [0.6808, 0.2824, 0.4505], noise: 0.0500
[RLAMPSO DEBUG iter 300] w=0.5089, c1=1.6184, c2=1.6559 | fitness=12616.18
[REWARD DEBUG iter 300] FitnessImprovement: 0.0963 → Reward: +1.0000 (prevFit=12616.18, currFit=12616.09)
[ACTION DEBUG iter 500] Raw action[1:3]: [-0.7702, 0.9929, 0.6665], noise: 0.0500
[ACTION DEBUG iter 500] WARNING: 2/20 actions clipped (network saturating)
[RLAMPSO DEBUG iter 500] w=0.4442, c1=1.7000, c2=1.4701 | fitness=12569.65
[REWARD DEBUG iter 500] FitnessImprovement: 0.0000 → Reward: -1.0000 (prevFit=12569.65, currFit=12569.65)
[ACTION DEBUG iter 300] Raw action[1:3]: [0.6023, 0.5530, 0.2953], noise: 0.0500
[RLAMPSO DEBUG iter 300] w=0.5309, c1=1.8284, c2=1.6724 | fitness=12530.62
[REWARD DEBUG iter 300] FitnessImprovement: 0.0000 → Reward: -1.0000 (prevFit=12530.62, currFit=12530.62)
[ACTION DEBUG iter 200] Raw action[1:3]: [0.0274, 0.1522, -0.1716], noise: 0.0500
[RLAMPSO DEBUG iter 200] w=0.6021, c1=1.8431, c2=1.9370 | fitness=12253.84
[REWARD DEBUG iter 200] FitnessImprovement: 0.0000 → Reward: -1.0000 (prevFit=12253.84, currFit=12253.84)
[ACTION DEBUG iter 300] Raw action[1:3]: [0.1320, 0.9676, 0.1169], noise: 0.0500
[RLAMPSO DEBUG iter 300] w=0.4779, c1=2.4587, c2=1.4731 | fitness=12698.25
[REWARD DEBUG iter 300] FitnessImprovement: 0.0090 → Reward: +1.0000 (prevFit=12698.25, currFit=12698.24)
Traditional PSO iteration: 700/1000 - Best fitness: 12617.5849
[ACTION DEBUG iter 300] Raw action[1:3]: [-0.3509, 0.3200, -0.0069], noise: 0.0500
[RLAMPSO DEBUG iter 300] w=0.4370, c1=1.8081, c2=1.8257 | fitness=12635.97
[REWARD DEBUG iter 300] FitnessImprovement: 0.0000 → Reward: -1.0000 (prevFit=12635.97, currFit=12635.97)
[ACTION DEBUG iter 300] Raw action[1:3]: [0.0374, 0.5387, 0.4048], noise: 0.0500
[RLAMPSO DEBUG iter 300] w=0.5421, c1=2.2499, c2=2.1833 | fitness=12577.84
[REWARD DEBUG iter 300] FitnessImprovement: 0.0000 → Reward: -1.0000 (prevFit=12577.84, currFit=12577.84)
PSO-LDIW iteration: 150/1000 - Best fitness: 12721.65 - w=0.825, c1=1.5, c2=1.5
[ACTION DEBUG iter 300] Raw action[1:3]: [-0.6278, 0.3685, 0.0268], noise: 0.0500
[RLAMPSO DEBUG iter 300] w=0.4551, c1=1.3642, c2=1.5186 | fitness=12369.88
[REWARD DEBUG iter 300] FitnessImprovement: 0.0001 → Reward: +1.0000 (prevFit=12369.88, currFit=12369.88)
PSO-LDIW iteration: 50/1000 - Best fitness: 13418.47 - w=0.875, c1=1.5, c2=1.5
PSO-LDIW iteration: 50/1000 - Best fitness: 13078.9992 - w=0.875, c1=1.5, c2=1.5
[ACTION DEBUG iter 300] Raw action[1:3]: [-0.8170, -0.1127, 0.7270], noise: 0.0500
[RLAMPSO DEBUG iter 300] w=0.5143, c1=1.3038, c2=1.4012 | fitness=12595.34
[REWARD DEBUG iter 300] FitnessImprovement: 0.0163 → Reward: +1.0000 (prevFit=12595.34, currFit=12595.32)
[ACTION DEBUG iter 700] Raw action[1:3]: [0.6836, -0.5979, -0.8957], noise: 0.0500
[ACTION DEBUG iter 700] WARNING: 2/20 actions clipped (network saturating)
[RLAMPSO DEBUG iter 700] w=0.4896, c1=2.3834, c2=1.9038 | fitness=12619.12
[REWARD DEBUG iter 700] FitnessImprovement: 0.0012 → Reward: +1.0000 (prevFit=12619.12, currFit=12619.12)
[ACTION DEBUG iter 300] Raw action[1:3]: [0.8020, -0.5537, 0.5061], noise: 0.0500
[RLAMPSO DEBUG iter 300] w=0.6044, c1=1.0761, c2=1.6301 | fitness=12490.90
[REWARD DEBUG iter 300] FitnessImprovement: 0.2183 → Reward: +1.0000 (prevFit=12490.90, currFit=12490.68)
[ACTION DEBUG iter 300] Raw action[1:3]: [-0.2726, 0.3217, 0.2098], noise: 0.0500
[RLAMPSO DEBUG iter 300] w=0.4788, c1=1.6449, c2=2.1209 | fitness=12727.81
[REWARD DEBUG iter 300] FitnessImprovement: 0.0000 → Reward: -1.0000 (prevFit=12727.81, currFit=12727.81)
[ACTION DEBUG iter 300] Raw action[1:3]: [0.0816, -0.4436, -0.0987], noise: 0.0500
[RLAMPSO DEBUG iter 300] w=0.5084, c1=1.4767, c2=2.0596 | fitness=12821.08
[REWARD DEBUG iter 300] FitnessImprovement: 0.0042 → Reward: +1.0000 (prevFit=12821.08, currFit=12821.07)
Traditional PSO iteration: 750/1000 - Best fitness: 12278.3012
[ACTION DEBUG iter 300] Raw action[1:3]: [0.4563, 0.1203, -0.6082], noise: 0.0500
[RLAMPSO DEBUG iter 300] w=0.6286, c1=1.6978, c2=1.4929 | fitness=12252.61
[REWARD DEBUG iter 300] FitnessImprovement: 0.0133 → Reward: +1.0000 (prevFit=12252.61, currFit=12252.59)
[ACTION DEBUG iter 400] Raw action[1:3]: [0.3281, -0.6322, 0.6105], noise: 0.0500
[ACTION DEBUG iter 400] WARNING: 1/20 actions clipped (network saturating)
[RLAMPSO DEBUG iter 400] w=0.5740, c1=1.2315, c2=2.1000 | fitness=12658.66
[REWARD DEBUG iter 400] FitnessImprovement: 0.0000 → Reward: +1.0000 (prevFit=12658.66, currFit=12658.66)
[ACTION DEBUG iter 600] Raw action[1:3]: [-0.0839, 0.9531, 0.1768], noise: 0.0500
[ACTION DEBUG iter 600] WARNING: 2/20 actions clipped (network saturating)
[RLAMPSO DEBUG iter 600] w=0.6947, c1=1.6735, c2=1.7155 | fitness=12569.58
[REWARD DEBUG iter 600] FitnessImprovement: 0.1588 → Reward: +1.0000 (prevFit=12569.58, currFit=12569.42)
[ACTION DEBUG iter 400] Raw action[1:3]: [0.9140, -0.7275, 0.7722], noise: 0.0500
[ACTION DEBUG iter 400] WARNING: 1/20 actions clipped (network saturating)
[RLAMPSO DEBUG iter 400] w=0.6478, c1=1.2932, c2=1.6934 | fitness=12611.75
[REWARD DEBUG iter 400] FitnessImprovement: 0.0001 → Reward: +1.0000 (prevFit=12611.75, currFit=12611.75)
[ACTION DEBUG iter 400] Raw action[1:3]: [0.1870, 0.7715, 0.4297], noise: 0.0500
[RLAMPSO DEBUG iter 400] w=0.5290, c1=2.0506, c2=1.5737 | fitness=12527.82
[REWARD DEBUG iter 400] FitnessImprovement: 0.0134 → Reward: +1.0000 (prevFit=12527.82, currFit=12527.80)
Traditional PSO iteration: 900/1000 - Best fitness: 12403.4948
Traditional PSO iteration: 850/1000 - Best fitness: 12264.5246
[ACTION DEBUG iter 400] Raw action[1:3]: [-0.4493, 0.9525, -0.4794], noise: 0.0500
[RLAMPSO DEBUG iter 400] w=0.4478, c1=2.3064, c2=1.4233 | fitness=12696.12
[REWARD DEBUG iter 400] FitnessImprovement: 0.0021 → Reward: +1.0000 (prevFit=12696.12, currFit=12696.11)
[ACTION DEBUG iter 400] Raw action[1:3]: [-0.3517, -0.0858, 0.5783], noise: 0.0500
[RLAMPSO DEBUG iter 400] w=0.2999, c1=1.0758, c2=1.3712 | fitness=12634.78
[REWARD DEBUG iter 400] FitnessImprovement: 0.0000 → Reward: +1.0000 (prevFit=12634.78, currFit=12634.78)
[ACTION DEBUG iter 400] Raw action[1:3]: [0.3514, -0.0451, 0.4563], noise: 0.0500
[RLAMPSO DEBUG iter 400] w=0.6014, c1=2.0142, c2=1.7322 | fitness=12576.69
[REWARD DEBUG iter 400] FitnessImprovement: 0.0251 → Reward: +1.0000 (prevFit=12576.69, currFit=12576.66)
Traditional PSO iteration: 900/1000 - Best fitness: 12320.5868
PSO-LDIW iteration: 400/1000 - Best fitness: 12710.7665 - w=0.7, c1=1.5, c2=1.5
PSO-LDIW iteration: 200/1000 - Best fitness: 12563.308 - w=0.8, c1=1.5, c2=1.5
[ACTION DEBUG iter 400] Raw action[1:3]: [-0.8087, 0.4215, -0.2961], noise: 0.0500
[RLAMPSO DEBUG iter 400] w=0.5100, c1=1.5834, c2=1.5126 | fitness=12369.87
[ACTION DEBUG iter 800] Raw action[1:3]: [0.9717, -0.1356, -0.9990], noise: 0.0500
[ACTION DEBUG iter 800] WARNING: 2/20 actions clipped (network saturating)
[RLAMPSO DEBUG iter 800] w=0.5258, c1=2.1000, c2=1.3304 | fitness=12619.12
[REWARD DEBUG iter 400] FitnessImprovement: 0.0000 → Reward: -1.0000 (prevFit=12369.87, currFit=12369.87)
[REWARD DEBUG iter 800] FitnessImprovement: 0.0000 → Reward: -1.0000 (prevFit=12619.12, currFit=12619.12)
[ACTION DEBUG iter 400] Raw action[1:3]: [-0.4934, -0.4231, 0.1453], noise: 0.0500
[RLAMPSO DEBUG iter 400] w=0.5661, c1=1.3359, c2=1.5401 | fitness=12595.10
[REWARD DEBUG iter 400] FitnessImprovement: 0.0023 → Reward: +1.0000 (prevFit=12595.10, currFit=12595.10)
[ACTION DEBUG iter 400] Raw action[1:3]: [0.6675, -0.6109, 0.7645], noise: 0.0500
[RLAMPSO DEBUG iter 400] w=0.6523, c1=0.9079, c2=1.5962 | fitness=12398.70
[REWARD DEBUG iter 400] FitnessImprovement: 0.0005 → Reward: +1.0000 (prevFit=12398.70, currFit=12398.70)
[ACTION DEBUG iter 400] Raw action[1:3]: [0.3184, 0.5489, 0.2698], noise: 0.0500
[RLAMPSO DEBUG iter 400] w=0.5820, c1=1.7411, c2=1.8578 | fitness=12724.31
[REWARD DEBUG iter 400] FitnessImprovement: 1.0790 → Reward: +1.0000 (prevFit=12724.31, currFit=12723.23)
[ACTION DEBUG iter 400] Raw action[1:3]: [0.5633, -0.1045, -0.1112], noise: 0.0500
[RLAMPSO DEBUG iter 400] w=0.5113, c1=1.4309, c2=1.5541 | fitness=12725.79
[REWARD DEBUG iter 400] FitnessImprovement: 0.0060 → Reward: +1.0000 (prevFit=12725.79, currFit=12725.78)
[ACTION DEBUG iter 400] Raw action[1:3]: [0.1848, -0.0966, -0.7300], noise: 0.0500
[RLAMPSO DEBUG iter 400] w=0.6522, c1=1.4755, c2=1.1783 | fitness=12252.46
[REWARD DEBUG iter 400] FitnessImprovement: 0.0000 → Reward: -1.0000 (prevFit=12252.46, currFit=12252.46)
[ACTION DEBUG iter 500] Raw action[1:3]: [-0.0268, -0.9916, -0.6404], noise: 0.0500
[RLAMPSO DEBUG iter 500] w=0.5655, c1=1.3000, c2=1.6907 | fitness=12658.66
[REWARD DEBUG iter 500] FitnessImprovement: 0.0000 → Reward: -1.0000 (prevFit=12658.66, currFit=12658.66)
[ACTION DEBUG iter 700] Raw action[1:3]: [-0.8198, 0.8484, 0.2019], noise: 0.0500
[ACTION DEBUG iter 700] WARNING: 1/20 actions clipped (network saturating)
[RLAMPSO DEBUG iter 700] w=0.5525, c1=1.3382, c2=1.7547 | fitness=12563.16
[REWARD DEBUG iter 700] FitnessImprovement: 0.0007 → Reward: +1.0000 (prevFit=12563.16, currFit=12563.16)
[ACTION DEBUG iter 500] Raw action[1:3]: [0.9770, -0.7082, 0.8211], noise: 0.0500
[ACTION DEBUG iter 500] WARNING: 3/20 actions clipped (network saturating)
[RLAMPSO DEBUG iter 500] w=0.7037, c1=1.0938, c2=1.1730 | fitness=12611.50
[REWARD DEBUG iter 500] FitnessImprovement: 0.0010 → Reward: +1.0000 (prevFit=12611.50, currFit=12611.50)
PSO-LDIW iteration: 500/1000 - Best fitness: 12266.7473 - w=0.65, c1=1.5, c2=1.5
[ACTION DEBUG iter 500] Raw action[1:3]: [0.7040, 0.9778, 0.6263], noise: 0.0500
[ACTION DEBUG iter 500] WARNING: 2/20 actions clipped (network saturating)
[RLAMPSO DEBUG iter 500] w=0.5584, c1=2.1142, c2=1.6745 | fitness=12525.75
[REWARD DEBUG iter 500] FitnessImprovement: 0.0000 → Reward: +1.0000 (prevFit=12525.75, currFit=12525.75)
[ACTION DEBUG iter 500] Raw action[1:3]: [-0.9492, 0.9827, 0.5352], noise: 0.0500
[ACTION DEBUG iter 500] WARNING: 2/20 actions clipped (network saturating)
[RLAMPSO DEBUG iter 500] w=0.1929, c1=1.2507, c2=1.3331 | fitness=12668.37
[REWARD DEBUG iter 500] FitnessImprovement: 0.0320 → Reward: +1.0000 (prevFit=12668.37, currFit=12668.33)
[ACTION DEBUG iter 500] Raw action[1:3]: [-0.4348, 0.6162, 0.9276], noise: 0.0500
[RLAMPSO DEBUG iter 500] w=0.4894, c1=1.2663, c2=1.4395 | fitness=12634.77
[REWARD DEBUG iter 500] FitnessImprovement: 0.0000 → Reward: -1.0000 (prevFit=12634.77, currFit=12634.77)
Traditional PSO iteration: 900/1000 - Best fitness: 12298.3015
[ACTION DEBUG iter 500] Raw action[1:3]: [0.0138, -0.4379, -0.4342], noise: 0.0500
[ACTION DEBUG iter 500] WARNING: 1/20 actions clipped (network saturating)
[RLAMPSO DEBUG iter 500] w=0.5559, c1=1.9730, c2=1.2130 | fitness=12575.75
[REWARD DEBUG iter 500] FitnessImprovement: 0.0173 → Reward: +1.0000 (prevFit=12575.75, currFit=12575.74)
PSO-LDIW iteration: 550/1000 - Best fitness: 12237.3712 - w=0.625, c1=1.5, c2=1.5
[ACTION DEBUG iter 500] Raw action[1:3]: [-0.9535, 0.4069, 0.7282], noise: 0.0500
[ACTION DEBUG iter 500] WARNING: 1/20 actions clipped (network saturating)
[RLAMPSO DEBUG iter 500] w=0.4398, c1=1.1553, c2=1.6845 | fitness=12369.87
[REWARD DEBUG iter 500] FitnessImprovement: 0.0000 → Reward: +1.0000 (prevFit=12369.87, currFit=12369.87)
[ACTION DEBUG iter 900] Raw action[1:3]: [0.9708, -0.9120, -0.9999], noise: 0.0500
[ACTION DEBUG iter 900] WARNING: 3/20 actions clipped (network saturating)
[RLAMPSO DEBUG iter 900] w=0.5990, c1=2.1000, c2=1.1959 | fitness=12619.12
[REWARD DEBUG iter 900] FitnessImprovement: 0.0000 → Reward: -1.0000 (prevFit=12619.12, currFit=12619.12)
Traditional PSO iteration: 800/1000 - Best fitness: 12504.9609
[ACTION DEBUG iter 500] Raw action[1:3]: [0.4028, -0.9138, -0.0011], noise: 0.0500
[ACTION DEBUG iter 500] WARNING: 3/20 actions clipped (network saturating)
[RLAMPSO DEBUG iter 500] w=0.5323, c1=1.3000, c2=0.9888 | fitness=12595.08
[REWARD DEBUG iter 500] FitnessImprovement: 0.0000 → Reward: +1.0000 (prevFit=12595.08, currFit=12595.08)
[ACTION DEBUG iter 500] Raw action[1:3]: [0.8866, -0.9603, 0.9933], noise: 0.0500
[ACTION DEBUG iter 500] WARNING: 4/20 actions clipped (network saturating)
[RLAMPSO DEBUG iter 500] w=0.8450, c1=0.5000, c2=1.4326 | fitness=12397.40
[REWARD DEBUG iter 500] FitnessImprovement: 0.0488 → Reward: +1.0000 (prevFit=12397.40, currFit=12397.35)
[ACTION DEBUG iter 500] Raw action[1:3]: [-0.7524, -0.3399, -0.4699], noise: 0.0500
[ACTION DEBUG iter 500] WARNING: 1/20 actions clipped (network saturating)
[RLAMPSO DEBUG iter 500] w=0.5182, c1=1.6716, c2=2.0551 | fitness=12717.65
[REWARD DEBUG iter 500] FitnessImprovement: 0.0057 → Reward: +1.0000 (prevFit=12717.65, currFit=12717.64)
[ACTION DEBUG iter 500] Raw action[1:3]: [0.4745, -0.2526, 0.4347], noise: 0.0500
[RLAMPSO DEBUG iter 500] w=0.4212, c1=1.1579, c2=1.2140 | fitness=12723.08
[REWARD DEBUG iter 500] FitnessImprovement: 0.0000 → Reward: -1.0000 (prevFit=12723.08, currFit=12723.08)
[ACTION DEBUG iter 500] Raw action[1:3]: [0.3223, -0.0854, -0.9296], noise: 0.0500
[RLAMPSO DEBUG iter 500] w=0.6879, c1=1.0371, c2=0.9044 | fitness=12252.45
[REWARD DEBUG iter 500] FitnessImprovement: 0.0000 → Reward: -1.0000 (prevFit=12252.45, currFit=12252.45)
[ACTION DEBUG iter 600] Raw action[1:3]: [0.7171, -0.9911, -0.4674], noise: 0.0500
[RLAMPSO DEBUG iter 600] w=0.6414, c1=1.3965, c2=1.3955 | fitness=12655.30
[ACTION DEBUG iter 800] Raw action[1:3]: [-0.8552, 0.9928, 0.6827], noise: 0.0500
[ACTION DEBUG iter 800] WARNING: 2/20 actions clipped (network saturating)
[RLAMPSO DEBUG iter 800] w=0.3560, c1=2.1000, c2=1.8087 | fitness=12562.38
[REWARD DEBUG iter 600] FitnessImprovement: 0.0000 → Reward: -1.0000 (prevFit=12655.30, currFit=12655.30)
[REWARD DEBUG iter 800] FitnessImprovement: 0.0000 → Reward: -1.0000 (prevFit=12562.38, currFit=12562.38)
[ACTION DEBUG iter 600] Raw action[1:3]: [0.9808, 0.5027, 0.6292], noise: 0.0500
[ACTION DEBUG iter 600] WARNING: 2/20 actions clipped (network saturating)
[RLAMPSO DEBUG iter 600] w=0.7285, c1=0.9293, c2=1.1581 | fitness=12611.49
[REWARD DEBUG iter 600] FitnessImprovement: 0.0000 → Reward: -1.0000 (prevFit=12611.49, currFit=12611.49)
[ACTION DEBUG iter 600] Raw action[1:3]: [0.8623, 0.9919, 0.3551], noise: 0.0500
[ACTION DEBUG iter 600] WARNING: 6/20 actions clipped (network saturating)
[RLAMPSO DEBUG iter 600] w=0.6123, c1=1.8074, c2=1.7000 | fitness=12525.15
[REWARD DEBUG iter 600] FitnessImprovement: 0.0455 → Reward: +1.0000 (prevFit=12525.15, currFit=12525.11)
[ACTION DEBUG iter 600] Raw action[1:3]: [-0.9682, 0.9979, 0.9358], noise: 0.0500
[ACTION DEBUG iter 600] WARNING: 3/20 actions clipped (network saturating)
[RLAMPSO DEBUG iter 600] w=0.1441, c1=1.0976, c2=1.3000 | fitness=12664.50
[REWARD DEBUG iter 600] FitnessImprovement: 0.0024 → Reward: +1.0000 (prevFit=12664.50, currFit=12664.50)
[ACTION DEBUG iter 600] Raw action[1:3]: [-0.4863, 0.7248, 0.7467], noise: 0.0500
[ACTION DEBUG iter 600] WARNING: 1/20 actions clipped (network saturating)
[RLAMPSO DEBUG iter 600] w=0.2832, c1=0.6044, c2=1.1689 | fitness=12634.77
[REWARD DEBUG iter 600] FitnessImprovement: 0.0000 → Reward: -1.0000 (prevFit=12634.77, currFit=12634.77)
[ACTION DEBUG iter 600] Raw action[1:3]: [-0.4936, -0.3411, -0.6620], noise: 0.0500
[ACTION DEBUG iter 600] WARNING: 2/20 actions clipped (network saturating)
[RLAMPSO DEBUG iter 600] w=0.5412, c1=1.6055, c2=1.0520 | fitness=12573.27
[REWARD DEBUG iter 600] FitnessImprovement: 0.0000 → Reward: +1.0000 (prevFit=12573.27, currFit=12573.27)
PSO-LDIW iteration: 100/1000 - Best fitness: 12747.8392 - w=0.85, c1=1.5, c2=1.5
[ACTION DEBUG iter 600] Raw action[1:3]: [-0.9751, -0.5311, 0.8641], noise: 0.0500
[ACTION DEBUG iter 600] WARNING: 1/20 actions clipped (network saturating)
[RLAMPSO DEBUG iter 600] w=0.4174, c1=0.9638, c2=1.6846 | fitness=12369.85
[REWARD DEBUG iter 600] FitnessImprovement: 0.0000 → Reward: -1.0000 (prevFit=12369.85, currFit=12369.85)
[ACTION DEBUG iter 1000] Raw action[1:3]: [0.2113, 0.2314, -0.9978], noise: 0.0500
[ACTION DEBUG iter 1000] WARNING: 4/20 actions clipped (network saturating)
[RLAMPSO DEBUG iter 1000] w=0.4545, c1=2.1000, c2=1.7775 | fitness=12619.10
[REWARD DEBUG iter 1000] FitnessImprovement: 0.0000 → Reward: +1.0000 (prevFit=12619.10, currFit=12619.10)

========== Planning Complete ==========
Algorithm: RLAMPSO
Execution time: 199.2163 seconds
Path length: 311.1197 units
Waypoints: 7
Best fitness: 12619.0995
========================================


========== Direct Global Planning ==========
Algorithm: DQN_PSO
Start: [0.0, 0.0, 10.0]
Goal:  [200.0, 200.0, 10.0]
============================================

Warning: DQN-PSO (paper) is homogeneous; forcing paramMode to global.
> In <a href="matlab:matlab.lang.internal.introspective.errorDocCallback('globalPathPlanningDQNPSO', '/Users/hust-hwashin621m/Desktop/vietanhpaper-2/algorithms/dqn_pso/globalPathPlanningDQNPSO.m', 15)" style="font-weight:bold">globalPathPlanningDQNPSO</a> (<a href="matlab: opentoline('/Users/hust-hwashin621m/Desktop/vietanhpaper-2/algorithms/dqn_pso/globalPathPlanningDQNPSO.m',15,0)">line 15</a>)
In <a href="matlab:matlab.lang.internal.introspective.errorDocCallback('callGlobalPlanningAlgorithm', '/Users/hust-hwashin621m/Desktop/vietanhpaper-2/algorithms/callGlobalPlanningAlgorithm.m', 230)" style="font-weight:bold">callGlobalPlanningAlgorithm</a> (<a href="matlab: opentoline('/Users/hust-hwashin621m/Desktop/vietanhpaper-2/algorithms/callGlobalPlanningAlgorithm.m',230,0)">line 230</a>)
In <a href="matlab:matlab.lang.internal.introspective.errorDocCallback('directGlobalPlanning', '/Users/hust-hwashin621m/Desktop/vietanhpaper-2/shared/path_planning/directGlobalPlanning.m', 59)" style="font-weight:bold">directGlobalPlanning</a> (<a href="matlab: opentoline('/Users/hust-hwashin621m/Desktop/vietanhpaper-2/shared/path_planning/directGlobalPlanning.m',59,0)">line 59</a>)
In <a href="matlab:matlab.lang.internal.introspective.errorDocCallback('run_comparison>@(varargin)directGlobalPlanning(varargin{:})', '/Users/hust-hwashin621m/Desktop/vietanhpaper-2/run_comparison.m', 274)" style="font-weight:bold">run_comparison>@(varargin)directGlobalPlanning(varargin{:})</a> (<a href="matlab: opentoline('/Users/hust-hwashin621m/Desktop/vietanhpaper-2/run_comparison.m',274,0)">line 274</a>)
In <a href="matlab:matlab.lang.internal.introspective.errorDocCallback('compare_algorithms>runAlgorithmBatch', '/Users/hust-hwashin621m/Desktop/vietanhpaper-2/scripts/compare_algorithms.m', 139)" style="font-weight:bold">compare_algorithms>runAlgorithmBatch</a> (<a href="matlab: opentoline('/Users/hust-hwashin621m/Desktop/vietanhpaper-2/scripts/compare_algorithms.m',139,0)">line 139</a>)
Starting DQN-PSO (HMM + DQN) - Mode: global
[ACTION DEBUG iter 600] Raw action[1:3]: [0.1714, -0.8104, 0.3379], noise: 0.0500
[ACTION DEBUG iter 600] WARNING: 4/20 actions clipped (network saturating)
[RLAMPSO DEBUG iter 600] w=0.5878, c1=0.9000, c2=0.9000 | fitness=12595.07
[REWARD DEBUG iter 600] FitnessImprovement: 0.0002 → Reward: +1.0000 (prevFit=12595.07, currFit=12595.07)
PSO-LDIW iteration: 100/1000 - Best fitness: 13293.1454 - w=0.85, c1=1.5, c2=1.5
[ACTION DEBUG iter 600] Raw action[1:3]: [0.9918, -0.9330, 0.9974], noise: 0.0500
[ACTION DEBUG iter 600] WARNING: 6/20 actions clipped (network saturating)
[RLAMPSO DEBUG iter 600] w=0.8467, c1=0.5488, c2=1.7000 | fitness=12397.21
[REWARD DEBUG iter 600] FitnessImprovement: 0.0031 → Reward: +1.0000 (prevFit=12397.21, currFit=12397.20)
[ACTION DEBUG iter 600] Raw action[1:3]: [-0.9072, -0.4145, -0.3524], noise: 0.0500
[ACTION DEBUG iter 600] WARNING: 1/20 actions clipped (network saturating)
[RLAMPSO DEBUG iter 600] w=0.4867, c1=1.6993, c2=1.8937 | fitness=12715.43
[REWARD DEBUG iter 600] FitnessImprovement: 0.0007 → Reward: +1.0000 (prevFit=12715.43, currFit=12715.43)
PSO-LDIW iteration: 200/1000 - Best fitness: 12681.1401 - w=0.8, c1=1.5, c2=1.5
[ACTION DEBUG iter 600] Raw action[1:3]: [0.5455, 0.4709, 0.6243], noise: 0.0500
[RLAMPSO DEBUG iter 600] w=0.3680, c1=1.1621, c2=0.8307 | fitness=12723.08
[REWARD DEBUG iter 600] FitnessImprovement: 0.0000 → Reward: -1.0000 (prevFit=12723.08, currFit=12723.08)
PSO-LDIW iteration: 250/1000 - Best fitness: 12467.2085 - w=0.775, c1=1.5, c2=1.5
[ACTION DEBUG iter 600] Raw action[1:3]: [-0.6936, -0.2984, -0.9845], noise: 0.0500
[ACTION DEBUG iter 600] WARNING: 4/20 actions clipped (network saturating)
[RLAMPSO DEBUG iter 600] w=0.6216, c1=1.3109, c2=1.0580 | fitness=12252.45
[REWARD DEBUG iter 600] FitnessImprovement: 0.0001 → Reward: +1.0000 (prevFit=12252.45, currFit=12252.45)
[ACTION DEBUG iter 700] Raw action[1:3]: [0.8325, -0.9923, 0.1546], noise: 0.0500
[ACTION DEBUG iter 700] WARNING: 1/20 actions clipped (network saturating)
[RLAMPSO DEBUG iter 700] w=0.7838, c1=1.1174, c2=1.5490 | fitness=12652.94
[ACTION DEBUG iter 900] Raw action[1:3]: [-0.1784, 0.9968, -0.0281], noise: 0.0500
[ACTION DEBUG iter 900] WARNING: 1/20 actions clipped (network saturating)
[RLAMPSO DEBUG iter 900] w=0.5623, c1=1.7660, c2=1.8017 | fitness=12562.36
[REWARD DEBUG iter 700] FitnessImprovement: 0.0057 → Reward: +1.0000 (prevFit=12652.94, currFit=12652.93)
[REWARD DEBUG iter 900] FitnessImprovement: 0.0025 → Reward: +1.0000 (prevFit=12562.36, currFit=12562.36)
[ACTION DEBUG iter 700] Raw action[1:3]: [0.9879, -0.4856, -0.1287], noise: 0.0500
[ACTION DEBUG iter 700] WARNING: 1/20 actions clipped (network saturating)
[RLAMPSO DEBUG iter 700] w=0.6929, c1=1.2210, c2=1.2881 | fitness=12611.48
[REWARD DEBUG iter 700] FitnessImprovement: 0.0000 → Reward: -1.0000 (prevFit=12611.48, currFit=12611.48)
[ACTION DEBUG iter 700] Raw action[1:3]: [0.8929, 0.9964, 0.7440], noise: 0.0500
[ACTION DEBUG iter 700] WARNING: 3/20 actions clipped (network saturating)
[RLAMPSO DEBUG iter 700] w=0.5453, c1=2.1000, c2=1.7000 | fitness=12521.10
[REWARD DEBUG iter 700] FitnessImprovement: 0.0000 → Reward: -1.0000 (prevFit=12521.10, currFit=12521.10)
[ACTION DEBUG iter 700] Raw action[1:3]: [-0.3559, 0.9982, 0.9698], noise: 0.0500
[ACTION DEBUG iter 700] WARNING: 3/20 actions clipped (network saturating)
[RLAMPSO DEBUG iter 700] w=0.3089, c1=1.4280, c2=1.2130 | fitness=12664.47
[REWARD DEBUG iter 700] FitnessImprovement: 0.0000 → Reward: +1.0000 (prevFit=12664.47, currFit=12664.47)
Traditional PSO iteration: 750/1000 - Best fitness: 12617.5303
DQN-PSO iter 50/1000 | Fitness: 13190.62 | w=0.407 c1=2.500 c2=0.500
[ACTION DEBUG iter 700] Raw action[1:3]: [0.5865, 0.8113, -0.5094], noise: 0.0500
[ACTION DEBUG iter 700] WARNING: 1/20 actions clipped (network saturating)
[RLAMPSO DEBUG iter 700] w=0.3605, c1=1.7000, c2=1.6408 | fitness=12634.70
[REWARD DEBUG iter 700] FitnessImprovement: 0.0000 → Reward: +1.0000 (prevFit=12634.70, currFit=12634.70)
Traditional PSO iteration: 950/1000 - Best fitness: 12402.4019
Traditional PSO iteration: 900/1000 - Best fitness: 12264.5246
[ACTION DEBUG iter 700] Raw action[1:3]: [0.0953, 0.1580, -0.3818], noise: 0.0500
[ACTION DEBUG iter 700] WARNING: 3/20 actions clipped (network saturating)
[RLAMPSO DEBUG iter 700] w=0.6559, c1=1.7000, c2=0.9000 | fitness=12572.88
[REWARD DEBUG iter 700] FitnessImprovement: 0.0000 → Reward: -1.0000 (prevFit=12572.88, currFit=12572.88)
PSO-LDIW iteration: 600/1000 - Best fitness: 12222.6413 - w=0.6, c1=1.5, c2=1.5
Traditional PSO iteration: 950/1000 - Best fitness: 12320.5868
[ACTION DEBUG iter 700] Raw action[1:3]: [-0.9914, -0.6255, 0.8205], noise: 0.0500
[ACTION DEBUG iter 700] WARNING: 3/20 actions clipped (network saturating)
[RLAMPSO DEBUG iter 700] w=0.4748, c1=0.7117, c2=1.7185 | fitness=12369.85
[REWARD DEBUG iter 700] FitnessImprovement: 0.0000 → Reward: -1.0000 (prevFit=12369.85, currFit=12369.85)
[ACTION DEBUG iter 700] Raw action[1:3]: [0.4923, -0.8748, 0.6193], noise: 0.0500
[ACTION DEBUG iter 700] WARNING: 3/20 actions clipped (network saturating)
[RLAMPSO DEBUG iter 700] w=0.6144, c1=0.9000, c2=0.8505 | fitness=12594.90
[REWARD DEBUG iter 700] FitnessImprovement: 0.0002 → Reward: +1.0000 (prevFit=12594.90, currFit=12594.90)
[ACTION DEBUG iter 700] Raw action[1:3]: [0.9997, -0.9733, 0.9999], noise: 0.0500
[ACTION DEBUG iter 700] WARNING: 8/20 actions clipped (network saturating)
[RLAMPSO DEBUG iter 700] w=0.7556, c1=0.5000, c2=1.3256 | fitness=12396.86
[REWARD DEBUG iter 700] FitnessImprovement: 0.0001 → Reward: +1.0000 (prevFit=12396.86, currFit=12396.86)
[ACTION DEBUG iter 700] Raw action[1:3]: [-0.9424, -0.0745, -0.1847], noise: 0.0500
[ACTION DEBUG iter 700] WARNING: 4/20 actions clipped (network saturating)
[RLAMPSO DEBUG iter 700] w=0.5328, c1=1.2904, c2=1.4423 | fitness=12714.88
[REWARD DEBUG iter 700] FitnessImprovement: 0.0035 → Reward: +1.0000 (prevFit=12714.88, currFit=12714.87)
Traditional PSO iteration: 800/1000 - Best fitness: 12278.3012
Traditional PSO iteration: 950/1000 - Best fitness: 12298.3015
[ACTION DEBUG iter 700] Raw action[1:3]: [0.5017, -0.3541, 0.7297], noise: 0.0500
[ACTION DEBUG iter 700] WARNING: 1/20 actions clipped (network saturating)
[RLAMPSO DEBUG iter 700] w=0.3798, c1=1.2121, c2=0.9662 | fitness=12723.05
[REWARD DEBUG iter 700] FitnessImprovement: 0.0005 → Reward: +1.0000 (prevFit=12723.05, currFit=12723.05)
[ACTION DEBUG iter 800] Raw action[1:3]: [0.6848, -0.9976, -0.0970], noise: 0.0500
[ACTION DEBUG iter 800] WARNING: 3/20 actions clipped (network saturating)
[RLAMPSO DEBUG iter 800] w=0.7352, c1=1.0491, c2=1.7000 | fitness=12652.53
[ACTION DEBUG iter 700] Raw action[1:3]: [-0.9145, 0.0653, -0.9966], noise: 0.0500
[ACTION DEBUG iter 700] WARNING: 2/20 actions clipped (network saturating)
[RLAMPSO DEBUG iter 700] w=0.6585, c1=1.3000, c2=0.8691 | fitness=12252.38
[REWARD DEBUG iter 800] FitnessImprovement: 0.0348 → Reward: +1.0000 (prevFit=12652.53, currFit=12652.49)
[REWARD DEBUG iter 700] FitnessImprovement: 0.0000 → Reward: -1.0000 (prevFit=12252.38, currFit=12252.38)
[ACTION DEBUG iter 1000] Raw action[1:3]: [-0.5378, 0.9819, -0.1519], noise: 0.0500
[ACTION DEBUG iter 1000] WARNING: 2/20 actions clipped (network saturating)
[RLAMPSO DEBUG iter 1000] w=0.5262, c1=1.4102, c2=1.2270 | fitness=12558.51
[REWARD DEBUG iter 1000] FitnessImprovement: 0.0897 → Reward: +1.0000 (prevFit=12558.51, currFit=12558.42)
PSO-LDIW iteration: 550/1000 - Best fitness: 12246.6457 - w=0.625, c1=1.5, c2=1.5
DQN-PSO iter 100/1000 | Fitness: 12669.27 | w=0.593 c1=2.500 c2=0.500

========== Planning Complete ==========
Algorithm: RLAMPSO
Execution time: 205.5180 seconds
Path length: 288.9233 units
Waypoints: 7
Best fitness: 12558.4218
========================================


========== Direct Global Planning ==========
Algorithm: DQN_PSO
Start: [0.0, 0.0, 10.0]
Goal:  [200.0, 200.0, 10.0]
============================================

Warning: DQN-PSO (paper) is homogeneous; forcing paramMode to global.
> In <a href="matlab:matlab.lang.internal.introspective.errorDocCallback('globalPathPlanningDQNPSO', '/Users/hust-hwashin621m/Desktop/vietanhpaper-2/algorithms/dqn_pso/globalPathPlanningDQNPSO.m', 15)" style="font-weight:bold">globalPathPlanningDQNPSO</a> (<a href="matlab: opentoline('/Users/hust-hwashin621m/Desktop/vietanhpaper-2/algorithms/dqn_pso/globalPathPlanningDQNPSO.m',15,0)">line 15</a>)
In <a href="matlab:matlab.lang.internal.introspective.errorDocCallback('callGlobalPlanningAlgorithm', '/Users/hust-hwashin621m/Desktop/vietanhpaper-2/algorithms/callGlobalPlanningAlgorithm.m', 230)" style="font-weight:bold">callGlobalPlanningAlgorithm</a> (<a href="matlab: opentoline('/Users/hust-hwashin621m/Desktop/vietanhpaper-2/algorithms/callGlobalPlanningAlgorithm.m',230,0)">line 230</a>)
In <a href="matlab:matlab.lang.internal.introspective.errorDocCallback('directGlobalPlanning', '/Users/hust-hwashin621m/Desktop/vietanhpaper-2/shared/path_planning/directGlobalPlanning.m', 59)" style="font-weight:bold">directGlobalPlanning</a> (<a href="matlab: opentoline('/Users/hust-hwashin621m/Desktop/vietanhpaper-2/shared/path_planning/directGlobalPlanning.m',59,0)">line 59</a>)
In <a href="matlab:matlab.lang.internal.introspective.errorDocCallback('run_comparison>@(varargin)directGlobalPlanning(varargin{:})', '/Users/hust-hwashin621m/Desktop/vietanhpaper-2/run_comparison.m', 274)" style="font-weight:bold">run_comparison>@(varargin)directGlobalPlanning(varargin{:})</a> (<a href="matlab: opentoline('/Users/hust-hwashin621m/Desktop/vietanhpaper-2/run_comparison.m',274,0)">line 274</a>)
In <a href="matlab:matlab.lang.internal.introspective.errorDocCallback('compare_algorithms>runAlgorithmBatch', '/Users/hust-hwashin621m/Desktop/vietanhpaper-2/scripts/compare_algorithms.m', 139)" style="font-weight:bold">compare_algorithms>runAlgorithmBatch</a> (<a href="matlab: opentoline('/Users/hust-hwashin621m/Desktop/vietanhpaper-2/scripts/compare_algorithms.m',139,0)">line 139</a>)
Starting DQN-PSO (HMM + DQN) - Mode: global
[ACTION DEBUG iter 800] Raw action[1:3]: [0.9990, -0.9658, 0.6622], noise: 0.0500
[ACTION DEBUG iter 800] WARNING: 5/20 actions clipped (network saturating)
[RLAMPSO DEBUG iter 800] w=0.7247, c1=0.9000, c2=1.1934 | fitness=12609.69
[REWARD DEBUG iter 800] FitnessImprovement: 0.0141 → Reward: +1.0000 (prevFit=12609.69, currFit=12609.67)
[ACTION DEBUG iter 800] Raw action[1:3]: [0.2466, 0.9967, 0.8378], noise: 0.0500
[ACTION DEBUG iter 800] WARNING: 3/20 actions clipped (network saturating)
[RLAMPSO DEBUG iter 800] w=0.4640, c1=2.5000, c2=1.7000 | fitness=12520.92
[REWARD DEBUG iter 800] FitnessImprovement: 0.0000 → Reward: +1.0000 (prevFit=12520.92, currFit=12520.92)
[ACTION DEBUG iter 800] Raw action[1:3]: [-0.3803, 0.9912, 0.9058], noise: 0.0500
[ACTION DEBUG iter 800] WARNING: 2/20 actions clipped (network saturating)
[RLAMPSO DEBUG iter 800] w=0.3179, c1=1.2505, c2=1.3000 | fitness=12664.46
[REWARD DEBUG iter 800] FitnessImprovement: 0.0004 → Reward: +1.0000 (prevFit=12664.46, currFit=12664.46)
[ACTION DEBUG iter 800] Raw action[1:3]: [-0.3400, 0.6139, 0.5560], noise: 0.0500
[ACTION DEBUG iter 800] WARNING: 4/20 actions clipped (network saturating)
[RLAMPSO DEBUG iter 800] w=0.3949, c1=0.9000, c2=1.3000 | fitness=12634.43
PSO-LDIW iteration: 450/1000 - Best fitness: 12657.4971 - w=0.675, c1=1.5, c2=1.5
[REWARD DEBUG iter 800] FitnessImprovement: 0.0000 → Reward: -1.0000 (prevFit=12634.43, currFit=12634.43)

========== Planning Complete ==========
Algorithm: RLAMPSO
Execution time: 160.3061 seconds
Path length: 328.4646 units
Waypoints: 7
Best fitness: 12369.8491
========================================


========== Direct Global Planning ==========
Algorithm: DQN_PSO
Start: [0.0, 0.0, 10.0]
Goal:  [200.0, 200.0, 10.0]
============================================

Warning: DQN-PSO (paper) is homogeneous; forcing paramMode to global.
> In <a href="matlab:matlab.lang.internal.introspective.errorDocCallback('globalPathPlanningDQNPSO', '/Users/hust-hwashin621m/Desktop/vietanhpaper-2/algorithms/dqn_pso/globalPathPlanningDQNPSO.m', 15)" style="font-weight:bold">globalPathPlanningDQNPSO</a> (<a href="matlab: opentoline('/Users/hust-hwashin621m/Desktop/vietanhpaper-2/algorithms/dqn_pso/globalPathPlanningDQNPSO.m',15,0)">line 15</a>)
In <a href="matlab:matlab.lang.internal.introspective.errorDocCallback('callGlobalPlanningAlgorithm', '/Users/hust-hwashin621m/Desktop/vietanhpaper-2/algorithms/callGlobalPlanningAlgorithm.m', 230)" style="font-weight:bold">callGlobalPlanningAlgorithm</a> (<a href="matlab: opentoline('/Users/hust-hwashin621m/Desktop/vietanhpaper-2/algorithms/callGlobalPlanningAlgorithm.m',230,0)">line 230</a>)
In <a href="matlab:matlab.lang.internal.introspective.errorDocCallback('directGlobalPlanning', '/Users/hust-hwashin621m/Desktop/vietanhpaper-2/shared/path_planning/directGlobalPlanning.m', 59)" style="font-weight:bold">directGlobalPlanning</a> (<a href="matlab: opentoline('/Users/hust-hwashin621m/Desktop/vietanhpaper-2/shared/path_planning/directGlobalPlanning.m',59,0)">line 59</a>)
In <a href="matlab:matlab.lang.internal.introspective.errorDocCallback('run_comparison>@(varargin)directGlobalPlanning(varargin{:})', '/Users/hust-hwashin621m/Desktop/vietanhpaper-2/run_comparison.m', 274)" style="font-weight:bold">run_comparison>@(varargin)directGlobalPlanning(varargin{:})</a> (<a href="matlab: opentoline('/Users/hust-hwashin621m/Desktop/vietanhpaper-2/run_comparison.m',274,0)">line 274</a>)
In <a href="matlab:matlab.lang.internal.introspective.errorDocCallback('compare_algorithms>runAlgorithmBatch', '/Users/hust-hwashin621m/Desktop/vietanhpaper-2/scripts/compare_algorithms.m', 139)" style="font-weight:bold">compare_algorithms>runAlgorithmBatch</a> (<a href="matlab: opentoline('/Users/hust-hwashin621m/Desktop/vietanhpaper-2/scripts/compare_algorithms.m',139,0)">line 139</a>)
[ACTION DEBUG iter 800] Raw action[1:3]: [-0.3515, -0.4168, -0.4261], noise: 0.0500
[RLAMPSO DEBUG iter 800] w=0.5564, c1=1.3032, c2=0.9366 | fitness=12572.77
Starting DQN-PSO (HMM + DQN) - Mode: global
Traditional PSO iteration: 850/1000 - Best fitness: 12476.9934
[REWARD DEBUG iter 800] FitnessImprovement: 0.0003 → Reward: +1.0000 (prevFit=12572.77, currFit=12572.77)
DQN-PSO iter 50/1000 | Fitness: 13064.21 | w=0.100 c1=2.200 c2=0.800
[ACTION DEBUG iter 800] Raw action[1:3]: [0.7659, -0.9900, -0.6476], noise: 0.0500
[ACTION DEBUG iter 800] WARNING: 3/20 actions clipped (network saturating)
[RLAMPSO DEBUG iter 800] w=0.5272, c1=1.0156, c2=1.0458 | fitness=12594.89
[REWARD DEBUG iter 800] FitnessImprovement: 0.0001 → Reward: +1.0000 (prevFit=12594.89, currFit=12594.89)
[ACTION DEBUG iter 800] Raw action[1:3]: [0.9994, -0.9954, 0.9997], noise: 0.0500
[ACTION DEBUG iter 800] WARNING: 3/20 actions clipped (network saturating)
[RLAMPSO DEBUG iter 800] w=0.8273, c1=0.5000, c2=1.7000 | fitness=12396.86
[REWARD DEBUG iter 800] FitnessImprovement: 0.0010 → Reward: +1.0000 (prevFit=12396.86, currFit=12396.86)
[ACTION DEBUG iter 800] Raw action[1:3]: [-0.9827, -0.1837, -0.1994], noise: 0.0500
[ACTION DEBUG iter 800] WARNING: 2/20 actions clipped (network saturating)
[RLAMPSO DEBUG iter 800] w=0.4529, c1=1.3039, c2=1.6979 | fitness=12714.82
[REWARD DEBUG iter 800] FitnessImprovement: 0.0000 → Reward: +1.0000 (prevFit=12714.82, currFit=12714.82)
[ACTION DEBUG iter 800] Raw action[1:3]: [0.4069, 0.2498, 0.2676], noise: 0.0500
[ACTION DEBUG iter 800] WARNING: 1/20 actions clipped (network saturating)
[RLAMPSO DEBUG iter 800] w=0.3487, c1=1.7000, c2=0.9964 | fitness=12718.86
[REWARD DEBUG iter 800] FitnessImprovement: 0.0001 → Reward: +1.0000 (prevFit=12718.86, currFit=12718.86)
DQN-PSO iter 150/1000 | Fitness: 12534.35 | w=0.900 c1=2.500 c2=0.500
[ACTION DEBUG iter 800] Raw action[1:3]: [-0.9842, -0.0485, -0.9967], noise: 0.0500
[ACTION DEBUG iter 800] WARNING: 5/20 actions clipped (network saturating)
[RLAMPSO DEBUG iter 800] w=0.6608, c1=1.1375, c2=0.9290 | fitness=12252.36
[ACTION DEBUG iter 900] Raw action[1:3]: [0.7565, -0.9999, 0.1343], noise: 0.0500
[ACTION DEBUG iter 900] WARNING: 5/20 actions clipped (network saturating)
[RLAMPSO DEBUG iter 900] w=0.7265, c1=1.1663, c2=1.7000 | fitness=12645.74
DQN-PSO iter 50/1000 | Fitness: 13234.80 | w=0.422 c1=2.500 c2=0.500
[REWARD DEBUG iter 800] FitnessImprovement: 0.0002 → Reward: +1.0000 (prevFit=12252.36, currFit=12252.36)
[REWARD DEBUG iter 900] FitnessImprovement: 0.0000 → Reward: -1.0000 (prevFit=12645.74, currFit=12645.74)
PSO-LDIW iteration: 650/1000 - Best fitness: 12221.5928 - w=0.575, c1=1.5, c2=1.5
[ACTION DEBUG iter 900] Raw action[1:3]: [1.0000, -0.9924, 0.5488], noise: 0.0500
[ACTION DEBUG iter 900] WARNING: 5/20 actions clipped (network saturating)
[RLAMPSO DEBUG iter 900] w=0.6609, c1=0.9136, c2=1.3000 | fitness=12609.46
[REWARD DEBUG iter 900] FitnessImprovement: 0.0000 → Reward: -1.0000 (prevFit=12609.46, currFit=12609.46)
[ACTION DEBUG iter 900] Raw action[1:3]: [0.9574, 0.9962, 0.9891], noise: 0.0500
[ACTION DEBUG iter 900] WARNING: 4/20 actions clipped (network saturating)
[RLAMPSO DEBUG iter 900] w=0.6058, c1=2.1599, c2=1.4095 | fitness=12520.89
[REWARD DEBUG iter 900] FitnessImprovement: 0.0000 → Reward: -1.0000 (prevFit=12520.89, currFit=12520.89)
[ACTION DEBUG iter 900] Raw action[1:3]: [-0.8927, 0.9996, 0.9567], noise: 0.0500
[ACTION DEBUG iter 900] WARNING: 6/20 actions clipped (network saturating)
[RLAMPSO DEBUG iter 900] w=0.2951, c1=1.4245, c2=1.3000 | fitness=12664.46
[REWARD DEBUG iter 900] FitnessImprovement: 0.0000 → Reward: -1.0000 (prevFit=12664.46, currFit=12664.46)
[ACTION DEBUG iter 900] Raw action[1:3]: [0.2266, -0.2650, 0.8988], noise: 0.0500
[ACTION DEBUG iter 900] WARNING: 3/20 actions clipped (network saturating)
[RLAMPSO DEBUG iter 900] w=0.4509, c1=1.3747, c2=1.3000 | fitness=12633.90
[REWARD DEBUG iter 900] FitnessImprovement: 0.0093 → Reward: +1.0000 (prevFit=12633.90, currFit=12633.90)
[ACTION DEBUG iter 900] Raw action[1:3]: [-0.1362, -0.7698, 0.0060], noise: 0.0500
[ACTION DEBUG iter 900] WARNING: 3/20 actions clipped (network saturating)
[RLAMPSO DEBUG iter 900] w=0.5903, c1=0.5679, c2=0.5903 | fitness=12572.73
DQN-PSO iter 100/1000 | Fitness: 12965.60 | w=0.900 c1=2.500 c2=0.500
[REWARD DEBUG iter 900] FitnessImprovement: 0.0071 → Reward: +1.0000 (prevFit=12572.73, currFit=12572.73)
PSO-LDIW iteration: 300/1000 - Best fitness: 12439.5017 - w=0.75, c1=1.5, c2=1.5
PSO-LDIW iteration: 150/1000 - Best fitness: 13212.3576 - w=0.825, c1=1.5, c2=1.5
PSO-LDIW iteration: 150/1000 - Best fitness: 12587.373 - w=0.825, c1=1.5, c2=1.5
DQN-PSO iter 200/1000 | Fitness: 12527.49 | w=0.849 c1=2.500 c2=0.500
[ACTION DEBUG iter 900] Raw action[1:3]: [0.7694, -0.9983, -0.6419], noise: 0.0500
[ACTION DEBUG iter 900] WARNING: 6/20 actions clipped (network saturating)
[RLAMPSO DEBUG iter 900] w=0.5332, c1=1.1676, c2=1.0992 | fitness=12594.89
[REWARD DEBUG iter 900] FitnessImprovement: 0.0000 → Reward: -1.0000 (prevFit=12594.89, currFit=12594.89)
[ACTION DEBUG iter 900] Raw action[1:3]: [0.9997, -0.9998, 0.9999], noise: 0.0500
[ACTION DEBUG iter 900] WARNING: 5/20 actions clipped (network saturating)
[RLAMPSO DEBUG iter 900] w=0.8893, c1=0.5000, c2=1.3786 | fitness=12395.21
[REWARD DEBUG iter 900] FitnessImprovement: 0.0137 → Reward: +1.0000 (prevFit=12395.21, currFit=12395.20)
DQN-PSO iter 100/1000 | Fitness: 12934.66 | w=0.900 c1=2.450 c2=0.500
[ACTION DEBUG iter 900] Raw action[1:3]: [-0.9966, 0.6113, 0.1013], noise: 0.0500
[ACTION DEBUG iter 900] WARNING: 5/20 actions clipped (network saturating)
[RLAMPSO DEBUG iter 900] w=0.4921, c1=1.5612, c2=2.0009 | fitness=12714.68
[REWARD DEBUG iter 900] FitnessImprovement: 0.0000 → Reward: +1.0000 (prevFit=12714.68, currFit=12714.68)
[ACTION DEBUG iter 900] Raw action[1:3]: [0.6274, 0.9401, -0.3205], noise: 0.0500
[ACTION DEBUG iter 900] WARNING: 3/20 actions clipped (network saturating)
[RLAMPSO DEBUG iter 900] w=0.3118, c1=1.7000, c2=1.1404 | fitness=12701.08
[REWARD DEBUG iter 900] FitnessImprovement: 0.0067 → Reward: +1.0000 (prevFit=12701.08, currFit=12701.07)
[ACTION DEBUG iter 1000] Raw action[1:3]: [0.7050, -0.9997, -0.6684], noise: 0.0500
[ACTION DEBUG iter 1000] WARNING: 6/20 actions clipped (network saturating)
[RLAMPSO DEBUG iter 1000] w=0.7766, c1=0.9909, c2=2.1000 | fitness=12644.79
[REWARD DEBUG iter 1000] FitnessImprovement: 0.0000 → Reward: -1.0000 (prevFit=12644.79, currFit=12644.79)

========== Planning Complete ==========
Algorithm: RLAMPSO
Execution time: 206.2679 seconds
Path length: 297.5920 units
Waypoints: 7
Best fitness: 12644.7883
========================================

[ACTION DEBUG iter 900] Raw action[1:3]: [-0.9984, -0.1766, -0.9994], noise: 0.0500
[ACTION DEBUG iter 900] WARNING: 5/20 actions clipped (network saturating)
[RLAMPSO DEBUG iter 900] w=0.6832, c1=0.9261, c2=0.6525 | fitness=12252.36

========== Direct Global Planning ==========
Algorithm: DQN_PSO
Start: [0.0, 0.0, 10.0]
Goal:  [200.0, 200.0, 10.0]
============================================

Warning: DQN-PSO (paper) is homogeneous; forcing paramMode to global.
> In <a href="matlab:matlab.lang.internal.introspective.errorDocCallback('globalPathPlanningDQNPSO', '/Users/hust-hwashin621m/Desktop/vietanhpaper-2/algorithms/dqn_pso/globalPathPlanningDQNPSO.m', 15)" style="font-weight:bold">globalPathPlanningDQNPSO</a> (<a href="matlab: opentoline('/Users/hust-hwashin621m/Desktop/vietanhpaper-2/algorithms/dqn_pso/globalPathPlanningDQNPSO.m',15,0)">line 15</a>)
In <a href="matlab:matlab.lang.internal.introspective.errorDocCallback('callGlobalPlanningAlgorithm', '/Users/hust-hwashin621m/Desktop/vietanhpaper-2/algorithms/callGlobalPlanningAlgorithm.m', 230)" style="font-weight:bold">callGlobalPlanningAlgorithm</a> (<a href="matlab: opentoline('/Users/hust-hwashin621m/Desktop/vietanhpaper-2/algorithms/callGlobalPlanningAlgorithm.m',230,0)">line 230</a>)
In <a href="matlab:matlab.lang.internal.introspective.errorDocCallback('directGlobalPlanning', '/Users/hust-hwashin621m/Desktop/vietanhpaper-2/shared/path_planning/directGlobalPlanning.m', 59)" style="font-weight:bold">directGlobalPlanning</a> (<a href="matlab: opentoline('/Users/hust-hwashin621m/Desktop/vietanhpaper-2/shared/path_planning/directGlobalPlanning.m',59,0)">line 59</a>)
In <a href="matlab:matlab.lang.internal.introspective.errorDocCallback('run_comparison>@(varargin)directGlobalPlanning(varargin{:})', '/Users/hust-hwashin621m/Desktop/vietanhpaper-2/run_comparison.m', 274)" style="font-weight:bold">run_comparison>@(varargin)directGlobalPlanning(varargin{:})</a> (<a href="matlab: opentoline('/Users/hust-hwashin621m/Desktop/vietanhpaper-2/run_comparison.m',274,0)">line 274</a>)
In <a href="matlab:matlab.lang.internal.introspective.errorDocCallback('compare_algorithms>runAlgorithmBatch', '/Users/hust-hwashin621m/Desktop/vietanhpaper-2/scripts/compare_algorithms.m', 139)" style="font-weight:bold">compare_algorithms>runAlgorithmBatch</a> (<a href="matlab: opentoline('/Users/hust-hwashin621m/Desktop/vietanhpaper-2/scripts/compare_algorithms.m',139,0)">line 139</a>)
Starting DQN-PSO (HMM + DQN) - Mode: global
[REWARD DEBUG iter 900] FitnessImprovement: 0.0000 → Reward: -1.0000 (prevFit=12252.36, currFit=12252.36)
[ACTION DEBUG iter 1000] Raw action[1:3]: [0.9994, 0.3305, 0.8520], noise: 0.0500
[ACTION DEBUG iter 1000] WARNING: 4/20 actions clipped (network saturating)
[RLAMPSO DEBUG iter 1000] w=0.4328, c1=0.7688, c2=0.9759 | fitness=12609.45
[REWARD DEBUG iter 1000] FitnessImprovement: 0.0000 → Reward: -1.0000 (prevFit=12609.45, currFit=12609.45)

========== Planning Complete ==========
Algorithm: RLAMPSO
Execution time: 207.3368 seconds
Path length: 295.7409 units
Waypoints: 7
Best fitness: 12609.4500
========================================


========== Direct Global Planning ==========
Algorithm: DQN_PSO
Start: [0.0, 0.0, 10.0]
Goal:  [200.0, 200.0, 10.0]
============================================

Warning: DQN-PSO (paper) is homogeneous; forcing paramMode to global.
> In <a href="matlab:matlab.lang.internal.introspective.errorDocCallback('globalPathPlanningDQNPSO', '/Users/hust-hwashin621m/Desktop/vietanhpaper-2/algorithms/dqn_pso/globalPathPlanningDQNPSO.m', 15)" style="font-weight:bold">globalPathPlanningDQNPSO</a> (<a href="matlab: opentoline('/Users/hust-hwashin621m/Desktop/vietanhpaper-2/algorithms/dqn_pso/globalPathPlanningDQNPSO.m',15,0)">line 15</a>)
In <a href="matlab:matlab.lang.internal.introspective.errorDocCallback('callGlobalPlanningAlgorithm', '/Users/hust-hwashin621m/Desktop/vietanhpaper-2/algorithms/callGlobalPlanningAlgorithm.m', 230)" style="font-weight:bold">callGlobalPlanningAlgorithm</a> (<a href="matlab: opentoline('/Users/hust-hwashin621m/Desktop/vietanhpaper-2/algorithms/callGlobalPlanningAlgorithm.m',230,0)">line 230</a>)
In <a href="matlab:matlab.lang.internal.introspective.errorDocCallback('directGlobalPlanning', '/Users/hust-hwashin621m/Desktop/vietanhpaper-2/shared/path_planning/directGlobalPlanning.m', 59)" style="font-weight:bold">directGlobalPlanning</a> (<a href="matlab: opentoline('/Users/hust-hwashin621m/Desktop/vietanhpaper-2/shared/path_planning/directGlobalPlanning.m',59,0)">line 59</a>)
In <a href="matlab:matlab.lang.internal.introspective.errorDocCallback('run_comparison>@(varargin)directGlobalPlanning(varargin{:})', '/Users/hust-hwashin621m/Desktop/vietanhpaper-2/run_comparison.m', 274)" style="font-weight:bold">run_comparison>@(varargin)directGlobalPlanning(varargin{:})</a> (<a href="matlab: opentoline('/Users/hust-hwashin621m/Desktop/vietanhpaper-2/run_comparison.m',274,0)">line 274</a>)
In <a href="matlab:matlab.lang.internal.introspective.errorDocCallback('compare_algorithms>runAlgorithmBatch', '/Users/hust-hwashin621m/Desktop/vietanhpaper-2/scripts/compare_algorithms.m', 139)" style="font-weight:bold">compare_algorithms>runAlgorithmBatch</a> (<a href="matlab: opentoline('/Users/hust-hwashin621m/Desktop/vietanhpaper-2/scripts/compare_algorithms.m',139,0)">line 139</a>)
Starting DQN-PSO (HMM + DQN) - Mode: global
[ACTION DEBUG iter 1000] Raw action[1:3]: [0.9201, 0.9984, 0.9453], noise: 0.0500
[ACTION DEBUG iter 1000] WARNING: 9/20 actions clipped (network saturating)
[RLAMPSO DEBUG iter 1000] w=0.5456, c1=2.2838, c2=1.7296 | fitness=12520.76
[REWARD DEBUG iter 1000] FitnessImprovement: 0.0001 → Reward: +1.0000 (prevFit=12520.76, currFit=12520.76)

========== Planning Complete ==========
Algorithm: RLAMPSO
Execution time: 208.0606 seconds
Path length: 296.4302 units
Waypoints: 7
Best fitness: 12520.7614
========================================


========== Direct Global Planning ==========
Algorithm: DQN_PSO
Start: [0.0, 0.0, 10.0]
Goal:  [200.0, 200.0, 10.0]
============================================

Warning: DQN-PSO (paper) is homogeneous; forcing paramMode to global.
> In <a href="matlab:matlab.lang.internal.introspective.errorDocCallback('globalPathPlanningDQNPSO', '/Users/hust-hwashin621m/Desktop/vietanhpaper-2/algorithms/dqn_pso/globalPathPlanningDQNPSO.m', 15)" style="font-weight:bold">globalPathPlanningDQNPSO</a> (<a href="matlab: opentoline('/Users/hust-hwashin621m/Desktop/vietanhpaper-2/algorithms/dqn_pso/globalPathPlanningDQNPSO.m',15,0)">line 15</a>)
In <a href="matlab:matlab.lang.internal.introspective.errorDocCallback('callGlobalPlanningAlgorithm', '/Users/hust-hwashin621m/Desktop/vietanhpaper-2/algorithms/callGlobalPlanningAlgorithm.m', 230)" style="font-weight:bold">callGlobalPlanningAlgorithm</a> (<a href="matlab: opentoline('/Users/hust-hwashin621m/Desktop/vietanhpaper-2/algorithms/callGlobalPlanningAlgorithm.m',230,0)">line 230</a>)
In <a href="matlab:matlab.lang.internal.introspective.errorDocCallback('directGlobalPlanning', '/Users/hust-hwashin621m/Desktop/vietanhpaper-2/shared/path_planning/directGlobalPlanning.m', 59)" style="font-weight:bold">directGlobalPlanning</a> (<a href="matlab: opentoline('/Users/hust-hwashin621m/Desktop/vietanhpaper-2/shared/path_planning/directGlobalPlanning.m',59,0)">line 59</a>)
In <a href="matlab:matlab.lang.internal.introspective.errorDocCallback('run_comparison>@(varargin)directGlobalPlanning(varargin{:})', '/Users/hust-hwashin621m/Desktop/vietanhpaper-2/run_comparison.m', 274)" style="font-weight:bold">run_comparison>@(varargin)directGlobalPlanning(varargin{:})</a> (<a href="matlab: opentoline('/Users/hust-hwashin621m/Desktop/vietanhpaper-2/run_comparison.m',274,0)">line 274</a>)
In <a href="matlab:matlab.lang.internal.introspective.errorDocCallback('compare_algorithms>runAlgorithmBatch', '/Users/hust-hwashin621m/Desktop/vietanhpaper-2/scripts/compare_algorithms.m', 139)" style="font-weight:bold">compare_algorithms>runAlgorithmBatch</a> (<a href="matlab: opentoline('/Users/hust-hwashin621m/Desktop/vietanhpaper-2/scripts/compare_algorithms.m',139,0)">line 139</a>)
Starting DQN-PSO (HMM + DQN) - Mode: global
PSO-LDIW iteration: 600/1000 - Best fitness: 12244.74 - w=0.6, c1=1.5, c2=1.5
[ACTION DEBUG iter 1000] Raw action[1:3]: [-0.9233, 1.0000, 0.8992], noise: 0.0500
[ACTION DEBUG iter 1000] WARNING: 3/20 actions clipped (network saturating)
[RLAMPSO DEBUG iter 1000] w=0.3855, c1=1.3587, c2=1.3594 | fitness=12664.46
[REWARD DEBUG iter 1000] FitnessImprovement: 0.0000 → Reward: -1.0000 (prevFit=12664.46, currFit=12664.46)

========== Planning Complete ==========
Algorithm: RLAMPSO
Execution time: 207.2510 seconds
Path length: 311.2200 units
Waypoints: 7
Best fitness: 12664.4580
========================================


========== Direct Global Planning ==========
Algorithm: DQN_PSO
Start: [0.0, 0.0, 10.0]
Goal:  [200.0, 200.0, 10.0]
============================================

Warning: DQN-PSO (paper) is homogeneous; forcing paramMode to global.
> In <a href="matlab:matlab.lang.internal.introspective.errorDocCallback('globalPathPlanningDQNPSO', '/Users/hust-hwashin621m/Desktop/vietanhpaper-2/algorithms/dqn_pso/globalPathPlanningDQNPSO.m', 15)" style="font-weight:bold">globalPathPlanningDQNPSO</a> (<a href="matlab: opentoline('/Users/hust-hwashin621m/Desktop/vietanhpaper-2/algorithms/dqn_pso/globalPathPlanningDQNPSO.m',15,0)">line 15</a>)
In <a href="matlab:matlab.lang.internal.introspective.errorDocCallback('callGlobalPlanningAlgorithm', '/Users/hust-hwashin621m/Desktop/vietanhpaper-2/algorithms/callGlobalPlanningAlgorithm.m', 230)" style="font-weight:bold">callGlobalPlanningAlgorithm</a> (<a href="matlab: opentoline('/Users/hust-hwashin621m/Desktop/vietanhpaper-2/algorithms/callGlobalPlanningAlgorithm.m',230,0)">line 230</a>)
In <a href="matlab:matlab.lang.internal.introspective.errorDocCallback('directGlobalPlanning', '/Users/hust-hwashin621m/Desktop/vietanhpaper-2/shared/path_planning/directGlobalPlanning.m', 59)" style="font-weight:bold">directGlobalPlanning</a> (<a href="matlab: opentoline('/Users/hust-hwashin621m/Desktop/vietanhpaper-2/shared/path_planning/directGlobalPlanning.m',59,0)">line 59</a>)
In <a href="matlab:matlab.lang.internal.introspective.errorDocCallback('run_comparison>@(varargin)directGlobalPlanning(varargin{:})', '/Users/hust-hwashin621m/Desktop/vietanhpaper-2/run_comparison.m', 274)" style="font-weight:bold">run_comparison>@(varargin)directGlobalPlanning(varargin{:})</a> (<a href="matlab: opentoline('/Users/hust-hwashin621m/Desktop/vietanhpaper-2/run_comparison.m',274,0)">line 274</a>)
In <a href="matlab:matlab.lang.internal.introspective.errorDocCallback('compare_algorithms>runAlgorithmBatch', '/Users/hust-hwashin621m/Desktop/vietanhpaper-2/scripts/compare_algorithms.m', 139)" style="font-weight:bold">compare_algorithms>runAlgorithmBatch</a> (<a href="matlab: opentoline('/Users/hust-hwashin621m/Desktop/vietanhpaper-2/scripts/compare_algorithms.m',139,0)">line 139</a>)
Starting DQN-PSO (HMM + DQN) - Mode: global
DQN-PSO iter 150/1000 | Fitness: 12909.57 | w=0.900 c1=2.500 c2=0.500
[ACTION DEBUG iter 1000] Raw action[1:3]: [0.6148, -0.1285, 0.9642], noise: 0.0500
[ACTION DEBUG iter 1000] WARNING: 4/20 actions clipped (network saturating)
[RLAMPSO DEBUG iter 1000] w=0.4773, c1=1.6632, c2=1.2176 | fitness=12633.85
[REWARD DEBUG iter 1000] FitnessImprovement: 0.0000 → Reward: +1.0000 (prevFit=12633.85, currFit=12633.85)

========== Planning Complete ==========
Algorithm: RLAMPSO
Execution time: 209.2166 seconds
Path length: 297.1619 units
Waypoints: 7
Best fitness: 12633.8480
========================================


========== Direct Global Planning ==========
Algorithm: DQN_PSO
Start: [0.0, 0.0, 10.0]
Goal:  [200.0, 200.0, 10.0]
============================================

Warning: DQN-PSO (paper) is homogeneous; forcing paramMode to global.
> In <a href="matlab:matlab.lang.internal.introspective.errorDocCallback('globalPathPlanningDQNPSO', '/Users/hust-hwashin621m/Desktop/vietanhpaper-2/algorithms/dqn_pso/globalPathPlanningDQNPSO.m', 15)" style="font-weight:bold">globalPathPlanningDQNPSO</a> (<a href="matlab: opentoline('/Users/hust-hwashin621m/Desktop/vietanhpaper-2/algorithms/dqn_pso/globalPathPlanningDQNPSO.m',15,0)">line 15</a>)
In <a href="matlab:matlab.lang.internal.introspective.errorDocCallback('callGlobalPlanningAlgorithm', '/Users/hust-hwashin621m/Desktop/vietanhpaper-2/algorithms/callGlobalPlanningAlgorithm.m', 230)" style="font-weight:bold">callGlobalPlanningAlgorithm</a> (<a href="matlab: opentoline('/Users/hust-hwashin621m/Desktop/vietanhpaper-2/algorithms/callGlobalPlanningAlgorithm.m',230,0)">line 230</a>)
In <a href="matlab:matlab.lang.internal.introspective.errorDocCallback('directGlobalPlanning', '/Users/hust-hwashin621m/Desktop/vietanhpaper-2/shared/path_planning/directGlobalPlanning.m', 59)" style="font-weight:bold">directGlobalPlanning</a> (<a href="matlab: opentoline('/Users/hust-hwashin621m/Desktop/vietanhpaper-2/shared/path_planning/directGlobalPlanning.m',59,0)">line 59</a>)
In <a href="matlab:matlab.lang.internal.introspective.errorDocCallback('run_comparison>@(varargin)directGlobalPlanning(varargin{:})', '/Users/hust-hwashin621m/Desktop/vietanhpaper-2/run_comparison.m', 274)" style="font-weight:bold">run_comparison>@(varargin)directGlobalPlanning(varargin{:})</a> (<a href="matlab: opentoline('/Users/hust-hwashin621m/Desktop/vietanhpaper-2/run_comparison.m',274,0)">line 274</a>)
In <a href="matlab:matlab.lang.internal.introspective.errorDocCallback('compare_algorithms>runAlgorithmBatch', '/Users/hust-hwashin621m/Desktop/vietanhpaper-2/scripts/compare_algorithms.m', 139)" style="font-weight:bold">compare_algorithms>runAlgorithmBatch</a> (<a href="matlab: opentoline('/Users/hust-hwashin621m/Desktop/vietanhpaper-2/scripts/compare_algorithms.m',139,0)">line 139</a>)
Starting DQN-PSO (HMM + DQN) - Mode: global
PSO-LDIW iteration: 700/1000 - Best fitness: 12221.2752 - w=0.55, c1=1.5, c2=1.5
Traditional PSO iteration: 1000/1000 - Best fitness: 12298.3015
Traditional PSO completed with final fitness: 12298.3015

========== Planning Complete ==========
Algorithm: PSO
Execution time: 1402.9012 seconds
Path length: 298.2376 units
Waypoints: 7
Best fitness: 12298.3015
========================================


========== Direct Global Planning ==========
Algorithm: PSO_LDIW
Start: [0.0, 0.0, 10.0]
Goal:  [200.0, 200.0, 10.0]
============================================

Starting PSO-LDIW (linearly decreasing inertia weight)...
Number of Initial feasible particles: 0/100
[ACTION DEBUG iter 1000] Raw action[1:3]: [-0.2229, -0.7952, 0.5120], noise: 0.0500
[ACTION DEBUG iter 1000] WARNING: 2/20 actions clipped (network saturating)
[RLAMPSO DEBUG iter 1000] w=0.6517, c1=0.5000, c2=0.5000 | fitness=12572.71
[REWARD DEBUG iter 1000] FitnessImprovement: 0.0000 → Reward: -1.0000 (prevFit=12572.71, currFit=12572.71)
PSO-LDIW iteration: 1/1000 - Best fitness: 14525.1534 - w=0.8995, c1=1.5, c2=1.5

========== Planning Complete ==========
Algorithm: RLAMPSO
Execution time: 211.4462 seconds
Path length: 289.6180 units
Waypoints: 7
Best fitness: 12572.7147
========================================


========== Direct Global Planning ==========
Algorithm: DQN_PSO
Start: [0.0, 0.0, 10.0]
Goal:  [200.0, 200.0, 10.0]
============================================

Warning: DQN-PSO (paper) is homogeneous; forcing paramMode to global.
> In <a href="matlab:matlab.lang.internal.introspective.errorDocCallback('globalPathPlanningDQNPSO', '/Users/hust-hwashin621m/Desktop/vietanhpaper-2/algorithms/dqn_pso/globalPathPlanningDQNPSO.m', 15)" style="font-weight:bold">globalPathPlanningDQNPSO</a> (<a href="matlab: opentoline('/Users/hust-hwashin621m/Desktop/vietanhpaper-2/algorithms/dqn_pso/globalPathPlanningDQNPSO.m',15,0)">line 15</a>)
In <a href="matlab:matlab.lang.internal.introspective.errorDocCallback('callGlobalPlanningAlgorithm', '/Users/hust-hwashin621m/Desktop/vietanhpaper-2/algorithms/callGlobalPlanningAlgorithm.m', 230)" style="font-weight:bold">callGlobalPlanningAlgorithm</a> (<a href="matlab: opentoline('/Users/hust-hwashin621m/Desktop/vietanhpaper-2/algorithms/callGlobalPlanningAlgorithm.m',230,0)">line 230</a>)
In <a href="matlab:matlab.lang.internal.introspective.errorDocCallback('directGlobalPlanning', '/Users/hust-hwashin621m/Desktop/vietanhpaper-2/shared/path_planning/directGlobalPlanning.m', 59)" style="font-weight:bold">directGlobalPlanning</a> (<a href="matlab: opentoline('/Users/hust-hwashin621m/Desktop/vietanhpaper-2/shared/path_planning/directGlobalPlanning.m',59,0)">line 59</a>)
In <a href="matlab:matlab.lang.internal.introspective.errorDocCallback('run_comparison>@(varargin)directGlobalPlanning(varargin{:})', '/Users/hust-hwashin621m/Desktop/vietanhpaper-2/run_comparison.m', 274)" style="font-weight:bold">run_comparison>@(varargin)directGlobalPlanning(varargin{:})</a> (<a href="matlab: opentoline('/Users/hust-hwashin621m/Desktop/vietanhpaper-2/run_comparison.m',274,0)">line 274</a>)
In <a href="matlab:matlab.lang.internal.introspective.errorDocCallback('compare_algorithms>runAlgorithmBatch', '/Users/hust-hwashin621m/Desktop/vietanhpaper-2/scripts/compare_algorithms.m', 139)" style="font-weight:bold">compare_algorithms>runAlgorithmBatch</a> (<a href="matlab: opentoline('/Users/hust-hwashin621m/Desktop/vietanhpaper-2/scripts/compare_algorithms.m',139,0)">line 139</a>)
Starting DQN-PSO (HMM + DQN) - Mode: global
PSO-LDIW iteration: 250/1000 - Best fitness: 12659.3867 - w=0.775, c1=1.5, c2=1.5
DQN-PSO iter 250/1000 | Fitness: 12523.46 | w=0.900 c1=2.500 c2=0.500
Traditional PSO iteration: 950/1000 - Best fitness: 12264.5208
DQN-PSO iter 50/1000 | Fitness: 13173.94 | w=0.425 c1=2.500 c2=0.500
DQN-PSO iter 150/1000 | Fitness: 12842.72 | w=0.900 c1=2.400 c2=0.500
DQN-PSO iter 50/1000 | Fitness: 13258.35 | w=0.900 c1=2.350 c2=0.700
Traditional PSO iteration: 1000/1000 - Best fitness: 12401.2477
Traditional PSO completed with final fitness: 12401.2477

========== Planning Complete ==========
Algorithm: PSO
Execution time: 1413.1558 seconds
Path length: 311.4464 units
Waypoints: 7
Best fitness: 12401.2477
========================================


========== Direct Global Planning ==========
Algorithm: PSO_LDIW
Start: [0.0, 0.0, 10.0]
Goal:  [200.0, 200.0, 10.0]
============================================

Starting PSO-LDIW (linearly decreasing inertia weight)...
[ACTION DEBUG iter 1000] Raw action[1:3]: [-0.4741, -0.9478, 0.3823], noise: 0.0500
[ACTION DEBUG iter 1000] WARNING: 2/20 actions clipped (network saturating)
[RLAMPSO DEBUG iter 1000] w=0.4679, c1=0.7038, c2=0.7275 | fitness=12594.77
DQN-PSO iter 50/1000 | Fitness: 12351.84 | w=0.400 c1=0.750 c2=2.150
[REWARD DEBUG iter 1000] FitnessImprovement: 0.0000 → Reward: -1.0000 (prevFit=12594.77, currFit=12594.77)

========== Planning Complete ==========
Algorithm: RLAMPSO
Execution time: 210.2605 seconds
Path length: 309.5762 units
Waypoints: 7
Best fitness: 12594.7668
========================================


========== Direct Global Planning ==========
Algorithm: DQN_PSO
Start: [0.0, 0.0, 10.0]
Goal:  [200.0, 200.0, 10.0]
============================================

Warning: DQN-PSO (paper) is homogeneous; forcing paramMode to global.
> In <a href="matlab:matlab.lang.internal.introspective.errorDocCallback('globalPathPlanningDQNPSO', '/Users/hust-hwashin621m/Desktop/vietanhpaper-2/algorithms/dqn_pso/globalPathPlanningDQNPSO.m', 15)" style="font-weight:bold">globalPathPlanningDQNPSO</a> (<a href="matlab: opentoline('/Users/hust-hwashin621m/Desktop/vietanhpaper-2/algorithms/dqn_pso/globalPathPlanningDQNPSO.m',15,0)">line 15</a>)
In <a href="matlab:matlab.lang.internal.introspective.errorDocCallback('callGlobalPlanningAlgorithm', '/Users/hust-hwashin621m/Desktop/vietanhpaper-2/algorithms/callGlobalPlanningAlgorithm.m', 230)" style="font-weight:bold">callGlobalPlanningAlgorithm</a> (<a href="matlab: opentoline('/Users/hust-hwashin621m/Desktop/vietanhpaper-2/algorithms/callGlobalPlanningAlgorithm.m',230,0)">line 230</a>)
In <a href="matlab:matlab.lang.internal.introspective.errorDocCallback('directGlobalPlanning', '/Users/hust-hwashin621m/Desktop/vietanhpaper-2/shared/path_planning/directGlobalPlanning.m', 59)" style="font-weight:bold">directGlobalPlanning</a> (<a href="matlab: opentoline('/Users/hust-hwashin621m/Desktop/vietanhpaper-2/shared/path_planning/directGlobalPlanning.m',59,0)">line 59</a>)
In <a href="matlab:matlab.lang.internal.introspective.errorDocCallback('run_comparison>@(varargin)directGlobalPlanning(varargin{:})', '/Users/hust-hwashin621m/Desktop/vietanhpaper-2/run_comparison.m', 274)" style="font-weight:bold">run_comparison>@(varargin)directGlobalPlanning(varargin{:})</a> (<a href="matlab: opentoline('/Users/hust-hwashin621m/Desktop/vietanhpaper-2/run_comparison.m',274,0)">line 274</a>)
In <a href="matlab:matlab.lang.internal.introspective.errorDocCallback('compare_algorithms>runAlgorithmBatch', '/Users/hust-hwashin621m/Desktop/vietanhpaper-2/scripts/compare_algorithms.m', 139)" style="font-weight:bold">compare_algorithms>runAlgorithmBatch</a> (<a href="matlab: opentoline('/Users/hust-hwashin621m/Desktop/vietanhpaper-2/scripts/compare_algorithms.m',139,0)">line 139</a>)
Starting DQN-PSO (HMM + DQN) - Mode: global
Number of Initial feasible particles: 0/100
Traditional PSO iteration: 1000/1000 - Best fitness: 12320.5868
Traditional PSO completed with final fitness: 12320.5868

========== Planning Complete ==========
Algorithm: PSO
Execution time: 1411.9829 seconds
Path length: 306.2709 units
Waypoints: 7
Best fitness: 12320.5868
========================================


========== Direct Global Planning ==========
Algorithm: PSO_LDIW
Start: [0.0, 0.0, 10.0]
Goal:  [200.0, 200.0, 10.0]
============================================

Starting PSO-LDIW (linearly decreasing inertia weight)...
PSO-LDIW iteration: 1/1000 - Best fitness: 31320.6272 - w=0.8995, c1=1.5, c2=1.5
[ACTION DEBUG iter 1000] Raw action[1:3]: [1.0000, -0.9996, 1.0000], noise: 0.0500
[ACTION DEBUG iter 1000] WARNING: 11/20 actions clipped (network saturating)
[RLAMPSO DEBUG iter 1000] w=0.8981, c1=0.5947, c2=1.3000 | fitness=12395.14
[REWARD DEBUG iter 1000] FitnessImprovement: 0.0000 → Reward: -1.0000 (prevFit=12395.14, currFit=12395.14)
Number of Initial feasible particles: 0/100

========== Planning Complete ==========
Algorithm: RLAMPSO
Execution time: 210.0096 seconds
Path length: 294.0846 units
Waypoints: 7
Best fitness: 12395.1376
========================================


========== Direct Global Planning ==========
Algorithm: DQN_PSO
Start: [0.0, 0.0, 10.0]
Goal:  [200.0, 200.0, 10.0]
============================================

Warning: DQN-PSO (paper) is homogeneous; forcing paramMode to global.
> In <a href="matlab:matlab.lang.internal.introspective.errorDocCallback('globalPathPlanningDQNPSO', '/Users/hust-hwashin621m/Desktop/vietanhpaper-2/algorithms/dqn_pso/globalPathPlanningDQNPSO.m', 15)" style="font-weight:bold">globalPathPlanningDQNPSO</a> (<a href="matlab: opentoline('/Users/hust-hwashin621m/Desktop/vietanhpaper-2/algorithms/dqn_pso/globalPathPlanningDQNPSO.m',15,0)">line 15</a>)
In <a href="matlab:matlab.lang.internal.introspective.errorDocCallback('callGlobalPlanningAlgorithm', '/Users/hust-hwashin621m/Desktop/vietanhpaper-2/algorithms/callGlobalPlanningAlgorithm.m', 230)" style="font-weight:bold">callGlobalPlanningAlgorithm</a> (<a href="matlab: opentoline('/Users/hust-hwashin621m/Desktop/vietanhpaper-2/algorithms/callGlobalPlanningAlgorithm.m',230,0)">line 230</a>)
In <a href="matlab:matlab.lang.internal.introspective.errorDocCallback('directGlobalPlanning', '/Users/hust-hwashin621m/Desktop/vietanhpaper-2/shared/path_planning/directGlobalPlanning.m', 59)" style="font-weight:bold">directGlobalPlanning</a> (<a href="matlab: opentoline('/Users/hust-hwashin621m/Desktop/vietanhpaper-2/shared/path_planning/directGlobalPlanning.m',59,0)">line 59</a>)
In <a href="matlab:matlab.lang.internal.introspective.errorDocCallback('run_comparison>@(varargin)directGlobalPlanning(varargin{:})', '/Users/hust-hwashin621m/Desktop/vietanhpaper-2/run_comparison.m', 274)" style="font-weight:bold">run_comparison>@(varargin)directGlobalPlanning(varargin{:})</a> (<a href="matlab: opentoline('/Users/hust-hwashin621m/Desktop/vietanhpaper-2/run_comparison.m',274,0)">line 274</a>)
In <a href="matlab:matlab.lang.internal.introspective.errorDocCallback('compare_algorithms>runAlgorithmBatch', '/Users/hust-hwashin621m/Desktop/vietanhpaper-2/scripts/compare_algorithms.m', 139)" style="font-weight:bold">compare_algorithms>runAlgorithmBatch</a> (<a href="matlab: opentoline('/Users/hust-hwashin621m/Desktop/vietanhpaper-2/scripts/compare_algorithms.m',139,0)">line 139</a>)
Starting DQN-PSO (HMM + DQN) - Mode: global
PSO-LDIW iteration: 1/1000 - Best fitness: 29034.9459 - w=0.8995, c1=1.5, c2=1.5
DQN-PSO iter 50/1000 | Fitness: 12775.52 | w=0.405 c1=1.900 c2=0.750
[ACTION DEBUG iter 1000] Raw action[1:3]: [-0.9648, 0.9792, 0.4965], noise: 0.0500
[ACTION DEBUG iter 1000] WARNING: 1/20 actions clipped (network saturating)
[RLAMPSO DEBUG iter 1000] w=0.3503, c1=1.5823, c2=1.8018 | fitness=12699.12
[REWARD DEBUG iter 1000] FitnessImprovement: 0.2446 → Reward: +1.0000 (prevFit=12699.12, currFit=12698.87)

========== Planning Complete ==========
Algorithm: RLAMPSO
Execution time: 211.0503 seconds
Path length: 338.2130 units
Waypoints: 7
Best fitness: 12698.8725
========================================


========== Direct Global Planning ==========
Algorithm: DQN_PSO
Start: [0.0, 0.0, 10.0]
Goal:  [200.0, 200.0, 10.0]
============================================

Warning: DQN-PSO (paper) is homogeneous; forcing paramMode to global.
> In <a href="matlab:matlab.lang.internal.introspective.errorDocCallback('globalPathPlanningDQNPSO', '/Users/hust-hwashin621m/Desktop/vietanhpaper-2/algorithms/dqn_pso/globalPathPlanningDQNPSO.m', 15)" style="font-weight:bold">globalPathPlanningDQNPSO</a> (<a href="matlab: opentoline('/Users/hust-hwashin621m/Desktop/vietanhpaper-2/algorithms/dqn_pso/globalPathPlanningDQNPSO.m',15,0)">line 15</a>)
In <a href="matlab:matlab.lang.internal.introspective.errorDocCallback('callGlobalPlanningAlgorithm', '/Users/hust-hwashin621m/Desktop/vietanhpaper-2/algorithms/callGlobalPlanningAlgorithm.m', 230)" style="font-weight:bold">callGlobalPlanningAlgorithm</a> (<a href="matlab: opentoline('/Users/hust-hwashin621m/Desktop/vietanhpaper-2/algorithms/callGlobalPlanningAlgorithm.m',230,0)">line 230</a>)
In <a href="matlab:matlab.lang.internal.introspective.errorDocCallback('directGlobalPlanning', '/Users/hust-hwashin621m/Desktop/vietanhpaper-2/shared/path_planning/directGlobalPlanning.m', 59)" style="font-weight:bold">directGlobalPlanning</a> (<a href="matlab: opentoline('/Users/hust-hwashin621m/Desktop/vietanhpaper-2/shared/path_planning/directGlobalPlanning.m',59,0)">line 59</a>)
In <a href="matlab:matlab.lang.internal.introspective.errorDocCallback('run_comparison>@(varargin)directGlobalPlanning(varargin{:})', '/Users/hust-hwashin621m/Desktop/vietanhpaper-2/run_comparison.m', 274)" style="font-weight:bold">run_comparison>@(varargin)directGlobalPlanning(varargin{:})</a> (<a href="matlab: opentoline('/Users/hust-hwashin621m/Desktop/vietanhpaper-2/run_comparison.m',274,0)">line 274</a>)
In <a href="matlab:matlab.lang.internal.introspective.errorDocCallback('compare_algorithms>runAlgorithmBatch', '/Users/hust-hwashin621m/Desktop/vietanhpaper-2/scripts/compare_algorithms.m', 139)" style="font-weight:bold">compare_algorithms>runAlgorithmBatch</a> (<a href="matlab: opentoline('/Users/hust-hwashin621m/Desktop/vietanhpaper-2/scripts/compare_algorithms.m',139,0)">line 139</a>)
Starting DQN-PSO (HMM + DQN) - Mode: global
[ACTION DEBUG iter 1000] Raw action[1:3]: [0.6424, 0.7322, 0.0532], noise: 0.0500
[ACTION DEBUG iter 1000] WARNING: 1/20 actions clipped (network saturating)
[RLAMPSO DEBUG iter 1000] w=0.3724, c1=1.7000, c2=0.9236 | fitness=12700.98
[REWARD DEBUG iter 1000] FitnessImprovement: 0.0006 → Reward: +1.0000 (prevFit=12700.98, currFit=12700.98)

========== Planning Complete ==========
Algorithm: RLAMPSO
Execution time: 212.3633 seconds
Path length: 293.5285 units
Waypoints: 7
Best fitness: 12700.9791
========================================


========== Direct Global Planning ==========
Algorithm: DQN_PSO
Start: [0.0, 0.0, 10.0]
Goal:  [200.0, 200.0, 10.0]
============================================

Warning: DQN-PSO (paper) is homogeneous; forcing paramMode to global.
> In <a href="matlab:matlab.lang.internal.introspective.errorDocCallback('globalPathPlanningDQNPSO', '/Users/hust-hwashin621m/Desktop/vietanhpaper-2/algorithms/dqn_pso/globalPathPlanningDQNPSO.m', 15)" style="font-weight:bold">globalPathPlanningDQNPSO</a> (<a href="matlab: opentoline('/Users/hust-hwashin621m/Desktop/vietanhpaper-2/algorithms/dqn_pso/globalPathPlanningDQNPSO.m',15,0)">line 15</a>)
In <a href="matlab:matlab.lang.internal.introspective.errorDocCallback('callGlobalPlanningAlgorithm', '/Users/hust-hwashin621m/Desktop/vietanhpaper-2/algorithms/callGlobalPlanningAlgorithm.m', 230)" style="font-weight:bold">callGlobalPlanningAlgorithm</a> (<a href="matlab: opentoline('/Users/hust-hwashin621m/Desktop/vietanhpaper-2/algorithms/callGlobalPlanningAlgorithm.m',230,0)">line 230</a>)
In <a href="matlab:matlab.lang.internal.introspective.errorDocCallback('directGlobalPlanning', '/Users/hust-hwashin621m/Desktop/vietanhpaper-2/shared/path_planning/directGlobalPlanning.m', 59)" style="font-weight:bold">directGlobalPlanning</a> (<a href="matlab: opentoline('/Users/hust-hwashin621m/Desktop/vietanhpaper-2/shared/path_planning/directGlobalPlanning.m',59,0)">line 59</a>)
In <a href="matlab:matlab.lang.internal.introspective.errorDocCallback('run_comparison>@(varargin)directGlobalPlanning(varargin{:})', '/Users/hust-hwashin621m/Desktop/vietanhpaper-2/run_comparison.m', 274)" style="font-weight:bold">run_comparison>@(varargin)directGlobalPlanning(varargin{:})</a> (<a href="matlab: opentoline('/Users/hust-hwashin621m/Desktop/vietanhpaper-2/run_comparison.m',274,0)">line 274</a>)
In <a href="matlab:matlab.lang.internal.introspective.errorDocCallback('compare_algorithms>runAlgorithmBatch', '/Users/hust-hwashin621m/Desktop/vietanhpaper-2/scripts/compare_algorithms.m', 139)" style="font-weight:bold">compare_algorithms>runAlgorithmBatch</a> (<a href="matlab: opentoline('/Users/hust-hwashin621m/Desktop/vietanhpaper-2/scripts/compare_algorithms.m',139,0)">line 139</a>)
Starting DQN-PSO (HMM + DQN) - Mode: global
DQN-PSO iter 50/1000 | Fitness: 12288.74 | w=0.100 c1=0.500 c2=2.500
[ACTION DEBUG iter 1000] Raw action[1:3]: [-0.9995, -0.9460, -0.9997], noise: 0.0500
[ACTION DEBUG iter 1000] WARNING: 7/20 actions clipped (network saturating)
[RLAMPSO DEBUG iter 1000] w=0.6977, c1=1.4604, c2=1.0495 | fitness=12252.36
[REWARD DEBUG iter 1000] FitnessImprovement: 0.0000 → Reward: -1.0000 (prevFit=12252.36, currFit=12252.36)

========== Planning Complete ==========
Algorithm: RLAMPSO
Execution time: 214.1302 seconds
Path length: 316.1264 units
Waypoints: 7
Best fitness: 12252.3563
========================================


========== Direct Global Planning ==========
Algorithm: DQN_PSO
Start: [0.0, 0.0, 10.0]
Goal:  [200.0, 200.0, 10.0]
============================================

Warning: DQN-PSO (paper) is homogeneous; forcing paramMode to global.
> In <a href="matlab:matlab.lang.internal.introspective.errorDocCallback('globalPathPlanningDQNPSO', '/Users/hust-hwashin621m/Desktop/vietanhpaper-2/algorithms/dqn_pso/globalPathPlanningDQNPSO.m', 15)" style="font-weight:bold">globalPathPlanningDQNPSO</a> (<a href="matlab: opentoline('/Users/hust-hwashin621m/Desktop/vietanhpaper-2/algorithms/dqn_pso/globalPathPlanningDQNPSO.m',15,0)">line 15</a>)
In <a href="matlab:matlab.lang.internal.introspective.errorDocCallback('callGlobalPlanningAlgorithm', '/Users/hust-hwashin621m/Desktop/vietanhpaper-2/algorithms/callGlobalPlanningAlgorithm.m', 230)" style="font-weight:bold">callGlobalPlanningAlgorithm</a> (<a href="matlab: opentoline('/Users/hust-hwashin621m/Desktop/vietanhpaper-2/algorithms/callGlobalPlanningAlgorithm.m',230,0)">line 230</a>)
In <a href="matlab:matlab.lang.internal.introspective.errorDocCallback('directGlobalPlanning', '/Users/hust-hwashin621m/Desktop/vietanhpaper-2/shared/path_planning/directGlobalPlanning.m', 59)" style="font-weight:bold">directGlobalPlanning</a> (<a href="matlab: opentoline('/Users/hust-hwashin621m/Desktop/vietanhpaper-2/shared/path_planning/directGlobalPlanning.m',59,0)">line 59</a>)
In <a href="matlab:matlab.lang.internal.introspective.errorDocCallback('run_comparison>@(varargin)directGlobalPlanning(varargin{:})', '/Users/hust-hwashin621m/Desktop/vietanhpaper-2/run_comparison.m', 274)" style="font-weight:bold">run_comparison>@(varargin)directGlobalPlanning(varargin{:})</a> (<a href="matlab: opentoline('/Users/hust-hwashin621m/Desktop/vietanhpaper-2/run_comparison.m',274,0)">line 274</a>)
In <a href="matlab:matlab.lang.internal.introspective.errorDocCallback('compare_algorithms>runAlgorithmBatch', '/Users/hust-hwashin621m/Desktop/vietanhpaper-2/scripts/compare_algorithms.m', 139)" style="font-weight:bold">compare_algorithms>runAlgorithmBatch</a> (<a href="matlab: opentoline('/Users/hust-hwashin621m/Desktop/vietanhpaper-2/scripts/compare_algorithms.m',139,0)">line 139</a>)
Starting DQN-PSO (HMM + DQN) - Mode: global
DQN-PSO iter 200/1000 | Fitness: 12875.19 | w=0.900 c1=2.350 c2=0.600
DQN-PSO iter 50/1000 | Fitness: 12878.95 | w=0.100 c1=2.400 c2=0.600
DQN-PSO iter 50/1000 | Fitness: 13044.52 | w=0.371 c1=2.500 c2=0.500
DQN-PSO iter 300/1000 | Fitness: 12519.45 | w=0.445 c1=2.500 c2=0.500
DQN-PSO iter 50/1000 | Fitness: 13304.23 | w=0.693 c1=2.500 c2=0.500
Traditional PSO iteration: 800/1000 - Best fitness: 12617.5174
DQN-PSO iter 50/1000 | Fitness: 12661.01 | w=0.407 c1=1.200 c2=2.100
DQN-PSO iter 100/1000 | Fitness: 12729.00 | w=0.900 c1=2.500 c2=0.500
PSO-LDIW iteration: 750/1000 - Best fitness: 12220.8355 - w=0.525, c1=1.5, c2=1.5
DQN-PSO iter 200/1000 | Fitness: 12785.74 | w=0.900 c1=2.500 c2=0.500
DQN-PSO iter 50/1000 | Fitness: 13220.05 | w=0.900 c1=2.500 c2=0.500
DQN-PSO iter 100/1000 | Fitness: 13245.84 | w=0.327 c1=2.500 c2=0.500
DQN-PSO iter 100/1000 | Fitness: 12266.10 | w=0.900 c1=0.550 c2=2.400
Traditional PSO iteration: 900/1000 - Best fitness: 12471.5157
DQN-PSO iter 100/1000 | Fitness: 12746.77 | w=0.100 c1=0.500 c2=2.500
DQN-PSO iter 50/1000 | Fitness: 13157.93 | w=0.100 c1=1.500 c2=1.500
DQN-PSO iter 100/1000 | Fitness: 12215.10 | w=0.100 c1=0.500 c2=2.500
DQN-PSO iter 100/1000 | Fitness: 12789.81 | w=0.400 c1=2.500 c2=0.500
DQN-PSO iter 250/1000 | Fitness: 12874.02 | w=0.395 c1=2.500 c2=0.500
Traditional PSO iteration: 850/1000 - Best fitness: 12278.3012
PSO-LDIW iteration: 650/1000 - Best fitness: 12244.0967 - w=0.575, c1=1.5, c2=1.5
DQN-PSO iter 350/1000 | Fitness: 12516.53 | w=0.900 c1=2.450 c2=0.500
DQN-PSO iter 100/1000 | Fitness: 12743.97 | w=0.401 c1=2.500 c2=0.500
DQN-PSO iter 100/1000 | Fitness: 12987.57 | w=0.100 c1=2.250 c2=0.600
DQN-PSO iter 150/1000 | Fitness: 12712.97 | w=0.900 c1=2.500 c2=0.500
DQN-PSO iter 100/1000 | Fitness: 12629.57 | w=0.100 c1=1.000 c2=2.500
DQN-PSO iter 150/1000 | Fitness: 13243.00 | w=0.100 c1=2.400 c2=0.600
DQN-PSO iter 150/1000 | Fitness: 12235.24 | w=0.669 c1=0.600 c2=2.400
PSO-LDIW iteration: 500/1000 - Best fitness: 12645.8814 - w=0.65, c1=1.5, c2=1.5
DQN-PSO iter 250/1000 | Fitness: 12745.89 | w=0.900 c1=2.500 c2=0.500
DQN-PSO iter 100/1000 | Fitness: 13148.17 | w=0.418 c1=2.500 c2=0.500
PSO-LDIW iteration: 800/1000 - Best fitness: 12219.9684 - w=0.5, c1=1.5, c2=1.5
PSO-LDIW iteration: 350/1000 - Best fitness: 12403.7693 - w=0.725, c1=1.5, c2=1.5
DQN-PSO iter 150/1000 | Fitness: 12739.85 | w=0.401 c1=0.700 c2=2.400
DQN-PSO iter 100/1000 | Fitness: 12922.24 | w=0.900 c1=2.500 c2=0.500
PSO-LDIW iteration: 200/1000 - Best fitness: 12531.4925 - w=0.8, c1=1.5, c2=1.5
PSO-LDIW iteration: 200/1000 - Best fitness: 13155.3077 - w=0.8, c1=1.5, c2=1.5
DQN-PSO iter 150/1000 | Fitness: 12213.75 | w=0.100 c1=0.500 c2=2.500
DQN-PSO iter 150/1000 | Fitness: 12777.45 | w=0.513 c1=2.500 c2=0.500
DQN-PSO iter 300/1000 | Fitness: 12872.52 | w=0.900 c1=2.500 c2=0.500
PSO-LDIW iteration: 50/1000 - Best fitness: 13238.4753 - w=0.875, c1=1.5, c2=1.5
PSO-LDIW iteration: 50/1000 - Best fitness: 12776.3044 - w=0.875, c1=1.5, c2=1.5
DQN-PSO iter 400/1000 | Fitness: 12514.98 | w=0.100 c1=2.200 c2=0.800
DQN-PSO iter 150/1000 | Fitness: 12732.71 | w=0.400 c1=2.300 c2=0.550
DQN-PSO iter 150/1000 | Fitness: 12956.57 | w=0.400 c1=2.500 c2=0.500
DQN-PSO iter 200/1000 | Fitness: 12711.53 | w=0.900 c1=2.450 c2=0.500
PSO-LDIW iteration: 50/1000 - Best fitness: 12942.2307 - w=0.875, c1=1.5, c2=1.5
DQN-PSO iter 150/1000 | Fitness: 12624.85 | w=0.100 c1=0.500 c2=2.500
DQN-PSO iter 300/1000 | Fitness: 12624.18 | w=0.900 c1=2.450 c2=0.550
DQN-PSO iter 200/1000 | Fitness: 13235.40 | w=0.721 c1=2.500 c2=0.500
DQN-PSO iter 200/1000 | Fitness: 12223.93 | w=0.100 c1=0.850 c2=2.150
DQN-PSO iter 150/1000 | Fitness: 13128.51 | w=0.900 c1=2.500 c2=0.500
DQN-PSO iter 200/1000 | Fitness: 12736.23 | w=0.403 c1=0.600 c2=2.450
DQN-PSO iter 150/1000 | Fitness: 12910.05 | w=0.756 c1=2.500 c2=0.500
PSO-LDIW iteration: 850/1000 - Best fitness: 12219.9329 - w=0.475, c1=1.5, c2=1.5
DQN-PSO iter 200/1000 | Fitness: 12213.71 | w=0.839 c1=0.600 c2=2.400
DQN-PSO iter 200/1000 | Fitness: 12767.11 | w=0.400 c1=2.500 c2=0.500
DQN-PSO iter 350/1000 | Fitness: 12872.11 | w=0.400 c1=2.500 c2=0.500
PSO-LDIW iteration: 700/1000 - Best fitness: 12241.5103 - w=0.55, c1=1.5, c2=1.5
DQN-PSO iter 450/1000 | Fitness: 12513.88 | w=0.580 c1=2.500 c2=0.500
DQN-PSO iter 200/1000 | Fitness: 12731.50 | w=0.400 c1=2.500 c2=0.500
Traditional PSO iteration: 1000/1000 - Best fitness: 12264.5143
Traditional PSO completed with final fitness: 12264.5143

========== Planning Complete ==========
Algorithm: PSO
Execution time: 1485.2641 seconds
Path length: 324.6552 units
Waypoints: 7
Best fitness: 12264.5143
========================================


========== Direct Global Planning ==========
Algorithm: PSO_LDIW
Start: [0.0, 0.0, 10.0]
Goal:  [200.0, 200.0, 10.0]
============================================

Starting PSO-LDIW (linearly decreasing inertia weight)...
Number of Initial feasible particles: 0/100
PSO-LDIW iteration: 1/1000 - Best fitness: 44132.3854 - w=0.8995, c1=1.5, c2=1.5
DQN-PSO iter 200/1000 | Fitness: 12933.59 | w=0.100 c1=2.400 c2=0.600
DQN-PSO iter 250/1000 | Fitness: 12706.17 | w=0.401 c1=2.500 c2=0.500
DQN-PSO iter 200/1000 | Fitness: 12624.29 | w=0.436 c1=0.650 c2=2.300
DQN-PSO iter 250/1000 | Fitness: 13196.67 | w=0.900 c1=2.500 c2=0.500
DQN-PSO iter 250/1000 | Fitness: 12223.54 | w=0.100 c1=0.750 c2=2.400
DQN-PSO iter 200/1000 | Fitness: 13077.30 | w=0.463 c1=2.500 c2=0.500
DQN-PSO iter 350/1000 | Fitness: 12572.12 | w=0.900 c1=2.500 c2=0.500
DQN-PSO iter 250/1000 | Fitness: 12732.59 | w=0.100 c1=0.850 c2=2.000
DQN-PSO iter 200/1000 | Fitness: 12905.01 | w=0.900 c1=2.500 c2=0.500
PSO-LDIW iteration: 900/1000 - Best fitness: 12219.9259 - w=0.45, c1=1.5, c2=1.5
DQN-PSO iter 250/1000 | Fitness: 12213.09 | w=0.400 c1=1.150 c2=1.550
DQN-PSO iter 400/1000 | Fitness: 12871.73 | w=0.400 c1=2.500 c2=0.500
DQN-PSO iter 250/1000 | Fitness: 12763.31 | w=0.100 c1=2.400 c2=0.600
PSO-LDIW iteration: 300/1000 - Best fitness: 12637.261 - w=0.75, c1=1.5, c2=1.5
DQN-PSO iter 500/1000 | Fitness: 12513.66 | w=0.401 c1=2.500 c2=0.500
DQN-PSO iter 250/1000 | Fitness: 12731.43 | w=0.900 c1=2.500 c2=0.500
DQN-PSO iter 250/1000 | Fitness: 12931.86 | w=0.675 c1=2.500 c2=0.500
DQN-PSO iter 300/1000 | Fitness: 12703.90 | w=0.401 c1=2.500 c2=0.500
DQN-PSO iter 300/1000 | Fitness: 13196.29 | w=0.348 c1=2.500 c2=0.500
DQN-PSO iter 250/1000 | Fitness: 12624.24 | w=0.100 c1=0.500 c2=2.500
DQN-PSO iter 250/1000 | Fitness: 13074.27 | w=0.900 c1=2.500 c2=0.500
DQN-PSO iter 400/1000 | Fitness: 12565.79 | w=0.900 c1=2.500 c2=0.500
DQN-PSO iter 300/1000 | Fitness: 12223.50 | w=0.100 c1=0.550 c2=2.400
DQN-PSO iter 300/1000 | Fitness: 12732.40 | w=0.900 c1=0.550 c2=2.400
Traditional PSO iteration: 950/1000 - Best fitness: 12453.0638
DQN-PSO iter 250/1000 | Fitness: 12903.74 | w=0.400 c1=2.500 c2=0.500
PSO-LDIW iteration: 950/1000 - Best fitness: 12219.6956 - w=0.425, c1=1.5, c2=1.5
DQN-PSO iter 300/1000 | Fitness: 12213.08 | w=0.900 c1=0.900 c2=1.950
DQN-PSO iter 450/1000 | Fitness: 12871.59 | w=0.900 c1=2.500 c2=0.500
DQN-PSO iter 300/1000 | Fitness: 12763.22 | w=0.900 c1=2.450 c2=0.550
PSO-LDIW iteration: 100/1000 - Best fitness: 12841.8529 - w=0.85, c1=1.5, c2=1.5
PSO-LDIW iteration: 100/1000 - Best fitness: 12669.543 - w=0.85, c1=1.5, c2=1.5
DQN-PSO iter 550/1000 | Fitness: 12513.02 | w=0.402 c1=2.500 c2=0.500
DQN-PSO iter 300/1000 | Fitness: 12731.38 | w=0.100 c1=2.400 c2=0.600
DQN-PSO iter 300/1000 | Fitness: 12878.88 | w=0.768 c1=2.500 c2=0.500
PSO-LDIW iteration: 750/1000 - Best fitness: 12241.1238 - w=0.525, c1=1.5, c2=1.5
DQN-PSO iter 300/1000 | Fitness: 12624.22 | w=0.100 c1=1.650 c2=1.100
DQN-PSO iter 350/1000 | Fitness: 12702.92 | w=0.569 c1=2.400 c2=0.500
Traditional PSO iteration: 850/1000 - Best fitness: 12617.5137
DQN-PSO iter 300/1000 | Fitness: 13031.72 | w=0.365 c1=2.500 c2=0.500
DQN-PSO iter 350/1000 | Fitness: 13195.70 | w=0.900 c1=2.500 c2=0.500
DQN-PSO iter 350/1000 | Fitness: 12223.49 | w=0.900 c1=0.650 c2=2.300
PSO-LDIW iteration: 400/1000 - Best fitness: 12325.3866 - w=0.7, c1=1.5, c2=1.5
DQN-PSO iter 450/1000 | Fitness: 12561.17 | w=0.737 c1=2.400 c2=0.600
PSO-LDIW iteration: 250/1000 - Best fitness: 12454.0299 - w=0.775, c1=1.5, c2=1.5
PSO-LDIW iteration: 250/1000 - Best fitness: 13095.1146 - w=0.775, c1=1.5, c2=1.5
PSO-LDIW iteration: 100/1000 - Best fitness: 12715.5684 - w=0.85, c1=1.5, c2=1.5
DQN-PSO iter 350/1000 | Fitness: 12732.37 | w=0.900 c1=0.800 c2=2.150
PSO-LDIW iteration: 1000/1000 - Best fitness: 12219.6892 - w=0.4, c1=1.5, c2=1.5

========== Planning Complete ==========
Algorithm: PSO_LDIW
Execution time: 840.9819 seconds
Path length: 297.1501 units
Waypoints: 7
Best fitness: 12219.6892
========================================


========== Direct Global Planning ==========
Algorithm: FIPS
Start: [0.0, 0.0, 10.0]
Goal:  [200.0, 200.0, 10.0]
============================================

Starting FIPS (Fully Informed PSO) path planning...
Number of Initial feasible particles: 0/100
DQN-PSO iter 300/1000 | Fitness: 12903.24 | w=0.900 c1=2.450 c2=0.550
DQN-PSO iter 350/1000 | Fitness: 12213.08 | w=0.100 c1=0.850 c2=2.150
DQN-PSO iter 500/1000 | Fitness: 12871.56 | w=0.100 c1=2.400 c2=0.600
DQN-PSO iter 350/1000 | Fitness: 12763.16 | w=0.160 c1=2.350 c2=0.600
Traditional PSO iteration: 900/1000 - Best fitness: 12278.3012
PSO-LDIW iteration: 550/1000 - Best fitness: 12616.8137 - w=0.625, c1=1.5, c2=1.5
DQN-PSO iter 600/1000 | Fitness: 12512.83 | w=0.900 c1=2.500 c2=0.500
DQN-PSO iter 350/1000 | Fitness: 12731.33 | w=0.100 c1=2.400 c2=0.600
DQN-PSO iter 350/1000 | Fitness: 12878.16 | w=0.468 c1=2.500 c2=0.500
DQN-PSO iter 400/1000 | Fitness: 12702.50 | w=0.100 c1=2.400 c2=0.600
DQN-PSO iter 350/1000 | Fitness: 12624.22 | w=0.100 c1=1.900 c2=1.100
DQN-PSO iter 350/1000 | Fitness: 13028.02 | w=0.900 c1=2.500 c2=0.500
DQN-PSO iter 400/1000 | Fitness: 13188.46 | w=0.645 c1=2.500 c2=0.500
DQN-PSO iter 400/1000 | Fitness: 12223.49 | w=0.400 c1=0.700 c2=2.450
DQN-PSO iter 500/1000 | Fitness: 12560.43 | w=0.900 c1=2.500 c2=0.500
PSO-LDIW iteration: 50/1000 - Best fitness: 13367.4589 - w=0.875, c1=1.5, c2=1.5
DQN-PSO iter 400/1000 | Fitness: 12732.36 | w=0.900 c1=0.900 c2=1.850
DQN-PSO iter 350/1000 | Fitness: 12903.20 | w=0.273 c1=2.500 c2=0.500
DQN-PSO iter 400/1000 | Fitness: 12213.07 | w=0.358 c1=0.600 c2=2.400
DQN-PSO iter 550/1000 | Fitness: 12871.35 | w=0.173 c1=2.500 c2=0.550
DQN-PSO iter 400/1000 | Fitness: 12649.29 | w=0.303 c1=2.500 c2=0.500
DQN-PSO iter 650/1000 | Fitness: 12512.66 | w=0.100 c1=2.200 c2=0.850
DQN-PSO iter 400/1000 | Fitness: 12729.55 | w=0.900 c1=2.500 c2=0.500
DQN-PSO iter 400/1000 | Fitness: 12876.48 | w=0.355 c1=2.500 c2=0.500
DQN-PSO iter 450/1000 | Fitness: 12702.23 | w=0.513 c1=2.450 c2=0.550
PSO-LDIW iteration: 800/1000 - Best fitness: 12240.559 - w=0.5, c1=1.5, c2=1.5
DQN-PSO iter 450/1000 | Fitness: 13184.72 | w=0.401 c1=2.500 c2=0.550
DQN-PSO iter 400/1000 | Fitness: 12624.22 | w=0.100 c1=1.700 c2=1.150
DQN-PSO iter 400/1000 | Fitness: 13002.83 | w=0.406 c1=2.500 c2=0.500
DQN-PSO iter 550/1000 | Fitness: 12454.92 | w=0.721 c1=2.500 c2=0.500
DQN-PSO iter 450/1000 | Fitness: 12223.49 | w=0.100 c1=0.500 c2=2.500
DQN-PSO iter 450/1000 | Fitness: 12732.29 | w=0.307 c1=0.600 c2=2.400
DQN-PSO iter 400/1000 | Fitness: 12903.20 | w=0.400 c1=2.500 c2=0.500
DQN-PSO iter 450/1000 | Fitness: 12213.07 | w=0.100 c1=1.000 c2=2.400
DQN-PSO iter 600/1000 | Fitness: 12871.33 | w=0.100 c1=2.300 c2=0.700
PSO-LDIW iteration: 150/1000 - Best fitness: 12725.5563 - w=0.825, c1=1.5, c2=1.5
DQN-PSO iter 450/1000 | Fitness: 12648.38 | w=0.100 c1=2.400 c2=0.600
PSO-LDIW iteration: 150/1000 - Best fitness: 12495.4971 - w=0.825, c1=1.5, c2=1.5
DQN-PSO iter 700/1000 | Fitness: 12512.63 | w=0.660 c1=2.500 c2=0.500
DQN-PSO iter 450/1000 | Fitness: 12716.65 | w=0.100 c1=2.300 c2=0.700
DQN-PSO iter 450/1000 | Fitness: 12875.56 | w=0.481 c1=2.500 c2=0.550
DQN-PSO iter 450/1000 | Fitness: 12624.22 | w=0.131 c1=1.300 c2=1.450
DQN-PSO iter 500/1000 | Fitness: 12701.97 | w=0.900 c1=2.100 c2=0.900
DQN-PSO iter 500/1000 | Fitness: 13183.95 | w=0.400 c1=2.500 c2=0.500
DQN-PSO iter 500/1000 | Fitness: 12223.49 | w=0.900 c1=0.900 c2=2.100
DQN-PSO iter 450/1000 | Fitness: 12971.95 | w=0.770 c1=2.500 c2=0.550
DQN-PSO iter 600/1000 | Fitness: 12412.90 | w=0.100 c1=2.400 c2=0.600
Traditional PSO iteration: 1000/1000 - Best fitness: 12452.6541
Traditional PSO completed with final fitness: 12452.6541

========== Planning Complete ==========
Algorithm: PSO
Execution time: 1575.8785 seconds
Path length: 286.4960 units
Waypoints: 7
Best fitness: 12452.6541
========================================


========== Direct Global Planning ==========
Algorithm: PSO_LDIW
Start: [0.0, 0.0, 10.0]
Goal:  [200.0, 200.0, 10.0]
============================================

Starting PSO-LDIW (linearly decreasing inertia weight)...
DQN-PSO iter 500/1000 | Fitness: 12732.27 | w=0.100 c1=0.850 c2=2.200
Number of Initial feasible particles: 0/100
PSO-LDIW iteration: 1/1000 - Best fitness: 25752.6654 - w=0.8995, c1=1.5, c2=1.5
DQN-PSO iter 450/1000 | Fitness: 12903.20 | w=0.400 c1=2.500 c2=0.500
DQN-PSO iter 500/1000 | Fitness: 12213.07 | w=0.226 c1=1.050 c2=2.200
PSO-LDIW iteration: 350/1000 - Best fitness: 12631.4118 - w=0.725, c1=1.5, c2=1.5
DQN-PSO iter 650/1000 | Fitness: 12871.32 | w=0.100 c1=2.000 c2=1.000
DQN-PSO iter 500/1000 | Fitness: 12610.48 | w=0.762 c1=2.500 c2=0.500
PSO-LDIW iteration: 300/1000 - Best fitness: 12409.6798 - w=0.75, c1=1.5, c2=1.5
PSO-LDIW iteration: 150/1000 - Best fitness: 12612.9328 - w=0.825, c1=1.5, c2=1.5
PSO-LDIW iteration: 300/1000 - Best fitness: 13014.9697 - w=0.75, c1=1.5, c2=1.5
PSO-LDIW iteration: 450/1000 - Best fitness: 12249.2579 - w=0.675, c1=1.5, c2=1.5
DQN-PSO iter 750/1000 | Fitness: 12512.62 | w=0.900 c1=2.500 c2=0.500
DQN-PSO iter 500/1000 | Fitness: 12714.77 | w=0.100 c1=2.400 c2=0.650
PSO-LDIW iteration: 850/1000 - Best fitness: 12240.4588 - w=0.475, c1=1.5, c2=1.5
DQN-PSO iter 500/1000 | Fitness: 12875.27 | w=0.477 c1=2.500 c2=0.500
DQN-PSO iter 550/1000 | Fitness: 13183.88 | w=0.100 c1=2.300 c2=0.700
DQN-PSO iter 550/1000 | Fitness: 12700.15 | w=0.402 c1=2.500 c2=0.550
DQN-PSO iter 500/1000 | Fitness: 12624.22 | w=0.900 c1=0.750 c2=1.850
DQN-PSO iter 550/1000 | Fitness: 12223.49 | w=0.100 c1=0.650 c2=2.450
DQN-PSO iter 650/1000 | Fitness: 12367.07 | w=0.900 c1=2.500 c2=0.500
DQN-PSO iter 500/1000 | Fitness: 12967.12 | w=0.299 c1=2.500 c2=0.500
DQN-PSO iter 550/1000 | Fitness: 12732.27 | w=0.100 c1=1.350 c2=1.850
DQN-PSO iter 550/1000 | Fitness: 12213.07 | w=0.100 c1=0.900 c2=2.000
DQN-PSO iter 500/1000 | Fitness: 12902.58 | w=0.400 c1=2.400 c2=0.650
FIPS iteration: 50/1000 - Best fitness: 13911.7508
DQN-PSO iter 700/1000 | Fitness: 12871.32 | w=0.400 c1=2.500 c2=0.500
DQN-PSO iter 550/1000 | Fitness: 12591.94 | w=0.746 c1=2.500 c2=0.500
PSO-LDIW iteration: 100/1000 - Best fitness: 13089.2914 - w=0.85, c1=1.5, c2=1.5
DQN-PSO iter 800/1000 | Fitness: 12512.61 | w=0.400 c1=2.500 c2=0.500
DQN-PSO iter 550/1000 | Fitness: 12713.38 | w=0.100 c1=2.300 c2=0.650
Traditional PSO iteration: 900/1000 - Best fitness: 12617.5117
DQN-PSO iter 550/1000 | Fitness: 12874.67 | w=0.100 c1=2.400 c2=0.600
DQN-PSO iter 600/1000 | Fitness: 13183.88 | w=0.764 c1=2.500 c2=0.500
DQN-PSO iter 550/1000 | Fitness: 12624.22 | w=0.100 c1=0.550 c2=2.450
DQN-PSO iter 600/1000 | Fitness: 12699.75 | w=0.401 c1=2.500 c2=0.500
DQN-PSO iter 600/1000 | Fitness: 12223.49 | w=0.100 c1=1.550 c2=1.400
DQN-PSO iter 550/1000 | Fitness: 12962.74 | w=0.572 c1=2.500 c2=0.500
DQN-PSO iter 700/1000 | Fitness: 12350.92 | w=0.100 c1=2.400 c2=0.600
DQN-PSO iter 600/1000 | Fitness: 12732.26 | w=0.100 c1=1.850 c2=1.400
DQN-PSO iter 550/1000 | Fitness: 12902.58 | w=0.900 c1=2.450 c2=0.500
DQN-PSO iter 600/1000 | Fitness: 12210.86 | w=0.520 c1=1.950 c2=0.800
PSO-LDIW iteration: 600/1000 - Best fitness: 12600.4508 - w=0.6, c1=1.5, c2=1.5
PSO-LDIW iteration: 50/1000 - Best fitness: 13260.5986 - w=0.875, c1=1.5, c2=1.5
Traditional PSO iteration: 950/1000 - Best fitness: 12278.3012
PSO-LDIW iteration: 200/1000 - Best fitness: 12658.9881 - w=0.8, c1=1.5, c2=1.5
PSO-LDIW iteration: 200/1000 - Best fitness: 12371.9792 - w=0.8, c1=1.5, c2=1.5
DQN-PSO iter 750/1000 | Fitness: 12871.32 | w=0.100 c1=2.350 c2=0.650
DQN-PSO iter 600/1000 | Fitness: 12557.28 | w=0.900 c1=2.500 c2=0.500
PSO-LDIW iteration: 900/1000 - Best fitness: 12240.4412 - w=0.45, c1=1.5, c2=1.5
DQN-PSO iter 850/1000 | Fitness: 12512.60 | w=0.900 c1=2.450 c2=0.500
DQN-PSO iter 600/1000 | Fitness: 12713.28 | w=0.100 c1=2.300 c2=0.700
DQN-PSO iter 600/1000 | Fitness: 12874.29 | w=0.900 c1=2.500 c2=0.500
DQN-PSO iter 600/1000 | Fitness: 12624.22 | w=0.400 c1=0.850 c2=2.150
DQN-PSO iter 650/1000 | Fitness: 13183.87 | w=0.400 c1=2.500 c2=0.500
DQN-PSO iter 650/1000 | Fitness: 12223.49 | w=0.100 c1=1.150 c2=1.850
DQN-PSO iter 650/1000 | Fitness: 12699.05 | w=0.386 c1=2.500 c2=0.500
DQN-PSO iter 600/1000 | Fitness: 12960.77 | w=0.754 c1=2.500 c2=0.500
DQN-PSO iter 750/1000 | Fitness: 12327.96 | w=0.509 c1=2.500 c2=0.550
DQN-PSO iter 650/1000 | Fitness: 12732.26 | w=0.100 c1=2.050 c2=1.250
DQN-PSO iter 650/1000 | Fitness: 12209.84 | w=0.149 c1=1.650 c2=1.050
DQN-PSO iter 600/1000 | Fitness: 12902.56 | w=0.900 c1=2.500 c2=0.500
DQN-PSO iter 800/1000 | Fitness: 12871.32 | w=0.400 c1=2.500 c2=0.500
DQN-PSO iter 650/1000 | Fitness: 12552.92 | w=0.100 c1=2.400 c2=0.600
DQN-PSO iter 900/1000 | Fitness: 12512.59 | w=0.100 c1=2.400 c2=0.600
DQN-PSO iter 650/1000 | Fitness: 12713.28 | w=0.900 c1=2.500 c2=0.500
DQN-PSO iter 650/1000 | Fitness: 12871.43 | w=0.100 c1=2.400 c2=0.600
DQN-PSO iter 650/1000 | Fitness: 12624.22 | w=0.100 c1=1.350 c2=1.700
DQN-PSO iter 700/1000 | Fitness: 12697.45 | w=0.900 c1=2.450 c2=0.500
PSO-LDIW iteration: 350/1000 - Best fitness: 12624.0247 - w=0.725, c1=1.5, c2=1.5
DQN-PSO iter 700/1000 | Fitness: 13183.87 | w=0.900 c1=2.500 c2=0.500
DQN-PSO iter 700/1000 | Fitness: 12223.49 | w=0.100 c1=1.650 c2=1.350
DQN-PSO iter 650/1000 | Fitness: 12960.37 | w=0.100 c1=2.400 c2=0.650
DQN-PSO iter 800/1000 | Fitness: 12266.32 | w=0.855 c1=2.500 c2=0.500
DQN-PSO iter 700/1000 | Fitness: 12732.26 | w=0.900 c1=2.400 c2=0.550
PSO-LDIW iteration: 350/1000 - Best fitness: 12345.5752 - w=0.725, c1=1.5, c2=1.5
DQN-PSO iter 700/1000 | Fitness: 12209.80 | w=0.400 c1=2.050 c2=0.850
DQN-PSO iter 650/1000 | Fitness: 12902.55 | w=0.400 c1=2.500 c2=0.500
PSO-LDIW iteration: 200/1000 - Best fitness: 12588.0986 - w=0.8, c1=1.5, c2=1.5
DQN-PSO iter 850/1000 | Fitness: 12871.32 | w=0.400 c1=2.500 c2=0.500
DQN-PSO iter 700/1000 | Fitness: 12552.88 | w=0.900 c1=2.500 c2=0.500
PSO-LDIW iteration: 500/1000 - Best fitness: 12230.5467 - w=0.65, c1=1.5, c2=1.5
PSO-LDIW iteration: 950/1000 - Best fitness: 12240.4097 - w=0.425, c1=1.5, c2=1.5
DQN-PSO iter 700/1000 | Fitness: 12713.26 | w=0.900 c1=2.500 c2=0.500
DQN-PSO iter 950/1000 | Fitness: 12509.49 | w=0.100 c1=2.400 c2=0.600
DQN-PSO iter 700/1000 | Fitness: 12868.28 | w=0.239 c1=2.500 c2=0.500
PSO-LDIW iteration: 100/1000 - Best fitness: 13174.1374 - w=0.85, c1=1.5, c2=1.5
DQN-PSO iter 700/1000 | Fitness: 12624.22 | w=0.100 c1=2.300 c2=0.700
DQN-PSO iter 750/1000 | Fitness: 13183.87 | w=0.900 c1=2.500 c2=0.500
DQN-PSO iter 750/1000 | Fitness: 12697.02 | w=0.400 c1=2.500 c2=0.500
DQN-PSO iter 750/1000 | Fitness: 12223.49 | w=0.100 c1=2.400 c2=0.600
PSO-LDIW iteration: 400/1000 - Best fitness: 12615.413 - w=0.7, c1=1.5, c2=1.5
DQN-PSO iter 700/1000 | Fitness: 12960.26 | w=0.100 c1=2.400 c2=0.600
DQN-PSO iter 850/1000 | Fitness: 12253.73 | w=0.900 c1=2.500 c2=0.500
DQN-PSO iter 750/1000 | Fitness: 12732.26 | w=0.400 c1=1.950 c2=1.000
FIPS iteration: 100/1000 - Best fitness: 13716.6398
PSO-LDIW iteration: 150/1000 - Best fitness: 12902.8092 - w=0.825, c1=1.5, c2=1.5
PSO-LDIW iteration: 250/1000 - Best fitness: 12528.4078 - w=0.775, c1=1.5, c2=1.5
DQN-PSO iter 750/1000 | Fitness: 12209.60 | w=0.900 c1=2.250 c2=0.700
DQN-PSO iter 700/1000 | Fitness: 12902.55 | w=0.557 c1=2.500 c2=0.500
DQN-PSO iter 900/1000 | Fitness: 12871.32 | w=0.900 c1=2.500 c2=0.500
PSO-LDIW iteration: 250/1000 - Best fitness: 12341.9704 - w=0.775, c1=1.5, c2=1.5
DQN-PSO iter 750/1000 | Fitness: 12540.32 | w=0.887 c1=2.500 c2=0.550
DQN-PSO iter 750/1000 | Fitness: 12713.24 | w=0.900 c1=2.350 c2=0.600
DQN-PSO iter 1000/1000 | Fitness: 12509.43 | w=0.100 c1=2.300 c2=0.700
DQN-PSO completed with final fitness: 12509.4282

========== Planning Complete ==========
Algorithm: DQN_PSO
Execution time: 378.3832 seconds
Path length: 287.2498 units
Waypoints: 7
Best fitness: 12509.4282
========================================


========== Direct Global Planning ==========
Algorithm: SAC-SAPSO (Paper)
Start: [0.0, 0.0, 10.0]
Goal:  [200.0, 200.0, 10.0]
============================================


============================================
SAC-SAPSO (Paper) Global Path Planning
============================================

DQN-PSO iter 750/1000 | Fitness: 12865.78 | w=0.261 c1=2.500 c2=0.500
DQN-PSO iter 750/1000 | Fitness: 12624.22 | w=0.100 c1=2.050 c2=0.900
DQN-PSO iter 800/1000 | Fitness: 12696.82 | w=0.900 c1=2.500 c2=0.500
DQN-PSO iter 800/1000 | Fitness: 13183.87 | w=0.400 c1=2.500 c2=0.500
DQN-PSO iter 800/1000 | Fitness: 12223.49 | w=0.900 c1=2.400 c2=0.650
DQN-PSO iter 750/1000 | Fitness: 12959.37 | w=0.400 c1=2.500 c2=0.500
DQN-PSO iter 900/1000 | Fitness: 12253.71 | w=0.100 c1=2.350 c2=0.600
DQN-PSO iter 800/1000 | Fitness: 12732.26 | w=0.400 c1=2.250 c2=0.850
DQN-PSO iter 800/1000 | Fitness: 12209.51 | w=0.900 c1=2.250 c2=0.750
DQN-PSO iter 750/1000 | Fitness: 12902.28 | w=0.522 c1=2.500 c2=0.500
  [Iter  50/1000] Best: 12338.1846
DQN-PSO iter 950/1000 | Fitness: 12871.32 | w=0.400 c1=2.500 c2=0.500
DQN-PSO iter 800/1000 | Fitness: 12539.87 | w=0.100 c1=2.150 c2=0.700
PSO-LDIW iteration: 1000/1000 - Best fitness: 12240.4095 - w=0.4, c1=1.5, c2=1.5

========== Planning Complete ==========
Algorithm: PSO_LDIW
Execution time: 1045.9125 seconds
Path length: 287.7162 units
Waypoints: 7
Best fitness: 12240.4095
========================================


========== Direct Global Planning ==========
Algorithm: FIPS
Start: [0.0, 0.0, 10.0]
Goal:  [200.0, 200.0, 10.0]
============================================

Starting FIPS (Fully Informed PSO) path planning...
Number of Initial feasible particles: 0/100
Traditional PSO iteration: 950/1000 - Best fitness: 12617.511
  [Iter 100/1000] Best: 12164.8657
DQN-PSO iter 800/1000 | Fitness: 12713.24 | w=0.400 c1=2.500 c2=0.500
DQN-PSO iter 800/1000 | Fitness: 12863.51 | w=0.900 c1=2.500 c2=0.500
DQN-PSO iter 800/1000 | Fitness: 12624.22 | w=0.100 c1=2.100 c2=1.200
DQN-PSO iter 850/1000 | Fitness: 13183.87 | w=0.142 c1=2.500 c2=0.500
DQN-PSO iter 850/1000 | Fitness: 12696.61 | w=0.100 c1=2.400 c2=0.600
PSO-LDIW iteration: 400/1000 - Best fitness: 12586.9444 - w=0.7, c1=1.5, c2=1.5
DQN-PSO iter 850/1000 | Fitness: 12223.49 | w=0.400 c1=2.150 c2=0.950
DQN-PSO iter 800/1000 | Fitness: 12959.24 | w=0.400 c1=2.500 c2=0.500
PSO-LDIW iteration: 650/1000 - Best fitness: 12579.1163 - w=0.575, c1=1.5, c2=1.5
DQN-PSO iter 950/1000 | Fitness: 12251.05 | w=0.900 c1=2.500 c2=0.500
DQN-PSO iter 850/1000 | Fitness: 12732.26 | w=0.400 c1=2.500 c2=0.500
Traditional PSO iteration: 1000/1000 - Best fitness: 12278.3012
Traditional PSO completed with final fitness: 12278.3012

========== Planning Complete ==========
Algorithm: PSO
Execution time: 1718.5143 seconds
Path length: 295.9460 units
Waypoints: 7
Best fitness: 12278.3012
========================================


========== Direct Global Planning ==========
Algorithm: PSO_LDIW
Start: [0.0, 0.0, 10.0]
Goal:  [200.0, 200.0, 10.0]
============================================

Starting PSO-LDIW (linearly decreasing inertia weight)...
Number of Initial feasible particles: 0/100
DQN-PSO iter 850/1000 | Fitness: 12209.51 | w=0.900 c1=2.500 c2=0.500
DQN-PSO iter 800/1000 | Fitness: 12902.20 | w=0.900 c1=2.500 c2=0.500
PSO-LDIW iteration: 1/1000 - Best fitness: 34194.2519 - w=0.8995, c1=1.5, c2=1.5
  [Iter 150/1000] Best: 12153.8057
DQN-PSO iter 1000/1000 | Fitness: 12871.32 | w=0.887 c1=2.500 c2=0.500
DQN-PSO completed with final fitness: 12871.3175

========== Planning Complete ==========
Algorithm: DQN_PSO
Execution time: 372.3216 seconds
Path length: 309.1056 units
Waypoints: 7
Best fitness: 12871.3175
========================================


========== Direct Global Planning ==========
Algorithm: SAC-SAPSO (Paper)
Start: [0.0, 0.0, 10.0]
Goal:  [200.0, 200.0, 10.0]
============================================


============================================
SAC-SAPSO (Paper) Global Path Planning
============================================

DQN-PSO iter 850/1000 | Fitness: 12539.58 | w=0.900 c1=2.500 c2=0.500
PSO-LDIW iteration: 150/1000 - Best fitness: 13009.6 - w=0.825, c1=1.5, c2=1.5
DQN-PSO iter 850/1000 | Fitness: 12713.24 | w=0.400 c1=2.500 c2=0.550
  [Iter 200/1000] Best: 12148.0509
DQN-PSO iter 850/1000 | Fitness: 12858.82 | w=0.900 c1=2.500 c2=0.500
PSO-LDIW iteration: 400/1000 - Best fitness: 12314.96 - w=0.7, c1=1.5, c2=1.5
  [Iter  50/1000] Best: 12666.0602
DQN-PSO iter 900/1000 | Fitness: 13183.87 | w=0.400 c1=2.500 c2=0.500
DQN-PSO iter 850/1000 | Fitness: 12624.22 | w=0.100 c1=2.300 c2=0.700
DQN-PSO iter 900/1000 | Fitness: 12696.55 | w=0.400 c1=2.300 c2=0.650
PSO-LDIW iteration: 300/1000 - Best fitness: 12321.7056 - w=0.75, c1=1.5, c2=1.5
DQN-PSO iter 900/1000 | Fitness: 12223.49 | w=0.400 c1=2.500 c2=0.500
PSO-LDIW iteration: 250/1000 - Best fitness: 12574.2214 - w=0.775, c1=1.5, c2=1.5
DQN-PSO iter 850/1000 | Fitness: 12959.24 | w=0.900 c1=2.500 c2=0.500
DQN-PSO iter 1000/1000 | Fitness: 12245.03 | w=0.202 c1=2.500 c2=0.500
DQN-PSO completed with final fitness: 12245.033

========== Planning Complete ==========
Algorithm: DQN_PSO
Execution time: 377.5207 seconds
Path length: 291.1476 units
Waypoints: 7
Best fitness: 12245.0330
========================================


========== Direct Global Planning ==========
Algorithm: SAC-SAPSO (Paper)
Start: [0.0, 0.0, 10.0]
Goal:  [200.0, 200.0, 10.0]
============================================


============================================
SAC-SAPSO (Paper) Global Path Planning
============================================

DQN-PSO iter 900/1000 | Fitness: 12732.26 | w=0.400 c1=2.500 c2=0.500
DQN-PSO iter 850/1000 | Fitness: 12902.13 | w=0.400 c1=2.400 c2=0.550
DQN-PSO iter 900/1000 | Fitness: 12209.50 | w=0.685 c1=2.400 c2=0.600
  [Iter 100/1000] Best: 12665.7638
  [Iter 250/1000] Best: 12147.1021
DQN-PSO iter 900/1000 | Fitness: 12539.54 | w=0.235 c1=2.500 c2=0.500
  [Iter  50/1000] Best: 12395.0044
DQN-PSO iter 900/1000 | Fitness: 12713.23 | w=0.400 c1=2.500 c2=0.500
  [Iter 300/1000] Best: 12147.0152
DQN-PSO iter 900/1000 | Fitness: 12857.85 | w=0.900 c1=2.500 c2=0.500
PSO-LDIW iteration: 550/1000 - Best fitness: 12211.9989 - w=0.625, c1=1.5, c2=1.5
  [Iter 150/1000] Best: 12665.7571
FIPS iteration: 150/1000 - Best fitness: 13523.6951
DQN-PSO iter 950/1000 | Fitness: 13183.87 | w=0.100 c1=2.400 c2=0.600
DQN-PSO iter 950/1000 | Fitness: 12696.51 | w=0.900 c1=2.500 c2=0.500
DQN-PSO iter 900/1000 | Fitness: 12624.22 | w=0.423 c1=2.500 c2=0.550
DQN-PSO iter 950/1000 | Fitness: 12223.49 | w=0.100 c1=2.400 c2=0.600
PSO-LDIW iteration: 450/1000 - Best fitness: 12573.6181 - w=0.675, c1=1.5, c2=1.5
PSO-LDIW iteration: 300/1000 - Best fitness: 12331.0215 - w=0.75, c1=1.5, c2=1.5
PSO-LDIW iteration: 200/1000 - Best fitness: 12743.3981 - w=0.8, c1=1.5, c2=1.5
DQN-PSO iter 900/1000 | Fitness: 12959.23 | w=0.900 c1=2.500 c2=0.500
  [Iter 100/1000] Best: 12370.6791
DQN-PSO iter 950/1000 | Fitness: 12732.26 | w=0.900 c1=2.400 c2=0.500
  [Iter 350/1000] Best: 12146.8113
DQN-PSO iter 950/1000 | Fitness: 12209.50 | w=0.900 c1=2.250 c2=0.750
DQN-PSO iter 900/1000 | Fitness: 12902.09 | w=0.801 c1=2.500 c2=0.500
  [Iter 200/1000] Best: 12665.7569
DQN-PSO iter 950/1000 | Fitness: 12539.47 | w=0.496 c1=2.500 c2=0.500
  [Iter 150/1000] Best: 12369.8573
  [Iter 400/1000] Best: 12146.7471
DQN-PSO iter 950/1000 | Fitness: 12857.54 | w=0.199 c1=2.400 c2=0.600
DQN-PSO iter 950/1000 | Fitness: 12713.23 | w=0.569 c1=2.500 c2=0.500
  [Iter 250/1000] Best: 12665.7568
DQN-PSO iter 1000/1000 | Fitness: 12696.47 | w=0.900 c1=2.050 c2=0.900
DQN-PSO completed with final fitness: 12696.4696

========== Planning Complete ==========
Algorithm: DQN_PSO
Execution time: 384.4383 seconds
Path length: 293.1349 units
Waypoints: 7
Best fitness: 12696.4696
========================================


========== Direct Global Planning ==========
Algorithm: SAC-SAPSO (Paper)
Start: [0.0, 0.0, 10.0]
Goal:  [200.0, 200.0, 10.0]
============================================


============================================
SAC-SAPSO (Paper) Global Path Planning
============================================

PSO-LDIW iteration: 450/1000 - Best fitness: 12603.754 - w=0.675, c1=1.5, c2=1.5
DQN-PSO iter 1000/1000 | Fitness: 13183.77 | w=0.487 c1=2.500 c2=0.500
DQN-PSO completed with final fitness: 13183.7651

========== Planning Complete ==========
Algorithm: DQN_PSO
Execution time: 382.0952 seconds
Path length: 303.2739 units
Waypoints: 7
Best fitness: 13183.7651
========================================


========== Direct Global Planning ==========
Algorithm: SAC-SAPSO (Paper)
Start: [0.0, 0.0, 10.0]
Goal:  [200.0, 200.0, 10.0]
============================================


============================================
SAC-SAPSO (Paper) Global Path Planning
============================================

DQN-PSO iter 950/1000 | Fitness: 12624.22 | w=0.412 c1=2.450 c2=0.550
DQN-PSO iter 1000/1000 | Fitness: 12223.49 | w=0.100 c1=2.400 c2=0.600
DQN-PSO completed with final fitness: 12223.4931

========== Planning Complete ==========
Algorithm: DQN_PSO
Execution time: 381.8743 seconds
Path length: 311.1851 units
Waypoints: 7
Best fitness: 12223.4931
========================================


========== Direct Global Planning ==========
Algorithm: SAC-SAPSO (Paper)
Start: [0.0, 0.0, 10.0]
Goal:  [200.0, 200.0, 10.0]
============================================


============================================
SAC-SAPSO (Paper) Global Path Planning
============================================

  [Iter 200/1000] Best: 12369.6641
DQN-PSO iter 950/1000 | Fitness: 12959.22 | w=0.251 c1=2.500 c2=0.500
DQN-PSO iter 1000/1000 | Fitness: 12732.26 | w=0.900 c1=2.300 c2=0.650
DQN-PSO completed with final fitness: 12732.2625

========== Planning Complete ==========
Algorithm: DQN_PSO
Execution time: 382.9858 seconds
Path length: 298.3202 units
Waypoints: 7
Best fitness: 12732.2625
========================================


========== Direct Global Planning ==========
Algorithm: SAC-SAPSO (Paper)
Start: [0.0, 0.0, 10.0]
Goal:  [200.0, 200.0, 10.0]
============================================


============================================
SAC-SAPSO (Paper) Global Path Planning
============================================

  [Iter 450/1000] Best: 12146.7044
DQN-PSO iter 950/1000 | Fitness: 12902.09 | w=0.400 c1=2.500 c2=0.500
DQN-PSO iter 1000/1000 | Fitness: 12209.41 | w=0.900 c1=2.400 c2=0.500
DQN-PSO completed with final fitness: 12209.4098

========== Planning Complete ==========
Algorithm: DQN_PSO
Execution time: 382.2065 seconds
Path length: 305.0847 units
Waypoints: 7
Best fitness: 12209.4098
========================================


========== Direct Global Planning ==========
Algorithm: SAC-SAPSO (Paper)
Start: [0.0, 0.0, 10.0]
Goal:  [200.0, 200.0, 10.0]
============================================


============================================
SAC-SAPSO (Paper) Global Path Planning
============================================

  [Iter 300/1000] Best: 12665.7568
PSO-LDIW iteration: 350/1000 - Best fitness: 12268.0118 - w=0.725, c1=1.5, c2=1.5
DQN-PSO iter 1000/1000 | Fitness: 12539.30 | w=0.100 c1=2.400 c2=0.600
DQN-PSO completed with final fitness: 12539.3002

========== Planning Complete ==========
Algorithm: DQN_PSO
Execution time: 381.8761 seconds
Path length: 287.3921 units
Waypoints: 7
Best fitness: 12539.3002
========================================


========== Direct Global Planning ==========
Algorithm: SAC-SAPSO (Paper)
Start: [0.0, 0.0, 10.0]
Goal:  [200.0, 200.0, 10.0]
============================================


============================================
SAC-SAPSO (Paper) Global Path Planning
============================================

  [Iter  50/1000] Best: 12688.2891
  [Iter  50/1000] Best: 12583.1816
  [Iter 250/1000] Best: 12369.4954
  [Iter  50/1000] Best: 12907.8904
  [Iter 500/1000] Best: 12146.6922
  [Iter  50/1000] Best: 12932.4380
PSO-LDIW iteration: 500/1000 - Best fitness: 12569.9075 - w=0.65, c1=1.5, c2=1.5
FIPS iteration: 50/1000 - Best fitness: 13855.1819
  [Iter 350/1000] Best: 12665.7568
PSO-LDIW iteration: 200/1000 - Best fitness: 12745.2856 - w=0.8, c1=1.5, c2=1.5
DQN-PSO iter 1000/1000 | Fitness: 12713.23 | w=0.100 c1=2.400 c2=0.600
DQN-PSO completed with final fitness: 12713.2324

========== Planning Complete ==========
Algorithm: DQN_PSO
Execution time: 384.9257 seconds
Path length: 302.0652 units
Waypoints: 7
Best fitness: 12713.2324
========================================


========== Direct Global Planning ==========
Algorithm: SAC-SAPSO (Paper)
Start: [0.0, 0.0, 10.0]
Goal:  [200.0, 200.0, 10.0]
============================================


============================================
SAC-SAPSO (Paper) Global Path Planning
============================================

  [Iter  50/1000] Best: 12725.4530
DQN-PSO iter 1000/1000 | Fitness: 12856.89 | w=0.100 c1=2.400 c2=0.600
DQN-PSO completed with final fitness: 12856.8901

========== Planning Complete ==========
Algorithm: DQN_PSO
Execution time: 384.4518 seconds
Path length: 294.8392 units
Waypoints: 7
Best fitness: 12856.8901
========================================


========== Direct Global Planning ==========
Algorithm: SAC-SAPSO (Paper)
Start: [0.0, 0.0, 10.0]
Goal:  [200.0, 200.0, 10.0]
============================================


============================================
SAC-SAPSO (Paper) Global Path Planning
============================================

  [Iter  50/1000] Best: 12494.2573
  [Iter 100/1000] Best: 12569.9840
  [Iter 100/1000] Best: 12906.5788
  [Iter 100/1000] Best: 12505.2995
  [Iter 300/1000] Best: 12369.4790
DQN-PSO iter 1000/1000 | Fitness: 12624.22 | w=0.900 c1=2.500 c2=0.500
DQN-PSO completed with final fitness: 12624.2201

========== Planning Complete ==========
Algorithm: DQN_PSO
Execution time: 385.1516 seconds
Path length: 307.7661 units
Waypoints: 7
Best fitness: 12624.2201
========================================


========== Direct Global Planning ==========
Algorithm: SAC-SAPSO (Paper)
Start: [0.0, 0.0, 10.0]
Goal:  [200.0, 200.0, 10.0]
============================================


============================================
SAC-SAPSO (Paper) Global Path Planning
============================================

DQN-PSO iter 1000/1000 | Fitness: 12959.21 | w=0.900 c1=2.500 c2=0.500
DQN-PSO completed with final fitness: 12959.2112

========== Planning Complete ==========
Algorithm: DQN_PSO
Execution time: 385.5468 seconds
Path length: 297.3692 units
Waypoints: 7
Best fitness: 12959.2112
========================================


========== Direct Global Planning ==========
Algorithm: SAC-SAPSO (Paper)
Start: [0.0, 0.0, 10.0]
Goal:  [200.0, 200.0, 10.0]
============================================


============================================
SAC-SAPSO (Paper) Global Path Planning
============================================

  [Iter 550/1000] Best: 12146.6920
  [Iter 100/1000] Best: 12827.5771
PSO-LDIW iteration: 50/1000 - Best fitness: 13147.0466 - w=0.875, c1=1.5, c2=1.5
DQN-PSO iter 1000/1000 | Fitness: 12902.05 | w=0.100 c1=2.400 c2=0.600
DQN-PSO completed with final fitness: 12902.0459

========== Planning Complete ==========
Algorithm: DQN_PSO
Execution time: 387.2377 seconds
Path length: 294.9833 units
Waypoints: 7
Best fitness: 12902.0459
========================================


========== Direct Global Planning ==========
Algorithm: SAC-SAPSO (Paper)
Start: [0.0, 0.0, 10.0]
Goal:  [200.0, 200.0, 10.0]
============================================


============================================
SAC-SAPSO (Paper) Global Path Planning
============================================

  [Iter 400/1000] Best: 12665.7568
  [Iter 100/1000] Best: 12571.6987
  [Iter  50/1000] Best: 12674.5824
  [Iter 100/1000] Best: 12484.3325
  [Iter  50/1000] Best: 12835.6463
PSO-LDIW iteration: 450/1000 - Best fitness: 12311.1829 - w=0.675, c1=1.5, c2=1.5
  [Iter 350/1000] Best: 12369.4750
  [Iter 150/1000] Best: 12519.6844
  [Iter 150/1000] Best: 12806.8609
  [Iter 150/1000] Best: 12504.0783
  [Iter  50/1000] Best: 12689.7315
  [Iter 600/1000] Best: 12146.6318
  [Iter  50/1000] Best: 12909.8349
Traditional PSO iteration: 1000/1000 - Best fitness: 12617.511
Traditional PSO completed with final fitness: 12617.511

========== Planning Complete ==========
Algorithm: PSO
Execution time: 1815.1245 seconds
Path length: 309.1512 units
Waypoints: 7
Best fitness: 12617.5110
========================================


========== Direct Global Planning ==========
Algorithm: PSO_LDIW
Start: [0.0, 0.0, 10.0]
Goal:  [200.0, 200.0, 10.0]
============================================

Starting PSO-LDIW (linearly decreasing inertia weight)...
Number of Initial feasible particles: 0/100
  [Iter 150/1000] Best: 12774.4472
PSO-LDIW iteration: 1/1000 - Best fitness: 39356.4849 - w=0.8995, c1=1.5, c2=1.5
  [Iter 450/1000] Best: 12665.7568
PSO-LDIW iteration: 300/1000 - Best fitness: 12563.667 - w=0.75, c1=1.5, c2=1.5
  [Iter 100/1000] Best: 12670.6785
  [Iter 150/1000] Best: 12541.3617
  [Iter  50/1000] Best: 12759.0486
PSO-LDIW iteration: 700/1000 - Best fitness: 12575.1136 - w=0.55, c1=1.5, c2=1.5
  [Iter 100/1000] Best: 12782.8216
  [Iter 150/1000] Best: 12483.1264
  [Iter 200/1000] Best: 12304.3813
  [Iter 200/1000] Best: 12720.6937
  [Iter 200/1000] Best: 12504.0783
  [Iter 400/1000] Best: 12369.4745
  [Iter 100/1000] Best: 12689.2598
  [Iter 100/1000] Best: 12772.4320
  [Iter 650/1000] Best: 12146.5403
  [Iter 200/1000] Best: 12762.4890
PSO-LDIW iteration: 550/1000 - Best fitness: 12567.4531 - w=0.625, c1=1.5, c2=1.5
  [Iter 200/1000] Best: 12540.6109
  [Iter 150/1000] Best: 12670.5200
  [Iter 100/1000] Best: 12739.4331
  [Iter 150/1000] Best: 12747.6898
  [Iter 500/1000] Best: 12665.7568
  [Iter 200/1000] Best: 12482.3122
  [Iter 450/1000] Best: 12369.4744
  [Iter 250/1000] Best: 12504.0783
FIPS iteration: 200/1000 - Best fitness: 13269.2074
  [Iter 250/1000] Best: 12294.7589
  [Iter 250/1000] Best: 12626.9761
  [Iter 150/1000] Best: 12615.1236
  [Iter 150/1000] Best: 12738.2004
  [Iter 700/1000] Best: 12146.5403
  [Iter 250/1000] Best: 12762.4834
  [Iter 200/1000] Best: 12670.5192
  [Iter 550/1000] Best: 12665.7568
  [Iter 250/1000] Best: 12537.7488
  [Iter 150/1000] Best: 12729.9587
PSO-LDIW iteration: 400/1000 - Best fitness: 12245.4696 - w=0.7, c1=1.5, c2=1.5
  [Iter 200/1000] Best: 12691.2906
  [Iter 300/1000] Best: 12504.0783
PSO-LDIW iteration: 350/1000 - Best fitness: 12327.1225 - w=0.725, c1=1.5, c2=1.5
  [Iter 250/1000] Best: 12481.8848
  [Iter 300/1000] Best: 12291.8533
  [Iter 300/1000] Best: 12618.0339
  [Iter 500/1000] Best: 12369.4700
  [Iter 200/1000] Best: 12597.7290
  [Iter 200/1000] Best: 12673.5404
  [Iter 300/1000] Best: 12743.4098
PSO-LDIW iteration: 250/1000 - Best fitness: 12638.5357 - w=0.775, c1=1.5, c2=1.5
PSO-LDIW iteration: 600/1000 - Best fitness: 12208.7045 - w=0.6, c1=1.5, c2=1.5
  [Iter 750/1000] Best: 12146.5403
  [Iter 250/1000] Best: 12670.5192
  [Iter 600/1000] Best: 12665.7568
  [Iter 300/1000] Best: 12532.1667
  [Iter 200/1000] Best: 12727.9840
  [Iter 250/1000] Best: 12660.0313
  [Iter 300/1000] Best: 12481.6689
  [Iter 350/1000] Best: 12504.0783
  [Iter 350/1000] Best: 12291.5167
  [Iter 550/1000] Best: 12369.4685
  [Iter 350/1000] Best: 12618.0020
  [Iter 250/1000] Best: 12586.9564
  [Iter 250/1000] Best: 12668.3151
PSO-LDIW iteration: 600/1000 - Best fitness: 12566.3526 - w=0.6, c1=1.5, c2=1.5
  [Iter 350/1000] Best: 12706.4052
  [Iter 800/1000] Best: 12146.5403
  [Iter 300/1000] Best: 12670.5145
  [Iter 350/1000] Best: 12530.7463
  [Iter 250/1000] Best: 12727.8518
  [Iter 300/1000] Best: 12652.7560
  [Iter 650/1000] Best: 12665.7568
  [Iter 350/1000] Best: 12481.6688
  [Iter 400/1000] Best: 12504.0783
  [Iter 600/1000] Best: 12369.4681
  [Iter 400/1000] Best: 12290.9997
  [Iter 300/1000] Best: 12578.1445
  [Iter 400/1000] Best: 12616.3801
  [Iter 850/1000] Best: 12146.5403
  [Iter 300/1000] Best: 12668.3151
  [Iter 400/1000] Best: 12686.8457
  [Iter 350/1000] Best: 12670.5139
PSO-LDIW iteration: 250/1000 - Best fitness: 12619.6053 - w=0.775, c1=1.5, c2=1.5
  [Iter 300/1000] Best: 12727.8505
  [Iter 400/1000] Best: 12528.5664
  [Iter 700/1000] Best: 12665.7568
  [Iter 350/1000] Best: 12644.3983
  [Iter 450/1000] Best: 12494.1704
  [Iter 400/1000] Best: 12481.6688
  [Iter 450/1000] Best: 12290.8471
  [Iter 450/1000] Best: 12613.3740
  [Iter 650/1000] Best: 12369.4667
  [Iter 350/1000] Best: 12577.4559
  [Iter 900/1000] Best: 12146.5403
  [Iter 350/1000] Best: 12658.7594
  [Iter 450/1000] Best: 12686.6881
  [Iter 350/1000] Best: 12727.8505
  [Iter 400/1000] Best: 12670.5139
  [Iter 450/1000] Best: 12527.0925
  [Iter 400/1000] Best: 12635.0656
  [Iter 750/1000] Best: 12665.7568
FIPS iteration: 100/1000 - Best fitness: 13623.8405
  [Iter 450/1000] Best: 12481.6687
  [Iter 500/1000] Best: 12491.3648
PSO-LDIW iteration: 650/1000 - Best fitness: 12564.1882 - w=0.575, c1=1.5, c2=1.5
  [Iter 500/1000] Best: 12290.2572
PSO-LDIW iteration: 500/1000 - Best fitness: 12600.2477 - w=0.65, c1=1.5, c2=1.5
  [Iter 700/1000] Best: 12369.4667
PSO-LDIW iteration: 50/1000 - Best fitness: 13265.7847 - w=0.875, c1=1.5, c2=1.5
  [Iter 950/1000] Best: 12146.4526
  [Iter 500/1000] Best: 12612.0529
  [Iter 400/1000] Best: 12658.7594
  [Iter 450/1000] Best: 12670.5139
  [Iter 400/1000] Best: 12577.1928
PSO-LDIW iteration: 450/1000 - Best fitness: 12243.2582 - w=0.675, c1=1.5, c2=1.5
  [Iter 400/1000] Best: 12727.8505
  [Iter 500/1000] Best: 12686.2145
  [Iter 450/1000] Best: 12626.4369
  [Iter 800/1000] Best: 12665.7568
PSO-LDIW iteration: 500/1000 - Best fitness: 12302.7562 - w=0.65, c1=1.5, c2=1.5
  [Iter 500/1000] Best: 12526.9995
  [Iter 550/1000] Best: 12290.1054
  [Iter 550/1000] Best: 12489.8503
  [Iter 500/1000] Best: 12481.6687
  [Iter 550/1000] Best: 12612.0387
  [Iter 450/1000] Best: 12658.7594
  [Iter 750/1000] Best: 12369.4667
  [Iter 450/1000] Best: 12576.8523
  [Iter 1000/1000] Best: 12146.4363

========== Planning Complete ==========
Algorithm: SAC-SAPSO (Paper)
Execution time: 187.8459 seconds
Path length: 324.3751 units
Waypoints: 7
Best fitness: 12146.4363
========================================


========== Direct Global Planning ==========
Algorithm: PPO-PSO
Start: [0.0, 0.0, 10.0]
Goal:  [200.0, 200.0, 10.0]
============================================


============================================
PPO-PSO Global Path Planning
============================================

  [Iter 500/1000] Best: 12670.5139
  [Iter 450/1000] Best: 12727.8505
  [Iter 550/1000] Best: 12685.8266
  [Iter 550/1000] Best: 12526.9991
  [Iter 850/1000] Best: 12665.7568
  [Iter 500/1000] Best: 12618.2459
  [Iter 600/1000] Best: 12489.0694
  [Iter 550/1000] Best: 12481.6687
  [Iter 600/1000] Best: 12290.0331
PSO-LDIW iteration: 100/1000 - Best fitness: 12701.7503 - w=0.85, c1=1.5, c2=1.5
  [Iter 600/1000] Best: 12612.0385
  [Iter 800/1000] Best: 12369.4666
  [Iter 500/1000] Best: 12620.4141
  [Iter 550/1000] Best: 12670.5139
FIPS iteration: 250/1000 - Best fitness: 13269.2074
PSO-LDIW iteration: 350/1000 - Best fitness: 12557.3458 - w=0.725, c1=1.5, c2=1.5
  [Iter  50/1000] Best: 12630.9973
  [Iter 500/1000] Best: 12576.7341
  [Iter 500/1000] Best: 12727.8505
  [Iter 600/1000] Best: 12684.8720
PSO-LDIW iteration: 700/1000 - Best fitness: 12564.0015 - w=0.55, c1=1.5, c2=1.5
PSO-LDIW iteration: 400/1000 - Best fitness: 12321.9444 - w=0.7, c1=1.5, c2=1.5
  [Iter 600/1000] Best: 12526.9565
  [Iter 550/1000] Best: 12617.5631
  [Iter 900/1000] Best: 12665.7568
  [Iter 600/1000] Best: 12481.6687
  [Iter 650/1000] Best: 12488.2325
  [Iter 650/1000] Best: 12289.9278
  [Iter 850/1000] Best: 12369.4665
  [Iter 600/1000] Best: 12670.5139
  [Iter 550/1000] Best: 12620.4141
  [Iter 550/1000] Best: 12576.7341
  [Iter 650/1000] Best: 12611.7348
  [Iter 550/1000] Best: 12727.8504
  [Iter 650/1000] Best: 12683.8192
  [Iter 600/1000] Best: 12609.7652
  [Iter 950/1000] Best: 12665.7568
  [Iter 100/1000] Best: 12512.9106
  [Iter 650/1000] Best: 12526.7803
  [Iter 700/1000] Best: 12486.3907
PSO-LDIW iteration: 750/1000 - Best fitness: 12574.7322 - w=0.525, c1=1.5, c2=1.5
  [Iter 700/1000] Best: 12289.4029
  [Iter 650/1000] Best: 12481.6687
  [Iter 600/1000] Best: 12615.8253
  [Iter 650/1000] Best: 12670.5139
  [Iter 600/1000] Best: 12576.7341
  [Iter 700/1000] Best: 12611.7334
  [Iter 600/1000] Best: 12727.8504
  [Iter 900/1000] Best: 12369.4665
  [Iter 700/1000] Best: 12682.5252
PSO-LDIW iteration: 300/1000 - Best fitness: 12496.1818 - w=0.75, c1=1.5, c2=1.5
  [Iter 650/1000] Best: 12606.8953
  [Iter 700/1000] Best: 12526.7615
  [Iter 1000/1000] Best: 12665.7568

========== Planning Complete ==========
Algorithm: SAC-SAPSO (Paper)
Execution time: 189.8412 seconds
Path length: 294.1542 units
Waypoints: 7
Best fitness: 12665.7568
========================================


========== Direct Global Planning ==========
Algorithm: PPO-PSO
Start: [0.0, 0.0, 10.0]
Goal:  [200.0, 200.0, 10.0]
============================================


============================================
PPO-PSO Global Path Planning
============================================

  [Iter 700/1000] Best: 12481.6687
  [Iter 750/1000] Best: 12486.1295
PSO-LDIW iteration: 500/1000 - Best fitness: 12239.7709 - w=0.65, c1=1.5, c2=1.5
  [Iter 750/1000] Best: 12289.2863
  [Iter 150/1000] Best: 12488.4102
  [Iter 700/1000] Best: 12670.5139
  [Iter 650/1000] Best: 12559.8221
  [Iter 950/1000] Best: 12369.4665
  [Iter 650/1000] Best: 12727.8504
PSO-LDIW iteration: 750/1000 - Best fitness: 12563.3846 - w=0.525, c1=1.5, c2=1.5
  [Iter 650/1000] Best: 12576.7341
  [Iter 750/1000] Best: 12611.6611
PSO-LDIW iteration: 650/1000 - Best fitness: 12207.9371 - w=0.575, c1=1.5, c2=1.5
  [Iter 750/1000] Best: 12681.5001
  [Iter 700/1000] Best: 12606.8953
PSO-LDIW iteration: 300/1000 - Best fitness: 12579.3874 - w=0.75, c1=1.5, c2=1.5
  [Iter 750/1000] Best: 12526.7552
  [Iter 800/1000] Best: 12289.1357
  [Iter 800/1000] Best: 12485.6833
  [Iter  50/1000] Best: 12756.8842
  [Iter 750/1000] Best: 12481.6686
  [Iter 750/1000] Best: 12670.5139
  [Iter 700/1000] Best: 12559.8221
  [Iter 700/1000] Best: 12727.8504
  [Iter 700/1000] Best: 12576.3901
  [Iter 800/1000] Best: 12611.6610
  [Iter 1000/1000] Best: 12369.4665

========== Planning Complete ==========
Algorithm: SAC-SAPSO (Paper)
Execution time: 187.5181 seconds
Path length: 300.8357 units
Waypoints: 7
Best fitness: 12369.4665
========================================


========== Direct Global Planning ==========
Algorithm: PPO-PSO
Start: [0.0, 0.0, 10.0]
Goal:  [200.0, 200.0, 10.0]
============================================


============================================
PPO-PSO Global Path Planning
============================================

  [Iter 200/1000] Best: 12470.8277
  [Iter 800/1000] Best: 12681.4252
  [Iter 750/1000] Best: 12606.8953
  [Iter 800/1000] Best: 12526.7552
  [Iter 850/1000] Best: 12289.0826
  [Iter 850/1000] Best: 12485.5952
  [Iter 800/1000] Best: 12481.6683
  [Iter 800/1000] Best: 12670.5139
  [Iter 750/1000] Best: 12727.8504
  [Iter 850/1000] Best: 12611.6610
  [Iter 750/1000] Best: 12547.6832
  [Iter 100/1000] Best: 12516.1991
  [Iter  50/1000] Best: 12781.1629
  [Iter 750/1000] Best: 12576.2636
  [Iter 250/1000] Best: 12468.2667
  [Iter 850/1000] Best: 12681.4159
PSO-LDIW iteration: 100/1000 - Best fitness: 12966.4587 - w=0.85, c1=1.5, c2=1.5
  [Iter 800/1000] Best: 12600.0927
  [Iter 850/1000] Best: 12526.7552
PSO-LDIW iteration: 800/1000 - Best fitness: 12562.8522 - w=0.5, c1=1.5, c2=1.5
  [Iter 900/1000] Best: 12289.0215
  [Iter 850/1000] Best: 12670.5139
  [Iter 850/1000] Best: 12481.6682
  [Iter 800/1000] Best: 12727.8504
PSO-LDIW iteration: 450/1000 - Best fitness: 12317.5398 - w=0.675, c1=1.5, c2=1.5
  [Iter 800/1000] Best: 12547.6832
  [Iter 900/1000] Best: 12485.5778
FIPS iteration: 150/1000 - Best fitness: 13444.3274
  [Iter 800/1000] Best: 12576.2629
  [Iter 900/1000] Best: 12611.6608
  [Iter 900/1000] Best: 12681.4154
  [Iter 850/1000] Best: 12600.0927
  [Iter 150/1000] Best: 12497.2321
  [Iter 100/1000] Best: 12449.1877
  [Iter 300/1000] Best: 12120.2109
  [Iter 900/1000] Best: 12526.7552
  [Iter 950/1000] Best: 12289.0131
  [Iter 850/1000] Best: 12727.8504
  [Iter 900/1000] Best: 12670.5139
  [Iter 850/1000] Best: 12547.6832
  [Iter 950/1000] Best: 12485.5778
PSO-LDIW iteration: 550/1000 - Best fitness: 12299.5242 - w=0.625, c1=1.5, c2=1.5
  [Iter 900/1000] Best: 12481.6682
  [Iter 850/1000] Best: 12576.2629
  [Iter 950/1000] Best: 12611.6608
FIPS iteration: 300/1000 - Best fitness: 13269.2074
PSO-LDIW iteration: 550/1000 - Best fitness: 12239.5297 - w=0.625, c1=1.5, c2=1.5
  [Iter 950/1000] Best: 12681.4073
  [Iter 900/1000] Best: 12584.6630
  [Iter 950/1000] Best: 12526.7552
  [Iter 900/1000] Best: 12727.8504
  [Iter 950/1000] Best: 12670.5139
  [Iter 1000/1000] Best: 12288.9989

========== Planning Complete ==========
Algorithm: SAC-SAPSO (Paper)
Execution time: 183.8085 seconds
Path length: 295.7240 units
Waypoints: 7
Best fitness: 12288.9989
========================================


========== Direct Global Planning ==========
Algorithm: PPO-PSO
Start: [0.0, 0.0, 10.0]
Goal:  [200.0, 200.0, 10.0]
============================================


============================================
PPO-PSO Global Path Planning
============================================

  [Iter 200/1000] Best: 12494.6999
  [Iter 900/1000] Best: 12547.6832
  [Iter 950/1000] Best: 12481.6682
  [Iter 150/1000] Best: 12434.9409
  [Iter 1000/1000] Best: 12485.5778

========== Planning Complete ==========
Algorithm: SAC-SAPSO (Paper)
Execution time: 185.9082 seconds
Path length: 335.8117 units
Waypoints: 7
Best fitness: 12485.5778
========================================


========== Direct Global Planning ==========
Algorithm: PPO-PSO
Start: [0.0, 0.0, 10.0]
Goal:  [200.0, 200.0, 10.0]
============================================


============================================
PPO-PSO Global Path Planning
============================================

  [Iter 350/1000] Best: 12104.8088
PSO-LDIW iteration: 550/1000 - Best fitness: 12598.6847 - w=0.625, c1=1.5, c2=1.5
  [Iter 900/1000] Best: 12576.2629
  [Iter 1000/1000] Best: 12611.6598

========== Planning Complete ==========
Algorithm: SAC-SAPSO (Paper)
Execution time: 187.9278 seconds
Path length: 292.1205 units
Waypoints: 7
Best fitness: 12611.6598
========================================


========== Direct Global Planning ==========
Algorithm: PPO-PSO
Start: [0.0, 0.0, 10.0]
Goal:  [200.0, 200.0, 10.0]
============================================


============================================
PPO-PSO Global Path Planning
============================================

  [Iter 1000/1000] Best: 12681.2800

========== Planning Complete ==========
Algorithm: SAC-SAPSO (Paper)
Execution time: 186.1491 seconds
Path length: 298.1786 units
Waypoints: 7
Best fitness: 12681.2800
========================================


========== Direct Global Planning ==========
Algorithm: PPO-PSO
Start: [0.0, 0.0, 10.0]
Goal:  [200.0, 200.0, 10.0]
============================================


============================================
PPO-PSO Global Path Planning
============================================

  [Iter 950/1000] Best: 12579.8447
PSO-LDIW iteration: 850/1000 - Best fitness: 12562.4127 - w=0.475, c1=1.5, c2=1.5
  [Iter 950/1000] Best: 12727.8504
  [Iter 1000/1000] Best: 12670.5139

========== Planning Complete ==========
Algorithm: SAC-SAPSO (Paper)
Execution time: 173.7278 seconds
Path length: 290.7171 units
Waypoints: 7
Best fitness: 12670.5139
========================================


========== Direct Global Planning ==========
Algorithm: PPO-PSO
Start: [0.0, 0.0, 10.0]
Goal:  [200.0, 200.0, 10.0]
============================================


============================================
PPO-PSO Global Path Planning
============================================

  [Iter 1000/1000] Best: 12526.1942

========== Planning Complete ==========
Algorithm: SAC-SAPSO (Paper)
Execution time: 185.8598 seconds
Path length: 307.2161 units
Waypoints: 7
Best fitness: 12526.1942
========================================


========== Direct Global Planning ==========
Algorithm: PPO-PSO
Start: [0.0, 0.0, 10.0]
Goal:  [200.0, 200.0, 10.0]
============================================


============================================
PPO-PSO Global Path Planning
============================================

  [Iter 950/1000] Best: 12480.4062
  [Iter  50/1000] Best: 12528.3939
  [Iter 250/1000] Best: 12494.2351
  [Iter 1000/1000] Best: 12481.6682

========== Planning Complete ==========
Algorithm: SAC-SAPSO (Paper)
Execution time: 185.3073 seconds
Path length: 288.2709 units
Waypoints: 7
Best fitness: 12481.6682
========================================


========== Direct Global Planning ==========
Algorithm: PPO-PSO
Start: [0.0, 0.0, 10.0]
Goal:  [200.0, 200.0, 10.0]
============================================


============================================
PPO-PSO Global Path Planning
============================================

  [Iter  50/1000] Best: 12278.8161
  [Iter 200/1000] Best: 12430.1074
  [Iter 400/1000] Best: 12103.7017
  [Iter 950/1000] Best: 12576.2629
PSO-LDIW iteration: 150/1000 - Best fitness: 12521.1998 - w=0.825, c1=1.5, c2=1.5
  [Iter  50/1000] Best: 12790.0594
  [Iter 1000/1000] Best: 12579.4586

========== Planning Complete ==========
Algorithm: SAC-SAPSO (Paper)
Execution time: 180.4787 seconds
Path length: 303.9046 units
Waypoints: 7
Best fitness: 12579.4586
========================================


========== Direct Global Planning ==========
Algorithm: PPO-PSO
Start: [0.0, 0.0, 10.0]
Goal:  [200.0, 200.0, 10.0]
============================================


============================================
PPO-PSO Global Path Planning
============================================

PSO-LDIW iteration: 400/1000 - Best fitness: 12554.2144 - w=0.7, c1=1.5, c2=1.5
  [Iter  50/1000] Best: 12609.6340
  [Iter 1000/1000] Best: 12727.8504

========== Planning Complete ==========
Algorithm: SAC-SAPSO (Paper)
Execution time: 172.1334 seconds
Path length: 292.8355 units
Waypoints: 7
Best fitness: 12727.8504
========================================


========== Direct Global Planning ==========
Algorithm: PPO-PSO
Start: [0.0, 0.0, 10.0]
Goal:  [200.0, 200.0, 10.0]
============================================


============================================
PPO-PSO Global Path Planning
============================================

PSO-LDIW iteration: 350/1000 - Best fitness: 12553.1291 - w=0.725, c1=1.5, c2=1.5
  [Iter  50/1000] Best: 12750.2556
  [Iter  50/1000] Best: 12675.3402
  [Iter 1000/1000] Best: 12393.5770

========== Planning Complete ==========
Algorithm: SAC-SAPSO (Paper)
Execution time: 180.1868 seconds
Path length: 289.9920 units
Waypoints: 7
Best fitness: 12393.5770
========================================


========== Direct Global Planning ==========
Algorithm: PPO-PSO
Start: [0.0, 0.0, 10.0]
Goal:  [200.0, 200.0, 10.0]
============================================


============================================
PPO-PSO Global Path Planning
============================================

  [Iter  50/1000] Best: 12189.2241
  [Iter 100/1000] Best: 12352.8538
  [Iter 300/1000] Best: 12494.1888
  [Iter 250/1000] Best: 12421.8212
PSO-LDIW iteration: 350/1000 - Best fitness: 12451.5383 - w=0.725, c1=1.5, c2=1.5
  [Iter 1000/1000] Best: 12576.2629

========== Planning Complete ==========
Algorithm: SAC-SAPSO (Paper)
Execution time: 186.0334 seconds
Path length: 293.1021 units
Waypoints: 7
Best fitness: 12576.2629
========================================


========== Direct Global Planning ==========
Algorithm: PPO-PSO
Start: [0.0, 0.0, 10.0]
Goal:  [200.0, 200.0, 10.0]
============================================


============================================
PPO-PSO Global Path Planning
============================================

  [Iter  50/1000] Best: 12586.4418
  [Iter 100/1000] Best: 12258.1173
  [Iter 450/1000] Best: 12103.5820
  [Iter  50/1000] Best: 12587.9783
  [Iter 100/1000] Best: 12503.0998
PSO-LDIW iteration: 900/1000 - Best fitness: 12561.6397 - w=0.45, c1=1.5, c2=1.5
  [Iter 100/1000] Best: 12339.0808
PSO-LDIW iteration: 500/1000 - Best fitness: 12316.7597 - w=0.65, c1=1.5, c2=1.5
  [Iter  50/1000] Best: 12993.0294
  [Iter 100/1000] Best: 12322.8864
  [Iter 100/1000] Best: 12533.7708
  [Iter  50/1000] Best: 13265.9459
  [Iter 100/1000] Best: 12160.1366
  [Iter 350/1000] Best: 12494.1855
  [Iter 300/1000] Best: 12418.5415
  [Iter 150/1000] Best: 12331.4967
  [Iter 500/1000] Best: 12103.5763
  [Iter 150/1000] Best: 12257.1643
PSO-LDIW iteration: 600/1000 - Best fitness: 12239.5058 - w=0.6, c1=1.5, c2=1.5
PSO-LDIW iteration: 800/1000 - Best fitness: 12574.6194 - w=0.5, c1=1.5, c2=1.5
  [Iter 100/1000] Best: 12547.6526
  [Iter 100/1000] Best: 12359.4204
  [Iter 150/1000] Best: 12444.6482
  [Iter 150/1000] Best: 12314.4610
  [Iter 100/1000] Best: 12556.2496
PSO-LDIW iteration: 700/1000 - Best fitness: 12207.7712 - w=0.55, c1=1.5, c2=1.5
  [Iter 150/1000] Best: 12287.2832
  [Iter 150/1000] Best: 12520.2234
  [Iter 100/1000] Best: 12654.8212
  [Iter 150/1000] Best: 12156.7020
  [Iter 200/1000] Best: 12327.2342
  [Iter 350/1000] Best: 12418.3916
  [Iter 550/1000] Best: 12103.5749
  [Iter 400/1000] Best: 12494.1843
  [Iter 150/1000] Best: 12540.4706
  [Iter 200/1000] Best: 12256.0789
PSO-LDIW iteration: 150/1000 - Best fitness: 12838.9124 - w=0.825, c1=1.5, c2=1.5
  [Iter 200/1000] Best: 12426.0606
  [Iter 150/1000] Best: 12323.5393
PSO-LDIW iteration: 950/1000 - Best fitness: 12560.7117 - w=0.425, c1=1.5, c2=1.5
  [Iter 200/1000] Best: 12312.1631
FIPS iteration: 200/1000 - Best fitness: 13103.9172
  [Iter 150/1000] Best: 12355.0548
  [Iter 250/1000] Best: 12326.1648
  [Iter 200/1000] Best: 12225.5843
  [Iter 200/1000] Best: 12516.7918
  [Iter 150/1000] Best: 12505.6867
  [Iter 200/1000] Best: 12155.5830
  [Iter 600/1000] Best: 12103.5747
  [Iter 400/1000] Best: 12418.1116
  [Iter 450/1000] Best: 12494.1836
  [Iter 250/1000] Best: 12255.7734
FIPS iteration: 350/1000 - Best fitness: 13095.4725
  [Iter 250/1000] Best: 12422.0134
  [Iter 250/1000] Best: 12294.0739
  [Iter 200/1000] Best: 12539.1060
  [Iter 200/1000] Best: 12314.7749
  [Iter 250/1000] Best: 12212.7394
  [Iter 250/1000] Best: 12515.8098
  [Iter 200/1000] Best: 12318.9082
PSO-LDIW iteration: 600/1000 - Best fitness: 12298.0273 - w=0.6, c1=1.5, c2=1.5
  [Iter 250/1000] Best: 12155.4504
  [Iter 300/1000] Best: 12325.6111
PSO-LDIW iteration: 400/1000 - Best fitness: 12542.9534 - w=0.7, c1=1.5, c2=1.5
  [Iter 500/1000] Best: 12494.1836
  [Iter 650/1000] Best: 12103.5747
  [Iter 200/1000] Best: 12497.6509
  [Iter 450/1000] Best: 12416.4148
  [Iter 250/1000] Best: 12538.9607
  [Iter 300/1000] Best: 12255.7674
  [Iter 250/1000] Best: 12313.2564
  [Iter 300/1000] Best: 12421.5396
  [Iter 300/1000] Best: 12291.0454
PSO-LDIW iteration: 550/1000 - Best fitness: 12316.6565 - w=0.625, c1=1.5, c2=1.5
PSO-LDIW iteration: 1000/1000 - Best fitness: 12560.5723 - w=0.4, c1=1.5, c2=1.5

========== Planning Complete ==========
Algorithm: PSO_LDIW
Execution time: 844.2111 seconds
Path length: 289.3650 units
Waypoints: 7
Best fitness: 12560.5723
========================================

  [Iter 250/1000] Best: 12307.2737

========== Direct Global Planning ==========
Algorithm: FIPS
Start: [0.0, 0.0, 10.0]
Goal:  [200.0, 200.0, 10.0]
============================================

Starting FIPS (Fully Informed PSO) path planning...
  [Iter 300/1000] Best: 12209.4298
Number of Initial feasible particles: 0/100
  [Iter 300/1000] Best: 12515.6078
  [Iter 700/1000] Best: 12103.5747
  [Iter 250/1000] Best: 12493.5957
  [Iter 500/1000] Best: 12415.7953
  [Iter 350/1000] Best: 12321.2082
  [Iter 550/1000] Best: 12494.1836
PSO-LDIW iteration: 650/1000 - Best fitness: 12239.4481 - w=0.575, c1=1.5, c2=1.5
  [Iter 300/1000] Best: 12155.1205
  [Iter 300/1000] Best: 12538.9452
  [Iter 350/1000] Best: 12421.4846
  [Iter 350/1000] Best: 12255.6791
  [Iter 300/1000] Best: 12310.9360
  [Iter 350/1000] Best: 12289.5210
  [Iter 300/1000] Best: 12304.1192
  [Iter 350/1000] Best: 12198.2705
  [Iter 750/1000] Best: 12103.5747
  [Iter 350/1000] Best: 12515.4479
  [Iter 550/1000] Best: 12415.6548
  [Iter 300/1000] Best: 12493.4511
PSO-LDIW iteration: 200/1000 - Best fitness: 12404.9107 - w=0.8, c1=1.5, c2=1.5
  [Iter 350/1000] Best: 12154.6347
  [Iter 400/1000] Best: 12320.9874
  [Iter 600/1000] Best: 12494.1836
  [Iter 350/1000] Best: 12538.9375
  [Iter 400/1000] Best: 12421.4754
  [Iter 400/1000] Best: 12255.6340
  [Iter 350/1000] Best: 12309.1104
  [Iter 400/1000] Best: 12289.1738
  [Iter 350/1000] Best: 12302.4502
PSO-LDIW iteration: 600/1000 - Best fitness: 12598.1937 - w=0.6, c1=1.5, c2=1.5
  [Iter 400/1000] Best: 12198.0551
PSO-LDIW iteration: 400/1000 - Best fitness: 12420.5355 - w=0.7, c1=1.5, c2=1.5
  [Iter 800/1000] Best: 12103.5747
  [Iter 400/1000] Best: 12515.4426
  [Iter 450/1000] Best: 12320.9520
  [Iter 350/1000] Best: 12493.4015
  [Iter 600/1000] Best: 12415.5645
  [Iter 400/1000] Best: 12154.2222
  [Iter 650/1000] Best: 12494.1836
PSO-LDIW iteration: 450/1000 - Best fitness: 12553.4855 - w=0.675, c1=1.5, c2=1.5
  [Iter 400/1000] Best: 12538.9372
  [Iter 450/1000] Best: 12421.4701
  [Iter 450/1000] Best: 12255.5473
PSO-LDIW iteration: 450/1000 - Best fitness: 12534.6913 - w=0.675, c1=1.5, c2=1.5
  [Iter 400/1000] Best: 12308.7311
  [Iter 450/1000] Best: 12289.1370
  [Iter 400/1000] Best: 12302.1338
  [Iter 450/1000] Best: 12198.0422
  [Iter 500/1000] Best: 12320.9423
  [Iter 700/1000] Best: 12494.1836
  [Iter 450/1000] Best: 12515.4381
  [Iter 850/1000] Best: 12103.5747
  [Iter 650/1000] Best: 12415.5408
  [Iter 400/1000] Best: 12493.3993
  [Iter 450/1000] Best: 12154.1300
  [Iter 500/1000] Best: 12421.4467
PSO-LDIW iteration: 200/1000 - Best fitness: 12715.9167 - w=0.8, c1=1.5, c2=1.5
  [Iter 500/1000] Best: 12255.4102
  [Iter 450/1000] Best: 12538.9371
FIPS iteration: 400/1000 - Best fitness: 13011.4801
PSO-LDIW iteration: 600/1000 - Best fitness: 12316.6465 - w=0.6, c1=1.5, c2=1.5
  [Iter 500/1000] Best: 12289.1180
FIPS iteration: 250/1000 - Best fitness: 13103.9172
PSO-LDIW iteration: 700/1000 - Best fitness: 12239.4449 - w=0.55, c1=1.5, c2=1.5
  [Iter 450/1000] Best: 12306.6667
  [Iter 500/1000] Best: 12197.9273
  [Iter 450/1000] Best: 12302.0832
  [Iter 500/1000] Best: 12515.4309
  [Iter 500/1000] Best: 12154.1236
  [Iter 700/1000] Best: 12415.5197
PSO-LDIW iteration: 750/1000 - Best fitness: 12207.7628 - w=0.525, c1=1.5, c2=1.5
  [Iter 550/1000] Best: 12320.9405
  [Iter 750/1000] Best: 12494.1836
  [Iter 900/1000] Best: 12103.5747
  [Iter 500/1000] Best: 12538.9369
  [Iter 450/1000] Best: 12493.3986
PSO-LDIW iteration: 850/1000 - Best fitness: 12574.613 - w=0.475, c1=1.5, c2=1.5
  [Iter 550/1000] Best: 12421.3443
  [Iter 550/1000] Best: 12255.2808
  [Iter 500/1000] Best: 12306.2618
  [Iter 550/1000] Best: 12289.1163
  [Iter 500/1000] Best: 12302.0742
  [Iter 550/1000] Best: 12197.9167
  [Iter 950/1000] Best: 12103.5747
  [Iter 550/1000] Best: 12515.4284
  [Iter 750/1000] Best: 12415.5183
  [Iter 500/1000] Best: 12493.3982
  [Iter 550/1000] Best: 12154.1229
  [Iter 600/1000] Best: 12320.9399
  [Iter 800/1000] Best: 12494.1836
  [Iter 550/1000] Best: 12538.9365
  [Iter 600/1000] Best: 12421.3440
PSO-LDIW iteration: 650/1000 - Best fitness: 12295.2182 - w=0.575, c1=1.5, c2=1.5
  [Iter 550/1000] Best: 12306.1948
  [Iter 600/1000] Best: 12255.2138
  [Iter 600/1000] Best: 12289.1161
  [Iter 550/1000] Best: 12302.0710
PSO-LDIW iteration: 500/1000 - Best fitness: 12526.8511 - w=0.65, c1=1.5, c2=1.5
  [Iter 600/1000] Best: 12197.9140
  [Iter 600/1000] Best: 12515.4271
  [Iter 800/1000] Best: 12415.5170
  [Iter 650/1000] Best: 12320.9397
  [Iter 550/1000] Best: 12493.3982
  [Iter 1000/1000] Best: 12103.5747

========== Planning Complete ==========
Algorithm: PPO-PSO
Execution time: 231.5617 seconds
Path length: 335.4263 units
Waypoints: 7
Best fitness: 12103.5747
========================================


========== Direct Global Planning ==========
Algorithm: MPSORL
Start: [0.0, 0.0, 10.0]
Goal:  [200.0, 200.0, 10.0]
============================================

Starting MPSORL (Multi-Strategy Self-Learning PSO) path planning...
  [Iter 600/1000] Best: 12154.1229
  [Iter 850/1000] Best: 12494.1836
  [Iter 600/1000] Best: 12538.9292
  [Iter 650/1000] Best: 12421.3433
  [Iter 650/1000] Best: 12255.1727
  [Iter 600/1000] Best: 12306.1628
FIPS iteration: 50/1000 - Best fitness: 13980.5465
  [Iter 650/1000] Best: 12289.1161
  [Iter 600/1000] Best: 12302.0675
  [Iter 650/1000] Best: 12197.9092
  [Iter 700/1000] Best: 12320.9396
MPSORL iteration: 50/1000 - Best fitness: 13669.2145
  [Iter 650/1000] Best: 12515.4267
  [Iter 850/1000] Best: 12415.5159
  [Iter 700/1000] Best: 12421.3427
  [Iter 650/1000] Best: 12154.1227
  [Iter 600/1000] Best: 12493.3982
  [Iter 900/1000] Best: 12494.1836
  [Iter 650/1000] Best: 12538.9291
PSO-LDIW iteration: 750/1000 - Best fitness: 12239.4443 - w=0.525, c1=1.5, c2=1.5
  [Iter 700/1000] Best: 12255.1692
PSO-LDIW iteration: 650/1000 - Best fitness: 12316.6395 - w=0.575, c1=1.5, c2=1.5
  [Iter 700/1000] Best: 12289.1160
MPSORL iteration: 100/1000 - Best fitness: 13298.1875
  [Iter 650/1000] Best: 12306.1551
  [Iter 700/1000] Best: 12197.8674
  [Iter 700/1000] Best: 12515.4267
  [Iter 650/1000] Best: 12302.0666
PSO-LDIW iteration: 250/1000 - Best fitness: 12384.3844 - w=0.775, c1=1.5, c2=1.5
  [Iter 750/1000] Best: 12320.9396
  [Iter 950/1000] Best: 12494.1836
  [Iter 700/1000] Best: 12154.1227
  [Iter 900/1000] Best: 12415.5158
  [Iter 700/1000] Best: 12538.9291
  [Iter 650/1000] Best: 12493.3981
  [Iter 750/1000] Best: 12421.3426
MPSORL iteration: 150/1000 - Best fitness: 13121.1147
  [Iter 700/1000] Best: 12306.1502
  [Iter 750/1000] Best: 12255.1677
PSO-LDIW iteration: 250/1000 - Best fitness: 12618.6031 - w=0.775, c1=1.5, c2=1.5
  [Iter 750/1000] Best: 12289.1160
FIPS iteration: 450/1000 - Best fitness: 12993.6327
  [Iter 700/1000] Best: 12302.0664
PSO-LDIW iteration: 550/1000 - Best fitness: 12523.0619 - w=0.625, c1=1.5, c2=1.5
  [Iter 750/1000] Best: 12197.7247
  [Iter 750/1000] Best: 12515.4266
  [Iter 950/1000] Best: 12415.5154
  [Iter 800/1000] Best: 12320.9396
  [Iter 700/1000] Best: 12493.3981
  [Iter 750/1000] Best: 12154.1227
MPSORL iteration: 200/1000 - Best fitness: 12983.3952
  [Iter 750/1000] Best: 12538.9291
  [Iter 1000/1000] Best: 12494.1836

========== Planning Complete ==========
Algorithm: PPO-PSO
Execution time: 235.9969 seconds
Path length: 408.8655 units
Waypoints: 7
Best fitness: 12494.1836
========================================

  [Iter 800/1000] Best: 12421.3421
FIPS iteration: 300/1000 - Best fitness: 12994.037

========== Direct Global Planning ==========
Algorithm: MPSORL
Start: [0.0, 0.0, 10.0]
Goal:  [200.0, 200.0, 10.0]
============================================

Starting MPSORL (Multi-Strategy Self-Learning PSO) path planning...
PSO-LDIW iteration: 450/1000 - Best fitness: 12412.3252 - w=0.675, c1=1.5, c2=1.5
  [Iter 750/1000] Best: 12306.1342
  [Iter 800/1000] Best: 12255.1660
  [Iter 800/1000] Best: 12289.1160
  [Iter 750/1000] Best: 12302.0663
  [Iter 800/1000] Best: 12197.7198
MPSORL iteration: 250/1000 - Best fitness: 12930.6176
  [Iter 800/1000] Best: 12515.4266
PSO-LDIW iteration: 650/1000 - Best fitness: 12598.1524 - w=0.575, c1=1.5, c2=1.5
  [Iter 750/1000] Best: 12493.3981
MPSORL iteration: 50/1000 - Best fitness: 13485.2013
  [Iter 800/1000] Best: 12154.1225
  [Iter 850/1000] Best: 12320.9396
  [Iter 800/1000] Best: 12538.9291
  [Iter 1000/1000] Best: 12415.5154

========== Planning Complete ==========
Algorithm: PPO-PSO
Execution time: 234.7488 seconds
Path length: 409.9224 units
Waypoints: 7
Best fitness: 12415.5154
========================================


========== Direct Global Planning ==========
Algorithm: MPSORL
Start: [0.0, 0.0, 10.0]
Goal:  [200.0, 200.0, 10.0]
============================================

Starting MPSORL (Multi-Strategy Self-Learning PSO) path planning...
PSO-LDIW iteration: 500/1000 - Best fitness: 12552.1861 - w=0.65, c1=1.5, c2=1.5
  [Iter 850/1000] Best: 12421.3403
  [Iter 800/1000] Best: 12306.1238
  [Iter 850/1000] Best: 12255.1658
  [Iter 850/1000] Best: 12289.1160
  [Iter 800/1000] Best: 12302.0663
MPSORL iteration: 300/1000 - Best fitness: 12700.7542
MPSORL iteration: 100/1000 - Best fitness: 13109.409
  [Iter 850/1000] Best: 12197.7102
  [Iter 850/1000] Best: 12515.4266
MPSORL iteration: 50/1000 - Best fitness: 13967.158
  [Iter 900/1000] Best: 12320.9396
  [Iter 800/1000] Best: 12493.3981
PSO-LDIW iteration: 800/1000 - Best fitness: 12239.4443 - w=0.5, c1=1.5, c2=1.5
  [Iter 850/1000] Best: 12154.1225
  [Iter 850/1000] Best: 12538.9291
PSO-LDIW iteration: 700/1000 - Best fitness: 12295.0522 - w=0.55, c1=1.5, c2=1.5
PSO-LDIW iteration: 600/1000 - Best fitness: 12521.0571 - w=0.6, c1=1.5, c2=1.5
PSO-LDIW iteration: 700/1000 - Best fitness: 12315.4892 - w=0.55, c1=1.5, c2=1.5
  [Iter 900/1000] Best: 12421.3393
PSO-LDIW iteration: 800/1000 - Best fitness: 12207.7501 - w=0.5, c1=1.5, c2=1.5
MPSORL iteration: 350/1000 - Best fitness: 12493.5489
MPSORL iteration: 150/1000 - Best fitness: 12801.1519
  [Iter 850/1000] Best: 12306.1151
  [Iter 900/1000] Best: 12255.1644
  [Iter 900/1000] Best: 12289.1160
  [Iter 850/1000] Best: 12302.0663
MPSORL iteration: 100/1000 - Best fitness: 13173.1186
  [Iter 950/1000] Best: 12320.9396
  [Iter 900/1000] Best: 12197.7085
  [Iter 900/1000] Best: 12515.4266
  [Iter 950/1000] Best: 12421.3393
MPSORL iteration: 400/1000 - Best fitness: 12471.9685
  [Iter 850/1000] Best: 12493.3981
  [Iter 900/1000] Best: 12154.1225
  [Iter 900/1000] Best: 12538.9291
MPSORL iteration: 200/1000 - Best fitness: 12608.5913
PSO-LDIW iteration: 900/1000 - Best fitness: 12574.6078 - w=0.45, c1=1.5, c2=1.5
  [Iter 950/1000] Best: 12255.1575
MPSORL iteration: 150/1000 - Best fitness: 12668.0949
  [Iter 950/1000] Best: 12289.1160
  [Iter 900/1000] Best: 12306.1121
  [Iter 900/1000] Best: 12302.0663
  [Iter 950/1000] Best: 12197.7037
  [Iter 950/1000] Best: 12515.4266
MPSORL iteration: 450/1000 - Best fitness: 12469.8976
  [Iter 950/1000] Best: 12154.1225
MPSORL iteration: 250/1000 - Best fitness: 12513.2083
  [Iter 950/1000] Best: 12538.9291
  [Iter 1000/1000] Best: 12320.9393

========== Planning Complete ==========
Algorithm: PPO-PSO
Execution time: 229.6537 seconds
Path length: 354.9510 units
Waypoints: 7
Best fitness: 12320.9393
========================================


========== Direct Global Planning ==========
Algorithm: MPSORL
Start: [0.0, 0.0, 10.0]
Goal:  [200.0, 200.0, 10.0]
============================================

Starting MPSORL (Multi-Strategy Self-Learning PSO) path planning...
  [Iter 900/1000] Best: 12493.3981
MPSORL iteration: 200/1000 - Best fitness: 12281.2219
  [Iter 1000/1000] Best: 12421.3391

========== Planning Complete ==========
Algorithm: PPO-PSO
Execution time: 227.2780 seconds
Path length: 416.1448 units
Waypoints: 7
Best fitness: 12421.3391
========================================


========== Direct Global Planning ==========
Algorithm: MPSORL
Start: [0.0, 0.0, 10.0]
Goal:  [200.0, 200.0, 10.0]
============================================

Starting MPSORL (Multi-Strategy Self-Learning PSO) path planning...
  [Iter 950/1000] Best: 12306.1105
  [Iter 950/1000] Best: 12302.0662
FIPS iteration: 500/1000 - Best fitness: 12993.6327
MPSORL iteration: 500/1000 - Best fitness: 12468.3898
  [Iter 1000/1000] Best: 12254.7336
  [Iter 1000/1000] Best: 12289.1160

========== Planning Complete ==========
Algorithm: PPO-PSO
Execution time: 229.1434 seconds
Path length: 300.2073 units
Waypoints: 7
Best fitness: 12289.1160
========================================


========== Direct Global Planning ==========
Algorithm: MPSORL
Start: [0.0, 0.0, 10.0]
Goal:  [200.0, 200.0, 10.0]
============================================

Starting MPSORL (Multi-Strategy Self-Learning PSO) path planning...

========== Planning Complete ==========
Algorithm: PPO-PSO
Execution time: 233.9097 seconds
Path length: 398.1927 units
Waypoints: 7
Best fitness: 12254.7336
========================================


========== Direct Global Planning ==========
Algorithm: MPSORL
Start: [0.0, 0.0, 10.0]
Goal:  [200.0, 200.0, 10.0]
============================================

Starting MPSORL (Multi-Strategy Self-Learning PSO) path planning...
MPSORL iteration: 300/1000 - Best fitness: 12465.9257
FIPS iteration: 100/1000 - Best fitness: 13432.7684
MPSORL iteration: 50/1000 - Best fitness: 13660.205
  [Iter 1000/1000] Best: 12197.7001

========== Planning Complete ==========
Algorithm: PPO-PSO
Execution time: 228.8780 seconds
Path length: 314.7086 units
Waypoints: 7
Best fitness: 12197.7001
========================================


========== Direct Global Planning ==========
Algorithm: MPSORL
Start: [0.0, 0.0, 10.0]
Goal:  [200.0, 200.0, 10.0]
============================================

Starting MPSORL (Multi-Strategy Self-Learning PSO) path planning...
PSO-LDIW iteration: 650/1000 - Best fitness: 12519.4705 - w=0.575, c1=1.5, c2=1.5
MPSORL iteration: 250/1000 - Best fitness: 12224.3399
  [Iter 1000/1000] Best: 12515.4266

========== Planning Complete ==========
Algorithm: PPO-PSO
Execution time: 230.4353 seconds
Path length: 404.5454 units
Waypoints: 7
Best fitness: 12515.4266
========================================


========== Direct Global Planning ==========
Algorithm: MPSORL
Start: [0.0, 0.0, 10.0]
Goal:  [200.0, 200.0, 10.0]
============================================

Starting MPSORL (Multi-Strategy Self-Learning PSO) path planning...
  [Iter 950/1000] Best: 12493.3981
MPSORL iteration: 50/1000 - Best fitness: 13409.2561
PSO-LDIW iteration: 300/1000 - Best fitness: 12575.2325 - w=0.75, c1=1.5, c2=1.5
FIPS iteration: 350/1000 - Best fitness: 12994.037
  [Iter 1000/1000] Best: 12154.1225

========== Planning Complete ==========
Algorithm: PPO-PSO
Execution time: 229.7731 seconds
Path length: 363.3028 units
Waypoints: 7
Best fitness: 12154.1225
========================================


========== Direct Global Planning ==========
Algorithm: MPSORL
Start: [0.0, 0.0, 10.0]
Goal:  [200.0, 200.0, 10.0]
============================================

Starting MPSORL (Multi-Strategy Self-Learning PSO) path planning...
MPSORL iteration: 550/1000 - Best fitness: 12468.2136
  [Iter 1000/1000] Best: 12538.9291

========== Planning Complete ==========
Algorithm: PPO-PSO
Execution time: 225.6513 seconds
Path length: 477.7515 units
Waypoints: 7
Best fitness: 12538.9291
========================================


========== Direct Global Planning ==========
Algorithm: MPSORL
Start: [0.0, 0.0, 10.0]
Goal:  [200.0, 200.0, 10.0]
============================================

Starting MPSORL (Multi-Strategy Self-Learning PSO) path planning...
MPSORL iteration: 50/1000 - Best fitness: 13507.2134
MPSORL iteration: 50/1000 - Best fitness: 13472.5955
MPSORL iteration: 350/1000 - Best fitness: 12451.1735
PSO-LDIW iteration: 300/1000 - Best fitness: 12379.105 - w=0.75, c1=1.5, c2=1.5
MPSORL iteration: 100/1000 - Best fitness: 13356.4754
  [Iter 1000/1000] Best: 12302.0662

========== Planning Complete ==========
Algorithm: PPO-PSO
Execution time: 225.1608 seconds
Path length: 348.6964 units
Waypoints: 7
Best fitness: 12302.0662
========================================

MPSORL iteration: 300/1000 - Best fitness: 12174.9114

========== Direct Global Planning ==========
Algorithm: MPSORL
Start: [0.0, 0.0, 10.0]
Goal:  [200.0, 200.0, 10.0]
============================================

Starting MPSORL (Multi-Strategy Self-Learning PSO) path planning...
MPSORL iteration: 50/1000 - Best fitness: 14084.8479
  [Iter 1000/1000] Best: 12306.1103

========== Planning Complete ==========
Algorithm: PPO-PSO
Execution time: 228.4548 seconds
Path length: 351.6981 units
Waypoints: 7
Best fitness: 12306.1103
========================================


========== Direct Global Planning ==========
Algorithm: MPSORL
Start: [0.0, 0.0, 10.0]
Goal:  [200.0, 200.0, 10.0]
============================================

Starting MPSORL (Multi-Strategy Self-Learning PSO) path planning...
PSO-LDIW iteration: 850/1000 - Best fitness: 12239.4441 - w=0.475, c1=1.5, c2=1.5
MPSORL iteration: 50/1000 - Best fitness: 13752.8774
MPSORL iteration: 100/1000 - Best fitness: 13125.8797
MPSORL iteration: 50/1000 - Best fitness: 13663.1546
MPSORL iteration: 50/1000 - Best fitness: 13557.106
PSO-LDIW iteration: 750/1000 - Best fitness: 12309.782 - w=0.525, c1=1.5, c2=1.5
MPSORL iteration: 600/1000 - Best fitness: 12467.5834
MPSORL iteration: 100/1000 - Best fitness: 13251.7421
MPSORL iteration: 100/1000 - Best fitness: 12928.5569
MPSORL iteration: 400/1000 - Best fitness: 12430.353
  [Iter 1000/1000] Best: 12493.3981

========== Planning Complete ==========
Algorithm: PPO-PSO
Execution time: 226.7624 seconds
Path length: 430.0775 units
Waypoints: 7
Best fitness: 12493.3981
========================================


========== Direct Global Planning ==========
Algorithm: MPSORL
Start: [0.0, 0.0, 10.0]
Goal:  [200.0, 200.0, 10.0]
============================================

Starting MPSORL (Multi-Strategy Self-Learning PSO) path planning...
MPSORL iteration: 150/1000 - Best fitness: 12903.4727
MPSORL iteration: 350/1000 - Best fitness: 12174.3329
MPSORL iteration: 100/1000 - Best fitness: 13233.0684
MPSORL iteration: 50/1000 - Best fitness: 13190.3997
MPSORL iteration: 50/1000 - Best fitness: 13671.3684
MPSORL iteration: 150/1000 - Best fitness: 12862.1151
MPSORL iteration: 100/1000 - Best fitness: 13406.0471
MPSORL iteration: 100/1000 - Best fitness: 12788.9549
MPSORL iteration: 650/1000 - Best fitness: 12467.5361
MPSORL iteration: 100/1000 - Best fitness: 12621.581
MPSORL iteration: 150/1000 - Best fitness: 12852.7964
MPSORL iteration: 450/1000 - Best fitness: 12422.0848
MPSORL iteration: 150/1000 - Best fitness: 13002.309
MPSORL iteration: 50/1000 - Best fitness: 13387.6415
MPSORL iteration: 200/1000 - Best fitness: 12757.6502
MPSORL iteration: 400/1000 - Best fitness: 12169.5084
MPSORL iteration: 100/1000 - Best fitness: 13183.7361
MPSORL iteration: 150/1000 - Best fitness: 12923.4022
MPSORL iteration: 100/1000 - Best fitness: 13067.1424
MPSORL iteration: 150/1000 - Best fitness: 13111.0943
MPSORL iteration: 200/1000 - Best fitness: 12733.8047
PSO-LDIW iteration: 700/1000 - Best fitness: 12518.6701 - w=0.55, c1=1.5, c2=1.5
MPSORL iteration: 150/1000 - Best fitness: 12651.3849
MPSORL iteration: 150/1000 - Best fitness: 12519.2854
MPSORL iteration: 700/1000 - Best fitness: 12467.4994
MPSORL iteration: 200/1000 - Best fitness: 12767.3368
MPSORL iteration: 200/1000 - Best fitness: 12850.0532
MPSORL iteration: 500/1000 - Best fitness: 12419.8219
MPSORL iteration: 100/1000 - Best fitness: 13107.7699
MPSORL iteration: 250/1000 - Best fitness: 12621.922
MPSORL iteration: 150/1000 - Best fitness: 12916.2278
MPSORL iteration: 450/1000 - Best fitness: 12167.6257
MPSORL iteration: 200/1000 - Best fitness: 12550.5632
MPSORL iteration: 150/1000 - Best fitness: 12924.6906
PSO-LDIW iteration: 500/1000 - Best fitness: 12409.9803 - w=0.65, c1=1.5, c2=1.5
PSO-LDIW iteration: 750/1000 - Best fitness: 12295.0449 - w=0.525, c1=1.5, c2=1.5
MPSORL iteration: 200/1000 - Best fitness: 12981.1336
MPSORL iteration: 250/1000 - Best fitness: 12532.914
MPSORL iteration: 200/1000 - Best fitness: 12541.2571
MPSORL iteration: 200/1000 - Best fitness: 12361.3182
MPSORL iteration: 750/1000 - Best fitness: 12467.4985
MPSORL iteration: 250/1000 - Best fitness: 12601.6585
MPSORL iteration: 550/1000 - Best fitness: 12418.7505
MPSORL iteration: 250/1000 - Best fitness: 12618.8929
MPSORL iteration: 150/1000 - Best fitness: 13015.987
MPSORL iteration: 300/1000 - Best fitness: 12568.7783
MPSORL iteration: 200/1000 - Best fitness: 12743.4698
MPSORL iteration: 500/1000 - Best fitness: 12165.091
MPSORL iteration: 250/1000 - Best fitness: 12443.6612
MPSORL iteration: 200/1000 - Best fitness: 12680.5751
MPSORL iteration: 300/1000 - Best fitness: 12513.7421
MPSORL iteration: 250/1000 - Best fitness: 12757.8835
PSO-LDIW iteration: 900/1000 - Best fitness: 12239.3735 - w=0.45, c1=1.5, c2=1.5
MPSORL iteration: 250/1000 - Best fitness: 12486.7314
MPSORL iteration: 800/1000 - Best fitness: 12467.4831
MPSORL iteration: 250/1000 - Best fitness: 12299.5916
MPSORL iteration: 300/1000 - Best fitness: 12568.5683
PSO-LDIW iteration: 700/1000 - Best fitness: 12597.6777 - w=0.55, c1=1.5, c2=1.5
MPSORL iteration: 200/1000 - Best fitness: 12661.586
MPSORL iteration: 600/1000 - Best fitness: 12418.306
MPSORL iteration: 300/1000 - Best fitness: 12451.2869
FIPS iteration: 550/1000 - Best fitness: 12993.6327
PSO-LDIW iteration: 550/1000 - Best fitness: 12550.8378 - w=0.625, c1=1.5, c2=1.5
MPSORL iteration: 550/1000 - Best fitness: 12164.9922
MPSORL iteration: 350/1000 - Best fitness: 12560.463
MPSORL iteration: 300/1000 - Best fitness: 12415.6377
MPSORL iteration: 250/1000 - Best fitness: 12703.8308
MPSORL iteration: 250/1000 - Best fitness: 12564.9535
MPSORL iteration: 350/1000 - Best fitness: 12509.2929
MPSORL iteration: 300/1000 - Best fitness: 12572.9663
MPSORL iteration: 300/1000 - Best fitness: 12394.3086
MPSORL iteration: 850/1000 - Best fitness: 12467.4798
MPSORL iteration: 300/1000 - Best fitness: 12295.9124
PSO-LDIW iteration: 850/1000 - Best fitness: 12207.7498 - w=0.475, c1=1.5, c2=1.5
MPSORL iteration: 350/1000 - Best fitness: 12561.1848
MPSORL iteration: 650/1000 - Best fitness: 12418.1874
MPSORL iteration: 350/1000 - Best fitness: 12257.4288
PSO-LDIW iteration: 800/1000 - Best fitness: 12308.9321 - w=0.5, c1=1.5, c2=1.5
PSO-LDIW iteration: 750/1000 - Best fitness: 12518.4219 - w=0.525, c1=1.5, c2=1.5
MPSORL iteration: 250/1000 - Best fitness: 12608.812
MPSORL iteration: 400/1000 - Best fitness: 12543.9474
MPSORL iteration: 600/1000 - Best fitness: 12164.7138
MPSORL iteration: 350/1000 - Best fitness: 12408.7058
MPSORL iteration: 300/1000 - Best fitness: 12672.7707
MPSORL iteration: 300/1000 - Best fitness: 12517.9764
MPSORL iteration: 400/1000 - Best fitness: 12496.11
FIPS iteration: 400/1000 - Best fitness: 12904.5356
MPSORL iteration: 350/1000 - Best fitness: 12554.9103
MPSORL iteration: 350/1000 - Best fitness: 12331.0117
MPSORL iteration: 900/1000 - Best fitness: 12467.479
MPSORL iteration: 350/1000 - Best fitness: 12281.1368
MPSORL iteration: 400/1000 - Best fitness: 12558.2552
MPSORL iteration: 700/1000 - Best fitness: 12417.9095
MPSORL iteration: 300/1000 - Best fitness: 12531.207
MPSORL iteration: 400/1000 - Best fitness: 12225.4414
MPSORL iteration: 650/1000 - Best fitness: 12153.0909
MPSORL iteration: 450/1000 - Best fitness: 12542.3727
PSO-LDIW iteration: 350/1000 - Best fitness: 12356.2604 - w=0.725, c1=1.5, c2=1.5
MPSORL iteration: 350/1000 - Best fitness: 12467.3528
MPSORL iteration: 350/1000 - Best fitness: 12643.6581
MPSORL iteration: 400/1000 - Best fitness: 12402.5707
MPSORL iteration: 400/1000 - Best fitness: 12549.9561
MPSORL iteration: 450/1000 - Best fitness: 12490.8927
MPSORL iteration: 400/1000 - Best fitness: 12298.7575
MPSORL iteration: 950/1000 - Best fitness: 12467.4778
MPSORL iteration: 400/1000 - Best fitness: 12279.9468
MPSORL iteration: 450/1000 - Best fitness: 12557.994
MPSORL iteration: 750/1000 - Best fitness: 12403.3186
MPSORL iteration: 350/1000 - Best fitness: 12515.7055
MPSORL iteration: 450/1000 - Best fitness: 12218.6118
PSO-LDIW iteration: 950/1000 - Best fitness: 12574.5963 - w=0.425, c1=1.5, c2=1.5
FIPS iteration: 150/1000 - Best fitness: 13432.7684
MPSORL iteration: 700/1000 - Best fitness: 12153.0068
MPSORL iteration: 500/1000 - Best fitness: 12542.1926
MPSORL iteration: 400/1000 - Best fitness: 12448.0733
MPSORL iteration: 400/1000 - Best fitness: 12575.4583
MPSORL iteration: 450/1000 - Best fitness: 12375.4482
MPSORL iteration: 450/1000 - Best fitness: 12515.4808
MPSORL iteration: 500/1000 - Best fitness: 12490.2136
MPSORL iteration: 450/1000 - Best fitness: 12279.1151
MPSORL iteration: 1000/1000 - Best fitness: 12467.4778
MPSORL completed with final fitness: 12467.4778

========== Planning Complete ==========
Algorithm: MPSORL
Execution time: 162.5212 seconds
Path length: 291.9192 units
Waypoints: 7
Best fitness: 12467.4778
========================================


========== Direct Global Planning ==========
Algorithm: RRSACPSO
Start: [0.0, 0.0, 10.0]
Goal:  [200.0, 200.0, 10.0]
============================================


╔══════════════════════════════════════════════════════════╗
║              RRSACPSO Global Path Planning              ║
╚══════════════════════════════════════════════════════════╝

MPSORL iteration: 450/1000 - Best fitness: 12279.453

[Episode 1/1] Starting training...
  Config: mode=online, episodes=1, iterations=1000, popSize=100
MPSORL iteration: 500/1000 - Best fitness: 12556.8553
MPSORL iteration: 800/1000 - Best fitness: 12402.5058
MPSORL iteration: 400/1000 - Best fitness: 12514.5894
MPSORL iteration: 500/1000 - Best fitness: 12217.4158
MPSORL iteration: 750/1000 - Best fitness: 12152.9775
MPSORL iteration: 550/1000 - Best fitness: 12541.0258
PSO-LDIW iteration: 800/1000 - Best fitness: 12518.2411 - w=0.5, c1=1.5, c2=1.5
MPSORL iteration: 450/1000 - Best fitness: 12442.3658
MPSORL iteration: 450/1000 - Best fitness: 12555.307
MPSORL iteration: 500/1000 - Best fitness: 12374.4238
MPSORL iteration: 500/1000 - Best fitness: 12484.9265
MPSORL iteration: 550/1000 - Best fitness: 12490.1491
PSO-LDIW iteration: 950/1000 - Best fitness: 12239.3735 - w=0.425, c1=1.5, c2=1.5
MPSORL iteration: 500/1000 - Best fitness: 12270.1332
MPSORL iteration: 550/1000 - Best fitness: 12556.6166
MPSORL iteration: 500/1000 - Best fitness: 12279.2834
      [Iter  50] Action stats: mean=-0.2341±0.5083 [-0.9893-0.3266]
MPSORL iteration: 850/1000 - Best fitness: 12400.9048
  [Iter  50/1000] Best: 12907.7650 | Alpha: 0.2000
MPSORL iteration: 550/1000 - Best fitness: 12217.2837
MPSORL iteration: 450/1000 - Best fitness: 12513.3244
MPSORL iteration: 800/1000 - Best fitness: 12148.9915
MPSORL iteration: 600/1000 - Best fitness: 12509.5691
PSO-LDIW iteration: 350/1000 - Best fitness: 12370.5159 - w=0.725, c1=1.5, c2=1.5
MPSORL iteration: 550/1000 - Best fitness: 12374.1631
MPSORL iteration: 500/1000 - Best fitness: 12551.5859
MPSORL iteration: 500/1000 - Best fitness: 12426.8195
MPSORL iteration: 550/1000 - Best fitness: 12481.79
MPSORL iteration: 600/1000 - Best fitness: 12490.145
MPSORL iteration: 550/1000 - Best fitness: 12269.3776
MPSORL iteration: 600/1000 - Best fitness: 12556.4444
MPSORL iteration: 550/1000 - Best fitness: 12278.5461
MPSORL iteration: 900/1000 - Best fitness: 12400.0539
      [Iter 100] Action stats: mean=-0.4047±0.4897 [-0.9227-0.4770]
MPSORL iteration: 500/1000 - Best fitness: 12511.8111
MPSORL iteration: 600/1000 - Best fitness: 12217.2795
      [Iter 100] Fitness: current=12729.4827, best=12729.4827, diversity=12.376207
      [Iter 100] Reward: -1.0000
  [Iter 100/1000] Best: 12729.4827 | Alpha: 0.2000
PSO-LDIW iteration: 850/1000 - Best fitness: 12308.8601 - w=0.475, c1=1.5, c2=1.5
MPSORL iteration: 850/1000 - Best fitness: 12148.1734
MPSORL iteration: 650/1000 - Best fitness: 12378.5912
PSO-LDIW iteration: 800/1000 - Best fitness: 12294.851 - w=0.5, c1=1.5, c2=1.5
MPSORL iteration: 550/1000 - Best fitness: 12549.6664
MPSORL iteration: 600/1000 - Best fitness: 12374.135
MPSORL iteration: 600/1000 - Best fitness: 12481.3328
MPSORL iteration: 650/1000 - Best fitness: 12490.1446
FIPS iteration: 600/1000 - Best fitness: 12875.0186
MPSORL iteration: 550/1000 - Best fitness: 12425.911
MPSORL iteration: 600/1000 - Best fitness: 12269.2364
MPSORL iteration: 650/1000 - Best fitness: 12556.3872
MPSORL iteration: 600/1000 - Best fitness: 12278.5449
MPSORL iteration: 550/1000 - Best fitness: 12509.5032
MPSORL iteration: 950/1000 - Best fitness: 12400.0308
MPSORL iteration: 650/1000 - Best fitness: 12216.3455
MPSORL iteration: 900/1000 - Best fitness: 12147.57
MPSORL iteration: 700/1000 - Best fitness: 12363.8835
MPSORL iteration: 650/1000 - Best fitness: 12481.1129
MPSORL iteration: 600/1000 - Best fitness: 12545.9861
MPSORL iteration: 650/1000 - Best fitness: 12373.9725
MPSORL iteration: 600/1000 - Best fitness: 12422.9493
MPSORL iteration: 700/1000 - Best fitness: 12490.1446
      [Iter 150] Action stats: mean=-0.2306±0.6627 [-0.9893-0.8575]
  [Iter 150/1000] Best: 12671.5178 | Alpha: 0.1986
PSO-LDIW iteration: 850/1000 - Best fitness: 12518.2284 - w=0.475, c1=1.5, c2=1.5
FIPS iteration: 450/1000 - Best fitness: 12884.7859
MPSORL iteration: 650/1000 - Best fitness: 12269.0828
MPSORL iteration: 700/1000 - Best fitness: 12556.3515
MPSORL iteration: 650/1000 - Best fitness: 12278.5442
MPSORL iteration: 1000/1000 - Best fitness: 12399.9983
MPSORL completed with final fitness: 12399.9983

========== Planning Complete ==========
Algorithm: MPSORL
Execution time: 167.1614 seconds
Path length: 340.9654 units
Waypoints: 7
Best fitness: 12399.9983
========================================


========== Direct Global Planning ==========
Algorithm: RRSACPSO
Start: [0.0, 0.0, 10.0]
Goal:  [200.0, 200.0, 10.0]
============================================


╔══════════════════════════════════════════════════════════╗
║              RRSACPSO Global Path Planning              ║
╚══════════════════════════════════════════════════════════╝

MPSORL iteration: 600/1000 - Best fitness: 12508.2699
MPSORL iteration: 700/1000 - Best fitness: 12215.3678

[Episode 1/1] Starting training...
  Config: mode=online, episodes=1, iterations=1000, popSize=100
MPSORL iteration: 950/1000 - Best fitness: 12147.4499
MPSORL iteration: 750/1000 - Best fitness: 12358.2669
MPSORL iteration: 700/1000 - Best fitness: 12481.1037
MPSORL iteration: 750/1000 - Best fitness: 12490.1446
MPSORL iteration: 650/1000 - Best fitness: 12544.9584
MPSORL iteration: 700/1000 - Best fitness: 12373.9316
MPSORL iteration: 650/1000 - Best fitness: 12356.0772
MPSORL iteration: 700/1000 - Best fitness: 12267.604
PSO-LDIW iteration: 550/1000 - Best fitness: 12406.4136 - w=0.625, c1=1.5, c2=1.5
MPSORL iteration: 750/1000 - Best fitness: 12556.3485
MPSORL iteration: 700/1000 - Best fitness: 12278.5442
MPSORL iteration: 650/1000 - Best fitness: 12508.0383
      [Iter  50] Action stats: mean=-0.1672±0.4183 [-0.6693-0.6229]
MPSORL iteration: 750/1000 - Best fitness: 12214.8019
  [Iter  50/1000] Best: 12858.4473 | Alpha: 0.2000
MPSORL iteration: 1000/1000 - Best fitness: 12147.3694
MPSORL completed with final fitness: 12147.3694

========== Planning Complete ==========
Algorithm: MPSORL
Execution time: 167.6234 seconds
Path length: 363.5363 units
Waypoints: 7
Best fitness: 12147.3694
========================================


========== Direct Global Planning ==========
Algorithm: RRSACPSO
Start: [0.0, 0.0, 10.0]
Goal:  [200.0, 200.0, 10.0]
============================================


╔══════════════════════════════════════════════════════════╗
║              RRSACPSO Global Path Planning              ║
╚══════════════════════════════════════════════════════════╝

MPSORL iteration: 800/1000 - Best fitness: 12355.6229

[Episode 1/1] Starting training...
  Config: mode=online, episodes=1, iterations=1000, popSize=100
      [Iter 200] Action stats: mean=-0.0769±0.6878 [-0.9375-0.9344]
      [Iter 200] Fitness: current=12592.4255, best=12592.4255, diversity=11.807435
      [Iter 200] Reward: -1.0000
MPSORL iteration: 750/1000 - Best fitness: 12481.0998
MPSORL iteration: 800/1000 - Best fitness: 12490.1446
MPSORL iteration: 700/1000 - Best fitness: 12544.6921
MPSORL iteration: 750/1000 - Best fitness: 12373.9264
  [Iter 200/1000] Best: 12592.4255 | Alpha: 0.1957
MPSORL iteration: 700/1000 - Best fitness: 12352.9811
PSO-LDIW iteration: 400/1000 - Best fitness: 12266.3274 - w=0.7, c1=1.5, c2=1.5
PSO-LDIW iteration: 1000/1000 - Best fitness: 12239.3735 - w=0.4, c1=1.5, c2=1.5

========== Planning Complete ==========
Algorithm: PSO_LDIW
Execution time: 926.6270 seconds
Path length: 309.4085 units
Waypoints: 7
Best fitness: 12239.3735
========================================


========== Direct Global Planning ==========
Algorithm: FIPS
Start: [0.0, 0.0, 10.0]
Goal:  [200.0, 200.0, 10.0]
============================================

Starting FIPS (Fully Informed PSO) path planning...
MPSORL iteration: 750/1000 - Best fitness: 12267.5636
Number of Initial feasible particles: 0/100
MPSORL iteration: 800/1000 - Best fitness: 12556.3484
MPSORL iteration: 750/1000 - Best fitness: 12274.4888
MPSORL iteration: 700/1000 - Best fitness: 12507.8958
MPSORL iteration: 800/1000 - Best fitness: 12214.5378
      [Iter 100] Action stats: mean=0.1408±0.5576 [-0.8933-0.7015]
      [Iter 100] Fitness: current=12779.7634, best=12779.7634, diversity=13.128888
      [Iter 100] Reward: 1.0000
  [Iter 100/1000] Best: 12779.7634 | Alpha: 0.2000
MPSORL iteration: 850/1000 - Best fitness: 12355.4738
      [Iter  50] Action stats: mean=0.0011±0.5806 [-0.7983-0.8536]
MPSORL iteration: 800/1000 - Best fitness: 12481.0522
MPSORL iteration: 750/1000 - Best fitness: 12544.6757
  [Iter  50/1000] Best: 12686.8185 | Alpha: 0.2000
MPSORL iteration: 800/1000 - Best fitness: 12373.8312
MPSORL iteration: 850/1000 - Best fitness: 12490.1446
MPSORL iteration: 750/1000 - Best fitness: 12352.9347
MPSORL iteration: 800/1000 - Best fitness: 12267.5582
PSO-LDIW iteration: 900/1000 - Best fitness: 12518.2279 - w=0.45, c1=1.5, c2=1.5
MPSORL iteration: 850/1000 - Best fitness: 12556.3449
MPSORL iteration: 800/1000 - Best fitness: 12274.1531
MPSORL iteration: 750/1000 - Best fitness: 12507.8933
MPSORL iteration: 850/1000 - Best fitness: 12213.37
PSO-LDIW iteration: 900/1000 - Best fitness: 12207.7497 - w=0.45, c1=1.5, c2=1.5
PSO-LDIW iteration: 750/1000 - Best fitness: 12597.6739 - w=0.525, c1=1.5, c2=1.5
MPSORL iteration: 900/1000 - Best fitness: 12348.2754
      [Iter 250] Action stats: mean=-0.0180±0.7973 [-0.9305-0.9693]
  [Iter 250/1000] Best: 12582.6176 | Alpha: 0.1928
PSO-LDIW iteration: 900/1000 - Best fitness: 12308.8574 - w=0.45, c1=1.5, c2=1.5
PSO-LDIW iteration: 600/1000 - Best fitness: 12550.5406 - w=0.6, c1=1.5, c2=1.5
MPSORL iteration: 850/1000 - Best fitness: 12480.6488
MPSORL iteration: 900/1000 - Best fitness: 12490.1446
MPSORL iteration: 800/1000 - Best fitness: 12544.675
MPSORL iteration: 850/1000 - Best fitness: 12373.83
MPSORL iteration: 800/1000 - Best fitness: 12352.8899
      [Iter 100] Action stats: mean=0.2444±0.7325 [-0.9734-0.9930]
      [Iter 100] Fitness: current=12566.0998, best=12566.0998, diversity=13.286554
      [Iter 100] Reward: -1.0000
  [Iter 100/1000] Best: 12566.0998 | Alpha: 0.2000
MPSORL iteration: 850/1000 - Best fitness: 12267.554
      [Iter 150] Action stats: mean=-0.2863±0.6845 [-0.9751-0.9241]
  [Iter 150/1000] Best: 12754.3546 | Alpha: 0.1986
MPSORL iteration: 900/1000 - Best fitness: 12556.3415
MPSORL iteration: 850/1000 - Best fitness: 12274.1416
MPSORL iteration: 800/1000 - Best fitness: 12507.8933
FIPS iteration: 200/1000 - Best fitness: 13387.6244
MPSORL iteration: 900/1000 - Best fitness: 12212.332
MPSORL iteration: 950/1000 - Best fitness: 12348.1591
MPSORL iteration: 900/1000 - Best fitness: 12479.9452
MPSORL iteration: 950/1000 - Best fitness: 12490.0836
MPSORL iteration: 850/1000 - Best fitness: 12352.6452
MPSORL iteration: 850/1000 - Best fitness: 12544.5714
MPSORL iteration: 900/1000 - Best fitness: 12373.8294
FIPS iteration: 650/1000 - Best fitness: 12833.7912
MPSORL iteration: 900/1000 - Best fitness: 12264.7017
      [Iter 300] Action stats: mean=-0.0854±0.5237 [-0.7574-0.9466]
      [Iter 300] Fitness: current=12558.5230, best=12558.5230, diversity=7.312267
      [Iter 300] Reward: -1.0000
MPSORL iteration: 850/1000 - Best fitness: 12507.8833
MPSORL iteration: 950/1000 - Best fitness: 12556.3347
MPSORL iteration: 900/1000 - Best fitness: 12274.1337
  [Iter 300/1000] Best: 12558.5230 | Alpha: 0.1899
MPSORL iteration: 950/1000 - Best fitness: 12212.2533
      [Iter 150] Action stats: mean=0.0199±0.6855 [-0.8108-0.9270]
  [Iter 150/1000] Best: 12416.8875 | Alpha: 0.1986
MPSORL iteration: 1000/1000 - Best fitness: 12348.1532
MPSORL completed with final fitness: 12348.1532

========== Planning Complete ==========
Algorithm: MPSORL
Execution time: 168.0389 seconds
Path length: 301.6754 units
Waypoints: 7
Best fitness: 12348.1532
========================================


========== Direct Global Planning ==========
Algorithm: RRSACPSO
Start: [0.0, 0.0, 10.0]
Goal:  [200.0, 200.0, 10.0]
============================================


╔══════════════════════════════════════════════════════════╗
║              RRSACPSO Global Path Planning              ║
╚══════════════════════════════════════════════════════════╝


[Episode 1/1] Starting training...
  Config: mode=online, episodes=1, iterations=1000, popSize=100
MPSORL iteration: 950/1000 - Best fitness: 12478.7808
MPSORL iteration: 1000/1000 - Best fitness: 12487.0603
MPSORL completed with final fitness: 12487.0603

========== Planning Complete ==========
Algorithm: MPSORL
Execution time: 168.1173 seconds
Path length: 337.8515 units
Waypoints: 7
Best fitness: 12487.0603
========================================


========== Direct Global Planning ==========
Algorithm: RRSACPSO
Start: [0.0, 0.0, 10.0]
Goal:  [200.0, 200.0, 10.0]
============================================

MPSORL iteration: 900/1000 - Best fitness: 12352.0424

╔══════════════════════════════════════════════════════════╗
║              RRSACPSO Global Path Planning              ║
╚══════════════════════════════════════════════════════════╝

MPSORL iteration: 900/1000 - Best fitness: 12544.5695
MPSORL iteration: 950/1000 - Best fitness: 12373.8293

[Episode 1/1] Starting training...
  Config: mode=online, episodes=1, iterations=1000, popSize=100
      [Iter 200] Action stats: mean=-0.0805±0.5429 [-0.7007-0.7562]
      [Iter 200] Fitness: current=12711.6045, best=12711.6045, diversity=11.356263
      [Iter 200] Reward: -1.0000
  [Iter 200/1000] Best: 12711.6045 | Alpha: 0.1957
MPSORL iteration: 950/1000 - Best fitness: 12244.2088
FIPS iteration: 500/1000 - Best fitness: 12796.4659
MPSORL iteration: 1000/1000 - Best fitness: 12556.3347
MPSORL completed with final fitness: 12556.3347

========== Planning Complete ==========
Algorithm: MPSORL
Execution time: 168.8170 seconds
Path length: 296.3406 units
Waypoints: 7
Best fitness: 12556.3347
========================================


========== Direct Global Planning ==========
Algorithm: RRSACPSO
Start: [0.0, 0.0, 10.0]
Goal:  [200.0, 200.0, 10.0]
============================================


╔══════════════════════════════════════════════════════════╗
║              RRSACPSO Global Path Planning              ║
╚══════════════════════════════════════════════════════════╝

MPSORL iteration: 950/1000 - Best fitness: 12274.1321
MPSORL iteration: 900/1000 - Best fitness: 12507.8811
PSO-LDIW iteration: 1000/1000 - Best fitness: 12574.2037 - w=0.4, c1=1.5, c2=1.5

========== Planning Complete ==========
Algorithm: PSO_LDIW
Execution time: 1608.2924 seconds
Path length: 292.6185 units
Waypoints: 7
Best fitness: 12574.2037
========================================


========== Direct Global Planning ==========
Algorithm: FIPS
Start: [0.0, 0.0, 10.0]
Goal:  [200.0, 200.0, 10.0]
============================================

Starting FIPS (Fully Informed PSO) path planning...

[Episode 1/1] Starting training...
  Config: mode=online, episodes=1, iterations=1000, popSize=100
MPSORL iteration: 1000/1000 - Best fitness: 12210.7965
MPSORL completed with final fitness: 12210.7965

========== Planning Complete ==========
Algorithm: MPSORL
Execution time: 169.3300 seconds
Path length: 344.2348 units
Waypoints: 7
Best fitness: 12210.7965
========================================


========== Direct Global Planning ==========
Algorithm: RRSACPSO
Start: [0.0, 0.0, 10.0]
Goal:  [200.0, 200.0, 10.0]
============================================


╔══════════════════════════════════════════════════════════╗
║              RRSACPSO Global Path Planning              ║
╚══════════════════════════════════════════════════════════╝

PSO-LDIW iteration: 400/1000 - Best fitness: 12366.3315 - w=0.7, c1=1.5, c2=1.5
PSO-LDIW iteration: 950/1000 - Best fitness: 12518.2277 - w=0.425, c1=1.5, c2=1.5
Number of Initial feasible particles: 0/100

[Episode 1/1] Starting training...
  Config: mode=online, episodes=1, iterations=1000, popSize=100
      [Iter  50] Action stats: mean=-0.1536±0.5342 [-0.8454-0.9122]
MPSORL iteration: 1000/1000 - Best fitness: 12478.7392
MPSORL completed with final fitness: 12478.7392

========== Planning Complete ==========
Algorithm: MPSORL
Execution time: 168.8851 seconds
Path length: 291.9810 units
Waypoints: 7
Best fitness: 12478.7392
========================================


========== Direct Global Planning ==========
Algorithm: RRSACPSO
Start: [0.0, 0.0, 10.0]
Goal:  [200.0, 200.0, 10.0]
============================================


╔══════════════════════════════════════════════════════════╗
║              RRSACPSO Global Path Planning              ║
╚══════════════════════════════════════════════════════════╝

  [Iter  50/1000] Best: 13053.9507 | Alpha: 0.2000
MPSORL iteration: 1000/1000 - Best fitness: 12373.8292
MPSORL completed with final fitness: 12373.8292

========== Planning Complete ==========
Algorithm: MPSORL
Execution time: 170.5718 seconds
Path length: 314.6738 units
Waypoints: 7
Best fitness: 12373.8292
========================================


========== Direct Global Planning ==========
Algorithm: RRSACPSO
Start: [0.0, 0.0, 10.0]
Goal:  [200.0, 200.0, 10.0]
============================================


╔══════════════════════════════════════════════════════════╗
║              RRSACPSO Global Path Planning              ║
╚══════════════════════════════════════════════════════════╝

MPSORL iteration: 950/1000 - Best fitness: 12544.5054
MPSORL iteration: 950/1000 - Best fitness: 12349.2093

[Episode 1/1] Starting training...
  Config: mode=online, episodes=1, iterations=1000, popSize=100
PSO-LDIW iteration: 850/1000 - Best fitness: 12293.8081 - w=0.475, c1=1.5, c2=1.5

[Episode 1/1] Starting training...
  Config: mode=online, episodes=1, iterations=1000, popSize=100
      [Iter  50] Action stats: mean=0.1282±0.8116 [-0.9397-0.9986]
  [Iter  50/1000] Best: 13062.7335 | Alpha: 0.2000
      [Iter 350] Action stats: mean=0.1070±0.6613 [-0.6655-0.9295]
  [Iter 350/1000] Best: 12535.9166 | Alpha: 0.1871
MPSORL iteration: 1000/1000 - Best fitness: 12240.4572
MPSORL completed with final fitness: 12240.4572

========== Planning Complete ==========
Algorithm: MPSORL
Execution time: 169.7495 seconds
Path length: 288.7634 units
Waypoints: 7
Best fitness: 12240.4572
========================================


========== Direct Global Planning ==========
Algorithm: RRSACPSO
Start: [0.0, 0.0, 10.0]
Goal:  [200.0, 200.0, 10.0]
============================================


╔══════════════════════════════════════════════════════════╗
║              RRSACPSO Global Path Planning              ║
╚══════════════════════════════════════════════════════════╝


[Episode 1/1] Starting training...
  Config: mode=online, episodes=1, iterations=1000, popSize=100
      [Iter 200] Action stats: mean=0.0355±0.7688 [-0.7445-0.9888]
      [Iter 200] Fitness: current=12391.7342, best=12391.7342, diversity=9.954843
      [Iter 200] Reward: 1.0000
  [Iter 200/1000] Best: 12391.7342 | Alpha: 0.1957
MPSORL iteration: 950/1000 - Best fitness: 12507.8809
MPSORL iteration: 1000/1000 - Best fitness: 12274.1307
MPSORL completed with final fitness: 12274.1307

========== Planning Complete ==========
Algorithm: MPSORL
Execution time: 172.8886 seconds
Path length: 345.1209 units
Waypoints: 7
Best fitness: 12274.1307
========================================


========== Direct Global Planning ==========
Algorithm: RRSACPSO
Start: [0.0, 0.0, 10.0]
Goal:  [200.0, 200.0, 10.0]
============================================


╔══════════════════════════════════════════════════════════╗
║              RRSACPSO Global Path Planning              ║
╚══════════════════════════════════════════════════════════╝

      [Iter  50] Action stats: mean=0.0085±0.7438 [-0.9922-0.9434]

[Episode 1/1] Starting training...
  Config: mode=online, episodes=1, iterations=1000, popSize=100
  [Iter  50/1000] Best: 12684.0444 | Alpha: 0.2000
      [Iter  50] Action stats: mean=-0.1815±0.7585 [-0.7908-0.8868]
  [Iter  50/1000] Best: 13112.1202 | Alpha: 0.2000
      [Iter 250] Action stats: mean=0.3889±0.5906 [-0.9098-0.8629]
  [Iter 250/1000] Best: 12680.1339 | Alpha: 0.1928
      [Iter 100] Action stats: mean=-0.3176±0.6510 [-0.9621-0.6690]
      [Iter 100] Fitness: current=12957.2699, best=12957.2699, diversity=12.173010
      [Iter 100] Reward: -1.0000
  [Iter 100/1000] Best: 12957.2699 | Alpha: 0.2000
MPSORL iteration: 1000/1000 - Best fitness: 12544.5051
MPSORL completed with final fitness: 12544.5051

========== Planning Complete ==========
Algorithm: MPSORL
Execution time: 173.6174 seconds
Path length: 298.2516 units
Waypoints: 7
Best fitness: 12544.5051
========================================


========== Direct Global Planning ==========
Algorithm: RRSACPSO
Start: [0.0, 0.0, 10.0]
Goal:  [200.0, 200.0, 10.0]
============================================


╔══════════════════════════════════════════════════════════╗
║              RRSACPSO Global Path Planning              ║
╚══════════════════════════════════════════════════════════╝

MPSORL iteration: 1000/1000 - Best fitness: 12346.1114
MPSORL completed with final fitness: 12346.1114

========== Planning Complete ==========
Algorithm: MPSORL
Execution time: 174.0389 seconds
Path length: 308.0341 units
Waypoints: 7
Best fitness: 12346.1114
========================================


========== Direct Global Planning ==========
Algorithm: RRSACPSO
Start: [0.0, 0.0, 10.0]
Goal:  [200.0, 200.0, 10.0]
============================================


╔══════════════════════════════════════════════════════════╗
║              RRSACPSO Global Path Planning              ║
╚══════════════════════════════════════════════════════════╝

      [Iter  50] Action stats: mean=0.1099±0.7729 [-0.9560-0.9793]

[Episode 1/1] Starting training...
  Config: mode=online, episodes=1, iterations=1000, popSize=100
  [Iter  50/1000] Best: 12798.7310 | Alpha: 0.2000
      [Iter  50] Action stats: mean=-0.1793±0.7773 [-0.9843-0.9034]

[Episode 1/1] Starting training...
  Config: mode=online, episodes=1, iterations=1000, popSize=100
  [Iter  50/1000] Best: 13254.0923 | Alpha: 0.2000
      [Iter 100] Action stats: mean=-0.0397±0.7077 [-0.9582-0.9498]
      [Iter 100] Fitness: current=12866.8107, best=12866.8107, diversity=13.176152
      [Iter 100] Reward: -1.0000
  [Iter 100/1000] Best: 12866.8107 | Alpha: 0.2000
      [Iter  50] Action stats: mean=0.1180±0.7516 [-0.9970-0.7644]
  [Iter  50/1000] Best: 12953.7352 | Alpha: 0.2000
MPSORL iteration: 1000/1000 - Best fitness: 12507.8808
MPSORL completed with final fitness: 12507.8808

========== Planning Complete ==========
Algorithm: MPSORL
Execution time: 172.3167 seconds
Path length: 347.2287 units
Waypoints: 7
Best fitness: 12507.8808
========================================


========== Direct Global Planning ==========
Algorithm: RRSACPSO
Start: [0.0, 0.0, 10.0]
Goal:  [200.0, 200.0, 10.0]
============================================


╔══════════════════════════════════════════════════════════╗
║              RRSACPSO Global Path Planning              ║
╚══════════════════════════════════════════════════════════╝


[Episode 1/1] Starting training...
  Config: mode=online, episodes=1, iterations=1000, popSize=100
      [Iter  50] Action stats: mean=-0.0661±0.7269 [-0.9633-0.9870]
  [Iter  50/1000] Best: 12453.3256 | Alpha: 0.2000
      [Iter 100] Action stats: mean=-0.2595±0.7654 [-0.9892-0.9660]
      [Iter 100] Fitness: current=12645.2234, best=12645.2234, diversity=10.389318
      [Iter 100] Reward: -1.0000
  [Iter 100/1000] Best: 12645.2234 | Alpha: 0.2000
      [Iter 100] Action stats: mean=-0.1259±0.7619 [-0.9816-0.8860]
      [Iter 100] Fitness: current=12978.1164, best=12978.1164, diversity=11.121454
      [Iter 100] Reward: -1.0000
  [Iter 100/1000] Best: 12978.1164 | Alpha: 0.2000
      [Iter 400] Action stats: mean=-0.1710±0.6374 [-0.8809-0.8449]
      [Iter 400] Fitness: current=12513.2844, best=12513.2844, diversity=4.205935
      [Iter 400] Reward: -1.0000
PSO-LDIW iteration: 950/1000 - Best fitness: 12308.8571 - w=0.425, c1=1.5, c2=1.5
  [Iter 400/1000] Best: 12513.2844 | Alpha: 0.1843
      [Iter  50] Action stats: mean=-0.0401±0.6276 [-0.8649-0.8793]
      [Iter 100] Action stats: mean=0.1940±0.7635 [-0.9338-0.9809]
  [Iter  50/1000] Best: 13326.2593 | Alpha: 0.2000
      [Iter 250] Action stats: mean=0.2564±0.6664 [-0.7360-0.9383]
      [Iter 100] Fitness: current=12741.8482, best=12741.8482, diversity=10.447732
      [Iter 100] Reward: -1.0000
  [Iter 100/1000] Best: 12741.8482 | Alpha: 0.2000
  [Iter 250/1000] Best: 12368.8196 | Alpha: 0.1927
      [Iter 100] Action stats: mean=-0.2611±0.7969 [-0.9961-0.8887]
      [Iter  50] Action stats: mean=0.1803±0.6501 [-0.9307-0.9325]
      [Iter 100] Fitness: current=13205.7127, best=13205.7127, diversity=15.646566
      [Iter 100] Reward: -1.0000
  [Iter 100/1000] Best: 13205.7127 | Alpha: 0.2000
  [Iter  50/1000] Best: 12895.6914 | Alpha: 0.2000
      [Iter 150] Action stats: mean=0.3088±0.4682 [-0.7940-0.7054]
      [Iter 100] Action stats: mean=0.2336±0.6996 [-0.9848-0.9503]
  [Iter 150/1000] Best: 12907.3757 | Alpha: 0.1986
      [Iter 100] Fitness: current=12818.6538, best=12818.6538, diversity=8.845757
      [Iter 100] Reward: -1.0000
  [Iter 100/1000] Best: 12818.6538 | Alpha: 0.2000
      [Iter 300] Action stats: mean=0.1416±0.6733 [-0.9593-0.9805]
      [Iter 300] Fitness: current=12660.6683, best=12660.6683, diversity=7.844344
      [Iter 300] Reward: -1.0000
  [Iter 300/1000] Best: 12660.6683 | Alpha: 0.1899
      [Iter  50] Action stats: mean=-0.1306±0.6813 [-0.9287-0.9491]
  [Iter  50/1000] Best: 12872.2256 | Alpha: 0.2000
      [Iter 100] Action stats: mean=-0.2241±0.6221 [-0.9683-0.6726]
      [Iter 100] Fitness: current=12443.7172, best=12443.7172, diversity=8.973702
      [Iter 100] Reward: -1.0000
  [Iter 100/1000] Best: 12443.7172 | Alpha: 0.2000
      [Iter 150] Action stats: mean=0.0177±0.6807 [-0.9806-0.9237]
PSO-LDIW iteration: 450/1000 - Best fitness: 12235.7301 - w=0.675, c1=1.5, c2=1.5
PSO-LDIW iteration: 1000/1000 - Best fitness: 12518.2276 - w=0.4, c1=1.5, c2=1.5

========== Planning Complete ==========
Algorithm: PSO_LDIW
Execution time: 819.9000 seconds
Path length: 287.5672 units
Waypoints: 7
Best fitness: 12518.2276
========================================


========== Direct Global Planning ==========
Algorithm: FIPS
Start: [0.0, 0.0, 10.0]
Goal:  [200.0, 200.0, 10.0]
============================================

Starting FIPS (Fully Informed PSO) path planning...
  [Iter 150/1000] Best: 12711.8170 | Alpha: 0.1986
Number of Initial feasible particles: 0/100
      [Iter 100] Action stats: mean=-0.0455±0.7545 [-0.9293-0.9327]
      [Iter 100] Fitness: current=12941.4242, best=12941.4242, diversity=9.150402
      [Iter 100] Reward: 1.0000
  [Iter 100/1000] Best: 12941.4242 | Alpha: 0.2000
      [Iter 150] Action stats: mean=-0.4469±0.7393 [-0.9861-0.9627]
      [Iter 100] Action stats: mean=0.3472±0.4766 [-0.5170-0.8210]
  [Iter 150/1000] Best: 12548.9507 | Alpha: 0.1986
      [Iter 100] Fitness: current=12706.1364, best=12706.1364, diversity=11.917700
      [Iter 100] Reward: -1.0000
  [Iter 100/1000] Best: 12706.1364 | Alpha: 0.2000
      [Iter 150] Action stats: mean=0.2936±0.5660 [-0.4491-0.9165]
  [Iter 150/1000] Best: 12856.5033 | Alpha: 0.1986
      [Iter 100] Action stats: mean=0.1550±0.7016 [-0.7638-0.9073]
      [Iter 100] Fitness: current=12841.5108, best=12841.5108, diversity=9.420293
      [Iter 100] Reward: -1.0000
  [Iter 100/1000] Best: 12841.5108 | Alpha: 0.2000
      [Iter 450] Action stats: mean=-0.2541±0.4323 [-0.8690-0.5068]
      [Iter 150] Action stats: mean=-0.0010±0.6344 [-0.8263-0.9660]
  [Iter 450/1000] Best: 12440.2123 | Alpha: 0.1815
  [Iter 150/1000] Best: 12713.5254 | Alpha: 0.1986
      [Iter 150] Action stats: mean=0.2149±0.8196 [-0.9300-0.9897]
  [Iter 150/1000] Best: 13112.7032 | Alpha: 0.1986
      [Iter 300] Action stats: mean=0.0832±0.7778 [-0.9336-0.8573]
      [Iter 300] Fitness: current=12360.2719, best=12360.2719, diversity=9.014150
      [Iter 300] Reward: 1.0000
  [Iter 300/1000] Best: 12360.2719 | Alpha: 0.1899
      [Iter 150] Action stats: mean=-0.4605±0.5612 [-0.9254-0.7273]
  [Iter 150/1000] Best: 12759.1700 | Alpha: 0.1986
      [Iter 150] Action stats: mean=-0.0980±0.6071 [-0.9536-0.7412]
  [Iter 150/1000] Best: 12389.5833 | Alpha: 0.1986
      [Iter 200] Action stats: mean=0.0265±0.6661 [-0.8827-0.8896]
      [Iter 200] Fitness: current=12903.4131, best=12903.4131, diversity=11.822096
      [Iter 200] Reward: -1.0000
      [Iter 350] Action stats: mean=-0.0317±0.7440 [-0.9994-0.9810]
  [Iter 200/1000] Best: 12903.4131 | Alpha: 0.1957
  [Iter 350/1000] Best: 12656.4906 | Alpha: 0.1871
FIPS iteration: 50/1000 - Best fitness: 13990.8912
FIPS iteration: 700/1000 - Best fitness: 12739.7514
      [Iter 200] Action stats: mean=-0.1828±0.6507 [-0.9492-0.8374]
      [Iter 200] Fitness: current=12446.4030, best=12446.4030, diversity=10.853742
      [Iter 200] Reward: 1.0000
  [Iter 200/1000] Best: 12446.4030 | Alpha: 0.1957
      [Iter 150] Action stats: mean=0.0981±0.6592 [-0.9044-0.9238]
  [Iter 150/1000] Best: 12772.5776 | Alpha: 0.1986
      [Iter 150] Action stats: mean=-0.0916±0.6207 [-0.9350-0.9743]
  [Iter 150/1000] Best: 12589.5004 | Alpha: 0.1986
      [Iter 200] Action stats: mean=-0.1910±0.7838 [-0.9615-0.9261]
      [Iter 200] Fitness: current=12418.4270, best=12418.4270, diversity=8.264150
      [Iter 200] Reward: -1.0000
  [Iter 200/1000] Best: 12418.4270 | Alpha: 0.1957
      [Iter 200] Action stats: mean=0.0650±0.7152 [-0.8233-0.9585]
      [Iter 200] Fitness: current=12754.8964, best=12754.8964, diversity=10.660370
      [Iter 200] Reward: 1.0000
      [Iter 150] Action stats: mean=0.2157±0.6278 [-0.5806-0.9817]
  [Iter 200/1000] Best: 12754.8964 | Alpha: 0.1957
  [Iter 150/1000] Best: 12705.6278 | Alpha: 0.1986
PSO-LDIW iteration: 600/1000 - Best fitness: 12405.8169 - w=0.6, c1=1.5, c2=1.5
FIPS iteration: 550/1000 - Best fitness: 12777.3164
      [Iter 500] Action stats: mean=-0.1252±0.5892 [-0.8293-0.4975]
      [Iter 500] Fitness: current=12356.9607, best=12356.9607, diversity=3.451522
      [Iter 500] Reward: 1.0000
  [Iter 500/1000] Best: 12356.9607 | Alpha: 0.1788
      [Iter 200] Action stats: mean=0.1393±0.5980 [-0.9699-0.8619]
      [Iter 200] Fitness: current=12687.7976, best=12687.7976, diversity=11.132994
      [Iter 200] Reward: -1.0000
  [Iter 200/1000] Best: 12687.7976 | Alpha: 0.1957
      [Iter 350] Action stats: mean=0.1239±0.7181 [-0.9238-0.9076]
      [Iter 200] Action stats: mean=-0.0543±0.6305 [-0.8491-0.9487]
      [Iter 200] Fitness: current=12725.5020, best=12725.5020, diversity=10.463651
      [Iter 200] Reward: -1.0000
  [Iter 350/1000] Best: 12359.9265 | Alpha: 0.1871
  [Iter 200/1000] Best: 12725.5020 | Alpha: 0.1957
FIPS iteration: 250/1000 - Best fitness: 13347.0333
      [Iter 200] Action stats: mean=0.3070±0.8791 [-0.9736-0.9617]
      [Iter 200] Fitness: current=12755.6837, best=12755.6837, diversity=7.968754
      [Iter 200] Reward: -1.0000
  [Iter 200/1000] Best: 12755.6837 | Alpha: 0.1957
      [Iter 400] Action stats: mean=0.1204±0.5936 [-0.8361-0.8514]
      [Iter 400] Fitness: current=12651.1197, best=12651.1197, diversity=7.539932
      [Iter 400] Reward: 1.0000
      [Iter 250] Action stats: mean=0.0720±0.6264 [-0.8804-0.8345]
      [Iter 200] Action stats: mean=-0.2681±0.4009 [-0.9316-0.5461]
  [Iter 400/1000] Best: 12651.1197 | Alpha: 0.1843
  [Iter 250/1000] Best: 12903.4131 | Alpha: 0.1928
      [Iter 200] Fitness: current=12335.5949, best=12335.5949, diversity=7.939315
      [Iter 200] Reward: -1.0000
  [Iter 200/1000] Best: 12335.5949 | Alpha: 0.1957
      [Iter 250] Action stats: mean=0.4480±0.4777 [-0.6000-0.9496]
  [Iter 250/1000] Best: 12344.5066 | Alpha: 0.1928
PSO-LDIW iteration: 450/1000 - Best fitness: 12366.1666 - w=0.675, c1=1.5, c2=1.5
      [Iter 200] Action stats: mean=-0.2083±0.6797 [-0.9243-0.7843]
      [Iter 200] Fitness: current=12733.3814, best=12733.3814, diversity=7.638502
      [Iter 200] Reward: -1.0000
  [Iter 200/1000] Best: 12733.3814 | Alpha: 0.1957
      [Iter 200] Action stats: mean=0.1811±0.3667 [-0.5108-0.6356]
      [Iter 200] Fitness: current=12468.8899, best=12468.8899, diversity=13.597336
      [Iter 200] Reward: -1.0000
      [Iter 250] Action stats: mean=0.1310±0.7338 [-0.9606-0.9626]
  [Iter 200/1000] Best: 12468.8899 | Alpha: 0.1957
  [Iter 250/1000] Best: 12230.6307 | Alpha: 0.1928
      [Iter 250] Action stats: mean=0.1439±0.6808 [-0.8208-0.9033]
  [Iter 250/1000] Best: 12692.8731 | Alpha: 0.1928
PSO-LDIW iteration: 950/1000 - Best fitness: 12207.7497 - w=0.425, c1=1.5, c2=1.5
PSO-LDIW iteration: 1000/1000 - Best fitness: 12308.8571 - w=0.4, c1=1.5, c2=1.5

========== Planning Complete ==========
Algorithm: PSO_LDIW
Execution time: 1026.0817 seconds
Path length: 292.4141 units
Waypoints: 7
Best fitness: 12308.8571
========================================


========== Direct Global Planning ==========
Algorithm: FIPS
Start: [0.0, 0.0, 10.0]
Goal:  [200.0, 200.0, 10.0]
============================================

Starting FIPS (Fully Informed PSO) path planning...
      [Iter 200] Action stats: mean=-0.1455±0.6962 [-0.9590-0.7247]
      [Iter 200] Fitness: current=12705.6278, best=12705.6278, diversity=8.939037
      [Iter 200] Reward: -1.0000
      [Iter 550] Action stats: mean=-0.0151±0.5046 [-0.6380-0.9124]
  [Iter 550/1000] Best: 12321.7382 | Alpha: 0.1762
  [Iter 200/1000] Best: 12705.6278 | Alpha: 0.1957
Number of Initial feasible particles: 0/100
      [Iter 250] Action stats: mean=-0.1181±0.4660 [-0.7589-0.6342]
  [Iter 250/1000] Best: 12650.9508 | Alpha: 0.1928
      [Iter 400] Action stats: mean=0.3056±0.7550 [-0.9661-0.8459]
      [Iter 400] Fitness: current=12359.9265, best=12359.9265, diversity=8.235036
      [Iter 400] Reward: 1.0000
  [Iter 400/1000] Best: 12359.9265 | Alpha: 0.1843
      [Iter 250] Action stats: mean=0.3626±0.5214 [-0.4704-0.9895]
  [Iter 250/1000] Best: 12617.5486 | Alpha: 0.1928
      [Iter 250] Action stats: mean=-0.0311±0.6786 [-0.8833-0.9736]
      [Iter 450] Action stats: mean=0.0166±0.7404 [-0.8685-0.9891]
  [Iter 250/1000] Best: 12733.2290 | Alpha: 0.1928
      [Iter 250] Action stats: mean=-0.0414±0.7229 [-0.9431-0.9266]
  [Iter 450/1000] Best: 12650.3130 | Alpha: 0.1815
PSO-LDIW iteration: 800/1000 - Best fitness: 12597.5335 - w=0.5, c1=1.5, c2=1.5
      [Iter 300] Action stats: mean=-0.1895±0.6630 [-0.9934-0.9741]
      [Iter 300] Fitness: current=12830.2833, best=12830.2833, diversity=10.903939
      [Iter 300] Reward: -1.0000
  [Iter 250/1000] Best: 12266.1417 | Alpha: 0.1928
PSO-LDIW iteration: 650/1000 - Best fitness: 12550.0986 - w=0.575, c1=1.5, c2=1.5
  [Iter 300/1000] Best: 12830.2833 | Alpha: 0.1899
      [Iter 300] Action stats: mean=0.2144±0.7671 [-0.8045-0.9511]
      [Iter 300] Fitness: current=12344.4987, best=12344.4987, diversity=8.233311
      [Iter 300] Reward: 1.0000
  [Iter 300/1000] Best: 12344.4987 | Alpha: 0.1899
PSO-LDIW iteration: 900/1000 - Best fitness: 12293.7955 - w=0.45, c1=1.5, c2=1.5
      [Iter 250] Action stats: mean=0.2995±0.6505 [-0.8059-0.9722]
PSO-LDIW iteration: 500/1000 - Best fitness: 12221.2726 - w=0.65, c1=1.5, c2=1.5
  [Iter 250/1000] Best: 12688.9938 | Alpha: 0.1928
      [Iter 300] Action stats: mean=-0.2521±0.6194 [-0.8258-0.8998]
      [Iter 250] Action stats: mean=-0.3456±0.3933 [-0.7742-0.3249]
      [Iter 300] Fitness: current=12190.7475, best=12190.7475, diversity=5.407708
      [Iter 300] Reward: -1.0000
  [Iter 300/1000] Best: 12190.7475 | Alpha: 0.1899
  [Iter 250/1000] Best: 12337.0832 | Alpha: 0.1928
FIPS iteration: 50/1000 - Best fitness: 13451.2825
      [Iter 300] Action stats: mean=-0.1488±0.3874 [-0.6945-0.5293]
      [Iter 300] Fitness: current=12666.8136, best=12666.8136, diversity=7.439809
      [Iter 300] Reward: -1.0000
  [Iter 300/1000] Best: 12666.8136 | Alpha: 0.1899
      [Iter 250] Action stats: mean=0.0565±0.5187 [-0.6080-0.9537]
      [Iter 600] Action stats: mean=-0.0533±0.5162 [-0.7899-0.8678]
      [Iter 600] Fitness: current=12305.0553, best=12305.0553, diversity=2.363211
      [Iter 600] Reward: 1.0000
  [Iter 600/1000] Best: 12305.0553 | Alpha: 0.1735
  [Iter 250/1000] Best: 12652.4291 | Alpha: 0.1928
      [Iter 300] Action stats: mean=-0.1996±0.6118 [-0.8886-0.7400]
      [Iter 300] Fitness: current=12603.2926, best=12603.2926, diversity=8.615517
      [Iter 300] Reward: -1.0000
      [Iter 450] Action stats: mean=0.0214±0.5824 [-0.7906-0.9048]
  [Iter 450/1000] Best: 12359.9265 | Alpha: 0.1815
  [Iter 300/1000] Best: 12603.2926 | Alpha: 0.1899
      [Iter 300] Action stats: mean=-0.0948±0.8152 [-0.9389-0.9955]
      [Iter 300] Fitness: current=12564.7173, best=12564.7173, diversity=6.068407
      [Iter 300] Reward: -1.0000
  [Iter 300/1000] Best: 12564.7173 | Alpha: 0.1899
      [Iter 500] Action stats: mean=0.1513±0.7497 [-0.8664-0.9659]
      [Iter 300] Action stats: mean=0.1445±0.6339 [-0.9211-0.9135]
      [Iter 300] Fitness: current=12706.5990, best=12706.5990, diversity=7.459173
      [Iter 300] Reward: -1.0000
      [Iter 300] Action stats: mean=0.1199±0.7386 [-0.9639-0.8237]
      [Iter 500] Fitness: current=12649.4773, best=12649.4773, diversity=5.407491
      [Iter 500] Reward: 1.0000
  [Iter 500/1000] Best: 12649.4773 | Alpha: 0.1788
  [Iter 300/1000] Best: 12706.5990 | Alpha: 0.1899
      [Iter 300] Fitness: current=12256.7370, best=12256.7370, diversity=6.083008
      [Iter 300] Reward: -1.0000
  [Iter 300/1000] Best: 12256.7370 | Alpha: 0.1899
      [Iter 350] Action stats: mean=0.1056±0.4520 [-0.5051-0.8780]
  [Iter 350/1000] Best: 12821.8282 | Alpha: 0.1871
      [Iter 350] Action stats: mean=0.1187±0.7367 [-0.8951-0.8921]
  [Iter 350/1000] Best: 12344.4987 | Alpha: 0.1871
      [Iter 300] Action stats: mean=0.1968±0.6473 [-0.7982-0.8847]
      [Iter 300] Fitness: current=12661.3166, best=12661.3166, diversity=6.591755
      [Iter 300] Reward: -1.0000
  [Iter 300/1000] Best: 12661.3166 | Alpha: 0.1899
      [Iter 350] Action stats: mean=-0.1060±0.7538 [-0.9795-0.9937]
  [Iter 350/1000] Best: 12184.8599 | Alpha: 0.1871
      [Iter 300] Action stats: mean=0.0474±0.6219 [-0.9549-0.8119]
      [Iter 300] Fitness: current=12198.6092, best=12198.6092, diversity=9.140189
      [Iter 300] Reward: -1.0000
  [Iter 300/1000] Best: 12198.6092 | Alpha: 0.1899
      [Iter 350] Action stats: mean=0.0944±0.5493 [-0.8285-0.7850]
FIPS iteration: 750/1000 - Best fitness: 12620.4166
  [Iter 350/1000] Best: 12638.4648 | Alpha: 0.1871
      [Iter 650] Action stats: mean=-0.4208±0.5631 [-0.9412-0.9417]
      [Iter 300] Action stats: mean=0.2532±0.6314 [-0.6239-0.9036]
  [Iter 650/1000] Best: 12285.1634 | Alpha: 0.1710
      [Iter 300] Fitness: current=12552.8447, best=12552.8447, diversity=7.757737
      [Iter 300] Reward: -1.0000
  [Iter 300/1000] Best: 12552.8447 | Alpha: 0.1899
      [Iter 350] Action stats: mean=-0.1343±0.5422 [-0.9239-0.6637]
  [Iter 350/1000] Best: 12507.9897 | Alpha: 0.1871
      [Iter 500] Action stats: mean=0.0527±0.5828 [-0.9600-0.8786]
      [Iter 500] Fitness: current=12359.9265, best=12359.9265, diversity=6.150465
      [Iter 500] Reward: -1.0000
  [Iter 500/1000] Best: 12359.9265 | Alpha: 0.1788
      [Iter 350] Action stats: mean=0.2156±0.5988 [-0.7713-0.9799]
  [Iter 350/1000] Best: 12498.3653 | Alpha: 0.1871
      [Iter 350] Action stats: mean=-0.4454±0.5361 [-0.9959-0.4359]
      [Iter 550] Action stats: mean=0.3600±0.4249 [-0.3179-0.8107]
  [Iter 350/1000] Best: 12675.5970 | Alpha: 0.1871
      [Iter 350] Action stats: mean=0.0540±0.5542 [-0.8250-0.9230]
  [Iter 550/1000] Best: 12649.1826 | Alpha: 0.1762
      [Iter 400] Action stats: mean=0.3499±0.5946 [-0.5179-0.9519]
  [Iter 350/1000] Best: 12246.1122 | Alpha: 0.1871
FIPS iteration: 600/1000 - Best fitness: 12777.3164
      [Iter 400] Fitness: current=12724.6406, best=12724.6406, diversity=9.601371
      [Iter 400] Reward: 1.0000
  [Iter 400/1000] Best: 12724.6406 | Alpha: 0.1843
      [Iter 400] Action stats: mean=-0.4156±0.5970 [-0.8390-0.9445]
      [Iter 400] Fitness: current=12319.9307, best=12319.9307, diversity=6.767264
      [Iter 400] Reward: -1.0000
  [Iter 400/1000] Best: 12319.9307 | Alpha: 0.1843
FIPS iteration: 50/1000 - Best fitness: 13869.393
      [Iter 400] Action stats: mean=0.4184±0.4754 [-0.5317-0.8243]
      [Iter 350] Action stats: mean=0.4466±0.6762 [-0.7354-0.9654]
      [Iter 400] Fitness: current=12179.1188, best=12179.1188, diversity=5.010598
      [Iter 400] Reward: 1.0000
  [Iter 350/1000] Best: 12642.2762 | Alpha: 0.1871
  [Iter 400/1000] Best: 12179.1188 | Alpha: 0.1843
      [Iter 400] Action stats: mean=-0.0414±0.5989 [-0.8075-0.8195]
      [Iter 400] Fitness: current=12617.6409, best=12617.6409, diversity=4.820465
      [Iter 400] Reward: -1.0000
PSO-LDIW iteration: 500/1000 - Best fitness: 12366.0909 - w=0.65, c1=1.5, c2=1.5
      [Iter 350] Action stats: mean=-0.1156±0.6727 [-0.8597-0.9684]
  [Iter 400/1000] Best: 12617.6409 | Alpha: 0.1843
  [Iter 350/1000] Best: 12168.4466 | Alpha: 0.1871
      [Iter 700] Action stats: mean=-0.1922±0.6816 [-0.8475-0.7476]
      [Iter 700] Fitness: current=12271.1165, best=12271.1165, diversity=3.102009
      [Iter 700] Reward: -1.0000
  [Iter 700/1000] Best: 12271.1165 | Alpha: 0.1684
      [Iter 350] Action stats: mean=-0.3029±0.6127 [-0.9953-0.9394]
  [Iter 350/1000] Best: 12538.6242 | Alpha: 0.1871
      [Iter 400] Action stats: mean=0.1634±0.7386 [-0.9419-0.8579]
      [Iter 400] Fitness: current=12469.1452, best=12469.1452, diversity=7.361538
      [Iter 400] Reward: -1.0000
  [Iter 400/1000] Best: 12469.1452 | Alpha: 0.1843
PSO-LDIW iteration: 550/1000 - Best fitness: 12218.696 - w=0.625, c1=1.5, c2=1.5
      [Iter 550] Action stats: mean=0.1355±0.6775 [-0.7459-0.9531]
  [Iter 550/1000] Best: 12355.4978 | Alpha: 0.1762
      [Iter 400] Action stats: mean=0.0093±0.7810 [-0.9886-0.9751]
      [Iter 400] Fitness: current=12469.2162, best=12469.2162, diversity=6.031236
      [Iter 400] Reward: 1.0000
  [Iter 400/1000] Best: 12469.2162 | Alpha: 0.1843
      [Iter 400] Action stats: mean=0.0071±0.7792 [-0.9875-0.8436]
      [Iter 400] Fitness: current=12184.2709, best=12184.2709, diversity=6.025774
      [Iter 400] Reward: 1.0000
      [Iter 400] Action stats: mean=0.0635±0.6869 [-0.8238-0.8404]
      [Iter 400] Fitness: current=12516.4879, best=12516.4879, diversity=6.593794
      [Iter 400] Reward: -1.0000
  [Iter 400/1000] Best: 12184.2709 | Alpha: 0.1843
  [Iter 400/1000] Best: 12516.4879 | Alpha: 0.1843
      [Iter 450] Action stats: mean=0.0997±0.7633 [-0.8741-0.8981]
      [Iter 600] Action stats: mean=0.4999±0.3878 [-0.2010-0.9021]
      [Iter 600] Fitness: current=12649.1487, best=12649.1487, diversity=4.256208
      [Iter 600] Reward: -1.0000
  [Iter 450/1000] Best: 12655.4935 | Alpha: 0.1815
  [Iter 600/1000] Best: 12649.1487 | Alpha: 0.1735
      [Iter 450] Action stats: mean=-0.0610±0.6449 [-0.9890-0.7268]
FIPS iteration: 100/1000 - Best fitness: 13675.9726
  [Iter 450/1000] Best: 12265.5609 | Alpha: 0.1815
      [Iter 400] Action stats: mean=0.0335±0.5867 [-0.8761-0.6325]
      [Iter 400] Fitness: current=12636.9312, best=12636.9312, diversity=4.662841
      [Iter 400] Reward: 1.0000
      [Iter 450] Action stats: mean=0.4130±0.6098 [-0.9168-0.9415]
  [Iter 400/1000] Best: 12636.9312 | Alpha: 0.1843
FIPS iteration: 300/1000 - Best fitness: 13294.3036
  [Iter 450/1000] Best: 12178.7716 | Alpha: 0.1815
      [Iter 450] Action stats: mean=0.0686±0.5652 [-0.6838-0.9096]
  [Iter 450/1000] Best: 12607.5120 | Alpha: 0.1815
      [Iter 400] Action stats: mean=-0.0223±0.7957 [-0.9902-0.9796]
      [Iter 400] Fitness: current=12137.9948, best=12137.9948, diversity=6.308513
      [Iter 400] Reward: -1.0000
  [Iter 400/1000] Best: 12137.9948 | Alpha: 0.1843
      [Iter 750] Action stats: mean=-0.1694±0.6964 [-0.9196-0.9013]
  [Iter 750/1000] Best: 12265.7927 | Alpha: 0.1659
      [Iter 400] Action stats: mean=0.0730±0.5211 [-0.4956-0.8603]
      [Iter 400] Fitness: current=12528.8694, best=12528.8694, diversity=7.395794
      [Iter 400] Reward: 1.0000
      [Iter 450] Action stats: mean=-0.1514±0.6345 [-0.9600-0.9357]
  [Iter 400/1000] Best: 12528.8694 | Alpha: 0.1843
      [Iter 600] Action stats: mean=0.2699±0.7700 [-0.9617-0.8767]
      [Iter 600] Fitness: current=12231.7690, best=12231.7690, diversity=5.650016
      [Iter 600] Reward: -1.0000
  [Iter 450/1000] Best: 12460.5967 | Alpha: 0.1815
  [Iter 600/1000] Best: 12231.7690 | Alpha: 0.1736
      [Iter 450] Action stats: mean=-0.0533±0.7075 [-0.9749-0.7743]
  [Iter 450/1000] Best: 12446.2054 | Alpha: 0.1815
      [Iter 450] Action stats: mean=-0.1742±0.5213 [-0.9305-0.4696]
      [Iter 450] Action stats: mean=0.0926±0.4503 [-0.5283-0.5554]
  [Iter 450/1000] Best: 12383.3458 | Alpha: 0.1815
  [Iter 450/1000] Best: 12167.7187 | Alpha: 0.1815
      [Iter 500] Action stats: mean=0.0020±0.5820 [-0.6946-0.9277]
      [Iter 650] Action stats: mean=-0.2237±0.6841 [-0.8621-0.8965]
      [Iter 500] Fitness: current=12639.8863, best=12639.8863, diversity=7.317233
      [Iter 500] Reward: 1.0000
  [Iter 500/1000] Best: 12639.8863 | Alpha: 0.1788
  [Iter 650/1000] Best: 12649.1230 | Alpha: 0.1710
      [Iter 500] Action stats: mean=0.0319±0.7058 [-0.9341-0.9881]
      [Iter 500] Fitness: current=12258.0258, best=12258.0258, diversity=4.970866
      [Iter 500] Reward: -1.0000
  [Iter 500/1000] Best: 12258.0258 | Alpha: 0.1788
      [Iter 500] Action stats: mean=-0.0416±0.7941 [-0.9686-0.9899]
      [Iter 500] Fitness: current=12178.7277, best=12178.7277, diversity=3.575296
      [Iter 450] Action stats: mean=0.3106±0.3540 [-0.2131-0.8167]
      [Iter 500] Reward: -1.0000
  [Iter 500/1000] Best: 12178.7277 | Alpha: 0.1788
  [Iter 450/1000] Best: 12616.8038 | Alpha: 0.1815
      [Iter 500] Action stats: mean=-0.0574±0.4607 [-0.7321-0.6577]
      [Iter 500] Fitness: current=12600.1964, best=12600.1964, diversity=4.514379
      [Iter 500] Reward: -1.0000
  [Iter 500/1000] Best: 12600.1964 | Alpha: 0.1788
      [Iter 450] Action stats: mean=-0.1793±0.7303 [-0.9750-0.8023]
  [Iter 450/1000] Best: 12130.5570 | Alpha: 0.1815
      [Iter 800] Action stats: mean=-0.4031±0.5140 [-0.9596-0.3558]
      [Iter 800] Fitness: current=12265.3181, best=12265.3181, diversity=1.552070
      [Iter 800] Reward: 1.0000
  [Iter 800/1000] Best: 12265.3181 | Alpha: 0.1634
      [Iter 450] Action stats: mean=-0.1174±0.6860 [-0.9575-0.8819]
PSO-LDIW iteration: 950/1000 - Best fitness: 12293.794 - w=0.425, c1=1.5, c2=1.5
  [Iter 450/1000] Best: 12509.7231 | Alpha: 0.1815
      [Iter 650] Action stats: mean=-0.1235±0.5676 [-0.9094-0.6885]
  [Iter 650/1000] Best: 12157.1942 | Alpha: 0.1710
      [Iter 500] Action stats: mean=-0.4956±0.5576 [-0.9481-0.4262]
      [Iter 500] Fitness: current=12379.7209, best=12379.7209, diversity=4.440040
      [Iter 500] Reward: -1.0000
FIPS iteration: 800/1000 - Best fitness: 12620.4166
FIPS iteration: 50/1000 - Best fitness: 14051.5801
      [Iter 500] Action stats: mean=0.0809±0.6837 [-0.8365-0.8178]
  [Iter 500/1000] Best: 12379.7209 | Alpha: 0.1788
      [Iter 500] Fitness: current=12417.7113, best=12417.7113, diversity=5.168579
      [Iter 500] Reward: -1.0000
  [Iter 500/1000] Best: 12417.7113 | Alpha: 0.1788
      [Iter 500] Action stats: mean=0.1095±0.6346 [-0.9811-0.8174]
      [Iter 500] Action stats: mean=0.1491±0.5909 [-0.6785-0.9361]
      [Iter 500] Fitness: current=12152.6529, best=12152.6529, diversity=4.154740
      [Iter 500] Reward: 1.0000
  [Iter 500/1000] Best: 12152.6529 | Alpha: 0.1788
      [Iter 500] Fitness: current=12352.3822, best=12352.3822, diversity=6.717678
      [Iter 500] Reward: 1.0000
PSO-LDIW iteration: 650/1000 - Best fitness: 12405.6265 - w=0.575, c1=1.5, c2=1.5
  [Iter 500/1000] Best: 12352.3822 | Alpha: 0.1788
      [Iter 550] Action stats: mean=0.4045±0.5747 [-0.5543-0.9825]
      [Iter 700] Action stats: mean=0.0472±0.6186 [-0.8948-0.7454]
  [Iter 550/1000] Best: 12634.7190 | Alpha: 0.1762
      [Iter 700] Fitness: current=12648.6683, best=12648.6683, diversity=3.169369
      [Iter 700] Reward: -1.0000
  [Iter 700/1000] Best: 12648.6683 | Alpha: 0.1684
PSO-LDIW iteration: 600/1000 - Best fitness: 12218.3867 - w=0.6, c1=1.5, c2=1.5
      [Iter 550] Action stats: mean=-0.0515±0.5920 [-0.7467-0.8767]
  [Iter 550/1000] Best: 12256.3384 | Alpha: 0.1762
PSO-LDIW iteration: 1000/1000 - Best fitness: 12207.7497 - w=0.4, c1=1.5, c2=1.5

========== Planning Complete ==========
Algorithm: PSO_LDIW
Execution time: 1427.8375 seconds
Path length: 285.6532 units
Waypoints: 7
Best fitness: 12207.7497
========================================


========== Direct Global Planning ==========
Algorithm: FIPS
Start: [0.0, 0.0, 10.0]
Goal:  [200.0, 200.0, 10.0]
============================================

Starting FIPS (Fully Informed PSO) path planning...
Number of Initial feasible particles: 0/100
FIPS iteration: 650/1000 - Best fitness: 12777.3164
      [Iter 550] Action stats: mean=-0.3096±0.5454 [-0.8241-0.7058]
      [Iter 500] Action stats: mean=-0.0481±0.6049 [-0.8218-0.7577]
      [Iter 500] Fitness: current=12576.8515, best=12576.8515, diversity=3.348142
      [Iter 500] Reward: -1.0000
  [Iter 550/1000] Best: 12178.6973 | Alpha: 0.1762
  [Iter 500/1000] Best: 12576.8515 | Alpha: 0.1788
FIPS iteration: 100/1000 - Best fitness: 13296.0024
      [Iter 550] Action stats: mean=0.0178±0.6235 [-0.8687-0.7879]
  [Iter 550/1000] Best: 12597.5323 | Alpha: 0.1762
PSO-LDIW iteration: 550/1000 - Best fitness: 12366.0887 - w=0.625, c1=1.5, c2=1.5
      [Iter 500] Action stats: mean=-0.3154±0.5513 [-0.9876-0.7528]
      [Iter 500] Fitness: current=12126.4480, best=12126.4480, diversity=3.613631
      [Iter 500] Reward: -1.0000
  [Iter 500/1000] Best: 12126.4480 | Alpha: 0.1788
      [Iter 850] Action stats: mean=-0.0881±0.6875 [-0.8449-0.9950]
      [Iter 500] Action stats: mean=-0.0226±0.7638 [-0.9658-0.8977]
      [Iter 500] Fitness: current=12505.0929, best=12505.0929, diversity=4.746693
      [Iter 500] Reward: -1.0000
  [Iter 500/1000] Best: 12505.0929 | Alpha: 0.1788
      [Iter 700] Action stats: mean=-0.0292±0.7263 [-0.9866-0.9092]
  [Iter 850/1000] Best: 12265.2031 | Alpha: 0.1610
      [Iter 700] Fitness: current=12124.1900, best=12124.1900, diversity=3.727951
      [Iter 700] Reward: -1.0000
  [Iter 700/1000] Best: 12124.1900 | Alpha: 0.1684
      [Iter 550] Action stats: mean=-0.1679±0.5641 [-0.7696-0.7210]
      [Iter 550] Action stats: mean=0.0658±0.5606 [-0.8730-0.7604]
  [Iter 550/1000] Best: 12365.6756 | Alpha: 0.1762
  [Iter 550/1000] Best: 12411.6460 | Alpha: 0.1762
      [Iter 550] Action stats: mean=0.1887±0.4983 [-0.7845-0.9831]
  [Iter 550/1000] Best: 12123.7985 | Alpha: 0.1762
      [Iter 550] Action stats: mean=-0.1574±0.5970 [-0.9779-0.5469]
  [Iter 550/1000] Best: 12343.9107 | Alpha: 0.1762
      [Iter 750] Action stats: mean=0.0727±0.5100 [-0.8970-0.5635]
      [Iter 600] Action stats: mean=-0.0918±0.7181 [-0.9092-0.9988]
      [Iter 600] Fitness: current=12634.0806, best=12634.0806, diversity=6.931497
      [Iter 600] Reward: 1.0000
  [Iter 750/1000] Best: 12648.3333 | Alpha: 0.1659
  [Iter 600/1000] Best: 12634.0806 | Alpha: 0.1735
      [Iter 600] Action stats: mean=-0.2354±0.4620 [-0.8323-0.5766]
      [Iter 600] Fitness: current=12240.9707, best=12240.9707, diversity=2.230298
      [Iter 600] Reward: 1.0000
  [Iter 600/1000] Best: 12240.9707 | Alpha: 0.1735
      [Iter 600] Action stats: mean=0.0590±0.6204 [-0.8922-0.8804]
      [Iter 550] Action stats: mean=-0.0275±0.6099 [-0.9422-0.8133]
      [Iter 600] Fitness: current=12178.6953, best=12178.6953, diversity=2.826069
      [Iter 600] Reward: 1.0000
  [Iter 600/1000] Best: 12178.6953 | Alpha: 0.1735
  [Iter 550/1000] Best: 12542.2803 | Alpha: 0.1762
      [Iter 600] Action stats: mean=0.3743±0.4739 [-0.6783-0.8808]
      [Iter 600] Fitness: current=12597.2086, best=12597.2086, diversity=3.946069
      [Iter 600] Reward: 1.0000
PSO-LDIW iteration: 850/1000 - Best fitness: 12597.5151 - w=0.475, c1=1.5, c2=1.5
  [Iter 600/1000] Best: 12597.2086 | Alpha: 0.1735
PSO-LDIW iteration: 700/1000 - Best fitness: 12549.6708 - w=0.55, c1=1.5, c2=1.5
      [Iter 550] Action stats: mean=-0.0257±0.7935 [-0.9663-0.9387]
  [Iter 550/1000] Best: 12125.7162 | Alpha: 0.1762
      [Iter 750] Action stats: mean=-0.2554±0.7161 [-0.9123-0.9646]
      [Iter 900] Action stats: mean=-0.2905±0.5098 [-0.8328-0.6893]
      [Iter 550] Action stats: mean=-0.1564±0.5534 [-0.8192-0.7008]
  [Iter 750/1000] Best: 12113.1640 | Alpha: 0.1659
      [Iter 900] Fitness: current=12264.9643, best=12264.9643, diversity=1.187060
      [Iter 900] Reward: 1.0000
  [Iter 900/1000] Best: 12264.9643 | Alpha: 0.1586
  [Iter 550/1000] Best: 12489.6488 | Alpha: 0.1762
      [Iter 600] Action stats: mean=0.0042±0.5915 [-0.7356-0.7433]
      [Iter 600] Fitness: current=12363.5247, best=12363.5247, diversity=3.734536
      [Iter 600] Reward: 1.0000
  [Iter 600/1000] Best: 12363.5247 | Alpha: 0.1735
      [Iter 600] Action stats: mean=-0.1058±0.3923 [-0.7292-0.3301]
      [Iter 600] Fitness: current=12402.3781, best=12402.3781, diversity=5.069811
      [Iter 600] Reward: 1.0000
  [Iter 600/1000] Best: 12402.3781 | Alpha: 0.1735
      [Iter 600] Action stats: mean=0.1423±0.5675 [-0.5514-0.9781]
      [Iter 600] Action stats: mean=0.0744±0.4063 [-0.5821-0.8014]
      [Iter 600] Fitness: current=12113.4189, best=12113.4189, diversity=2.464574
      [Iter 600] Reward: 1.0000
  [Iter 600/1000] Best: 12113.4189 | Alpha: 0.1735
      [Iter 600] Fitness: current=12342.6873, best=12342.6873, diversity=3.852272
      [Iter 600] Reward: -1.0000
  [Iter 600/1000] Best: 12342.6873 | Alpha: 0.1735
      [Iter 800] Action stats: mean=-0.0486±0.4934 [-0.8228-0.8235]
      [Iter 800] Fitness: current=12647.1780, best=12647.1780, diversity=1.668761
      [Iter 800] Reward: 1.0000
      [Iter 650] Action stats: mean=0.3173±0.5788 [-0.6865-0.9533]
  [Iter 800/1000] Best: 12647.1780 | Alpha: 0.1634
  [Iter 650/1000] Best: 12633.6396 | Alpha: 0.1710
      [Iter 650] Action stats: mean=0.3412±0.7284 [-0.9395-0.9921]
PSO-LDIW iteration: 650/1000 - Best fitness: 12218.3328 - w=0.575, c1=1.5, c2=1.5
  [Iter 650/1000] Best: 12228.1241 | Alpha: 0.1710
      [Iter 650] Action stats: mean=-0.0504±0.6367 [-0.9546-0.6406]
  [Iter 650/1000] Best: 12178.6572 | Alpha: 0.1710
      [Iter 600] Action stats: mean=0.0259±0.5256 [-0.6065-0.8981]
      [Iter 600] Fitness: current=12495.2612, best=12495.2612, diversity=2.867945
      [Iter 600] Reward: -1.0000
  [Iter 600/1000] Best: 12495.2612 | Alpha: 0.1735
      [Iter 650] Action stats: mean=0.1326±0.4863 [-0.4818-0.8545]
  [Iter 650/1000] Best: 12596.8585 | Alpha: 0.1710
      [Iter 600] Action stats: mean=0.1141±0.6515 [-0.9012-0.9967]
      [Iter 600] Fitness: current=12125.5948, best=12125.5948, diversity=2.825311
      [Iter 600] Reward: -1.0000
  [Iter 600/1000] Best: 12125.5948 | Alpha: 0.1736
FIPS iteration: 100/1000 - Best fitness: 13476.2603
FIPS iteration: 350/1000 - Best fitness: 13171.9754
      [Iter 800] Action stats: mean=0.0359±0.7784 [-0.9023-0.9606]
      [Iter 950] Action stats: mean=-0.3861±0.5035 [-0.8431-0.6304]
      [Iter 600] Action stats: mean=0.0049±0.4984 [-0.6163-0.8202]
      [Iter 800] Fitness: current=12111.0444, best=12111.0444, diversity=3.000469
      [Iter 800] Reward: 1.0000
  [Iter 800/1000] Best: 12111.0444 | Alpha: 0.1635
  [Iter 950/1000] Best: 12264.9120 | Alpha: 0.1562
      [Iter 600] Fitness: current=12484.9634, best=12484.9634, diversity=2.856534
      [Iter 600] Reward: -1.0000
  [Iter 600/1000] Best: 12484.9634 | Alpha: 0.1735
      [Iter 650] Action stats: mean=0.0066±0.7977 [-0.9414-0.9200]
  [Iter 650/1000] Best: 12349.7165 | Alpha: 0.1710
      [Iter 650] Action stats: mean=-0.2324±0.7296 [-0.9583-0.9841]
  [Iter 650/1000] Best: 12401.1661 | Alpha: 0.1710
      [Iter 650] Action stats: mean=0.2680±0.6047 [-0.9840-0.9214]
  [Iter 650/1000] Best: 12097.7241 | Alpha: 0.1710
      [Iter 650] Action stats: mean=0.1789±0.3374 [-0.2403-0.7562]
      [Iter 850] Action stats: mean=-0.1116±0.6141 [-0.8693-0.8048]
  [Iter 650/1000] Best: 12342.2431 | Alpha: 0.1710
  [Iter 850/1000] Best: 12647.1778 | Alpha: 0.1610
      [Iter 700] Action stats: mean=0.3491±0.5537 [-0.5950-0.9748]
      [Iter 700] Fitness: current=12633.6280, best=12633.6280, diversity=7.410374
      [Iter 700] Reward: 1.0000
FIPS iteration: 850/1000 - Best fitness: 12620.4166
  [Iter 700/1000] Best: 12633.6280 | Alpha: 0.1684
      [Iter 700] Action stats: mean=-0.0543±0.7423 [-0.9953-0.9206]
      [Iter 700] Fitness: current=12216.2067, best=12216.2067, diversity=2.065400
      [Iter 700] Reward: -1.0000
  [Iter 700/1000] Best: 12216.2067 | Alpha: 0.1684
FIPS iteration: 150/1000 - Best fitness: 13553.6465
PSO-LDIW iteration: 600/1000 - Best fitness: 12366.0881 - w=0.6, c1=1.5, c2=1.5
      [Iter 700] Action stats: mean=-0.4163±0.5540 [-0.9917-0.3656]
      [Iter 700] Fitness: current=12177.5462, best=12177.5462, diversity=1.322740
      [Iter 700] Reward: -1.0000
  [Iter 700/1000] Best: 12177.5462 | Alpha: 0.1684
      [Iter 650] Action stats: mean=0.0841±0.5550 [-0.5535-0.7734]
  [Iter 650/1000] Best: 12412.2788 | Alpha: 0.1710
      [Iter 700] Action stats: mean=0.1553±0.5865 [-0.7299-0.9901]
      [Iter 700] Fitness: current=12593.0434, best=12593.0434, diversity=2.766349
      [Iter 700] Reward: -1.0000
  [Iter 700/1000] Best: 12593.0434 | Alpha: 0.1684
FIPS iteration: 700/1000 - Best fitness: 12727.9352
      [Iter 650] Action stats: mean=-0.2765±0.6479 [-0.9508-0.7047]
  [Iter 650/1000] Best: 12125.5790 | Alpha: 0.1715
      [Iter 850] Action stats: mean=-0.0796±0.5987 [-0.8611-0.7484]
      [Iter 1000] Action stats: mean=-0.2503±0.5358 [-0.9628-0.3439]
  [Iter 850/1000] Best: 12110.8205 | Alpha: 0.1610
      [Iter 1000] Fitness: current=12264.9107, best=12264.9107, diversity=1.529515
      [Iter 1000] Reward: 1.0000
  [Iter 1000/1000] Best: 12264.9107 | Alpha: 0.1539

╔════════════════════════════════════════════════════════════╗
║              RRSACPSO TRAINING COMPLETE                   ║
╚════════════════════════════════════════════════════════════╝
  Mode:              online
  Episodes:          1
  Iterations/Ep:     1000
  Population Size:   100
  Best Fitness:      12264.9107
  Path Length:       5 waypoints


========== Planning Complete ==========
Algorithm: RRSACPSO
Execution time: 299.1416 seconds
Path length: 288.3456 units
Waypoints: 7
Best fitness: 12264.9107
========================================


========== Direct Global Planning ==========
Algorithm: RLAMPSO
Start: [0.0, 0.0, 10.0]
Goal:  [200.0, 200.0, 10.0]
============================================


╔════════════════════════════════════════════════════════╗
║     RLAM-PSO Configuration (GPU-Optimized)            ║
╚════════════════════════════════════════════════════════╝

Mode: baseline

--- Features Enabled ---
  Transformer State: OFF (state: 15D)
  TD3:               OFF
  PER:               OFF
  Curriculum:        OFF

--- Compute Configuration ---
  Mode:              GPU-Optimized Sequential
  GPU:               OFF (CPU fallback)
  Parallel:          OFF (disabled for dlnetwork compatibility)

--- Training Parameters ---
  Episodes:          100
  Population:        40
  Max Iterations:    600
  Batch Size:        256 (GPU-optimized)
  Actor LR:          0.00010
  Critic LR:         0.00100

--- GPU Optimization (2025) ---
  Gradient Steps/Call:  1
  Train Every:          1 iterations
  Mid-Episode Training: ON
  Estimated UTD Ratio:  ~600.0

════════════════════════════════════════════════════════


╔════════════════════════════════════════════════════════╗
║     RLAM-PSO Configuration (GPU-Optimized)            ║
╚════════════════════════════════════════════════════════╝

Mode: baseline

--- Features Enabled ---
  Transformer State: OFF (state: 15D)
  TD3:               OFF
  PER:               OFF
  Curriculum:        OFF

--- Compute Configuration ---
  Mode:              GPU-Optimized Sequential
  GPU:               OFF (CPU fallback)
  Parallel:          OFF (disabled for dlnetwork compatibility)

--- Training Parameters ---
  Episodes:          100
  Population:        40
  Max Iterations:    600
  Batch Size:        256 (GPU-optimized)
  Actor LR:          0.00010
  Critic LR:         0.00100

--- GPU Optimization (2025) ---
  Gradient Steps/Call:  1
  Train Every:          1 iterations
  Mid-Episode Training: ON
  Estimated UTD Ratio:  ~600.0

════════════════════════════════════════════════════════

      [Iter 650] Action stats: mean=-0.3924±0.5656 [-0.9714-0.6264]
  [Iter 650/1000] Best: 12459.8769 | Alpha: 0.1710
      [Iter 700] Action stats: mean=-0.0978±0.7867 [-0.9688-0.9148]
      [Iter 700] Action stats: mean=-0.1028±0.6700 [-0.9979-0.9615]
      [Iter 700] Fitness: current=12337.8624, best=12337.8624, diversity=1.495115
      [Iter 700] Reward: 1.0000
  [Iter 700/1000] Best: 12337.8624 | Alpha: 0.1684
      [Iter 700] Fitness: current=12401.1202, best=12401.1202, diversity=3.072296
      [Iter 700] Reward: 1.0000
  [Iter 700/1000] Best: 12401.1202 | Alpha: 0.1684
      [Iter 700] Action stats: mean=0.0641±0.6653 [-0.8313-0.9748]
      [Iter 700] Fitness: current=12096.7027, best=12096.7027, diversity=2.359543
      [Iter 700] Reward: -1.0000
      [Iter 700] Action stats: mean=0.0574±0.5837 [-0.9770-0.7587]
  [Iter 700/1000] Best: 12096.7027 | Alpha: 0.1684
      [Iter 700] Fitness: current=12341.3159, best=12341.3159, diversity=1.695559
      [Iter 700] Reward: 1.0000
      [Iter 900] Action stats: mean=0.0590±0.8180 [-0.9774-0.9730]
  [Iter 700/1000] Best: 12341.3159 | Alpha: 0.1684
      [Iter 900] Fitness: current=12646.7655, best=12646.7655, diversity=0.839819
      [Iter 900] Reward: 1.0000
  [Iter 900/1000] Best: 12646.7655 | Alpha: 0.1586
      [Iter 750] Action stats: mean=0.2011±0.5489 [-0.6797-0.8251]
  [Iter 750/1000] Best: 12633.6249 | Alpha: 0.1659
      [Iter 750] Action stats: mean=-0.3365±0.6314 [-0.9816-0.7425]
  [Iter 750/1000] Best: 12211.8003 | Alpha: 0.1659
PSO-LDIW iteration: 700/1000 - Best fitness: 12218.2573 - w=0.55, c1=1.5, c2=1.5
PSO-LDIW iteration: 1000/1000 - Best fitness: 12293.7874 - w=0.4, c1=1.5, c2=1.5

========== Planning Complete ==========
Algorithm: PSO_LDIW
Execution time: 1402.3300 seconds
Path length: 296.0817 units
Waypoints: 7
Best fitness: 12293.7874
========================================


========== Direct Global Planning ==========
Algorithm: FIPS
Start: [0.0, 0.0, 10.0]
Goal:  [200.0, 200.0, 10.0]
============================================

Starting FIPS (Fully Informed PSO) path planning...
      [Iter 750] Action stats: mean=-0.4062±0.4691 [-0.9647-0.3567]
      [Iter 750] Action stats: mean=0.2285±0.4432 [-0.4730-0.8717]
  [Iter 750/1000] Best: 12177.5450 | Alpha: 0.1659
      [Iter 700] Action stats: mean=-0.1207±0.6846 [-0.8106-0.8635]
  [Iter 750/1000] Best: 12591.8337 | Alpha: 0.1659
Number of Initial feasible particles: 0/100
      [Iter 700] Fitness: current=12361.0229, best=12361.0229, diversity=3.104030
      [Iter 700] Reward: -1.0000
  [Iter 700/1000] Best: 12361.0229 | Alpha: 0.1684
      [Iter 700] Action stats: mean=-0.2325±0.6288 [-0.9946-0.7348]
      [Iter 700] Fitness: current=12125.5764, best=12125.5764, diversity=1.264651
      [Iter 700] Reward: 1.0000
  [Iter 700/1000] Best: 12125.5764 | Alpha: 0.1694
      [Iter 900] Action stats: mean=0.0182±0.5681 [-0.8528-0.7095]
      [Iter 900] Fitness: current=12110.7807, best=12110.7807, diversity=2.998649
      [Iter 900] Reward: 1.0000
  [Iter 900/1000] Best: 12110.7807 | Alpha: 0.1586
      [Iter 700] Action stats: mean=-0.0462±0.6172 [-0.9896-0.9494]
      [Iter 700] Fitness: current=12443.4915, best=12443.4915, diversity=2.259903
      [Iter 700] Reward: -1.0000
  [Iter 700/1000] Best: 12443.4915 | Alpha: 0.1684
      [Iter 750] Action stats: mean=-0.1209±0.8141 [-0.9840-0.9206]
  [Iter 750/1000] Best: 12335.0809 | Alpha: 0.1659
      [Iter 750] Action stats: mean=-0.0841±0.6951 [-0.9210-0.9566]
      [Iter 750] Action stats: mean=0.0968±0.5605 [-0.5955-0.9294]
  [Iter 750/1000] Best: 12401.0563 | Alpha: 0.1659
  [Iter 750/1000] Best: 12096.2528 | Alpha: 0.1659
      [Iter 950] Action stats: mean=-0.1102±0.8135 [-0.9809-0.9027]
      [Iter 750] Action stats: mean=-0.1285±0.7003 [-0.8668-0.9430]
  [Iter 750/1000] Best: 12340.6174 | Alpha: 0.1659
  [Iter 950/1000] Best: 12646.7608 | Alpha: 0.1563
[ACTION DEBUG iter 100] Raw action[1:3]: [0.9071, -0.6472, -0.6597], noise: 0.0500
[ACTION DEBUG iter 100] WARNING: 1/20 actions clipped (network saturating)
[RLAMPSO DEBUG iter 100] w=0.6461, c1=2.5000, c2=2.2295 | fitness=12614.60
[REWARD DEBUG iter 100] FitnessImprovement: 0.0000 → Reward: -1.0000 (prevFit=12614.60, currFit=12614.60)
      [Iter 800] Action stats: mean=-0.0337±0.4927 [-0.6744-0.6931]
FIPS iteration: 100/1000 - Best fitness: 13223.7442
      [Iter 800] Fitness: current=12633.5901, best=12633.5901, diversity=4.699895
      [Iter 800] Reward: 1.0000
  [Iter 800/1000] Best: 12633.5901 | Alpha: 0.1634
      [Iter 800] Action stats: mean=-0.1761±0.5786 [-0.7856-0.5696]
      [Iter 800] Fitness: current=12211.4262, best=12211.4262, diversity=1.421878
      [Iter 800] Reward: 1.0000
FIPS iteration: 150/1000 - Best fitness: 13126.9742
  [Iter 800/1000] Best: 12211.4262 | Alpha: 0.1634
      [Iter 800] Action stats: mean=-0.3269±0.2831 [-0.6079-0.1822]
      [Iter 800] Fitness: current=12177.5279, best=12177.5279, diversity=0.535346
      [Iter 800] Reward: 1.0000
  [Iter 800/1000] Best: 12177.5279 | Alpha: 0.1634
      [Iter 800] Action stats: mean=0.1077±0.7390 [-0.9616-0.8555]
      [Iter 800] Fitness: current=12591.4899, best=12591.4899, diversity=1.863593
      [Iter 800] Reward: -1.0000
  [Iter 800/1000] Best: 12591.4899 | Alpha: 0.1634
      [Iter 750] Action stats: mean=-0.0872±0.6683 [-0.9617-0.8019]
  [Iter 750/1000] Best: 12340.6920 | Alpha: 0.1659
      [Iter 750] Action stats: mean=0.2694±0.5177 [-0.4976-0.9801]
  [Iter 750/1000] Best: 12125.5755 | Alpha: 0.1670
      [Iter 950] Action stats: mean=-0.0378±0.5787 [-0.6681-0.7082]
  [Iter 950/1000] Best: 12110.7694 | Alpha: 0.1563
FIPS iteration: 50/1000 - Best fitness: 13663.3556
      [Iter 750] Action stats: mean=0.0730±0.5121 [-0.5813-0.7965]
  [Iter 750/1000] Best: 12435.9106 | Alpha: 0.1659
      [Iter 800] Action stats: mean=-0.0941±0.8340 [-0.9878-0.9552]
      [Iter 800] Fitness: current=12334.3924, best=12334.3924, diversity=1.505781
      [Iter 800] Reward: -1.0000
      [Iter 800] Action stats: mean=-0.1692±0.7290 [-0.9955-0.9623]
      [Iter 800] Fitness: current=12401.0518, best=12401.0518, diversity=3.001166
      [Iter 800] Reward: -1.0000
      [Iter 800] Action stats: mean=0.0547±0.6038 [-0.9687-0.8386]
  [Iter 800/1000] Best: 12334.3924 | Alpha: 0.1634
  [Iter 800/1000] Best: 12401.0518 | Alpha: 0.1634
      [Iter 800] Fitness: current=12095.6085, best=12095.6085, diversity=1.670304
      [Iter 800] Reward: 1.0000
  [Iter 800/1000] Best: 12095.6085 | Alpha: 0.1634
      [Iter 800] Action stats: mean=0.2354±0.6115 [-0.8655-0.9819]
      [Iter 1000] Action stats: mean=-0.3876±0.5234 [-0.8812-0.7743]
      [Iter 1000] Fitness: current=12646.7554, best=12646.7554, diversity=1.010291
      [Iter 1000] Reward: -1.0000
      [Iter 800] Fitness: current=12340.1944, best=12340.1944, diversity=0.782125
      [Iter 800] Reward: 1.0000
  [Iter 1000/1000] Best: 12646.7554 | Alpha: 0.1540

╔════════════════════════════════════════════════════════════╗
║              RRSACPSO TRAINING COMPLETE                   ║
╚════════════════════════════════════════════════════════════╝
  Mode:              online
  Episodes:          1
  Iterations/Ep:     1000
  Population Size:   100
  Best Fitness:      12646.7554
  Path Length:       5 waypoints


========== Planning Complete ==========
Algorithm: RRSACPSO
Execution time: 292.7820 seconds
Path length: 321.0855 units
Waypoints: 7
Best fitness: 12646.7554
========================================

  [Iter 800/1000] Best: 12340.1944 | Alpha: 0.1634

========== Direct Global Planning ==========
Algorithm: RLAMPSO
Start: [0.0, 0.0, 10.0]
Goal:  [200.0, 200.0, 10.0]
============================================


╔════════════════════════════════════════════════════════╗
║     RLAM-PSO Configuration (GPU-Optimized)            ║
╚════════════════════════════════════════════════════════╝

Mode: baseline

--- Features Enabled ---
  Transformer State: OFF (state: 15D)
  TD3:               OFF
  PER:               OFF
  Curriculum:        OFF

--- Compute Configuration ---
  Mode:              GPU-Optimized Sequential
  GPU:               OFF (CPU fallback)
  Parallel:          OFF (disabled for dlnetwork compatibility)

--- Training Parameters ---
  Episodes:          100
  Population:        40
  Max Iterations:    600
  Batch Size:        256 (GPU-optimized)
  Actor LR:          0.00010
  Critic LR:         0.00100

--- GPU Optimization (2025) ---
  Gradient Steps/Call:  1
  Train Every:          1 iterations
  Mid-Episode Training: ON
  Estimated UTD Ratio:  ~600.0

════════════════════════════════════════════════════════


╔════════════════════════════════════════════════════════╗
║     RLAM-PSO Configuration (GPU-Optimized)            ║
╚════════════════════════════════════════════════════════╝

Mode: baseline

--- Features Enabled ---
  Transformer State: OFF (state: 15D)
  TD3:               OFF
  PER:               OFF
  Curriculum:        OFF

--- Compute Configuration ---
  Mode:              GPU-Optimized Sequential
  GPU:               OFF (CPU fallback)
  Parallel:          OFF (disabled for dlnetwork compatibility)

--- Training Parameters ---
  Episodes:          100
  Population:        40
  Max Iterations:    600
  Batch Size:        256 (GPU-optimized)
  Actor LR:          0.00010
  Critic LR:         0.00100

--- GPU Optimization (2025) ---
  Gradient Steps/Call:  1
  Train Every:          1 iterations
  Mid-Episode Training: ON
  Estimated UTD Ratio:  ~600.0

════════════════════════════════════════════════════════

      [Iter 850] Action stats: mean=-0.1345±0.5468 [-0.9544-0.8856]
  [Iter 850/1000] Best: 12633.5858 | Alpha: 0.1610
      [Iter 850] Action stats: mean=0.0209±0.5234 [-0.6400-0.8870]
  [Iter 850/1000] Best: 12211.4052 | Alpha: 0.1610
FIPS iteration: 900/1000 - Best fitness: 12620.4166
PSO-LDIW iteration: 750/1000 - Best fitness: 12218.2288 - w=0.525, c1=1.5, c2=1.5
[ACTION DEBUG iter 200] Raw action[1:3]: [0.8218, -0.7855, -0.5992], noise: 0.0500
[RLAMPSO DEBUG iter 200] w=0.5931, c1=2.5000, c2=2.1331 | fitness=12589.10
[REWARD DEBUG iter 200] FitnessImprovement: 0.1083 → Reward: +1.0000 (prevFit=12589.10, currFit=12588.99)
PSO-LDIW iteration: 650/1000 - Best fitness: 12366.0865 - w=0.575, c1=1.5, c2=1.5
      [Iter 850] Action stats: mean=-0.2067±0.7854 [-0.8952-0.9462]
  [Iter 850/1000] Best: 12177.4979 | Alpha: 0.1610
      [Iter 850] Action stats: mean=0.2834±0.4950 [-0.3959-0.8263]
  [Iter 850/1000] Best: 12591.4124 | Alpha: 0.1610
PSO-LDIW iteration: 700/1000 - Best fitness: 12405.4301 - w=0.55, c1=1.5, c2=1.5
      [Iter 800] Action stats: mean=0.0716±0.6039 [-0.8315-0.8609]
      [Iter 800] Fitness: current=12339.1142, best=12339.1142, diversity=3.121195
      [Iter 800] Reward: 1.0000
  [Iter 800/1000] Best: 12339.1142 | Alpha: 0.1634
FIPS iteration: 400/1000 - Best fitness: 13086.2063
      [Iter 800] Action stats: mean=0.0119±0.6133 [-0.7311-0.7546]
      [Iter 800] Fitness: current=12125.5755, best=12125.5755, diversity=1.337027
      [Iter 800] Reward: 1.0000
  [Iter 800/1000] Best: 12125.5755 | Alpha: 0.1645
      [Iter 1000] Action stats: mean=-0.0935±0.7573 [-0.9672-0.9506]
      [Iter 1000] Fitness: current=12110.7693, best=12110.7693, diversity=1.949510
      [Iter 1000] Reward: 1.0000
FIPS iteration: 750/1000 - Best fitness: 12602.8769
  [Iter 1000/1000] Best: 12110.7693 | Alpha: 0.1540

╔════════════════════════════════════════════════════════════╗
║              RRSACPSO TRAINING COMPLETE                   ║
╚════════════════════════════════════════════════════════════╝
  Mode:              online
  Episodes:          1
  Iterations/Ep:     1000
  Population Size:   100
  Best Fitness:      12110.7693
  Path Length:       5 waypoints


========== Planning Complete ==========
Algorithm: RRSACPSO
Execution time: 292.4571 seconds
Path length: 297.0073 units
Waypoints: 7
Best fitness: 12110.7693
========================================

      [Iter 800] Action stats: mean=0.1009±0.5875 [-0.8500-0.8315]
      [Iter 800] Fitness: current=12431.8491, best=12431.8491, diversity=0.984556
      [Iter 800] Reward: 1.0000
      [Iter 850] Action stats: mean=0.2090±0.7966 [-0.8408-0.9670]
  [Iter 800/1000] Best: 12431.8491 | Alpha: 0.1634
  [Iter 850/1000] Best: 12334.0967 | Alpha: 0.1610
      [Iter 850] Action stats: mean=-0.2073±0.7666 [-0.9410-0.9939]
      [Iter 850] Action stats: mean=-0.0006±0.6216 [-0.7876-0.9455]
  [Iter 850/1000] Best: 12095.5987 | Alpha: 0.1610
      [Iter 850] Action stats: mean=-0.2110±0.6155 [-0.9725-0.8909]
  [Iter 850/1000] Best: 12340.0328 | Alpha: 0.1610
  [Iter 850/1000] Best: 12401.0513 | Alpha: 0.1610
      [Iter 900] Action stats: mean=-0.2739±0.6065 [-0.9539-0.7857]
      [Iter 900] Fitness: current=12633.5856, best=12633.5856, diversity=4.208176
      [Iter 900] Reward: 1.0000
  [Iter 900/1000] Best: 12633.5856 | Alpha: 0.1586
      [Iter 900] Action stats: mean=-0.0494±0.4859 [-0.5910-0.5458]
      [Iter 900] Fitness: current=12211.4040, best=12211.4040, diversity=1.624531
      [Iter 900] Reward: 1.0000
  [Iter 900/1000] Best: 12211.4040 | Alpha: 0.1586
[ACTION DEBUG iter 100] Raw action[1:3]: [0.8488, -0.5379, -0.0096], noise: 0.0500
[RLAMPSO DEBUG iter 100] w=0.6502, c1=1.7997, c2=1.6610 | fitness=12386.42
[REWARD DEBUG iter 100] FitnessImprovement: 0.2529 → Reward: +1.0000 (prevFit=12386.42, currFit=12386.17)
      [Iter 900] Action stats: mean=-0.1403±0.6781 [-0.9938-0.7920]
      [Iter 900] Fitness: current=12177.4974, best=12177.4974, diversity=0.361797
      [Iter 900] Reward: 1.0000
  [Iter 900/1000] Best: 12177.4974 | Alpha: 0.1586
      [Iter 900] Action stats: mean=0.2256±0.4356 [-0.4433-0.8672]
      [Iter 900] Fitness: current=12591.2140, best=12591.2140, diversity=1.798238
      [Iter 900] Reward: -1.0000
  [Iter 900/1000] Best: 12591.2140 | Alpha: 0.1586
[ACTION DEBUG iter 300] Raw action[1:3]: [0.2257, -0.6932, -0.5944], noise: 0.0500
[RLAMPSO DEBUG iter 300] w=0.4698, c1=2.3856, c2=1.9115 | fitness=12572.29
      [Iter 850] Action stats: mean=0.1283±0.6158 [-0.7493-0.9088]
[REWARD DEBUG iter 300] FitnessImprovement: 0.3298 → Reward: +1.0000 (prevFit=12572.29, currFit=12571.96)
  [Iter 850/1000] Best: 12321.4279 | Alpha: 0.1610
FIPS iteration: 150/1000 - Best fitness: 13458.337
      [Iter 850] Action stats: mean=0.0123±0.7462 [-0.9556-0.9445]
  [Iter 850/1000] Best: 12125.5755 | Alpha: 0.1621
      [Iter 850] Action stats: mean=-0.0181±0.5807 [-0.9201-0.5970]
  [Iter 850/1000] Best: 12360.0676 | Alpha: 0.1610
      [Iter 900] Action stats: mean=0.2297±0.5920 [-0.9804-0.9254]
      [Iter 900] Fitness: current=12334.0443, best=12334.0443, diversity=1.293857
      [Iter 900] Reward: -1.0000
  [Iter 900/1000] Best: 12334.0443 | Alpha: 0.1586
      [Iter 900] Action stats: mean=-0.0511±0.6355 [-0.8761-0.8875]
      [Iter 900] Fitness: current=12095.5982, best=12095.5982, diversity=1.088597
      [Iter 900] Reward: 1.0000
      [Iter 900] Action stats: mean=0.1669±0.6191 [-0.6958-0.9194]
      [Iter 900] Action stats: mean=-0.4185±0.6384 [-0.9757-0.7792]
  [Iter 900/1000] Best: 12095.5982 | Alpha: 0.1586
      [Iter 900] Fitness: current=12340.0000, best=12340.0000, diversity=0.450967
      [Iter 900] Reward: 1.0000
  [Iter 900/1000] Best: 12340.0000 | Alpha: 0.1586
      [Iter 900] Fitness: current=12401.0500, best=12401.0500, diversity=1.038504
      [Iter 900] Reward: 1.0000
PSO-LDIW iteration: 900/1000 - Best fitness: 12597.2849 - w=0.45, c1=1.5, c2=1.5
PSO-LDIW iteration: 750/1000 - Best fitness: 12548.5826 - w=0.525, c1=1.5, c2=1.5
  [Iter 900/1000] Best: 12401.0500 | Alpha: 0.1586
      [Iter 950] Action stats: mean=0.0828±0.5269 [-0.8318-0.9569]
  [Iter 950/1000] Best: 12633.5819 | Alpha: 0.1562
PSO-LDIW iteration: 800/1000 - Best fitness: 12218.2044 - w=0.5, c1=1.5, c2=1.5
      [Iter 950] Action stats: mean=-0.3022±0.5480 [-0.8653-0.8158]
  [Iter 950/1000] Best: 12211.4039 | Alpha: 0.1562
FIPS iteration: 200/1000 - Best fitness: 13450.819
      [Iter 950] Action stats: mean=-0.1295±0.6110 [-0.9759-0.7067]
  [Iter 950/1000] Best: 12177.4973 | Alpha: 0.1562
      [Iter 950] Action stats: mean=0.2092±0.3691 [-0.3612-0.6249]
  [Iter 950/1000] Best: 12591.2038 | Alpha: 0.1563
[ACTION DEBUG iter 200] Raw action[1:3]: [0.8353, -0.5121, 0.1662], noise: 0.0500
[RLAMPSO DEBUG iter 200] w=0.6359, c1=1.7679, c2=1.8800 | fitness=12359.85
      [Iter 900] Action stats: mean=-0.1966±0.6547 [-0.9466-0.8071]
[REWARD DEBUG iter 200] FitnessImprovement: 0.0000 → Reward: -1.0000 (prevFit=12359.85, currFit=12359.85)
      [Iter 900] Fitness: current=12319.3403, best=12319.3403, diversity=2.148505
      [Iter 900] Reward: -1.0000
  [Iter 900/1000] Best: 12319.3403 | Alpha: 0.1586
      [Iter 900] Action stats: mean=-0.0903±0.7738 [-0.9260-0.9842]
      [Iter 900] Fitness: current=12125.5755, best=12125.5755, diversity=1.049006
      [Iter 900] Reward: 1.0000
  [Iter 900/1000] Best: 12125.5755 | Alpha: 0.1597
      [Iter 900] Action stats: mean=0.0153±0.7384 [-0.9810-0.9516]
      [Iter 900] Fitness: current=12313.8485, best=12313.8485, diversity=0.950729
      [Iter 900] Reward: 1.0000
  [Iter 900/1000] Best: 12313.8485 | Alpha: 0.1587
      [Iter 950] Action stats: mean=0.2151±0.5446 [-0.7402-0.8933]
  [Iter 950/1000] Best: 12334.0365 | Alpha: 0.1562
      [Iter 950] Action stats: mean=0.3384±0.3777 [-0.2481-0.8938]
  [Iter 950/1000] Best: 12095.5976 | Alpha: 0.1562
      [Iter 950] Action stats: mean=-0.0289±0.6008 [-0.6847-0.6887]
      [Iter 950] Action stats: mean=-0.3593±0.6578 [-0.9708-0.7757]
  [Iter 950/1000] Best: 12401.0451 | Alpha: 0.1562
  [Iter 950/1000] Best: 12339.9981 | Alpha: 0.1562
[ACTION DEBUG iter 400] Raw action[1:3]: [0.5234, -0.7099, -0.6105], noise: 0.0500
[RLAMPSO DEBUG iter 400] w=0.4474, c1=2.3227, c2=1.7891 | fitness=12557.67
[REWARD DEBUG iter 400] FitnessImprovement: 0.0000 → Reward: -1.0000 (prevFit=12557.67, currFit=12557.67)
      [Iter 1000] Action stats: mean=0.0749±0.5555 [-0.6192-0.8723]
      [Iter 1000] Fitness: current=12633.5819, best=12633.5819, diversity=3.610122
      [Iter 1000] Reward: 1.0000
  [Iter 1000/1000] Best: 12633.5819 | Alpha: 0.1539

╔════════════════════════════════════════════════════════════╗
║              RRSACPSO TRAINING COMPLETE                   ║
╚════════════════════════════════════════════════════════════╝
  Mode:              online
  Episodes:          1
  Iterations/Ep:     1000
  Population Size:   100
  Best Fitness:      12633.5819
  Path Length:       5 waypoints


========== Planning Complete ==========
Algorithm: RRSACPSO
Execution time: 292.7978 seconds
Path length: 370.7125 units
Waypoints: 7
Best fitness: 12633.5819
========================================

      [Iter 1000] Action stats: mean=-0.1292±0.5481 [-0.9475-0.5423]
      [Iter 1000] Fitness: current=12211.4039, best=12211.4039, diversity=1.044571
      [Iter 1000] Reward: 1.0000
  [Iter 1000/1000] Best: 12211.4039 | Alpha: 0.1540

╔════════════════════════════════════════════════════════════╗
║              RRSACPSO TRAINING COMPLETE                   ║
╚════════════════════════════════════════════════════════════╝
  Mode:              online
  Episodes:          1
  Iterations/Ep:     1000
  Population Size:   100
  Best Fitness:      12211.4039
  Path Length:       5 waypoints


========== Planning Complete ==========
Algorithm: RRSACPSO
Execution time: 291.5786 seconds
Path length: 287.4134 units
Waypoints: 7
Best fitness: 12211.4039
========================================

      [Iter 1000] Action stats: mean=0.0394±0.6764 [-0.8734-0.8432]
      [Iter 1000] Fitness: current=12177.4972, best=12177.4972, diversity=0.000237
      [Iter 1000] Reward: 1.0000
  [Iter 1000/1000] Best: 12177.4972 | Alpha: 0.1539

╔════════════════════════════════════════════════════════════╗
║              RRSACPSO TRAINING COMPLETE                   ║
╚════════════════════════════════════════════════════════════╝
  Mode:              online
  Episodes:          1
  Iterations/Ep:     1000
  Population Size:   100
  Best Fitness:      12177.4972
  Path Length:       5 waypoints


========== Planning Complete ==========
Algorithm: RRSACPSO
Execution time: 288.6759 seconds
Path length: 298.6018 units
Waypoints: 7
Best fitness: 12177.4972
========================================

      [Iter 1000] Action stats: mean=0.1942±0.6518 [-0.8667-0.9799]
      [Iter 1000] Fitness: current=12591.1740, best=12591.1740, diversity=0.924864
      [Iter 1000] Reward: 1.0000
  [Iter 1000/1000] Best: 12591.1740 | Alpha: 0.1542

╔════════════════════════════════════════════════════════════╗
║              RRSACPSO TRAINING COMPLETE                   ║
╚════════════════════════════════════════════════════════════╝
  Mode:              online
  Episodes:          1
  Iterations/Ep:     1000
  Population Size:   100
  Best Fitness:      12591.1740
  Path Length:       5 waypoints


========== Planning Complete ==========
Algorithm: RRSACPSO
Execution time: 288.5741 seconds
Path length: 303.8799 units
Waypoints: 7
Best fitness: 12591.1740
========================================

FIPS iteration: 950/1000 - Best fitness: 12607.5098
      [Iter 950] Action stats: mean=0.0310±0.5564 [-0.7652-0.6867]
  [Iter 950/1000] Best: 12317.9333 | Alpha: 0.1562
PSO-LDIW iteration: 700/1000 - Best fitness: 12364.6365 - w=0.55, c1=1.5, c2=1.5
      [Iter 950] Action stats: mean=0.0997±0.6993 [-0.9761-0.9231]
[ACTION DEBUG iter 300] Raw action[1:3]: [0.9275, -0.6307, 0.4983], noise: 0.0500
[ACTION DEBUG iter 300] WARNING: 1/20 actions clipped (network saturating)
[RLAMPSO DEBUG iter 300] w=0.5923, c1=1.5790, c2=1.8565 | fitness=12353.99
[REWARD DEBUG iter 300] FitnessImprovement: 0.0217 → Reward: +1.0000 (prevFit=12353.99, currFit=12353.97)
  [Iter 950/1000] Best: 12125.5755 | Alpha: 0.1575
FIPS iteration: 50/1000 - Best fitness: 13772.4893
      [Iter 950] Action stats: mean=-0.1301±0.4830 [-0.8552-0.5019]
  [Iter 950/1000] Best: 12312.1870 | Alpha: 0.1564
      [Iter 1000] Action stats: mean=0.0724±0.8506 [-0.9404-0.9720]
      [Iter 1000] Fitness: current=12334.0361, best=12334.0361, diversity=0.693902
      [Iter 1000] Reward: 1.0000
  [Iter 1000/1000] Best: 12334.0361 | Alpha: 0.1539

╔════════════════════════════════════════════════════════════╗
║              RRSACPSO TRAINING COMPLETE                   ║
╚════════════════════════════════════════════════════════════╝
  Mode:              online
  Episodes:          1
  Iterations/Ep:     1000
  Population Size:   100
  Best Fitness:      12334.0361
  Path Length:       5 waypoints


========== Planning Complete ==========
Algorithm: RRSACPSO
Execution time: 291.4437 seconds
Path length: 292.4486 units
Waypoints: 7
Best fitness: 12334.0361
========================================

FIPS iteration: 200/1000 - Best fitness: 13016.0825
      [Iter 1000] Action stats: mean=0.1005±0.6401 [-0.8063-0.8702]
      [Iter 1000] Fitness: current=12095.5974, best=12095.5974, diversity=1.118782
      [Iter 1000] Reward: 1.0000
      [Iter 1000] Action stats: mean=-0.1581±0.5654 [-0.9137-0.5798]
  [Iter 1000/1000] Best: 12095.5974 | Alpha: 0.1539

╔════════════════════════════════════════════════════════════╗
║              RRSACPSO TRAINING COMPLETE                   ║
╚════════════════════════════════════════════════════════════╝
  Mode:              online
  Episodes:          1
  Iterations/Ep:     1000
  Population Size:   100
  Best Fitness:      12095.5974
  Path Length:       5 waypoints


========== Planning Complete ==========
Algorithm: RRSACPSO
Execution time: 285.2275 seconds
Path length: 298.8516 units
Waypoints: 7
Best fitness: 12095.5974
========================================

      [Iter 1000] Fitness: current=12339.9936, best=12339.9936, diversity=0.127270
      [Iter 1000] Reward: 1.0000
  [Iter 1000/1000] Best: 12339.9936 | Alpha: 0.1539

╔════════════════════════════════════════════════════════════╗
║              RRSACPSO TRAINING COMPLETE                   ║
╚════════════════════════════════════════════════════════════╝
  Mode:              online
  Episodes:          1
  Iterations/Ep:     1000
  Population Size:   100
  Best Fitness:      12339.9936
  Path Length:       5 waypoints


========== Planning Complete ==========
Algorithm: RRSACPSO
Execution time: 289.1073 seconds
Path length: 294.2641 units
Waypoints: 7
Best fitness: 12339.9936
========================================

      [Iter 1000] Action stats: mean=-0.0723±0.4722 [-0.5537-0.8428]
      [Iter 1000] Fitness: current=12400.8132, best=12400.8132, diversity=1.028822
      [Iter 1000] Reward: -1.0000
  [Iter 1000/1000] Best: 12400.8132 | Alpha: 0.1539

╔════════════════════════════════════════════════════════════╗
║              RRSACPSO TRAINING COMPLETE                   ║
╚════════════════════════════════════════════════════════════╝
  Mode:              online
  Episodes:          1
  Iterations/Ep:     1000
  Population Size:   100
  Best Fitness:      12400.8132
  Path Length:       5 waypoints


========== Planning Complete ==========
Algorithm: RRSACPSO
Execution time: 291.8706 seconds
Path length: 292.8108 units
Waypoints: 7
Best fitness: 12400.8132
========================================

FIPS iteration: 800/1000 - Best fitness: 12602.8769
PSO-LDIW iteration: 850/1000 - Best fitness: 12218.2036 - w=0.475, c1=1.5, c2=1.5
FIPS iteration: 150/1000 - Best fitness: 13223.7442
      [Iter 1000] Action stats: mean=-0.1893±0.6045 [-0.7793-0.8848]
      [Iter 1000] Fitness: current=12317.9200, best=12317.9200, diversity=1.289667
      [Iter 1000] Reward: -1.0000
  [Iter 1000/1000] Best: 12317.9200 | Alpha: 0.1539

╔════════════════════════════════════════════════════════════╗
║              RRSACPSO TRAINING COMPLETE                   ║
╚════════════════════════════════════════════════════════════╝
  Mode:              online
  Episodes:          1
  Iterations/Ep:     1000
  Population Size:   100
  Best Fitness:      12317.9200
  Path Length:       5 waypoints


========== Planning Complete ==========
Algorithm: RRSACPSO
Execution time: 287.1283 seconds
Path length: 288.1161 units
Waypoints: 7
Best fitness: 12317.9200
========================================

FIPS iteration: 450/1000 - Best fitness: 13067.1892
[ACTION DEBUG iter 500] Raw action[1:3]: [0.2150, -0.7692, -0.8927], noise: 0.0500
[ACTION DEBUG iter 500] WARNING: 1/20 actions clipped (network saturating)
[RLAMPSO DEBUG iter 500] w=0.3892, c1=2.0177, c2=1.3132 | fitness=12556.49
[REWARD DEBUG iter 500] FitnessImprovement: 0.0100 → Reward: +1.0000 (prevFit=12556.49, currFit=12556.48)
      [Iter 1000] Action stats: mean=0.2337±0.6626 [-0.7747-0.9198]
      [Iter 1000] Fitness: current=12125.5755, best=12125.5755, diversity=0.049728
      [Iter 1000] Reward: -1.0000
  [Iter 1000/1000] Best: 12125.5755 | Alpha: 0.1552

╔════════════════════════════════════════════════════════════╗
║              RRSACPSO TRAINING COMPLETE                   ║
╚════════════════════════════════════════════════════════════╝
  Mode:              online
  Episodes:          1
  Iterations/Ep:     1000
  Population Size:   100
  Best Fitness:      12125.5755
  Path Length:       5 waypoints


========== Planning Complete ==========
Algorithm: RRSACPSO
Execution time: 288.6158 seconds
Path length: 289.7190 units
Waypoints: 7
Best fitness: 12125.5755
========================================

      [Iter 1000] Action stats: mean=0.2787±0.6432 [-0.6076-0.9858]
      [Iter 1000] Fitness: current=12312.1454, best=12312.1454, diversity=0.642117
      [Iter 1000] Reward: 1.0000
FIPS iteration: 100/1000 - Best fitness: 13559.8931
  [Iter 1000/1000] Best: 12312.1454 | Alpha: 0.1542

╔════════════════════════════════════════════════════════════╗
║              RRSACPSO TRAINING COMPLETE                   ║
╚════════════════════════════════════════════════════════════╝
  Mode:              online
  Episodes:          1
  Iterations/Ep:     1000
  Population Size:   100
  Best Fitness:      12312.1454
  Path Length:       5 waypoints


========== Planning Complete ==========
Algorithm: RRSACPSO
Execution time: 286.5822 seconds
Path length: 289.7508 units
Waypoints: 7
Best fitness: 12312.1454
========================================

[ACTION DEBUG iter 400] Raw action[1:3]: [0.9565, -0.8917, -0.0288], noise: 0.0500
[ACTION DEBUG iter 400] WARNING: 1/20 actions clipped (network saturating)
[RLAMPSO DEBUG iter 400] w=0.6525, c1=1.5409, c2=1.7000 | fitness=12353.40
[REWARD DEBUG iter 400] FitnessImprovement: 0.0004 → Reward: +1.0000 (prevFit=12353.40, currFit=12353.40)
PSO-LDIW iteration: 900/1000 - Best fitness: 12218.2034 - w=0.45, c1=1.5, c2=1.5
[ACTION DEBUG iter 600] Raw action[1:3]: [0.4014, -0.6904, -0.9271], noise: 0.0500
[ACTION DEBUG iter 600] WARNING: 1/20 actions clipped (network saturating)
[RLAMPSO DEBUG iter 600] w=0.3738, c1=2.1000, c2=1.2022 | fitness=12554.16
[REWARD DEBUG iter 600] FitnessImprovement: 0.0066 → Reward: +1.0000 (prevFit=12554.16, currFit=12554.15)
FIPS iteration: 1000/1000 - Best fitness: 12607.5098
FIPS completed with final fitness: 12607.5098

========== Planning Complete ==========
Algorithm: FIPS
Execution time: 1160.3288 seconds
Path length: 316.4340 units
Waypoints: 7
Best fitness: 12607.5098
========================================


========== Direct Global Planning ==========
Algorithm: CLPSO
Start: [0.0, 0.0, 10.0]
Goal:  [200.0, 200.0, 10.0]
============================================

Starting CLPSO (Comprehensive Learning PSO) path planning...
Number of Initial feasible particles: 0/100
PSO-LDIW iteration: 750/1000 - Best fitness: 12364.396 - w=0.525, c1=1.5, c2=1.5
FIPS iteration: 200/1000 - Best fitness: 13244.0358
[ACTION DEBUG iter 500] Raw action[1:3]: [0.9972, -0.9891, -0.8741], noise: 0.0500
[ACTION DEBUG iter 500] WARNING: 6/20 actions clipped (network saturating)
[RLAMPSO DEBUG iter 500] w=0.6752, c1=1.3764, c2=1.6468 | fitness=12353.39
[REWARD DEBUG iter 500] FitnessImprovement: 0.0000 → Reward: -1.0000 (prevFit=12353.39, currFit=12353.39)
PSO-LDIW iteration: 750/1000 - Best fitness: 12398.1513 - w=0.525, c1=1.5, c2=1.5
FIPS iteration: 250/1000 - Best fitness: 13450.819
FIPS iteration: 850/1000 - Best fitness: 12602.8769
[ACTION DEBUG iter 700] Raw action[1:3]: [0.5972, -0.7077, -0.9924], noise: 0.0500
[ACTION DEBUG iter 700] WARNING: 5/20 actions clipped (network saturating)
[RLAMPSO DEBUG iter 700] w=0.4119, c1=1.9198, c2=0.9000 | fitness=12553.48
[REWARD DEBUG iter 700] FitnessImprovement: 0.0000 → Reward: -1.0000 (prevFit=12553.48, currFit=12553.48)
PSO-LDIW iteration: 950/1000 - Best fitness: 12218.2034 - w=0.425, c1=1.5, c2=1.5
[ACTION DEBUG iter 600] Raw action[1:3]: [0.9958, -0.9833, -0.9505], noise: 0.0500
[ACTION DEBUG iter 600] WARNING: 3/20 actions clipped (network saturating)
[RLAMPSO DEBUG iter 600] w=0.8727, c1=1.6780, c2=1.3000 | fitness=12353.39
[REWARD DEBUG iter 600] FitnessImprovement: 0.0000 → Reward: -1.0000 (prevFit=12353.39, currFit=12353.39)
FIPS iteration: 250/1000 - Best fitness: 12935.4975
PSO-LDIW iteration: 950/1000 - Best fitness: 12596.6266 - w=0.425, c1=1.5, c2=1.5
FIPS iteration: 500/1000 - Best fitness: 13039.8637
PSO-LDIW iteration: 800/1000 - Best fitness: 12548.2208 - w=0.5, c1=1.5, c2=1.5
FIPS iteration: 200/1000 - Best fitness: 13052.9593
FIPS iteration: 100/1000 - Best fitness: 13250.3944
[ACTION DEBUG iter 800] Raw action[1:3]: [0.6743, -0.8868, -0.9825], noise: 0.0500
[RLAMPSO DEBUG iter 800] w=0.4292, c1=2.1000, c2=1.2683 | fitness=12552.33
[REWARD DEBUG iter 800] FitnessImprovement: 0.0000 → Reward: -1.0000 (prevFit=12552.33, currFit=12552.33)
PSO-LDIW iteration: 800/1000 - Best fitness: 12364.3786 - w=0.5, c1=1.5, c2=1.5
FIPS iteration: 150/1000 - Best fitness: 13462.1827
[ACTION DEBUG iter 700] Raw action[1:3]: [0.9987, 0.2482, -0.8604], noise: 0.0500
[ACTION DEBUG iter 700] WARNING: 6/20 actions clipped (network saturating)
[RLAMPSO DEBUG iter 700] w=0.7675, c1=1.7554, c2=1.0280 | fitness=12353.39
[REWARD DEBUG iter 700] FitnessImprovement: 0.0000 → Reward: -1.0000 (prevFit=12353.39, currFit=12353.39)
PSO-LDIW iteration: 1000/1000 - Best fitness: 12218.2034 - w=0.4, c1=1.5, c2=1.5

========== Planning Complete ==========
Algorithm: PSO_LDIW
Execution time: 896.7437 seconds
Path length: 296.5982 units
Waypoints: 7
Best fitness: 12218.2034
========================================


========== Direct Global Planning ==========
Algorithm: FIPS
Start: [0.0, 0.0, 10.0]
Goal:  [200.0, 200.0, 10.0]
============================================

Starting FIPS (Fully Informed PSO) path planning...
Number of Initial feasible particles: 0/100
FIPS iteration: 900/1000 - Best fitness: 12602.8769
[ACTION DEBUG iter 900] Raw action[1:3]: [0.6231, -0.9741, -0.9938], noise: 0.0500
[ACTION DEBUG iter 900] WARNING: 5/20 actions clipped (network saturating)
[RLAMPSO DEBUG iter 900] w=0.4561, c1=2.0271, c2=0.9000 | fitness=12552.15
[REWARD DEBUG iter 900] FitnessImprovement: 0.0000 → Reward: -1.0000 (prevFit=12552.15, currFit=12552.15)
CLPSO iteration: 50/1000 - Best fitness: 14557.4959 - w: 0.860
FIPS iteration: 250/1000 - Best fitness: 13153.7454
[ACTION DEBUG iter 800] Raw action[1:3]: [0.9996, 0.5599, -0.2481], noise: 0.0500
[ACTION DEBUG iter 800] WARNING: 2/20 actions clipped (network saturating)
[RLAMPSO DEBUG iter 800] w=0.7233, c1=1.8091, c2=1.3564 | fitness=12353.39
[REWARD DEBUG iter 800] FitnessImprovement: 0.0000 → Reward: -1.0000 (prevFit=12353.39, currFit=12353.39)
FIPS iteration: 300/1000 - Best fitness: 13336.9773
PSO-LDIW iteration: 850/1000 - Best fitness: 12364.1854 - w=0.475, c1=1.5, c2=1.5
[ACTION DEBUG iter 1000] Raw action[1:3]: [0.8518, -0.9145, -0.9858], noise: 0.0500
[ACTION DEBUG iter 1000] WARNING: 5/20 actions clipped (network saturating)
[RLAMPSO DEBUG iter 1000] w=0.4905, c1=1.9581, c2=1.0773 | fitness=12552.15
[REWARD DEBUG iter 1000] FitnessImprovement: 0.0001 → Reward: +1.0000 (prevFit=12552.15, currFit=12552.15)

========== Planning Complete ==========
Algorithm: RLAMPSO
Execution time: 153.0285 seconds
Path length: 291.9239 units
Waypoints: 7
Best fitness: 12552.1481
========================================


========== Direct Global Planning ==========
Algorithm: DQN_PSO
Start: [0.0, 0.0, 10.0]
Goal:  [200.0, 200.0, 10.0]
============================================

Warning: DQN-PSO (paper) is homogeneous; forcing paramMode to global.
> In <a href="matlab:matlab.lang.internal.introspective.errorDocCallback('globalPathPlanningDQNPSO', '/Users/hust-hwashin621m/Desktop/vietanhpaper-2/algorithms/dqn_pso/globalPathPlanningDQNPSO.m', 15)" style="font-weight:bold">globalPathPlanningDQNPSO</a> (<a href="matlab: opentoline('/Users/hust-hwashin621m/Desktop/vietanhpaper-2/algorithms/dqn_pso/globalPathPlanningDQNPSO.m',15,0)">line 15</a>)
In <a href="matlab:matlab.lang.internal.introspective.errorDocCallback('callGlobalPlanningAlgorithm', '/Users/hust-hwashin621m/Desktop/vietanhpaper-2/algorithms/callGlobalPlanningAlgorithm.m', 230)" style="font-weight:bold">callGlobalPlanningAlgorithm</a> (<a href="matlab: opentoline('/Users/hust-hwashin621m/Desktop/vietanhpaper-2/algorithms/callGlobalPlanningAlgorithm.m',230,0)">line 230</a>)
In <a href="matlab:matlab.lang.internal.introspective.errorDocCallback('directGlobalPlanning', '/Users/hust-hwashin621m/Desktop/vietanhpaper-2/shared/path_planning/directGlobalPlanning.m', 59)" style="font-weight:bold">directGlobalPlanning</a> (<a href="matlab: opentoline('/Users/hust-hwashin621m/Desktop/vietanhpaper-2/shared/path_planning/directGlobalPlanning.m',59,0)">line 59</a>)
In <a href="matlab:matlab.lang.internal.introspective.errorDocCallback('run_comparison>@(varargin)directGlobalPlanning(varargin{:})', '/Users/hust-hwashin621m/Desktop/vietanhpaper-2/run_comparison.m', 274)" style="font-weight:bold">run_comparison>@(varargin)directGlobalPlanning(varargin{:})</a> (<a href="matlab: opentoline('/Users/hust-hwashin621m/Desktop/vietanhpaper-2/run_comparison.m',274,0)">line 274</a>)
In <a href="matlab:matlab.lang.internal.introspective.errorDocCallback('compare_algorithms>runAlgorithmBatch', '/Users/hust-hwashin621m/Desktop/vietanhpaper-2/scripts/compare_algorithms.m', 139)" style="font-weight:bold">compare_algorithms>runAlgorithmBatch</a> (<a href="matlab: opentoline('/Users/hust-hwashin621m/Desktop/vietanhpaper-2/scripts/compare_algorithms.m',139,0)">line 139</a>)
Starting DQN-PSO (HMM + DQN) - Mode: global
FIPS iteration: 550/1000 - Best fitness: 12823.4417
FIPS iteration: 300/1000 - Best fitness: 12853.6646
[ACTION DEBUG iter 900] Raw action[1:3]: [0.9981, -0.7155, -0.1774], noise: 0.0500
[ACTION DEBUG iter 900] WARNING: 3/20 actions clipped (network saturating)
[RLAMPSO DEBUG iter 900] w=0.7384, c1=2.1000, c2=1.3000 | fitness=12353.39
[REWARD DEBUG iter 900] FitnessImprovement: 0.0000 → Reward: +1.0000 (prevFit=12353.39, currFit=12353.39)
DQN-PSO iter 50/1000 | Fitness: 12875.82 | w=0.334 c1=2.500 c2=0.500
PSO-LDIW iteration: 800/1000 - Best fitness: 12393.3278 - w=0.5, c1=1.5, c2=1.5
FIPS iteration: 250/1000 - Best fitness: 12981.2392
FIPS iteration: 950/1000 - Best fitness: 12561.2552
FIPS iteration: 150/1000 - Best fitness: 13017.6897
[ACTION DEBUG iter 1000] Raw action[1:3]: [0.9987, -0.5619, -0.4059], noise: 0.0500
[ACTION DEBUG iter 1000] WARNING: 2/20 actions clipped (network saturating)
[RLAMPSO DEBUG iter 1000] w=0.7756, c1=1.5652, c2=1.1012 | fitness=12353.39
[REWARD DEBUG iter 1000] FitnessImprovement: 0.0000 → Reward: -1.0000 (prevFit=12353.39, currFit=12353.39)

========== Planning Complete ==========
Algorithm: RLAMPSO
Execution time: 134.6269 seconds
Path length: 292.4913 units
Waypoints: 7
Best fitness: 12353.3917
========================================


========== Direct Global Planning ==========
Algorithm: DQN_PSO
Start: [0.0, 0.0, 10.0]
Goal:  [200.0, 200.0, 10.0]
============================================

Warning: DQN-PSO (paper) is homogeneous; forcing paramMode to global.
> In <a href="matlab:matlab.lang.internal.introspective.errorDocCallback('globalPathPlanningDQNPSO', '/Users/hust-hwashin621m/Desktop/vietanhpaper-2/algorithms/dqn_pso/globalPathPlanningDQNPSO.m', 15)" style="font-weight:bold">globalPathPlanningDQNPSO</a> (<a href="matlab: opentoline('/Users/hust-hwashin621m/Desktop/vietanhpaper-2/algorithms/dqn_pso/globalPathPlanningDQNPSO.m',15,0)">line 15</a>)
In <a href="matlab:matlab.lang.internal.introspective.errorDocCallback('callGlobalPlanningAlgorithm', '/Users/hust-hwashin621m/Desktop/vietanhpaper-2/algorithms/callGlobalPlanningAlgorithm.m', 230)" style="font-weight:bold">callGlobalPlanningAlgorithm</a> (<a href="matlab: opentoline('/Users/hust-hwashin621m/Desktop/vietanhpaper-2/algorithms/callGlobalPlanningAlgorithm.m',230,0)">line 230</a>)
In <a href="matlab:matlab.lang.internal.introspective.errorDocCallback('directGlobalPlanning', '/Users/hust-hwashin621m/Desktop/vietanhpaper-2/shared/path_planning/directGlobalPlanning.m', 59)" style="font-weight:bold">directGlobalPlanning</a> (<a href="matlab: opentoline('/Users/hust-hwashin621m/Desktop/vietanhpaper-2/shared/path_planning/directGlobalPlanning.m',59,0)">line 59</a>)
In <a href="matlab:matlab.lang.internal.introspective.errorDocCallback('run_comparison>@(varargin)directGlobalPlanning(varargin{:})', '/Users/hust-hwashin621m/Desktop/vietanhpaper-2/run_comparison.m', 274)" style="font-weight:bold">run_comparison>@(varargin)directGlobalPlanning(varargin{:})</a> (<a href="matlab: opentoline('/Users/hust-hwashin621m/Desktop/vietanhpaper-2/run_comparison.m',274,0)">line 274</a>)
In <a href="matlab:matlab.lang.internal.introspective.errorDocCallback('compare_algorithms>runAlgorithmBatch', '/Users/hust-hwashin621m/Desktop/vietanhpaper-2/scripts/compare_algorithms.m', 139)" style="font-weight:bold">compare_algorithms>runAlgorithmBatch</a> (<a href="matlab: opentoline('/Users/hust-hwashin621m/Desktop/vietanhpaper-2/scripts/compare_algorithms.m',139,0)">line 139</a>)
Starting DQN-PSO (HMM + DQN) - Mode: global
DQN-PSO iter 100/1000 | Fitness: 12804.54 | w=0.409 c1=2.500 c2=0.500
FIPS iteration: 200/1000 - Best fitness: 13236.9793
PSO-LDIW iteration: 1000/1000 - Best fitness: 12596.2563 - w=0.4, c1=1.5, c2=1.5

========== Planning Complete ==========
Algorithm: PSO_LDIW
Execution time: 1680.4890 seconds
Path length: 288.3855 units
Waypoints: 7
Best fitness: 12596.2563
========================================


========== Direct Global Planning ==========
Algorithm: FIPS
Start: [0.0, 0.0, 10.0]
Goal:  [200.0, 200.0, 10.0]
============================================

Starting FIPS (Fully Informed PSO) path planning...
Number of Initial feasible particles: 0/100
PSO-LDIW iteration: 850/1000 - Best fitness: 12547.6808 - w=0.475, c1=1.5, c2=1.5
PSO-LDIW iteration: 900/1000 - Best fitness: 12362.4505 - w=0.45, c1=1.5, c2=1.5
DQN-PSO iter 50/1000 | Fitness: 12879.75 | w=0.404 c1=2.500 c2=0.500
FIPS iteration: 50/1000 - Best fitness: 14011.9732
DQN-PSO iter 150/1000 | Fitness: 12744.21 | w=0.900 c1=2.500 c2=0.500
FIPS iteration: 300/1000 - Best fitness: 12965.3952
CLPSO iteration: 100/1000 - Best fitness: 13908.7361 - w: 0.820
FIPS iteration: 600/1000 - Best fitness: 12823.4417
DQN-PSO iter 100/1000 | Fitness: 12626.46 | w=0.400 c1=0.700 c2=2.400
FIPS iteration: 350/1000 - Best fitness: 13274.4082
FIPS iteration: 1000/1000 - Best fitness: 12561.2552
FIPS completed with final fitness: 12561.2552

========== Planning Complete ==========
Algorithm: FIPS
Execution time: 1049.3797 seconds
Path length: 316.0153 units
Waypoints: 7
Best fitness: 12561.2552
========================================


========== Direct Global Planning ==========
Algorithm: CLPSO
Start: [0.0, 0.0, 10.0]
Goal:  [200.0, 200.0, 10.0]
============================================

Starting CLPSO (Comprehensive Learning PSO) path planning...
Number of Initial feasible particles: 0/100
DQN-PSO iter 200/1000 | Fitness: 12721.27 | w=0.789 c1=2.500 c2=0.500
FIPS iteration: 350/1000 - Best fitness: 12777.938
DQN-PSO iter 150/1000 | Fitness: 12603.67 | w=0.900 c1=1.700 c2=0.650
FIPS iteration: 300/1000 - Best fitness: 12887.2258
PSO-LDIW iteration: 950/1000 - Best fitness: 12362.3314 - w=0.425, c1=1.5, c2=1.5
DQN-PSO iter 250/1000 | Fitness: 12704.78 | w=0.533 c1=2.500 c2=0.500
FIPS iteration: 200/1000 - Best fitness: 13017.6897
DQN-PSO iter 200/1000 | Fitness: 12595.72 | w=0.325 c1=2.500 c2=0.500
FIPS iteration: 250/1000 - Best fitness: 13229.9128
DQN-PSO iter 300/1000 | Fitness: 12691.86 | w=0.900 c1=2.500 c2=0.500
FIPS iteration: 650/1000 - Best fitness: 12823.4417
DQN-PSO iter 250/1000 | Fitness: 12594.89 | w=0.193 c1=2.500 c2=0.500
PSO-LDIW iteration: 850/1000 - Best fitness: 12392.1344 - w=0.475, c1=1.5, c2=1.5
FIPS iteration: 100/1000 - Best fitness: 13358.0736
FIPS iteration: 350/1000 - Best fitness: 12965.3952
FIPS iteration: 50/1000 - Best fitness: 14061.7047
DQN-PSO iter 350/1000 | Fitness: 12687.63 | w=0.412 c1=2.500 c2=0.500
PSO-LDIW iteration: 1000/1000 - Best fitness: 12362.2002 - w=0.4, c1=1.5, c2=1.5

========== Planning Complete ==========
Algorithm: PSO_LDIW
Execution time: 1071.9817 seconds
Path length: 326.7455 units
Waypoints: 7
Best fitness: 12362.2002
========================================


========== Direct Global Planning ==========
Algorithm: FIPS
Start: [0.0, 0.0, 10.0]
Goal:  [200.0, 200.0, 10.0]
============================================

Starting FIPS (Fully Informed PSO) path planning...
FIPS iteration: 400/1000 - Best fitness: 12777.938
FIPS iteration: 400/1000 - Best fitness: 13274.4082
CLPSO iteration: 150/1000 - Best fitness: 13846.8954 - w: 0.780
Number of Initial feasible particles: 0/100
DQN-PSO iter 300/1000 | Fitness: 12592.57 | w=0.900 c1=2.500 c2=0.500
CLPSO iteration: 50/1000 - Best fitness: 14369.2031 - w: 0.860
PSO-LDIW iteration: 900/1000 - Best fitness: 12547.1452 - w=0.45, c1=1.5, c2=1.5
DQN-PSO iter 400/1000 | Fitness: 12687.60 | w=0.538 c1=2.500 c2=0.500
FIPS iteration: 350/1000 - Best fitness: 12779.9785
DQN-PSO iter 350/1000 | Fitness: 12591.92 | w=0.100 c1=2.200 c2=0.700
DQN-PSO iter 450/1000 | Fitness: 12686.36 | w=0.802 c1=2.500 c2=0.500
FIPS iteration: 250/1000 - Best fitness: 13017.4206
FIPS iteration: 300/1000 - Best fitness: 13156.3666
FIPS iteration: 700/1000 - Best fitness: 12823.4417
DQN-PSO iter 400/1000 | Fitness: 12589.98 | w=0.900 c1=2.400 c2=0.500
DQN-PSO iter 500/1000 | Fitness: 12685.76 | w=0.900 c1=2.500 c2=0.500
FIPS iteration: 400/1000 - Best fitness: 12965.3952
DQN-PSO iter 450/1000 | Fitness: 12588.52 | w=0.400 c1=2.500 c2=0.500
FIPS iteration: 450/1000 - Best fitness: 12768.1271
FIPS iteration: 150/1000 - Best fitness: 13358.0736
FIPS iteration: 450/1000 - Best fitness: 13244.8836
DQN-PSO iter 550/1000 | Fitness: 12680.79 | w=0.758 c1=2.500 c2=0.500
FIPS iteration: 100/1000 - Best fitness: 13773.1768
DQN-PSO iter 500/1000 | Fitness: 12588.27 | w=0.400 c1=2.500 c2=0.500
CLPSO iteration: 200/1000 - Best fitness: 13354.2541 - w: 0.740
FIPS iteration: 400/1000 - Best fitness: 12779.9785
FIPS iteration: 50/1000 - Best fitness: 13708.9415
CLPSO iteration: 100/1000 - Best fitness: 13741.0005 - w: 0.820
PSO-LDIW iteration: 900/1000 - Best fitness: 12390.8209 - w=0.45, c1=1.5, c2=1.5
DQN-PSO iter 600/1000 | Fitness: 12680.23 | w=0.249 c1=2.500 c2=0.500
FIPS iteration: 300/1000 - Best fitness: 12936.6329
DQN-PSO iter 550/1000 | Fitness: 12588.22 | w=0.900 c1=2.500 c2=0.500
FIPS iteration: 750/1000 - Best fitness: 12823.4417
FIPS iteration: 350/1000 - Best fitness: 13156.3666
DQN-PSO iter 650/1000 | Fitness: 12668.34 | w=0.647 c1=2.500 c2=0.500
PSO-LDIW iteration: 950/1000 - Best fitness: 12547.0911 - w=0.425, c1=1.5, c2=1.5
DQN-PSO iter 600/1000 | Fitness: 12588.20 | w=0.400 c1=2.500 c2=0.500
FIPS iteration: 500/1000 - Best fitness: 12745.2198
FIPS iteration: 450/1000 - Best fitness: 12953.3069
DQN-PSO iter 700/1000 | Fitness: 12645.30 | w=0.100 c1=2.050 c2=0.900
FIPS iteration: 500/1000 - Best fitness: 13244.8836
FIPS iteration: 200/1000 - Best fitness: 13280.9356
DQN-PSO iter 650/1000 | Fitness: 12588.18 | w=0.838 c1=2.500 c2=0.500
FIPS iteration: 450/1000 - Best fitness: 12779.9785
DQN-PSO iter 750/1000 | Fitness: 12635.71 | w=0.100 c1=2.400 c2=0.600
FIPS iteration: 150/1000 - Best fitness: 13546.8438
FIPS iteration: 350/1000 - Best fitness: 12819.1926
DQN-PSO iter 700/1000 | Fitness: 12588.09 | w=0.459 c1=2.500 c2=0.500
FIPS iteration: 800/1000 - Best fitness: 12823.4417
CLPSO iteration: 250/1000 - Best fitness: 13354.2541 - w: 0.700
FIPS iteration: 100/1000 - Best fitness: 13015.2334
CLPSO iteration: 150/1000 - Best fitness: 13741.0005 - w: 0.780
DQN-PSO iter 800/1000 | Fitness: 12634.95 | w=0.528 c1=2.500 c2=0.500
FIPS iteration: 400/1000 - Best fitness: 12948.3633
DQN-PSO iter 750/1000 | Fitness: 12588.07 | w=0.900 c1=2.500 c2=0.500
FIPS iteration: 550/1000 - Best fitness: 12745.2198
DQN-PSO iter 850/1000 | Fitness: 12625.68 | w=0.181 c1=2.500 c2=0.500
PSO-LDIW iteration: 950/1000 - Best fitness: 12389.021 - w=0.425, c1=1.5, c2=1.5
FIPS iteration: 500/1000 - Best fitness: 12727.6449
DQN-PSO iter 800/1000 | Fitness: 12588.05 | w=0.410 c1=2.500 c2=0.500
FIPS iteration: 550/1000 - Best fitness: 13244.8836
FIPS iteration: 500/1000 - Best fitness: 12779.9785
FIPS iteration: 250/1000 - Best fitness: 13076.8664
DQN-PSO iter 900/1000 | Fitness: 12619.44 | w=0.680 c1=2.500 c2=0.500
FIPS iteration: 400/1000 - Best fitness: 12782.5269
DQN-PSO iter 850/1000 | Fitness: 12588.05 | w=0.100 c1=2.400 c2=0.600
FIPS iteration: 850/1000 - Best fitness: 12823.4417
PSO-LDIW iteration: 1000/1000 - Best fitness: 12547.0884 - w=0.4, c1=1.5, c2=1.5

========== Planning Complete ==========
Algorithm: PSO_LDIW
Execution time: 1490.8588 seconds
Path length: 290.8461 units
Waypoints: 7
Best fitness: 12547.0884
========================================


========== Direct Global Planning ==========
Algorithm: FIPS
Start: [0.0, 0.0, 10.0]
Goal:  [200.0, 200.0, 10.0]
============================================

Starting FIPS (Fully Informed PSO) path planning...
Number of Initial feasible particles: 0/100
DQN-PSO iter 950/1000 | Fitness: 12618.17 | w=0.100 c1=2.300 c2=0.700
FIPS iteration: 450/1000 - Best fitness: 12948.3633
DQN-PSO iter 900/1000 | Fitness: 12588.05 | w=0.900 c1=2.500 c2=0.500
FIPS iteration: 200/1000 - Best fitness: 13526.2865
FIPS iteration: 150/1000 - Best fitness: 13010.7631
FIPS iteration: 600/1000 - Best fitness: 12593.0317
CLPSO iteration: 200/1000 - Best fitness: 13689.2423 - w: 0.740
CLPSO iteration: 300/1000 - Best fitness: 13354.2541 - w: 0.660
DQN-PSO iter 1000/1000 | Fitness: 12617.17 | w=0.100 c1=2.350 c2=0.600
DQN-PSO completed with final fitness: 12617.1693

========== Planning Complete ==========
Algorithm: DQN_PSO
Execution time: 186.5213 seconds
Path length: 288.5222 units
Waypoints: 7
Best fitness: 12617.1693
========================================


========== Direct Global Planning ==========
Algorithm: SAC-SAPSO (Paper)
Start: [0.0, 0.0, 10.0]
Goal:  [200.0, 200.0, 10.0]
============================================


============================================
SAC-SAPSO (Paper) Global Path Planning
============================================

DQN-PSO iter 950/1000 | Fitness: 12588.05 | w=0.100 c1=1.700 c2=1.400
  [Iter  50/1000] Best: 12511.9104
FIPS iteration: 550/1000 - Best fitness: 12727.6449
FIPS iteration: 600/1000 - Best fitness: 13170.3156
FIPS iteration: 550/1000 - Best fitness: 12621.5503
FIPS iteration: 450/1000 - Best fitness: 12754.4923
  [Iter 100/1000] Best: 12470.1266
DQN-PSO iter 1000/1000 | Fitness: 12588.05 | w=0.100 c1=2.400 c2=0.600
DQN-PSO completed with final fitness: 12588.0544

========== Planning Complete ==========
Algorithm: DQN_PSO
Execution time: 184.4645 seconds
Path length: 302.6954 units
Waypoints: 7
Best fitness: 12588.0544
========================================


========== Direct Global Planning ==========
Algorithm: SAC-SAPSO (Paper)
Start: [0.0, 0.0, 10.0]
Goal:  [200.0, 200.0, 10.0]
============================================


============================================
SAC-SAPSO (Paper) Global Path Planning
============================================

FIPS iteration: 300/1000 - Best fitness: 13066.7418
  [Iter 150/1000] Best: 12469.5826
FIPS iteration: 900/1000 - Best fitness: 12823.4417
  [Iter  50/1000] Best: 12601.2073
  [Iter 200/1000] Best: 12459.5078
  [Iter 100/1000] Best: 12425.3762
FIPS iteration: 650/1000 - Best fitness: 12593.0317
FIPS iteration: 500/1000 - Best fitness: 12948.3633
PSO-LDIW iteration: 1000/1000 - Best fitness: 12387.3385 - w=0.4, c1=1.5, c2=1.5

========== Planning Complete ==========
Algorithm: PSO_LDIW
Execution time: 1457.0882 seconds
Path length: 292.1537 units
Waypoints: 7
Best fitness: 12387.3385
========================================


========== Direct Global Planning ==========
Algorithm: FIPS
Start: [0.0, 0.0, 10.0]
Goal:  [200.0, 200.0, 10.0]
============================================

Starting FIPS (Fully Informed PSO) path planning...
Number of Initial feasible particles: 0/100
  [Iter 250/1000] Best: 12459.1643
  [Iter 150/1000] Best: 12390.4640
  [Iter 300/1000] Best: 12448.8763
FIPS iteration: 200/1000 - Best fitness: 12921.6601
FIPS iteration: 50/1000 - Best fitness: 14038.2903
FIPS iteration: 250/1000 - Best fitness: 13526.2865
  [Iter 200/1000] Best: 12351.4986
  [Iter 350/1000] Best: 12448.8763
FIPS iteration: 500/1000 - Best fitness: 12610.5666
  [Iter 250/1000] Best: 12351.4792
CLPSO iteration: 250/1000 - Best fitness: 13689.2423 - w: 0.700
FIPS iteration: 650/1000 - Best fitness: 13170.3156
FIPS iteration: 600/1000 - Best fitness: 12665.0845
  [Iter 400/1000] Best: 12444.9565
FIPS iteration: 600/1000 - Best fitness: 12621.5503
CLPSO iteration: 350/1000 - Best fitness: 13354.2541 - w: 0.620
  [Iter 300/1000] Best: 12333.5497
FIPS iteration: 350/1000 - Best fitness: 13012.7505
FIPS iteration: 950/1000 - Best fitness: 12823.4417
  [Iter 450/1000] Best: 12435.4453
  [Iter 350/1000] Best: 12332.1339
  [Iter 500/1000] Best: 12434.1608
FIPS iteration: 700/1000 - Best fitness: 12593.0317
  [Iter 400/1000] Best: 12330.8572
FIPS iteration: 550/1000 - Best fitness: 12948.3633
  [Iter 550/1000] Best: 12434.1521
  [Iter 450/1000] Best: 12325.1532
  [Iter 600/1000] Best: 12434.1461
  [Iter 500/1000] Best: 12322.8619
FIPS iteration: 550/1000 - Best fitness: 12610.5666
  [Iter 650/1000] Best: 12434.1427
FIPS iteration: 250/1000 - Best fitness: 12886.4931
  [Iter 550/1000] Best: 12322.8171
FIPS iteration: 300/1000 - Best fitness: 13526.2865
FIPS iteration: 50/1000 - Best fitness: 14100.434
FIPS iteration: 700/1000 - Best fitness: 13055.9888
  [Iter 700/1000] Best: 12434.1425
  [Iter 600/1000] Best: 12322.8171
FIPS iteration: 650/1000 - Best fitness: 12621.5503
FIPS iteration: 650/1000 - Best fitness: 12354.0807
FIPS iteration: 1000/1000 - Best fitness: 12823.4417
FIPS completed with final fitness: 12823.4417

========== Planning Complete ==========
Algorithm: FIPS
Execution time: 949.3258 seconds
Path length: 295.8228 units
Waypoints: 7
Best fitness: 12823.4417
========================================


========== Direct Global Planning ==========
Algorithm: CLPSO
Start: [0.0, 0.0, 10.0]
Goal:  [200.0, 200.0, 10.0]
============================================

Starting CLPSO (Comprehensive Learning PSO) path planning...
FIPS iteration: 100/1000 - Best fitness: 13703.7041
Number of Initial feasible particles: 0/100
  [Iter 750/1000] Best: 12433.5535
FIPS iteration: 400/1000 - Best fitness: 13006.4313
  [Iter 650/1000] Best: 12322.8171
FIPS iteration: 750/1000 - Best fitness: 12553.2023
CLPSO iteration: 300/1000 - Best fitness: 13315.3244 - w: 0.660
  [Iter 800/1000] Best: 12433.2606
  [Iter 700/1000] Best: 12322.7839
CLPSO iteration: 400/1000 - Best fitness: 13304.4392 - w: 0.580
  [Iter 850/1000] Best: 12433.2577
FIPS iteration: 600/1000 - Best fitness: 12948.3633
  [Iter 750/1000] Best: 12322.7839
FIPS iteration: 600/1000 - Best fitness: 12610.5666
  [Iter 900/1000] Best: 12433.2575
  [Iter 800/1000] Best: 12322.7839
  [Iter 950/1000] Best: 12433.2575
  [Iter 850/1000] Best: 12322.7150
FIPS iteration: 300/1000 - Best fitness: 12822.83
FIPS iteration: 750/1000 - Best fitness: 13055.9888
  [Iter 1000/1000] Best: 12433.2575

========== Planning Complete ==========
Algorithm: SAC-SAPSO (Paper)
Execution time: 97.2918 seconds
Path length: 294.6737 units
Waypoints: 7
Best fitness: 12433.2575
========================================


========== Direct Global Planning ==========
Algorithm: PPO-PSO
Start: [0.0, 0.0, 10.0]
Goal:  [200.0, 200.0, 10.0]
============================================


============================================
PPO-PSO Global Path Planning
============================================

  [Iter 900/1000] Best: 12322.5861
FIPS iteration: 700/1000 - Best fitness: 12621.5503
FIPS iteration: 700/1000 - Best fitness: 12354.0807
FIPS iteration: 450/1000 - Best fitness: 12926.5333
FIPS iteration: 800/1000 - Best fitness: 12553.2023
  [Iter 950/1000] Best: 12322.5592
FIPS iteration: 350/1000 - Best fitness: 13456.5552
  [Iter  50/1000] Best: 12792.4887
CLPSO iteration: 50/1000 - Best fitness: 14352.6859 - w: 0.860
  [Iter 1000/1000] Best: 12322.5583

========== Planning Complete ==========
Algorithm: SAC-SAPSO (Paper)
Execution time: 93.6055 seconds
Path length: 300.5355 units
Waypoints: 7
Best fitness: 12322.5583
========================================


========== Direct Global Planning ==========
Algorithm: PPO-PSO
Start: [0.0, 0.0, 10.0]
Goal:  [200.0, 200.0, 10.0]
============================================


============================================
PPO-PSO Global Path Planning
============================================

FIPS iteration: 100/1000 - Best fitness: 13880.7613
  [Iter 100/1000] Best: 12315.9492
FIPS iteration: 650/1000 - Best fitness: 12610.5666
FIPS iteration: 650/1000 - Best fitness: 12861.69
FIPS iteration: 150/1000 - Best fitness: 13437.9592
  [Iter  50/1000] Best: 12626.6910
  [Iter 150/1000] Best: 12280.8752
CLPSO iteration: 350/1000 - Best fitness: 13315.3244 - w: 0.620
  [Iter 100/1000] Best: 12579.3382
  [Iter 200/1000] Best: 12273.7321
FIPS iteration: 350/1000 - Best fitness: 12769.1579
CLPSO iteration: 450/1000 - Best fitness: 13294.6959 - w: 0.540
FIPS iteration: 800/1000 - Best fitness: 13055.9888
  [Iter 150/1000] Best: 12382.6964
FIPS iteration: 850/1000 - Best fitness: 12553.2023
  [Iter 250/1000] Best: 12271.9119
FIPS iteration: 750/1000 - Best fitness: 12621.5503
FIPS iteration: 750/1000 - Best fitness: 12354.0807
FIPS iteration: 500/1000 - Best fitness: 12866.2358
  [Iter 200/1000] Best: 12302.9356
  [Iter 300/1000] Best: 12270.8242
  [Iter 250/1000] Best: 12282.4051
FIPS iteration: 700/1000 - Best fitness: 12571.7051
FIPS iteration: 400/1000 - Best fitness: 13328.4478
  [Iter 350/1000] Best: 12270.6111
FIPS iteration: 700/1000 - Best fitness: 12839.5647
  [Iter 300/1000] Best: 12279.8649
CLPSO iteration: 100/1000 - Best fitness: 13905.3271 - w: 0.820
  [Iter 400/1000] Best: 12270.5918
FIPS iteration: 150/1000 - Best fitness: 13639.8911
FIPS iteration: 200/1000 - Best fitness: 13255.6301
  [Iter 350/1000] Best: 12279.5432
  [Iter 450/1000] Best: 12270.5773
FIPS iteration: 900/1000 - Best fitness: 12553.2023
FIPS iteration: 400/1000 - Best fitness: 12769.1579
  [Iter 400/1000] Best: 12279.2816
FIPS iteration: 850/1000 - Best fitness: 13055.9888
FIPS iteration: 800/1000 - Best fitness: 12526.558
FIPS iteration: 550/1000 - Best fitness: 12765.8256
  [Iter 500/1000] Best: 12270.5764
FIPS iteration: 800/1000 - Best fitness: 12354.0807
CLPSO iteration: 400/1000 - Best fitness: 13221.0264 - w: 0.580
FIPS iteration: 750/1000 - Best fitness: 12571.7051
  [Iter 450/1000] Best: 12279.1437
  [Iter 550/1000] Best: 12270.5749
  [Iter 500/1000] Best: 12279.1264
CLPSO iteration: 500/1000 - Best fitness: 13252.7502 - w: 0.500
  [Iter 600/1000] Best: 12270.5743
FIPS iteration: 750/1000 - Best fitness: 12839.5647
FIPS iteration: 450/1000 - Best fitness: 13314.8069
  [Iter 550/1000] Best: 12279.1243
  [Iter 650/1000] Best: 12270.5742
FIPS iteration: 950/1000 - Best fitness: 12553.2023
  [Iter 600/1000] Best: 12279.1105
  [Iter 700/1000] Best: 12270.5741
FIPS iteration: 450/1000 - Best fitness: 12756.6639
FIPS iteration: 600/1000 - Best fitness: 12765.8256
FIPS iteration: 250/1000 - Best fitness: 13255.6301
FIPS iteration: 800/1000 - Best fitness: 12571.7051
CLPSO iteration: 150/1000 - Best fitness: 13905.3271 - w: 0.780
FIPS iteration: 900/1000 - Best fitness: 13030.3201
FIPS iteration: 850/1000 - Best fitness: 12526.558
FIPS iteration: 200/1000 - Best fitness: 13585.2392
  [Iter 650/1000] Best: 12279.1095
  [Iter 750/1000] Best: 12270.5741
FIPS iteration: 850/1000 - Best fitness: 12354.0807
  [Iter 700/1000] Best: 12279.1094
  [Iter 800/1000] Best: 12270.5741
  [Iter 750/1000] Best: 12279.0991
CLPSO iteration: 450/1000 - Best fitness: 13196.7859 - w: 0.540
  [Iter 850/1000] Best: 12270.5741
FIPS iteration: 800/1000 - Best fitness: 12839.5647
  [Iter 800/1000] Best: 12279.0988
FIPS iteration: 1000/1000 - Best fitness: 12553.2023
FIPS completed with final fitness: 12553.2023

========== Planning Complete ==========
Algorithm: FIPS
Execution time: 749.5278 seconds
Path length: 312.3869 units
Waypoints: 7
Best fitness: 12553.2023
========================================


========== Direct Global Planning ==========
Algorithm: CLPSO
Start: [0.0, 0.0, 10.0]
Goal:  [200.0, 200.0, 10.0]
============================================

Starting CLPSO (Comprehensive Learning PSO) path planning...
Number of Initial feasible particles: 0/100
FIPS iteration: 500/1000 - Best fitness: 13233.2124
FIPS iteration: 850/1000 - Best fitness: 12571.7051
  [Iter 900/1000] Best: 12270.5741
FIPS iteration: 650/1000 - Best fitness: 12765.8256
FIPS iteration: 500/1000 - Best fitness: 12756.6639
  [Iter 850/1000] Best: 12279.0988
  [Iter 950/1000] Best: 12270.5741
CLPSO iteration: 550/1000 - Best fitness: 13252.7501 - w: 0.460
FIPS iteration: 950/1000 - Best fitness: 13030.3201
FIPS iteration: 900/1000 - Best fitness: 12526.558
FIPS iteration: 300/1000 - Best fitness: 13248.0713
  [Iter 900/1000] Best: 12279.0893
FIPS iteration: 900/1000 - Best fitness: 12354.0807
  [Iter 1000/1000] Best: 12270.5741

========== Planning Complete ==========
Algorithm: PPO-PSO
Execution time: 119.7986 seconds
Path length: 343.6109 units
Waypoints: 7
Best fitness: 12270.5741
========================================


========== Direct Global Planning ==========
Algorithm: MPSORL
Start: [0.0, 0.0, 10.0]
Goal:  [200.0, 200.0, 10.0]
============================================

Starting MPSORL (Multi-Strategy Self-Learning PSO) path planning...
FIPS iteration: 250/1000 - Best fitness: 13427.3216
  [Iter 950/1000] Best: 12279.0886
CLPSO iteration: 200/1000 - Best fitness: 13905.3271 - w: 0.740
MPSORL iteration: 50/1000 - Best fitness: 13514.1171
MPSORL iteration: 100/1000 - Best fitness: 13168.5233
  [Iter 1000/1000] Best: 12279.0885

========== Planning Complete ==========
Algorithm: PPO-PSO
Execution time: 118.8560 seconds
Path length: 367.3746 units
Waypoints: 7
Best fitness: 12279.0885
========================================


========== Direct Global Planning ==========
Algorithm: MPSORL
Start: [0.0, 0.0, 10.0]
Goal:  [200.0, 200.0, 10.0]
============================================

Starting MPSORL (Multi-Strategy Self-Learning PSO) path planning...
FIPS iteration: 900/1000 - Best fitness: 12571.7051
FIPS iteration: 850/1000 - Best fitness: 12839.5647
FIPS iteration: 700/1000 - Best fitness: 12756.0528
CLPSO iteration: 50/1000 - Best fitness: 14288.6107 - w: 0.860
MPSORL iteration: 50/1000 - Best fitness: 13201.921
MPSORL iteration: 150/1000 - Best fitness: 12998.4768
FIPS iteration: 550/1000 - Best fitness: 12730.007
MPSORL iteration: 100/1000 - Best fitness: 12629.1049
MPSORL iteration: 200/1000 - Best fitness: 12965.9042
FIPS iteration: 550/1000 - Best fitness: 13021.0824
CLPSO iteration: 500/1000 - Best fitness: 13196.5164 - w: 0.500
MPSORL iteration: 150/1000 - Best fitness: 12579.0681
FIPS iteration: 1000/1000 - Best fitness: 13030.3201
FIPS completed with final fitness: 13030.3201

========== Planning Complete ==========
Algorithm: FIPS
Execution time: 824.7915 seconds
Path length: 304.3571 units
Waypoints: 7
Best fitness: 13030.3201
========================================


========== Direct Global Planning ==========
Algorithm: CLPSO
Start: [0.0, 0.0, 10.0]
Goal:  [200.0, 200.0, 10.0]
============================================

Starting CLPSO (Comprehensive Learning PSO) path planning...
FIPS iteration: 950/1000 - Best fitness: 12526.558
MPSORL iteration: 250/1000 - Best fitness: 12791.6162
Number of Initial feasible particles: 0/100
FIPS iteration: 950/1000 - Best fitness: 12354.0807
FIPS iteration: 350/1000 - Best fitness: 13179.7532
MPSORL iteration: 300/1000 - Best fitness: 12715.7321
MPSORL iteration: 200/1000 - Best fitness: 12501.6525
MPSORL iteration: 250/1000 - Best fitness: 12460.5037
MPSORL iteration: 350/1000 - Best fitness: 12625.5771
FIPS iteration: 300/1000 - Best fitness: 13414.5572
FIPS iteration: 950/1000 - Best fitness: 12566.3869
MPSORL iteration: 300/1000 - Best fitness: 12333.4582
MPSORL iteration: 400/1000 - Best fitness: 12569.6662
CLPSO iteration: 600/1000 - Best fitness: 13194.6706 - w: 0.420
FIPS iteration: 750/1000 - Best fitness: 12730.5297
FIPS iteration: 900/1000 - Best fitness: 12839.5647
MPSORL iteration: 350/1000 - Best fitness: 12222.6753
MPSORL iteration: 450/1000 - Best fitness: 12532.279
FIPS iteration: 600/1000 - Best fitness: 12730.007
CLPSO iteration: 250/1000 - Best fitness: 13427.1765 - w: 0.700
MPSORL iteration: 400/1000 - Best fitness: 12216.7025
CLPSO iteration: 100/1000 - Best fitness: 14227.7728 - w: 0.820
MPSORL iteration: 500/1000 - Best fitness: 12523.0292
MPSORL iteration: 450/1000 - Best fitness: 12215.378
MPSORL iteration: 550/1000 - Best fitness: 12516.3417
FIPS iteration: 1000/1000 - Best fitness: 12526.558
FIPS completed with final fitness: 12526.558

========== Planning Complete ==========
Algorithm: FIPS
Execution time: 745.8563 seconds
Path length: 323.8229 units
Waypoints: 7
Best fitness: 12526.5580
========================================


========== Direct Global Planning ==========
Algorithm: CLPSO
Start: [0.0, 0.0, 10.0]
Goal:  [200.0, 200.0, 10.0]
============================================

Starting CLPSO (Comprehensive Learning PSO) path planning...
Number of Initial feasible particles: 0/100
MPSORL iteration: 500/1000 - Best fitness: 12213.0818
FIPS iteration: 600/1000 - Best fitness: 12757.979
FIPS iteration: 1000/1000 - Best fitness: 12354.0807
FIPS completed with final fitness: 12354.0807

========== Planning Complete ==========
Algorithm: FIPS
Execution time: 789.7232 seconds
Path length: 318.4991 units
Waypoints: 7
Best fitness: 12354.0807
========================================


========== Direct Global Planning ==========
Algorithm: CLPSO
Start: [0.0, 0.0, 10.0]
Goal:  [200.0, 200.0, 10.0]
============================================

Starting CLPSO (Comprehensive Learning PSO) path planning...
Number of Initial feasible particles: 0/100
MPSORL iteration: 600/1000 - Best fitness: 12510.4344
FIPS iteration: 1000/1000 - Best fitness: 12553.0035
FIPS completed with final fitness: 12553.0035

========== Planning Complete ==========
Algorithm: FIPS
Execution time: 604.4881 seconds
Path length: 310.9937 units
Waypoints: 7
Best fitness: 12553.0035
========================================


========== Direct Global Planning ==========
Algorithm: CLPSO
Start: [0.0, 0.0, 10.0]
Goal:  [200.0, 200.0, 10.0]
============================================

Starting CLPSO (Comprehensive Learning PSO) path planning...
CLPSO iteration: 50/1000 - Best fitness: 14501.3643 - w: 0.860
Number of Initial feasible particles: 0/100
FIPS iteration: 400/1000 - Best fitness: 13062.3358
MPSORL iteration: 550/1000 - Best fitness: 12209.4131
MPSORL iteration: 650/1000 - Best fitness: 12510.3105
FIPS iteration: 800/1000 - Best fitness: 12730.5297
MPSORL iteration: 600/1000 - Best fitness: 12208.0421
CLPSO iteration: 550/1000 - Best fitness: 12857.0218 - w: 0.460
MPSORL iteration: 700/1000 - Best fitness: 12510.253
FIPS iteration: 350/1000 - Best fitness: 13250.2701
MPSORL iteration: 650/1000 - Best fitness: 12206.2609
MPSORL iteration: 750/1000 - Best fitness: 12510.2497
FIPS iteration: 650/1000 - Best fitness: 12730.007
FIPS iteration: 950/1000 - Best fitness: 12839.5647
MPSORL iteration: 800/1000 - Best fitness: 12510.2461
MPSORL iteration: 700/1000 - Best fitness: 12206.0471
MPSORL iteration: 750/1000 - Best fitness: 12205.8036
MPSORL iteration: 850/1000 - Best fitness: 12510.2178
CLPSO iteration: 650/1000 - Best fitness: 13182.9821 - w: 0.380
CLPSO iteration: 150/1000 - Best fitness: 14070.1768 - w: 0.780
MPSORL iteration: 900/1000 - Best fitness: 12510.2001
MPSORL iteration: 800/1000 - Best fitness: 12182.6261
CLPSO iteration: 300/1000 - Best fitness: 13427.1765 - w: 0.660
FIPS iteration: 850/1000 - Best fitness: 12683.4273
FIPS iteration: 650/1000 - Best fitness: 12757.979
MPSORL iteration: 850/1000 - Best fitness: 12182.2747
CLPSO iteration: 50/1000 - Best fitness: 14575.8078 - w: 0.860
MPSORL iteration: 950/1000 - Best fitness: 12510.1574
FIPS iteration: 450/1000 - Best fitness: 12923.764
MPSORL iteration: 1000/1000 - Best fitness: 12510.1559
MPSORL completed with final fitness: 12510.1559

========== Planning Complete ==========
Algorithm: MPSORL
Execution time: 92.9862 seconds
Path length: 297.3982 units
Waypoints: 7
Best fitness: 12510.1559
========================================


========== Direct Global Planning ==========
Algorithm: RRSACPSO
Start: [0.0, 0.0, 10.0]
Goal:  [200.0, 200.0, 10.0]
============================================


╔══════════════════════════════════════════════════════════╗
║              RRSACPSO Global Path Planning              ║
╚══════════════════════════════════════════════════════════╝

MPSORL iteration: 900/1000 - Best fitness: 12178.3601
CLPSO iteration: 50/1000 - Best fitness: 13928.8713 - w: 0.860

[Episode 1/1] Starting training...
  Config: mode=online, episodes=1, iterations=1000, popSize=100
FIPS iteration: 700/1000 - Best fitness: 12700.3778
CLPSO iteration: 50/1000 - Best fitness: 14546.8355 - w: 0.860
MPSORL iteration: 950/1000 - Best fitness: 12122.9546
      [Iter  50] Action stats: mean=0.0397±0.4559 [-0.7724-0.6732]
  [Iter  50/1000] Best: 13332.5036 | Alpha: 0.2000
CLPSO iteration: 100/1000 - Best fitness: 13850.2602 - w: 0.820
FIPS iteration: 1000/1000 - Best fitness: 12839.5647
FIPS completed with final fitness: 12839.5647

========== Planning Complete ==========
Algorithm: FIPS
Execution time: 708.6659 seconds
Path length: 314.1756 units
Waypoints: 7
Best fitness: 12839.5647
========================================


========== Direct Global Planning ==========
Algorithm: CLPSO
Start: [0.0, 0.0, 10.0]
Goal:  [200.0, 200.0, 10.0]
============================================

Starting CLPSO (Comprehensive Learning PSO) path planning...
Number of Initial feasible particles: 0/100
MPSORL iteration: 1000/1000 - Best fitness: 12118.3849
MPSORL completed with final fitness: 12118.3849

========== Planning Complete ==========
Algorithm: MPSORL
Execution time: 93.1569 seconds
Path length: 300.5788 units
Waypoints: 7
Best fitness: 12118.3849
========================================


========== Direct Global Planning ==========
Algorithm: RRSACPSO
Start: [0.0, 0.0, 10.0]
Goal:  [200.0, 200.0, 10.0]
============================================


╔══════════════════════════════════════════════════════════╗
║              RRSACPSO Global Path Planning              ║
╚══════════════════════════════════════════════════════════╝


[Episode 1/1] Starting training...
  Config: mode=online, episodes=1, iterations=1000, popSize=100
FIPS iteration: 400/1000 - Best fitness: 12971.0534
      [Iter 100] Action stats: mean=-0.0522±0.7360 [-0.9804-0.8860]
      [Iter 100] Fitness: current=13204.2842, best=13204.2842, diversity=12.953813
      [Iter 100] Reward: -1.0000
  [Iter 100/1000] Best: 13204.2842 | Alpha: 0.2000
      [Iter  50] Action stats: mean=-0.1648±0.5916 [-0.8893-0.9806]
  [Iter  50/1000] Best: 12905.7353 | Alpha: 0.2000
CLPSO iteration: 600/1000 - Best fitness: 12853.2756 - w: 0.420
      [Iter 150] Action stats: mean=0.3125±0.4598 [-0.6114-0.8271]
  [Iter 150/1000] Best: 12983.8371 | Alpha: 0.1986
FIPS iteration: 900/1000 - Best fitness: 12591.4233
      [Iter 100] Action stats: mean=0.1321±0.6153 [-0.6266-0.9266]
      [Iter 100] Fitness: current=12713.0140, best=12713.0140, diversity=12.143671
      [Iter 100] Reward: 1.0000
  [Iter 100/1000] Best: 12713.0140 | Alpha: 0.2000
CLPSO iteration: 200/1000 - Best fitness: 13848.5936 - w: 0.740
      [Iter 200] Action stats: mean=-0.1690±0.6635 [-0.9505-0.6253]
      [Iter 200] Fitness: current=12692.9417, best=12692.9417, diversity=7.418164
      [Iter 200] Reward: -1.0000
FIPS iteration: 500/1000 - Best fitness: 12923.764
  [Iter 200/1000] Best: 12692.9417 | Alpha: 0.1957
      [Iter 150] Action stats: mean=-0.0448±0.4995 [-0.8487-0.7169]
  [Iter 150/1000] Best: 12662.5606 | Alpha: 0.1986
FIPS iteration: 700/1000 - Best fitness: 12757.979
FIPS iteration: 750/1000 - Best fitness: 12695.8681
CLPSO iteration: 700/1000 - Best fitness: 13150.7109 - w: 0.340
CLPSO iteration: 350/1000 - Best fitness: 13427.1765 - w: 0.620
      [Iter 250] Action stats: mean=-0.1321±0.7263 [-0.8903-0.7765]
  [Iter 250/1000] Best: 12597.3210 | Alpha: 0.1928
CLPSO iteration: 100/1000 - Best fitness: 14263.503 - w: 0.820
      [Iter 200] Action stats: mean=-0.0954±0.7064 [-0.9293-0.8697]
      [Iter 200] Fitness: current=12493.9017, best=12493.9017, diversity=9.584098
      [Iter 200] Reward: -1.0000
  [Iter 200/1000] Best: 12493.9017 | Alpha: 0.1957
FIPS iteration: 950/1000 - Best fitness: 12591.4233
CLPSO iteration: 100/1000 - Best fitness: 13928.8713 - w: 0.820
      [Iter 300] Action stats: mean=-0.2817±0.6335 [-0.9441-0.8194]
      [Iter 300] Fitness: current=12524.0269, best=12524.0269, diversity=4.973061
      [Iter 300] Reward: -1.0000
  [Iter 300/1000] Best: 12524.0269 | Alpha: 0.1899
      [Iter 250] Action stats: mean=-0.2106±0.4807 [-0.8571-0.6167]
  [Iter 250/1000] Best: 12390.3874 | Alpha: 0.1928
FIPS iteration: 450/1000 - Best fitness: 12971.0534
CLPSO iteration: 100/1000 - Best fitness: 14067.3968 - w: 0.820
CLPSO iteration: 50/1000 - Best fitness: 14444.8314 - w: 0.860
CLPSO iteration: 150/1000 - Best fitness: 13850.2602 - w: 0.780
      [Iter 350] Action stats: mean=-0.1863±0.5950 [-0.9793-0.7150]
  [Iter 350/1000] Best: 12478.2138 | Alpha: 0.1871
      [Iter 300] Action stats: mean=0.0753±0.7485 [-0.9293-0.9084]
      [Iter 300] Fitness: current=12341.7215, best=12341.7215, diversity=8.800161
      [Iter 300] Reward: 1.0000
  [Iter 300/1000] Best: 12341.7215 | Alpha: 0.1899
FIPS iteration: 550/1000 - Best fitness: 12923.764
CLPSO iteration: 650/1000 - Best fitness: 12852.0319 - w: 0.380
FIPS iteration: 800/1000 - Best fitness: 12695.8681
      [Iter 400] Action stats: mean=-0.2850±0.4852 [-0.9285-0.2742]
      [Iter 400] Fitness: current=12470.8978, best=12470.8978, diversity=3.799647
      [Iter 400] Reward: 1.0000
  [Iter 400/1000] Best: 12470.8978 | Alpha: 0.1843
      [Iter 350] Action stats: mean=0.2264±0.5796 [-0.7164-0.8448]
  [Iter 350/1000] Best: 12234.3287 | Alpha: 0.1871
FIPS iteration: 750/1000 - Best fitness: 12757.979
CLPSO iteration: 250/1000 - Best fitness: 13838.9144 - w: 0.700
FIPS iteration: 1000/1000 - Best fitness: 12550.9498
FIPS completed with final fitness: 12550.9498

========== Planning Complete ==========
Algorithm: FIPS
Execution time: 573.8392 seconds
Path length: 298.4462 units
Waypoints: 7
Best fitness: 12550.9498
========================================


========== Direct Global Planning ==========
Algorithm: CLPSO
Start: [0.0, 0.0, 10.0]
Goal:  [200.0, 200.0, 10.0]
============================================

Starting CLPSO (Comprehensive Learning PSO) path planning...
Number of Initial feasible particles: 0/100
      [Iter 450] Action stats: mean=0.2566±0.6009 [-0.5569-0.9833]
  [Iter 450/1000] Best: 12457.9136 | Alpha: 0.1815
      [Iter 400] Action stats: mean=0.3078±0.6421 [-0.9056-0.9857]
      [Iter 400] Fitness: current=12186.7687, best=12186.7687, diversity=6.366823
      [Iter 400] Reward: -1.0000
  [Iter 400/1000] Best: 12186.7687 | Alpha: 0.1843
      [Iter 500] Action stats: mean=0.3423±0.4244 [-0.4611-0.8935]
      [Iter 500] Fitness: current=12453.5832, best=12453.5832, diversity=3.356630
      [Iter 500] Reward: 1.0000
  [Iter 500/1000] Best: 12453.5832 | Alpha: 0.1788
CLPSO iteration: 400/1000 - Best fitness: 13427.1765 - w: 0.580
      [Iter 450] Action stats: mean=-0.0000±0.6283 [-0.8330-0.8780]
  [Iter 450/1000] Best: 12164.5823 | Alpha: 0.1816
CLPSO iteration: 750/1000 - Best fitness: 13134.3103 - w: 0.300
FIPS iteration: 500/1000 - Best fitness: 12971.0534
CLPSO iteration: 150/1000 - Best fitness: 14084.26 - w: 0.780
      [Iter 550] Action stats: mean=0.2279±0.6144 [-0.7445-0.9657]
  [Iter 550/1000] Best: 12447.1408 | Alpha: 0.1762
FIPS iteration: 600/1000 - Best fitness: 12923.764
CLPSO iteration: 150/1000 - Best fitness: 13751.8419 - w: 0.780
      [Iter 500] Action stats: mean=0.2880±0.6135 [-0.8682-0.8750]
      [Iter 500] Fitness: current=12145.0139, best=12145.0139, diversity=6.121812
      [Iter 500] Reward: 1.0000
  [Iter 500/1000] Best: 12145.0139 | Alpha: 0.1788
FIPS iteration: 850/1000 - Best fitness: 12695.8681
CLPSO iteration: 100/1000 - Best fitness: 13875.1985 - w: 0.820
CLPSO iteration: 150/1000 - Best fitness: 14067.3968 - w: 0.780
      [Iter 600] Action stats: mean=-0.0707±0.5627 [-0.9621-0.8208]
      [Iter 600] Fitness: current=12445.5124, best=12445.5124, diversity=1.620884
      [Iter 600] Reward: 1.0000
  [Iter 600/1000] Best: 12445.5124 | Alpha: 0.1735
      [Iter 550] Action stats: mean=0.3807±0.5330 [-0.7488-0.8504]
  [Iter 550/1000] Best: 12137.3438 | Alpha: 0.1762
FIPS iteration: 800/1000 - Best fitness: 12757.979
CLPSO iteration: 200/1000 - Best fitness: 13762.8963 - w: 0.740
CLPSO iteration: 50/1000 - Best fitness: 14350.7477 - w: 0.860
      [Iter 650] Action stats: mean=0.0474±0.4832 [-0.5480-0.8226]
  [Iter 650/1000] Best: 12444.3180 | Alpha: 0.1710
CLPSO iteration: 300/1000 - Best fitness: 13655.7417 - w: 0.660
      [Iter 600] Action stats: mean=0.2374±0.6018 [-0.6151-0.8957]
      [Iter 600] Fitness: current=12135.0448, best=12135.0448, diversity=4.701632
      [Iter 600] Reward: 1.0000
  [Iter 600/1000] Best: 12135.0448 | Alpha: 0.1736
CLPSO iteration: 700/1000 - Best fitness: 12826.8742 - w: 0.340
      [Iter 700] Action stats: mean=-0.0115±0.5163 [-0.8705-0.6248]
      [Iter 700] Fitness: current=12443.9985, best=12443.9985, diversity=0.621549
      [Iter 700] Reward: -1.0000
  [Iter 700/1000] Best: 12443.9985 | Alpha: 0.1684
      [Iter 650] Action stats: mean=0.3221±0.6599 [-0.7358-0.9500]
  [Iter 650/1000] Best: 12134.6525 | Alpha: 0.1710
FIPS iteration: 550/1000 - Best fitness: 12971.0534
FIPS iteration: 900/1000 - Best fitness: 12655.6055
FIPS iteration: 650/1000 - Best fitness: 12916.7979
      [Iter 750] Action stats: mean=0.0353±0.5802 [-0.8463-0.9131]
  [Iter 750/1000] Best: 12442.3755 | Alpha: 0.1661
      [Iter 700] Action stats: mean=-0.1154±0.3338 [-0.4498-0.5983]
      [Iter 700] Fitness: current=12134.3837, best=12134.3837, diversity=3.423713
      [Iter 700] Reward: 1.0000
  [Iter 700/1000] Best: 12134.3837 | Alpha: 0.1684
CLPSO iteration: 450/1000 - Best fitness: 13427.1765 - w: 0.540
CLPSO iteration: 200/1000 - Best fitness: 13892.3071 - w: 0.740
      [Iter 800] Action stats: mean=-0.2458±0.3946 [-0.7742-0.5275]
      [Iter 800] Fitness: current=12442.0572, best=12442.0572, diversity=0.361754
      [Iter 800] Reward: -1.0000
  [Iter 800/1000] Best: 12442.0572 | Alpha: 0.1639
CLPSO iteration: 800/1000 - Best fitness: 13130.9349 - w: 0.260
FIPS iteration: 850/1000 - Best fitness: 12757.979
      [Iter 750] Action stats: mean=0.0476±0.6768 [-0.9698-0.9667]
  [Iter 750/1000] Best: 12130.9592 | Alpha: 0.1659
CLPSO iteration: 200/1000 - Best fitness: 13751.8419 - w: 0.740
CLPSO iteration: 150/1000 - Best fitness: 13715.4882 - w: 0.780
      [Iter 850] Action stats: mean=0.2546±0.5674 [-0.8005-0.8996]
  [Iter 850/1000] Best: 12441.7091 | Alpha: 0.1617
CLPSO iteration: 100/1000 - Best fitness: 13972.6081 - w: 0.820
CLPSO iteration: 200/1000 - Best fitness: 13861.3843 - w: 0.740
      [Iter 800] Action stats: mean=0.4926±0.5070 [-0.4965-0.9547]
      [Iter 800] Fitness: current=12130.9453, best=12130.9453, diversity=2.443247
      [Iter 800] Reward: 1.0000
  [Iter 800/1000] Best: 12130.9453 | Alpha: 0.1634
CLPSO iteration: 250/1000 - Best fitness: 13667.3361 - w: 0.700
FIPS iteration: 950/1000 - Best fitness: 12655.6055
FIPS iteration: 700/1000 - Best fitness: 12916.7979
      [Iter 900] Action stats: mean=-0.1653±0.5474 [-0.8491-0.7691]
      [Iter 900] Fitness: current=12441.5429, best=12441.5429, diversity=0.278898
      [Iter 900] Reward: 1.0000
  [Iter 900/1000] Best: 12441.5429 | Alpha: 0.1597
CLPSO iteration: 350/1000 - Best fitness: 13620.6409 - w: 0.620
      [Iter 850] Action stats: mean=0.2473±0.4923 [-0.8031-0.8156]
  [Iter 850/1000] Best: 12130.9449 | Alpha: 0.1610
FIPS iteration: 600/1000 - Best fitness: 12971.0534
CLPSO iteration: 750/1000 - Best fitness: 12826.8742 - w: 0.300
      [Iter 950] Action stats: mean=-0.0359±0.5499 [-0.9463-0.5282]
  [Iter 950/1000] Best: 12441.4138 | Alpha: 0.1578
      [Iter 900] Action stats: mean=-0.0683±0.4471 [-0.7668-0.7948]
      [Iter 900] Fitness: current=12130.9449, best=12130.9449, diversity=0.876842
      [Iter 900] Reward: -1.0000
  [Iter 900/1000] Best: 12130.9449 | Alpha: 0.1586
FIPS iteration: 900/1000 - Best fitness: 12575.0413
      [Iter 1000] Action stats: mean=-0.2683±0.4704 [-0.9687-0.3685]
      [Iter 1000] Fitness: current=12441.3391, best=12441.3391, diversity=0.183167
      [Iter 1000] Reward: 1.0000
  [Iter 1000/1000] Best: 12441.3391 | Alpha: 0.1560

╔════════════════════════════════════════════════════════════╗
║              RRSACPSO TRAINING COMPLETE                   ║
╚════════════════════════════════════════════════════════════╝
  Mode:              online
  Episodes:          1
  Iterations/Ep:     1000
  Population Size:   100
  Best Fitness:      12441.3391
  Path Length:       5 waypoints


========== Planning Complete ==========
Algorithm: RRSACPSO
Execution time: 147.3587 seconds
Path length: 291.8882 units
Waypoints: 7
Best fitness: 12441.3391
========================================

      [Iter 950] Action stats: mean=0.3959±0.5694 [-0.5594-0.9837]
  [Iter 950/1000] Best: 12130.9449 | Alpha: 0.1563
CLPSO iteration: 500/1000 - Best fitness: 13427.1765 - w: 0.500
FIPS iteration: 1000/1000 - Best fitness: 12655.6055
FIPS completed with final fitness: 12655.6055

========== Planning Complete ==========
Algorithm: FIPS
Execution time: 586.2912 seconds
Path length: 335.1052 units
Waypoints: 7
Best fitness: 12655.6055
========================================


========== Direct Global Planning ==========
Algorithm: CLPSO
Start: [0.0, 0.0, 10.0]
Goal:  [200.0, 200.0, 10.0]
============================================

Starting CLPSO (Comprehensive Learning PSO) path planning...
Number of Initial feasible particles: 0/100
CLPSO iteration: 250/1000 - Best fitness: 13750.5252 - w: 0.700
      [Iter 1000] Action stats: mean=-0.0184±0.5195 [-0.9914-0.7739]
      [Iter 1000] Fitness: current=12130.9449, best=12130.9449, diversity=0.836134
      [Iter 1000] Reward: 1.0000
  [Iter 1000/1000] Best: 12130.9449 | Alpha: 0.1539

╔════════════════════════════════════════════════════════════╗
║              RRSACPSO TRAINING COMPLETE                   ║
╚════════════════════════════════════════════════════════════╝
  Mode:              online
  Episodes:          1
  Iterations/Ep:     1000
  Population Size:   100
  Best Fitness:      12130.9449
  Path Length:       5 waypoints


========== Planning Complete ==========
Algorithm: RRSACPSO
Execution time: 147.8831 seconds
Path length: 288.8277 units
Waypoints: 7
Best fitness: 12130.9449
========================================

All runs completed. Performing statistical analysis...

=== STATISTICAL ANALYSIS FOR SCENARIO 1 ===
Metric tested: global_fitness_total
Runs available: 30

=== DESCRIPTIVE STATISTICS (global_fitness_total) ===
Algorithm                 | N       | Mean       | Std        | Median    
------------------------------------------------------------------------
RLAMPSO [36]              |      30 | 12508.8075 |   155.8197 | 12565.5683
DQN-PSO [34]              |      30 | 12690.6148 |   270.7517 | 12683.7134
SAC-SAPSO [40]            |      30 | 12536.3838 |   255.5677 | 12531.3301
PPO-PSO                   |      30 | 12299.1911 |   135.4119 | 12275.3233
MPSORL                    |      30 | 12373.6097 |   138.2305 | 12360.0650
RRSACPSO                  |      30 | 12343.8778 |   170.9660 | 12322.5731

=== PAIRWISE INFERENCE (PAIRED T + WILCOXON) ===
Algorithm 1               vs Algorithm 2               | N | meanDiff | p_t(raw) | p_w(raw)
-------------------------------------------------------------------------------------------
RLAMPSO [36]              vs DQN-PSO [34]              | 30 | -181.8073 | 0.004128 | 0.010139
RLAMPSO [36]              vs SAC-SAPSO [40]            | 30 | -27.5763 | 0.643946 | 0.757683
RLAMPSO [36]              vs PPO-PSO                   | 30 | 209.6164 | 0.000027 | 0.000214
RLAMPSO [36]              vs MPSORL                    | 30 | 135.1979 | 0.000286 | 0.000928
RLAMPSO [36]              vs RRSACPSO                  | 30 | 164.9297 | 0.000099 | 0.000436
DQN-PSO [34]              vs SAC-SAPSO [40]            | 30 | 154.2310 | 0.042697 | 0.023665
DQN-PSO [34]              vs PPO-PSO                   | 30 | 391.4237 | 0.000000 | 0.000005
DQN-PSO [34]              vs MPSORL                    | 30 | 317.0052 | 0.000000 | 0.000013
DQN-PSO [34]              vs RRSACPSO                  | 30 | 346.7371 | 0.000000 | 0.000007
SAC-SAPSO [40]            vs PPO-PSO                   | 30 | 237.1927 | 0.000114 | 0.000036
SAC-SAPSO [40]            vs MPSORL                    | 30 | 162.7742 | 0.004311 | 0.004534
SAC-SAPSO [40]            vs RRSACPSO                  | 30 | 192.5060 | 0.003459 | 0.005491
PPO-PSO                   vs MPSORL                    | 30 | -74.4185 | 0.043006 | 0.041724
PPO-PSO                   vs RRSACPSO                  | 30 | -44.6866 | 0.280443 | 0.284820
MPSORL                    vs RRSACPSO                  | 30 |  29.7319 | 0.474202 | 0.497293

=== HOLM-CORRECTED SIGNIFICANCE SUMMARY ===
Significant pairs (Holm-corrected, paired t-test): 10/15
Significant pairs (Holm-corrected, Wilcoxon):      9/15

=== OVERALL RANKING (MEAN METRIC + HOLM T-TEST WINS) ===
Rank | Algorithm                 | Mean | Holm Wins
---------------------------------------------------------------
1    | PPO-PSO                   | 12299.1911 |         3
2    | RRSACPSO                  | 12343.8778 |         3
3    | MPSORL                    | 12373.6097 |         3
4    | RLAMPSO [36]              | 12508.8075 |         1
5    | SAC-SAPSO [40]            | 12536.3838 |         0
6    | DQN-PSO [34]              | 12690.6148 |         0

Friedman omnibus (run-level blocks): chi2(5)=58.3810, p=0.000000 (N=30 runs)

Statistical artifacts saved for Scenario 1:
  Pairwise CSV: /Users/hust-hwashin621m/Desktop/vietanhpaper-2/results/_tmp_rlbased_s4/TTest_Pairwise_Scenario1.csv
  Summary CSV:  /Users/hust-hwashin621m/Desktop/vietanhpaper-2/results/_tmp_rlbased_s4/TTest_Summary_Scenario1.csv
  MAT file:     /Users/hust-hwashin621m/Desktop/vietanhpaper-2/results/_tmp_rlbased_s4/TTest_Results_Scenario1.mat
Generating diagnostic visualisations...
==== PSO Debug Information ====
Algorithm RLAMPSO [36] is present
  globalPlanTimes: 1 data points
    Range: 0 to 0
  globalPlanDurations: 1 data points
    Range: 207.2502 to 207.2502
  pathLengths: 1 data points
    Range: 311.22 to 311.22
  pathWaypoints: 1 data points
    Range: 7 to 7
  ERROR: obstacleDistances is missing for RLAMPSO [36]
-------------------
Algorithm DQN-PSO [34] is present
  globalPlanTimes: 1 data points
    Range: 0 to 0
  globalPlanDurations: 1 data points
    Range: 382.9849 to 382.9849
  pathLengths: 1 data points
    Range: 298.3202 to 298.3202
  pathWaypoints: 1 data points
    Range: 7 to 7
  ERROR: obstacleDistances is missing for DQN-PSO [34]
-------------------
Algorithm SAC-SAPSO [40] is present
  globalPlanTimes: 1 data points
    Range: 0 to 0
  globalPlanDurations: 1 data points
    Range: 186.1472 to 186.1472
  pathLengths: 1 data points
    Range: 298.1786 to 298.1786
  pathWaypoints: 1 data points
    Range: 7 to 7
  ERROR: obstacleDistances is missing for SAC-SAPSO [40]
-------------------
Algorithm PPO-PSO is present
  globalPlanTimes: 1 data points
    Range: 0 to 0
  globalPlanDurations: 1 data points
    Range: 229.1427 to 229.1427
  pathLengths: 1 data points
    Range: 300.2073 to 300.2073
  pathWaypoints: 1 data points
    Range: 7 to 7
  ERROR: obstacleDistances is missing for PPO-PSO
-------------------
Algorithm MPSORL is present
  globalPlanTimes: 1 data points
    Range: 0 to 0
  globalPlanDurations: 1 data points
    Range: 168.8164 to 168.8164
  pathLengths: 1 data points
    Range: 296.3406 to 296.3406
  pathWaypoints: 1 data points
    Range: 7 to 7
  ERROR: obstacleDistances is missing for MPSORL
-------------------
Algorithm RRSACPSO is present
  globalPlanTimes: 1 data points
    Range: 0 to 0
  globalPlanDurations: 1 data points
    Range: 288.6751 to 288.6751
  pathLengths: 1 data points
    Range: 298.6018 to 298.6018
  pathWaypoints: 1 data points
    Range: 7 to 7
  ERROR: obstacleDistances is missing for RRSACPSO
-------------------

=== ALGORITHM COMPARISON SUMMARY ===
RLAMPSO [36]: Path=311.22, Time=207.2502s, Safety=N/A (direct planning)
DQN-PSO [34]: Path=298.32, Time=382.9849s, Safety=N/A (direct planning)
SAC-SAPSO [40]: Path=298.18, Time=186.1472s, Safety=N/A (direct planning)
PPO-PSO: Path=300.21, Time=229.1427s, Safety=N/A (direct planning)
MPSORL: Path=296.34, Time=168.8164s, Safety=N/A (direct planning)
RRSACPSO: Path=298.60, Time=288.6751s, Safety=N/A (direct planning)
PSO comparison figures saved successfully!
Generating trajectory and convergence figures...
CLPSO iteration: 250/1000 - Best fitness: 13723.9691 - w: 0.700
FIPS iteration: 750/1000 - Best fitness: 12850.6368
CLPSO iteration: 850/1000 - Best fitness: 13130.9349 - w: 0.220
CLPSO iteration: 200/1000 - Best fitness: 13533.7546 - w: 0.740
CLPSO iteration: 150/1000 - Best fitness: 13761.4422 - w: 0.780
FIPS iteration: 650/1000 - Best fitness: 12971.0534
CLPSO iteration: 250/1000 - Best fitness: 13730.9718 - w: 0.700

=== Algorithm Comparison Complete for Scenario 1 ===
3D view saved as: /Users/hust-hwashin621m/Desktop/vietanhpaper-2/results/_tmp_rlbased_s4/plot_Algorithm_Comparison_Scenario1_3D.pdf
Top view saved as: /Users/hust-hwashin621m/Desktop/vietanhpaper-2/results/_tmp_rlbased_s4/plot_Algorithm_Comparison_Scenario1_TopView.pdf

=== Path Length Comparison ===
RLAMPSO [36]: 311.22 units
DQN-PSO [34]: 298.32 units
SAC-SAPSO [40]: 298.18 units
PPO-PSO: 300.21 units
MPSORL: 296.34 units
RRSACPSO: 298.60 units
Convergence plot saved as: /Users/hust-hwashin621m/Desktop/vietanhpaper-2/results/_tmp_rlbased_s4/Convergence_Comparison_Scenario1.pdf
CLPSO iteration: 400/1000 - Best fitness: 13620.6409 - w: 0.580
CLPSO iteration: 300/1000 - Best fitness: 13450.1606 - w: 0.660
FIPS iteration: 950/1000 - Best fitness: 12575.0413
Parameter tracking plot saved as: /Users/hust-hwashin621m/Desktop/vietanhpaper-2/results/_tmp_rlbased_s4/Parameter_Tracking_Scenario1.pdf
Reward plot saved as: /Users/hust-hwashin621m/Desktop/vietanhpaper-2/results/_tmp_rlbased_s4/Reward_Comparison_Scenario1.pdf
CLPSO iteration: 800/1000 - Best fitness: 12812.3291 - w: 0.260
Critic loss plot saved as: /Users/hust-hwashin621m/Desktop/vietanhpaper-2/results/_tmp_rlbased_s4/Critic_Loss_Scenario1.pdf
All runs data written to: /Users/hust-hwashin621m/Desktop/vietanhpaper-2/results/_tmp_rlbased_s4/TTest_AllRuns_Scenario1_2026-03-11_10-57-06.csv
Summary statistics written to: /Users/hust-hwashin621m/Desktop/vietanhpaper-2/results/_tmp_rlbased_s4/TTest_AlgorithmSummary_Scenario1_2026-03-11_10-57-06.csv
Reports generated:
  All runs data: /Users/hust-hwashin621m/Desktop/vietanhpaper-2/results/_tmp_rlbased_s4/TTest_AllRuns_Scenario1_2026-03-11_10-57-06.csv
  Algorithm summary: /Users/hust-hwashin621m/Desktop/vietanhpaper-2/results/_tmp_rlbased_s4/TTest_AlgorithmSummary_Scenario1_2026-03-11_10-57-06.csv
Scenario 1 complete.
All scenarios completed successfully!

Comparison complete! Log file saved to: /Users/hust-hwashin621m/Desktop/vietanhpaper-2/outputs/logs/run_comparison_2026-03-11_09-52-56.log
FIPS iteration: 800/1000 - Best fitness: 12814.075
CLPSO iteration: 50/1000 - Best fitness: 14305.5874 - w: 0.860
CLPSO iteration: 550/1000 - Best fitness: 13403.0743 - w: 0.460
FIPS iteration: 700/1000 - Best fitness: 12971.0534
CLPSO iteration: 300/1000 - Best fitness: 13703.5041 - w: 0.660
CLPSO iteration: 300/1000 - Best fitness: 13723.9691 - w: 0.660
CLPSO iteration: 200/1000 - Best fitness: 13596.5638 - w: 0.740
CLPSO iteration: 900/1000 - Best fitness: 13130.3566 - w: 0.180
CLPSO iteration: 250/1000 - Best fitness: 13409.7352 - w: 0.700
FIPS iteration: 1000/1000 - Best fitness: 12575.0413
FIPS completed with final fitness: 12575.0413

========== Planning Complete ==========
Algorithm: FIPS
Execution time: 685.6959 seconds
Path length: 305.4149 units
Waypoints: 7
Best fitness: 12575.0413
========================================


========== Direct Global Planning ==========
Algorithm: CLPSO
Start: [0.0, 0.0, 10.0]
Goal:  [200.0, 200.0, 10.0]
============================================

Starting CLPSO (Comprehensive Learning PSO) path planning...
Number of Initial feasible particles: 0/100
CLPSO iteration: 450/1000 - Best fitness: 13362.7561 - w: 0.540
CLPSO iteration: 300/1000 - Best fitness: 13730.9718 - w: 0.660
FIPS iteration: 850/1000 - Best fitness: 12814.075
CLPSO iteration: 350/1000 - Best fitness: 13450.1606 - w: 0.620
CLPSO iteration: 850/1000 - Best fitness: 12811.4335 - w: 0.220
FIPS iteration: 750/1000 - Best fitness: 12971.0534
CLPSO iteration: 100/1000 - Best fitness: 13807.0598 - w: 0.820
FIPS iteration: 900/1000 - Best fitness: 12814.075
CLPSO iteration: 600/1000 - Best fitness: 13403.0743 - w: 0.420
CLPSO iteration: 350/1000 - Best fitness: 13622.5891 - w: 0.620
CLPSO iteration: 250/1000 - Best fitness: 13453.6811 - w: 0.700
CLPSO iteration: 350/1000 - Best fitness: 13647.1225 - w: 0.620
CLPSO iteration: 50/1000 - Best fitness: 14408.9649 - w: 0.860
CLPSO iteration: 300/1000 - Best fitness: 13165.4166 - w: 0.660
CLPSO iteration: 500/1000 - Best fitness: 13362.7561 - w: 0.500
CLPSO iteration: 950/1000 - Best fitness: 13114.0163 - w: 0.140
CLPSO iteration: 350/1000 - Best fitness: 13597.745 - w: 0.620
FIPS iteration: 800/1000 - Best fitness: 12714.0538
CLPSO iteration: 400/1000 - Best fitness: 13402.8543 - w: 0.580
FIPS iteration: 950/1000 - Best fitness: 12814.075
CLPSO iteration: 150/1000 - Best fitness: 13449.5685 - w: 0.780
CLPSO iteration: 900/1000 - Best fitness: 12811.4335 - w: 0.180
CLPSO iteration: 650/1000 - Best fitness: 13256.243 - w: 0.380
CLPSO iteration: 400/1000 - Best fitness: 13533.4821 - w: 0.580
CLPSO iteration: 300/1000 - Best fitness: 13452.1556 - w: 0.660
FIPS iteration: 1000/1000 - Best fitness: 12806.7396
FIPS completed with final fitness: 12806.7396

========== Planning Complete ==========
Algorithm: FIPS
Execution time: 603.9545 seconds
Path length: 360.1756 units
Waypoints: 7
Best fitness: 12806.7396
========================================


========== Direct Global Planning ==========
Algorithm: CLPSO
Start: [0.0, 0.0, 10.0]
Goal:  [200.0, 200.0, 10.0]
============================================

Starting CLPSO (Comprehensive Learning PSO) path planning...
Number of Initial feasible particles: 0/100
CLPSO iteration: 100/1000 - Best fitness: 14109.8413 - w: 0.820
FIPS iteration: 850/1000 - Best fitness: 12714.0538
CLPSO iteration: 400/1000 - Best fitness: 13647.1225 - w: 0.580
CLPSO iteration: 550/1000 - Best fitness: 13362.7561 - w: 0.460
CLPSO iteration: 350/1000 - Best fitness: 13165.4166 - w: 0.620
CLPSO iteration: 1000/1000 - Best fitness: 13106.7619 - w: 0.100
CLPSO completed with final fitness: 13106.7619

========== Planning Complete ==========
Algorithm: CLPSO
Execution time: 829.1810 seconds
Path length: 308.6518 units
Waypoints: 7
Best fitness: 13106.7619
========================================


========== Direct Global Planning ==========
Algorithm: SAEPSO
Start: [0.0, 0.0, 10.0]
Goal:  [200.0, 200.0, 10.0]
============================================

Starting SAEPSO-FULL (All improvements enabled)...
  Stage 1: Tent map initialization in spherical coordinates...
  Stage 2: Opposition-based learning...
  Stage 3: Main optimization loop...
CLPSO iteration: 400/1000 - Best fitness: 13399.4136 - w: 0.580
CLPSO iteration: 450/1000 - Best fitness: 13402.8543 - w: 0.540
CLPSO iteration: 200/1000 - Best fitness: 13269.4529 - w: 0.740
Iteration: 50/1000 - Best fitness: 12175.1978
CLPSO iteration: 950/1000 - Best fitness: 12811.4335 - w: 0.140
FIPS iteration: 900/1000 - Best fitness: 12714.0538
Iteration: 100/1000 - Best fitness: 12109.6855
CLPSO iteration: 50/1000 - Best fitness: 14341.7157 - w: 0.860
CLPSO iteration: 700/1000 - Best fitness: 13149.045 - w: 0.340
CLPSO iteration: 450/1000 - Best fitness: 13329.5034 - w: 0.540
CLPSO iteration: 350/1000 - Best fitness: 13408.4177 - w: 0.620
CLPSO iteration: 150/1000 - Best fitness: 13957.5022 - w: 0.780
CLPSO iteration: 450/1000 - Best fitness: 13553.372 - w: 0.540
Iteration: 150/1000 - Best fitness: 12109.6855
CLPSO iteration: 600/1000 - Best fitness: 13362.7561 - w: 0.420
CLPSO iteration: 400/1000 - Best fitness: 13165.4166 - w: 0.580
Iteration: 200/1000 - Best fitness: 12108.7379
CLPSO iteration: 450/1000 - Best fitness: 13399.4136 - w: 0.540
CLPSO iteration: 250/1000 - Best fitness: 13269.4529 - w: 0.700
FIPS iteration: 950/1000 - Best fitness: 12714.0538
CLPSO iteration: 500/1000 - Best fitness: 13402.8543 - w: 0.500
CLPSO iteration: 1000/1000 - Best fitness: 12811.1594 - w: 0.100
CLPSO completed with final fitness: 12811.1594

========== Planning Complete ==========
Algorithm: CLPSO
Execution time: 804.6075 seconds
Path length: 308.2257 units
Waypoints: 7
Best fitness: 12811.1594
========================================


========== Direct Global Planning ==========
Algorithm: SAEPSO
Start: [0.0, 0.0, 10.0]
Goal:  [200.0, 200.0, 10.0]
============================================

Starting SAEPSO-FULL (All improvements enabled)...
  Stage 1: Tent map initialization in spherical coordinates...
  Stage 2: Opposition-based learning...
  Stage 3: Main optimization loop...
Iteration: 250/1000 - Best fitness: 12108.7379
CLPSO iteration: 100/1000 - Best fitness: 14236.739 - w: 0.820
Iteration: 300/1000 - Best fitness: 12108.2789
Iteration: 50/1000 - Best fitness: 12178.5492
CLPSO iteration: 500/1000 - Best fitness: 13283.8296 - w: 0.500
CLPSO iteration: 400/1000 - Best fitness: 13408.4177 - w: 0.580
CLPSO iteration: 750/1000 - Best fitness: 13079.7021 - w: 0.300
CLPSO iteration: 650/1000 - Best fitness: 13234.0343 - w: 0.380
CLPSO iteration: 200/1000 - Best fitness: 13856.4532 - w: 0.740
FIPS iteration: 1000/1000 - Best fitness: 12640.2217
FIPS completed with final fitness: 12640.2217

========== Planning Complete ==========
Algorithm: FIPS
Execution time: 643.8891 seconds
Path length: 301.4923 units
Waypoints: 7
Best fitness: 12640.2217
========================================


========== Direct Global Planning ==========
Algorithm: CLPSO
Start: [0.0, 0.0, 10.0]
Goal:  [200.0, 200.0, 10.0]
============================================

Starting CLPSO (Comprehensive Learning PSO) path planning...
Number of Initial feasible particles: 0/100
CLPSO iteration: 500/1000 - Best fitness: 13439.5807 - w: 0.500
Iteration: 350/1000 - Best fitness: 12108.2789
CLPSO iteration: 450/1000 - Best fitness: 13165.4166 - w: 0.540
Iteration: 100/1000 - Best fitness: 12176.8498
CLPSO iteration: 300/1000 - Best fitness: 13269.4529 - w: 0.660
CLPSO iteration: 500/1000 - Best fitness: 13362.7874 - w: 0.500
Iteration: 400/1000 - Best fitness: 12108.2789
Iteration: 150/1000 - Best fitness: 12176.2989
CLPSO iteration: 550/1000 - Best fitness: 13402.8543 - w: 0.460
Iteration: 450/1000 - Best fitness: 12108.2789
CLPSO iteration: 150/1000 - Best fitness: 14026.5331 - w: 0.780
Iteration: 200/1000 - Best fitness: 12176.2989
CLPSO iteration: 50/1000 - Best fitness: 14983.2981 - w: 0.860
Iteration: 500/1000 - Best fitness: 12107.954
CLPSO iteration: 450/1000 - Best fitness: 13370.6515 - w: 0.540
CLPSO iteration: 550/1000 - Best fitness: 13262.2279 - w: 0.460
CLPSO iteration: 800/1000 - Best fitness: 13034.5077 - w: 0.260
Iteration: 250/1000 - Best fitness: 12176.2989
CLPSO iteration: 700/1000 - Best fitness: 13234.0343 - w: 0.340
CLPSO iteration: 250/1000 - Best fitness: 13627.2015 - w: 0.700
CLPSO iteration: 500/1000 - Best fitness: 13165.4166 - w: 0.500
Iteration: 550/1000 - Best fitness: 12107.954
CLPSO iteration: 550/1000 - Best fitness: 13439.5807 - w: 0.460
CLPSO iteration: 350/1000 - Best fitness: 13269.4529 - w: 0.620
Iteration: 300/1000 - Best fitness: 12129.0914
Iteration: 600/1000 - Best fitness: 12107.954
CLPSO iteration: 550/1000 - Best fitness: 13362.7874 - w: 0.460
Iteration: 350/1000 - Best fitness: 12109.141
CLPSO iteration: 600/1000 - Best fitness: 13257.9982 - w: 0.420
CLPSO iteration: 200/1000 - Best fitness: 13888.65 - w: 0.740
Iteration: 650/1000 - Best fitness: 12107.954
CLPSO iteration: 100/1000 - Best fitness: 14382.2157 - w: 0.820
Iteration: 400/1000 - Best fitness: 12108.5377
CLPSO iteration: 600/1000 - Best fitness: 13229.0663 - w: 0.420
CLPSO iteration: 500/1000 - Best fitness: 13310.3894 - w: 0.500
Iteration: 700/1000 - Best fitness: 12107.954
CLPSO iteration: 750/1000 - Best fitness: 13234.0343 - w: 0.300
CLPSO iteration: 850/1000 - Best fitness: 13012.307 - w: 0.220
Iteration: 450/1000 - Best fitness: 12108.4674
CLPSO iteration: 300/1000 - Best fitness: 13621.1424 - w: 0.660
CLPSO iteration: 550/1000 - Best fitness: 13165.4166 - w: 0.460
Iteration: 750/1000 - Best fitness: 12107.954
CLPSO iteration: 600/1000 - Best fitness: 13410.8706 - w: 0.420
CLPSO iteration: 400/1000 - Best fitness: 13269.4529 - w: 0.580
Iteration: 500/1000 - Best fitness: 12108.2229
Iteration: 800/1000 - Best fitness: 12107.954
CLPSO iteration: 600/1000 - Best fitness: 13362.7874 - w: 0.420
CLPSO iteration: 150/1000 - Best fitness: 14093.4024 - w: 0.780
Iteration: 550/1000 - Best fitness: 12108.2229
CLPSO iteration: 650/1000 - Best fitness: 13252.0065 - w: 0.380
CLPSO iteration: 250/1000 - Best fitness: 13881.6563 - w: 0.700
Iteration: 850/1000 - Best fitness: 12107.954
CLPSO iteration: 650/1000 - Best fitness: 13175.8498 - w: 0.380
Iteration: 600/1000 - Best fitness: 12108.2229
CLPSO iteration: 550/1000 - Best fitness: 13235.5383 - w: 0.460
Iteration: 900/1000 - Best fitness: 12107.954
CLPSO iteration: 800/1000 - Best fitness: 13233.4946 - w: 0.260
CLPSO iteration: 350/1000 - Best fitness: 13405.2573 - w: 0.620
CLPSO iteration: 900/1000 - Best fitness: 12959.2783 - w: 0.180
Iteration: 650/1000 - Best fitness: 12108.2229
CLPSO iteration: 600/1000 - Best fitness: 13165.4166 - w: 0.420
Iteration: 950/1000 - Best fitness: 12107.954
CLPSO iteration: 650/1000 - Best fitness: 13410.8706 - w: 0.380
CLPSO iteration: 450/1000 - Best fitness: 13153.9442 - w: 0.540
Iteration: 700/1000 - Best fitness: 12107.9757
Iteration: 1000/1000 - Best fitness: 12107.954
SAEPSO-FULL completed with final fitness: 12107.954

========== Planning Complete ==========
Algorithm: SAEPSO
Execution time: 188.0935 seconds
Path length: 364.2189 units
Waypoints: 7
Best fitness: 12107.9540
========================================


========== Direct Global Planning ==========
Algorithm: SAEPSO
Start: [0.0, 0.0, 10.0]
Goal:  [200.0, 200.0, 10.0]
============================================

Starting SAEPSO-ParamsOnly (Parameter control strategy only)...
  Initialization: Random Cartesian coordinates...
  Stage 3: Main optimization loop...
CLPSO iteration: 200/1000 - Best fitness: 14008.1894 - w: 0.740
Iteration: 50/1000 - Best fitness: 13891.0588
CLPSO iteration: 650/1000 - Best fitness: 13215.1412 - w: 0.380
CLPSO iteration: 300/1000 - Best fitness: 13760.7001 - w: 0.660
Iteration: 750/1000 - Best fitness: 12107.9757
Iteration: 100/1000 - Best fitness: 13095.9397
CLPSO iteration: 700/1000 - Best fitness: 13252.0065 - w: 0.340
Iteration: 150/1000 - Best fitness: 12683.9872
Iteration: 200/1000 - Best fitness: 12478.9261
CLPSO iteration: 700/1000 - Best fitness: 13163.4008 - w: 0.340
CLPSO iteration: 600/1000 - Best fitness: 13235.5383 - w: 0.420
Iteration: 800/1000 - Best fitness: 12107.9757
Iteration: 250/1000 - Best fitness: 12417.6167
CLPSO iteration: 850/1000 - Best fitness: 13008.1423 - w: 0.220
Iteration: 300/1000 - Best fitness: 12399.102
CLPSO iteration: 400/1000 - Best fitness: 13282.4462 - w: 0.580
CLPSO iteration: 950/1000 - Best fitness: 12959.2783 - w: 0.140
Iteration: 850/1000 - Best fitness: 12107.9757
Iteration: 350/1000 - Best fitness: 12373.089
CLPSO iteration: 500/1000 - Best fitness: 13072.4631 - w: 0.500
CLPSO iteration: 650/1000 - Best fitness: 13160.5291 - w: 0.380
Iteration: 400/1000 - Best fitness: 12331.1145
CLPSO iteration: 700/1000 - Best fitness: 13376.106 - w: 0.340
CLPSO iteration: 250/1000 - Best fitness: 13929.7892 - w: 0.700
Iteration: 450/1000 - Best fitness: 12300.2692
Iteration: 900/1000 - Best fitness: 12107.9725
Iteration: 500/1000 - Best fitness: 12292.4093
Iteration: 550/1000 - Best fitness: 12286.5441
CLPSO iteration: 350/1000 - Best fitness: 13493.0879 - w: 0.620
CLPSO iteration: 700/1000 - Best fitness: 13215.1412 - w: 0.340
Iteration: 950/1000 - Best fitness: 12107.9725
Iteration: 600/1000 - Best fitness: 12284.8692
CLPSO iteration: 750/1000 - Best fitness: 13045.6811 - w: 0.300
Iteration: 650/1000 - Best fitness: 12238.5791
CLPSO iteration: 750/1000 - Best fitness: 13115.1336 - w: 0.300
Iteration: 700/1000 - Best fitness: 12213.5918
CLPSO iteration: 650/1000 - Best fitness: 13141.4003 - w: 0.380
Iteration: 1000/1000 - Best fitness: 12107.9725
SAEPSO-FULL completed with final fitness: 12107.9725

========== Planning Complete ==========
Algorithm: SAEPSO
Execution time: 192.4021 seconds
Path length: 364.2274 units
Waypoints: 7
Best fitness: 12107.9725
========================================


========== Direct Global Planning ==========
Algorithm: SAEPSO
Start: [0.0, 0.0, 10.0]
Goal:  [200.0, 200.0, 10.0]
============================================

Starting SAEPSO-ParamsOnly (Parameter control strategy only)...
  Initialization: Random Cartesian coordinates...
  Stage 3: Main optimization loop...
CLPSO iteration: 900/1000 - Best fitness: 13008.1423 - w: 0.180
Iteration: 750/1000 - Best fitness: 12209.3096
Iteration: 50/1000 - Best fitness: 13021.9707
CLPSO iteration: 450/1000 - Best fitness: 13274.9944 - w: 0.540
Iteration: 800/1000 - Best fitness: 12208.521
Iteration: 100/1000 - Best fitness: 12859.8224
CLPSO iteration: 550/1000 - Best fitness: 13072.4631 - w: 0.460
CLPSO iteration: 1000/1000 - Best fitness: 12956.0147 - w: 0.100
CLPSO completed with final fitness: 12956.0147

========== Planning Complete ==========
Algorithm: CLPSO
Execution time: 782.7463 seconds
Path length: 326.1308 units
Waypoints: 7
Best fitness: 12956.0147
========================================


========== Direct Global Planning ==========
Algorithm: SAEPSO
Start: [0.0, 0.0, 10.0]
Goal:  [200.0, 200.0, 10.0]
============================================

Starting SAEPSO-FULL (All improvements enabled)...
  Stage 1: Tent map initialization in spherical coordinates...
  Stage 2: Opposition-based learning...
CLPSO iteration: 700/1000 - Best fitness: 13160.5291 - w: 0.340
Iteration: 850/1000 - Best fitness: 12208.1594
  Stage 3: Main optimization loop...
Iteration: 150/1000 - Best fitness: 12595.8035
CLPSO iteration: 300/1000 - Best fitness: 13768.2714 - w: 0.660
CLPSO iteration: 750/1000 - Best fitness: 13279.9587 - w: 0.300
Iteration: 900/1000 - Best fitness: 12208.0724
Iteration: 200/1000 - Best fitness: 12542.9809
Iteration: 950/1000 - Best fitness: 12208.0498
Iteration: 250/1000 - Best fitness: 12469.7192
Iteration: 50/1000 - Best fitness: 12179.6231
Iteration: 1000/1000 - Best fitness: 12208.0435
SAEPSO-ParamsOnly completed with final fitness: 12208.0435

========== Planning Complete ==========
Algorithm: SAEPSO
Execution time: 81.2111 seconds
Path length: 320.5993 units
Waypoints: 7
Best fitness: 12208.0435
========================================


========== Direct Global Planning ==========
Algorithm: UAPSO
Start: [0.0, 0.0, 10.0]
Goal:  [200.0, 200.0, 10.0]
============================================

Starting UAPSO global path planning...
Initial feasible particles: 0/100
CLPSO iteration: 400/1000 - Best fitness: 13493.0879 - w: 0.580
Iteration: 300/1000 - Best fitness: 12422.8877
Iteration: 350/1000 - Best fitness: 12371.7032
CLPSO iteration: 750/1000 - Best fitness: 13215.1412 - w: 0.300
CLPSO iteration: 800/1000 - Best fitness: 13037.7003 - w: 0.260
Iteration: 100/1000 - Best fitness: 12176.5656
Iteration: 400/1000 - Best fitness: 12341.2407
CLPSO iteration: 800/1000 - Best fitness: 13097.4805 - w: 0.260
CLPSO iteration: 700/1000 - Best fitness: 13088.5137 - w: 0.340
Iteration: 450/1000 - Best fitness: 12324.5953
CLPSO iteration: 950/1000 - Best fitness: 13008.1423 - w: 0.140
Iteration: 500/1000 - Best fitness: 12268.827
Iteration: 150/1000 - Best fitness: 12108.3928
CLPSO iteration: 500/1000 - Best fitness: 13257.646 - w: 0.500
Iteration: 550/1000 - Best fitness: 12200.7825
CLPSO iteration: 600/1000 - Best fitness: 13072.4631 - w: 0.420
Iteration: 600/1000 - Best fitness: 12186.6376
CLPSO iteration: 350/1000 - Best fitness: 13413.8267 - w: 0.620
CLPSO iteration: 750/1000 - Best fitness: 13160.5291 - w: 0.300
CLPSO iteration: 800/1000 - Best fitness: 13225.4669 - w: 0.260
Iteration: 650/1000 - Best fitness: 12177.5392
Iteration: 200/1000 - Best fitness: 12108.3928
Iteration: 700/1000 - Best fitness: 12169.4155
Iteration: 750/1000 - Best fitness: 12165.0802
Iteration: 250/1000 - Best fitness: 12108.3928
CLPSO iteration: 450/1000 - Best fitness: 13342.6203 - w: 0.540
Iteration: 800/1000 - Best fitness: 12162.9144
Iteration: 850/1000 - Best fitness: 12158.0335
CLPSO iteration: 850/1000 - Best fitness: 13037.7003 - w: 0.220
CLPSO iteration: 800/1000 - Best fitness: 13215.1412 - w: 0.260
Iteration: 900/1000 - Best fitness: 12156.9804
Iteration: 300/1000 - Best fitness: 12108.3928
CLPSO iteration: 850/1000 - Best fitness: 13092.0837 - w: 0.220
CLPSO iteration: 750/1000 - Best fitness: 13088.5137 - w: 0.300
Iteration: 950/1000 - Best fitness: 12156.5907
UAPSO iteration 50/1000 - Best fitness: 14611.5991
CLPSO iteration: 1000/1000 - Best fitness: 13008.1423 - w: 0.100
CLPSO completed with final fitness: 13008.1423

========== Planning Complete ==========
Algorithm: CLPSO
Execution time: 718.5575 seconds
Path length: 311.8491 units
Waypoints: 7
Best fitness: 13008.1423
========================================


========== Direct Global Planning ==========
Algorithm: SAEPSO
Start: [0.0, 0.0, 10.0]
Goal:  [200.0, 200.0, 10.0]
============================================

Starting SAEPSO-FULL (All improvements enabled)...
  Stage 1: Tent map initialization in spherical coordinates...
  Stage 2: Opposition-based learning...
  Stage 3: Main optimization loop...
Iteration: 1000/1000 - Best fitness: 12156.3332
SAEPSO-ParamsOnly completed with final fitness: 12156.3332

========== Planning Complete ==========
Algorithm: SAEPSO
Execution time: 79.7332 seconds
Path length: 315.9168 units
Waypoints: 7
Best fitness: 12156.3332
========================================


========== Direct Global Planning ==========
Algorithm: UAPSO
Start: [0.0, 0.0, 10.0]
Goal:  [200.0, 200.0, 10.0]
============================================

Starting UAPSO global path planning...
CLPSO iteration: 550/1000 - Best fitness: 13109.9912 - w: 0.460
Initial feasible particles: 0/100
Iteration: 350/1000 - Best fitness: 12107.9773
CLPSO iteration: 650/1000 - Best fitness: 13072.4631 - w: 0.380
CLPSO iteration: 400/1000 - Best fitness: 13213.4472 - w: 0.580
Iteration: 50/1000 - Best fitness: 12108.2203
CLPSO iteration: 800/1000 - Best fitness: 13146.0796 - w: 0.260
CLPSO iteration: 850/1000 - Best fitness: 13225.4669 - w: 0.220
Iteration: 400/1000 - Best fitness: 12107.9773
Iteration: 100/1000 - Best fitness: 12108.2203
CLPSO iteration: 500/1000 - Best fitness: 13290.4139 - w: 0.500
Iteration: 450/1000 - Best fitness: 12107.9773
Iteration: 150/1000 - Best fitness: 12105.9223
CLPSO iteration: 900/1000 - Best fitness: 12922.6167 - w: 0.180
CLPSO iteration: 850/1000 - Best fitness: 13079.1518 - w: 0.220
CLPSO iteration: 900/1000 - Best fitness: 13087.2752 - w: 0.180
Iteration: 500/1000 - Best fitness: 12107.9773
CLPSO iteration: 800/1000 - Best fitness: 13065.8635 - w: 0.260
CLPSO iteration: 600/1000 - Best fitness: 13109.9912 - w: 0.420
Iteration: 200/1000 - Best fitness: 12105.9223
CLPSO iteration: 700/1000 - Best fitness: 13072.4631 - w: 0.340
Iteration: 550/1000 - Best fitness: 12107.9773
CLPSO iteration: 450/1000 - Best fitness: 13213.4472 - w: 0.540
CLPSO iteration: 850/1000 - Best fitness: 13080.1462 - w: 0.220
Iteration: 250/1000 - Best fitness: 12105.4449
CLPSO iteration: 900/1000 - Best fitness: 13126.0186 - w: 0.180
UAPSO iteration 100/1000 - Best fitness: 14611.5991
Iteration: 600/1000 - Best fitness: 12107.9773
UAPSO iteration 50/1000 - Best fitness: 14236.2971
Iteration: 300/1000 - Best fitness: 12105.4449
CLPSO iteration: 550/1000 - Best fitness: 13290.4139 - w: 0.460
Iteration: 650/1000 - Best fitness: 12107.9773
Iteration: 350/1000 - Best fitness: 12105.4449
CLPSO iteration: 950/1000 - Best fitness: 12974.6892 - w: 0.140
CLPSO iteration: 850/1000 - Best fitness: 12910.409 - w: 0.220
CLPSO iteration: 950/1000 - Best fitness: 12922.6167 - w: 0.140
Iteration: 700/1000 - Best fitness: 12107.9773
CLPSO iteration: 900/1000 - Best fitness: 13054.488 - w: 0.180
CLPSO iteration: 650/1000 - Best fitness: 13065.2688 - w: 0.380
Iteration: 400/1000 - Best fitness: 12105.4449
CLPSO iteration: 750/1000 - Best fitness: 13072.4631 - w: 0.300
CLPSO iteration: 500/1000 - Best fitness: 13211.0839 - w: 0.500
Iteration: 750/1000 - Best fitness: 12107.9773
CLPSO iteration: 900/1000 - Best fitness: 13058.0699 - w: 0.180
Iteration: 450/1000 - Best fitness: 12104.5951
CLPSO iteration: 950/1000 - Best fitness: 13054.9391 - w: 0.140
Iteration: 800/1000 - Best fitness: 12107.9773
CLPSO iteration: 600/1000 - Best fitness: 13290.4139 - w: 0.420
Iteration: 500/1000 - Best fitness: 12104.2224
Iteration: 850/1000 - Best fitness: 12107.9773
CLPSO iteration: 1000/1000 - Best fitness: 12974.6892 - w: 0.100
CLPSO completed with final fitness: 12974.6892

========== Planning Complete ==========
Algorithm: CLPSO
Execution time: 749.9049 seconds
Path length: 318.9223 units
Waypoints: 7
Best fitness: 12974.6892
========================================


========== Direct Global Planning ==========
Algorithm: SAEPSO
Start: [0.0, 0.0, 10.0]
Goal:  [200.0, 200.0, 10.0]
============================================

Starting SAEPSO-FULL (All improvements enabled)...
  Stage 1: Tent map initialization in spherical coordinates...
  Stage 2: Opposition-based learning...
UAPSO iteration 150/1000 - Best fitness: 14611.5991
  Stage 3: Main optimization loop...
CLPSO iteration: 1000/1000 - Best fitness: 12922.6167 - w: 0.100
CLPSO completed with final fitness: 12922.6167

========== Planning Complete ==========
Algorithm: CLPSO
Execution time: 783.5949 seconds
Path length: 296.8120 units
Waypoints: 7
Best fitness: 12922.6167
========================================


========== Direct Global Planning ==========
Algorithm: SAEPSO
Start: [0.0, 0.0, 10.0]
Goal:  [200.0, 200.0, 10.0]
============================================

Iteration: 550/1000 - Best fitness: 12104.2224
Starting SAEPSO-FULL (All improvements enabled)...
  Stage 1: Tent map initialization in spherical coordinates...
  Stage 2: Opposition-based learning...
  Stage 3: Main optimization loop...
CLPSO iteration: 900/1000 - Best fitness: 12910.409 - w: 0.180
Iteration: 900/1000 - Best fitness: 12107.9773
CLPSO iteration: 950/1000 - Best fitness: 13054.488 - w: 0.140
CLPSO iteration: 700/1000 - Best fitness: 13003.4083 - w: 0.340
UAPSO iteration 100/1000 - Best fitness: 14236.2971
CLPSO iteration: 550/1000 - Best fitness: 13211.0728 - w: 0.460
Iteration: 50/1000 - Best fitness: 12167.7788
CLPSO iteration: 800/1000 - Best fitness: 13011.4089 - w: 0.260
Iteration: 600/1000 - Best fitness: 12104.2224
Iteration: 950/1000 - Best fitness: 12107.9364
Iteration: 50/1000 - Best fitness: 12112.8795
CLPSO iteration: 950/1000 - Best fitness: 13058.0699 - w: 0.140
CLPSO iteration: 1000/1000 - Best fitness: 13054.9391 - w: 0.100
CLPSO completed with final fitness: 13054.9391

========== Planning Complete ==========
Algorithm: CLPSO
Execution time: 771.8990 seconds
Path length: 312.4458 units
Waypoints: 7
Best fitness: 13054.9391
========================================


========== Direct Global Planning ==========
Algorithm: SAEPSO
Start: [0.0, 0.0, 10.0]
Goal:  [200.0, 200.0, 10.0]
============================================

Starting SAEPSO-FULL (All improvements enabled)...
  Stage 1: Tent map initialization in spherical coordinates...
  Stage 2: Opposition-based learning...
  Stage 3: Main optimization loop...
Iteration: 100/1000 - Best fitness: 12109.4477
Iteration: 650/1000 - Best fitness: 12102.8753
Iteration: 1000/1000 - Best fitness: 12107.9364
SAEPSO-FULL completed with final fitness: 12107.9364

========== Planning Complete ==========
Algorithm: SAEPSO
Execution time: 190.7199 seconds
Path length: 364.2107 units
Waypoints: 7
Best fitness: 12107.9364
========================================


========== Direct Global Planning ==========
Algorithm: SAEPSO
Start: [0.0, 0.0, 10.0]
Goal:  [200.0, 200.0, 10.0]
============================================

Starting SAEPSO-ParamsOnly (Parameter control strategy only)...
  Initialization: Random Cartesian coordinates...
  Stage 3: Main optimization loop...
Iteration: 100/1000 - Best fitness: 12109.664
Iteration: 50/1000 - Best fitness: 13109.3957
CLPSO iteration: 650/1000 - Best fitness: 13218.2306 - w: 0.380
Iteration: 50/1000 - Best fitness: 12177.4805
Iteration: 150/1000 - Best fitness: 12107.9599
Iteration: 700/1000 - Best fitness: 12102.5738
Iteration: 100/1000 - Best fitness: 12785.1416
Iteration: 150/1000 - Best fitness: 12108.4528
Iteration: 150/1000 - Best fitness: 12719.6582
Iteration: 200/1000 - Best fitness: 12587.7226
CLPSO iteration: 950/1000 - Best fitness: 12910.409 - w: 0.140
Iteration: 750/1000 - Best fitness: 12102.5738
Iteration: 200/1000 - Best fitness: 12107.9599
Iteration: 100/1000 - Best fitness: 12177.4805
Iteration: 250/1000 - Best fitness: 12569.8183
CLPSO iteration: 1000/1000 - Best fitness: 13054.488 - w: 0.100
CLPSO completed with final fitness: 13054.488

========== Planning Complete ==========
Algorithm: CLPSO
Execution time: 791.1224 seconds
Path length: 332.6061 units
Waypoints: 7
Best fitness: 13054.4880
========================================


========== Direct Global Planning ==========
Algorithm: SAEPSO
Start: [0.0, 0.0, 10.0]
Goal:  [200.0, 200.0, 10.0]
============================================

Starting SAEPSO-FULL (All improvements enabled)...
  Stage 1: Tent map initialization in spherical coordinates...
  Stage 2: Opposition-based learning...
  Stage 3: Main optimization loop...
Iteration: 200/1000 - Best fitness: 12108.1058
CLPSO iteration: 600/1000 - Best fitness: 13208.2758 - w: 0.420
Iteration: 300/1000 - Best fitness: 12465.579
CLPSO iteration: 750/1000 - Best fitness: 12903.2843 - w: 0.300
CLPSO iteration: 850/1000 - Best fitness: 13010.5953 - w: 0.220
Iteration: 250/1000 - Best fitness: 12107.9599
Iteration: 350/1000 - Best fitness: 12421.3023
Iteration: 800/1000 - Best fitness: 12102.3672
Iteration: 150/1000 - Best fitness: 12176.8967
Iteration: 250/1000 - Best fitness: 12108.0245
UAPSO iteration 200/1000 - Best fitness: 14611.5991
Iteration: 50/1000 - Best fitness: 12178.8301
Iteration: 400/1000 - Best fitness: 12399.2682
CLPSO iteration: 1000/1000 - Best fitness: 13058.0699 - w: 0.100
CLPSO completed with final fitness: 13058.0699

========== Planning Complete ==========
Algorithm: CLPSO
Execution time: 762.3870 seconds
Path length: 337.5795 units
Waypoints: 7
Best fitness: 13058.0699
========================================


========== Direct Global Planning ==========
Algorithm: SAEPSO
Start: [0.0, 0.0, 10.0]
Goal:  [200.0, 200.0, 10.0]
============================================

Starting SAEPSO-FULL (All improvements enabled)...
  Stage 1: Tent map initialization in spherical coordinates...
  Stage 2: Opposition-based learning...
  Stage 3: Main optimization loop...
Iteration: 450/1000 - Best fitness: 12378.3843
Iteration: 300/1000 - Best fitness: 12107.9599
Iteration: 850/1000 - Best fitness: 12102.3672
Iteration: 200/1000 - Best fitness: 12176.3924
Iteration: 500/1000 - Best fitness: 12370.7433
Iteration: 300/1000 - Best fitness: 12108.0245
Iteration: 100/1000 - Best fitness: 12176.2627
CLPSO iteration: 700/1000 - Best fitness: 13210.4266 - w: 0.340
Iteration: 50/1000 - Best fitness: 12179.6231
Iteration: 550/1000 - Best fitness: 12365.6877
UAPSO iteration 150/1000 - Best fitness: 14236.2971
Iteration: 350/1000 - Best fitness: 12107.9599
Iteration: 900/1000 - Best fitness: 12102.3672
Iteration: 600/1000 - Best fitness: 12361.4423
Iteration: 250/1000 - Best fitness: 12176.3924
Iteration: 350/1000 - Best fitness: 12107.9422
Iteration: 150/1000 - Best fitness: 12108.5922
Iteration: 650/1000 - Best fitness: 12360.609
CLPSO iteration: 1000/1000 - Best fitness: 12904.529 - w: 0.100
CLPSO completed with final fitness: 12904.529

========== Planning Complete ==========
Algorithm: CLPSO
Execution time: 738.0878 seconds
Path length: 321.9909 units
Waypoints: 7
Best fitness: 12904.5290
========================================


========== Direct Global Planning ==========
Algorithm: SAEPSO
Start: [0.0, 0.0, 10.0]
Goal:  [200.0, 200.0, 10.0]
============================================

Starting SAEPSO-FULL (All improvements enabled)...
  Stage 1: Tent map initialization in spherical coordinates...
  Stage 2: Opposition-based learning...
  Stage 3: Main optimization loop...
Iteration: 100/1000 - Best fitness: 12176.3573
Iteration: 700/1000 - Best fitness: 12360.3154
Iteration: 400/1000 - Best fitness: 12107.9599
Iteration: 950/1000 - Best fitness: 12102.2331
CLPSO iteration: 650/1000 - Best fitness: 13205.2249 - w: 0.380
Iteration: 300/1000 - Best fitness: 12108.0341
Iteration: 750/1000 - Best fitness: 12360.1988
Iteration: 200/1000 - Best fitness: 12108.5922
CLPSO iteration: 900/1000 - Best fitness: 13010.5953 - w: 0.180
CLPSO iteration: 800/1000 - Best fitness: 12903.2843 - w: 0.260
Iteration: 400/1000 - Best fitness: 12107.9422
Iteration: 800/1000 - Best fitness: 12360.1721
Iteration: 50/1000 - Best fitness: 12108.1725
Iteration: 150/1000 - Best fitness: 12176.3573
Iteration: 450/1000 - Best fitness: 12107.9599
Iteration: 850/1000 - Best fitness: 12356.7737
Iteration: 1000/1000 - Best fitness: 12102.2331
SAEPSO-FULL completed with final fitness: 12102.2331

========== Planning Complete ==========
Algorithm: SAEPSO
Execution time: 204.8983 seconds
Path length: 360.8816 units
Waypoints: 7
Best fitness: 12102.2331
========================================


========== Direct Global Planning ==========
Algorithm: SAEPSO
Start: [0.0, 0.0, 10.0]
Goal:  [200.0, 200.0, 10.0]
============================================

Starting SAEPSO-ParamsOnly (Parameter control strategy only)...
  Initialization: Random Cartesian coordinates...
  Stage 3: Main optimization loop...
Iteration: 350/1000 - Best fitness: 12108.0341
Iteration: 250/1000 - Best fitness: 12108.0938
Iteration: 900/1000 - Best fitness: 12356.6325
Iteration: 450/1000 - Best fitness: 12107.9422
Iteration: 50/1000 - Best fitness: 13098.2529
Iteration: 200/1000 - Best fitness: 12176.3573
Iteration: 950/1000 - Best fitness: 12356.6058
Iteration: 100/1000 - Best fitness: 12908.6649
Iteration: 100/1000 - Best fitness: 12108.1725
Iteration: 500/1000 - Best fitness: 12107.9599
Iteration: 400/1000 - Best fitness: 12108.0341
Iteration: 1000/1000 - Best fitness: 12356.5998
SAEPSO-ParamsOnly completed with final fitness: 12356.5998

========== Planning Complete ==========
Algorithm: SAEPSO
Execution time: 93.2348 seconds
Path length: 307.2784 units
Waypoints: 7
Best fitness: 12356.5998
========================================


========== Direct Global Planning ==========
Algorithm: UAPSO
Start: [0.0, 0.0, 10.0]
Goal:  [200.0, 200.0, 10.0]
============================================

Starting UAPSO global path planning...
Initial feasible particles: 0/100
Iteration: 150/1000 - Best fitness: 12826.7103
Iteration: 300/1000 - Best fitness: 12108.0938
CLPSO iteration: 750/1000 - Best fitness: 13210.4266 - w: 0.300
Iteration: 500/1000 - Best fitness: 12107.9422
Iteration: 200/1000 - Best fitness: 12590.6749
Iteration: 250/1000 - Best fitness: 12176.2923
Iteration: 550/1000 - Best fitness: 12107.9599
Iteration: 150/1000 - Best fitness: 12105.104
UAPSO iteration 250/1000 - Best fitness: 14611.5991
Iteration: 250/1000 - Best fitness: 12553.8217
Iteration: 450/1000 - Best fitness: 12108.0341
Iteration: 350/1000 - Best fitness: 12108.0938
Iteration: 300/1000 - Best fitness: 12475.1071
Iteration: 550/1000 - Best fitness: 12107.9422
Iteration: 350/1000 - Best fitness: 12453.4631
Iteration: 600/1000 - Best fitness: 12107.9599
Iteration: 300/1000 - Best fitness: 12176.2923
CLPSO iteration: 700/1000 - Best fitness: 13191.5848 - w: 0.340
Iteration: 200/1000 - Best fitness: 12105.104
Iteration: 500/1000 - Best fitness: 12108.0341
CLPSO iteration: 950/1000 - Best fitness: 13004.7976 - w: 0.140
CLPSO iteration: 850/1000 - Best fitness: 12898.3939 - w: 0.220
Iteration: 400/1000 - Best fitness: 12409.7929
Iteration: 400/1000 - Best fitness: 12108.0938
Iteration: 600/1000 - Best fitness: 12107.9422
UAPSO iteration 200/1000 - Best fitness: 14236.2971
Iteration: 450/1000 - Best fitness: 12336.4368
Iteration: 350/1000 - Best fitness: 12108.5536
Iteration: 650/1000 - Best fitness: 12107.9491
Iteration: 500/1000 - Best fitness: 12292.0083
Iteration: 550/1000 - Best fitness: 12108.0341
Iteration: 250/1000 - Best fitness: 12105.104
Iteration: 450/1000 - Best fitness: 12108.0938
Iteration: 550/1000 - Best fitness: 12258.6243
Iteration: 650/1000 - Best fitness: 12107.9422
Iteration: 400/1000 - Best fitness: 12108.5536
Iteration: 600/1000 - Best fitness: 12225.5122
Iteration: 700/1000 - Best fitness: 12107.9491
Iteration: 600/1000 - Best fitness: 12108.0341
Iteration: 300/1000 - Best fitness: 12105.104
Iteration: 500/1000 - Best fitness: 12108.0172
CLPSO iteration: 800/1000 - Best fitness: 13210.4266 - w: 0.260
Iteration: 650/1000 - Best fitness: 12183.08
Iteration: 700/1000 - Best fitness: 12107.9422
Iteration: 700/1000 - Best fitness: 12172.5944
Iteration: 450/1000 - Best fitness: 12108.5536
Iteration: 750/1000 - Best fitness: 12107.9392
Iteration: 650/1000 - Best fitness: 12108.0341
Iteration: 350/1000 - Best fitness: 12105.104
Iteration: 750/1000 - Best fitness: 12168.8432
Iteration: 550/1000 - Best fitness: 12107.9859
Iteration: 750/1000 - Best fitness: 12107.9422
Iteration: 800/1000 - Best fitness: 12167.84
CLPSO iteration: 750/1000 - Best fitness: 13184.9243 - w: 0.300
Iteration: 500/1000 - Best fitness: 12108.082
CLPSO iteration: 1000/1000 - Best fitness: 13004.7976 - w: 0.100
CLPSO completed with final fitness: 13004.7976

========== Planning Complete ==========
Algorithm: CLPSO
Execution time: 732.7169 seconds
Path length: 298.3749 units
Waypoints: 7
Best fitness: 13004.7976
========================================


========== Direct Global Planning ==========
Algorithm: SAEPSO
Start: [0.0, 0.0, 10.0]
Goal:  [200.0, 200.0, 10.0]
============================================

Starting SAEPSO-FULL (All improvements enabled)...
  Stage 1: Tent map initialization in spherical coordinates...
  Stage 2: Opposition-based learning...
Iteration: 800/1000 - Best fitness: 12107.9392
  Stage 3: Main optimization loop...
Iteration: 850/1000 - Best fitness: 12167.6219
CLPSO iteration: 900/1000 - Best fitness: 12898.3939 - w: 0.180
Iteration: 700/1000 - Best fitness: 12107.9742
Iteration: 400/1000 - Best fitness: 12105.104
Iteration: 600/1000 - Best fitness: 12107.9859
Iteration: 900/1000 - Best fitness: 12167.545
Iteration: 800/1000 - Best fitness: 12107.9422
UAPSO iteration 300/1000 - Best fitness: 14611.5991
Iteration: 950/1000 - Best fitness: 12167.5215
Iteration: 550/1000 - Best fitness: 12107.9661
UAPSO iteration 50/1000 - Best fitness: 14672.6673
Iteration: 850/1000 - Best fitness: 12107.9392
Iteration: 750/1000 - Best fitness: 12107.9456
Iteration: 50/1000 - Best fitness: 12128.5385
Iteration: 650/1000 - Best fitness: 12107.9859
Iteration: 1000/1000 - Best fitness: 12167.5145
SAEPSO-ParamsOnly completed with final fitness: 12167.5145

========== Planning Complete ==========
Algorithm: SAEPSO
Execution time: 86.0147 seconds
Path length: 322.4847 units
Waypoints: 7
Best fitness: 12167.5145
========================================


========== Direct Global Planning ==========
Algorithm: UAPSO
Start: [0.0, 0.0, 10.0]
Goal:  [200.0, 200.0, 10.0]
============================================

Starting UAPSO global path planning...
Initial feasible particles: 0/100
Iteration: 450/1000 - Best fitness: 12103.8377
Iteration: 850/1000 - Best fitness: 12107.9422
Iteration: 600/1000 - Best fitness: 12107.9661
Iteration: 900/1000 - Best fitness: 12107.9392
Iteration: 800/1000 - Best fitness: 12107.9456
Iteration: 700/1000 - Best fitness: 12107.9859
Iteration: 100/1000 - Best fitness: 12108.0651
CLPSO iteration: 850/1000 - Best fitness: 13180.5938 - w: 0.220
Iteration: 500/1000 - Best fitness: 12103.8377
Iteration: 900/1000 - Best fitness: 12107.9422
Iteration: 650/1000 - Best fitness: 12107.9661
UAPSO iteration 250/1000 - Best fitness: 14236.2971
Iteration: 850/1000 - Best fitness: 12107.9456
Iteration: 950/1000 - Best fitness: 12107.9392
Iteration: 750/1000 - Best fitness: 12107.9859
Iteration: 150/1000 - Best fitness: 12108.0651
Iteration: 550/1000 - Best fitness: 12103.8377
CLPSO iteration: 800/1000 - Best fitness: 13184.7827 - w: 0.260
Iteration: 950/1000 - Best fitness: 12107.9422
Iteration: 700/1000 - Best fitness: 12107.9661
CLPSO iteration: 950/1000 - Best fitness: 12898.3939 - w: 0.140
Iteration: 1000/1000 - Best fitness: 12102.4469
SAEPSO-FULL completed with final fitness: 12102.4469

========== Planning Complete ==========
Algorithm: SAEPSO
Execution time: 216.4234 seconds
Path length: 361.0884 units
Waypoints: 7
Best fitness: 12102.4469
========================================


========== Direct Global Planning ==========
Algorithm: SAEPSO
Start: [0.0, 0.0, 10.0]
Goal:  [200.0, 200.0, 10.0]
============================================

Starting SAEPSO-ParamsOnly (Parameter control strategy only)...
  Initialization: Random Cartesian coordinates...
Iteration: 900/1000 - Best fitness: 12107.9413
  Stage 3: Main optimization loop...
Iteration: 800/1000 - Best fitness: 12107.952
Iteration: 200/1000 - Best fitness: 12108.0535
Iteration: 600/1000 - Best fitness: 12103.8377
Iteration: 50/1000 - Best fitness: 12990.1442
Iteration: 1000/1000 - Best fitness: 12107.9407
SAEPSO-FULL completed with final fitness: 12107.9407

========== Planning Complete ==========
Algorithm: SAEPSO
Execution time: 219.7992 seconds
Path length: 364.2127 units
Waypoints: 7
Best fitness: 12107.9407
========================================


========== Direct Global Planning ==========
Algorithm: SAEPSO
Start: [0.0, 0.0, 10.0]
Goal:  [200.0, 200.0, 10.0]
============================================

Starting SAEPSO-ParamsOnly (Parameter control strategy only)...
  Initialization: Random Cartesian coordinates...
  Stage 3: Main optimization loop...
Iteration: 750/1000 - Best fitness: 12107.9661
Iteration: 100/1000 - Best fitness: 12897.3387
Iteration: 50/1000 - Best fitness: 12850.4166
Iteration: 950/1000 - Best fitness: 12107.9413
Iteration: 850/1000 - Best fitness: 12107.952
Iteration: 250/1000 - Best fitness: 12108.0535
Iteration: 150/1000 - Best fitness: 12638.4389
Iteration: 100/1000 - Best fitness: 12662.0906
Iteration: 650/1000 - Best fitness: 12103.5526
Iteration: 200/1000 - Best fitness: 12439.8723
Iteration: 800/1000 - Best fitness: 12107.9661
Iteration: 150/1000 - Best fitness: 12597.776
Iteration: 1000/1000 - Best fitness: 12107.9386
SAEPSO-FULL completed with final fitness: 12107.9386

========== Planning Complete ==========
Algorithm: SAEPSO
Execution time: 216.2789 seconds
Path length: 364.2117 units
Waypoints: 7
Best fitness: 12107.9386
========================================


========== Direct Global Planning ==========
Algorithm: SAEPSO
Start: [0.0, 0.0, 10.0]
Goal:  [200.0, 200.0, 10.0]
============================================

Starting SAEPSO-ParamsOnly (Parameter control strategy only)...
  Initialization: Random Cartesian coordinates...
  Stage 3: Main optimization loop...
Iteration: 900/1000 - Best fitness: 12107.9423
Iteration: 250/1000 - Best fitness: 12371.0187
Iteration: 200/1000 - Best fitness: 12589.3754
CLPSO iteration: 900/1000 - Best fitness: 13180.5938 - w: 0.180
Iteration: 300/1000 - Best fitness: 12108.031
Iteration: 50/1000 - Best fitness: 13056.5322
Iteration: 300/1000 - Best fitness: 12333.0777
Iteration: 700/1000 - Best fitness: 12103.5526
Iteration: 250/1000 - Best fitness: 12559.0443
UAPSO iteration 50/1000 - Best fitness: 14259.0423
Iteration: 850/1000 - Best fitness: 12107.9661
UAPSO iteration 350/1000 - Best fitness: 14611.5991
Iteration: 100/1000 - Best fitness: 12922.9577
Iteration: 350/1000 - Best fitness: 12261.8084
Iteration: 300/1000 - Best fitness: 12465.6625
Iteration: 950/1000 - Best fitness: 12104.7379
Iteration: 150/1000 - Best fitness: 12833.5707
Iteration: 400/1000 - Best fitness: 12199.4094
Iteration: 350/1000 - Best fitness: 12108.0294
Iteration: 350/1000 - Best fitness: 12423.6937
Iteration: 750/1000 - Best fitness: 12103.1518
CLPSO iteration: 850/1000 - Best fitness: 13183.5042 - w: 0.220
Iteration: 900/1000 - Best fitness: 12107.9618
Iteration: 200/1000 - Best fitness: 12774.6659
Iteration: 450/1000 - Best fitness: 12154.8008
Iteration: 400/1000 - Best fitness: 12343.4701
CLPSO iteration: 1000/1000 - Best fitness: 12898.1875 - w: 0.100
CLPSO completed with final fitness: 12898.1875

========== Planning Complete ==========
Algorithm: CLPSO
Execution time: 756.7267 seconds
Path length: 329.6020 units
Waypoints: 7
Best fitness: 12898.1875
========================================


========== Direct Global Planning ==========
Algorithm: SAEPSO
Start: [0.0, 0.0, 10.0]
Goal:  [200.0, 200.0, 10.0]
============================================

Starting SAEPSO-FULL (All improvements enabled)...
  Stage 1: Tent map initialization in spherical coordinates...
  Stage 2: Opposition-based learning...
  Stage 3: Main optimization loop...
Iteration: 1000/1000 - Best fitness: 12104.7379
SAEPSO-FULL completed with final fitness: 12104.7379

========== Planning Complete ==========
Algorithm: SAEPSO
Execution time: 211.0527 seconds
Path length: 362.8756 units
Waypoints: 7
Best fitness: 12104.7379
========================================


========== Direct Global Planning ==========
Algorithm: SAEPSO
Start: [0.0, 0.0, 10.0]
Goal:  [200.0, 200.0, 10.0]
============================================

Starting SAEPSO-ParamsOnly (Parameter control strategy only)...
  Initialization: Random Cartesian coordinates...
  Stage 3: Main optimization loop...
Iteration: 250/1000 - Best fitness: 12748.7873
UAPSO iteration 100/1000 - Best fitness: 14672.6673
Iteration: 500/1000 - Best fitness: 12140.8128
Iteration: 450/1000 - Best fitness: 12314.5863
Iteration: 400/1000 - Best fitness: 12107.9624
Iteration: 300/1000 - Best fitness: 12715.0113
Iteration: 50/1000 - Best fitness: 12960.5748
Iteration: 550/1000 - Best fitness: 12132.6381
Iteration: 800/1000 - Best fitness: 12103.1518
Iteration: 500/1000 - Best fitness: 12296.933
Iteration: 950/1000 - Best fitness: 12107.9528
Iteration: 100/1000 - Best fitness: 12767.9316
Iteration: 350/1000 - Best fitness: 12660.9663
Iteration: 600/1000 - Best fitness: 12128.8814
Iteration: 550/1000 - Best fitness: 12287.4255
Iteration: 50/1000 - Best fitness: 12111.9963
UAPSO iteration 300/1000 - Best fitness: 14236.2971
Iteration: 400/1000 - Best fitness: 12504.5805
Iteration: 150/1000 - Best fitness: 12628.4115
Iteration: 450/1000 - Best fitness: 12107.9624
Iteration: 600/1000 - Best fitness: 12279.0233
Iteration: 650/1000 - Best fitness: 12127.0339
Iteration: 1000/1000 - Best fitness: 12107.9379
SAEPSO-FULL completed with final fitness: 12107.9379

========== Planning Complete ==========
Algorithm: SAEPSO
Execution time: 211.1751 seconds
Path length: 364.2114 units
Waypoints: 7
Best fitness: 12107.9379
========================================


========== Direct Global Planning ==========
Algorithm: SAEPSO
Start: [0.0, 0.0, 10.0]
Goal:  [200.0, 200.0, 10.0]
============================================

Starting SAEPSO-ParamsOnly (Parameter control strategy only)...
  Initialization: Random Cartesian coordinates...
  Stage 3: Main optimization loop...
Iteration: 850/1000 - Best fitness: 12102.9546
Iteration: 450/1000 - Best fitness: 12435.937
Iteration: 200/1000 - Best fitness: 12628.4115
Iteration: 700/1000 - Best fitness: 12126.627
Iteration: 650/1000 - Best fitness: 12276.34
Iteration: 50/1000 - Best fitness: 12983.3651
Iteration: 500/1000 - Best fitness: 12345.4407
Iteration: 250/1000 - Best fitness: 12467.9068
Iteration: 750/1000 - Best fitness: 12126.1381
Iteration: 100/1000 - Best fitness: 12108.5377
Iteration: 700/1000 - Best fitness: 12274.8828
Iteration: 500/1000 - Best fitness: 12107.9624
CLPSO iteration: 950/1000 - Best fitness: 13169.2614 - w: 0.140
Iteration: 100/1000 - Best fitness: 12918.1484
Iteration: 550/1000 - Best fitness: 12251.2846
Iteration: 300/1000 - Best fitness: 12429.8019
Iteration: 800/1000 - Best fitness: 12124.679
Iteration: 750/1000 - Best fitness: 12274.4788
Iteration: 900/1000 - Best fitness: 12102.9061
Iteration: 150/1000 - Best fitness: 12760.6101
Iteration: 600/1000 - Best fitness: 12179.9907
Iteration: 850/1000 - Best fitness: 12124.2366
Iteration: 350/1000 - Best fitness: 12422.8796
Iteration: 800/1000 - Best fitness: 12274.3718
Iteration: 150/1000 - Best fitness: 12108.5377
Iteration: 200/1000 - Best fitness: 12659.5339
Iteration: 550/1000 - Best fitness: 12107.9624
Iteration: 650/1000 - Best fitness: 12164.526
Iteration: 900/1000 - Best fitness: 12124.047
Iteration: 400/1000 - Best fitness: 12396.9653
Iteration: 850/1000 - Best fitness: 12274.3373
CLPSO iteration: 900/1000 - Best fitness: 13144.8053 - w: 0.180
Iteration: 250/1000 - Best fitness: 12625.6424
Iteration: 700/1000 - Best fitness: 12150.343
Iteration: 950/1000 - Best fitness: 12123.9829
Iteration: 950/1000 - Best fitness: 12102.9061
Iteration: 450/1000 - Best fitness: 12390.7461
Iteration: 900/1000 - Best fitness: 12274.3309
Iteration: 300/1000 - Best fitness: 12527.4278
Iteration: 750/1000 - Best fitness: 12145.8959
Iteration: 500/1000 - Best fitness: 12369.5182
Iteration: 1000/1000 - Best fitness: 12123.7482
SAEPSO-ParamsOnly completed with final fitness: 12123.7482

========== Planning Complete ==========
Algorithm: SAEPSO
Execution time: 81.5983 seconds
Path length: 325.1823 units
Waypoints: 7
Best fitness: 12123.7482
========================================


========== Direct Global Planning ==========
Algorithm: UAPSO
Start: [0.0, 0.0, 10.0]
Goal:  [200.0, 200.0, 10.0]
============================================

Starting UAPSO global path planning...
Iteration: 950/1000 - Best fitness: 12274.3295
UAPSO iteration 100/1000 - Best fitness: 14259.0423
Initial feasible particles: 0/100
Iteration: 600/1000 - Best fitness: 12107.9583
Iteration: 200/1000 - Best fitness: 12108.1581
Iteration: 350/1000 - Best fitness: 12452.5696
Iteration: 800/1000 - Best fitness: 12143.0259
Iteration: 550/1000 - Best fitness: 12352.3773
Iteration: 1000/1000 - Best fitness: 12271.8623
SAEPSO-ParamsOnly completed with final fitness: 12271.8623

========== Planning Complete ==========
Algorithm: SAEPSO
Execution time: 81.0370 seconds
Path length: 312.6682 units
Waypoints: 7
Best fitness: 12271.8623
========================================


========== Direct Global Planning ==========
Algorithm: UAPSO
Start: [0.0, 0.0, 10.0]
Goal:  [200.0, 200.0, 10.0]
============================================

Starting UAPSO global path planning...
Initial feasible particles: 0/100
Iteration: 1000/1000 - Best fitness: 12102.9061
SAEPSO-FULL completed with final fitness: 12102.9061

========== Planning Complete ==========
Algorithm: SAEPSO
Execution time: 220.8129 seconds
Path length: 361.4187 units
Waypoints: 7
Best fitness: 12102.9061
========================================


========== Direct Global Planning ==========
Algorithm: SAEPSO
Start: [0.0, 0.0, 10.0]
Goal:  [200.0, 200.0, 10.0]
============================================

Starting SAEPSO-ParamsOnly (Parameter control strategy only)...
  Initialization: Random Cartesian coordinates...
Iteration: 400/1000 - Best fitness: 12415.7805
UAPSO iteration 400/1000 - Best fitness: 14611.5991
  Stage 3: Main optimization loop...
Iteration: 850/1000 - Best fitness: 12142.1946
Iteration: 600/1000 - Best fitness: 12349.6644
Iteration: 50/1000 - Best fitness: 13262.3487
Iteration: 450/1000 - Best fitness: 12389.9649
Iteration: 650/1000 - Best fitness: 12107.9583
Iteration: 250/1000 - Best fitness: 12108.0482
Iteration: 900/1000 - Best fitness: 12141.5596
Iteration: 650/1000 - Best fitness: 12347.102
Iteration: 100/1000 - Best fitness: 13080.7185
Iteration: 500/1000 - Best fitness: 12379.2373
Iteration: 950/1000 - Best fitness: 12141.333
Iteration: 700/1000 - Best fitness: 12346.4815
Iteration: 150/1000 - Best fitness: 12877.9425
Iteration: 550/1000 - Best fitness: 12373.2998
Iteration: 1000/1000 - Best fitness: 12140.6052
SAEPSO-ParamsOnly completed with final fitness: 12140.6052

========== Planning Complete ==========
Algorithm: SAEPSO
Execution time: 83.7516 seconds
Path length: 324.1739 units
Waypoints: 7
Best fitness: 12140.6052
========================================


========== Direct Global Planning ==========
Algorithm: UAPSO
Start: [0.0, 0.0, 10.0]
Goal:  [200.0, 200.0, 10.0]
============================================

Starting UAPSO global path planning...
Iteration: 750/1000 - Best fitness: 12345.1971
Iteration: 700/1000 - Best fitness: 12107.9583
Initial feasible particles: 0/100
CLPSO iteration: 1000/1000 - Best fitness: 13169.2614 - w: 0.100
CLPSO completed with final fitness: 13169.2614

========== Planning Complete ==========
Algorithm: CLPSO
Execution time: 751.7670 seconds
Path length: 319.0410 units
Waypoints: 7
Best fitness: 13169.2614
========================================


========== Direct Global Planning ==========
Algorithm: SAEPSO
Start: [0.0, 0.0, 10.0]
Goal:  [200.0, 200.0, 10.0]
============================================

Starting SAEPSO-FULL (All improvements enabled)...
  Stage 1: Tent map initialization in spherical coordinates...
  Stage 2: Opposition-based learning...
  Stage 3: Main optimization loop...
Iteration: 300/1000 - Best fitness: 12108.0482
Iteration: 200/1000 - Best fitness: 12877.9425
Iteration: 600/1000 - Best fitness: 12370.025
Iteration: 800/1000 - Best fitness: 12344.9842
Iteration: 250/1000 - Best fitness: 12760.8656
Iteration: 650/1000 - Best fitness: 12369.0702
Iteration: 850/1000 - Best fitness: 12344.9525
Iteration: 750/1000 - Best fitness: 12107.9583
Iteration: 700/1000 - Best fitness: 12368.8967
Iteration: 300/1000 - Best fitness: 12691.2037
UAPSO iteration 150/1000 - Best fitness: 14672.6673
Iteration: 350/1000 - Best fitness: 12107.9561
Iteration: 50/1000 - Best fitness: 12165.3308
UAPSO iteration 350/1000 - Best fitness: 14236.2971
Iteration: 900/1000 - Best fitness: 12344.9474
CLPSO iteration: 950/1000 - Best fitness: 13144.8053 - w: 0.140
Iteration: 750/1000 - Best fitness: 12368.8243
Iteration: 350/1000 - Best fitness: 12640.7542
Iteration: 950/1000 - Best fitness: 12344.9463
Iteration: 800/1000 - Best fitness: 12368.7434
Iteration: 400/1000 - Best fitness: 12605.8278
Iteration: 800/1000 - Best fitness: 12107.9583
Iteration: 1000/1000 - Best fitness: 12344.9429
SAEPSO-ParamsOnly completed with final fitness: 12344.9429

========== Planning Complete ==========
Algorithm: SAEPSO
Execution time: 88.9826 seconds
Path length: 307.8645 units
Waypoints: 7
Best fitness: 12344.9429
========================================


========== Direct Global Planning ==========
Algorithm: UAPSO
Start: [0.0, 0.0, 10.0]
Goal:  [200.0, 200.0, 10.0]
============================================

Starting UAPSO global path planning...
Initial feasible particles: 0/100
Iteration: 400/1000 - Best fitness: 12107.9561
Iteration: 450/1000 - Best fitness: 12578.9548
Iteration: 850/1000 - Best fitness: 12368.7211
Iteration: 100/1000 - Best fitness: 12109.2649
Iteration: 900/1000 - Best fitness: 12368.7148
Iteration: 500/1000 - Best fitness: 12559.9772
Iteration: 850/1000 - Best fitness: 12107.9583
Iteration: 550/1000 - Best fitness: 12551.5983
Iteration: 950/1000 - Best fitness: 12368.7121
Iteration: 450/1000 - Best fitness: 12107.9558
Iteration: 150/1000 - Best fitness: 12108.0202
UAPSO iteration 150/1000 - Best fitness: 14259.0423
Iteration: 1000/1000 - Best fitness: 12368.7117
SAEPSO-ParamsOnly completed with final fitness: 12368.7117

========== Planning Complete ==========
Algorithm: SAEPSO
Execution time: 90.3742 seconds
Path length: 303.6291 units
Waypoints: 7
Best fitness: 12368.7117
========================================


========== Direct Global Planning ==========
Algorithm: UAPSO
Start: [0.0, 0.0, 10.0]
Goal:  [200.0, 200.0, 10.0]
============================================

Starting UAPSO global path planning...
Iteration: 600/1000 - Best fitness: 12549.5649
UAPSO iteration 50/1000 - Best fitness: 14984.9427
Initial feasible particles: 0/100
Iteration: 650/1000 - Best fitness: 12547.9577
Iteration: 900/1000 - Best fitness: 12107.9415
Iteration: 500/1000 - Best fitness: 12107.9558
Iteration: 700/1000 - Best fitness: 12546.4799
Iteration: 200/1000 - Best fitness: 12108.0202
UAPSO iteration 50/1000 - Best fitness: 14349.7735
Iteration: 750/1000 - Best fitness: 12546.1852
UAPSO iteration 450/1000 - Best fitness: 14611.5991
Iteration: 950/1000 - Best fitness: 12107.9415
Iteration: 800/1000 - Best fitness: 12546.0533
CLPSO iteration: 1000/1000 - Best fitness: 13091.2545 - w: 0.100
CLPSO completed with final fitness: 13091.2545

========== Planning Complete ==========
Algorithm: CLPSO
Execution time: 730.1431 seconds
Path length: 327.1931 units
Waypoints: 7
Best fitness: 13091.2545
========================================


========== Direct Global Planning ==========
Algorithm: SAEPSO
Start: [0.0, 0.0, 10.0]
Goal:  [200.0, 200.0, 10.0]
============================================

Starting SAEPSO-FULL (All improvements enabled)...
  Stage 1: Tent map initialization in spherical coordinates...
  Stage 2: Opposition-based learning...
Iteration: 550/1000 - Best fitness: 12107.9558
  Stage 3: Main optimization loop...
Iteration: 250/1000 - Best fitness: 12106.87
Iteration: 850/1000 - Best fitness: 12544.7481
Iteration: 900/1000 - Best fitness: 12544.4125
Iteration: 1000/1000 - Best fitness: 12107.9415
SAEPSO-FULL completed with final fitness: 12107.9415

========== Planning Complete ==========
Algorithm: SAEPSO
Execution time: 209.5724 seconds
Path length: 364.2130 units
Waypoints: 7
Best fitness: 12107.9415
========================================


========== Direct Global Planning ==========
Algorithm: SAEPSO
Start: [0.0, 0.0, 10.0]
Goal:  [200.0, 200.0, 10.0]
============================================

Starting SAEPSO-ParamsOnly (Parameter control strategy only)...
  Initialization: Random Cartesian coordinates...
  Stage 3: Main optimization loop...
Iteration: 600/1000 - Best fitness: 12107.9558
Iteration: 950/1000 - Best fitness: 12544.1682
Iteration: 50/1000 - Best fitness: 12112.823
UAPSO iteration 50/1000 - Best fitness: 14344.638
Iteration: 300/1000 - Best fitness: 12104.9095
Iteration: 50/1000 - Best fitness: 13411.392
Iteration: 1000/1000 - Best fitness: 12544.1086
SAEPSO-ParamsOnly completed with final fitness: 12544.1086

========== Planning Complete ==========
Algorithm: SAEPSO
Execution time: 84.4719 seconds
Path length: 296.2411 units
Waypoints: 7
Best fitness: 12544.1086
========================================


========== Direct Global Planning ==========
Algorithm: UAPSO
Start: [0.0, 0.0, 10.0]
Goal:  [200.0, 200.0, 10.0]
============================================

Starting UAPSO global path planning...
Initial feasible particles: 0/100
Iteration: 100/1000 - Best fitness: 13014.3441
Iteration: 650/1000 - Best fitness: 12107.9558
Iteration: 150/1000 - Best fitness: 12709.1943
Iteration: 100/1000 - Best fitness: 12108.0807
Iteration: 350/1000 - Best fitness: 12104.8594
UAPSO iteration 400/1000 - Best fitness: 14236.2971
Iteration: 200/1000 - Best fitness: 12508.486
Iteration: 250/1000 - Best fitness: 12445.7288
UAPSO iteration 50/1000 - Best fitness: 14173.991
Iteration: 700/1000 - Best fitness: 12107.9558
UAPSO iteration 200/1000 - Best fitness: 14672.6673
Iteration: 150/1000 - Best fitness: 12108.0807
Iteration: 300/1000 - Best fitness: 12407.9874
Iteration: 400/1000 - Best fitness: 12102.93
Iteration: 350/1000 - Best fitness: 12316.5895
UAPSO iteration 200/1000 - Best fitness: 14259.0423
UAPSO iteration 100/1000 - Best fitness: 14984.9427
Iteration: 400/1000 - Best fitness: 12280.4738
Iteration: 750/1000 - Best fitness: 12107.945
Iteration: 200/1000 - Best fitness: 12108.0807
Iteration: 450/1000 - Best fitness: 12102.93
Iteration: 450/1000 - Best fitness: 12246.4839
UAPSO iteration 50/1000 - Best fitness: 14372.6519
Iteration: 500/1000 - Best fitness: 12232.8519
Iteration: 800/1000 - Best fitness: 12107.945
Iteration: 550/1000 - Best fitness: 12220.3362
Iteration: 250/1000 - Best fitness: 12108.0807
Iteration: 500/1000 - Best fitness: 12102.93
UAPSO iteration 100/1000 - Best fitness: 14349.7735
Iteration: 600/1000 - Best fitness: 12216.9837
UAPSO iteration 500/1000 - Best fitness: 14611.5991
Iteration: 650/1000 - Best fitness: 12214.8583
Iteration: 850/1000 - Best fitness: 12107.945
UAPSO iteration 50/1000 - Best fitness: 14483.3913
Iteration: 300/1000 - Best fitness: 12108.0755
Iteration: 550/1000 - Best fitness: 12102.93
Iteration: 700/1000 - Best fitness: 12213.6751
Iteration: 750/1000 - Best fitness: 12213.4314
Iteration: 900/1000 - Best fitness: 12107.945
Iteration: 800/1000 - Best fitness: 12213.3489
Iteration: 600/1000 - Best fitness: 12102.93
Iteration: 350/1000 - Best fitness: 12107.9459
Iteration: 850/1000 - Best fitness: 12213.3117
UAPSO iteration 100/1000 - Best fitness: 14326.3258
Iteration: 900/1000 - Best fitness: 12213.2999
Iteration: 950/1000 - Best fitness: 12107.945
Iteration: 400/1000 - Best fitness: 12107.9459
Iteration: 650/1000 - Best fitness: 12102.93
Iteration: 950/1000 - Best fitness: 12213.2984
UAPSO iteration 450/1000 - Best fitness: 14074.6701
UAPSO iteration 100/1000 - Best fitness: 14106.783
Iteration: 1000/1000 - Best fitness: 12213.2979
SAEPSO-ParamsOnly completed with final fitness: 12213.2979

========== Planning Complete ==========
Algorithm: SAEPSO
Execution time: 78.6811 seconds
Path length: 306.9429 units
Waypoints: 7
Best fitness: 12213.2979
========================================


========== Direct Global Planning ==========
Algorithm: UAPSO
Start: [0.0, 0.0, 10.0]
Goal:  [200.0, 200.0, 10.0]
============================================

Starting UAPSO global path planning...
Initial feasible particles: 0/100
Iteration: 1000/1000 - Best fitness: 12107.945
SAEPSO-FULL completed with final fitness: 12107.945

========== Planning Complete ==========
Algorithm: SAEPSO
Execution time: 211.5343 seconds
Path length: 364.2147 units
Waypoints: 7
Best fitness: 12107.9450
========================================


========== Direct Global Planning ==========
Algorithm: SAEPSO
Start: [0.0, 0.0, 10.0]
Goal:  [200.0, 200.0, 10.0]
============================================

Starting SAEPSO-ParamsOnly (Parameter control strategy only)...
  Initialization: Random Cartesian coordinates...
  Stage 3: Main optimization loop...
Iteration: 450/1000 - Best fitness: 12107.9459
UAPSO iteration 150/1000 - Best fitness: 14984.9427
UAPSO iteration 250/1000 - Best fitness: 14259.0423
Iteration: 700/1000 - Best fitness: 12102.7099
Iteration: 50/1000 - Best fitness: 13385.4063
Iteration: 100/1000 - Best fitness: 13070.0171
Iteration: 150/1000 - Best fitness: 12855.4554
Iteration: 500/1000 - Best fitness: 12107.9459
Iteration: 750/1000 - Best fitness: 12102.7099
UAPSO iteration 250/1000 - Best fitness: 14672.6673
Iteration: 200/1000 - Best fitness: 12777.2753
UAPSO iteration 100/1000 - Best fitness: 14483.3913
Iteration: 250/1000 - Best fitness: 12749.5063
UAPSO iteration 100/1000 - Best fitness: 14372.6519
Iteration: 550/1000 - Best fitness: 12107.9459
Iteration: 800/1000 - Best fitness: 12102.7099
Iteration: 300/1000 - Best fitness: 12599.5223
UAPSO iteration 150/1000 - Best fitness: 14349.7735
Iteration: 350/1000 - Best fitness: 12448.8308
UAPSO iteration 550/1000 - Best fitness: 14496.628
Iteration: 400/1000 - Best fitness: 12316.0442
Iteration: 600/1000 - Best fitness: 12107.9459
Iteration: 850/1000 - Best fitness: 12102.7099
Iteration: 450/1000 - Best fitness: 12238.0833
Iteration: 500/1000 - Best fitness: 12212.9755
Iteration: 650/1000 - Best fitness: 12107.9428
Iteration: 550/1000 - Best fitness: 12199.5095
Iteration: 900/1000 - Best fitness: 12102.2821
Iteration: 600/1000 - Best fitness: 12194.2783
Iteration: 650/1000 - Best fitness: 12190.3023
Iteration: 700/1000 - Best fitness: 12107.9428
UAPSO iteration 150/1000 - Best fitness: 14106.783
Iteration: 950/1000 - Best fitness: 12102.2821
UAPSO iteration 50/1000 - Best fitness: 14511.5848
Iteration: 700/1000 - Best fitness: 12187.5173
UAPSO iteration 150/1000 - Best fitness: 14326.3258
Iteration: 750/1000 - Best fitness: 12185.3539
UAPSO iteration 200/1000 - Best fitness: 14984.9427
UAPSO iteration 300/1000 - Best fitness: 14259.0423
Iteration: 800/1000 - Best fitness: 12184.0346
Iteration: 750/1000 - Best fitness: 12107.9428
Iteration: 1000/1000 - Best fitness: 12102.2477
SAEPSO-FULL completed with final fitness: 12102.2477

========== Planning Complete ==========
Algorithm: SAEPSO
Execution time: 206.1966 seconds
Path length: 360.8793 units
Waypoints: 7
Best fitness: 12102.2477
========================================


========== Direct Global Planning ==========
Algorithm: SAEPSO
Start: [0.0, 0.0, 10.0]
Goal:  [200.0, 200.0, 10.0]
============================================

Starting SAEPSO-ParamsOnly (Parameter control strategy only)...
  Initialization: Random Cartesian coordinates...
  Stage 3: Main optimization loop...
UAPSO iteration 500/1000 - Best fitness: 14018.8114
UAPSO iteration 150/1000 - Best fitness: 14483.3913
Iteration: 850/1000 - Best fitness: 12176.5747
Iteration: 50/1000 - Best fitness: 13221.1345
Iteration: 900/1000 - Best fitness: 12176.2287
Iteration: 800/1000 - Best fitness: 12107.9428
Iteration: 100/1000 - Best fitness: 12920.881
Iteration: 950/1000 - Best fitness: 12175.3052
Iteration: 150/1000 - Best fitness: 12787.4561
Iteration: 1000/1000 - Best fitness: 12174.7327
SAEPSO-ParamsOnly completed with final fitness: 12174.7327

========== Planning Complete ==========
Algorithm: SAEPSO
Execution time: 75.5415 seconds
Path length: 294.8102 units
Waypoints: 7
Best fitness: 12174.7327
========================================


========== Direct Global Planning ==========
Algorithm: UAPSO
Start: [0.0, 0.0, 10.0]
Goal:  [200.0, 200.0, 10.0]
============================================

Starting UAPSO global path planning...
Initial feasible particles: 0/100
Iteration: 200/1000 - Best fitness: 12778.1627
Iteration: 850/1000 - Best fitness: 12107.9428
Iteration: 250/1000 - Best fitness: 12621.6548
UAPSO iteration 300/1000 - Best fitness: 14672.6673
UAPSO iteration 200/1000 - Best fitness: 14349.7735
Iteration: 300/1000 - Best fitness: 12565.0304
UAPSO iteration 150/1000 - Best fitness: 14372.6519
Iteration: 900/1000 - Best fitness: 12107.9428
Iteration: 350/1000 - Best fitness: 12474.603
UAPSO iteration 600/1000 - Best fitness: 14218.0013
Iteration: 400/1000 - Best fitness: 12400.2275
Iteration: 450/1000 - Best fitness: 12289.5299
Iteration: 950/1000 - Best fitness: 12107.9428
Iteration: 500/1000 - Best fitness: 12235.5538
Iteration: 550/1000 - Best fitness: 12171.7638
UAPSO iteration 200/1000 - Best fitness: 14106.783
Iteration: 600/1000 - Best fitness: 12113.3044
Iteration: 1000/1000 - Best fitness: 12107.9428
SAEPSO-FULL completed with final fitness: 12107.9428

========== Planning Complete ==========
Algorithm: SAEPSO
Execution time: 194.2206 seconds
Path length: 364.2137 units
Waypoints: 7
Best fitness: 12107.9428
========================================


========== Direct Global Planning ==========
Algorithm: SAEPSO
Start: [0.0, 0.0, 10.0]
Goal:  [200.0, 200.0, 10.0]
============================================

Starting SAEPSO-ParamsOnly (Parameter control strategy only)...
  Initialization: Random Cartesian coordinates...
  Stage 3: Main optimization loop...
UAPSO iteration 200/1000 - Best fitness: 14483.3913
UAPSO iteration 100/1000 - Best fitness: 14511.5848
Iteration: 650/1000 - Best fitness: 12083.0572
Iteration: 50/1000 - Best fitness: 13019.6914
UAPSO iteration 250/1000 - Best fitness: 14984.9427
UAPSO iteration 350/1000 - Best fitness: 14259.0423
Iteration: 100/1000 - Best fitness: 12920.225
Iteration: 700/1000 - Best fitness: 12068.1399
Iteration: 750/1000 - Best fitness: 12062.6016
Iteration: 150/1000 - Best fitness: 12791.9268
UAPSO iteration 200/1000 - Best fitness: 14326.3258
Iteration: 800/1000 - Best fitness: 12058.6938
Iteration: 200/1000 - Best fitness: 12758.9551
Iteration: 850/1000 - Best fitness: 12056.8198
Iteration: 250/1000 - Best fitness: 12693.9476
UAPSO iteration 550/1000 - Best fitness: 14018.8114
Iteration: 300/1000 - Best fitness: 12554.7915
Iteration: 900/1000 - Best fitness: 12055.0564
Iteration: 350/1000 - Best fitness: 12436.8364
Iteration: 950/1000 - Best fitness: 12054.1577
UAPSO iteration 50/1000 - Best fitness: 14781.1378
Iteration: 400/1000 - Best fitness: 12311.8501
Iteration: 1000/1000 - Best fitness: 12053.4491
SAEPSO-ParamsOnly completed with final fitness: 12053.4491

========== Planning Complete ==========
Algorithm: SAEPSO
Execution time: 74.1885 seconds
Path length: 286.5860 units
Waypoints: 7
Best fitness: 12053.4491
========================================


========== Direct Global Planning ==========
Algorithm: UAPSO
Start: [0.0, 0.0, 10.0]
Goal:  [200.0, 200.0, 10.0]
============================================

Starting UAPSO global path planning...
Initial feasible particles: 0/100
Iteration: 450/1000 - Best fitness: 12270.5342
UAPSO iteration 250/1000 - Best fitness: 14349.7735
Iteration: 500/1000 - Best fitness: 12216.3509
UAPSO iteration 200/1000 - Best fitness: 14372.6519
Iteration: 550/1000 - Best fitness: 12176.1017
UAPSO iteration 350/1000 - Best fitness: 14672.6673
Iteration: 600/1000 - Best fitness: 12164.3918
UAPSO iteration 650/1000 - Best fitness: 14218.0013
UAPSO iteration 250/1000 - Best fitness: 14483.3913
Iteration: 650/1000 - Best fitness: 12158.2731
UAPSO iteration 250/1000 - Best fitness: 14106.783
Iteration: 700/1000 - Best fitness: 12152.7687
Iteration: 750/1000 - Best fitness: 12149.9792
UAPSO iteration 400/1000 - Best fitness: 14259.0423
UAPSO iteration 300/1000 - Best fitness: 14984.9427
Iteration: 800/1000 - Best fitness: 12148.9297
UAPSO iteration 150/1000 - Best fitness: 14511.5848
Iteration: 850/1000 - Best fitness: 12148.6267
Iteration: 900/1000 - Best fitness: 12147.9737
Iteration: 950/1000 - Best fitness: 12147.8197
UAPSO iteration 250/1000 - Best fitness: 14326.3258
Iteration: 1000/1000 - Best fitness: 12147.7457
SAEPSO-ParamsOnly completed with final fitness: 12147.7457

========== Planning Complete ==========
Algorithm: SAEPSO
Execution time: 80.8690 seconds
Path length: 296.4619 units
Waypoints: 7
Best fitness: 12147.7457
========================================


========== Direct Global Planning ==========
Algorithm: UAPSO
Start: [0.0, 0.0, 10.0]
Goal:  [200.0, 200.0, 10.0]
============================================

Starting UAPSO global path planning...
Initial feasible particles: 0/100
UAPSO iteration 600/1000 - Best fitness: 14018.8114
UAPSO iteration 50/1000 - Best fitness: 14031.5346
UAPSO iteration 100/1000 - Best fitness: 14781.1378
UAPSO iteration 300/1000 - Best fitness: 14483.3913
UAPSO iteration 300/1000 - Best fitness: 14349.7735
UAPSO iteration 250/1000 - Best fitness: 14372.6519
UAPSO iteration 300/1000 - Best fitness: 14106.783
UAPSO iteration 700/1000 - Best fitness: 14214.3824
UAPSO iteration 400/1000 - Best fitness: 14672.6673
UAPSO iteration 450/1000 - Best fitness: 14259.0423
UAPSO iteration 200/1000 - Best fitness: 14511.5848
UAPSO iteration 350/1000 - Best fitness: 14553.9248
UAPSO iteration 50/1000 - Best fitness: 14340.6719
UAPSO iteration 300/1000 - Best fitness: 14326.3258
UAPSO iteration 350/1000 - Best fitness: 14483.3913
UAPSO iteration 100/1000 - Best fitness: 14031.5346
UAPSO iteration 650/1000 - Best fitness: 14018.8114
UAPSO iteration 150/1000 - Best fitness: 14645.8923
UAPSO iteration 350/1000 - Best fitness: 14349.7735
UAPSO iteration 350/1000 - Best fitness: 14106.783
UAPSO iteration 300/1000 - Best fitness: 14372.6519
UAPSO iteration 500/1000 - Best fitness: 14109.4772
UAPSO iteration 750/1000 - Best fitness: 13894.4841
UAPSO iteration 100/1000 - Best fitness: 14340.6719
UAPSO iteration 250/1000 - Best fitness: 14511.5848
UAPSO iteration 450/1000 - Best fitness: 14672.6673
UAPSO iteration 400/1000 - Best fitness: 14483.3913
UAPSO iteration 400/1000 - Best fitness: 14553.9248
UAPSO iteration 350/1000 - Best fitness: 14326.3258
UAPSO iteration 150/1000 - Best fitness: 14031.5346
UAPSO iteration 700/1000 - Best fitness: 13945.4677
UAPSO iteration 200/1000 - Best fitness: 14645.8923
UAPSO iteration 400/1000 - Best fitness: 14106.783
UAPSO iteration 400/1000 - Best fitness: 14220.5803
UAPSO iteration 150/1000 - Best fitness: 14340.6719
UAPSO iteration 550/1000 - Best fitness: 14109.4772
UAPSO iteration 800/1000 - Best fitness: 13805.9356
UAPSO iteration 350/1000 - Best fitness: 14372.6519
UAPSO iteration 300/1000 - Best fitness: 14511.5848
UAPSO iteration 450/1000 - Best fitness: 14255.5583
UAPSO iteration 500/1000 - Best fitness: 14672.6673
UAPSO iteration 450/1000 - Best fitness: 14553.9248
UAPSO iteration 200/1000 - Best fitness: 14031.5346
UAPSO iteration 250/1000 - Best fitness: 14645.8923
UAPSO iteration 400/1000 - Best fitness: 14326.3258
UAPSO iteration 750/1000 - Best fitness: 13744.0699
UAPSO iteration 200/1000 - Best fitness: 14340.6719
UAPSO iteration 450/1000 - Best fitness: 14032.7315
UAPSO iteration 450/1000 - Best fitness: 14220.5803
UAPSO iteration 850/1000 - Best fitness: 13776.5332
UAPSO iteration 600/1000 - Best fitness: 14109.4772
UAPSO iteration 400/1000 - Best fitness: 14372.6519
UAPSO iteration 350/1000 - Best fitness: 14511.5848
UAPSO iteration 500/1000 - Best fitness: 14255.5583
UAPSO iteration 550/1000 - Best fitness: 14672.6673
UAPSO iteration 250/1000 - Best fitness: 14340.6719
UAPSO iteration 300/1000 - Best fitness: 14645.8923
UAPSO iteration 250/1000 - Best fitness: 14031.5346
UAPSO iteration 500/1000 - Best fitness: 14553.9248
UAPSO iteration 450/1000 - Best fitness: 14326.3258
UAPSO iteration 800/1000 - Best fitness: 13744.0699
UAPSO iteration 500/1000 - Best fitness: 14032.7315
UAPSO iteration 500/1000 - Best fitness: 14082.3244
UAPSO iteration 900/1000 - Best fitness: 13396.6346
UAPSO iteration 650/1000 - Best fitness: 14109.4772
UAPSO iteration 400/1000 - Best fitness: 14511.5848
UAPSO iteration 450/1000 - Best fitness: 14372.6519
UAPSO iteration 550/1000 - Best fitness: 14255.5583
UAPSO iteration 300/1000 - Best fitness: 14340.6719
UAPSO iteration 350/1000 - Best fitness: 14645.8923
UAPSO iteration 300/1000 - Best fitness: 14031.5346
UAPSO iteration 600/1000 - Best fitness: 14650.2643
UAPSO iteration 850/1000 - Best fitness: 13388.3414
UAPSO iteration 500/1000 - Best fitness: 14326.3258
UAPSO iteration 550/1000 - Best fitness: 14553.9248
UAPSO iteration 550/1000 - Best fitness: 13876.7283
UAPSO iteration 950/1000 - Best fitness: 13166.3583
UAPSO iteration 550/1000 - Best fitness: 14082.3244
UAPSO iteration 700/1000 - Best fitness: 14109.4772
UAPSO iteration 450/1000 - Best fitness: 14511.5848
UAPSO iteration 350/1000 - Best fitness: 14340.6719
UAPSO iteration 600/1000 - Best fitness: 14255.5583
UAPSO iteration 500/1000 - Best fitness: 14372.6519
UAPSO iteration 400/1000 - Best fitness: 14645.8923
UAPSO iteration 350/1000 - Best fitness: 14031.5346
UAPSO iteration 900/1000 - Best fitness: 13086.9608
UAPSO iteration 650/1000 - Best fitness: 14373.7487
UAPSO iteration 1000/1000 - Best fitness: 12994.2513
UAPSO completed with final fitness: 12994.2513

========== Planning Complete ==========
Algorithm: UAPSO
Execution time: 1326.1720 seconds
Path length: 339.7515 units
Waypoints: 7
Best fitness: 12994.2513
========================================


========== Direct Global Planning ==========
Algorithm: RRSACPSO
Start: [0.0, 0.0, 10.0]
Goal:  [200.0, 200.0, 10.0]
============================================


╔══════════════════════════════════════════════════════════╗
║              RRSACPSO Global Path Planning              ║
╚══════════════════════════════════════════════════════════╝


[Episode 1/1] Starting training...
  Config: mode=online, episodes=1, iterations=1000, popSize=100
UAPSO iteration 600/1000 - Best fitness: 13687.5284
UAPSO iteration 750/1000 - Best fitness: 14109.4772
UAPSO iteration 550/1000 - Best fitness: 14326.3258
      [Iter  50] Action stats: mean=0.2048±0.6167 [-0.7038-0.9758]
  [Iter  50/1000] Best: 12906.8134 | Alpha: 0.2000
UAPSO iteration 600/1000 - Best fitness: 14553.9248
      [Iter 100] Action stats: mean=-0.1092±0.6553 [-0.9160-0.9265]
      [Iter 100] Fitness: current=12830.6642, best=12830.6642, diversity=12.374286
      [Iter 100] Reward: -1.0000
  [Iter 100/1000] Best: 12830.6642 | Alpha: 0.2000
UAPSO iteration 600/1000 - Best fitness: 14082.3244
      [Iter 150] Action stats: mean=0.0755±0.6247 [-0.9200-0.8128]
  [Iter 150/1000] Best: 12732.3849 | Alpha: 0.1986
UAPSO iteration 500/1000 - Best fitness: 14511.5848
UAPSO iteration 400/1000 - Best fitness: 14340.6719
      [Iter 200] Action stats: mean=-0.0125±0.7971 [-0.9405-0.9477]
      [Iter 200] Fitness: current=12621.4875, best=12621.4875, diversity=9.983842
      [Iter 200] Reward: -1.0000
  [Iter 200/1000] Best: 12621.4875 | Alpha: 0.1957
UAPSO iteration 650/1000 - Best fitness: 14057.5852
      [Iter 250] Action stats: mean=0.1499±0.6314 [-0.8561-0.9432]
  [Iter 250/1000] Best: 12544.7561 | Alpha: 0.1928
UAPSO iteration 550/1000 - Best fitness: 14372.6519
      [Iter 300] Action stats: mean=0.2314±0.7318 [-0.8800-0.9727]
      [Iter 300] Fitness: current=12523.3001, best=12523.3001, diversity=6.236317
      [Iter 300] Reward: 1.0000
  [Iter 300/1000] Best: 12523.3001 | Alpha: 0.1899
      [Iter 350] Action stats: mean=0.2631±0.5776 [-0.9428-0.8800]
  [Iter 350/1000] Best: 12508.7604 | Alpha: 0.1871
UAPSO iteration 450/1000 - Best fitness: 14645.8923
      [Iter 400] Action stats: mean=0.1818±0.6498 [-0.9273-0.8820]
      [Iter 400] Fitness: current=12505.0481, best=12505.0481, diversity=5.142507
      [Iter 400] Reward: 1.0000
  [Iter 400/1000] Best: 12505.0481 | Alpha: 0.1843
UAPSO iteration 400/1000 - Best fitness: 14031.5346
UAPSO iteration 950/1000 - Best fitness: 12892.6889
      [Iter 450] Action stats: mean=0.1397±0.4609 [-0.6263-0.7485]
  [Iter 450/1000] Best: 12505.0478 | Alpha: 0.1815
      [Iter 500] Action stats: mean=-0.1426±0.5838 [-0.8611-0.9441]
      [Iter 500] Fitness: current=12502.1959, best=12502.1959, diversity=2.043511
      [Iter 500] Reward: -1.0000
  [Iter 500/1000] Best: 12502.1959 | Alpha: 0.1788
UAPSO iteration 800/1000 - Best fitness: 13950.1926
UAPSO iteration 700/1000 - Best fitness: 14070.447
UAPSO iteration 650/1000 - Best fitness: 13687.5284
      [Iter 550] Action stats: mean=-0.0037±0.6061 [-0.8327-0.7691]
  [Iter 550/1000] Best: 12489.8869 | Alpha: 0.1762
UAPSO iteration 600/1000 - Best fitness: 14168.6993
UAPSO iteration 450/1000 - Best fitness: 14340.6719
UAPSO iteration 650/1000 - Best fitness: 14082.3244
      [Iter 600] Action stats: mean=0.0053±0.6067 [-0.6339-0.9915]
      [Iter 600] Fitness: current=12484.2623, best=12484.2623, diversity=1.341446
      [Iter 600] Reward: 1.0000
  [Iter 600/1000] Best: 12484.2623 | Alpha: 0.1735
UAPSO iteration 650/1000 - Best fitness: 14266.4718
UAPSO iteration 550/1000 - Best fitness: 14355.1906
      [Iter 650] Action stats: mean=-0.0191±0.5321 [-0.6653-0.6688]
  [Iter 650/1000] Best: 12474.9175 | Alpha: 0.1710
UAPSO iteration 700/1000 - Best fitness: 14057.5852
      [Iter 700] Action stats: mean=-0.2681±0.7224 [-0.9392-0.8668]
      [Iter 700] Fitness: current=12473.9716, best=12473.9716, diversity=0.795930
      [Iter 700] Reward: -1.0000
  [Iter 700/1000] Best: 12473.9716 | Alpha: 0.1684
      [Iter 750] Action stats: mean=0.1193±0.6586 [-0.7990-0.9521]
UAPSO iteration 600/1000 - Best fitness: 14371.8507
  [Iter 750/1000] Best: 12472.4528 | Alpha: 0.1659
      [Iter 800] Action stats: mean=0.1239±0.6892 [-0.9175-0.9864]
      [Iter 800] Fitness: current=12472.0607, best=12472.0607, diversity=0.769347
      [Iter 800] Reward: -1.0000
  [Iter 800/1000] Best: 12472.0607 | Alpha: 0.1634
UAPSO iteration 500/1000 - Best fitness: 14589.7413
UAPSO iteration 1000/1000 - Best fitness: 12806.9738
UAPSO completed with final fitness: 12806.9738

========== Planning Complete ==========
Algorithm: UAPSO
Execution time: 1453.9468 seconds
Path length: 310.7505 units
Waypoints: 7
Best fitness: 12806.9738
========================================


========== Direct Global Planning ==========
Algorithm: RRSACPSO
Start: [0.0, 0.0, 10.0]
Goal:  [200.0, 200.0, 10.0]
============================================


╔══════════════════════════════════════════════════════════╗
║              RRSACPSO Global Path Planning              ║
╚══════════════════════════════════════════════════════════╝


[Episode 1/1] Starting training...
  Config: mode=online, episodes=1, iterations=1000, popSize=100
      [Iter 850] Action stats: mean=0.0519±0.6471 [-0.7910-0.9845]
  [Iter 850/1000] Best: 12471.5510 | Alpha: 0.1611
      [Iter  50] Action stats: mean=0.2189±0.6479 [-0.9000-0.9577]
  [Iter  50/1000] Best: 13005.7789 | Alpha: 0.2000
UAPSO iteration 450/1000 - Best fitness: 14031.5346
      [Iter 100] Action stats: mean=0.0158±0.8561 [-0.9766-0.9717]
      [Iter 100] Fitness: current=12938.0232, best=12938.0232, diversity=17.569795
      [Iter 100] Reward: -1.0000
  [Iter 100/1000] Best: 12938.0232 | Alpha: 0.2000
      [Iter 900] Action stats: mean=0.1823±0.6524 [-0.8608-0.9494]
      [Iter 900] Fitness: current=12471.3778, best=12471.3778, diversity=0.793643
      [Iter 900] Reward: 1.0000
  [Iter 900/1000] Best: 12471.3778 | Alpha: 0.1588
      [Iter 150] Action stats: mean=0.1973±0.6471 [-0.7625-0.9748]
  [Iter 150/1000] Best: 12845.0649 | Alpha: 0.1986
      [Iter 950] Action stats: mean=0.1791±0.6236 [-0.8321-0.7937]
UAPSO iteration 850/1000 - Best fitness: 13747.8796
  [Iter 950/1000] Best: 12471.3347 | Alpha: 0.1566
UAPSO iteration 500/1000 - Best fitness: 14340.6719
      [Iter 200] Action stats: mean=0.1553±0.5759 [-0.7529-0.9597]
      [Iter 200] Fitness: current=12595.3807, best=12595.3807, diversity=15.889483
      [Iter 200] Reward: 1.0000
  [Iter 200/1000] Best: 12595.3807 | Alpha: 0.1957
      [Iter 1000] Action stats: mean=0.0220±0.6514 [-0.8214-0.9343]
      [Iter 1000] Fitness: current=12471.3279, best=12471.3279, diversity=0.656541
      [Iter 1000] Reward: 1.0000
  [Iter 1000/1000] Best: 12471.3279 | Alpha: 0.1546

╔════════════════════════════════════════════════════════════╗
║              RRSACPSO TRAINING COMPLETE                   ║
╚════════════════════════════════════════════════════════════╝
  Mode:              online
  Episodes:          1
  Iterations/Ep:     1000
  Population Size:   100
  Best Fitness:      12471.3279
  Path Length:       5 waypoints


========== Planning Complete ==========
Algorithm: RRSACPSO
Execution time: 217.7398 seconds
Path length: 296.9643 units
Waypoints: 7
Best fitness: 12471.3279
========================================


========== Direct Global Planning ==========
Algorithm: PSO
Start: [0.0, 0.0, 10.0]
Goal:  [200.0, 200.0, 10.0]
============================================

Starting Traditional PSO path planning with tracking...
Number of Initial feasible particles: 0/100
UAPSO iteration 700/1000 - Best fitness: 13614.3035
UAPSO iteration 750/1000 - Best fitness: 13746.4265
      [Iter 250] Action stats: mean=0.0122±0.5912 [-0.6907-0.9840]
  [Iter 250/1000] Best: 12505.0223 | Alpha: 0.1927
UAPSO iteration 600/1000 - Best fitness: 14355.1906
UAPSO iteration 700/1000 - Best fitness: 13939.9341
UAPSO iteration 650/1000 - Best fitness: 14168.6993
      [Iter 300] Action stats: mean=0.1385±0.4262 [-0.5506-0.6327]
      [Iter 300] Fitness: current=12496.2153, best=12496.2153, diversity=13.376014
      [Iter 300] Reward: -1.0000
UAPSO iteration 700/1000 - Best fitness: 14021.0674
  [Iter 300/1000] Best: 12496.2153 | Alpha: 0.1899
UAPSO iteration 750/1000 - Best fitness: 13981.1318
      [Iter 350] Action stats: mean=0.0698±0.5894 [-0.8866-0.7833]
  [Iter 350/1000] Best: 12490.7258 | Alpha: 0.1870
      [Iter 400] Action stats: mean=-0.0818±0.6293 [-0.8859-0.6918]
      [Iter 400] Fitness: current=12487.9773, best=12487.9773, diversity=11.745817
      [Iter 400] Reward: -1.0000
  [Iter 400/1000] Best: 12487.9773 | Alpha: 0.1843
Traditional PSO iteration: 50/1000 - Best fitness: 13184.7892
      [Iter 450] Action stats: mean=0.0598±0.6410 [-0.9391-0.7431]
  [Iter 450/1000] Best: 12485.1632 | Alpha: 0.1815
UAPSO iteration 650/1000 - Best fitness: 14075.6719
UAPSO iteration 550/1000 - Best fitness: 14468.7632
      [Iter 500] Action stats: mean=0.0998±0.6911 [-0.8398-0.8511]
      [Iter 500] Fitness: current=12484.8559, best=12484.8559, diversity=9.553276
      [Iter 500] Reward: 1.0000
  [Iter 500/1000] Best: 12484.8559 | Alpha: 0.1788
      [Iter 550] Action stats: mean=-0.0946±0.8138 [-0.9860-0.9756]
  [Iter 550/1000] Best: 12484.5697 | Alpha: 0.1762
UAPSO iteration 500/1000 - Best fitness: 14031.5346
UAPSO iteration 900/1000 - Best fitness: 13584.5867
      [Iter 600] Action stats: mean=0.1866±0.6882 [-0.6303-0.9695]
      [Iter 600] Fitness: current=12484.4791, best=12484.4791, diversity=9.069296
      [Iter 600] Reward: 1.0000
  [Iter 600/1000] Best: 12484.4791 | Alpha: 0.1735
UAPSO iteration 550/1000 - Best fitness: 14042.1139
Traditional PSO iteration: 100/1000 - Best fitness: 12607.4319
      [Iter 650] Action stats: mean=-0.0364±0.6504 [-0.8110-0.9435]
  [Iter 650/1000] Best: 12484.4775 | Alpha: 0.1709
UAPSO iteration 750/1000 - Best fitness: 13614.3035
      [Iter 700] Action stats: mean=0.0587±0.6142 [-0.8586-0.8746]
      [Iter 700] Fitness: current=12484.0900, best=12484.0900, diversity=6.101769
      [Iter 700] Reward: 1.0000
  [Iter 700/1000] Best: 12484.0900 | Alpha: 0.1684
UAPSO iteration 650/1000 - Best fitness: 14210.5953
      [Iter 750] Action stats: mean=0.0508±0.5029 [-0.7134-0.8465]
  [Iter 750/1000] Best: 12483.8969 | Alpha: 0.1659
UAPSO iteration 800/1000 - Best fitness: 13652.5521
UAPSO iteration 750/1000 - Best fitness: 13824.4603
UAPSO iteration 800/1000 - Best fitness: 13942.4225
UAPSO iteration 700/1000 - Best fitness: 14014.0314
UAPSO iteration 750/1000 - Best fitness: 13760.707
      [Iter 800] Action stats: mean=0.2167±0.5776 [-0.8321-0.8346]
      [Iter 800] Fitness: current=12483.3846, best=12483.3846, diversity=5.765862
      [Iter 800] Reward: 1.0000
  [Iter 800/1000] Best: 12483.3846 | Alpha: 0.1634
      [Iter 850] Action stats: mean=-0.0412±0.6210 [-0.9921-0.9620]
Traditional PSO iteration: 150/1000 - Best fitness: 12521.0444
  [Iter 850/1000] Best: 12483.3040 | Alpha: 0.1610
      [Iter 900] Action stats: mean=-0.3116±0.6562 [-0.9408-0.9140]
      [Iter 900] Fitness: current=12483.2979, best=12483.2979, diversity=3.831863
      [Iter 900] Reward: 1.0000
  [Iter 900/1000] Best: 12483.2979 | Alpha: 0.1586
UAPSO iteration 600/1000 - Best fitness: 14468.7632
UAPSO iteration 700/1000 - Best fitness: 14075.6719
      [Iter 950] Action stats: mean=-0.2054±0.6299 [-0.9701-0.5710]
  [Iter 950/1000] Best: 12483.2917 | Alpha: 0.1562
      [Iter 1000] Action stats: mean=-0.4500±0.4465 [-0.9626-0.4052]
      [Iter 1000] Fitness: current=12483.2904, best=12483.2904, diversity=1.539044
      [Iter 1000] Reward: 1.0000
  [Iter 1000/1000] Best: 12483.2904 | Alpha: 0.1539

╔════════════════════════════════════════════════════════════╗
║              RRSACPSO TRAINING COMPLETE                   ║
╚════════════════════════════════════════════════════════════╝
  Mode:              online
  Episodes:          1
  Iterations/Ep:     1000
  Population Size:   100
  Best Fitness:      12483.2904
  Path Length:       5 waypoints


========== Planning Complete ==========
Algorithm: RRSACPSO
Execution time: 176.5039 seconds
Path length: 354.2940 units
Waypoints: 7
Best fitness: 12483.2904
========================================


========== Direct Global Planning ==========
Algorithm: PSO
Start: [0.0, 0.0, 10.0]
Goal:  [200.0, 200.0, 10.0]
============================================

Starting Traditional PSO path planning with tracking...
Number of Initial feasible particles: 0/100
UAPSO iteration 950/1000 - Best fitness: 13226.3829
UAPSO iteration 600/1000 - Best fitness: 14042.1139
UAPSO iteration 550/1000 - Best fitness: 13989.7129
UAPSO iteration 800/1000 - Best fitness: 13614.3035
Traditional PSO iteration: 200/1000 - Best fitness: 12493.3857
UAPSO iteration 700/1000 - Best fitness: 13911.4834
UAPSO iteration 850/1000 - Best fitness: 13504.079
Traditional PSO iteration: 50/1000 - Best fitness: 12530.4507
UAPSO iteration 800/1000 - Best fitness: 13680.9327
UAPSO iteration 850/1000 - Best fitness: 13401.5961
UAPSO iteration 800/1000 - Best fitness: 13484.5125
UAPSO iteration 750/1000 - Best fitness: 13825.0988
Traditional PSO iteration: 250/1000 - Best fitness: 12487.5017
UAPSO iteration 650/1000 - Best fitness: 14468.7632
Traditional PSO iteration: 100/1000 - Best fitness: 12328.5447
UAPSO iteration 750/1000 - Best fitness: 14005.1114
UAPSO iteration 1000/1000 - Best fitness: 12754.5671
UAPSO completed with final fitness: 12754.5671

========== Planning Complete ==========
Algorithm: UAPSO
Execution time: 1408.0766 seconds
Path length: 341.5729 units
Waypoints: 7
Best fitness: 12754.5671
========================================


========== Direct Global Planning ==========
Algorithm: RRSACPSO
Start: [0.0, 0.0, 10.0]
Goal:  [200.0, 200.0, 10.0]
============================================


╔══════════════════════════════════════════════════════════╗
║              RRSACPSO Global Path Planning              ║
╚══════════════════════════════════════════════════════════╝


[Episode 1/1] Starting training...
  Config: mode=online, episodes=1, iterations=1000, popSize=100
UAPSO iteration 650/1000 - Best fitness: 14042.1139
      [Iter  50] Action stats: mean=-0.3530±0.4247 [-0.9695-0.3597]
  [Iter  50/1000] Best: 13361.5357 | Alpha: 0.2000
Traditional PSO iteration: 300/1000 - Best fitness: 12485.2774
      [Iter 100] Action stats: mean=-0.0340±0.6427 [-0.8639-0.9096]
      [Iter 100] Fitness: current=13137.0387, best=13137.0387, diversity=14.874457
      [Iter 100] Reward: -1.0000
  [Iter 100/1000] Best: 13137.0387 | Alpha: 0.2000
      [Iter 150] Action stats: mean=-0.0615±0.5433 [-0.8373-0.9669]
UAPSO iteration 600/1000 - Best fitness: 13989.7129
  [Iter 150/1000] Best: 12971.2197 | Alpha: 0.1986
UAPSO iteration 850/1000 - Best fitness: 13480.2167
UAPSO iteration 900/1000 - Best fitness: 13411.1907
      [Iter 200] Action stats: mean=0.2888±0.4255 [-0.5635-0.6532]
      [Iter 200] Fitness: current=12731.1975, best=12731.1975, diversity=12.367543
      [Iter 200] Reward: -1.0000
  [Iter 200/1000] Best: 12731.1975 | Alpha: 0.1957
UAPSO iteration 750/1000 - Best fitness: 13125.4497
Traditional PSO iteration: 150/1000 - Best fitness: 12321.3738
Traditional PSO iteration: 350/1000 - Best fitness: 12483.4783
      [Iter 250] Action stats: mean=-0.0532±0.5787 [-0.7689-0.9131]
UAPSO iteration 850/1000 - Best fitness: 13345.6585
  [Iter 250/1000] Best: 12651.3279 | Alpha: 0.1928
      [Iter 300] Action stats: mean=-0.1901±0.6230 [-0.9574-0.7242]
      [Iter 300] Fitness: current=12586.5441, best=12586.5441, diversity=10.404340
      [Iter 300] Reward: -1.0000
  [Iter 300/1000] Best: 12586.5441 | Alpha: 0.1899
UAPSO iteration 850/1000 - Best fitness: 13185.8279
      [Iter 350] Action stats: mean=0.0079±0.7616 [-0.9738-0.8950]
  [Iter 350/1000] Best: 12559.5240 | Alpha: 0.1871
UAPSO iteration 900/1000 - Best fitness: 13309.1712
UAPSO iteration 800/1000 - Best fitness: 13518.5103
Traditional PSO iteration: 400/1000 - Best fitness: 12482.1754
UAPSO iteration 700/1000 - Best fitness: 14281.5272
      [Iter 400] Action stats: mean=-0.0062±0.7273 [-0.8549-0.7185]
      [Iter 400] Fitness: current=12545.8556, best=12545.8556, diversity=7.207431
      [Iter 400] Reward: -1.0000
  [Iter 400/1000] Best: 12545.8556 | Alpha: 0.1843
      [Iter 450] Action stats: mean=-0.1339±0.6513 [-0.7557-0.6974]
  [Iter 450/1000] Best: 12534.8841 | Alpha: 0.1815
UAPSO iteration 800/1000 - Best fitness: 13710.3176
Traditional PSO iteration: 200/1000 - Best fitness: 12314.0105
      [Iter 500] Action stats: mean=-0.2281±0.5907 [-0.9905-0.4355]
      [Iter 500] Fitness: current=12526.3374, best=12526.3374, diversity=5.079198
      [Iter 500] Reward: -1.0000
UAPSO iteration 700/1000 - Best fitness: 14017.8801
  [Iter 500/1000] Best: 12526.3374 | Alpha: 0.1788
Traditional PSO iteration: 450/1000 - Best fitness: 12481.264
      [Iter 550] Action stats: mean=-0.0838±0.6393 [-0.9778-0.7580]
  [Iter 550/1000] Best: 12509.8683 | Alpha: 0.1762
UAPSO iteration 900/1000 - Best fitness: 13279.3344
UAPSO iteration 950/1000 - Best fitness: 13003.7671
      [Iter 600] Action stats: mean=0.1059±0.6133 [-0.8455-0.8950]
      [Iter 600] Fitness: current=12502.7016, best=12502.7016, diversity=4.018552
      [Iter 600] Reward: 1.0000
  [Iter 600/1000] Best: 12502.7016 | Alpha: 0.1735
UAPSO iteration 650/1000 - Best fitness: 13989.7129
      [Iter 650] Action stats: mean=-0.2930±0.5642 [-0.7937-0.9405]
  [Iter 650/1000] Best: 12500.7869 | Alpha: 0.1710
UAPSO iteration 900/1000 - Best fitness: 13118.4973
Traditional PSO iteration: 500/1000 - Best fitness: 12481.0031
UAPSO iteration 800/1000 - Best fitness: 13125.4497
      [Iter 700] Action stats: mean=0.0877±0.6766 [-0.9836-0.8754]
      [Iter 700] Fitness: current=12500.6870, best=12500.6870, diversity=3.718707
      [Iter 700] Reward: -1.0000
  [Iter 700/1000] Best: 12500.6870 | Alpha: 0.1684
Traditional PSO iteration: 250/1000 - Best fitness: 12308.4924
      [Iter 750] Action stats: mean=-0.0798±0.5769 [-0.7767-0.7660]
  [Iter 750/1000] Best: 12500.6755 | Alpha: 0.1659
UAPSO iteration 900/1000 - Best fitness: 13019.6296
      [Iter 800] Action stats: mean=-0.2009±0.6520 [-0.9482-0.9744]
      [Iter 800] Fitness: current=12500.6721, best=12500.6721, diversity=1.984301
      [Iter 800] Reward: 1.0000
  [Iter 800/1000] Best: 12500.6721 | Alpha: 0.1634
UAPSO iteration 850/1000 - Best fitness: 13176.93
Traditional PSO iteration: 550/1000 - Best fitness: 12479.9072
UAPSO iteration 950/1000 - Best fitness: 12925.4412
      [Iter 850] Action stats: mean=-0.4692±0.5331 [-0.9952-0.3554]
  [Iter 850/1000] Best: 12500.6719 | Alpha: 0.1610
UAPSO iteration 750/1000 - Best fitness: 14104.9031
      [Iter 900] Action stats: mean=-0.3271±0.6402 [-0.9897-0.9828]
      [Iter 900] Fitness: current=12500.6718, best=12500.6718, diversity=0.874043
      [Iter 900] Reward: 1.0000
  [Iter 900/1000] Best: 12500.6718 | Alpha: 0.1586
UAPSO iteration 850/1000 - Best fitness: 13516.2608
UAPSO iteration 750/1000 - Best fitness: 13916.3821
      [Iter 950] Action stats: mean=-0.4492±0.3653 [-0.9029-0.1023]
  [Iter 950/1000] Best: 12500.6718 | Alpha: 0.1562
Traditional PSO iteration: 600/1000 - Best fitness: 12479.5744
UAPSO iteration 1000/1000 - Best fitness: 12679.0854
UAPSO completed with final fitness: 12679.0854

========== Planning Complete ==========
Algorithm: UAPSO
Execution time: 1342.4966 seconds
Path length: 309.6632 units
Waypoints: 7
Best fitness: 12679.0854
========================================


========== Direct Global Planning ==========
Algorithm: RRSACPSO
Start: [0.0, 0.0, 10.0]
Goal:  [200.0, 200.0, 10.0]
============================================


╔══════════════════════════════════════════════════════════╗
║              RRSACPSO Global Path Planning              ║
╚══════════════════════════════════════════════════════════╝


[Episode 1/1] Starting training...
  Config: mode=online, episodes=1, iterations=1000, popSize=100
      [Iter 1000] Action stats: mean=-0.3525±0.3912 [-0.8458-0.2580]
UAPSO iteration 950/1000 - Best fitness: 13093.569
      [Iter 1000] Fitness: current=12500.6718, best=12500.6718, diversity=0.408011
      [Iter 1000] Reward: 1.0000
  [Iter 1000/1000] Best: 12500.6718 | Alpha: 0.1539

╔════════════════════════════════════════════════════════════╗
║              RRSACPSO TRAINING COMPLETE                   ║
╚════════════════════════════════════════════════════════════╝
  Mode:              online
  Episodes:          1
  Iterations/Ep:     1000
  Population Size:   100
  Best Fitness:      12500.6718
  Path Length:       5 waypoints


========== Planning Complete ==========
Algorithm: RRSACPSO
Execution time: 141.1030 seconds
Path length: 287.2869 units
Waypoints: 7
Best fitness: 12500.6718
========================================


========== Direct Global Planning ==========
Algorithm: PSO
Start: [0.0, 0.0, 10.0]
Goal:  [200.0, 200.0, 10.0]
============================================

Starting Traditional PSO path planning with tracking...
Number of Initial feasible particles: 0/100
Traditional PSO iteration: 300/1000 - Best fitness: 12300.3965
      [Iter  50] Action stats: mean=-0.1599±0.6723 [-0.9893-0.8726]
  [Iter  50/1000] Best: 12657.2190 | Alpha: 0.2000
      [Iter 100] Action stats: mean=-0.1508±0.5756 [-0.9796-0.8474]
      [Iter 100] Fitness: current=12519.5295, best=12519.5295, diversity=7.881515
      [Iter 100] Reward: -1.0000
  [Iter 100/1000] Best: 12519.5295 | Alpha: 0.2000
UAPSO iteration 950/1000 - Best fitness: 13006.3265
      [Iter 150] Action stats: mean=0.2578±0.5307 [-0.2988-0.9952]
  [Iter 150/1000] Best: 12473.4739 | Alpha: 0.1986
Traditional PSO iteration: 650/1000 - Best fitness: 12479.1926
UAPSO iteration 700/1000 - Best fitness: 13989.7129
UAPSO iteration 850/1000 - Best fitness: 13125.4497
      [Iter 200] Action stats: mean=-0.0509±0.8357 [-0.9652-0.9080]
      [Iter 200] Fitness: current=12432.5058, best=12432.5058, diversity=6.767625
      [Iter 200] Reward: -1.0000
  [Iter 200/1000] Best: 12432.5058 | Alpha: 0.1957
UAPSO iteration 950/1000 - Best fitness: 12862.9384
      [Iter 250] Action stats: mean=0.3475±0.6563 [-0.9344-0.9386]
  [Iter 250/1000] Best: 12406.6777 | Alpha: 0.1928
Traditional PSO iteration: 700/1000 - Best fitness: 12479.0922
UAPSO iteration 900/1000 - Best fitness: 12965.9207
      [Iter 300] Action stats: mean=0.0418±0.7075 [-0.7700-0.9543]
      [Iter 300] Fitness: current=12405.1367, best=12405.1367, diversity=7.687739
      [Iter 300] Reward: 1.0000
  [Iter 300/1000] Best: 12405.1367 | Alpha: 0.1899
Traditional PSO iteration: 50/1000 - Best fitness: 12546.6709
Traditional PSO iteration: 350/1000 - Best fitness: 12296.7837
      [Iter 350] Action stats: mean=0.2201±0.5778 [-0.6722-0.7885]
  [Iter 350/1000] Best: 12405.1356 | Alpha: 0.1871
UAPSO iteration 800/1000 - Best fitness: 13939.2528
UAPSO iteration 1000/1000 - Best fitness: 12819.0523
UAPSO completed with final fitness: 12819.0523

========== Planning Complete ==========
Algorithm: UAPSO
Execution time: 1675.1689 seconds
Path length: 359.2285 units
Waypoints: 7
Best fitness: 12819.0523
========================================


========== Direct Global Planning ==========
Algorithm: RRSACPSO
Start: [0.0, 0.0, 10.0]
Goal:  [200.0, 200.0, 10.0]
============================================


╔══════════════════════════════════════════════════════════╗
║              RRSACPSO Global Path Planning              ║
╚══════════════════════════════════════════════════════════╝


[Episode 1/1] Starting training...
  Config: mode=online, episodes=1, iterations=1000, popSize=100
      [Iter 400] Action stats: mean=0.0926±0.7641 [-0.9253-0.8821]
UAPSO iteration 900/1000 - Best fitness: 13125.6612
      [Iter 400] Fitness: current=12392.9524, best=12392.9524, diversity=7.989819
      [Iter 400] Reward: -1.0000
  [Iter 400/1000] Best: 12392.9524 | Alpha: 0.1843
      [Iter  50] Action stats: mean=-0.2542±0.5584 [-0.9633-0.4299]
  [Iter  50/1000] Best: 13311.5154 | Alpha: 0.2000
Traditional PSO iteration: 750/1000 - Best fitness: 12479.0385
UAPSO iteration 800/1000 - Best fitness: 13764.0845
UAPSO iteration 1000/1000 - Best fitness: 12929.7067
UAPSO completed with final fitness: 12929.7067

========== Planning Complete ==========
Algorithm: UAPSO
Execution time: 1458.5610 seconds
Path length: 383.2939 units
Waypoints: 7
Best fitness: 12929.7067
========================================

      [Iter 100] Action stats: mean=-0.2029±0.6187 [-0.9402-0.7904]

========== Direct Global Planning ==========
Algorithm: RRSACPSO
Start: [0.0, 0.0, 10.0]
Goal:  [200.0, 200.0, 10.0]
============================================


╔══════════════════════════════════════════════════════════╗
║              RRSACPSO Global Path Planning              ║
╚══════════════════════════════════════════════════════════╝

      [Iter 100] Fitness: current=12750.3349, best=12750.3349, diversity=6.857810
      [Iter 100] Reward: 1.0000
  [Iter 100/1000] Best: 12750.3349 | Alpha: 0.2000
      [Iter 450] Action stats: mean=-0.0523±0.6290 [-0.9148-0.8574]
  [Iter 450/1000] Best: 12342.7670 | Alpha: 0.1815

[Episode 1/1] Starting training...
  Config: mode=online, episodes=1, iterations=1000, popSize=100
      [Iter  50] Action stats: mean=0.1087±0.8109 [-0.8745-0.9939]
  [Iter  50/1000] Best: 12930.1516 | Alpha: 0.2000
      [Iter 150] Action stats: mean=-0.0226±0.5257 [-0.8513-0.7034]
  [Iter 150/1000] Best: 12699.1587 | Alpha: 0.1986
      [Iter 500] Action stats: mean=-0.1584±0.7207 [-0.9566-0.8949]
      [Iter 500] Fitness: current=12305.7735, best=12305.7735, diversity=6.262066
      [Iter 500] Reward: -1.0000
  [Iter 500/1000] Best: 12305.7735 | Alpha: 0.1788
UAPSO iteration 1000/1000 - Best fitness: 12719.2521
UAPSO completed with final fitness: 12719.2521

========== Planning Complete ==========
Algorithm: UAPSO
Execution time: 1508.2055 seconds
Path length: 325.1834 units
Waypoints: 7
Best fitness: 12719.2521
========================================


========== Direct Global Planning ==========
Algorithm: RRSACPSO
Start: [0.0, 0.0, 10.0]
Goal:  [200.0, 200.0, 10.0]
============================================


╔══════════════════════════════════════════════════════════╗
║              RRSACPSO Global Path Planning              ║
╚══════════════════════════════════════════════════════════╝


[Episode 1/1] Starting training...
  Config: mode=online, episodes=1, iterations=1000, popSize=100
      [Iter 100] Action stats: mean=0.0697±0.7470 [-0.9649-0.8509]
      [Iter 100] Fitness: current=12847.6933, best=12847.6933, diversity=11.407216
      [Iter 100] Reward: -1.0000
  [Iter 100/1000] Best: 12847.6933 | Alpha: 0.2000
Traditional PSO iteration: 400/1000 - Best fitness: 12295.1527
      [Iter  50] Action stats: mean=-0.0804±0.6693 [-0.8415-0.8053]
  [Iter  50/1000] Best: 13638.1719 | Alpha: 0.2000
      [Iter 550] Action stats: mean=0.0712±0.5961 [-0.9551-0.7669]
  [Iter 550/1000] Best: 12268.2859 | Alpha: 0.1762
      [Iter 200] Action stats: mean=-0.1279±0.6846 [-0.9891-0.9259]
      [Iter 200] Fitness: current=12694.2194, best=12694.2194, diversity=5.192422
      [Iter 200] Reward: -1.0000
  [Iter 200/1000] Best: 12694.2194 | Alpha: 0.1957
Traditional PSO iteration: 100/1000 - Best fitness: 12473.1294
Traditional PSO iteration: 800/1000 - Best fitness: 12479.0014
      [Iter 150] Action stats: mean=0.1235±0.5727 [-0.6156-0.9268]
  [Iter 150/1000] Best: 12809.5862 | Alpha: 0.1986
UAPSO iteration 900/1000 - Best fitness: 12955.1419
      [Iter 100] Action stats: mean=0.0802±0.7299 [-0.9960-0.9907]
      [Iter 100] Fitness: current=13544.1218, best=13544.1218, diversity=10.214036
      [Iter 100] Reward: -1.0000
  [Iter 100/1000] Best: 13544.1218 | Alpha: 0.2000
      [Iter 600] Action stats: mean=0.1648±0.5676 [-0.8072-0.9285]
      [Iter 600] Fitness: current=12230.8584, best=12230.8584, diversity=5.309155
      [Iter 600] Reward: -1.0000
  [Iter 600/1000] Best: 12230.8584 | Alpha: 0.1735
      [Iter 250] Action stats: mean=0.1393±0.6726 [-0.7063-0.9929]
  [Iter 250/1000] Best: 12692.5297 | Alpha: 0.1928
      [Iter 200] Action stats: mean=0.0299±0.6200 [-0.8520-0.9918]
      [Iter 200] Fitness: current=12764.3481, best=12764.3481, diversity=9.096902
      [Iter 200] Reward: 1.0000
UAPSO iteration 1000/1000 - Best fitness: 12672.6455
UAPSO completed with final fitness: 12672.6455

========== Planning Complete ==========
Algorithm: UAPSO
Execution time: 1531.5053 seconds
Path length: 327.7961 units
Waypoints: 7
Best fitness: 12672.6455
========================================

  [Iter 200/1000] Best: 12764.3481 | Alpha: 0.1957

========== Direct Global Planning ==========
Algorithm: RRSACPSO
Start: [0.0, 0.0, 10.0]
Goal:  [200.0, 200.0, 10.0]
============================================


╔══════════════════════════════════════════════════════════╗
║              RRSACPSO Global Path Planning              ║
╚══════════════════════════════════════════════════════════╝

      [Iter 150] Action stats: mean=0.2981±0.6596 [-0.8359-0.9683]
  [Iter 150/1000] Best: 13483.9924 | Alpha: 0.1986

[Episode 1/1] Starting training...
  Config: mode=online, episodes=1, iterations=1000, popSize=100
UAPSO iteration 750/1000 - Best fitness: 13927.8415
      [Iter 650] Action stats: mean=-0.1140±0.4933 [-0.8102-0.7203]
  [Iter 650/1000] Best: 12192.3035 | Alpha: 0.1710
      [Iter 300] Action stats: mean=-0.3031±0.4364 [-0.7680-0.6430]
      [Iter 300] Fitness: current=12690.9888, best=12690.9888, diversity=2.832588
      [Iter 300] Reward: 1.0000
  [Iter 300/1000] Best: 12690.9888 | Alpha: 0.1899
      [Iter  50] Action stats: mean=0.2786±0.5919 [-0.5481-0.9979]
  [Iter  50/1000] Best: 13463.5726 | Alpha: 0.2000
      [Iter 250] Action stats: mean=-0.1066±0.7709 [-0.9165-0.8632]
  [Iter 250/1000] Best: 12754.6775 | Alpha: 0.1928
      [Iter 200] Action stats: mean=0.1833±0.7138 [-0.8390-0.8821]
      [Iter 200] Fitness: current=13270.0632, best=13270.0632, diversity=8.357926
      [Iter 200] Reward: -1.0000
  [Iter 200/1000] Best: 13270.0632 | Alpha: 0.1957
      [Iter 100] Action stats: mean=0.4312±0.6099 [-0.8626-0.9517]
      [Iter 100] Fitness: current=13150.3814, best=13150.3814, diversity=13.102550
      [Iter 100] Reward: -1.0000
  [Iter 100/1000] Best: 13150.3814 | Alpha: 0.2000
      [Iter 700] Action stats: mean=0.0584±0.6006 [-0.9413-0.8322]
      [Iter 700] Fitness: current=12183.7423, best=12183.7423, diversity=4.569936
      [Iter 700] Reward: 1.0000
  [Iter 700/1000] Best: 12183.7423 | Alpha: 0.1684
      [Iter 350] Action stats: mean=0.0780±0.6984 [-0.8506-0.9444]
  [Iter 350/1000] Best: 12680.9131 | Alpha: 0.1871
Traditional PSO iteration: 850/1000 - Best fitness: 12478.9118
UAPSO iteration 950/1000 - Best fitness: 12707.1967
      [Iter 300] Action stats: mean=-0.2645±0.6120 [-0.8909-0.8980]
      [Iter 300] Fitness: current=12713.3340, best=12713.3340, diversity=7.304029
      [Iter 300] Reward: 1.0000
  [Iter 300/1000] Best: 12713.3340 | Alpha: 0.1899
      [Iter 250] Action stats: mean=-0.3652±0.5353 [-0.8976-0.4535]
  [Iter 250/1000] Best: 13236.9883 | Alpha: 0.1928
      [Iter 150] Action stats: mean=0.0000±0.6606 [-0.8886-0.9516]
  [Iter 150/1000] Best: 12913.6427 | Alpha: 0.1986
      [Iter 750] Action stats: mean=-0.0555±0.5460 [-0.7829-0.7236]
  [Iter 750/1000] Best: 12179.8764 | Alpha: 0.1659
      [Iter 400] Action stats: mean=0.0383±0.7270 [-0.9783-0.9922]
      [Iter 400] Fitness: current=12677.3472, best=12677.3472, diversity=3.378638
      [Iter 400] Reward: -1.0000
  [Iter 400/1000] Best: 12677.3472 | Alpha: 0.1843
Traditional PSO iteration: 450/1000 - Best fitness: 12294.8342
      [Iter 350] Action stats: mean=-0.2518±0.5950 [-0.9025-0.8204]
  [Iter 350/1000] Best: 12630.6901 | Alpha: 0.1871
      [Iter 300] Action stats: mean=-0.2069±0.6802 [-0.9690-0.6731]
      [Iter 300] Fitness: current=13188.4491, best=13188.4491, diversity=8.057216
      [Iter 300] Reward: -1.0000
  [Iter 300/1000] Best: 13188.4491 | Alpha: 0.1899
      [Iter 200] Action stats: mean=-0.2132±0.4676 [-0.9709-0.4469]
      [Iter 200] Fitness: current=12857.8654, best=12857.8654, diversity=12.830741
      [Iter 200] Reward: -1.0000
  [Iter 200/1000] Best: 12857.8654 | Alpha: 0.1957
      [Iter 800] Action stats: mean=0.0213±0.6778 [-0.9064-0.9858]
      [Iter 800] Fitness: current=12179.1578, best=12179.1578, diversity=2.003586
      [Iter 800] Reward: 1.0000
  [Iter 800/1000] Best: 12179.1578 | Alpha: 0.1635
UAPSO iteration 850/1000 - Best fitness: 13808.943
      [Iter 450] Action stats: mean=0.3455±0.5886 [-0.6774-0.9788]
  [Iter 450/1000] Best: 12674.6554 | Alpha: 0.1815
      [Iter 400] Action stats: mean=0.0560±0.8577 [-0.9467-0.9811]
      [Iter 400] Fitness: current=12585.5275, best=12585.5275, diversity=7.333098
      [Iter 400] Reward: -1.0000
  [Iter 400/1000] Best: 12585.5275 | Alpha: 0.1843
      [Iter 350] Action stats: mean=-0.1134±0.8063 [-0.9606-0.9854]
Traditional PSO iteration: 150/1000 - Best fitness: 12468.7885
  [Iter 350/1000] Best: 12916.6552 | Alpha: 0.1871
Traditional PSO iteration: 900/1000 - Best fitness: 12478.8892
      [Iter 250] Action stats: mean=-0.1604±0.5561 [-0.9905-0.7753]
      [Iter 850] Action stats: mean=-0.0963±0.7080 [-0.9472-0.9691]
UAPSO iteration 950/1000 - Best fitness: 12960.7737
  [Iter 850/1000] Best: 12179.0684 | Alpha: 0.1610
      [Iter 500] Action stats: mean=0.1911±0.4694 [-0.4714-0.7215]
  [Iter 250/1000] Best: 12856.1808 | Alpha: 0.1928
      [Iter 500] Fitness: current=12672.3524, best=12672.3524, diversity=2.820140
      [Iter 500] Reward: -1.0000
  [Iter 500/1000] Best: 12672.3524 | Alpha: 0.1788
UAPSO iteration 850/1000 - Best fitness: 13431.6748
      [Iter 450] Action stats: mean=-0.0746±0.6192 [-0.8573-0.9449]
  [Iter 450/1000] Best: 12512.2480 | Alpha: 0.1815
      [Iter 400] Action stats: mean=0.0242±0.7080 [-0.9694-0.9384]
      [Iter 400] Fitness: current=12736.4663, best=12736.4663, diversity=4.744590
      [Iter 400] Reward: -1.0000
  [Iter 400/1000] Best: 12736.4663 | Alpha: 0.1843
      [Iter 900] Action stats: mean=-0.3604±0.6246 [-0.9936-0.8668]
      [Iter 300] Action stats: mean=0.1999±0.6363 [-0.9573-0.8713]
      [Iter 900] Fitness: current=12166.6809, best=12166.6809, diversity=1.247494
      [Iter 900] Reward: 1.0000
  [Iter 900/1000] Best: 12166.6809 | Alpha: 0.1588
      [Iter 300] Fitness: current=12689.7947, best=12689.7947, diversity=9.980404
      [Iter 300] Reward: 1.0000
  [Iter 300/1000] Best: 12689.7947 | Alpha: 0.1899
      [Iter 550] Action stats: mean=-0.0640±0.4376 [-0.7579-0.4781]
  [Iter 550/1000] Best: 12671.2459 | Alpha: 0.1762
      [Iter 500] Action stats: mean=-0.1017±0.6169 [-0.9172-0.8958]
      [Iter 500] Fitness: current=12307.3878, best=12307.3878, diversity=5.262256
      [Iter 500] Reward: 1.0000
  [Iter 500/1000] Best: 12307.3878 | Alpha: 0.1788
      [Iter 450] Action stats: mean=-0.1067±0.7302 [-0.9995-0.9780]
      [Iter 950] Action stats: mean=-0.2250±0.4310 [-0.9555-0.2683]
  [Iter 450/1000] Best: 12606.2702 | Alpha: 0.1816
  [Iter 950/1000] Best: 12164.5505 | Alpha: 0.1565
      [Iter 350] Action stats: mean=-0.0156±0.6251 [-0.7599-0.9391]
      [Iter 600] Action stats: mean=0.0686±0.6702 [-0.8654-0.8901]
  [Iter 350/1000] Best: 12593.2423 | Alpha: 0.1871
UAPSO iteration 950/1000 - Best fitness: 12862.1936
      [Iter 600] Fitness: current=12669.5812, best=12669.5812, diversity=1.353989
      [Iter 600] Reward: -1.0000
  [Iter 600/1000] Best: 12669.5812 | Alpha: 0.1735
Traditional PSO iteration: 950/1000 - Best fitness: 12478.8633
      [Iter 550] Action stats: mean=0.3227±0.3190 [-0.1702-0.6392]
  [Iter 550/1000] Best: 12229.0528 | Alpha: 0.1762
Traditional PSO iteration: 500/1000 - Best fitness: 12294.7588
      [Iter 500] Action stats: mean=-0.2142±0.7087 [-0.8849-0.9978]
      [Iter 500] Fitness: current=12582.5628, best=12582.5628, diversity=1.225390
      [Iter 500] Reward: 1.0000
  [Iter 500/1000] Best: 12582.5628 | Alpha: 0.1789
      [Iter 1000] Action stats: mean=0.0692±0.7460 [-0.9247-0.9519]
      [Iter 1000] Fitness: current=12164.4974, best=12164.4974, diversity=0.624372
      [Iter 1000] Reward: 1.0000
  [Iter 1000/1000] Best: 12164.4974 | Alpha: 0.1545

╔════════════════════════════════════════════════════════════╗
║              RRSACPSO TRAINING COMPLETE                   ║
╚════════════════════════════════════════════════════════════╝
  Mode:              online
  Episodes:          1
  Iterations/Ep:     1000
  Population Size:   100
  Best Fitness:      12164.4974
  Path Length:       5 waypoints


========== Planning Complete ==========
Algorithm: RRSACPSO
Execution time: 157.6466 seconds
Path length: 288.8725 units
Waypoints: 7
Best fitness: 12164.4974
========================================


========== Direct Global Planning ==========
Algorithm: PSO
Start: [0.0, 0.0, 10.0]
Goal:  [200.0, 200.0, 10.0]
============================================

Starting Traditional PSO path planning with tracking...
Number of Initial feasible particles: 0/100
      [Iter 400] Action stats: mean=0.1298±0.4744 [-0.7009-0.5791]
      [Iter 650] Action stats: mean=0.0968±0.5993 [-0.9593-0.9166]
      [Iter 400] Fitness: current=12567.6482, best=12567.6482, diversity=7.208731
      [Iter 400] Reward: 1.0000
  [Iter 400/1000] Best: 12567.6482 | Alpha: 0.1843
  [Iter 650/1000] Best: 12668.9508 | Alpha: 0.1710
      [Iter 600] Action stats: mean=0.1683±0.7794 [-0.9662-0.9470]
      [Iter 600] Fitness: current=12221.4631, best=12221.4631, diversity=4.496260
      [Iter 600] Reward: 1.0000
  [Iter 600/1000] Best: 12221.4631 | Alpha: 0.1735
      [Iter 550] Action stats: mean=-0.1072±0.5810 [-0.6463-0.8957]
  [Iter 550/1000] Best: 12544.0712 | Alpha: 0.1762
      [Iter 700] Action stats: mean=-0.2158±0.6350 [-0.9848-0.7183]
      [Iter 700] Fitness: current=12668.8167, best=12668.8167, diversity=0.159796
      [Iter 700] Reward: 1.0000
  [Iter 700/1000] Best: 12668.8167 | Alpha: 0.1684
      [Iter 450] Action stats: mean=-0.2453±0.5438 [-0.8477-0.6849]
  [Iter 450/1000] Best: 12514.0755 | Alpha: 0.1815
      [Iter 650] Action stats: mean=0.1525±0.6423 [-0.7348-0.9382]
  [Iter 650/1000] Best: 12214.6552 | Alpha: 0.1710
UAPSO iteration 1000/1000 - Best fitness: 12463.2409
UAPSO completed with final fitness: 12463.2409

========== Planning Complete ==========
Algorithm: UAPSO
Execution time: 1595.9957 seconds
Path length: 325.1705 units
Waypoints: 7
Best fitness: 12463.2409
========================================

      [Iter 600] Action stats: mean=-0.2137±0.6293 [-0.9575-0.5966]

========== Direct Global Planning ==========
Algorithm: RRSACPSO
Start: [0.0, 0.0, 10.0]
Goal:  [200.0, 200.0, 10.0]
============================================


╔══════════════════════════════════════════════════════════╗
║              RRSACPSO Global Path Planning              ║
╚══════════════════════════════════════════════════════════╝

      [Iter 600] Fitness: current=12539.6602, best=12539.6602, diversity=1.029218
      [Iter 600] Reward: -1.0000
  [Iter 600/1000] Best: 12539.6602 | Alpha: 0.1736

[Episode 1/1] Starting training...
  Config: mode=online, episodes=1, iterations=1000, popSize=100
      [Iter 750] Action stats: mean=-0.0213±0.5468 [-0.8774-0.7120]
      [Iter 500] Action stats: mean=-0.0053±0.6240 [-0.9544-0.6153]
      [Iter 500] Fitness: current=12479.3148, best=12479.3148, diversity=6.769215
      [Iter 500] Reward: 1.0000
  [Iter 500/1000] Best: 12479.3148 | Alpha: 0.1788
  [Iter 750/1000] Best: 12668.8061 | Alpha: 0.1659
UAPSO iteration 800/1000 - Best fitness: 13645.1172
Traditional PSO iteration: 1000/1000 - Best fitness: 12478.8509
Traditional PSO completed with final fitness: 12478.8509

========== Planning Complete ==========
Algorithm: PSO
Execution time: 530.2649 seconds
Path length: 321.9154 units
Waypoints: 7
Best fitness: 12478.8509
========================================


========== Direct Global Planning ==========
Algorithm: PSO_LDIW
Start: [0.0, 0.0, 10.0]
Goal:  [200.0, 200.0, 10.0]
============================================

Starting PSO-LDIW (linearly decreasing inertia weight)...
Number of Initial feasible particles: 0/100
PSO-LDIW iteration: 1/1000 - Best fitness: 24777.311 - w=0.8995, c1=1.5, c2=1.5
      [Iter  50] Action stats: mean=-0.0855±0.6110 [-0.6447-0.9823]
  [Iter  50/1000] Best: 12787.4104 | Alpha: 0.2000
      [Iter 700] Action stats: mean=0.1541±0.6034 [-0.9117-0.8314]
      [Iter 700] Fitness: current=12214.2816, best=12214.2816, diversity=2.949909
      [Iter 700] Reward: 1.0000
  [Iter 700/1000] Best: 12214.2816 | Alpha: 0.1684
      [Iter 650] Action stats: mean=-0.2753±0.5226 [-0.9445-0.6393]
  [Iter 650/1000] Best: 12537.7727 | Alpha: 0.1710
Traditional PSO iteration: 200/1000 - Best fitness: 12468.0612
      [Iter 800] Action stats: mean=-0.2669±0.6542 [-0.8834-0.7838]
      [Iter 800] Fitness: current=12668.8005, best=12668.8005, diversity=0.159705
      [Iter 800] Reward: -1.0000
  [Iter 800/1000] Best: 12668.8005 | Alpha: 0.1634
      [Iter 550] Action stats: mean=-0.1430±0.4562 [-0.9683-0.7298]
      [Iter 100] Action stats: mean=-0.2646±0.6307 [-0.8876-0.9801]
  [Iter 550/1000] Best: 12478.7831 | Alpha: 0.1762
      [Iter 100] Fitness: current=12499.4738, best=12499.4738, diversity=13.922239
      [Iter 100] Reward: -1.0000
  [Iter 100/1000] Best: 12499.4738 | Alpha: 0.2000
      [Iter 750] Action stats: mean=-0.2068±0.6354 [-0.8802-0.8761]
  [Iter 750/1000] Best: 12214.2794 | Alpha: 0.1659
      [Iter 700] Action stats: mean=0.3222±0.5655 [-0.5448-0.9742]
      [Iter 700] Fitness: current=12537.6014, best=12537.6014, diversity=0.525199
      [Iter 700] Reward: 1.0000
  [Iter 700/1000] Best: 12537.6014 | Alpha: 0.1685
      [Iter 850] Action stats: mean=-0.3174±0.4655 [-0.9440-0.2977]
      [Iter 600] Action stats: mean=0.1313±0.5778 [-0.9945-0.9018]
      [Iter 600] Fitness: current=12474.9620, best=12474.9620, diversity=5.377566
      [Iter 600] Reward: -1.0000
  [Iter 600/1000] Best: 12474.9620 | Alpha: 0.1735
  [Iter 850/1000] Best: 12668.7995 | Alpha: 0.1610
      [Iter 150] Action stats: mean=-0.0660±0.7101 [-0.8801-0.8408]
  [Iter 150/1000] Best: 12499.4738 | Alpha: 0.1986
Traditional PSO iteration: 550/1000 - Best fitness: 12294.7383
UAPSO iteration 900/1000 - Best fitness: 13465.1339
      [Iter 800] Action stats: mean=-0.1050±0.6994 [-0.9155-0.9716]
      [Iter 800] Fitness: current=12214.2792, best=12214.2792, diversity=1.780825
      [Iter 800] Reward: 1.0000
  [Iter 800/1000] Best: 12214.2792 | Alpha: 0.1635
      [Iter 750] Action stats: mean=-0.1551±0.5465 [-0.8228-0.8360]
  [Iter 750/1000] Best: 12536.4180 | Alpha: 0.1661
      [Iter 900] Action stats: mean=0.1989±0.5468 [-0.6015-0.9907]
      [Iter 650] Action stats: mean=-0.3542±0.5222 [-0.8871-0.7333]
      [Iter 900] Fitness: current=12668.7990, best=12668.7990, diversity=0.085969
      [Iter 900] Reward: -1.0000
  [Iter 900/1000] Best: 12668.7990 | Alpha: 0.1586
  [Iter 650/1000] Best: 12469.9391 | Alpha: 0.1710
      [Iter 200] Action stats: mean=-0.3285±0.4069 [-0.8475-0.2582]
      [Iter 200] Fitness: current=12437.5376, best=12437.5376, diversity=9.952058
      [Iter 200] Reward: -1.0000
  [Iter 200/1000] Best: 12437.5376 | Alpha: 0.1957
UAPSO iteration 900/1000 - Best fitness: 13302.5431
Traditional PSO iteration: 50/1000 - Best fitness: 12801.6353
      [Iter 850] Action stats: mean=-0.0164±0.5133 [-0.9816-0.4750]
  [Iter 850/1000] Best: 12214.2606 | Alpha: 0.1611
UAPSO iteration 1000/1000 - Best fitness: 12679.0623
UAPSO completed with final fitness: 12679.0623

========== Planning Complete ==========
Algorithm: UAPSO
Execution time: 1585.4659 seconds
Path length: 330.1763 units
Waypoints: 7
Best fitness: 12679.0623
========================================


========== Direct Global Planning ==========
Algorithm: RRSACPSO
Start: [0.0, 0.0, 10.0]
Goal:  [200.0, 200.0, 10.0]
============================================


╔══════════════════════════════════════════════════════════╗
║              RRSACPSO Global Path Planning              ║
╚══════════════════════════════════════════════════════════╝

      [Iter 800] Action stats: mean=-0.2329±0.5122 [-0.9077-0.5430]
      [Iter 800] Fitness: current=12536.4161, best=12536.4161, diversity=0.257097
      [Iter 800] Reward: 1.0000
  [Iter 800/1000] Best: 12536.4161 | Alpha: 0.1638

[Episode 1/1] Starting training...
  Config: mode=online, episodes=1, iterations=1000, popSize=100
      [Iter 700] Action stats: mean=-0.3867±0.7342 [-0.9486-0.9926]
      [Iter 700] Fitness: current=12459.0410, best=12459.0410, diversity=4.314759
      [Iter 700] Reward: 1.0000
  [Iter 700/1000] Best: 12459.0410 | Alpha: 0.1684
UAPSO iteration 1000/1000 - Best fitness: 12856.6365
UAPSO completed with final fitness: 12856.6365

========== Planning Complete ==========
Algorithm: UAPSO
Execution time: 1484.7846 seconds
Path length: 366.0539 units
Waypoints: 7
Best fitness: 12856.6365
========================================

      [Iter 950] Action stats: mean=-0.0110±0.5610 [-0.8490-0.8540]

========== Direct Global Planning ==========
Algorithm: RRSACPSO
Start: [0.0, 0.0, 10.0]
Goal:  [200.0, 200.0, 10.0]
============================================


╔══════════════════════════════════════════════════════════╗
║              RRSACPSO Global Path Planning              ║
╚══════════════════════════════════════════════════════════╝

  [Iter 950/1000] Best: 12668.7990 | Alpha: 0.1562
      [Iter 250] Action stats: mean=0.3020±0.4750 [-0.4420-0.8558]
  [Iter 250/1000] Best: 12426.9176 | Alpha: 0.1928

[Episode 1/1] Starting training...
  Config: mode=online, episodes=1, iterations=1000, popSize=100
      [Iter  50] Action stats: mean=0.1145±0.5646 [-0.7052-0.9221]
  [Iter  50/1000] Best: 12945.3234 | Alpha: 0.2000
      [Iter 900] Action stats: mean=0.2275±0.4425 [-0.3621-0.9158]
      [Iter 900] Fitness: current=12214.2579, best=12214.2579, diversity=0.998865
      [Iter 900] Reward: 1.0000
  [Iter 900/1000] Best: 12214.2579 | Alpha: 0.1588
      [Iter 850] Action stats: mean=0.0073±0.6006 [-0.9071-0.9467]
      [Iter  50] Action stats: mean=-0.3254±0.6307 [-0.9723-0.9953]
  [Iter 850/1000] Best: 12536.4159 | Alpha: 0.1615
  [Iter  50/1000] Best: 13387.6660 | Alpha: 0.2000
      [Iter 750] Action stats: mean=-0.2175±0.5741 [-0.8182-0.9897]
  [Iter 750/1000] Best: 12433.0697 | Alpha: 0.1660
      [Iter 1000] Action stats: mean=0.1882±0.5396 [-0.9625-0.9770]
      [Iter 1000] Fitness: current=12668.7990, best=12668.7990, diversity=0.029650
      [Iter 1000] Reward: -1.0000
  [Iter 1000/1000] Best: 12668.7990 | Alpha: 0.1539

╔════════════════════════════════════════════════════════════╗
║              RRSACPSO TRAINING COMPLETE                   ║
╚════════════════════════════════════════════════════════════╝
  Mode:              online
  Episodes:          1
  Iterations/Ep:     1000
  Population Size:   100
  Best Fitness:      12668.7990
  Path Length:       5 waypoints


========== Planning Complete ==========
Algorithm: RRSACPSO
Execution time: 164.2819 seconds
Path length: 290.4027 units
Waypoints: 7
Best fitness: 12668.7990
========================================


========== Direct Global Planning ==========
Algorithm: PSO
Start: [0.0, 0.0, 10.0]
Goal:  [200.0, 200.0, 10.0]
============================================

Starting Traditional PSO path planning with tracking...
Number of Initial feasible particles: 0/100
      [Iter 100] Action stats: mean=-0.0480±0.7040 [-0.9757-0.7529]
      [Iter 100] Fitness: current=12635.1265, best=12635.1265, diversity=9.224054
      [Iter 100] Reward: -1.0000
  [Iter 100/1000] Best: 12635.1265 | Alpha: 0.2000
      [Iter 300] Action stats: mean=-0.3319±0.6908 [-0.9958-0.8258]
      [Iter 300] Fitness: current=12405.4026, best=12405.4026, diversity=7.338724
      [Iter 300] Reward: 1.0000
  [Iter 300/1000] Best: 12405.4026 | Alpha: 0.1899
PSO-LDIW iteration: 50/1000 - Best fitness: 12901.8379 - w=0.875, c1=1.5, c2=1.5
      [Iter 100] Action stats: mean=-0.1531±0.5840 [-0.7958-0.9487]
      [Iter 100] Fitness: current=13139.3447, best=13139.3447, diversity=11.326820
      [Iter 100] Reward: 1.0000
  [Iter 100/1000] Best: 13139.3447 | Alpha: 0.2000
      [Iter 950] Action stats: mean=-0.0306±0.7224 [-0.9257-0.9250]
  [Iter 950/1000] Best: 12214.2578 | Alpha: 0.1566
      [Iter 900] Action stats: mean=0.1957±0.5317 [-0.7530-0.8495]
      [Iter 900] Fitness: current=12536.4154, best=12536.4154, diversity=0.204612
      [Iter 900] Reward: 1.0000
  [Iter 900/1000] Best: 12536.4154 | Alpha: 0.1593
      [Iter 800] Action stats: mean=-0.1836±0.6100 [-0.7883-0.7909]
      [Iter 800] Fitness: current=12428.6910, best=12428.6910, diversity=3.408306
      [Iter 800] Reward: 1.0000
  [Iter 800/1000] Best: 12428.6910 | Alpha: 0.1635
      [Iter 150] Action stats: mean=0.0103±0.6863 [-0.8172-0.9865]
  [Iter 150/1000] Best: 12567.5856 | Alpha: 0.1986
      [Iter 350] Action stats: mean=-0.1318±0.8208 [-0.9534-0.9786]
  [Iter 350/1000] Best: 12405.3972 | Alpha: 0.1871
      [Iter 150] Action stats: mean=0.1719±0.6935 [-0.9620-0.8569]
  [Iter 150/1000] Best: 13107.2986 | Alpha: 0.1986
      [Iter 1000] Action stats: mean=0.1302±0.5376 [-0.8054-0.8641]
      [Iter 1000] Fitness: current=12214.2578, best=12214.2578, diversity=0.405611
      [Iter 1000] Reward: 1.0000
  [Iter 1000/1000] Best: 12214.2578 | Alpha: 0.1546

╔════════════════════════════════════════════════════════════╗
║              RRSACPSO TRAINING COMPLETE                   ║
╚════════════════════════════════════════════════════════════╝
  Mode:              online
  Episodes:          1
  Iterations/Ep:     1000
  Population Size:   100
  Best Fitness:      12214.2578
  Path Length:       5 waypoints


========== Planning Complete ==========
Algorithm: RRSACPSO
Execution time: 165.5271 seconds
Path length: 302.0401 units
Waypoints: 7
Best fitness: 12214.2578
========================================


========== Direct Global Planning ==========
Algorithm: PSO
Start: [0.0, 0.0, 10.0]
Goal:  [200.0, 200.0, 10.0]
============================================

Starting Traditional PSO path planning with tracking...
Traditional PSO iteration: 600/1000 - Best fitness: 12294.7342
      [Iter 950] Action stats: mean=-0.0411±0.6916 [-0.8757-0.9674]
Number of Initial feasible particles: 0/100
  [Iter 950/1000] Best: 12536.4154 | Alpha: 0.1572
      [Iter 850] Action stats: mean=-0.0785±0.6472 [-0.8602-0.9377]
  [Iter 850/1000] Best: 12428.6265 | Alpha: 0.1611
Traditional PSO iteration: 250/1000 - Best fitness: 12467.7668
      [Iter 400] Action stats: mean=0.0232±0.7084 [-0.9705-0.8662]
      [Iter 400] Fitness: current=12405.3972, best=12405.3972, diversity=6.931324
      [Iter 400] Reward: -1.0000
  [Iter 400/1000] Best: 12405.3972 | Alpha: 0.1843
      [Iter 200] Action stats: mean=0.3999±0.4260 [-0.5662-0.8385]
      [Iter 200] Fitness: current=12538.8105, best=12538.8105, diversity=8.709489
      [Iter 200] Reward: 1.0000
  [Iter 200/1000] Best: 12538.8105 | Alpha: 0.1957
      [Iter 200] Action stats: mean=0.1032±0.5914 [-0.7203-0.8852]
      [Iter 200] Fitness: current=12954.7761, best=12954.7761, diversity=12.243105
      [Iter 200] Reward: 1.0000
  [Iter 200/1000] Best: 12954.7761 | Alpha: 0.1957
      [Iter 1000] Action stats: mean=-0.2181±0.5545 [-0.8279-0.6320]
      [Iter 1000] Fitness: current=12536.4147, best=12536.4147, diversity=0.000028
      [Iter 1000] Reward: -1.0000
  [Iter 1000/1000] Best: 12536.4147 | Alpha: 0.1553

╔════════════════════════════════════════════════════════════╗
║              RRSACPSO TRAINING COMPLETE                   ║
╚════════════════════════════════════════════════════════════╝
  Mode:              online
  Episodes:          1
  Iterations/Ep:     1000
  Population Size:   100
  Best Fitness:      12536.4147
  Path Length:       5 waypoints


========== Planning Complete ==========
Algorithm: RRSACPSO
Execution time: 164.5137 seconds
Path length: 294.6433 units
Waypoints: 7
Best fitness: 12536.4147
========================================


========== Direct Global Planning ==========
Algorithm: PSO
Start: [0.0, 0.0, 10.0]
Goal:  [200.0, 200.0, 10.0]
============================================

Starting Traditional PSO path planning with tracking...
Number of Initial feasible particles: 0/100
      [Iter 900] Action stats: mean=0.0344±0.5995 [-0.9175-0.9277]
      [Iter 900] Fitness: current=12428.6132, best=12428.6132, diversity=3.086173
      [Iter 900] Reward: 1.0000
  [Iter 900/1000] Best: 12428.6132 | Alpha: 0.1587
Traditional PSO iteration: 100/1000 - Best fitness: 12574.7061
      [Iter 450] Action stats: mean=-0.0653±0.7291 [-0.9484-0.9259]
  [Iter 450/1000] Best: 12366.7546 | Alpha: 0.1815
      [Iter 250] Action stats: mean=0.2016±0.7017 [-0.9790-0.9457]
  [Iter 250/1000] Best: 12524.9684 | Alpha: 0.1928
      [Iter 250] Action stats: mean=-0.0098±0.7849 [-0.8580-0.8975]
  [Iter 250/1000] Best: 12937.3410 | Alpha: 0.1928
      [Iter 950] Action stats: mean=-0.0519±0.7357 [-0.9084-0.9438]
      [Iter 500] Action stats: mean=0.1603±0.5664 [-0.9340-0.8035]
  [Iter 950/1000] Best: 12428.6131 | Alpha: 0.1563
      [Iter 500] Fitness: current=12336.5988, best=12336.5988, diversity=6.943824
      [Iter 500] Reward: -1.0000
  [Iter 500/1000] Best: 12336.5988 | Alpha: 0.1788
      [Iter 300] Action stats: mean=-0.0284±0.5763 [-0.8869-0.7809]
      [Iter 300] Fitness: current=12524.9684, best=12524.9684, diversity=7.878782
      [Iter 300] Reward: -1.0000
  [Iter 300/1000] Best: 12524.9684 | Alpha: 0.1899
Traditional PSO iteration: 50/1000 - Best fitness: 13118.8877
UAPSO iteration 850/1000 - Best fitness: 13409.2914
PSO-LDIW iteration: 100/1000 - Best fitness: 12614.4928 - w=0.85, c1=1.5, c2=1.5
      [Iter 300] Action stats: mean=-0.1957±0.6909 [-0.9847-0.9178]
      [Iter 300] Fitness: current=12936.4500, best=12936.4500, diversity=11.940733
      [Iter 300] Reward: 1.0000
  [Iter 300/1000] Best: 12936.4500 | Alpha: 0.1899
      [Iter 1000] Action stats: mean=-0.0529±0.5973 [-0.6670-0.9436]
      [Iter 1000] Fitness: current=12428.6131, best=12428.6131, diversity=2.046027
      [Iter 1000] Reward: 1.0000
      [Iter 550] Action stats: mean=0.0661±0.3968 [-0.5183-0.6590]
  [Iter 1000/1000] Best: 12428.6131 | Alpha: 0.1544

╔════════════════════════════════════════════════════════════╗
║              RRSACPSO TRAINING COMPLETE                   ║
╚════════════════════════════════════════════════════════════╝
  Mode:              online
  Episodes:          1
  Iterations/Ep:     1000
  Population Size:   100
  Best Fitness:      12428.6131
  Path Length:       5 waypoints


========== Planning Complete ==========
Algorithm: RRSACPSO
Execution time: 162.1703 seconds
Path length: 331.8600 units
Waypoints: 7
Best fitness: 12428.6131
========================================


========== Direct Global Planning ==========
Algorithm: PSO
Start: [0.0, 0.0, 10.0]
Goal:  [200.0, 200.0, 10.0]
============================================

Starting Traditional PSO path planning with tracking...
  [Iter 550/1000] Best: 12326.3366 | Alpha: 0.1762
      [Iter 350] Action stats: mean=0.0250±0.5765 [-0.6481-0.9575]
  [Iter 350/1000] Best: 12515.5183 | Alpha: 0.1871
Number of Initial feasible particles: 0/100
UAPSO iteration 950/1000 - Best fitness: 13180.4477
      [Iter 350] Action stats: mean=0.0294±0.5278 [-0.7838-0.9386]
  [Iter 350/1000] Best: 12807.2330 | Alpha: 0.1871
UAPSO iteration 950/1000 - Best fitness: 12977.0384
Traditional PSO iteration: 50/1000 - Best fitness: 12950.6352
      [Iter 600] Action stats: mean=-0.0691±0.5979 [-0.8246-0.9058]
      [Iter 400] Action stats: mean=0.0019±0.5630 [-0.9763-0.6729]
      [Iter 400] Fitness: current=12505.9854, best=12505.9854, diversity=4.321989
      [Iter 400] Reward: -1.0000
      [Iter 600] Fitness: current=12318.4028, best=12318.4028, diversity=5.170382
      [Iter 600] Reward: -1.0000
  [Iter 600/1000] Best: 12318.4028 | Alpha: 0.1737
  [Iter 400/1000] Best: 12505.9854 | Alpha: 0.1843
Traditional PSO iteration: 650/1000 - Best fitness: 12294.7335
      [Iter 400] Action stats: mean=0.2695±0.6239 [-0.8000-0.9982]
      [Iter 400] Fitness: current=12515.7287, best=12515.7287, diversity=12.357883
      [Iter 400] Reward: -1.0000
  [Iter 400/1000] Best: 12515.7287 | Alpha: 0.1843
      [Iter 650] Action stats: mean=-0.2401±0.6200 [-0.9738-0.4719]
  [Iter 650/1000] Best: 12307.0765 | Alpha: 0.1711
      [Iter 450] Action stats: mean=-0.0130±0.7137 [-0.9652-0.7650]
  [Iter 450/1000] Best: 12485.9041 | Alpha: 0.1815
      [Iter 450] Action stats: mean=0.1444±0.4943 [-0.7183-0.8169]
  [Iter 450/1000] Best: 12322.2107 | Alpha: 0.1815
Traditional PSO iteration: 50/1000 - Best fitness: 12644.9099
      [Iter 700] Action stats: mean=0.1537±0.5543 [-0.7356-0.9430]
      [Iter 700] Fitness: current=12301.2993, best=12301.2993, diversity=2.652969
      [Iter 700] Reward: 1.0000
  [Iter 700/1000] Best: 12301.2993 | Alpha: 0.1685
      [Iter 500] Action stats: mean=0.0314±0.6172 [-0.9163-0.9409]
      [Iter 500] Fitness: current=12464.1814, best=12464.1814, diversity=4.016502
      [Iter 500] Reward: -1.0000
  [Iter 500/1000] Best: 12464.1814 | Alpha: 0.1788
Traditional PSO iteration: 150/1000 - Best fitness: 12487.6456
      [Iter 500] Action stats: mean=0.1056±0.5841 [-0.9102-0.9642]
      [Iter 500] Fitness: current=12254.3786, best=12254.3786, diversity=11.124589
      [Iter 500] Reward: 1.0000
  [Iter 500/1000] Best: 12254.3786 | Alpha: 0.1788
Traditional PSO iteration: 300/1000 - Best fitness: 12467.7261
PSO-LDIW iteration: 150/1000 - Best fitness: 12601.2994 - w=0.825, c1=1.5, c2=1.5
      [Iter 750] Action stats: mean=0.0488±0.5917 [-0.9899-0.7444]
  [Iter 750/1000] Best: 12297.0675 | Alpha: 0.1660
      [Iter 550] Action stats: mean=0.0186±0.7850 [-0.9882-0.9408]
Traditional PSO iteration: 100/1000 - Best fitness: 12586.19
  [Iter 550/1000] Best: 12460.7917 | Alpha: 0.1762
      [Iter 550] Action stats: mean=-0.1706±0.5899 [-0.9361-0.9452]
  [Iter 550/1000] Best: 12240.2377 | Alpha: 0.1762
      [Iter 800] Action stats: mean=-0.0494±0.6917 [-0.9611-0.9702]
      [Iter 800] Fitness: current=12296.2864, best=12296.2864, diversity=0.767518
      [Iter 800] Reward: -1.0000
  [Iter 800/1000] Best: 12296.2864 | Alpha: 0.1636
      [Iter 600] Action stats: mean=-0.1430±0.5434 [-0.8955-0.5772]
      [Iter 600] Fitness: current=12431.7041, best=12431.7041, diversity=2.789350
      [Iter 600] Reward: -1.0000
  [Iter 600/1000] Best: 12431.7041 | Alpha: 0.1735
Traditional PSO iteration: 100/1000 - Best fitness: 12792.0341
      [Iter 600] Action stats: mean=-0.1486±0.6312 [-0.9967-0.8674]
      [Iter 600] Fitness: current=12237.3059, best=12237.3059, diversity=7.256993
      [Iter 600] Reward: -1.0000
  [Iter 600/1000] Best: 12237.3059 | Alpha: 0.1735
Traditional PSO iteration: 50/1000 - Best fitness: 13177.1844
Traditional PSO iteration: 700/1000 - Best fitness: 12294.7228
      [Iter 850] Action stats: mean=-0.1598±0.6143 [-0.6927-0.9257]
  [Iter 850/1000] Best: 12295.8669 | Alpha: 0.1612
      [Iter 650] Action stats: mean=-0.2267±0.4882 [-0.7713-0.7332]
  [Iter 650/1000] Best: 12333.8845 | Alpha: 0.1710
      [Iter 650] Action stats: mean=0.1191±0.8064 [-0.9971-0.9839]
  [Iter 650/1000] Best: 12235.4227 | Alpha: 0.1710
      [Iter 900] Action stats: mean=-0.2533±0.7459 [-0.9628-0.8784]
      [Iter 900] Fitness: current=12295.4849, best=12295.4849, diversity=0.421123
      [Iter 900] Reward: 1.0000
  [Iter 900/1000] Best: 12295.4849 | Alpha: 0.1590
      [Iter 700] Action stats: mean=0.1227±0.4993 [-0.6257-0.8419]
      [Iter 700] Fitness: current=12251.6489, best=12251.6489, diversity=3.407627
      [Iter 700] Reward: -1.0000
  [Iter 700/1000] Best: 12251.6489 | Alpha: 0.1684
      [Iter 700] Action stats: mean=-0.2201±0.6124 [-0.9981-0.5981]
      [Iter 700] Fitness: current=12235.1343, best=12235.1343, diversity=6.769310
      [Iter 700] Reward: 1.0000
  [Iter 700/1000] Best: 12235.1343 | Alpha: 0.1690
Traditional PSO iteration: 100/1000 - Best fitness: 12599.1923
UAPSO iteration 1000/1000 - Best fitness: 12934.7249
UAPSO completed with final fitness: 12934.7249

========== Planning Complete ==========
Algorithm: UAPSO
Execution time: 1502.1472 seconds
Path length: 330.5735 units
Waypoints: 7
Best fitness: 12934.7249
========================================


========== Direct Global Planning ==========
Algorithm: RRSACPSO
Start: [0.0, 0.0, 10.0]
Goal:  [200.0, 200.0, 10.0]
============================================


╔══════════════════════════════════════════════════════════╗
║              RRSACPSO Global Path Planning              ║
╚══════════════════════════════════════════════════════════╝


[Episode 1/1] Starting training...
  Config: mode=online, episodes=1, iterations=1000, popSize=100
      [Iter 950] Action stats: mean=0.3816±0.5779 [-0.5718-0.9764]
  [Iter 950/1000] Best: 12295.4513 | Alpha: 0.1568
      [Iter 750] Action stats: mean=-0.0120±0.7203 [-0.9881-0.8553]
  [Iter 750/1000] Best: 12233.2583 | Alpha: 0.1659
UAPSO iteration 900/1000 - Best fitness: 13207.4162
      [Iter 750] Action stats: mean=-0.0440±0.7411 [-0.9447-0.9692]
  [Iter 750/1000] Best: 12234.9793 | Alpha: 0.1670
      [Iter  50] Action stats: mean=-0.0363±0.7239 [-0.9956-0.8985]
UAPSO iteration 1000/1000 - Best fitness: 12825.0123
UAPSO completed with final fitness: 12825.0123

========== Planning Complete ==========
Algorithm: UAPSO
Execution time: 1397.2634 seconds
Path length: 324.4023 units
Waypoints: 7
Best fitness: 12825.0123
========================================

  [Iter  50/1000] Best: 13231.3771 | Alpha: 0.2000

========== Direct Global Planning ==========
Algorithm: RRSACPSO
Start: [0.0, 0.0, 10.0]
Goal:  [200.0, 200.0, 10.0]
============================================


╔══════════════════════════════════════════════════════════╗
║              RRSACPSO Global Path Planning              ║
╚══════════════════════════════════════════════════════════╝

PSO-LDIW iteration: 200/1000 - Best fitness: 12572.1567 - w=0.8, c1=1.5, c2=1.5

[Episode 1/1] Starting training...
  Config: mode=online, episodes=1, iterations=1000, popSize=100
Traditional PSO iteration: 200/1000 - Best fitness: 12463.2157
Traditional PSO iteration: 150/1000 - Best fitness: 12327.135
      [Iter 1000] Action stats: mean=-0.1060±0.6354 [-0.9727-0.9585]
      [Iter 1000] Fitness: current=12295.4512, best=12295.4512, diversity=0.316251
      [Iter 1000] Reward: -1.0000
  [Iter 1000/1000] Best: 12295.4512 | Alpha: 0.1547

╔════════════════════════════════════════════════════════════╗
║              RRSACPSO TRAINING COMPLETE                   ║
╚════════════════════════════════════════════════════════════╝
  Mode:              online
  Episodes:          1
  Iterations/Ep:     1000
  Population Size:   100
  Best Fitness:      12295.4512
  Path Length:       5 waypoints


========== Planning Complete ==========
Algorithm: RRSACPSO
Execution time: 136.9331 seconds
Path length: 316.0654 units
Waypoints: 7
Best fitness: 12295.4512
========================================


========== Direct Global Planning ==========
Algorithm: PSO
Start: [0.0, 0.0, 10.0]
Goal:  [200.0, 200.0, 10.0]
============================================

Starting Traditional PSO path planning with tracking...
      [Iter 800] Action stats: mean=0.0617±0.6830 [-0.8085-0.9181]
      [Iter 800] Fitness: current=12225.8408, best=12225.8408, diversity=1.869945
      [Iter 800] Reward: 1.0000
  [Iter 800/1000] Best: 12225.8408 | Alpha: 0.1634
      [Iter 100] Action stats: mean=-0.0334±0.6518 [-0.9175-0.7888]
Number of Initial feasible particles: 0/100
      [Iter 100] Fitness: current=13083.5785, best=13083.5785, diversity=14.571966
      [Iter 100] Reward: 1.0000
  [Iter 100/1000] Best: 13083.5785 | Alpha: 0.2000
      [Iter  50] Action stats: mean=0.2307±0.5273 [-0.4956-0.8329]
  [Iter  50/1000] Best: 12802.2362 | Alpha: 0.2000
      [Iter 800] Action stats: mean=-0.1891±0.6888 [-0.9595-0.9489]
      [Iter 800] Fitness: current=12234.8750, best=12234.8750, diversity=4.957302
      [Iter 800] Reward: -1.0000
  [Iter 800/1000] Best: 12234.8750 | Alpha: 0.1647
Traditional PSO iteration: 150/1000 - Best fitness: 12739.1063
      [Iter 100] Action stats: mean=0.0249±0.7885 [-0.8476-0.9775]
      [Iter 100] Fitness: current=12589.3379, best=12589.3379, diversity=12.820089
      [Iter 100] Reward: -1.0000
  [Iter 100/1000] Best: 12589.3379 | Alpha: 0.2000
Traditional PSO iteration: 350/1000 - Best fitness: 12467.7114
      [Iter 850] Action stats: mean=-0.0264±0.6748 [-0.9826-0.8610]
  [Iter 850/1000] Best: 12224.9766 | Alpha: 0.1610
      [Iter 150] Action stats: mean=-0.2478±0.5784 [-0.7718-0.9779]
  [Iter 150/1000] Best: 12949.2638 | Alpha: 0.1986
      [Iter 850] Action stats: mean=0.0747±0.7853 [-0.9765-0.9792]
  [Iter 850/1000] Best: 12234.6090 | Alpha: 0.1622
Traditional PSO iteration: 750/1000 - Best fitness: 12294.7219
Traditional PSO iteration: 150/1000 - Best fitness: 12590.8644
      [Iter 150] Action stats: mean=0.2632±0.6472 [-0.7453-0.9830]
  [Iter 150/1000] Best: 12535.5701 | Alpha: 0.1986
      [Iter 900] Action stats: mean=-0.1055±0.5311 [-0.9134-0.6681]
      [Iter 900] Fitness: current=12224.1890, best=12224.1890, diversity=1.508866
      [Iter 900] Reward: 1.0000
  [Iter 900/1000] Best: 12224.1890 | Alpha: 0.1586
      [Iter 200] Action stats: mean=-0.2597±0.6426 [-0.9746-0.9514]
      [Iter 200] Fitness: current=12818.6779, best=12818.6779, diversity=11.608038
      [Iter 200] Reward: 1.0000
  [Iter 200/1000] Best: 12818.6779 | Alpha: 0.1957
      [Iter 900] Action stats: mean=0.2394±0.8074 [-0.8737-0.9416]
      [Iter 900] Fitness: current=12234.5945, best=12234.5945, diversity=4.218067
      [Iter 900] Reward: -1.0000
  [Iter 900/1000] Best: 12234.5945 | Alpha: 0.1600
Traditional PSO iteration: 100/1000 - Best fitness: 12820.3764
      [Iter 950] Action stats: mean=-0.1382±0.6736 [-0.8137-0.9141]
  [Iter 950/1000] Best: 12222.2218 | Alpha: 0.1562
      [Iter 200] Action stats: mean=0.0327±0.7050 [-0.9728-0.8577]
      [Iter 200] Fitness: current=12529.7308, best=12529.7308, diversity=9.547792
      [Iter 200] Reward: -1.0000
  [Iter 200/1000] Best: 12529.7308 | Alpha: 0.1957
      [Iter 250] Action stats: mean=0.2601±0.4934 [-0.6965-0.7863]
  [Iter 250/1000] Best: 12724.5132 | Alpha: 0.1927
      [Iter 950] Action stats: mean=-0.2525±0.7274 [-0.8464-0.9892]
  [Iter 950/1000] Best: 12234.5933 | Alpha: 0.1578
Traditional PSO iteration: 200/1000 - Best fitness: 12227.3672
      [Iter 1000] Action stats: mean=0.1841±0.6380 [-0.8438-0.9471]
      [Iter 1000] Fitness: current=12222.1183, best=12222.1183, diversity=1.692974
      [Iter 1000] Reward: 1.0000
  [Iter 1000/1000] Best: 12222.1183 | Alpha: 0.1539

╔════════════════════════════════════════════════════════════╗
║              RRSACPSO TRAINING COMPLETE                   ║
╚════════════════════════════════════════════════════════════╝
  Mode:              online
  Episodes:          1
  Iterations/Ep:     1000
  Population Size:   100
  Best Fitness:      12222.1183
  Path Length:       5 waypoints


========== Planning Complete ==========
Algorithm: RRSACPSO
Execution time: 134.0882 seconds
Path length: 287.2972 units
Waypoints: 7
Best fitness: 12222.1183
========================================


========== Direct Global Planning ==========
Algorithm: PSO
Start: [0.0, 0.0, 10.0]
Goal:  [200.0, 200.0, 10.0]
============================================

Starting Traditional PSO path planning with tracking...
      [Iter 250] Action stats: mean=0.2771±0.5569 [-0.7995-0.8042]
  [Iter 250/1000] Best: 12515.6003 | Alpha: 0.1928
Traditional PSO iteration: 200/1000 - Best fitness: 12587.8116
Number of Initial feasible particles: 0/100
      [Iter 300] Action stats: mean=-0.0762±0.6022 [-0.8836-0.9452]
      [Iter 300] Fitness: current=12619.5507, best=12619.5507, diversity=9.280700
      [Iter 300] Reward: -1.0000
  [Iter 300/1000] Best: 12619.5507 | Alpha: 0.1899
      [Iter 1000] Action stats: mean=-0.1608±0.7460 [-0.9719-0.9094]
      [Iter 1000] Fitness: current=12234.5933, best=12234.5933, diversity=2.571828
      [Iter 1000] Reward: 1.0000
  [Iter 1000/1000] Best: 12234.5933 | Alpha: 0.1558

╔════════════════════════════════════════════════════════════╗
║              RRSACPSO TRAINING COMPLETE                   ║
╚════════════════════════════════════════════════════════════╝
  Mode:              online
  Episodes:          1
  Iterations/Ep:     1000
  Population Size:   100
  Best Fitness:      12234.5933
  Path Length:       5 waypoints


========== Planning Complete ==========
Algorithm: RRSACPSO
Execution time: 134.4895 seconds
Path length: 298.3609 units
Waypoints: 7
Best fitness: 12234.5933
========================================


========== Direct Global Planning ==========
Algorithm: PSO
Start: [0.0, 0.0, 10.0]
Goal:  [200.0, 200.0, 10.0]
============================================

Starting Traditional PSO path planning with tracking...
Number of Initial feasible particles: 0/100
Traditional PSO iteration: 250/1000 - Best fitness: 12454.68
      [Iter 300] Action stats: mean=-0.1269±0.6575 [-0.9618-0.8426]
      [Iter 300] Fitness: current=12505.5728, best=12505.5728, diversity=6.675983
      [Iter 300] Reward: -1.0000
  [Iter 300/1000] Best: 12505.5728 | Alpha: 0.1899
      [Iter 350] Action stats: mean=-0.0796±0.6350 [-0.8254-0.8869]
  [Iter 350/1000] Best: 12427.7622 | Alpha: 0.1870
PSO-LDIW iteration: 250/1000 - Best fitness: 12569.0812 - w=0.775, c1=1.5, c2=1.5
Traditional PSO iteration: 200/1000 - Best fitness: 12727.4489
Traditional PSO iteration: 50/1000 - Best fitness: 13039.5107
Traditional PSO iteration: 800/1000 - Best fitness: 12294.1225
      [Iter 350] Action stats: mean=0.1312±0.8400 [-0.9580-0.9801]
  [Iter 350/1000] Best: 12505.0584 | Alpha: 0.1871
      [Iter 400] Action stats: mean=0.2090±0.4678 [-0.5883-0.8177]
      [Iter 400] Fitness: current=12385.4669, best=12385.4669, diversity=9.640301
      [Iter 400] Reward: -1.0000
  [Iter 400/1000] Best: 12385.4669 | Alpha: 0.1843
Traditional PSO iteration: 250/1000 - Best fitness: 12586.8772
      [Iter 400] Action stats: mean=-0.1353±0.7281 [-0.8616-0.9748]
      [Iter 400] Fitness: current=12505.0205, best=12505.0205, diversity=6.043654
      [Iter 400] Reward: 1.0000
  [Iter 400/1000] Best: 12505.0205 | Alpha: 0.1843
      [Iter 450] Action stats: mean=-0.4365±0.5022 [-0.8883-0.3074]
Traditional PSO iteration: 300/1000 - Best fitness: 12450.4838
  [Iter 450/1000] Best: 12367.7429 | Alpha: 0.1815
Traditional PSO iteration: 250/1000 - Best fitness: 12211.6612
Traditional PSO iteration: 400/1000 - Best fitness: 12467.7087
      [Iter 450] Action stats: mean=0.3592±0.6108 [-0.8141-0.9309]
  [Iter 450/1000] Best: 12505.0040 | Alpha: 0.1815
UAPSO iteration 950/1000 - Best fitness: 13060.8973
      [Iter 500] Action stats: mean=0.0999±0.6016 [-0.7658-0.8988]
      [Iter 500] Fitness: current=12356.0055, best=12356.0055, diversity=9.184112
      [Iter 500] Reward: 1.0000
  [Iter 500/1000] Best: 12356.0055 | Alpha: 0.1788
Traditional PSO iteration: 150/1000 - Best fitness: 12769.557
Traditional PSO iteration: 300/1000 - Best fitness: 12586.7934
      [Iter 500] Action stats: mean=-0.2064±0.6178 [-0.9088-0.6973]
      [Iter 500] Fitness: current=12505.0036, best=12505.0036, diversity=4.051513
      [Iter 500] Reward: 1.0000
  [Iter 500/1000] Best: 12505.0036 | Alpha: 0.1788
      [Iter 550] Action stats: mean=-0.0096±0.5124 [-0.6462-0.7824]
  [Iter 550/1000] Best: 12350.2989 | Alpha: 0.1761
Traditional PSO iteration: 50/1000 - Best fitness: 12785.045
Traditional PSO iteration: 50/1000 - Best fitness: 12933.0302
Traditional PSO iteration: 350/1000 - Best fitness: 12450.0835
      [Iter 550] Action stats: mean=-0.3228±0.4182 [-0.9314-0.3231]
  [Iter 550/1000] Best: 12322.0946 | Alpha: 0.1762
Traditional PSO iteration: 100/1000 - Best fitness: 12594.7152
Traditional PSO iteration: 850/1000 - Best fitness: 12290.5963
      [Iter 600] Action stats: mean=-0.0808±0.7171 [-0.9730-0.7105]
      [Iter 600] Fitness: current=12348.7086, best=12348.7086, diversity=7.513758
      [Iter 600] Reward: 1.0000
  [Iter 600/1000] Best: 12348.7086 | Alpha: 0.1735
Traditional PSO iteration: 250/1000 - Best fitness: 12723.5593
PSO-LDIW iteration: 300/1000 - Best fitness: 12560.1065 - w=0.75, c1=1.5, c2=1.5
Traditional PSO iteration: 350/1000 - Best fitness: 12586.751
      [Iter 600] Action stats: mean=0.2032±0.5123 [-0.6425-0.8063]
      [Iter 600] Fitness: current=12309.0963, best=12309.0963, diversity=5.614941
      [Iter 600] Reward: -1.0000
  [Iter 600/1000] Best: 12309.0963 | Alpha: 0.1735
Traditional PSO iteration: 300/1000 - Best fitness: 12189.9997
      [Iter 650] Action stats: mean=0.3696±0.5872 [-0.5636-0.9236]
  [Iter 650/1000] Best: 12347.7892 | Alpha: 0.1709
      [Iter 650] Action stats: mean=0.2691±0.4071 [-0.5448-0.7100]
  [Iter 650/1000] Best: 12306.5166 | Alpha: 0.1710
Traditional PSO iteration: 400/1000 - Best fitness: 12450.0117
      [Iter 700] Action stats: mean=0.3845±0.4788 [-0.4894-0.8754]
      [Iter 700] Fitness: current=12346.5517, best=12346.5517, diversity=6.281405
      [Iter 700] Reward: -1.0000
  [Iter 700/1000] Best: 12346.5517 | Alpha: 0.1684
Traditional PSO iteration: 400/1000 - Best fitness: 12586.6456
      [Iter 700] Action stats: mean=0.2909±0.6325 [-0.9099-0.9377]
      [Iter 700] Fitness: current=12306.1945, best=12306.1945, diversity=2.113261
      [Iter 700] Reward: 1.0000
  [Iter 700/1000] Best: 12306.1945 | Alpha: 0.1684
      [Iter 750] Action stats: mean=-0.0428±0.6592 [-0.8055-0.9639]
  [Iter 750/1000] Best: 12346.5015 | Alpha: 0.1659
Traditional PSO iteration: 100/1000 - Best fitness: 12730.1909
Traditional PSO iteration: 100/1000 - Best fitness: 12532.1343
      [Iter 750] Action stats: mean=0.0119±0.6480 [-0.8455-0.7401]
  [Iter 750/1000] Best: 12306.1500 | Alpha: 0.1660
PSO-LDIW iteration: 350/1000 - Best fitness: 12558.6495 - w=0.725, c1=1.5, c2=1.5
Traditional PSO iteration: 450/1000 - Best fitness: 12467.708
      [Iter 800] Action stats: mean=-0.1192±0.6548 [-0.8984-0.9327]
      [Iter 800] Fitness: current=12346.4752, best=12346.4752, diversity=4.973639
      [Iter 800] Reward: 1.0000
Traditional PSO iteration: 450/1000 - Best fitness: 12449.9473
  [Iter 800/1000] Best: 12346.4752 | Alpha: 0.1634
Traditional PSO iteration: 200/1000 - Best fitness: 12738.7813
Traditional PSO iteration: 350/1000 - Best fitness: 12182.1376
Traditional PSO iteration: 450/1000 - Best fitness: 12586.637
Traditional PSO iteration: 900/1000 - Best fitness: 12287.509
      [Iter 800] Action stats: mean=-0.1861±0.5344 [-0.8565-0.7564]
      [Iter 800] Fitness: current=12306.1491, best=12306.1491, diversity=1.830462
      [Iter 800] Reward: 1.0000
  [Iter 800/1000] Best: 12306.1491 | Alpha: 0.1636
Traditional PSO iteration: 150/1000 - Best fitness: 12579.6969
      [Iter 850] Action stats: mean=0.1872±0.5098 [-0.7624-0.7964]
Traditional PSO iteration: 300/1000 - Best fitness: 12723.0281
  [Iter 850/1000] Best: 12345.4789 | Alpha: 0.1611
      [Iter 850] Action stats: mean=-0.0652±0.6252 [-0.8629-0.9714]
  [Iter 850/1000] Best: 12306.1111 | Alpha: 0.1612
      [Iter 900] Action stats: mean=0.2840±0.5287 [-0.7655-0.9629]
      [Iter 900] Fitness: current=12345.4558, best=12345.4558, diversity=5.846074
      [Iter 900] Reward: 1.0000
  [Iter 900/1000] Best: 12345.4558 | Alpha: 0.1587
Traditional PSO iteration: 500/1000 - Best fitness: 12449.8992
Traditional PSO iteration: 150/1000 - Best fitness: 12607.3409
PSO-LDIW iteration: 400/1000 - Best fitness: 12556.3612 - w=0.7, c1=1.5, c2=1.5
Traditional PSO iteration: 500/1000 - Best fitness: 12586.543
      [Iter 900] Action stats: mean=-0.0047±0.6017 [-0.6112-0.9195]
      [Iter 900] Fitness: current=12306.1070, best=12306.1070, diversity=1.244638
      [Iter 900] Reward: 1.0000
  [Iter 900/1000] Best: 12306.1070 | Alpha: 0.1589
      [Iter 950] Action stats: mean=0.2071±0.6584 [-0.8290-0.9386]
UAPSO iteration 1000/1000 - Best fitness: 12931.7112
UAPSO completed with final fitness: 12931.7112

========== Planning Complete ==========
Algorithm: UAPSO
Execution time: 1566.9045 seconds
Path length: 316.3382 units
Waypoints: 7
Best fitness: 12931.7112
========================================

  [Iter 950/1000] Best: 12345.2194 | Alpha: 0.1565

========== Direct Global Planning ==========
Algorithm: RRSACPSO
Start: [0.0, 0.0, 10.0]
Goal:  [200.0, 200.0, 10.0]
============================================


╔══════════════════════════════════════════════════════════╗
║              RRSACPSO Global Path Planning              ║
╚══════════════════════════════════════════════════════════╝

Traditional PSO iteration: 400/1000 - Best fitness: 12176.5113

[Episode 1/1] Starting training...
  Config: mode=online, episodes=1, iterations=1000, popSize=100
      [Iter 950] Action stats: mean=-0.2986±0.5145 [-0.8710-0.5793]
  [Iter 950/1000] Best: 12306.1070 | Alpha: 0.1566
      [Iter  50] Action stats: mean=0.3233±0.7222 [-0.9769-0.9901]
  [Iter  50/1000] Best: 12590.0666 | Alpha: 0.2000
      [Iter 1000] Action stats: mean=-0.0707±0.6572 [-0.9054-0.9554]
      [Iter 1000] Fitness: current=12345.1105, best=12345.1105, diversity=2.771566
      [Iter 1000] Reward: 1.0000
  [Iter 1000/1000] Best: 12345.1105 | Alpha: 0.1544

╔════════════════════════════════════════════════════════════╗
║              RRSACPSO TRAINING COMPLETE                   ║
╚════════════════════════════════════════════════════════════╝
  Mode:              online
  Episodes:          1
  Iterations/Ep:     1000
  Population Size:   100
  Best Fitness:      12345.1105
  Path Length:       5 waypoints


========== Planning Complete ==========
Algorithm: RRSACPSO
Execution time: 131.6429 seconds
Path length: 317.5272 units
Waypoints: 7
Best fitness: 12345.1105
========================================


========== Direct Global Planning ==========
Algorithm: PSO
Start: [0.0, 0.0, 10.0]
Goal:  [200.0, 200.0, 10.0]
============================================

Starting Traditional PSO path planning with tracking...
Traditional PSO iteration: 150/1000 - Best fitness: 12493.0941
Number of Initial feasible particles: 0/100
Traditional PSO iteration: 550/1000 - Best fitness: 12449.8204
      [Iter 100] Action stats: mean=0.4489±0.4933 [-0.3844-0.9622]
      [Iter 100] Fitness: current=12467.1636, best=12467.1636, diversity=12.256626
      [Iter 100] Reward: -1.0000
  [Iter 100/1000] Best: 12467.1636 | Alpha: 0.2000
Traditional PSO iteration: 550/1000 - Best fitness: 12586.5295
      [Iter 1000] Action stats: mean=0.0115±0.8038 [-0.9177-0.8817]
      [Iter 1000] Fitness: current=12306.1070, best=12306.1070, diversity=1.291739
      [Iter 1000] Reward: -1.0000
  [Iter 1000/1000] Best: 12306.1070 | Alpha: 0.1542

╔════════════════════════════════════════════════════════════╗
║              RRSACPSO TRAINING COMPLETE                   ║
╚════════════════════════════════════════════════════════════╝
  Mode:              online
  Episodes:          1
  Iterations/Ep:     1000
  Population Size:   100
  Best Fitness:      12306.1070
  Path Length:       5 waypoints


========== Planning Complete ==========
Algorithm: RRSACPSO
Execution time: 130.4200 seconds
Path length: 322.9587 units
Waypoints: 7
Best fitness: 12306.1070
========================================


========== Direct Global Planning ==========
Algorithm: PSO
Start: [0.0, 0.0, 10.0]
Goal:  [200.0, 200.0, 10.0]
============================================

Starting Traditional PSO path planning with tracking...
PSO-LDIW iteration: 450/1000 - Best fitness: 12554.8496 - w=0.675, c1=1.5, c2=1.5
Number of Initial feasible particles: 0/100
Traditional PSO iteration: 950/1000 - Best fitness: 12283.5496
      [Iter 150] Action stats: mean=0.3923±0.5659 [-0.4595-0.9916]
  [Iter 150/1000] Best: 12450.0647 | Alpha: 0.1986
Traditional PSO iteration: 450/1000 - Best fitness: 12173.5087
Traditional PSO iteration: 200/1000 - Best fitness: 12558.1372
Traditional PSO iteration: 350/1000 - Best fitness: 12721.7048
Traditional PSO iteration: 600/1000 - Best fitness: 12449.7172
      [Iter 200] Action stats: mean=-0.0569±0.7217 [-0.9817-0.9064]
      [Iter 200] Fitness: current=12431.7106, best=12431.7106, diversity=7.089599
      [Iter 200] Reward: 1.0000
Traditional PSO iteration: 200/1000 - Best fitness: 12576.6159
  [Iter 200/1000] Best: 12431.7106 | Alpha: 0.1957
Traditional PSO iteration: 600/1000 - Best fitness: 12586.5281
Traditional PSO iteration: 500/1000 - Best fitness: 12467.3724
PSO-LDIW iteration: 500/1000 - Best fitness: 12551.9829 - w=0.65, c1=1.5, c2=1.5
Traditional PSO iteration: 250/1000 - Best fitness: 12724.3989
      [Iter 250] Action stats: mean=-0.2937±0.6185 [-0.9912-0.8583]
  [Iter 250/1000] Best: 12431.6969 | Alpha: 0.1928
Traditional PSO iteration: 650/1000 - Best fitness: 12449.6568
Traditional PSO iteration: 50/1000 - Best fitness: 12505.7071
      [Iter 300] Action stats: mean=-0.2724±0.6574 [-0.9705-0.5735]
      [Iter 300] Fitness: current=12431.6969, best=12431.6969, diversity=7.096872
      [Iter 300] Reward: 1.0000
  [Iter 300/1000] Best: 12431.6969 | Alpha: 0.1899
Traditional PSO iteration: 500/1000 - Best fitness: 12172.8175
Traditional PSO iteration: 650/1000 - Best fitness: 12586.5276
PSO-LDIW iteration: 550/1000 - Best fitness: 12551.7613 - w=0.625, c1=1.5, c2=1.5
Traditional PSO iteration: 200/1000 - Best fitness: 12481.7312
Traditional PSO iteration: 1000/1000 - Best fitness: 12282.4094
Traditional PSO completed with final fitness: 12282.4094

========== Planning Complete ==========
Algorithm: PSO
Execution time: 679.1898 seconds
Path length: 302.0841 units
Waypoints: 7
Best fitness: 12282.4094
========================================


========== Direct Global Planning ==========
Algorithm: PSO_LDIW
Start: [0.0, 0.0, 10.0]
Goal:  [200.0, 200.0, 10.0]
============================================

Starting PSO-LDIW (linearly decreasing inertia weight)...
Number of Initial feasible particles: 0/100
PSO-LDIW iteration: 1/1000 - Best fitness: 43103.2271 - w=0.8995, c1=1.5, c2=1.5
      [Iter 350] Action stats: mean=0.3651±0.6859 [-0.9502-0.9701]
  [Iter 350/1000] Best: 12431.2511 | Alpha: 0.1871
Traditional PSO iteration: 250/1000 - Best fitness: 12550.2557
Traditional PSO iteration: 50/1000 - Best fitness: 12776.9091
Traditional PSO iteration: 700/1000 - Best fitness: 12449.6425
      [Iter 400] Action stats: mean=-0.3361±0.5949 [-0.9549-0.5003]
      [Iter 400] Fitness: current=12425.1120, best=12425.1120, diversity=5.055471
      [Iter 400] Reward: -1.0000
  [Iter 400/1000] Best: 12425.1120 | Alpha: 0.1843
Traditional PSO iteration: 700/1000 - Best fitness: 12586.5272
PSO-LDIW iteration: 600/1000 - Best fitness: 12551.0759 - w=0.6, c1=1.5, c2=1.5
Traditional PSO iteration: 550/1000 - Best fitness: 12172.5487
      [Iter 450] Action stats: mean=0.0600±0.5551 [-0.6778-0.9045]
  [Iter 450/1000] Best: 12407.1217 | Alpha: 0.1815
Traditional PSO iteration: 400/1000 - Best fitness: 12721.436
Traditional PSO iteration: 750/1000 - Best fitness: 12449.6402
      [Iter 500] Action stats: mean=0.6300±0.3108 [-0.0369-0.9683]
      [Iter 500] Fitness: current=12402.5501, best=12402.5501, diversity=4.665621
      [Iter 500] Reward: -1.0000
  [Iter 500/1000] Best: 12402.5501 | Alpha: 0.1788
Traditional PSO iteration: 750/1000 - Best fitness: 12586.5272
PSO-LDIW iteration: 650/1000 - Best fitness: 12550.5787 - w=0.575, c1=1.5, c2=1.5
Traditional PSO iteration: 250/1000 - Best fitness: 12568.7635
Traditional PSO iteration: 100/1000 - Best fitness: 12458.7735
PSO-LDIW iteration: 50/1000 - Best fitness: 12937.5805 - w=0.875, c1=1.5, c2=1.5
Traditional PSO iteration: 300/1000 - Best fitness: 12713.0225
Traditional PSO iteration: 250/1000 - Best fitness: 12473.2918
Traditional PSO iteration: 550/1000 - Best fitness: 12467.3162
      [Iter 550] Action stats: mean=0.2592±0.6170 [-0.8100-0.9605]
  [Iter 550/1000] Best: 12390.5816 | Alpha: 0.1762
Traditional PSO iteration: 600/1000 - Best fitness: 12172.3638
Traditional PSO iteration: 800/1000 - Best fitness: 12449.6396
Traditional PSO iteration: 300/1000 - Best fitness: 12547.7831
      [Iter 600] Action stats: mean=-0.0589±0.7292 [-0.9819-0.8480]
      [Iter 600] Fitness: current=12376.2210, best=12376.2210, diversity=2.403603
      [Iter 600] Reward: -1.0000
PSO-LDIW iteration: 700/1000 - Best fitness: 12550.3302 - w=0.55, c1=1.5, c2=1.5
Traditional PSO iteration: 800/1000 - Best fitness: 12586.527
  [Iter 600/1000] Best: 12376.2210 | Alpha: 0.1735
Traditional PSO iteration: 100/1000 - Best fitness: 12677.9753
      [Iter 650] Action stats: mean=0.4215±0.5497 [-0.5143-0.9587]
  [Iter 650/1000] Best: 12366.2372 | Alpha: 0.1710
Traditional PSO iteration: 300/1000 - Best fitness: 12470.5577
Traditional PSO iteration: 850/1000 - Best fitness: 12449.6394
PSO-LDIW iteration: 750/1000 - Best fitness: 12549.7212 - w=0.525, c1=1.5, c2=1.5
Traditional PSO iteration: 650/1000 - Best fitness: 12172.3041
Traditional PSO iteration: 850/1000 - Best fitness: 12586.5133
      [Iter 700] Action stats: mean=-0.0406±0.7653 [-0.9751-0.9168]
Traditional PSO iteration: 150/1000 - Best fitness: 12454.0933
      [Iter 700] Fitness: current=12364.5955, best=12364.5955, diversity=1.422506
      [Iter 700] Reward: 1.0000
  [Iter 700/1000] Best: 12364.5955 | Alpha: 0.1684
Traditional PSO iteration: 450/1000 - Best fitness: 12721.3413
PSO-LDIW iteration: 100/1000 - Best fitness: 12647.883 - w=0.85, c1=1.5, c2=1.5
      [Iter 750] Action stats: mean=-0.0769±0.6938 [-0.9546-0.9216]
  [Iter 750/1000] Best: 12364.3758 | Alpha: 0.1659
Traditional PSO iteration: 600/1000 - Best fitness: 12466.7503
PSO-LDIW iteration: 800/1000 - Best fitness: 12549.3702 - w=0.5, c1=1.5, c2=1.5
Traditional PSO iteration: 900/1000 - Best fitness: 12449.6363
Traditional PSO iteration: 900/1000 - Best fitness: 12586.5115
Traditional PSO iteration: 350/1000 - Best fitness: 12470.2081
      [Iter 800] Action stats: mean=-0.2484±0.8183 [-0.9368-0.9504]
      [Iter 800] Fitness: current=12364.3670, best=12364.3670, diversity=1.145235
      [Iter 800] Reward: -1.0000
  [Iter 800/1000] Best: 12364.3670 | Alpha: 0.1634
Traditional PSO iteration: 700/1000 - Best fitness: 12172.2512
Traditional PSO iteration: 350/1000 - Best fitness: 12547.3604
Traditional PSO iteration: 300/1000 - Best fitness: 12566.4052
Traditional PSO iteration: 200/1000 - Best fitness: 12453.2734
      [Iter 850] Action stats: mean=0.1231±0.6385 [-0.6656-0.9709]
Traditional PSO iteration: 150/1000 - Best fitness: 12660.1651
  [Iter 850/1000] Best: 12364.3653 | Alpha: 0.1610
Traditional PSO iteration: 350/1000 - Best fitness: 12709.5746
PSO-LDIW iteration: 850/1000 - Best fitness: 12549.1541 - w=0.475, c1=1.5, c2=1.5
Traditional PSO iteration: 950/1000 - Best fitness: 12449.6315
Traditional PSO iteration: 950/1000 - Best fitness: 12586.5027
Traditional PSO iteration: 400/1000 - Best fitness: 12470.1411
      [Iter 900] Action stats: mean=0.1974±0.6661 [-0.9291-0.9856]
      [Iter 900] Fitness: current=12364.3590, best=12364.3590, diversity=0.817859
      [Iter 900] Reward: 1.0000
  [Iter 900/1000] Best: 12364.3590 | Alpha: 0.1586
Traditional PSO iteration: 650/1000 - Best fitness: 12466.7382
Traditional PSO iteration: 750/1000 - Best fitness: 12172.2433
      [Iter 950] Action stats: mean=0.1235±0.6518 [-0.8932-0.9790]
  [Iter 950/1000] Best: 12364.3586 | Alpha: 0.1562
PSO-LDIW iteration: 900/1000 - Best fitness: 12548.5493 - w=0.45, c1=1.5, c2=1.5
Traditional PSO iteration: 1000/1000 - Best fitness: 12449.6305
Traditional PSO completed with final fitness: 12449.6305

========== Planning Complete ==========
Algorithm: PSO
Execution time: 402.3872 seconds
Path length: 286.8770 units
Waypoints: 7
Best fitness: 12449.6305
========================================


========== Direct Global Planning ==========
Algorithm: PSO_LDIW
Start: [0.0, 0.0, 10.0]
Goal:  [200.0, 200.0, 10.0]
============================================

Starting PSO-LDIW (linearly decreasing inertia weight)...
Number of Initial feasible particles: 0/100
Traditional PSO iteration: 250/1000 - Best fitness: 12453.1893
PSO-LDIW iteration: 150/1000 - Best fitness: 12609.3472 - w=0.825, c1=1.5, c2=1.5
PSO-LDIW iteration: 1/1000 - Best fitness: 39843.5531 - w=0.8995, c1=1.5, c2=1.5
Traditional PSO iteration: 1000/1000 - Best fitness: 12586.5008
Traditional PSO completed with final fitness: 12586.5008

========== Planning Complete ==========
Algorithm: PSO
Execution time: 318.0786 seconds
Path length: 299.3652 units
Waypoints: 7
Best fitness: 12586.5008
========================================


========== Direct Global Planning ==========
Algorithm: PSO_LDIW
Start: [0.0, 0.0, 10.0]
Goal:  [200.0, 200.0, 10.0]
============================================

Starting PSO-LDIW (linearly decreasing inertia weight)...
Number of Initial feasible particles: 0/100
PSO-LDIW iteration: 1/1000 - Best fitness: 34825.6914 - w=0.8995, c1=1.5, c2=1.5
Traditional PSO iteration: 450/1000 - Best fitness: 12469.7085
      [Iter 1000] Action stats: mean=0.0013±0.6616 [-0.9924-0.7574]
      [Iter 1000] Fitness: current=12364.3585, best=12364.3585, diversity=0.984902
      [Iter 1000] Reward: 1.0000
  [Iter 1000/1000] Best: 12364.3585 | Alpha: 0.1539

╔════════════════════════════════════════════════════════════╗
║              RRSACPSO TRAINING COMPLETE                   ║
╚════════════════════════════════════════════════════════════╝
  Mode:              online
  Episodes:          1
  Iterations/Ep:     1000
  Population Size:   100
  Best Fitness:      12364.3585
  Path Length:       5 waypoints


========== Planning Complete ==========
Algorithm: RRSACPSO
Execution time: 128.3309 seconds
Path length: 303.8689 units
Waypoints: 7
Best fitness: 12364.3585
========================================


========== Direct Global Planning ==========
Algorithm: PSO
Start: [0.0, 0.0, 10.0]
Goal:  [200.0, 200.0, 10.0]
============================================

Starting Traditional PSO path planning with tracking...
Traditional PSO iteration: 500/1000 - Best fitness: 12721.2775
Number of Initial feasible particles: 0/100
Traditional PSO iteration: 400/1000 - Best fitness: 12547.2859
PSO-LDIW iteration: 950/1000 - Best fitness: 12548.4281 - w=0.425, c1=1.5, c2=1.5
Traditional PSO iteration: 800/1000 - Best fitness: 12172.2374
Traditional PSO iteration: 700/1000 - Best fitness: 12466.6728
Traditional PSO iteration: 200/1000 - Best fitness: 12656.8496
Traditional PSO iteration: 500/1000 - Best fitness: 12469.6688
Traditional PSO iteration: 300/1000 - Best fitness: 12453.1789
PSO-LDIW iteration: 1000/1000 - Best fitness: 12548.306 - w=0.4, c1=1.5, c2=1.5

========== Planning Complete ==========
Algorithm: PSO_LDIW
Execution time: 395.8443 seconds
Path length: 288.4297 units
Waypoints: 7
Best fitness: 12548.3060
========================================


========== Direct Global Planning ==========
Algorithm: FIPS
Start: [0.0, 0.0, 10.0]
Goal:  [200.0, 200.0, 10.0]
============================================

Starting FIPS (Fully Informed PSO) path planning...
Traditional PSO iteration: 350/1000 - Best fitness: 12565.9093
Number of Initial feasible particles: 0/100
PSO-LDIW iteration: 50/1000 - Best fitness: 13373.9782 - w=0.875, c1=1.5, c2=1.5
Traditional PSO iteration: 550/1000 - Best fitness: 12469.6606
Traditional PSO iteration: 850/1000 - Best fitness: 12172.237
Traditional PSO iteration: 400/1000 - Best fitness: 12707.0798
PSO-LDIW iteration: 50/1000 - Best fitness: 13221.4092 - w=0.875, c1=1.5, c2=1.5
Traditional PSO iteration: 750/1000 - Best fitness: 12466.6423
PSO-LDIW iteration: 200/1000 - Best fitness: 12546.1243 - w=0.8, c1=1.5, c2=1.5
Traditional PSO iteration: 350/1000 - Best fitness: 12453.1719
Traditional PSO iteration: 600/1000 - Best fitness: 12469.6554
Traditional PSO iteration: 50/1000 - Best fitness: 12641.2347
Traditional PSO iteration: 550/1000 - Best fitness: 12721.1553
Traditional PSO iteration: 450/1000 - Best fitness: 12546.7702
Traditional PSO iteration: 250/1000 - Best fitness: 12654.0562
Traditional PSO iteration: 900/1000 - Best fitness: 12172.237
Traditional PSO iteration: 650/1000 - Best fitness: 12469.6519
PSO-LDIW iteration: 100/1000 - Best fitness: 13225.4813 - w=0.85, c1=1.5, c2=1.5
Traditional PSO iteration: 800/1000 - Best fitness: 12466.6359
Traditional PSO iteration: 400/1000 - Best fitness: 12453.1712
PSO-LDIW iteration: 100/1000 - Best fitness: 13037.886 - w=0.85, c1=1.5, c2=1.5
FIPS iteration: 50/1000 - Best fitness: 13492.0973
Traditional PSO iteration: 700/1000 - Best fitness: 12469.6487
Traditional PSO iteration: 950/1000 - Best fitness: 12172.2368
Traditional PSO iteration: 400/1000 - Best fitness: 12565.6681
PSO-LDIW iteration: 250/1000 - Best fitness: 12436.2408 - w=0.775, c1=1.5, c2=1.5
Traditional PSO iteration: 850/1000 - Best fitness: 12466.633
Traditional PSO iteration: 750/1000 - Best fitness: 12469.6407
Traditional PSO iteration: 450/1000 - Best fitness: 12453.1711
Traditional PSO iteration: 100/1000 - Best fitness: 12463.3972
Traditional PSO iteration: 300/1000 - Best fitness: 12652.5319
Traditional PSO iteration: 450/1000 - Best fitness: 12706.5747
PSO-LDIW iteration: 150/1000 - Best fitness: 13157.3289 - w=0.825, c1=1.5, c2=1.5
Traditional PSO iteration: 500/1000 - Best fitness: 12545.7939
Traditional PSO iteration: 600/1000 - Best fitness: 12721.1428
Traditional PSO iteration: 1000/1000 - Best fitness: 12172.2368
Traditional PSO completed with final fitness: 12172.2368

========== Planning Complete ==========
Algorithm: PSO
Execution time: 414.6341 seconds
Path length: 287.4540 units
Waypoints: 7
Best fitness: 12172.2368
========================================


========== Direct Global Planning ==========
Algorithm: PSO_LDIW
Start: [0.0, 0.0, 10.0]
Goal:  [200.0, 200.0, 10.0]
============================================

Starting PSO-LDIW (linearly decreasing inertia weight)...
Number of Initial feasible particles: 0/100
PSO-LDIW iteration: 1/1000 - Best fitness: 38154.2767 - w=0.8995, c1=1.5, c2=1.5
Traditional PSO iteration: 800/1000 - Best fitness: 12469.6224
Traditional PSO iteration: 900/1000 - Best fitness: 12466.6314
PSO-LDIW iteration: 150/1000 - Best fitness: 12821.4432 - w=0.825, c1=1.5, c2=1.5
Traditional PSO iteration: 500/1000 - Best fitness: 12453.1711
Traditional PSO iteration: 850/1000 - Best fitness: 12469.6192
PSO-LDIW iteration: 300/1000 - Best fitness: 12377.0396 - w=0.75, c1=1.5, c2=1.5
FIPS iteration: 100/1000 - Best fitness: 13418.2773
Traditional PSO iteration: 150/1000 - Best fitness: 12413.4151
Traditional PSO iteration: 900/1000 - Best fitness: 12469.6169
Traditional PSO iteration: 950/1000 - Best fitness: 12466.6309
PSO-LDIW iteration: 200/1000 - Best fitness: 12889.6303 - w=0.8, c1=1.5, c2=1.5
Traditional PSO iteration: 450/1000 - Best fitness: 12565.6382
PSO-LDIW iteration: 50/1000 - Best fitness: 12834.5312 - w=0.875, c1=1.5, c2=1.5
Traditional PSO iteration: 550/1000 - Best fitness: 12453.1711
Traditional PSO iteration: 550/1000 - Best fitness: 12545.4413
Traditional PSO iteration: 350/1000 - Best fitness: 12644.9289
Traditional PSO iteration: 950/1000 - Best fitness: 12469.6165
PSO-LDIW iteration: 200/1000 - Best fitness: 12618.3753 - w=0.8, c1=1.5, c2=1.5
Traditional PSO iteration: 650/1000 - Best fitness: 12721.1298
Traditional PSO iteration: 500/1000 - Best fitness: 12705.7221
Traditional PSO iteration: 1000/1000 - Best fitness: 12466.6309
Traditional PSO completed with final fitness: 12466.6309

========== Planning Complete ==========
Algorithm: PSO
Execution time: 673.4804 seconds
Path length: 318.8780 units
Waypoints: 7
Best fitness: 12466.6309
========================================


========== Direct Global Planning ==========
Algorithm: PSO_LDIW
Start: [0.0, 0.0, 10.0]
Goal:  [200.0, 200.0, 10.0]
============================================

Starting PSO-LDIW (linearly decreasing inertia weight)...
Number of Initial feasible particles: 0/100
PSO-LDIW iteration: 1/1000 - Best fitness: 34487.3346 - w=0.8995, c1=1.5, c2=1.5
Traditional PSO iteration: 200/1000 - Best fitness: 12361.8964
Traditional PSO iteration: 1000/1000 - Best fitness: 12469.6162
Traditional PSO completed with final fitness: 12469.6162

========== Planning Complete ==========
Algorithm: PSO
Execution time: 331.6093 seconds
Path length: 286.4626 units
Waypoints: 7
Best fitness: 12469.6162
========================================


========== Direct Global Planning ==========
Algorithm: PSO_LDIW
Start: [0.0, 0.0, 10.0]
Goal:  [200.0, 200.0, 10.0]
============================================

Starting PSO-LDIW (linearly decreasing inertia weight)...
Traditional PSO iteration: 600/1000 - Best fitness: 12453.1711
Number of Initial feasible particles: 0/100
PSO-LDIW iteration: 1/1000 - Best fitness: 13650.5685 - w=0.8995, c1=1.5, c2=1.5
PSO-LDIW iteration: 350/1000 - Best fitness: 12318.5861 - w=0.725, c1=1.5, c2=1.5
FIPS iteration: 150/1000 - Best fitness: 13295.5375
PSO-LDIW iteration: 100/1000 - Best fitness: 12659.3448 - w=0.85, c1=1.5, c2=1.5
PSO-LDIW iteration: 250/1000 - Best fitness: 12690.2556 - w=0.775, c1=1.5, c2=1.5
Traditional PSO iteration: 650/1000 - Best fitness: 12453.1711
Traditional PSO iteration: 600/1000 - Best fitness: 12544.7118
Traditional PSO iteration: 250/1000 - Best fitness: 12352.6454
PSO-LDIW iteration: 50/1000 - Best fitness: 12932.4559 - w=0.875, c1=1.5, c2=1.5
PSO-LDIW iteration: 250/1000 - Best fitness: 12509.4255 - w=0.775, c1=1.5, c2=1.5
Traditional PSO iteration: 500/1000 - Best fitness: 12565.6239
PSO-LDIW iteration: 50/1000 - Best fitness: 12837.5039 - w=0.875, c1=1.5, c2=1.5
Traditional PSO iteration: 400/1000 - Best fitness: 12641.4156
Traditional PSO iteration: 700/1000 - Best fitness: 12720.0991
PSO-LDIW iteration: 400/1000 - Best fitness: 12242.2782 - w=0.7, c1=1.5, c2=1.5
FIPS iteration: 200/1000 - Best fitness: 13021.8216
Traditional PSO iteration: 700/1000 - Best fitness: 12453.1711
Traditional PSO iteration: 550/1000 - Best fitness: 12663.253
Traditional PSO iteration: 300/1000 - Best fitness: 12350.9027
PSO-LDIW iteration: 150/1000 - Best fitness: 12638.6839 - w=0.825, c1=1.5, c2=1.5
PSO-LDIW iteration: 300/1000 - Best fitness: 12625.422 - w=0.75, c1=1.5, c2=1.5
PSO-LDIW iteration: 100/1000 - Best fitness: 12630.9405 - w=0.85, c1=1.5, c2=1.5
PSO-LDIW iteration: 100/1000 - Best fitness: 12717.094 - w=0.85, c1=1.5, c2=1.5
Traditional PSO iteration: 650/1000 - Best fitness: 12543.8607
Traditional PSO iteration: 750/1000 - Best fitness: 12453.1711
PSO-LDIW iteration: 300/1000 - Best fitness: 12455.286 - w=0.75, c1=1.5, c2=1.5
Traditional PSO iteration: 350/1000 - Best fitness: 12346.8598
Traditional PSO iteration: 550/1000 - Best fitness: 12557.2776
FIPS iteration: 250/1000 - Best fitness: 12894.7427
Traditional PSO iteration: 450/1000 - Best fitness: 12640.3402
PSO-LDIW iteration: 450/1000 - Best fitness: 12217.8709 - w=0.675, c1=1.5, c2=1.5
Traditional PSO iteration: 750/1000 - Best fitness: 12719.663
Traditional PSO iteration: 800/1000 - Best fitness: 12453.1711
PSO-LDIW iteration: 150/1000 - Best fitness: 12601.7886 - w=0.825, c1=1.5, c2=1.5
PSO-LDIW iteration: 200/1000 - Best fitness: 12606.4928 - w=0.8, c1=1.5, c2=1.5
Traditional PSO iteration: 600/1000 - Best fitness: 12634.4792
Traditional PSO iteration: 400/1000 - Best fitness: 12346.1932
PSO-LDIW iteration: 150/1000 - Best fitness: 12590.8801 - w=0.825, c1=1.5, c2=1.5
Traditional PSO iteration: 700/1000 - Best fitness: 12542.5734
PSO-LDIW iteration: 350/1000 - Best fitness: 12620.0821 - w=0.725, c1=1.5, c2=1.5
Traditional PSO iteration: 850/1000 - Best fitness: 12453.0603
Traditional PSO iteration: 600/1000 - Best fitness: 12553.5848
PSO-LDIW iteration: 350/1000 - Best fitness: 12408.2169 - w=0.725, c1=1.5, c2=1.5
FIPS iteration: 300/1000 - Best fitness: 12894.7427
PSO-LDIW iteration: 500/1000 - Best fitness: 12211.1768 - w=0.65, c1=1.5, c2=1.5
Traditional PSO iteration: 450/1000 - Best fitness: 12346.0048
Traditional PSO iteration: 650/1000 - Best fitness: 12552.1618
PSO-LDIW iteration: 200/1000 - Best fitness: 12578.0643 - w=0.8, c1=1.5, c2=1.5
Traditional PSO iteration: 900/1000 - Best fitness: 12453.0603
Traditional PSO iteration: 800/1000 - Best fitness: 12719.5876
PSO-LDIW iteration: 250/1000 - Best fitness: 12585.2195 - w=0.775, c1=1.5, c2=1.5
Traditional PSO iteration: 500/1000 - Best fitness: 12639.977
PSO-LDIW iteration: 400/1000 - Best fitness: 12610.4156 - w=0.7, c1=1.5, c2=1.5
PSO-LDIW iteration: 200/1000 - Best fitness: 12568.6688 - w=0.8, c1=1.5, c2=1.5
Traditional PSO iteration: 700/1000 - Best fitness: 12551.2312
Traditional PSO iteration: 750/1000 - Best fitness: 12542.1911
Traditional PSO iteration: 500/1000 - Best fitness: 12345.4624
Traditional PSO iteration: 650/1000 - Best fitness: 12632.3281
PSO-LDIW iteration: 400/1000 - Best fitness: 12363.1791 - w=0.7, c1=1.5, c2=1.5
FIPS iteration: 350/1000 - Best fitness: 12884.2641
Traditional PSO iteration: 950/1000 - Best fitness: 12453.0603
PSO-LDIW iteration: 450/1000 - Best fitness: 12605.7851 - w=0.675, c1=1.5, c2=1.5
Traditional PSO iteration: 750/1000 - Best fitness: 12551.1602
PSO-LDIW iteration: 550/1000 - Best fitness: 12209.617 - w=0.625, c1=1.5, c2=1.5
PSO-LDIW iteration: 300/1000 - Best fitness: 12582.3191 - w=0.75, c1=1.5, c2=1.5
Traditional PSO iteration: 550/1000 - Best fitness: 12345.4265
PSO-LDIW iteration: 250/1000 - Best fitness: 12550.7143 - w=0.775, c1=1.5, c2=1.5
PSO-LDIW iteration: 500/1000 - Best fitness: 12604.1475 - w=0.65, c1=1.5, c2=1.5
Traditional PSO iteration: 1000/1000 - Best fitness: 12453.0603
Traditional PSO completed with final fitness: 12453.0603

========== Planning Complete ==========
Algorithm: PSO
Execution time: 375.6194 seconds
Path length: 294.0563 units
Waypoints: 7
Best fitness: 12453.0603
========================================


========== Direct Global Planning ==========
Algorithm: PSO_LDIW
Start: [0.0, 0.0, 10.0]
Goal:  [200.0, 200.0, 10.0]
============================================

Starting PSO-LDIW (linearly decreasing inertia weight)...
Number of Initial feasible particles: 0/100
PSO-LDIW iteration: 1/1000 - Best fitness: 24586.62 - w=0.8995, c1=1.5, c2=1.5
PSO-LDIW iteration: 250/1000 - Best fitness: 12508.9325 - w=0.775, c1=1.5, c2=1.5
Traditional PSO iteration: 800/1000 - Best fitness: 12549.5903
Traditional PSO iteration: 850/1000 - Best fitness: 12719.5683
PSO-LDIW iteration: 450/1000 - Best fitness: 12338.8091 - w=0.675, c1=1.5, c2=1.5
FIPS iteration: 400/1000 - Best fitness: 12859.8843
Traditional PSO iteration: 800/1000 - Best fitness: 12541.8572
Traditional PSO iteration: 550/1000 - Best fitness: 12639.6683
PSO-LDIW iteration: 550/1000 - Best fitness: 12603.0905 - w=0.625, c1=1.5, c2=1.5
Traditional PSO iteration: 600/1000 - Best fitness: 12345.4141
Traditional PSO iteration: 850/1000 - Best fitness: 12548.5926
PSO-LDIW iteration: 350/1000 - Best fitness: 12577.8279 - w=0.725, c1=1.5, c2=1.5
Traditional PSO iteration: 700/1000 - Best fitness: 12632.1262
PSO-LDIW iteration: 600/1000 - Best fitness: 12209.1022 - w=0.6, c1=1.5, c2=1.5
PSO-LDIW iteration: 600/1000 - Best fitness: 12602.3819 - w=0.6, c1=1.5, c2=1.5
PSO-LDIW iteration: 50/1000 - Best fitness: 13236.8126 - w=0.875, c1=1.5, c2=1.5
Traditional PSO iteration: 900/1000 - Best fitness: 12548.361
Traditional PSO iteration: 650/1000 - Best fitness: 12345.4076
PSO-LDIW iteration: 300/1000 - Best fitness: 12538.4737 - w=0.75, c1=1.5, c2=1.5
PSO-LDIW iteration: 300/1000 - Best fitness: 12389.0917 - w=0.75, c1=1.5, c2=1.5
FIPS iteration: 450/1000 - Best fitness: 12788.9905
PSO-LDIW iteration: 500/1000 - Best fitness: 12329.4211 - w=0.65, c1=1.5, c2=1.5
PSO-LDIW iteration: 650/1000 - Best fitness: 12601.9362 - w=0.575, c1=1.5, c2=1.5
PSO-LDIW iteration: 400/1000 - Best fitness: 12575.6434 - w=0.7, c1=1.5, c2=1.5
Traditional PSO iteration: 950/1000 - Best fitness: 12548.1619
Traditional PSO iteration: 900/1000 - Best fitness: 12719.5618
Traditional PSO iteration: 850/1000 - Best fitness: 12541.4741
Traditional PSO iteration: 700/1000 - Best fitness: 12345.4028
PSO-LDIW iteration: 700/1000 - Best fitness: 12601.6359 - w=0.55, c1=1.5, c2=1.5
PSO-LDIW iteration: 100/1000 - Best fitness: 12790.3916 - w=0.85, c1=1.5, c2=1.5
PSO-LDIW iteration: 450/1000 - Best fitness: 12574.8127 - w=0.675, c1=1.5, c2=1.5
Traditional PSO iteration: 1000/1000 - Best fitness: 12548.1079
Traditional PSO completed with final fitness: 12548.1079

========== Planning Complete ==========
Algorithm: PSO
Execution time: 549.1875 seconds
Path length: 296.4868 units
Waypoints: 7
Best fitness: 12548.1079
========================================


========== Direct Global Planning ==========
Algorithm: PSO_LDIW
Start: [0.0, 0.0, 10.0]
Goal:  [200.0, 200.0, 10.0]
============================================

Starting PSO-LDIW (linearly decreasing inertia weight)...
Number of Initial feasible particles: 0/100
PSO-LDIW iteration: 1/1000 - Best fitness: 36970.1443 - w=0.8995, c1=1.5, c2=1.5
Traditional PSO iteration: 600/1000 - Best fitness: 12639.4602
PSO-LDIW iteration: 650/1000 - Best fitness: 12209.0339 - w=0.575, c1=1.5, c2=1.5
PSO-LDIW iteration: 750/1000 - Best fitness: 12601.4522 - w=0.525, c1=1.5, c2=1.5
FIPS iteration: 500/1000 - Best fitness: 12788.9905
Traditional PSO iteration: 750/1000 - Best fitness: 12631.8627
Traditional PSO iteration: 750/1000 - Best fitness: 12345.3998
PSO-LDIW iteration: 500/1000 - Best fitness: 12573.9619 - w=0.65, c1=1.5, c2=1.5
PSO-LDIW iteration: 550/1000 - Best fitness: 12327.208 - w=0.625, c1=1.5, c2=1.5
PSO-LDIW iteration: 350/1000 - Best fitness: 12338.9681 - w=0.725, c1=1.5, c2=1.5
PSO-LDIW iteration: 350/1000 - Best fitness: 12522.6893 - w=0.725, c1=1.5, c2=1.5
PSO-LDIW iteration: 800/1000 - Best fitness: 12601.4285 - w=0.5, c1=1.5, c2=1.5
PSO-LDIW iteration: 550/1000 - Best fitness: 12573.6478 - w=0.625, c1=1.5, c2=1.5
PSO-LDIW iteration: 150/1000 - Best fitness: 12743.976 - w=0.825, c1=1.5, c2=1.5
Traditional PSO iteration: 800/1000 - Best fitness: 12345.1282
Traditional PSO iteration: 950/1000 - Best fitness: 12719.5594
PSO-LDIW iteration: 50/1000 - Best fitness: 13450.241 - w=0.875, c1=1.5, c2=1.5
Traditional PSO iteration: 900/1000 - Best fitness: 12541.3044
PSO-LDIW iteration: 600/1000 - Best fitness: 12573.4604 - w=0.6, c1=1.5, c2=1.5
PSO-LDIW iteration: 850/1000 - Best fitness: 12601.4192 - w=0.475, c1=1.5, c2=1.5
FIPS iteration: 550/1000 - Best fitness: 12788.9905
PSO-LDIW iteration: 400/1000 - Best fitness: 12287.7073 - w=0.7, c1=1.5, c2=1.5
PSO-LDIW iteration: 700/1000 - Best fitness: 12209.0225 - w=0.55, c1=1.5, c2=1.5
PSO-LDIW iteration: 600/1000 - Best fitness: 12326.3732 - w=0.6, c1=1.5, c2=1.5
Traditional PSO iteration: 650/1000 - Best fitness: 12639.3927
PSO-LDIW iteration: 650/1000 - Best fitness: 12552.36 - w=0.575, c1=1.5, c2=1.5
PSO-LDIW iteration: 900/1000 - Best fitness: 12601.3916 - w=0.45, c1=1.5, c2=1.5
Traditional PSO iteration: 850/1000 - Best fitness: 12344.9862
Traditional PSO iteration: 800/1000 - Best fitness: 12631.4324
PSO-LDIW iteration: 400/1000 - Best fitness: 12508.8501 - w=0.7, c1=1.5, c2=1.5
PSO-LDIW iteration: 700/1000 - Best fitness: 12529.0404 - w=0.55, c1=1.5, c2=1.5
PSO-LDIW iteration: 950/1000 - Best fitness: 12601.3775 - w=0.425, c1=1.5, c2=1.5
FIPS iteration: 600/1000 - Best fitness: 12788.9905
PSO-LDIW iteration: 200/1000 - Best fitness: 12699.4916 - w=0.8, c1=1.5, c2=1.5
PSO-LDIW iteration: 450/1000 - Best fitness: 12256.4448 - w=0.675, c1=1.5, c2=1.5
PSO-LDIW iteration: 750/1000 - Best fitness: 12527.714 - w=0.525, c1=1.5, c2=1.5
PSO-LDIW iteration: 100/1000 - Best fitness: 13161.9497 - w=0.85, c1=1.5, c2=1.5
Traditional PSO iteration: 1000/1000 - Best fitness: 12719.559
Traditional PSO completed with final fitness: 12719.559

========== Planning Complete ==========
Algorithm: PSO
Execution time: 710.9070 seconds
Path length: 452.3726 units
Waypoints: 7
Best fitness: 12719.5590
========================================


========== Direct Global Planning ==========
Algorithm: PSO_LDIW
Start: [0.0, 0.0, 10.0]
Goal:  [200.0, 200.0, 10.0]
============================================

Starting PSO-LDIW (linearly decreasing inertia weight)...
Number of Initial feasible particles: 0/100
PSO-LDIW iteration: 1/1000 - Best fitness: 29916.6349 - w=0.8995, c1=1.5, c2=1.5
Traditional PSO iteration: 950/1000 - Best fitness: 12541.2645
Traditional PSO iteration: 900/1000 - Best fitness: 12344.2422
PSO-LDIW iteration: 1000/1000 - Best fitness: 12601.367 - w=0.4, c1=1.5, c2=1.5

========== Planning Complete ==========
Algorithm: PSO_LDIW
Execution time: 390.4709 seconds
Path length: 288.9614 units
Waypoints: 7
Best fitness: 12601.3670
========================================


========== Direct Global Planning ==========
Algorithm: FIPS
Start: [0.0, 0.0, 10.0]
Goal:  [200.0, 200.0, 10.0]
============================================

Starting FIPS (Fully Informed PSO) path planning...
Number of Initial feasible particles: 0/100
PSO-LDIW iteration: 650/1000 - Best fitness: 12322.3811 - w=0.575, c1=1.5, c2=1.5
PSO-LDIW iteration: 800/1000 - Best fitness: 12527.3496 - w=0.5, c1=1.5, c2=1.5
PSO-LDIW iteration: 750/1000 - Best fitness: 12209.0217 - w=0.525, c1=1.5, c2=1.5
Traditional PSO iteration: 700/1000 - Best fitness: 12639.2783
FIPS iteration: 650/1000 - Best fitness: 12701.8455
PSO-LDIW iteration: 500/1000 - Best fitness: 12227.364 - w=0.65, c1=1.5, c2=1.5
PSO-LDIW iteration: 850/1000 - Best fitness: 12527.2854 - w=0.475, c1=1.5, c2=1.5
Traditional PSO iteration: 950/1000 - Best fitness: 12343.0941
PSO-LDIW iteration: 50/1000 - Best fitness: 13454.1977 - w=0.875, c1=1.5, c2=1.5
Traditional PSO iteration: 850/1000 - Best fitness: 12631.3346
PSO-LDIW iteration: 450/1000 - Best fitness: 12502.7085 - w=0.675, c1=1.5, c2=1.5
PSO-LDIW iteration: 900/1000 - Best fitness: 12527.2485 - w=0.45, c1=1.5, c2=1.5
PSO-LDIW iteration: 250/1000 - Best fitness: 12674.2233 - w=0.775, c1=1.5, c2=1.5
PSO-LDIW iteration: 150/1000 - Best fitness: 12760.8688 - w=0.825, c1=1.5, c2=1.5
PSO-LDIW iteration: 550/1000 - Best fitness: 12220.7787 - w=0.625, c1=1.5, c2=1.5
Traditional PSO iteration: 1000/1000 - Best fitness: 12541.2422
Traditional PSO completed with final fitness: 12541.2422

========== Planning Complete ==========
Algorithm: PSO
Execution time: 637.1533 seconds
Path length: 328.8784 units
Waypoints: 7
Best fitness: 12541.2422
========================================


========== Direct Global Planning ==========
Algorithm: PSO_LDIW
Start: [0.0, 0.0, 10.0]
Goal:  [200.0, 200.0, 10.0]
============================================

Starting PSO-LDIW (linearly decreasing inertia weight)...
Number of Initial feasible particles: 0/100
PSO-LDIW iteration: 700/1000 - Best fitness: 12319.286 - w=0.55, c1=1.5, c2=1.5
PSO-LDIW iteration: 1/1000 - Best fitness: 35684.8962 - w=0.8995, c1=1.5, c2=1.5
Traditional PSO iteration: 1000/1000 - Best fitness: 12343.0569
Traditional PSO completed with final fitness: 12343.0569

========== Planning Complete ==========
Algorithm: PSO
Execution time: 422.4921 seconds
Path length: 292.9969 units
Waypoints: 7
Best fitness: 12343.0569
========================================


========== Direct Global Planning ==========
Algorithm: PSO_LDIW
Start: [0.0, 0.0, 10.0]
Goal:  [200.0, 200.0, 10.0]
============================================

Starting PSO-LDIW (linearly decreasing inertia weight)...
Number of Initial feasible particles: 0/100
FIPS iteration: 50/1000 - Best fitness: 13552.2137
PSO-LDIW iteration: 1/1000 - Best fitness: 53244.9008 - w=0.8995, c1=1.5, c2=1.5
FIPS iteration: 700/1000 - Best fitness: 12701.8455
PSO-LDIW iteration: 950/1000 - Best fitness: 12527.1462 - w=0.425, c1=1.5, c2=1.5
PSO-LDIW iteration: 600/1000 - Best fitness: 12219.9848 - w=0.6, c1=1.5, c2=1.5
PSO-LDIW iteration: 100/1000 - Best fitness: 13270.3666 - w=0.85, c1=1.5, c2=1.5
PSO-LDIW iteration: 800/1000 - Best fitness: 12209.0217 - w=0.5, c1=1.5, c2=1.5
Traditional PSO iteration: 750/1000 - Best fitness: 12639.2726
PSO-LDIW iteration: 1000/1000 - Best fitness: 12527.0683 - w=0.4, c1=1.5, c2=1.5

========== Planning Complete ==========
Algorithm: PSO_LDIW
Execution time: 364.8112 seconds
Path length: 291.1255 units
Waypoints: 7
Best fitness: 12527.0683
========================================


========== Direct Global Planning ==========
Algorithm: FIPS
Start: [0.0, 0.0, 10.0]
Goal:  [200.0, 200.0, 10.0]
============================================

Starting FIPS (Fully Informed PSO) path planning...
Number of Initial feasible particles: 0/100
PSO-LDIW iteration: 650/1000 - Best fitness: 12219.8088 - w=0.575, c1=1.5, c2=1.5
PSO-LDIW iteration: 50/1000 - Best fitness: 13074.7267 - w=0.875, c1=1.5, c2=1.5
PSO-LDIW iteration: 50/1000 - Best fitness: 12656.8967 - w=0.875, c1=1.5, c2=1.5
FIPS iteration: 750/1000 - Best fitness: 12701.8455
Traditional PSO iteration: 900/1000 - Best fitness: 12631.1679
PSO-LDIW iteration: 500/1000 - Best fitness: 12491.3331 - w=0.65, c1=1.5, c2=1.5
PSO-LDIW iteration: 300/1000 - Best fitness: 12584.6388 - w=0.75, c1=1.5, c2=1.5
PSO-LDIW iteration: 750/1000 - Best fitness: 12319.0091 - w=0.525, c1=1.5, c2=1.5
PSO-LDIW iteration: 700/1000 - Best fitness: 12219.7141 - w=0.55, c1=1.5, c2=1.5
FIPS iteration: 100/1000 - Best fitness: 13246.6254
PSO-LDIW iteration: 200/1000 - Best fitness: 12694.7918 - w=0.8, c1=1.5, c2=1.5
PSO-LDIW iteration: 150/1000 - Best fitness: 12894.9235 - w=0.825, c1=1.5, c2=1.5
PSO-LDIW iteration: 750/1000 - Best fitness: 12219.6886 - w=0.525, c1=1.5, c2=1.5
PSO-LDIW iteration: 100/1000 - Best fitness: 12726.47 - w=0.85, c1=1.5, c2=1.5
PSO-LDIW iteration: 850/1000 - Best fitness: 12209.0216 - w=0.475, c1=1.5, c2=1.5
Traditional PSO iteration: 800/1000 - Best fitness: 12639.2717
PSO-LDIW iteration: 100/1000 - Best fitness: 12432.052 - w=0.85, c1=1.5, c2=1.5
FIPS iteration: 800/1000 - Best fitness: 12701.8455
FIPS iteration: 50/1000 - Best fitness: 13422.633
PSO-LDIW iteration: 800/1000 - Best fitness: 12219.6543 - w=0.5, c1=1.5, c2=1.5
FIPS iteration: 150/1000 - Best fitness: 13155.5326
PSO-LDIW iteration: 850/1000 - Best fitness: 12219.6515 - w=0.475, c1=1.5, c2=1.5
PSO-LDIW iteration: 800/1000 - Best fitness: 12318.8193 - w=0.5, c1=1.5, c2=1.5
PSO-LDIW iteration: 250/1000 - Best fitness: 12678.7135 - w=0.775, c1=1.5, c2=1.5
Traditional PSO iteration: 950/1000 - Best fitness: 12630.2629
PSO-LDIW iteration: 200/1000 - Best fitness: 12749.7668 - w=0.8, c1=1.5, c2=1.5
PSO-LDIW iteration: 550/1000 - Best fitness: 12488.8386 - w=0.625, c1=1.5, c2=1.5
PSO-LDIW iteration: 150/1000 - Best fitness: 12229.5189 - w=0.825, c1=1.5, c2=1.5
PSO-LDIW iteration: 150/1000 - Best fitness: 12617.0529 - w=0.825, c1=1.5, c2=1.5
PSO-LDIW iteration: 350/1000 - Best fitness: 12568.4604 - w=0.725, c1=1.5, c2=1.5
FIPS iteration: 850/1000 - Best fitness: 12701.8455
PSO-LDIW iteration: 900/1000 - Best fitness: 12219.651 - w=0.45, c1=1.5, c2=1.5
PSO-LDIW iteration: 900/1000 - Best fitness: 12209.0216 - w=0.45, c1=1.5, c2=1.5
PSO-LDIW iteration: 950/1000 - Best fitness: 12219.6509 - w=0.425, c1=1.5, c2=1.5
FIPS iteration: 100/1000 - Best fitness: 13095.7651
Traditional PSO iteration: 850/1000 - Best fitness: 12639.2703
FIPS iteration: 200/1000 - Best fitness: 13155.5326
PSO-LDIW iteration: 1000/1000 - Best fitness: 12219.6499 - w=0.4, c1=1.5, c2=1.5

========== Planning Complete ==========
Algorithm: PSO_LDIW
Execution time: 412.5142 seconds
Path length: 287.8191 units
Waypoints: 7
Best fitness: 12219.6499
========================================


========== Direct Global Planning ==========
Algorithm: FIPS
Start: [0.0, 0.0, 10.0]
Goal:  [200.0, 200.0, 10.0]
============================================

Starting FIPS (Fully Informed PSO) path planning...
Number of Initial feasible particles: 0/100
PSO-LDIW iteration: 200/1000 - Best fitness: 12202.4164 - w=0.8, c1=1.5, c2=1.5
FIPS iteration: 900/1000 - Best fitness: 12701.8455
PSO-LDIW iteration: 850/1000 - Best fitness: 12318.8157 - w=0.475, c1=1.5, c2=1.5
PSO-LDIW iteration: 200/1000 - Best fitness: 12571.2967 - w=0.8, c1=1.5, c2=1.5
PSO-LDIW iteration: 300/1000 - Best fitness: 12625.8736 - w=0.75, c1=1.5, c2=1.5
PSO-LDIW iteration: 250/1000 - Best fitness: 12649.5887 - w=0.775, c1=1.5, c2=1.5
PSO-LDIW iteration: 400/1000 - Best fitness: 12565.2376 - w=0.7, c1=1.5, c2=1.5
Traditional PSO iteration: 1000/1000 - Best fitness: 12629.6257
Traditional PSO completed with final fitness: 12629.6257

========== Planning Complete ==========
Algorithm: PSO
Execution time: 854.7720 seconds
Path length: 293.2551 units
Waypoints: 7
Best fitness: 12629.6257
========================================


========== Direct Global Planning ==========
Algorithm: PSO_LDIW
Start: [0.0, 0.0, 10.0]
Goal:  [200.0, 200.0, 10.0]
============================================

Starting PSO-LDIW (linearly decreasing inertia weight)...
Number of Initial feasible particles: 0/100
PSO-LDIW iteration: 1/1000 - Best fitness: 13301.3987 - w=0.8995, c1=1.5, c2=1.5
PSO-LDIW iteration: 600/1000 - Best fitness: 12488.2987 - w=0.6, c1=1.5, c2=1.5
PSO-LDIW iteration: 950/1000 - Best fitness: 12209.0216 - w=0.425, c1=1.5, c2=1.5
FIPS iteration: 150/1000 - Best fitness: 12889.5481
PSO-LDIW iteration: 250/1000 - Best fitness: 12184.7255 - w=0.775, c1=1.5, c2=1.5
FIPS iteration: 950/1000 - Best fitness: 12701.8455
FIPS iteration: 250/1000 - Best fitness: 13155.5326
Traditional PSO iteration: 900/1000 - Best fitness: 12639.2702
FIPS iteration: 50/1000 - Best fitness: 13845.6923
PSO-LDIW iteration: 250/1000 - Best fitness: 12542.0135 - w=0.775, c1=1.5, c2=1.5
PSO-LDIW iteration: 900/1000 - Best fitness: 12318.8119 - w=0.45, c1=1.5, c2=1.5
PSO-LDIW iteration: 350/1000 - Best fitness: 12574.0119 - w=0.725, c1=1.5, c2=1.5
PSO-LDIW iteration: 50/1000 - Best fitness: 12528.1437 - w=0.875, c1=1.5, c2=1.5
PSO-LDIW iteration: 300/1000 - Best fitness: 12568.3537 - w=0.75, c1=1.5, c2=1.5
PSO-LDIW iteration: 300/1000 - Best fitness: 12155.7558 - w=0.75, c1=1.5, c2=1.5
FIPS iteration: 1000/1000 - Best fitness: 12701.8455
FIPS completed with final fitness: 12701.8455

========== Planning Complete ==========
Algorithm: FIPS
Execution time: 566.1083 seconds
Path length: 325.9168 units
Waypoints: 7
Best fitness: 12701.8455
========================================


========== Direct Global Planning ==========
Algorithm: CLPSO
Start: [0.0, 0.0, 10.0]
Goal:  [200.0, 200.0, 10.0]
============================================

Starting CLPSO (Comprehensive Learning PSO) path planning...
Number of Initial feasible particles: 0/100
PSO-LDIW iteration: 450/1000 - Best fitness: 12562.5588 - w=0.675, c1=1.5, c2=1.5
FIPS iteration: 300/1000 - Best fitness: 13155.5326
FIPS iteration: 200/1000 - Best fitness: 12840.942
PSO-LDIW iteration: 650/1000 - Best fitness: 12488.0661 - w=0.575, c1=1.5, c2=1.5
PSO-LDIW iteration: 1000/1000 - Best fitness: 12209.0216 - w=0.4, c1=1.5, c2=1.5

========== Planning Complete ==========
Algorithm: PSO_LDIW
Execution time: 684.6204 seconds
Path length: 287.1422 units
Waypoints: 7
Best fitness: 12209.0216
========================================


========== Direct Global Planning ==========
Algorithm: FIPS
Start: [0.0, 0.0, 10.0]
Goal:  [200.0, 200.0, 10.0]
============================================

Starting FIPS (Fully Informed PSO) path planning...
Number of Initial feasible particles: 0/100
Traditional PSO iteration: 950/1000 - Best fitness: 12639.2702
PSO-LDIW iteration: 300/1000 - Best fitness: 12525.1033 - w=0.75, c1=1.5, c2=1.5
FIPS iteration: 100/1000 - Best fitness: 13369.7071
PSO-LDIW iteration: 950/1000 - Best fitness: 12318.8064 - w=0.425, c1=1.5, c2=1.5
PSO-LDIW iteration: 350/1000 - Best fitness: 12149.7623 - w=0.725, c1=1.5, c2=1.5
PSO-LDIW iteration: 100/1000 - Best fitness: 12437.3368 - w=0.85, c1=1.5, c2=1.5
PSO-LDIW iteration: 400/1000 - Best fitness: 12497.5493 - w=0.7, c1=1.5, c2=1.5
CLPSO iteration: 50/1000 - Best fitness: 13940.6372 - w: 0.860
FIPS iteration: 350/1000 - Best fitness: 13028.0576
PSO-LDIW iteration: 350/1000 - Best fitness: 12520.5835 - w=0.725, c1=1.5, c2=1.5
FIPS iteration: 250/1000 - Best fitness: 12840.942
PSO-LDIW iteration: 500/1000 - Best fitness: 12561.6086 - w=0.65, c1=1.5, c2=1.5
PSO-LDIW iteration: 400/1000 - Best fitness: 12148.4118 - w=0.7, c1=1.5, c2=1.5
FIPS iteration: 50/1000 - Best fitness: 13827.6917
FIPS iteration: 150/1000 - Best fitness: 13037.7889
PSO-LDIW iteration: 350/1000 - Best fitness: 12521.6328 - w=0.725, c1=1.5, c2=1.5
PSO-LDIW iteration: 700/1000 - Best fitness: 12488.0345 - w=0.55, c1=1.5, c2=1.5
PSO-LDIW iteration: 150/1000 - Best fitness: 12182.6706 - w=0.825, c1=1.5, c2=1.5
FIPS iteration: 400/1000 - Best fitness: 12854.6377
Traditional PSO iteration: 1000/1000 - Best fitness: 12639.2702
Traditional PSO completed with final fitness: 12639.2702

========== Planning Complete ==========
Algorithm: PSO
Execution time: 763.4945 seconds
Path length: 299.0773 units
Waypoints: 7
Best fitness: 12639.2702
========================================


========== Direct Global Planning ==========
Algorithm: PSO_LDIW
Start: [0.0, 0.0, 10.0]
Goal:  [200.0, 200.0, 10.0]
============================================

Starting PSO-LDIW (linearly decreasing inertia weight)...
Number of Initial feasible particles: 0/100
PSO-LDIW iteration: 1/1000 - Best fitness: 35435.0634 - w=0.8995, c1=1.5, c2=1.5
PSO-LDIW iteration: 1000/1000 - Best fitness: 12318.8063 - w=0.4, c1=1.5, c2=1.5

========== Planning Complete ==========
Algorithm: PSO_LDIW
Execution time: 650.4682 seconds
Path length: 292.1016 units
Waypoints: 7
Best fitness: 12318.8063
========================================


========== Direct Global Planning ==========
Algorithm: FIPS
Start: [0.0, 0.0, 10.0]
Goal:  [200.0, 200.0, 10.0]
============================================

Starting FIPS (Fully Informed PSO) path planning...
Number of Initial feasible particles: 0/100
CLPSO iteration: 100/1000 - Best fitness: 13887.2955 - w: 0.820
PSO-LDIW iteration: 450/1000 - Best fitness: 12485.8866 - w=0.675, c1=1.5, c2=1.5
FIPS iteration: 300/1000 - Best fitness: 12840.942
PSO-LDIW iteration: 400/1000 - Best fitness: 12505.1011 - w=0.7, c1=1.5, c2=1.5
PSO-LDIW iteration: 450/1000 - Best fitness: 12147.9504 - w=0.675, c1=1.5, c2=1.5
PSO-LDIW iteration: 550/1000 - Best fitness: 12561.4564 - w=0.625, c1=1.5, c2=1.5
FIPS iteration: 450/1000 - Best fitness: 12854.6377
FIPS iteration: 200/1000 - Best fitness: 12902.9741
PSO-LDIW iteration: 500/1000 - Best fitness: 12147.6997 - w=0.65, c1=1.5, c2=1.5
FIPS iteration: 100/1000 - Best fitness: 13827.6917
PSO-LDIW iteration: 200/1000 - Best fitness: 12175.1318 - w=0.8, c1=1.5, c2=1.5
PSO-LDIW iteration: 400/1000 - Best fitness: 12514.6468 - w=0.7, c1=1.5, c2=1.5
PSO-LDIW iteration: 50/1000 - Best fitness: 13422.0814 - w=0.875, c1=1.5, c2=1.5
FIPS iteration: 350/1000 - Best fitness: 12830.998
CLPSO iteration: 150/1000 - Best fitness: 13798.7917 - w: 0.780
FIPS iteration: 50/1000 - Best fitness: 13782.0115
PSO-LDIW iteration: 750/1000 - Best fitness: 12487.9599 - w=0.525, c1=1.5, c2=1.5
PSO-LDIW iteration: 500/1000 - Best fitness: 12483.0113 - w=0.65, c1=1.5, c2=1.5
PSO-LDIW iteration: 550/1000 - Best fitness: 12147.6432 - w=0.625, c1=1.5, c2=1.5
PSO-LDIW iteration: 450/1000 - Best fitness: 12496.7896 - w=0.675, c1=1.5, c2=1.5
PSO-LDIW iteration: 600/1000 - Best fitness: 12560.6126 - w=0.6, c1=1.5, c2=1.5
FIPS iteration: 500/1000 - Best fitness: 12854.6377
FIPS iteration: 250/1000 - Best fitness: 12902.9741
PSO-LDIW iteration: 600/1000 - Best fitness: 12147.6157 - w=0.6, c1=1.5, c2=1.5
PSO-LDIW iteration: 250/1000 - Best fitness: 12155.5658 - w=0.775, c1=1.5, c2=1.5
FIPS iteration: 150/1000 - Best fitness: 13779.4101
FIPS iteration: 400/1000 - Best fitness: 12807.1249
PSO-LDIW iteration: 450/1000 - Best fitness: 12510.5229 - w=0.675, c1=1.5, c2=1.5
FIPS iteration: 550/1000 - Best fitness: 12854.6377
PSO-LDIW iteration: 100/1000 - Best fitness: 12888.2395 - w=0.85, c1=1.5, c2=1.5
CLPSO iteration: 200/1000 - Best fitness: 13786.8073 - w: 0.740
PSO-LDIW iteration: 650/1000 - Best fitness: 12147.5845 - w=0.575, c1=1.5, c2=1.5
FIPS iteration: 100/1000 - Best fitness: 13490.311
PSO-LDIW iteration: 650/1000 - Best fitness: 12558.6838 - w=0.575, c1=1.5, c2=1.5
FIPS iteration: 300/1000 - Best fitness: 12902.9741
PSO-LDIW iteration: 550/1000 - Best fitness: 12482.3943 - w=0.625, c1=1.5, c2=1.5
PSO-LDIW iteration: 500/1000 - Best fitness: 12495.5141 - w=0.65, c1=1.5, c2=1.5
PSO-LDIW iteration: 800/1000 - Best fitness: 12487.857 - w=0.5, c1=1.5, c2=1.5
PSO-LDIW iteration: 700/1000 - Best fitness: 12147.5747 - w=0.55, c1=1.5, c2=1.5
FIPS iteration: 600/1000 - Best fitness: 12854.6377
FIPS iteration: 450/1000 - Best fitness: 12761.6247
FIPS iteration: 200/1000 - Best fitness: 13680.1147
PSO-LDIW iteration: 300/1000 - Best fitness: 12148.3098 - w=0.75, c1=1.5, c2=1.5
PSO-LDIW iteration: 750/1000 - Best fitness: 12147.5744 - w=0.525, c1=1.5, c2=1.5
PSO-LDIW iteration: 500/1000 - Best fitness: 12507.7889 - w=0.65, c1=1.5, c2=1.5
CLPSO iteration: 250/1000 - Best fitness: 13683.128 - w: 0.700
FIPS iteration: 350/1000 - Best fitness: 12896.1673
PSO-LDIW iteration: 150/1000 - Best fitness: 12759.3643 - w=0.825, c1=1.5, c2=1.5
FIPS iteration: 150/1000 - Best fitness: 13403.0477
PSO-LDIW iteration: 800/1000 - Best fitness: 12147.5744 - w=0.5, c1=1.5, c2=1.5
PSO-LDIW iteration: 700/1000 - Best fitness: 12556.0251 - w=0.55, c1=1.5, c2=1.5
FIPS iteration: 650/1000 - Best fitness: 12854.6377
PSO-LDIW iteration: 600/1000 - Best fitness: 12480.9664 - w=0.6, c1=1.5, c2=1.5
PSO-LDIW iteration: 550/1000 - Best fitness: 12495.2302 - w=0.625, c1=1.5, c2=1.5
FIPS iteration: 500/1000 - Best fitness: 12643.7004
PSO-LDIW iteration: 850/1000 - Best fitness: 12147.5744 - w=0.475, c1=1.5, c2=1.5
PSO-LDIW iteration: 850/1000 - Best fitness: 12487.8546 - w=0.475, c1=1.5, c2=1.5
FIPS iteration: 250/1000 - Best fitness: 13433.3185
PSO-LDIW iteration: 350/1000 - Best fitness: 12143.7672 - w=0.725, c1=1.5, c2=1.5
FIPS iteration: 400/1000 - Best fitness: 12758.2245
PSO-LDIW iteration: 900/1000 - Best fitness: 12147.5744 - w=0.45, c1=1.5, c2=1.5
FIPS iteration: 700/1000 - Best fitness: 12854.6377
CLPSO iteration: 300/1000 - Best fitness: 13390.4901 - w: 0.660
PSO-LDIW iteration: 550/1000 - Best fitness: 12503.209 - w=0.625, c1=1.5, c2=1.5
FIPS iteration: 200/1000 - Best fitness: 13139.0253
PSO-LDIW iteration: 750/1000 - Best fitness: 12553.1283 - w=0.525, c1=1.5, c2=1.5
PSO-LDIW iteration: 200/1000 - Best fitness: 12722.3817 - w=0.8, c1=1.5, c2=1.5
PSO-LDIW iteration: 950/1000 - Best fitness: 12147.5743 - w=0.425, c1=1.5, c2=1.5
FIPS iteration: 550/1000 - Best fitness: 12643.7004
FIPS iteration: 450/1000 - Best fitness: 12758.2245
FIPS iteration: 750/1000 - Best fitness: 12845.6157
FIPS iteration: 300/1000 - Best fitness: 13433.3185
PSO-LDIW iteration: 650/1000 - Best fitness: 12478.3016 - w=0.575, c1=1.5, c2=1.5
PSO-LDIW iteration: 600/1000 - Best fitness: 12491.7025 - w=0.6, c1=1.5, c2=1.5
PSO-LDIW iteration: 1000/1000 - Best fitness: 12147.5743 - w=0.4, c1=1.5, c2=1.5

========== Planning Complete ==========
Algorithm: PSO_LDIW
Execution time: 390.5050 seconds
Path length: 308.1192 units
Waypoints: 7
Best fitness: 12147.5743
========================================


========== Direct Global Planning ==========
Algorithm: FIPS
Start: [0.0, 0.0, 10.0]
Goal:  [200.0, 200.0, 10.0]
============================================

Starting FIPS (Fully Informed PSO) path planning...
Number of Initial feasible particles: 0/100
PSO-LDIW iteration: 400/1000 - Best fitness: 12139.7673 - w=0.7, c1=1.5, c2=1.5
PSO-LDIW iteration: 900/1000 - Best fitness: 12487.8546 - w=0.45, c1=1.5, c2=1.5
FIPS iteration: 250/1000 - Best fitness: 13139.0253
CLPSO iteration: 350/1000 - Best fitness: 13390.4901 - w: 0.620
PSO-LDIW iteration: 600/1000 - Best fitness: 12502.1222 - w=0.6, c1=1.5, c2=1.5
PSO-LDIW iteration: 800/1000 - Best fitness: 12548.2339 - w=0.5, c1=1.5, c2=1.5
FIPS iteration: 600/1000 - Best fitness: 12605.1321
PSO-LDIW iteration: 250/1000 - Best fitness: 12686.0687 - w=0.775, c1=1.5, c2=1.5
FIPS iteration: 500/1000 - Best fitness: 12758.2245
FIPS iteration: 800/1000 - Best fitness: 12705.2262
FIPS iteration: 350/1000 - Best fitness: 13433.3185
FIPS iteration: 50/1000 - Best fitness: 13947.4416
FIPS iteration: 300/1000 - Best fitness: 13104.4037
FIPS iteration: 850/1000 - Best fitness: 12705.2262
PSO-LDIW iteration: 700/1000 - Best fitness: 12474.4225 - w=0.55, c1=1.5, c2=1.5
PSO-LDIW iteration: 650/1000 - Best fitness: 12490.2566 - w=0.575, c1=1.5, c2=1.5
PSO-LDIW iteration: 450/1000 - Best fitness: 12139.4239 - w=0.675, c1=1.5, c2=1.5
FIPS iteration: 550/1000 - Best fitness: 12749.5082
FIPS iteration: 650/1000 - Best fitness: 12590.4073
CLPSO iteration: 400/1000 - Best fitness: 13390.4901 - w: 0.580
PSO-LDIW iteration: 850/1000 - Best fitness: 12547.2577 - w=0.475, c1=1.5, c2=1.5
PSO-LDIW iteration: 650/1000 - Best fitness: 12498.8301 - w=0.575, c1=1.5, c2=1.5
PSO-LDIW iteration: 950/1000 - Best fitness: 12487.8545 - w=0.425, c1=1.5, c2=1.5
PSO-LDIW iteration: 300/1000 - Best fitness: 12675.8529 - w=0.75, c1=1.5, c2=1.5
FIPS iteration: 400/1000 - Best fitness: 13433.3185
FIPS iteration: 900/1000 - Best fitness: 12705.2262
FIPS iteration: 600/1000 - Best fitness: 12749.5082
FIPS iteration: 700/1000 - Best fitness: 12590.4073
FIPS iteration: 100/1000 - Best fitness: 13714.9372
FIPS iteration: 350/1000 - Best fitness: 13049.7495
PSO-LDIW iteration: 500/1000 - Best fitness: 12139.3838 - w=0.65, c1=1.5, c2=1.5
PSO-LDIW iteration: 700/1000 - Best fitness: 12490.0617 - w=0.55, c1=1.5, c2=1.5
CLPSO iteration: 450/1000 - Best fitness: 13390.4901 - w: 0.540
FIPS iteration: 950/1000 - Best fitness: 12705.2262
PSO-LDIW iteration: 750/1000 - Best fitness: 12473.5122 - w=0.525, c1=1.5, c2=1.5
PSO-LDIW iteration: 900/1000 - Best fitness: 12546.4523 - w=0.45, c1=1.5, c2=1.5
PSO-LDIW iteration: 700/1000 - Best fitness: 12498.6522 - w=0.55, c1=1.5, c2=1.5
FIPS iteration: 450/1000 - Best fitness: 13388.9937
FIPS iteration: 650/1000 - Best fitness: 12713.4693
FIPS iteration: 750/1000 - Best fitness: 12590.4073
PSO-LDIW iteration: 350/1000 - Best fitness: 12671.5575 - w=0.725, c1=1.5, c2=1.5
PSO-LDIW iteration: 1000/1000 - Best fitness: 12487.8544 - w=0.4, c1=1.5, c2=1.5

========== Planning Complete ==========
Algorithm: PSO_LDIW
Execution time: 789.9980 seconds
Path length: 287.0535 units
Waypoints: 7
Best fitness: 12487.8544
========================================


========== Direct Global Planning ==========
Algorithm: FIPS
Start: [0.0, 0.0, 10.0]
Goal:  [200.0, 200.0, 10.0]
============================================

Starting FIPS (Fully Informed PSO) path planning...
Number of Initial feasible particles: 0/100
FIPS iteration: 400/1000 - Best fitness: 13049.7495
FIPS iteration: 150/1000 - Best fitness: 13533.1126
FIPS iteration: 1000/1000 - Best fitness: 12705.2262
FIPS completed with final fitness: 12705.2262

========== Planning Complete ==========
Algorithm: FIPS
Execution time: 529.8323 seconds
Path length: 335.7040 units
Waypoints: 7
Best fitness: 12705.2262
========================================


========== Direct Global Planning ==========
Algorithm: CLPSO
Start: [0.0, 0.0, 10.0]
Goal:  [200.0, 200.0, 10.0]
============================================

Starting CLPSO (Comprehensive Learning PSO) path planning...
Number of Initial feasible particles: 0/100
FIPS iteration: 700/1000 - Best fitness: 12620.7465
PSO-LDIW iteration: 550/1000 - Best fitness: 12139.3806 - w=0.625, c1=1.5, c2=1.5
FIPS iteration: 500/1000 - Best fitness: 13256.7891
PSO-LDIW iteration: 950/1000 - Best fitness: 12546.1904 - w=0.425, c1=1.5, c2=1.5
CLPSO iteration: 500/1000 - Best fitness: 13390.4901 - w: 0.500
FIPS iteration: 800/1000 - Best fitness: 12590.4073
PSO-LDIW iteration: 750/1000 - Best fitness: 12489.5396 - w=0.525, c1=1.5, c2=1.5
PSO-LDIW iteration: 750/1000 - Best fitness: 12498.5256 - w=0.525, c1=1.5, c2=1.5
PSO-LDIW iteration: 800/1000 - Best fitness: 12473.4105 - w=0.5, c1=1.5, c2=1.5
FIPS iteration: 450/1000 - Best fitness: 12930.6858
FIPS iteration: 50/1000 - Best fitness: 13756.7898
PSO-LDIW iteration: 400/1000 - Best fitness: 12667.0831 - w=0.7, c1=1.5, c2=1.5
FIPS iteration: 200/1000 - Best fitness: 13397.9873
CLPSO iteration: 50/1000 - Best fitness: 14142.7398 - w: 0.860
FIPS iteration: 750/1000 - Best fitness: 12620.7465
FIPS iteration: 550/1000 - Best fitness: 13256.7891
FIPS iteration: 850/1000 - Best fitness: 12590.4073
PSO-LDIW iteration: 1000/1000 - Best fitness: 12546.1839 - w=0.4, c1=1.5, c2=1.5

========== Planning Complete ==========
Algorithm: PSO_LDIW
Execution time: 710.6874 seconds
Path length: 287.1041 units
Waypoints: 7
Best fitness: 12546.1839
========================================


========== Direct Global Planning ==========
Algorithm: FIPS
Start: [0.0, 0.0, 10.0]
Goal:  [200.0, 200.0, 10.0]
============================================

Starting FIPS (Fully Informed PSO) path planning...
Number of Initial feasible particles: 0/100
PSO-LDIW iteration: 600/1000 - Best fitness: 12139.3804 - w=0.6, c1=1.5, c2=1.5
PSO-LDIW iteration: 450/1000 - Best fitness: 12665.8469 - w=0.675, c1=1.5, c2=1.5
CLPSO iteration: 550/1000 - Best fitness: 13390.4901 - w: 0.460
FIPS iteration: 800/1000 - Best fitness: 12620.7465
FIPS iteration: 500/1000 - Best fitness: 12828.5033
PSO-LDIW iteration: 800/1000 - Best fitness: 12498.1104 - w=0.5, c1=1.5, c2=1.5
FIPS iteration: 250/1000 - Best fitness: 13382.8531
FIPS iteration: 100/1000 - Best fitness: 13640.9725
PSO-LDIW iteration: 800/1000 - Best fitness: 12489.2888 - w=0.5, c1=1.5, c2=1.5
CLPSO iteration: 100/1000 - Best fitness: 13605.8761 - w: 0.820
FIPS iteration: 900/1000 - Best fitness: 12590.4073
PSO-LDIW iteration: 500/1000 - Best fitness: 12665.1765 - w=0.65, c1=1.5, c2=1.5
FIPS iteration: 600/1000 - Best fitness: 13256.7891
PSO-LDIW iteration: 850/1000 - Best fitness: 12473.3623 - w=0.475, c1=1.5, c2=1.5
FIPS iteration: 850/1000 - Best fitness: 12620.7465
PSO-LDIW iteration: 550/1000 - Best fitness: 12664.2652 - w=0.625, c1=1.5, c2=1.5
FIPS iteration: 50/1000 - Best fitness: 13981.6923
FIPS iteration: 550/1000 - Best fitness: 12828.5033
CLPSO iteration: 600/1000 - Best fitness: 13376.673 - w: 0.420
FIPS iteration: 950/1000 - Best fitness: 12590.4073
PSO-LDIW iteration: 650/1000 - Best fitness: 12139.3803 - w=0.575, c1=1.5, c2=1.5
FIPS iteration: 300/1000 - Best fitness: 13274.7191
PSO-LDIW iteration: 850/1000 - Best fitness: 12497.9923 - w=0.475, c1=1.5, c2=1.5
FIPS iteration: 150/1000 - Best fitness: 13313.1157
FIPS iteration: 650/1000 - Best fitness: 13129.1373
PSO-LDIW iteration: 600/1000 - Best fitness: 12663.8823 - w=0.6, c1=1.5, c2=1.5
CLPSO iteration: 150/1000 - Best fitness: 13605.8761 - w: 0.780
FIPS iteration: 900/1000 - Best fitness: 12620.7465
PSO-LDIW iteration: 850/1000 - Best fitness: 12489.2543 - w=0.475, c1=1.5, c2=1.5
PSO-LDIW iteration: 650/1000 - Best fitness: 12663.6476 - w=0.575, c1=1.5, c2=1.5
PSO-LDIW iteration: 900/1000 - Best fitness: 12473.344 - w=0.45, c1=1.5, c2=1.5
FIPS iteration: 1000/1000 - Best fitness: 12451.493
FIPS completed with final fitness: 12451.493

========== Planning Complete ==========
Algorithm: FIPS
Execution time: 589.4097 seconds
Path length: 308.4235 units
Waypoints: 7
Best fitness: 12451.4930
========================================


========== Direct Global Planning ==========
Algorithm: CLPSO
Start: [0.0, 0.0, 10.0]
Goal:  [200.0, 200.0, 10.0]
============================================

Starting CLPSO (Comprehensive Learning PSO) path planning...
Number of Initial feasible particles: 0/100
FIPS iteration: 600/1000 - Best fitness: 12772.8305
FIPS iteration: 350/1000 - Best fitness: 13127.9692
PSO-LDIW iteration: 700/1000 - Best fitness: 12663.4159 - w=0.55, c1=1.5, c2=1.5
FIPS iteration: 700/1000 - Best fitness: 13129.1373
FIPS iteration: 950/1000 - Best fitness: 12591.0121
FIPS iteration: 200/1000 - Best fitness: 13251.8285
FIPS iteration: 100/1000 - Best fitness: 13627.6174
CLPSO iteration: 650/1000 - Best fitness: 13347.6246 - w: 0.380
PSO-LDIW iteration: 900/1000 - Best fitness: 12497.9917 - w=0.45, c1=1.5, c2=1.5
CLPSO iteration: 200/1000 - Best fitness: 13605.8761 - w: 0.740
PSO-LDIW iteration: 700/1000 - Best fitness: 12139.3803 - w=0.55, c1=1.5, c2=1.5
PSO-LDIW iteration: 750/1000 - Best fitness: 12663.2821 - w=0.525, c1=1.5, c2=1.5
CLPSO iteration: 50/1000 - Best fitness: 14111.3621 - w: 0.860
FIPS iteration: 650/1000 - Best fitness: 12701.0004
PSO-LDIW iteration: 800/1000 - Best fitness: 12663.2712 - w=0.5, c1=1.5, c2=1.5
FIPS iteration: 1000/1000 - Best fitness: 12591.0121
FIPS completed with final fitness: 12591.0121

========== Planning Complete ==========
Algorithm: FIPS
Execution time: 531.5579 seconds
Path length: 314.9589 units
Waypoints: 7
Best fitness: 12591.0121
========================================


========== Direct Global Planning ==========
Algorithm: CLPSO
Start: [0.0, 0.0, 10.0]
Goal:  [200.0, 200.0, 10.0]
============================================

Starting CLPSO (Comprehensive Learning PSO) path planning...
PSO-LDIW iteration: 900/1000 - Best fitness: 12489.2324 - w=0.45, c1=1.5, c2=1.5
Number of Initial feasible particles: 0/100
FIPS iteration: 750/1000 - Best fitness: 13129.1373
FIPS iteration: 400/1000 - Best fitness: 13100.0476
PSO-LDIW iteration: 950/1000 - Best fitness: 12473.2873 - w=0.425, c1=1.5, c2=1.5
FIPS iteration: 250/1000 - Best fitness: 12842.1933
PSO-LDIW iteration: 850/1000 - Best fitness: 12663.1534 - w=0.475, c1=1.5, c2=1.5
CLPSO iteration: 700/1000 - Best fitness: 13339.3392 - w: 0.340
FIPS iteration: 150/1000 - Best fitness: 13627.6174
PSO-LDIW iteration: 950/1000 - Best fitness: 12497.9911 - w=0.425, c1=1.5, c2=1.5
CLPSO iteration: 250/1000 - Best fitness: 13605.8761 - w: 0.700
PSO-LDIW iteration: 900/1000 - Best fitness: 12663.1324 - w=0.45, c1=1.5, c2=1.5
FIPS iteration: 700/1000 - Best fitness: 12701.0004
PSO-LDIW iteration: 750/1000 - Best fitness: 12139.3803 - w=0.525, c1=1.5, c2=1.5
FIPS iteration: 800/1000 - Best fitness: 13129.1373
CLPSO iteration: 100/1000 - Best fitness: 13872.892 - w: 0.820
CLPSO iteration: 50/1000 - Best fitness: 14072.4176 - w: 0.860
FIPS iteration: 450/1000 - Best fitness: 13075.766
PSO-LDIW iteration: 950/1000 - Best fitness: 12663.1119 - w=0.425, c1=1.5, c2=1.5
FIPS iteration: 300/1000 - Best fitness: 12842.1933
PSO-LDIW iteration: 950/1000 - Best fitness: 12489.173 - w=0.425, c1=1.5, c2=1.5
PSO-LDIW iteration: 1000/1000 - Best fitness: 12663.1106 - w=0.4, c1=1.5, c2=1.5

========== Planning Complete ==========
Algorithm: PSO_LDIW
Execution time: 456.8856 seconds
Path length: 311.7690 units
Waypoints: 7
Best fitness: 12663.1106
========================================


========== Direct Global Planning ==========
Algorithm: FIPS
Start: [0.0, 0.0, 10.0]
Goal:  [200.0, 200.0, 10.0]
============================================

Starting FIPS (Fully Informed PSO) path planning...
Number of Initial feasible particles: 0/100
PSO-LDIW iteration: 1000/1000 - Best fitness: 12497.988 - w=0.4, c1=1.5, c2=1.5

========== Planning Complete ==========
Algorithm: PSO_LDIW
Execution time: 686.6186 seconds
Path length: 286.6317 units
Waypoints: 7
Best fitness: 12497.9880
========================================


========== Direct Global Planning ==========
Algorithm: FIPS
Start: [0.0, 0.0, 10.0]
Goal:  [200.0, 200.0, 10.0]
============================================

Starting FIPS (Fully Informed PSO) path planning...
CLPSO iteration: 750/1000 - Best fitness: 13235.6248 - w: 0.300
FIPS iteration: 200/1000 - Best fitness: 13516.9653
Number of Initial feasible particles: 0/100
FIPS iteration: 750/1000 - Best fitness: 12701.0004
FIPS iteration: 850/1000 - Best fitness: 13129.1373
CLPSO iteration: 300/1000 - Best fitness: 13579.969 - w: 0.660
PSO-LDIW iteration: 1000/1000 - Best fitness: 12473.2181 - w=0.4, c1=1.5, c2=1.5

========== Planning Complete ==========
Algorithm: PSO_LDIW
Execution time: 804.1244 seconds
Path length: 308.5622 units
Waypoints: 7
Best fitness: 12473.2181
========================================


========== Direct Global Planning ==========
Algorithm: FIPS
Start: [0.0, 0.0, 10.0]
Goal:  [200.0, 200.0, 10.0]
============================================

Starting FIPS (Fully Informed PSO) path planning...
Number of Initial feasible particles: 0/100
FIPS iteration: 500/1000 - Best fitness: 12984.3207
CLPSO iteration: 150/1000 - Best fitness: 13872.892 - w: 0.780
CLPSO iteration: 100/1000 - Best fitness: 14072.1776 - w: 0.820
FIPS iteration: 350/1000 - Best fitness: 12799.6954
PSO-LDIW iteration: 800/1000 - Best fitness: 12139.3803 - w=0.5, c1=1.5, c2=1.5
FIPS iteration: 900/1000 - Best fitness: 13065.912
FIPS iteration: 800/1000 - Best fitness: 12560.0876
FIPS iteration: 50/1000 - Best fitness: 13778.2266
FIPS iteration: 550/1000 - Best fitness: 12948.611
PSO-LDIW iteration: 1000/1000 - Best fitness: 12489.083 - w=0.4, c1=1.5, c2=1.5

========== Planning Complete ==========
Algorithm: PSO_LDIW
Execution time: 756.3124 seconds
Path length: 286.7069 units
Waypoints: 7
Best fitness: 12489.0830
========================================


========== Direct Global Planning ==========
Algorithm: FIPS
Start: [0.0, 0.0, 10.0]
Goal:  [200.0, 200.0, 10.0]
============================================

Starting FIPS (Fully Informed PSO) path planning...
Number of Initial feasible particles: 0/100
CLPSO iteration: 350/1000 - Best fitness: 13579.969 - w: 0.620
FIPS iteration: 250/1000 - Best fitness: 13495.9053
CLPSO iteration: 800/1000 - Best fitness: 13140.6839 - w: 0.260
FIPS iteration: 50/1000 - Best fitness: 14075.9702
FIPS iteration: 50/1000 - Best fitness: 13898.8404
CLPSO iteration: 150/1000 - Best fitness: 13936.9365 - w: 0.780
CLPSO iteration: 200/1000 - Best fitness: 13725.1766 - w: 0.740
FIPS iteration: 400/1000 - Best fitness: 12799.6954
FIPS iteration: 950/1000 - Best fitness: 12989.0715
FIPS iteration: 850/1000 - Best fitness: 12560.0876
FIPS iteration: 600/1000 - Best fitness: 12948.611
PSO-LDIW iteration: 850/1000 - Best fitness: 12139.3803 - w=0.475, c1=1.5, c2=1.5
FIPS iteration: 300/1000 - Best fitness: 13358.7876
FIPS iteration: 50/1000 - Best fitness: 14083.3738
FIPS iteration: 100/1000 - Best fitness: 13673.9915
FIPS iteration: 100/1000 - Best fitness: 13883.1296
FIPS iteration: 450/1000 - Best fitness: 12764.5822
CLPSO iteration: 400/1000 - Best fitness: 13124.8385 - w: 0.580
FIPS iteration: 100/1000 - Best fitness: 13643.2855
CLPSO iteration: 850/1000 - Best fitness: 13140.6839 - w: 0.220
CLPSO iteration: 200/1000 - Best fitness: 13686.4211 - w: 0.740
CLPSO iteration: 250/1000 - Best fitness: 13725.1766 - w: 0.700
FIPS iteration: 1000/1000 - Best fitness: 12989.0715
FIPS completed with final fitness: 12989.0715

========== Planning Complete ==========
Algorithm: FIPS
Execution time: 583.4437 seconds
Path length: 309.4053 units
Waypoints: 7
Best fitness: 12989.0715
========================================


========== Direct Global Planning ==========
Algorithm: CLPSO
Start: [0.0, 0.0, 10.0]
Goal:  [200.0, 200.0, 10.0]
============================================

Starting CLPSO (Comprehensive Learning PSO) path planning...
Number of Initial feasible particles: 0/100
FIPS iteration: 900/1000 - Best fitness: 12515.8914
FIPS iteration: 650/1000 - Best fitness: 12948.611
FIPS iteration: 500/1000 - Best fitness: 12754.0976
FIPS iteration: 350/1000 - Best fitness: 13358.7876
FIPS iteration: 100/1000 - Best fitness: 13764.471
PSO-LDIW iteration: 900/1000 - Best fitness: 12139.3803 - w=0.45, c1=1.5, c2=1.5
FIPS iteration: 150/1000 - Best fitness: 13680.0267
FIPS iteration: 150/1000 - Best fitness: 13458.5366
FIPS iteration: 150/1000 - Best fitness: 13534.0787
FIPS iteration: 700/1000 - Best fitness: 12861.9165
CLPSO iteration: 450/1000 - Best fitness: 13124.8385 - w: 0.540
FIPS iteration: 950/1000 - Best fitness: 12515.8914
CLPSO iteration: 250/1000 - Best fitness: 13609.9032 - w: 0.700
CLPSO iteration: 900/1000 - Best fitness: 13067.3121 - w: 0.180
CLPSO iteration: 50/1000 - Best fitness: 14407.4315 - w: 0.860
CLPSO iteration: 300/1000 - Best fitness: 13725.1766 - w: 0.660
FIPS iteration: 550/1000 - Best fitness: 12754.0976
FIPS iteration: 750/1000 - Best fitness: 12671.595
FIPS iteration: 150/1000 - Best fitness: 13505.0508
FIPS iteration: 400/1000 - Best fitness: 13222.2045
FIPS iteration: 1000/1000 - Best fitness: 12455.4638
FIPS completed with final fitness: 12455.4638

========== Planning Complete ==========
Algorithm: FIPS
Execution time: 590.6414 seconds
Path length: 333.3966 units
Waypoints: 7
Best fitness: 12455.4638
========================================


========== Direct Global Planning ==========
Algorithm: CLPSO
Start: [0.0, 0.0, 10.0]
Goal:  [200.0, 200.0, 10.0]
============================================

Starting CLPSO (Comprehensive Learning PSO) path planning...
Number of Initial feasible particles: 0/100
FIPS iteration: 200/1000 - Best fitness: 13638.7763
FIPS iteration: 200/1000 - Best fitness: 13325.7843
FIPS iteration: 200/1000 - Best fitness: 13177.8414
CLPSO iteration: 500/1000 - Best fitness: 13124.8385 - w: 0.500
CLPSO iteration: 300/1000 - Best fitness: 13463.6337 - w: 0.660
PSO-LDIW iteration: 950/1000 - Best fitness: 12139.3803 - w=0.425, c1=1.5, c2=1.5
CLPSO iteration: 100/1000 - Best fitness: 14027.3498 - w: 0.820
CLPSO iteration: 950/1000 - Best fitness: 13067.3121 - w: 0.140
FIPS iteration: 600/1000 - Best fitness: 12639.5401
CLPSO iteration: 350/1000 - Best fitness: 13725.1766 - w: 0.620
FIPS iteration: 800/1000 - Best fitness: 12671.595
FIPS iteration: 200/1000 - Best fitness: 13346.1457
FIPS iteration: 450/1000 - Best fitness: 13222.2045
CLPSO iteration: 50/1000 - Best fitness: 14509.4661 - w: 0.860
FIPS iteration: 250/1000 - Best fitness: 13287.8001
FIPS iteration: 250/1000 - Best fitness: 13635.7065
FIPS iteration: 250/1000 - Best fitness: 13091.1918
FIPS iteration: 650/1000 - Best fitness: 12639.5401
FIPS iteration: 850/1000 - Best fitness: 12671.595
CLPSO iteration: 550/1000 - Best fitness: 13021.3532 - w: 0.460
CLPSO iteration: 150/1000 - Best fitness: 13968.6933 - w: 0.780
CLPSO iteration: 350/1000 - Best fitness: 13445.3464 - w: 0.620
CLPSO iteration: 1000/1000 - Best fitness: 13050.399 - w: 0.100
CLPSO completed with final fitness: 13050.399

========== Planning Complete ==========
Algorithm: CLPSO
Execution time: 707.9622 seconds
Path length: 317.1001 units
Waypoints: 7
Best fitness: 13050.3990
========================================


========== Direct Global Planning ==========
Algorithm: SAEPSO
Start: [0.0, 0.0, 10.0]
Goal:  [200.0, 200.0, 10.0]
============================================

Starting SAEPSO-FULL (All improvements enabled)...
  Stage 1: Tent map initialization in spherical coordinates...
  Stage 2: Opposition-based learning...
  Stage 3: Main optimization loop...
CLPSO iteration: 400/1000 - Best fitness: 13629.7373 - w: 0.580
PSO-LDIW iteration: 1000/1000 - Best fitness: 12139.3803 - w=0.4, c1=1.5, c2=1.5

========== Planning Complete ==========
Algorithm: PSO_LDIW
Execution time: 747.0276 seconds
Path length: 314.2395 units
Waypoints: 7
Best fitness: 12139.3803
========================================


========== Direct Global Planning ==========
Algorithm: FIPS
Start: [0.0, 0.0, 10.0]
Goal:  [200.0, 200.0, 10.0]
============================================

Starting FIPS (Fully Informed PSO) path planning...
Number of Initial feasible particles: 0/100
FIPS iteration: 250/1000 - Best fitness: 13346.1457
FIPS iteration: 300/1000 - Best fitness: 13548.86
Iteration: 50/1000 - Best fitness: 12176.6974
FIPS iteration: 500/1000 - Best fitness: 13222.2045
CLPSO iteration: 100/1000 - Best fitness: 14044.8086 - w: 0.820
FIPS iteration: 300/1000 - Best fitness: 13045.7669
FIPS iteration: 900/1000 - Best fitness: 12671.595
FIPS iteration: 700/1000 - Best fitness: 12492.8646
FIPS iteration: 300/1000 - Best fitness: 12942.0558
Iteration: 100/1000 - Best fitness: 12110.9299
CLPSO iteration: 600/1000 - Best fitness: 13019.9178 - w: 0.420
CLPSO iteration: 200/1000 - Best fitness: 13968.6933 - w: 0.740
Iteration: 150/1000 - Best fitness: 12108.8841
FIPS iteration: 950/1000 - Best fitness: 12653.9176
CLPSO iteration: 400/1000 - Best fitness: 13445.3464 - w: 0.580
FIPS iteration: 750/1000 - Best fitness: 12492.8646
FIPS iteration: 300/1000 - Best fitness: 13299.2987
FIPS iteration: 350/1000 - Best fitness: 13045.7669
FIPS iteration: 350/1000 - Best fitness: 13372.2264
CLPSO iteration: 450/1000 - Best fitness: 13536.1108 - w: 0.540
FIPS iteration: 50/1000 - Best fitness: 13943.367
Iteration: 200/1000 - Best fitness: 12108.0898
FIPS iteration: 550/1000 - Best fitness: 13198.8741
CLPSO iteration: 150/1000 - Best fitness: 13885.2241 - w: 0.780
FIPS iteration: 350/1000 - Best fitness: 12935.3979
Iteration: 250/1000 - Best fitness: 12108.0448
FIPS iteration: 1000/1000 - Best fitness: 12653.9176
FIPS completed with final fitness: 12653.9176

========== Planning Complete ==========
Algorithm: FIPS
Execution time: 535.2388 seconds
Path length: 310.4489 units
Waypoints: 7
Best fitness: 12653.9176
========================================


========== Direct Global Planning ==========
Algorithm: CLPSO
Start: [0.0, 0.0, 10.0]
Goal:  [200.0, 200.0, 10.0]
============================================

Starting CLPSO (Comprehensive Learning PSO) path planning...
Number of Initial feasible particles: 0/100
FIPS iteration: 800/1000 - Best fitness: 12492.8646
Iteration: 300/1000 - Best fitness: 12107.9504
CLPSO iteration: 650/1000 - Best fitness: 12922.4972 - w: 0.380
FIPS iteration: 350/1000 - Best fitness: 13279.3188
FIPS iteration: 400/1000 - Best fitness: 13045.7669
CLPSO iteration: 250/1000 - Best fitness: 13932.6711 - w: 0.700
FIPS iteration: 400/1000 - Best fitness: 13372.2264
CLPSO iteration: 450/1000 - Best fitness: 13412.0757 - w: 0.540
Iteration: 350/1000 - Best fitness: 12107.9504
FIPS iteration: 100/1000 - Best fitness: 13254.7873
FIPS iteration: 600/1000 - Best fitness: 13198.8741
FIPS iteration: 400/1000 - Best fitness: 12870.8472
CLPSO iteration: 500/1000 - Best fitness: 13510.7376 - w: 0.500
CLPSO iteration: 200/1000 - Best fitness: 13733.976 - w: 0.740
Iteration: 400/1000 - Best fitness: 12107.9504
FIPS iteration: 850/1000 - Best fitness: 12492.8646
CLPSO iteration: 50/1000 - Best fitness: 14192.6248 - w: 0.860
Iteration: 450/1000 - Best fitness: 12107.9504
FIPS iteration: 450/1000 - Best fitness: 13017.3963
FIPS iteration: 400/1000 - Best fitness: 13196.9296
FIPS iteration: 450/1000 - Best fitness: 13372.2264
CLPSO iteration: 700/1000 - Best fitness: 12922.493 - w: 0.340
Iteration: 500/1000 - Best fitness: 12107.9504
CLPSO iteration: 300/1000 - Best fitness: 13870.5475 - w: 0.660
FIPS iteration: 450/1000 - Best fitness: 12870.8472
FIPS iteration: 900/1000 - Best fitness: 12492.8646
FIPS iteration: 150/1000 - Best fitness: 13096.7207
FIPS iteration: 650/1000 - Best fitness: 13138.1805
CLPSO iteration: 500/1000 - Best fitness: 13345.0755 - w: 0.500
Iteration: 550/1000 - Best fitness: 12107.9504
CLPSO iteration: 550/1000 - Best fitness: 13460.5869 - w: 0.460
CLPSO iteration: 250/1000 - Best fitness: 13645.2226 - w: 0.700
FIPS iteration: 500/1000 - Best fitness: 13017.3963
CLPSO iteration: 100/1000 - Best fitness: 14175.4541 - w: 0.820
Iteration: 600/1000 - Best fitness: 12107.9504
FIPS iteration: 500/1000 - Best fitness: 13372.2264
FIPS iteration: 450/1000 - Best fitness: 13095.5898
FIPS iteration: 950/1000 - Best fitness: 12492.8646
Iteration: 650/1000 - Best fitness: 12107.9504
FIPS iteration: 500/1000 - Best fitness: 12870.8472
FIPS iteration: 200/1000 - Best fitness: 12948.5264
FIPS iteration: 700/1000 - Best fitness: 13107.1633
CLPSO iteration: 750/1000 - Best fitness: 12922.493 - w: 0.300
Iteration: 700/1000 - Best fitness: 12107.9384
CLPSO iteration: 350/1000 - Best fitness: 13828.8568 - w: 0.620
FIPS iteration: 550/1000 - Best fitness: 13017.3963
CLPSO iteration: 550/1000 - Best fitness: 13345.0748 - w: 0.460
Iteration: 750/1000 - Best fitness: 12107.9384
FIPS iteration: 1000/1000 - Best fitness: 12492.8646
FIPS completed with final fitness: 12492.8646

========== Planning Complete ==========
Algorithm: FIPS
Execution time: 535.3811 seconds
Path length: 322.2966 units
Waypoints: 7
Best fitness: 12492.8646
========================================


========== Direct Global Planning ==========
Algorithm: CLPSO
Start: [0.0, 0.0, 10.0]
Goal:  [200.0, 200.0, 10.0]
============================================

Starting CLPSO (Comprehensive Learning PSO) path planning...
FIPS iteration: 550/1000 - Best fitness: 13232.6163
Number of Initial feasible particles: 0/100
CLPSO iteration: 600/1000 - Best fitness: 13299.5486 - w: 0.420
CLPSO iteration: 300/1000 - Best fitness: 13641.7566 - w: 0.660
FIPS iteration: 500/1000 - Best fitness: 13095.5898
CLPSO iteration: 150/1000 - Best fitness: 13871.1237 - w: 0.780
Iteration: 800/1000 - Best fitness: 12107.9384
FIPS iteration: 550/1000 - Best fitness: 12707.9214
FIPS iteration: 250/1000 - Best fitness: 12948.5264
FIPS iteration: 750/1000 - Best fitness: 13107.1633
FIPS iteration: 600/1000 - Best fitness: 13009.0801
Iteration: 850/1000 - Best fitness: 12107.9384
CLPSO iteration: 800/1000 - Best fitness: 12922.493 - w: 0.260
FIPS iteration: 600/1000 - Best fitness: 13104.2411
CLPSO iteration: 400/1000 - Best fitness: 13612.8676 - w: 0.580
Iteration: 900/1000 - Best fitness: 12107.9384
CLPSO iteration: 50/1000 - Best fitness: 14265.0711 - w: 0.860
FIPS iteration: 550/1000 - Best fitness: 13095.5898
CLPSO iteration: 600/1000 - Best fitness: 13345.0748 - w: 0.420
FIPS iteration: 600/1000 - Best fitness: 12685.8134
Iteration: 950/1000 - Best fitness: 12107.9384
CLPSO iteration: 650/1000 - Best fitness: 13265.6123 - w: 0.380
FIPS iteration: 300/1000 - Best fitness: 12948.5264
CLPSO iteration: 200/1000 - Best fitness: 13716.7861 - w: 0.740
CLPSO iteration: 350/1000 - Best fitness: 13420.4883 - w: 0.620
FIPS iteration: 650/1000 - Best fitness: 12973.8623
FIPS iteration: 800/1000 - Best fitness: 13105.5498
Iteration: 1000/1000 - Best fitness: 12107.9377
SAEPSO-FULL completed with final fitness: 12107.9377

========== Planning Complete ==========
Algorithm: SAEPSO
Execution time: 225.7652 seconds
Path length: 364.2113 units
Waypoints: 7
Best fitness: 12107.9377
========================================


========== Direct Global Planning ==========
Algorithm: SAEPSO
Start: [0.0, 0.0, 10.0]
Goal:  [200.0, 200.0, 10.0]
============================================

Starting SAEPSO-ParamsOnly (Parameter control strategy only)...
  Initialization: Random Cartesian coordinates...
  Stage 3: Main optimization loop...
FIPS iteration: 650/1000 - Best fitness: 13104.2411
Iteration: 50/1000 - Best fitness: 13145.8619
Iteration: 100/1000 - Best fitness: 12855.0501
FIPS iteration: 600/1000 - Best fitness: 13058.3471
Iteration: 150/1000 - Best fitness: 12764.6289
CLPSO iteration: 850/1000 - Best fitness: 12879.5285 - w: 0.220
CLPSO iteration: 100/1000 - Best fitness: 14186.9314 - w: 0.820
FIPS iteration: 650/1000 - Best fitness: 12685.8134
CLPSO iteration: 450/1000 - Best fitness: 13612.8676 - w: 0.540
Iteration: 200/1000 - Best fitness: 12675.7008
FIPS iteration: 700/1000 - Best fitness: 12956.9727
FIPS iteration: 350/1000 - Best fitness: 12891.0334
Iteration: 250/1000 - Best fitness: 12495.196
CLPSO iteration: 650/1000 - Best fitness: 13268.1822 - w: 0.380
Iteration: 300/1000 - Best fitness: 12397.9069
FIPS iteration: 850/1000 - Best fitness: 13105.5498
Iteration: 350/1000 - Best fitness: 12295.9337
CLPSO iteration: 250/1000 - Best fitness: 13642.4991 - w: 0.700
CLPSO iteration: 700/1000 - Best fitness: 13152.3205 - w: 0.340
FIPS iteration: 700/1000 - Best fitness: 13104.2411
CLPSO iteration: 400/1000 - Best fitness: 13419.0837 - w: 0.580
Iteration: 400/1000 - Best fitness: 12254.3412
Iteration: 450/1000 - Best fitness: 12245.5794
[Warning: A worker aborted during execution of the parfor loop. The parfor loop
will now run again on the remaining workers.] 
[> In parallel.internal.parfor/ParforEngine/handleIntervalErrorResult (line 285)
In parallel.internal.parfor/ParforEngine/getCompleteIntervals (line 227)
In parallel_function>distributed_execution (line 742)
In parallel_function (line 574)
In compare_algorithms>executeScenario (line 111)
In compare_algorithms (line 59)
In run_comparison (line 30)
In run (line 112)] 
Parallel pool using the 'Processes' profile is shutting down.

ERROR OCCURRED
Log file: /Users/hust-hwashin621m/Desktop/vietanhpaper-2/outputs/logs/run_comparison_2026-03-11_09-52-56.log
Error: The parallel pool that parfor was using has shut down. To start a new parallel pool, run your parfor code again or use parpool.
  1. ParforEngine.rebuildParforController (line 134)
  2. ParforEngine.handleIntervalErrorResult (line 304)
  3. ParforEngine.getCompleteIntervals (line 227)
  4. executeScenario (line 111)
  5. compare_algorithms (line 59)
  6. run_comparison (line 30)
  7. run (line 112)

